model,slice_value,mae,rmse,wape,bias,n,slice,interval_coverage,mean_interval_width
daily_weekly_ensemble,1,4.908186861962983,6.95557844787224,0.11112521313597336,-0.17629131403836337,264,horizon_step,,
daily_weekly_ensemble,2,4.858749700315071,6.874657296258386,0.11376267386739448,-0.15168446483034076,264,horizon_step,,
daily_weekly_ensemble,3,5.2333040092930645,7.430960148996372,0.11079678999594404,-0.09915181362267697,264,horizon_step,,
daily_weekly_ensemble,4,5.5542902801976055,7.623433688331041,0.12354224126614281,-0.09339909120039507,264,horizon_step,,
daily_weekly_ensemble,5,5.683838345787742,8.112214354579736,0.12128687973840353,-0.2019492279399525,264,horizon_step,,
daily_weekly_ensemble,6,5.381112091469042,7.7370586642486,0.1241844710080282,-0.21298747351675323,264,horizon_step,,
daily_weekly_ensemble,7,5.031991113315929,7.526987497233446,0.11890772117567286,-0.19100385001211456,264,horizon_step,,
daily_weekly_ensemble,8,4.984466993447506,7.1742031506835495,0.12568323393947167,-0.180289701981978,264,horizon_step,,
daily_weekly_ensemble,9,4.71157964070638,6.724572867995198,0.12613144048308464,-0.19314997123949457,264,horizon_step,,
daily_weekly_ensemble,10,4.982246528972279,6.971988060641287,0.13875196610074986,-0.13997033870581424,264,horizon_step,,
daily_weekly_ensemble,11,4.75368031949708,6.651332372459748,0.13559706262163304,-0.12790675235517096,264,horizon_step,,
daily_weekly_ensemble,12,5.017874515417851,7.2190257379159375,0.14591831712989356,-0.1805355910098914,264,horizon_step,,
daily_weekly_ensemble,13,4.7932167956323335,6.9903074361382584,0.1352020964556051,-0.1927569598862619,264,horizon_step,,
daily_weekly_ensemble,14,4.877545197804769,7.02173296522759,0.1346192112834867,-0.1966928496505275,264,horizon_step,,
daily_weekly_ensemble,15,4.928065007383173,7.170681615487296,0.1363565805995852,-0.21653544902801514,264,horizon_step,,
daily_weekly_ensemble,16,4.905300750876918,7.131246374435359,0.13678129997882002,-0.15809796434460263,264,horizon_step,,
daily_weekly_ensemble,17,5.180034225637263,7.197972702358941,0.13693369883106163,-0.16844488635207666,264,horizon_step,,
daily_weekly_ensemble,18,4.992884502266392,6.859216060704776,0.13281526930987433,-0.14194440480434534,264,horizon_step,,
daily_weekly_ensemble,19,4.854831272905523,7.016312377358646,0.12842323827873187,-0.16294713815053305,264,horizon_step,,
daily_weekly_ensemble,20,5.087554909966209,7.147957351991723,0.1345842719196419,-0.2076733329079368,264,horizon_step,,
daily_weekly_ensemble,21,4.7658181334986836,6.782149055647179,0.12579664080744946,-0.20429800495956885,264,horizon_step,,
daily_weekly_ensemble,22,5.065410350308274,7.407627768844171,0.131517430323202,-0.18487700187798703,264,horizon_step,,
daily_weekly_ensemble,23,4.968426563523033,7.177087648708592,0.13204136426188784,-0.1759848775285663,264,horizon_step,,
daily_weekly_ensemble,24,4.968734210187739,7.205370150131758,0.1319829918630817,-0.21274467309316,264,horizon_step,,
daily_weekly_ensemble,25,4.928389018232172,7.269383636935514,0.13312161973106643,-0.2175719774130619,264,horizon_step,,
daily_weekly_ensemble,26,4.439582087776878,6.625529268927745,0.11953067927938224,-0.22332849647059586,264,horizon_step,,
daily_weekly_ensemble,27,4.812978657809171,7.112706624023153,0.12762185459503705,-0.20653057820869214,264,horizon_step,,
daily_weekly_ensemble,28,4.80557348872676,7.086220987234986,0.12579411872656526,-0.1634073727058642,264,horizon_step,,
daily_weekly_ensemble,29,4.729260394067476,7.025027545231629,0.12333766148016702,-0.13707641399267947,264,horizon_step,,
daily_weekly_ensemble,30,4.7163139437184185,6.8676175220022095,0.12672134444300068,-0.11820671413884018,264,horizon_step,,
daily_weekly_ensemble,31,4.695939403591734,7.130250779962627,0.12815165812791418,-0.10068409370653557,264,horizon_step,,
daily_weekly_ensemble,32,4.8519254164262255,7.074365571074773,0.1348366118789642,-0.1063201499707771,264,horizon_step,,
daily_weekly_ensemble,33,4.498546188527888,6.600229387734128,0.1279536388539795,-0.06686971404335716,264,horizon_step,,
daily_weekly_ensemble,34,4.673297426917336,6.7229495426476635,0.13633797043714607,-0.06617983904751865,264,horizon_step,,
daily_weekly_ensemble,35,4.523600076184128,6.561768101090457,0.1348456884100545,-0.08188992196863348,264,horizon_step,,
daily_weekly_ensemble,36,4.610253460479505,6.935981361953648,0.13966691979896084,-0.0595540747498021,264,horizon_step,,
daily_weekly_ensemble,37,4.758174997387511,7.093484718648944,0.14593003628366158,0.010968526204427084,264,horizon_step,,
daily_weekly_ensemble,38,4.9392036596934,7.332276190286643,0.14898264168548228,-0.05708245797590776,264,horizon_step,,
daily_weekly_ensemble,39,4.8455930550893145,7.317281781555384,0.14452398661188307,-0.06427823413502086,264,horizon_step,,
daily_weekly_ensemble,40,5.106787248091265,7.4570088392657805,0.15132558285982492,-0.09134873476895419,264,horizon_step,,
daily_weekly_ensemble,41,5.702726833748095,8.721829698497253,0.19150168835601272,-0.04818464047981031,264,horizon_step,,
daily_weekly_ensemble,42,5.5377054828586,8.708056947672247,0.19031937298979099,-0.010077328392953583,264,horizon_step,,
daily_weekly_ensemble,43,5.058402863415805,7.898600796342316,0.17474497780072518,-0.03816901553760876,264,horizon_step,,
daily_weekly_ensemble,44,5.131097168633432,7.492688183044694,0.17534588738684567,-0.04619249069329464,264,horizon_step,,
daily_weekly_ensemble,45,5.242532004009593,7.2624300980959315,0.1530104574152202,-0.08725775010658032,264,horizon_step,,
daily_weekly_ensemble,46,5.312881523912603,7.584657761210695,0.154062276915942,-0.08556241338903253,264,horizon_step,,
daily_weekly_ensemble,47,5.37327854199843,8.019031002137055,0.16485398683198862,-0.0687775792497577,264,horizon_step,,
daily_weekly_ensemble,48,5.404333316918575,7.9841253981329805,0.17016768044908162,-0.08360068003336589,264,horizon_step,,
daily_weekly_ensemble,49,5.43935890270002,7.9753307224467465,0.17089626541124775,-0.10439260439439253,264,horizon_step,,
daily_weekly_ensemble,50,5.195530764984362,7.729145534750101,0.16594430674810562,-0.04786275011120421,264,horizon_step,,
daily_weekly_ensemble,51,5.599753152240407,8.224234000216182,0.18003736864543637,-0.02122948747692686,264,horizon_step,,
daily_weekly_ensemble,52,5.685149358980583,8.260788583478211,0.18231526390796943,-0.025142879197091766,264,horizon_step,,
daily_weekly_ensemble,53,5.147228573307847,7.53144166763995,0.1655876863920484,-0.040508841023300636,264,horizon_step,,
daily_weekly_ensemble,54,5.27809177384232,7.921719245836912,0.17130489042702346,-0.04853659326379949,264,horizon_step,,
daily_weekly_ensemble,55,5.359909277973753,8.07693254103432,0.1742746612813813,-0.063881516456604,264,horizon_step,,
daily_weekly_ensemble,56,5.259701382030141,7.88686168285687,0.17004555094367557,-0.10075758442734227,264,horizon_step,,
daily_weekly_ensemble,57,5.255712599465341,7.541556046797381,0.16564240398428534,-0.13762677438331372,264,horizon_step,,
daily_weekly_ensemble,58,5.320316202712782,7.735731471352156,0.16457448075926093,-0.08056969714887215,264,horizon_step,,
daily_weekly_ensemble,59,5.194635228677229,7.300325798298834,0.15941648072157344,-0.07033091241663153,264,horizon_step,,
daily_weekly_ensemble,60,4.89789706287962,7.039543370192748,0.14955573044759995,-0.037085533142089844,264,horizon_step,,
daily_weekly_ensemble,61,4.77114457433874,6.801522755668178,0.14219675264044224,-0.07219533848040031,264,horizon_step,,
daily_weekly_ensemble,62,4.9202624992890795,6.718712230690157,0.14090272115058824,-0.05000592361796986,264,horizon_step,,
daily_weekly_ensemble,63,5.068489186691515,6.953690298948003,0.14004326749171792,-0.03713699904355136,264,horizon_step,,
daily_weekly_ensemble,64,5.034199537652912,6.9592733897127035,0.1352902653475826,-0.055268081751736725,264,horizon_step,,
daily_weekly_ensemble,65,4.861021027420506,6.8896254348913,0.12612228782488671,-0.09713775461370294,264,horizon_step,,
daily_weekly_ensemble,66,4.907821583025383,6.567224657612624,0.12360730208937254,-0.11468280445445668,264,horizon_step,,
daily_weekly_ensemble,67,5.299282160672274,6.9235023769883375,0.1306969224893752,-0.11409912687359434,264,horizon_step,,
daily_weekly_ensemble,68,5.1776098879900845,7.0629758736473915,0.12361357823230787,-0.20684199260942865,264,horizon_step,,
daily_weekly_ensemble,69,5.340619813312184,7.315079242988568,0.1260723966930018,-0.24734049493616278,264,horizon_step,,
daily_weekly_ensemble,70,5.65795915777033,7.625225691831165,0.1337369980654892,-0.209001772331469,264,horizon_step,,
daily_weekly_ensemble,71,5.2665274359963155,7.072622310401662,0.12546023989601582,-0.1551710186582623,264,horizon_step,,
daily_weekly_ensemble,72,5.078317573576262,6.7230480293670585,0.11610749986174805,-0.14484462954781271,264,horizon_step,,
daily_weekly_ensemble,73,5.347505807876587,7.117831061844033,0.11863530000378525,-0.15501978180625223,264,horizon_step,,
daily_weekly_ensemble,74,5.793014764785767,7.9190443866768945,0.12917199242361474,-0.17167885375745368,264,horizon_step,,
daily_weekly_ensemble,75,5.4980286179166855,7.403656265943701,0.12295618860137657,-0.18295582135518393,264,horizon_step,,
daily_weekly_ensemble,76,5.646622209837942,7.365534845011239,0.12521584965936694,-0.23169234304717093,264,horizon_step,,
daily_weekly_ensemble,77,5.44670870809844,7.287285766836098,0.11691353503758097,-0.20583502451578775,264,horizon_step,,
daily_weekly_ensemble,78,5.895532340714426,7.919532786468613,0.12460746856573528,-0.20725570303021054,264,horizon_step,,
daily_weekly_ensemble,79,5.833585717461326,7.909097675984269,0.1220445815006498,-0.1483015219370524,264,horizon_step,,
daily_weekly_ensemble,80,5.632639942747174,7.628425573205248,0.12058285586289412,-0.22631812818122632,264,horizon_step,,
daily_weekly_ensemble,81,5.839585744973385,7.735433473680014,0.12363273927809307,-0.1823665662245317,264,horizon_step,,
daily_weekly_ensemble,82,5.129145846222386,6.854851251621604,0.11243401959183749,-0.13908092180887857,264,horizon_step,,
daily_weekly_ensemble,83,5.198340141411983,6.916393422254197,0.11286819990798577,-0.11898677999323065,264,horizon_step,,
daily_weekly_ensemble,84,5.289674318198002,7.016703762787575,0.10873193869148848,-0.07865000493598706,264,horizon_step,,
daily_weekly_ensemble,85,4.960088245796435,6.707748210703195,0.10561700067121703,-0.04442344289837462,264,horizon_step,,
daily_weekly_ensemble,86,5.515343442107692,7.508284192084233,0.11883757598457523,-0.11406166625745369,264,horizon_step,,
daily_weekly_ensemble,87,5.481497858509873,7.125461122019665,0.1171157826322129,-0.12220824126041296,264,horizon_step,,
daily_weekly_ensemble,88,5.104540254130508,6.913224797694552,0.11154604204306645,-0.0941083575740005,264,horizon_step,,
daily_weekly_ensemble,89,5.210400393514922,7.04361535335882,0.11597559030068329,-0.11667305050474225,264,horizon_step,,
daily_weekly_ensemble,90,5.313035213586056,7.2467651568684195,0.12331557234577255,-0.11300396196769946,264,horizon_step,,
daily_weekly_ensemble,91,5.6177027442238545,7.637912569328697,0.13592622548025854,-0.12204541582049745,264,horizon_step,,
daily_weekly_ensemble,92,5.426029180035447,7.636542638968215,0.13062997331868406,-0.16772067546844482,264,horizon_step,,
daily_weekly_ensemble,93,5.288215763641126,7.245162965959579,0.12003978528789558,-0.10492468241489294,264,horizon_step,,
daily_weekly_ensemble,94,5.055853663068829,7.083095177655342,0.11398750453975179,-0.1254983309543494,264,horizon_step,,
daily_weekly_ensemble,95,5.254199093038386,7.259047223267349,0.1174876233048488,-0.12806453849330093,264,horizon_step,,
daily_weekly_ensemble,96,5.390849994890617,7.640988929310582,0.11616677936955162,-0.09941976720636542,264,horizon_step,,
historical_quarter_hour_mean,1,16.742443135290436,19.14574749805714,0.3790620883333629,3.4839025482986914,264,horizon_step,,
historical_quarter_hour_mean,2,15.779901692361543,18.136632361922565,0.36947032068173075,3.8274870352311567,264,horizon_step,,
historical_quarter_hour_mean,3,12.542767690889763,14.658229634141653,0.2655489525064207,4.221182237971913,264,horizon_step,,
historical_quarter_hour_mean,4,15.187154032967307,17.439221218916984,0.3378028430340103,4.151936921206388,264,horizon_step,,
historical_quarter_hour_mean,5,21.938302502487645,24.164382960810556,0.4681393268786154,3.2743609457304985,264,horizon_step,,
historical_quarter_hour_mean,6,23.419609647808652,25.480936964397333,0.5404741224287807,3.0982024163910835,264,horizon_step,,
historical_quarter_hour_mean,7,25.182091265013725,27.18973460977494,0.595061680223719,3.808108835509329,264,horizon_step,,
historical_quarter_hour_mean,8,22.96921133633816,24.98794623510178,0.5791681970379481,3.488692937475262,264,horizon_step,,
historical_quarter_hour_mean,9,20.872390284682766,22.911587697670758,0.5587647569802041,3.342258337772254,264,horizon_step,,
historical_quarter_hour_mean,10,20.117985342488144,22.25601304783831,0.5602713563096405,3.6101403597629433,264,horizon_step,,
historical_quarter_hour_mean,11,19.191684531443048,21.246537646676597,0.5474360651790792,3.7626074408039902,264,horizon_step,,
historical_quarter_hour_mean,12,19.129610202529214,21.233052698466455,0.5562834462135732,3.7735008723808057,264,horizon_step,,
historical_quarter_hour_mean,13,18.56685988108317,20.808902496338252,0.5237147593255792,4.1207577387491865,264,horizon_step,,
historical_quarter_hour_mean,14,19.182507287372243,21.42090180823031,0.5294331260380766,3.3857617558855,264,horizon_step,,
historical_quarter_hour_mean,15,19.203752524925,21.507113050126275,0.5313562270498317,2.9946003032453135,264,horizon_step,,
historical_quarter_hour_mean,16,19.2342541253928,21.51639480711425,0.5363353680044769,3.3430833635908184,264,horizon_step,,
historical_quarter_hour_mean,17,19.62368244113344,21.805388425995407,0.5187501287252554,3.3105691996487705,264,horizon_step,,
historical_quarter_hour_mean,18,20.018994750398576,22.394236243621165,0.5325234697258149,3.53494558912335,264,horizon_step,,
historical_quarter_hour_mean,19,20.05751842802221,22.557048185261472,0.5305748693549043,3.679380348234466,264,horizon_step,,
historical_quarter_hour_mean,20,20.445785276817553,22.89787873860063,0.5408651452420591,3.0796443332325327,264,horizon_step,,
historical_quarter_hour_mean,21,21.289756269165963,23.7612578858569,0.5619559427678602,2.292149529312596,264,horizon_step,,
historical_quarter_hour_mean,22,21.995737780224193,24.450754006528875,0.5710934970435326,2.0107508681037207,264,horizon_step,,
historical_quarter_hour_mean,23,21.073453726190507,23.51304029365248,0.5600500569224243,2.3960554202397666,264,horizon_step,,
historical_quarter_hour_mean,24,21.090895389065597,23.319198220909698,0.5602311085210927,1.429090091676423,264,horizon_step,,
historical_quarter_hour_mean,25,20.040205659288347,22.395979507623252,0.541309670815128,0.8025184038913611,264,horizon_step,,
historical_quarter_hour_mean,26,20.28093049020478,22.580420787338166,0.546040899792446,0.4620641361583363,264,horizon_step,,
historical_quarter_hour_mean,27,21.19044356996363,23.684378225001918,0.5618898192499446,0.2289912592280995,264,horizon_step,,
historical_quarter_hour_mean,28,21.597919753103547,24.15105452594405,0.565362549972902,-0.4732809933749112,264,horizon_step,,
historical_quarter_hour_mean,29,21.98879065658107,24.701955699348062,0.5734609203929069,-0.8749943935509884,264,horizon_step,,
historical_quarter_hour_mean,30,20.87668140368028,23.650123214697118,0.5609298207355516,-0.39524657437295624,264,horizon_step,,
historical_quarter_hour_mean,31,20.37819625753345,23.406653686259887,0.5561186837422851,-0.6161053072322499,264,horizon_step,,
historical_quarter_hour_mean,32,19.976802825927734,23.15773057590301,0.5551619569631053,-0.8516447182857629,264,horizon_step,,
historical_quarter_hour_mean,33,19.648639939048074,22.624795396806974,0.5588727720845207,-0.030192519679214016,264,horizon_step,,
historical_quarter_hour_mean,34,19.067652449463353,22.007445821502607,0.5562763929783778,0.17954058358163544,264,horizon_step,,
historical_quarter_hour_mean,35,18.36156435807546,21.474425314830643,0.547346746938516,-0.1729033968665383,264,horizon_step,,
historical_quarter_hour_mean,36,17.911142255320694,20.91798650007131,0.542615300943013,-0.20914838530800559,264,horizon_step,,
historical_quarter_hour_mean,37,17.551618908390854,20.740365676678337,0.5382963816052944,-0.830512032364354,264,horizon_step,,
historical_quarter_hour_mean,38,17.45991119110223,20.939941072744233,0.5266483976094632,-1.3425822221871577,264,horizon_step,,
historical_quarter_hour_mean,39,16.4332778562199,19.989476164196695,0.49013666683941176,-1.1888654846133608,264,horizon_step,,
historical_quarter_hour_mean,40,15.340017502958124,18.975231396177424,0.454559192882509,-0.9764952984723178,264,horizon_step,,
historical_quarter_hour_mean,41,11.169543645598672,14.461517511261821,0.3750813476879233,0.5737776936906757,264,horizon_step,,
historical_quarter_hour_mean,42,11.81281193819913,15.258917381445599,0.40598167748058656,-0.15308864188916754,264,horizon_step,,
historical_quarter_hour_mean,43,12.494832270073168,15.94191303826387,0.4316400347328845,-0.6572345242355809,264,horizon_step,,
historical_quarter_hour_mean,44,12.961629397941358,16.164288352475975,0.44294004460780095,-0.6875650304736514,264,horizon_step,,
historical_quarter_hour_mean,45,18.3349265943874,21.41406921152201,0.5351298766962316,-0.9006700624119152,264,horizon_step,,
historical_quarter_hour_mean,46,18.588747837326743,22.269886571479176,0.5390341952752267,-1.4787115581107861,264,horizon_step,,
historical_quarter_hour_mean,47,17.191676446885772,21.133093702048384,0.5274463961700098,-1.3941932844393181,264,horizon_step,,
historical_quarter_hour_mean,48,16.305866353439562,20.416501774905054,0.5134271504666597,-1.7370791471365727,264,horizon_step,,
historical_quarter_hour_mean,49,16.672099669774372,20.69727125168032,0.5238116515375068,-1.6168796582655474,264,horizon_step,,
historical_quarter_hour_mean,50,16.047443256233677,20.04773059935112,0.5125524160462315,-1.2187891187089863,264,horizon_step,,
historical_quarter_hour_mean,51,15.973520289767873,19.89973792170539,0.5135638094732273,-0.9856056480696707,264,horizon_step,,
historical_quarter_hour_mean,52,16.542286359902583,20.331880712464503,0.5304893702718185,-0.9510030240723581,264,horizon_step,,
historical_quarter_hour_mean,53,16.28940894386985,19.92580984372786,0.5240345365070748,-0.9774318897362911,264,horizon_step,,
historical_quarter_hour_mean,54,16.163247888738457,19.71486716641564,0.524591751558255,-0.9937792113333037,264,horizon_step,,
historical_quarter_hour_mean,55,16.286753802588493,19.90081646031837,0.5295553254946823,-1.3815091703877305,264,horizon_step,,
historical_quarter_hour_mean,56,16.53245547323516,20.37478970518864,0.5344924160528982,-1.5375126925381748,264,horizon_step,,
historical_quarter_hour_mean,57,16.782710765347336,20.451572036639785,0.5289346599408571,-2.0125968853632608,264,horizon_step,,
historical_quarter_hour_mean,58,16.98078787688053,20.64410458755813,0.5252703488367519,-1.9597682736136697,264,horizon_step,,
historical_quarter_hour_mean,59,17.086352655381866,20.617484976867324,0.5243575513544372,-1.6203703555193814,264,horizon_step,,
historical_quarter_hour_mean,60,17.172104625990897,20.755775490429222,0.5243447581057911,-1.5311645811254329,264,horizon_step,,
historical_quarter_hour_mean,61,17.620820580106795,21.272045367081372,0.5251619242115144,-1.4726922150814172,264,horizon_step,,
historical_quarter_hour_mean,62,18.347874468023125,22.07781552107012,0.5254324215928319,-1.7436824856382427,264,horizon_step,,
historical_quarter_hour_mean,63,18.632910211881,22.18505400126492,0.5148306591643186,-1.3456995378841052,264,horizon_step,,
historical_quarter_hour_mean,64,19.028642770015832,22.507474681013694,0.5113802324093127,-0.7122760541511305,264,horizon_step,,
historical_quarter_hour_mean,65,19.66383827455116,22.844109014451124,0.5101908131265581,-0.6672911174369581,264,horizon_step,,
historical_quarter_hour_mean,66,20.116258039618984,23.226123913843345,0.506643597846147,-0.5399376587434248,264,horizon_step,,
historical_quarter_hour_mean,67,20.54513268037276,23.616605902360046,0.5067074241466624,-0.8139728054855809,264,horizon_step,,
historical_quarter_hour_mean,68,21.326472300471682,24.200678211192955,0.5091618737534657,-0.6698393785592281,264,horizon_step,,
historical_quarter_hour_mean,69,21.823514020804204,24.55397075727552,0.5151729224402076,-0.5573804667501738,264,horizon_step,,
historical_quarter_hour_mean,70,21.535404371492792,24.3567092740365,0.5090316583170302,-0.0359764171369148,264,horizon_step,,
historical_quarter_hour_mean,71,21.00281152941964,23.599813369856673,0.5003330572174842,0.8850871107795022,264,horizon_step,,
historical_quarter_hour_mean,72,21.41286294749289,23.92523156583394,0.4895704031295601,1.2043767661759348,264,horizon_step,,
historical_quarter_hour_mean,73,21.191297747872092,23.752979634974817,0.4701324423220458,1.635225859555331,264,horizon_step,,
historical_quarter_hour_mean,74,19.98317471417514,22.909923451896567,0.44558258481750296,2.4515661037329473,264,horizon_step,,
historical_quarter_hour_mean,75,19.048760869286276,21.71922235038911,0.4260005170642379,2.3096845149993896,264,horizon_step,,
historical_quarter_hour_mean,76,19.062647703922156,21.62433922477451,0.42272097199013753,1.5307017239657315,264,horizon_step,,
historical_quarter_hour_mean,77,20.73905424638228,23.227041864035304,0.4451635428337808,1.871476780284535,264,horizon_step,,
historical_quarter_hour_mean,78,21.490120071353335,23.89630492725609,0.4542133443611193,1.5559637980027632,264,horizon_step,,
historical_quarter_hour_mean,79,20.867082263484146,23.27103987184956,0.43656070988442425,1.1916846506523364,264,horizon_step,,
historical_quarter_hour_mean,80,21.279281717358213,23.484095018079767,0.4555442183898345,1.4606497071006082,264,horizon_step,,
historical_quarter_hour_mean,81,19.684589393211134,22.065600116655457,0.41675211470985607,1.4049945094368674,264,horizon_step,,
historical_quarter_hour_mean,82,19.693777098800197,21.872899043419164,0.43169966044045643,2.034288334124016,264,horizon_step,,
historical_quarter_hour_mean,83,18.992218696709834,21.421740990162903,0.41236577027338905,1.3236262437069055,264,horizon_step,,
historical_quarter_hour_mean,84,16.46994858799559,18.862898934551417,0.33854814727647853,2.1132592793666953,264,horizon_step,,
historical_quarter_hour_mean,85,16.56406232804963,19.13292123451716,0.352704729296362,1.787325143814087,264,horizon_step,,
historical_quarter_hour_mean,86,19.220169695940886,21.604922544153975,0.41413166752947356,1.226041266412446,264,horizon_step,,
historical_quarter_hour_mean,87,23.138315778790098,25.358541132295237,0.49436523212670747,1.5018012595899177,264,horizon_step,,
historical_quarter_hour_mean,88,23.07993729909261,25.18690615868033,0.5043501526376836,2.0774313030820903,264,horizon_step,,
historical_quarter_hour_mean,89,21.43140083370787,23.657655336042993,0.4770303959276153,0.8727698904095273,264,horizon_step,,
historical_quarter_hour_mean,90,21.090215386766374,23.181178104905225,0.48950399851751136,1.1406411185409084,264,horizon_step,,
historical_quarter_hour_mean,91,20.524196819825605,22.84593153901948,0.496604525328664,1.2768858924056545,264,horizon_step,,
historical_quarter_hour_mean,92,22.14009015126662,24.316967313171926,0.5330158187085762,1.0667699936664465,264,horizon_step,,
historical_quarter_hour_mean,93,24.58111470757109,26.46709468623771,0.5579786951813582,1.8342880155100967,264,horizon_step,,
historical_quarter_hour_mean,94,21.486342141122527,23.643141284017805,0.48442353864871385,1.8931672645337654,264,horizon_step,,
historical_quarter_hour_mean,95,19.40111788113912,21.545440105971526,0.43382277468936153,2.266210823348074,264,horizon_step,,
historical_quarter_hour_mean,96,16.770120375084154,18.997815454122122,0.3613773107134567,2.947396668520841,264,horizon_step,,
lightgbm_bottom_up,1,4.911461259379531,6.945076969970851,0.11112959087876084,-0.36276857058207196,264,horizon_step,,
lightgbm_bottom_up,2,5.3615772001671065,7.043880110699284,0.12547492271451272,1.1027643391580293,264,horizon_step,,
lightgbm_bottom_up,3,8.524023034355857,10.015488273306499,0.18038978082964377,-3.9972196420033774,264,horizon_step,,
lightgbm_bottom_up,4,5.333850672750762,7.60068083990297,0.11858120955496804,-1.7244281190814394,264,horizon_step,,
lightgbm_bottom_up,5,7.406044201417402,10.967412648835955,0.15802440369180076,-5.497962135257143,264,horizon_step,,
lightgbm_bottom_up,6,7.914783987131986,10.547993482921564,0.1826458365190863,-1.965554623892813,264,horizon_step,,
lightgbm_bottom_up,7,9.404071746450482,11.7359508549949,0.22219247000300457,-0.9554936416221388,264,horizon_step,,
lightgbm_bottom_up,8,8.405506762591274,9.972030451552179,0.21193523319308302,1.7077597921544856,264,horizon_step,,
lightgbm_bottom_up,9,7.686590053818443,9.15779423912567,0.20574152202093973,2.131349942900918,264,horizon_step,,
lightgbm_bottom_up,10,8.088264208851438,9.363656787762622,0.22508951064835986,3.5582268635431924,264,horizon_step,,
lightgbm_bottom_up,11,7.828570524851481,8.928590893436803,0.2231222972338445,4.405318968223803,264,horizon_step,,
lightgbm_bottom_up,12,8.297617471579349,9.49344508176365,0.24123103955986241,5.094797445066048,264,horizon_step,,
lightgbm_bottom_up,13,7.600036725853428,8.73671022593821,0.21429445623149557,4.026381149436489,264,horizon_step,,
lightgbm_bottom_up,14,7.600301908724235,8.67692890912072,0.20964123117032665,3.2379223288911763,264,horizon_step,,
lightgbm_bottom_up,15,7.880743373524059,9.112531130792044,0.21797243614292133,3.337003736784964,264,horizon_step,,
lightgbm_bottom_up,16,7.760342829155199,8.977596100395672,0.21628082950871913,3.6109091440836587,264,horizon_step,,
lightgbm_bottom_up,17,7.0572800383423315,8.619163832116106,0.18637758897680723,1.612964807134686,264,horizon_step,,
lightgbm_bottom_up,18,7.663239887266448,9.085048815582375,0.2037089578626827,1.8598914038051257,264,horizon_step,,
lightgbm_bottom_up,19,7.581418409492031,9.220424451167656,0.2004374966160781,1.6541101246169119,264,horizon_step,,
lightgbm_bottom_up,20,8.22897591012897,9.72681327033054,0.2175502141716644,1.65281875928243,264,horizon_step,,
lightgbm_bottom_up,21,8.5779552712585,10.201097463063137,0.22638574816408097,1.452417052153385,264,horizon_step,,
lightgbm_bottom_up,22,8.784483898769725,10.66603962855423,0.2280476836637759,0.8229147340312148,264,horizon_step,,
lightgbm_bottom_up,23,8.601203221263308,10.362163144513705,0.22843968148562235,1.6913307760701035,264,horizon_step,,
lightgbm_bottom_up,24,8.369830232678037,10.09431660076577,0.22221412360592377,1.6776861132997456,264,horizon_step,,
lightgbm_bottom_up,25,8.117477933565775,9.713233565699975,0.21913475109983835,1.5537794250430483,264,horizon_step,,
lightgbm_bottom_up,26,8.161851207415262,9.61094828099973,0.21963230886415144,1.4356577504764905,264,horizon_step,,
lightgbm_bottom_up,27,8.567109790715305,10.369117035453334,0.22705259157626506,0.8652596798810092,264,horizon_step,,
lightgbm_bottom_up,28,8.665670452695904,10.720919301946816,0.22682027676875394,0.3920851909753048,264,horizon_step,,
lightgbm_bottom_up,29,8.765724236314947,11.26672167944904,0.22847352322716485,-0.5792254137270378,264,horizon_step,,
lightgbm_bottom_up,30,8.457969643852927,10.643947504976559,0.22709084370372384,0.5423757596449419,264,horizon_step,,
lightgbm_bottom_up,31,8.487597144011295,10.669673544243011,0.23147852095293336,1.1203610066211585,264,horizon_step,,
lightgbm_bottom_up,32,8.594953186584242,10.677424602281242,0.23872681900444526,1.7839506431059404,264,horizon_step,,
lightgbm_bottom_up,33,8.587758252114961,10.718674665861354,0.24399094809028898,1.5126150593613132,264,horizon_step,,
lightgbm_bottom_up,34,8.579633781404207,10.486239379742782,0.25014464012038684,2.410959875944889,264,horizon_step,,
lightgbm_bottom_up,35,8.466921918319933,10.371017073515421,0.25227141587907637,3.146906661264824,264,horizon_step,,
lightgbm_bottom_up,36,8.509681235660207,10.320986781061649,0.25761304831999593,3.6768474398237285,264,horizon_step,,
lightgbm_bottom_up,37,8.310361269748572,10.310936243807161,0.25465017794407874,2.599131613066702,264,horizon_step,,
lightgbm_bottom_up,38,8.229447675473763,10.539093270510135,0.24803937102528875,2.0555625034101084,264,horizon_step,,
lightgbm_bottom_up,39,7.475733254895066,10.088876281810203,0.22280008109547417,1.6800051494078203,264,horizon_step,,
lightgbm_bottom_up,40,7.055238340840195,9.932486519890944,0.20889230369404588,1.459026083801732,264,horizon_step,,
lightgbm_bottom_up,41,8.657330491326071,11.444475128196041,0.2905147994238737,5.433589306744662,264,horizon_step,,
lightgbm_bottom_up,42,9.178169080705354,11.628638988851796,0.3151973433220218,6.114750634540211,264,horizon_step,,
lightgbm_bottom_up,43,9.004541176738162,11.122921812679873,0.31081166684187117,6.262501843047865,264,horizon_step,,
lightgbm_bottom_up,44,8.619475429708308,10.677089106399329,0.2943870566424571,5.954154079610651,264,horizon_step,,
lightgbm_bottom_up,45,8.43122651721492,10.965588862923768,0.24598882329491567,1.0233381480881663,264,horizon_step,,
lightgbm_bottom_up,46,8.838462247993007,11.791154502650189,0.25630292358376505,0.8137398596965906,264,horizon_step,,
lightgbm_bottom_up,47,9.206476074276548,11.730257894754155,0.2822605728853666,2.681236910097527,264,horizon_step,,
lightgbm_bottom_up,48,9.251287250807792,11.660383846082267,0.29105907919371315,3.5132627992919,264,horizon_step,,
lightgbm_bottom_up,49,9.307311856385434,11.783644953741103,0.2921764161139494,3.4430666728453203,264,horizon_step,,
lightgbm_bottom_up,50,9.356084072228635,11.815548909412716,0.29847097775055775,3.9514607805194277,264,horizon_step,,
lightgbm_bottom_up,51,9.471517187176328,11.849514695546238,0.30416226294009224,4.158487869031502,264,horizon_step,,
lightgbm_bottom_up,52,9.71779212807164,11.991504916447015,0.3113340821668537,4.084783445705067,264,horizon_step,,
lightgbm_bottom_up,53,9.5189119794152,11.564811352697456,0.3059827577028477,4.188869660550898,264,horizon_step,,
lightgbm_bottom_up,54,9.532334179589242,11.524346396291092,0.30918278633516233,4.467436252218304,264,horizon_step,,
lightgbm_bottom_up,55,9.654346346855164,11.601490983363021,0.31377882809797275,4.530177705215685,264,horizon_step,,
lightgbm_bottom_up,56,9.82099311279528,11.909652323339069,0.31731075879784565,4.347466996221831,264,horizon_step,,
lightgbm_bottom_up,57,9.31864532918641,11.241799324786088,0.2934495278045204,3.542646606763204,264,horizon_step,,
lightgbm_bottom_up,58,9.244540041143244,11.194256323755802,0.2857416257556918,2.945381915930546,264,horizon_step,,
lightgbm_bottom_up,59,9.122415123563824,11.143637890572455,0.279773878897901,2.691789959416245,264,horizon_step,,
lightgbm_bottom_up,60,9.156835678851966,11.283626010349005,0.27941669216673254,2.526919039812955,264,horizon_step,,
lightgbm_bottom_up,61,9.035059621839812,11.451674798628215,0.26912480108245795,1.726168975685582,264,horizon_step,,
lightgbm_bottom_up,62,8.961459521091346,11.73828349446583,0.25648778706262393,0.3590488578333999,264,horizon_step,,
lightgbm_bottom_up,63,8.739374081293741,12.028162781140809,0.24131585772654213,-0.9173228307203813,264,horizon_step,,
lightgbm_bottom_up,64,8.7028470472856,12.211330758175928,0.2336816063675178,-1.944154435938055,264,horizon_step,,
lightgbm_bottom_up,65,9.069768277081577,12.016357744596935,0.23518331894092756,-1.1477977507042163,264,horizon_step,,
lightgbm_bottom_up,66,9.066854245734937,12.323495575153762,0.228166648828763,-2.320976835308653,264,horizon_step,,
lightgbm_bottom_up,67,9.033622897032535,12.60963588667108,0.22264229659646506,-3.157720685005188,264,horizon_step,,
lightgbm_bottom_up,68,9.349137851686189,13.217630785399262,0.22305086469853264,-4.497945586840312,264,horizon_step,,
lightgbm_bottom_up,69,9.082504398895033,11.832872404380062,0.21424691396327133,-1.7161773226477883,264,horizon_step,,
lightgbm_bottom_up,70,8.841397437182339,11.643536412292523,0.20882614278298953,-1.6620416713483406,264,horizon_step,,
lightgbm_bottom_up,71,8.309398849805197,10.958443780602376,0.19780784699888143,-1.3309085043993862,264,horizon_step,,
lightgbm_bottom_up,72,8.031966628450336,11.367967327413519,0.1835379328625989,-3.085367535099839,264,horizon_step,,
lightgbm_bottom_up,73,7.852965167074492,10.628168988978013,0.1740949747195252,-1.8110251715688994,264,horizon_step,,
lightgbm_bottom_up,74,7.660279367909287,10.42661806053885,0.17070762787275026,-1.577342633045081,264,horizon_step,,
lightgbm_bottom_up,75,7.011895468740752,9.579649055022438,0.15669537536087005,-1.4522435014898127,264,horizon_step,,
lightgbm_bottom_up,76,7.011233221400868,9.525814260261454,0.1553881869959323,-1.824426860520334,264,horizon_step,,
lightgbm_bottom_up,77,7.195677634441491,10.388629934842019,0.1543796838857886,-3.1476607105948706,264,horizon_step,,
lightgbm_bottom_up,78,7.57064843900276,11.071348468931323,0.1599038379698392,-3.8824000069589326,264,horizon_step,,
lightgbm_bottom_up,79,7.305704962123524,10.86742178745954,0.15270715331122323,-4.3786681131883105,264,horizon_step,,
lightgbm_bottom_up,80,7.267582806673917,10.54728628036266,0.15550053730371186,-3.2740999713088526,264,horizon_step,,
lightgbm_bottom_up,81,6.837759256362915,9.980855731899346,0.14469141866642932,-3.7903084971688012,264,horizon_step,,
lightgbm_bottom_up,82,6.349742246396614,9.243156523859719,0.13910009760726555,-2.1815051093245996,264,horizon_step,,
lightgbm_bottom_up,83,6.392620693553578,9.453346012517441,0.13869041385672642,-2.6255153887199634,264,horizon_step,,
lightgbm_bottom_up,84,7.446300622188684,10.06790166096448,0.15292987701205416,-5.2237247698234786,264,horizon_step,,
lightgbm_bottom_up,85,6.5132734486551,9.083350365889704,0.13852891207269397,-3.404988758491747,264,horizon_step,,
lightgbm_bottom_up,86,6.573935956665964,9.500520781438476,0.1415113377925606,-2.842745780944824,264,horizon_step,,
lightgbm_bottom_up,87,8.375636902722446,11.641597877475556,0.17878201802638885,-3.235873677513816,264,horizon_step,,
lightgbm_bottom_up,88,8.178555091222128,11.042251964610646,0.17852436658901866,-2.1995390472990093,264,horizon_step,,
lightgbm_bottom_up,89,7.091955546176795,9.711392041293928,0.15767720837356045,-1.634117993441495,264,horizon_step,,
lightgbm_bottom_up,90,7.455141197551381,9.44019740986243,0.17288933009753774,0.22267702854040897,264,horizon_step,,
lightgbm_bottom_up,91,7.765368057019783,9.496686629981811,0.1876923778976304,1.9707184704867275,264,horizon_step,,
lightgbm_bottom_up,92,8.234704873778604,10.01862095429858,0.19802901015239222,1.7602377262982456,264,horizon_step,,
lightgbm_bottom_up,93,9.05974445921002,11.13832553607724,0.20552193327224338,0.1444047870058002,264,horizon_step,,
lightgbm_bottom_up,94,7.168953556002992,9.294558551877435,0.16150869989386446,-0.16136712016481342,264,horizon_step,,
lightgbm_bottom_up,95,6.148033987392079,8.309525489343557,0.13737963651828008,-0.2733771800994873,264,horizon_step,,
lightgbm_bottom_up,96,5.752625414819429,8.283621899716765,0.12391769110355459,-1.4085867982922178,264,horizon_step,,
lightgbm_direct,1,5.006554848607654,6.265218038781847,0.11335234176596888,0.7636000217492301,264,horizon_step,,
lightgbm_direct,2,5.1330322975767295,6.246081102422801,0.12018472142785157,2.215957205764526,264,horizon_step,,
lightgbm_direct,3,5.538398944781761,7.2440419140046215,0.11725610125249256,-2.3153613116844967,264,horizon_step,,
lightgbm_direct,4,4.426848504621052,5.977787851675341,0.09846492682537657,-0.04285131626209815,264,horizon_step,,
lightgbm_direct,5,6.985684588415439,9.930989982802013,0.14906685148663146,-5.936379172390771,264,horizon_step,,
lightgbm_direct,6,6.980991640920572,9.181894685692317,0.16110624333835724,-2.4114111838465733,264,horizon_step,,
lightgbm_direct,7,8.511250565826765,10.345983412460125,0.20112384667362904,-1.5008036935325946,264,horizon_step,,
lightgbm_direct,8,7.226892572287093,8.427777418022897,0.18222594933665393,1.156473006998217,264,horizon_step,,
lightgbm_direct,9,4.895278997502729,6.073118356178182,0.1310491679238683,0.6614717325682511,264,horizon_step,,
lightgbm_direct,10,5.1555707967931,6.218484375410083,0.14357892173075812,2.102220995098802,264,horizon_step,,
lightgbm_direct,11,5.005843548572031,5.984389169065714,0.14278993022434278,2.849859362179333,264,horizon_step,,
lightgbm_direct,12,5.336578996870916,6.326264214728324,0.1551861498452189,3.516801013658916,264,horizon_step,,
lightgbm_direct,13,4.802397556455083,5.866505297703103,0.13546105785109722,2.5876636142076554,264,horizon_step,,
lightgbm_direct,14,4.818865761187477,5.935338172683366,0.13299967129859136,1.8015434778408614,264,horizon_step,,
lightgbm_direct,15,5.04302745533968,6.1388154121278795,0.1395375220598179,1.8696641839423054,264,horizon_step,,
lightgbm_direct,16,4.9523590117157905,6.052274127436334,0.13809349069233187,2.1461032705870626,264,horizon_step,,
lightgbm_direct,17,4.5623851091257475,5.831011461024576,0.12060620476064278,0.2477220558604959,264,horizon_step,,
lightgbm_direct,18,4.894503297871807,6.056728326091437,0.1301982397850044,0.47760347274017145,264,horizon_step,,
lightgbm_direct,19,5.029982446300397,6.395799126036299,0.13305645406137379,0.24389897335658897,264,horizon_step,,
lightgbm_direct,20,5.523315338946143,6.857949637704112,0.14611171508310936,0.24305175442929947,264,horizon_step,,
lightgbm_direct,21,5.954193781483162,7.304683234353005,0.15716453197455893,-0.07119022325529624,264,horizon_step,,
lightgbm_direct,22,6.33505297220833,8.008093879730016,0.16448220978098987,-0.707412531375482,264,horizon_step,,
lightgbm_direct,23,5.937879780635239,7.500318778662033,0.15780564269872227,0.1568732761818819,264,horizon_step,,
lightgbm_direct,24,5.71499147062954,7.137141450124548,0.1518055989429107,0.13569005424005637,264,horizon_step,,
lightgbm_direct,25,5.675879447119898,7.379719081556642,0.15331222080961057,-0.5674772852545565,264,horizon_step,,
lightgbm_direct,26,5.517792151673579,7.191868405392826,0.14856025431489533,-0.6937473263637357,264,horizon_step,,
lightgbm_direct,27,5.953957612032174,7.901034396899983,0.15787626886624592,-1.2722669679173446,264,horizon_step,,
lightgbm_direct,28,6.176311029698311,8.179865010555627,0.16167552213792394,-1.763559359992588,264,horizon_step,,
lightgbm_direct,29,6.587461705798624,9.054279614525248,0.1717989821204508,-2.505882150431513,264,horizon_step,,
lightgbm_direct,30,5.931732394054109,8.065759844092781,0.15937808907988027,-1.3860582284089322,264,horizon_step,,
lightgbm_direct,31,5.799764024613416,7.780051685130378,0.15827490787814527,-0.8191621267705048,264,horizon_step,,
lightgbm_direct,32,5.703371759786517,7.506991600636635,0.1584985873385947,-0.16150121831187497,264,horizon_step,,
lightgbm_direct,33,5.731107810701124,7.784351786771982,0.16301179721434506,-0.8789971248508298,264,horizon_step,,
lightgbm_direct,34,5.86302010384502,7.548914675826174,0.1710467339370041,-0.00486540897980649,264,horizon_step,,
lightgbm_direct,35,5.767551053638549,7.408707110910183,0.17192708886062205,0.7184550886244282,264,horizon_step,,
lightgbm_direct,36,5.737823211704282,7.410632615784025,0.1738264720582992,1.2538199961111194,264,horizon_step,,
lightgbm_direct,37,6.3859345024502225,8.517776826516334,0.19585232870991703,-0.8200652226903989,264,horizon_step,,
lightgbm_direct,38,6.328130879374434,8.92730591010348,0.19087725882499856,-1.3732765032721692,264,horizon_step,,
lightgbm_direct,39,5.789276542135878,8.502708676438026,0.17267015945331218,-1.7558329463373696,264,horizon_step,,
lightgbm_direct,40,5.485566082111943,8.260883267263758,0.16254965095754487,-1.977113331797465,264,horizon_step,,
lightgbm_direct,41,6.233940107845168,8.631950483036558,0.20934021400039368,1.5355563465651088,264,horizon_step,,
lightgbm_direct,42,6.448585534347626,8.738061682220655,0.2216244181578506,2.2114404454948535,264,horizon_step,,
lightgbm_direct,43,6.193826949932861,8.212615765908954,0.21396875300214335,2.3535184070455757,264,horizon_step,,
lightgbm_direct,44,5.983229729673897,7.847115493562117,0.20446596349849339,2.0359320588206247,264,horizon_step,,
lightgbm_direct,45,7.2266157671561615,10.6286501125401,0.21091865214192465,-3.2003947943965434,264,horizon_step,,
lightgbm_direct,46,7.59354574258155,11.273361976296652,0.220196693960141,-3.429303333002819,264,horizon_step,,
lightgbm_direct,47,6.7395236238456535,10.09324907216518,0.20677084391871312,-1.5456700563765986,264,horizon_step,,
lightgbm_direct,48,6.748888278992311,9.677591633701919,0.21250404012847438,-0.7125835353527258,264,horizon_step,,
lightgbm_direct,49,7.010285421960166,10.096124708352367,0.2202523531744191,-0.9325859687457866,264,horizon_step,,
lightgbm_direct,50,6.839817215897518,9.646972150975557,0.21846251663554295,-0.4192339320575675,264,horizon_step,,
lightgbm_direct,51,6.650368826687659,9.50803226898102,0.21381565785617715,-0.2211258271158431,264,horizon_step,,
lightgbm_direct,52,7.252817407681186,9.968756653406679,0.23258831672890554,-0.30312284088177827,264,horizon_step,,
lightgbm_direct,53,6.891369782602007,9.445901617555423,0.22169716423527694,-0.16606792136496576,264,horizon_step,,
lightgbm_direct,54,6.967288642448281,9.463931366885133,0.22612918998170187,0.10124797230932811,264,horizon_step,,
lightgbm_direct,55,7.254846925949106,9.744764604217435,0.23588757292287926,0.14933269272332586,264,horizon_step,,
lightgbm_direct,56,7.4414298993767,10.065438240365616,0.24058058721193765,-0.02848477688274919,264,horizon_step,,
lightgbm_direct,57,7.323349368627146,9.753101920546303,0.23080736849263825,-0.6751997432722062,264,horizon_step,,
lightgbm_direct,58,7.4406614430875715,10.042745735342043,0.23016357427725945,-1.2798376006995504,264,horizon_step,,
lightgbm_direct,59,7.392372743580114,9.956687483402188,0.2268621366246944,-1.5449196503536347,264,horizon_step,,
lightgbm_direct,60,7.408751528369972,10.134384546593974,0.22622387369625627,-1.7114698552756682,264,horizon_step,,
lightgbm_direct,61,7.692238880507826,10.208487415272172,0.2292555533164411,-1.0417889143777073,264,horizon_step,,
lightgbm_direct,62,7.837615537421522,10.715338847095223,0.2244476502451621,-2.4144328184181085,264,horizon_step,,
lightgbm_direct,63,7.908464339910735,11.284824595309129,0.21851229157416355,-3.6946603071623443,264,horizon_step,,
lightgbm_direct,64,8.2638752429281,11.810787388348276,0.2220853317499439,-4.714922948009023,264,horizon_step,,
lightgbm_direct,65,7.547263815258663,10.093238950457732,0.19581856853302249,-2.0417069471106988,264,horizon_step,,
lightgbm_direct,66,7.629284826707835,10.416707201232805,0.19214946964706403,-3.210720714430038,264,horizon_step,,
lightgbm_direct,67,7.948981001068372,10.852336335699981,0.1960468082783408,-4.0596032605611905,264,horizon_step,,
lightgbm_direct,68,8.525205030262905,11.681797186966277,0.20353621106126996,-5.400923994103165,264,horizon_step,,
lightgbm_direct,69,7.2183679611390374,9.573255984207279,0.1703991261097431,-2.5719716108241695,264,horizon_step,,
lightgbm_direct,70,7.175347201691631,9.480133287368396,0.16960345030309598,-2.5232462801437037,264,horizon_step,,
lightgbm_direct,71,6.687964197261991,8.792808489973906,0.15932198261599284,-2.2017799074756597,264,horizon_step,,
lightgbm_direct,72,6.798502107564579,9.418726240488867,0.1554367309798362,-3.9643990329088803,264,horizon_step,,
lightgbm_direct,73,7.161662856199442,9.378179627363304,0.1588826739037353,-1.3808620267897902,264,horizon_step,,
lightgbm_direct,74,6.8500531214481635,9.069586225440501,0.15274171495017466,-1.159186890705125,264,horizon_step,,
lightgbm_direct,75,6.331784321970578,8.346238758966294,0.14160203981812947,-1.03472935539018,264,horizon_step,,
lightgbm_direct,76,6.431419265753107,8.4673428631016,0.14261900264441627,-1.416700944343336,264,horizon_step,,
lightgbm_direct,77,6.734345791059958,9.321998034587851,0.14455264909386897,-2.7951723921149685,264,horizon_step,,
lightgbm_direct,78,7.122522895793202,10.00081902107714,0.15054103625504509,-3.526704394843206,264,horizon_step,,
lightgbm_direct,79,7.04104072952138,9.919052851358348,0.14730577568978073,-4.020171304131459,264,horizon_step,,
lightgbm_direct,80,6.861010054975757,9.733150129396753,0.14687965056213145,-2.935356544626122,264,horizon_step,,
lightgbm_direct,81,6.461663739335862,9.20557841423889,0.1368030581750897,-3.44100646960326,264,horizon_step,,
lightgbm_direct,82,5.86557035567412,8.316750534357924,0.12857689604846761,-1.833032568682891,264,horizon_step,,
lightgbm_direct,83,6.0082745658198045,8.751806274562414,0.13045378262085358,-2.2780917716237647,264,horizon_step,,
lightgbm_direct,84,7.328904586662342,9.584350725173644,0.15064935121832007,-4.872338952340503,264,horizon_step,,
lightgbm_direct,85,6.306567531697245,8.499624149765426,0.13428808404625303,-3.1706562734584627,264,horizon_step,,
lightgbm_direct,86,6.244481274667962,8.855162913824609,0.13454810670485193,-2.6246437416190704,264,horizon_step,,
lightgbm_direct,87,7.731570280617262,10.739422467338562,0.16519004983003,-3.025457679813018,264,horizon_step,,
lightgbm_direct,88,7.439463609677844,10.102349239592286,0.16256953207715288,-1.9853077367305771,264,horizon_step,,
lightgbm_direct,89,6.334696993506508,8.939827801909072,0.141000723113771,-2.536166774814345,264,horizon_step,,
lightgbm_direct,90,6.338208911686226,8.601765103664775,0.14710985870995552,-0.7005308452056028,264,horizon_step,,
lightgbm_direct,91,6.861094287216114,8.616643225715618,0.16601139141517537,1.1244739266164605,264,horizon_step,,
lightgbm_direct,92,7.359269681355954,9.197604434823198,0.17717214010895693,0.9139235512468178,264,horizon_step,,
lightgbm_direct,93,8.289237404704615,10.778948989825999,0.18816143719068212,-1.3584839934089943,264,horizon_step,,
lightgbm_direct,94,6.389030767271903,8.983607633061295,0.14404484823379377,-1.6652773903200728,264,horizon_step,,
lightgbm_direct,95,5.689999780440289,8.367645676024718,0.1272324361851427,-1.962928942191024,264,horizon_step,,
lightgbm_direct,96,6.8336880648615335,9.113609968493522,0.14725832372696457,-3.649960166422131,264,horizon_step,,
lightgbm_oracle_bottom_up,1,3.4681149034789116,5.168680335266164,0.0784715932774829,-1.5452142845500598,264,horizon_step,,
lightgbm_oracle_bottom_up,2,3.5873835664806943,4.764480062249585,0.08395415359074729,-0.07968137480995872,264,horizon_step,,
lightgbm_oracle_bottom_up,3,7.684016076001254,8.981594351407232,0.16261311944543233,-5.301072662526911,264,horizon_step,,
lightgbm_oracle_bottom_up,4,4.54205406073368,6.018981104295499,0.10097812957858589,-3.028281139604973,264,horizon_step,,
lightgbm_oracle_bottom_up,5,7.40165706836816,10.235140146308094,0.15793079446328842,-6.143528887719819,264,horizon_step,,
lightgbm_oracle_bottom_up,6,7.9496492219693735,9.689275096400355,0.18345040553735165,-2.6111213763554892,264,horizon_step,,
lightgbm_oracle_bottom_up,7,9.567843708125027,11.003561089797511,0.2260619531016889,-1.601060394084815,264,horizon_step,,
lightgbm_oracle_bottom_up,8,7.87825015819434,8.928491621020273,0.19864106134103293,1.0621930396918096,264,horizon_step,,
lightgbm_oracle_bottom_up,9,6.25951923384811,7.18601327902963,0.16754412623468828,1.5074890201742,264,horizon_step,,
lightgbm_oracle_bottom_up,10,6.176696491963936,7.029404940887584,0.1718922076356148,2.9343659408164746,264,horizon_step,,
lightgbm_oracle_bottom_up,11,5.9038065274556475,6.766551818284014,0.16826454723099796,3.781458045497085,264,horizon_step,,
lightgbm_oracle_bottom_up,12,6.2478741949254815,7.074308759665996,0.18164023495219514,4.470936522339329,264,horizon_step,,
lightgbm_oracle_bottom_up,13,5.450279362273939,6.238276040193148,0.153678816876649,3.585109967173952,264,horizon_step,,
lightgbm_oracle_bottom_up,14,5.519107255068692,6.296439415510726,0.1522350630026352,2.79665114662864,264,horizon_step,,
lightgbm_oracle_bottom_up,15,5.6510576262618555,6.552247116768465,0.15630185367012073,2.8957325545224277,264,horizon_step,,
lightgbm_oracle_bottom_up,16,5.748918540550001,6.541523102654675,0.16022241518208352,3.1696379618211226,264,horizon_step,,
lightgbm_oracle_bottom_up,17,5.403345545132955,6.320910969995424,0.14269839224730538,1.3835922624125625,264,horizon_step,,
lightgbm_oracle_bottom_up,18,5.968487511981618,6.832612715360107,0.1586580074444089,1.6305188590830022,264,horizon_step,,
lightgbm_oracle_bottom_up,19,5.8807427196791675,6.892011468174742,0.15547504244059993,1.4247375798947883,264,horizon_step,,
lightgbm_oracle_bottom_up,20,6.229848204237042,7.270461562938157,0.1646990859968973,1.4234462145603064,264,horizon_step,,
lightgbm_oracle_bottom_up,21,6.662146846453349,7.676709557852285,0.17582454682023996,1.0071215810197773,264,horizon_step,,
lightgbm_oracle_bottom_up,22,7.193959492625612,8.281433538008253,0.18675722075079063,0.37761926289760706,264,horizon_step,,
lightgbm_oracle_bottom_up,23,6.562169266469551,7.647507363718881,0.17428490160320487,1.2460353049364956,264,horizon_step,,
lightgbm_oracle_bottom_up,24,6.6862469080722695,7.672917476311604,0.17751596574673922,1.2323906421661377,264,horizon_step,,
lightgbm_oracle_bottom_up,25,5.596626502094847,6.510207048485743,0.15108330020388291,1.1765845797278665,264,horizon_step,,
lightgbm_oracle_bottom_up,26,5.771488532875523,6.664662738855141,0.15530855927718598,1.0584629051613086,264,horizon_step,,
lightgbm_oracle_bottom_up,27,6.637587630387508,7.667663781170693,0.1759148079235963,0.48806483456582733,264,horizon_step,,
lightgbm_oracle_bottom_up,28,6.942455140027133,8.094653256713535,0.1817158412510049,0.014890345660122957,264,horizon_step,,
lightgbm_oracle_bottom_up,29,6.954011805129774,8.377268741019707,0.18125228844173863,-0.8196325121503888,264,horizon_step,,
lightgbm_oracle_bottom_up,30,6.244280757326068,7.506585888946405,0.16765477357023745,0.3019686612215909,264,horizon_step,,
lightgbm_oracle_bottom_up,31,6.105060956694863,7.4840698256554195,0.16650065461463973,0.8799539081978075,264,horizon_step,,
lightgbm_oracle_bottom_up,32,6.073028987104243,7.4578559759403635,0.16867978921352955,1.5435435446825894,264,horizon_step,,
lightgbm_oracle_bottom_up,33,5.869920492172241,7.046274616223388,0.16677314661797824,1.2826265494028728,264,horizon_step,,
lightgbm_oracle_bottom_up,34,6.10335531017997,6.935091396279791,0.17794717775727092,2.1809713659864483,264,horizon_step,,
lightgbm_oracle_bottom_up,35,5.9789495937752,6.980768440546485,0.17814243405596322,2.9169181513063833,264,horizon_step,,
lightgbm_oracle_bottom_up,36,6.140197641921766,7.14323769476976,0.1858818195438547,3.446858929865288,264,horizon_step,,
lightgbm_oracle_bottom_up,37,5.777244112708352,6.748135849230363,0.177029155962563,2.7466316439888696,264,horizon_step,,
lightgbm_oracle_bottom_up,38,5.744222063006776,6.957697266523041,0.1731335180347645,2.2030625343322754,264,horizon_step,,
lightgbm_oracle_bottom_up,39,5.03256965044773,6.379341203264699,0.14998621379437047,1.8275051803299875,264,horizon_step,,
lightgbm_oracle_bottom_up,40,4.692568966836641,6.261753377134131,0.13893811865311972,1.6065261147238992,264,horizon_step,,
lightgbm_oracle_bottom_up,41,7.096492001504609,9.381279587371267,0.23813760517700278,4.763099366968328,264,horizon_step,,
lightgbm_oracle_bottom_up,42,7.4751673431107495,9.55409942046706,0.25671273504747544,5.444260694763877,264,horizon_step,,
lightgbm_oracle_bottom_up,43,7.234673792665655,8.918286975841577,0.24972077715237492,5.592011903271531,264,horizon_step,,
lightgbm_oracle_bottom_up,44,6.785207575017756,8.384478792389995,0.23174000587471694,5.283664139834317,264,horizon_step,,
lightgbm_oracle_bottom_up,45,6.349894606705868,7.9729421884237,0.18526404185215545,-0.2513093695496068,264,horizon_step,,
lightgbm_oracle_bottom_up,46,6.779284119606018,8.615574147820096,0.19658966581597012,-0.46090765794118244,264,horizon_step,,
lightgbm_oracle_bottom_up,47,6.2736053466796875,7.841758473511928,0.19234193679796832,1.406589392459754,264,horizon_step,,
lightgbm_oracle_bottom_up,48,6.248647906563499,7.695854912146705,0.19659163709691216,2.238615281654127,264,horizon_step,,
lightgbm_oracle_bottom_up,49,6.209989507993062,7.657626715428643,0.19494484621849578,1.5258458925015999,264,horizon_step,,
lightgbm_oracle_bottom_up,50,6.16617302461104,7.387142324360572,0.1967087595009585,2.034240000175707,264,horizon_step,,
lightgbm_oracle_bottom_up,51,6.161857012546424,7.402261172533362,0.1978779466701405,2.2412670886877812,264,horizon_step,,
lightgbm_oracle_bottom_up,52,6.6076139609018965,7.860563114298785,0.21169164772394636,2.1675626653613467,264,horizon_step,,
lightgbm_oracle_bottom_up,53,6.1062199094078755,7.27746540755215,0.19628272759125157,1.8655496618964456,264,horizon_step,,
lightgbm_oracle_bottom_up,54,6.181769107327317,7.243503936600532,0.20050667140652514,2.144116253563852,264,horizon_step,,
lightgbm_oracle_bottom_up,55,6.523480888568994,7.508727888666081,0.21202162371163263,2.206857706561233,264,horizon_step,,
lightgbm_oracle_bottom_up,56,6.753916603146178,7.846047354655942,0.21821524336571993,2.024146997567379,264,horizon_step,,
lightgbm_oracle_bottom_up,57,6.326934709693447,7.532728675655132,0.19923883112006696,1.154529625719244,264,horizon_step,,
lightgbm_oracle_bottom_up,58,6.437084790432092,7.7433855967464655,0.19896534224084952,0.5572649348865856,264,horizon_step,,
lightgbm_oracle_bottom_up,59,6.492595889351585,7.737649940458206,0.1991203767287922,0.30367297837228485,264,horizon_step,,
lightgbm_oracle_bottom_up,60,6.478814132285841,7.870884702704262,0.19769807797111777,0.13880205876899487,264,horizon_step,,
lightgbm_oracle_bottom_up,61,6.6056196653481685,8.109260671057152,0.19675975066794274,-0.31709507378664886,264,horizon_step,,
lightgbm_oracle_bottom_up,62,7.031905282627452,8.91724233071611,0.201261615982331,-1.684215191638831,264,horizon_step,,
lightgbm_oracle_bottom_up,63,7.291107712369977,9.49586073302524,0.20132562069327326,-2.9605868801926123,264,horizon_step,,
lightgbm_oracle_bottom_up,64,7.693352619806926,10.199317765291374,0.2065755021064012,-3.9874184854102857,264,horizon_step,,
lightgbm_oracle_bottom_up,65,7.164677692182137,8.886337459395211,0.185783432091345,-1.7422118186950684,264,horizon_step,,
lightgbm_oracle_bottom_up,66,7.508410648866133,9.510167409176082,0.18894854260923638,-2.915390903299505,264,horizon_step,,
lightgbm_oracle_bottom_up,67,7.920638810504567,10.187375520005817,0.19521173679511392,-3.75213475299604,264,horizon_step,,
lightgbm_oracle_bottom_up,68,8.835947690588055,11.305243616265177,0.21080722138044072,-5.092359654831164,264,horizon_step,,
lightgbm_oracle_bottom_up,69,7.790851184816072,9.48419237550349,0.1837781464435083,-1.9047080567388823,264,horizon_step,,
lightgbm_oracle_bottom_up,70,7.469137979276253,9.257655372090674,0.17641456401073954,-1.8505724054394346,264,horizon_step,,
lightgbm_oracle_bottom_up,71,6.904355565706889,8.505317536752006,0.16436035073695396,-1.5194392384904805,264,horizon_step,,
lightgbm_oracle_bottom_up,72,7.107604344685872,9.094904255388004,0.16241539206700628,-3.2738982691909326,264,horizon_step,,
lightgbm_oracle_bottom_up,73,6.921831304376775,9.028979679392123,0.15345236102673546,-3.6878080223545884,264,horizon_step,,
lightgbm_oracle_bottom_up,74,6.312009890874227,8.523050404098877,0.14066174141042584,-3.45412548383077,264,horizon_step,,
lightgbm_oracle_bottom_up,75,5.688711498722886,7.621572181614985,0.12712607990035588,-3.3290263522755015,264,horizon_step,,
lightgbm_oracle_bottom_up,76,5.7889667785528935,7.786272162181361,0.12829940523919503,-3.701209711306023,264,horizon_step,,
lightgbm_oracle_bottom_up,77,6.5926824627500595,9.069967384616618,0.14144272245983314,-4.561548247481838,264,horizon_step,,
lightgbm_oracle_bottom_up,78,7.220150073369344,10.117394614792904,0.15250076882477112,-5.296287543845899,264,horizon_step,,
lightgbm_oracle_bottom_up,79,7.125940973108465,9.983978310154923,0.14894964501152033,-5.792555650075276,264,horizon_step,,
lightgbm_oracle_bottom_up,80,6.896626393000285,9.50361598249847,0.1475633836204355,-4.687987508195819,264,horizon_step,,
lightgbm_oracle_bottom_up,81,6.164677778879802,8.586814130424223,0.13044857825573453,-4.555102868513628,264,horizon_step,,
lightgbm_oracle_bottom_up,82,5.428156289187345,7.552456464315905,0.1189114518911277,-2.9462994806694263,264,horizon_step,,
lightgbm_oracle_bottom_up,83,5.39485325235309,7.650550688282886,0.11704345778245036,-3.3903097600647896,264,horizon_step,,
lightgbm_oracle_bottom_up,84,6.626685438734112,8.438468114530286,0.1360968674999996,-5.988519141168306,264,horizon_step,,
lightgbm_oracle_bottom_up,85,5.193148490154382,7.046053334696713,0.11045155961041159,-4.089889562491215,264,horizon_step,,
lightgbm_oracle_bottom_up,86,5.548980423898408,7.818605770628726,0.11944802145119127,-3.5276465849442915,264,horizon_step,,
lightgbm_oracle_bottom_up,87,7.967451911984068,10.502941539299242,0.17006911210414552,-3.9207744815132837,264,horizon_step,,
lightgbm_oracle_bottom_up,88,7.606931000044852,9.77350932550995,0.16604675560930252,-2.8844398512984766,264,horizon_step,,
lightgbm_oracle_bottom_up,89,6.5304726976336855,8.403819320010014,0.14519362080290238,-2.0030632308035186,264,horizon_step,,
lightgbm_oracle_bottom_up,90,6.5613944458239,7.952144876477525,0.15216279077541656,-0.1462682088216146,264,horizon_step,,
lightgbm_oracle_bottom_up,91,6.668844150774406,7.872967410191901,0.16118891046716594,1.601773233124704,264,horizon_step,,
lightgbm_oracle_bottom_up,92,7.608429421078075,8.870862067870917,0.18296827514342542,1.391292488936222,264,horizon_step,,
lightgbm_oracle_bottom_up,93,9.060015302715879,10.462765682029975,0.20552807740590953,-0.3036563324205803,264,horizon_step,,
lightgbm_oracle_bottom_up,94,6.380353038961237,7.910554748037595,0.1437423908714839,-0.609428239591194,264,horizon_step,,
lightgbm_oracle_bottom_up,95,4.951331543199943,6.53486360320195,0.11063896671378695,-0.9741665666753595,264,horizon_step,,
lightgbm_oracle_bottom_up,96,4.608919671087554,6.34567179435313,0.09928104872805303,-2.3675573883634624,264,horizon_step,,
previous_day,1,5.242383891885931,7.402336870767353,0.11869169689546576,-0.15479001854405258,264,horizon_step,,
previous_day,2,5.1259198911262285,7.282179183058744,0.12001819167732988,-0.11966296398278439,264,horizon_step,,
previous_day,3,5.566508480996797,7.90351149956797,0.11785122172999017,-0.09536485960989287,264,horizon_step,,
previous_day,4,5.980765400510846,8.111163624720714,0.13302818628338292,-0.07382684765440045,264,horizon_step,,
previous_day,5,6.033764160040653,8.702373525875291,0.12875391302975478,-0.13483962145718661,264,horizon_step,,
previous_day,6,5.702240669366085,8.275967551063697,0.13159542656773995,-0.13305977619055545,264,horizon_step,,
previous_day,7,5.37837568918864,7.971140143266223,0.12709291062452394,-0.10324537392818567,264,horizon_step,,
previous_day,8,5.208819035327796,7.562249374667968,0.13134026611593233,-0.10382302602132161,264,horizon_step,,
previous_day,9,4.971182079026193,7.10736593021751,0.1330811329419157,-0.1388538172750762,264,horizon_step,,
previous_day,10,5.32229706735322,7.440296323814899,0.1482221279041857,-0.10592509038520581,264,horizon_step,,
previous_day,11,5.076809904792092,7.091567154203966,0.144814220627072,-0.10078599958708792,264,horizon_step,,
previous_day,12,5.388177539363052,7.706980746721926,0.15668662030610303,-0.1206225265156139,264,horizon_step,,
previous_day,13,5.224998994307085,7.495078222287508,0.14738136164682947,-0.13511274077675559,264,horizon_step,,
previous_day,14,5.206260312687267,7.48122377381563,0.14369167862266355,-0.12051857601512563,264,horizon_step,,
previous_day,15,5.139760291937626,7.58480309701791,0.1422140611903758,-0.15263655691435843,264,horizon_step,,
previous_day,16,5.245279037591183,7.533897530291864,0.14626138578457534,-0.11574545773592862,264,horizon_step,,
previous_day,17,5.514350912787697,7.626990360713529,0.14577132780383623,-0.12169523672624068,264,horizon_step,,
previous_day,18,5.36320356166724,7.297547292770264,0.14266609313377354,-0.08545184857917554,264,horizon_step,,
previous_day,19,5.144221103552616,7.345168168880167,0.13607837129726646,-0.09637802297418768,264,horizon_step,,
previous_day,20,5.481636386929137,7.5730908184581445,0.14500915569832626,-0.13390002106175278,264,horizon_step,,
previous_day,21,5.011932250225183,7.167539398732533,0.13229297119023675,-0.10965091531926935,264,horizon_step,,
previous_day,22,5.38201465028705,7.80717274282066,0.13973768911426931,-0.09535132032452208,264,horizon_step,,
previous_day,23,5.255865357138894,7.574234023156648,0.13968036424821695,-0.10228144038807262,264,horizon_step,,
previous_day,24,5.338899966442224,7.699361160078099,0.14181559347327757,-0.13858962781501538,264,horizon_step,,
previous_day,25,5.289008581277096,7.772148177974034,0.14286238089290948,-0.14271017999360056,264,horizon_step,,
previous_day,26,4.76695974667867,7.010260608572123,0.128344948995706,-0.1467583468466094,264,horizon_step,,
previous_day,27,5.085295734983502,7.489992616639976,0.13484266584266213,-0.126103502331358,264,horizon_step,,
previous_day,28,4.918301271669792,7.366333271929504,0.12874496156448748,-0.0773032217314749,264,horizon_step,,
previous_day,29,4.925368489641132,7.3602409871904815,0.12845210050232903,-0.07101651394005978,264,horizon_step,,
previous_day,30,4.974548650510384,7.270668228674818,0.13365978187889405,-0.051326441042351,264,horizon_step,,
previous_day,31,4.966512860673847,7.497040835137216,0.13553557733776464,-0.03266006527525006,264,horizon_step,,
previous_day,32,5.058503165389553,7.491143313378414,0.14057747583897015,-0.04797502719994747,264,horizon_step,,
previous_day,33,4.683877576481212,6.912941000281762,0.13322508089073376,-0.02912157954591693,264,horizon_step,,
previous_day,34,4.821063561873003,6.963834158889612,0.14064887408799415,-0.01501254601912065,264,horizon_step,,
previous_day,35,4.725035790241126,6.816415422702777,0.14085036103250698,-0.023966688098329487,264,horizon_step,,
previous_day,36,4.8015562548781885,7.188535031682616,0.1454624085441326,-0.0112096035119259,264,horizon_step,,
previous_day,37,4.970336010961821,7.36643644013376,0.15243687229239952,0.045071833061449455,264,horizon_step,,
previous_day,38,5.0525837667060625,7.578286679741567,0.15240255894768676,-0.0375279224280155,264,horizon_step,,
previous_day,39,4.946321509101174,7.608555578628728,0.14752829951507987,-0.04449237476695667,264,horizon_step,,
previous_day,40,5.27627166112264,7.746781913964955,0.15634778690743123,-0.07320830316254587,264,horizon_step,,
previous_day,41,6.196354324167425,9.60525385770865,0.2080780562217892,-0.04944535457726681,264,horizon_step,,
previous_day,42,6.043926491881862,9.583928569235182,0.20771713192258157,0.00036117524811715793,264,horizon_step,,
previous_day,43,5.494087045842951,8.672926604771709,0.18979589897922294,-0.01814272909453421,264,horizon_step,,
previous_day,44,5.5178114934401075,8.142886411431801,0.18856114412822034,-0.017474514065366802,264,horizon_step,,
previous_day,45,5.438347462451819,7.486569893253908,0.1587255990380659,-0.04489327199531324,264,horizon_step,,
previous_day,46,5.491110584952614,7.772695701153438,0.15923054103642498,-0.027504436897509026,264,horizon_step,,
previous_day,47,5.60596050638141,8.20743590446981,0.17199274749600715,-0.035738713813550545,264,horizon_step,,
previous_day,48,5.5837170138503565,8.226029375230388,0.17581598262202516,-0.056655500874374855,264,horizon_step,,
previous_day,49,5.556782491279371,8.187044430319553,0.1745855334147687,-0.08001127387538101,264,horizon_step,,
previous_day,50,5.3046597278479375,7.975147072531232,0.16942986595421883,-0.05328023072445032,264,horizon_step,,
previous_day,51,5.704291661580403,8.511646104165006,0.18339838075293605,-0.020940332701711944,264,horizon_step,,
previous_day,52,5.779984705375902,8.498550759949685,0.1853565087573337,-0.019434806072350704,264,horizon_step,,
previous_day,53,5.3034637877435395,7.758268072342709,0.17061381401061387,-0.04076154665513472,264,horizon_step,,
previous_day,54,5.55041385419441,8.269380567872016,0.1801433316922487,-0.04350623939976548,264,horizon_step,,
previous_day,55,5.658852642232722,8.566884294247918,0.18399464922271516,-0.0501234820394805,264,horizon_step,,
previous_day,56,5.521977012807673,8.289889017330786,0.17852489243006453,-0.0811896613149932,264,horizon_step,,
previous_day,57,5.525441704374371,7.911625821536753,0.17414335918609875,-0.12922645337653882,264,horizon_step,,
previous_day,58,5.566131895238703,8.075380228452953,0.17217835023215128,-0.06589836062807025,264,horizon_step,,
previous_day,59,5.430245601769649,7.626636084411208,0.16664705127107762,-0.047059824972441704,264,horizon_step,,
previous_day,60,5.1516210454883,7.312832305594646,0.1573031116326193,-0.014840530626701586,264,horizon_step,,
previous_day,61,5.03883400107875,7.058297589252855,0.15017483140236837,-0.043646378950639206,264,horizon_step,,
previous_day,62,5.163904132265033,7.039186551585689,0.14787994423103262,-0.03365903189688018,264,horizon_step,,
previous_day,63,5.3246783848964805,7.268347200400363,0.14712182109836497,-0.02937896323926521,264,horizon_step,,
previous_day,64,5.300633632775509,7.300627300504516,0.14245047804022148,-0.04046606295036547,264,horizon_step,,
previous_day,65,5.200579224210797,7.269272632439207,0.13493234159492976,-0.06545862284573642,264,horizon_step,,
previous_day,66,5.216565883520878,6.947156231086516,0.1313832673265182,-0.0923918088277181,264,horizon_step,,
previous_day,67,5.611639933152632,7.405308398651306,0.1384006450580259,-0.07011455478090228,264,horizon_step,,
previous_day,68,5.573289047588002,7.53833843633922,0.13306027618908228,-0.15662826191295276,264,horizon_step,,
previous_day,69,5.750263604250821,7.871404991663605,0.13574258036443815,-0.186425324642297,264,horizon_step,,
previous_day,70,6.013034163099347,8.149060200518464,0.14212989451041574,-0.1596688718506784,264,horizon_step,,
previous_day,71,5.57248887871251,7.56343395544377,0.1327489128344191,-0.09885485967000325,264,horizon_step,,
previous_day,72,5.331508600350582,7.120487386602216,0.12189630229095354,-0.0860775022795706,264,horizon_step,,
previous_day,73,5.670504945697206,7.577019280548287,0.125801089250778,-0.11088787425648082,264,horizon_step,,
previous_day,74,6.154901229973995,8.368178519071494,0.13724129616916309,-0.12250352628303296,264,horizon_step,,
previous_day,75,5.831892056898638,7.785226545470893,0.13042260589807736,-0.13303349234841086,264,horizon_step,,
previous_day,76,5.9185239618474785,7.654691329544128,0.13124536741998966,-0.1776627916278261,264,horizon_step,,
previous_day,77,5.714326193838408,7.654511336098753,0.12265794105826798,-0.14374523451834015,264,horizon_step,,
previous_day,78,6.22535194050182,8.371662574967129,0.13157850748770833,-0.14615131146980054,264,horizon_step,,
previous_day,79,6.215739488601685,8.418982312164124,0.13003962937114152,-0.09426397988290498,264,horizon_step,,
previous_day,80,5.91740132823135,8.07348592405473,0.12667899221284323,-0.15961345036824545,264,horizon_step,,
previous_day,81,6.190848350524902,8.214373289562033,0.13106949250458283,-0.11656045913696289,264,horizon_step,,
previous_day,82,5.421394449291808,7.261859768988904,0.11884028803269199,-0.08474399104262843,264,horizon_step,,
previous_day,83,5.504018350081011,7.321704477133692,0.11950519329914916,-0.08085386680834221,264,horizon_step,,
previous_day,84,5.554943691600453,7.383271465137927,0.11418468521433126,-0.06422093420317679,264,horizon_step,,
previous_day,85,5.233906572515314,7.070071127842719,0.1114475159692802,-0.03347612149787672,264,horizon_step,,
previous_day,86,5.931635914426861,8.029021786238623,0.1278073144660161,-0.08167687329378995,264,horizon_step,,
previous_day,87,5.829696380730831,7.543324642161948,0.12455527152628926,-0.07549230980150627,264,horizon_step,,
previous_day,88,5.369215127193566,7.316891195340212,0.11732980180371196,-0.04453719745982777,264,horizon_step,,
previous_day,89,5.376353892413053,7.369795001598559,0.11966946285242222,-0.07312467603972464,264,horizon_step,,
previous_day,90,5.565192367091323,7.605514868904714,0.12916814106695654,-0.07361997257579457,264,horizon_step,,
previous_day,91,5.957137469089393,8.125183073981864,0.1441392055983935,-0.08783015337857333,264,horizon_step,,
previous_day,92,5.800426497603908,8.167469784216644,0.13964347287458498,-0.11807133212234035,264,horizon_step,,
previous_day,93,5.6262133843971025,7.741341604254624,0.12771215790595813,-0.04192173119747278,264,horizon_step,,
previous_day,94,5.375052466537014,7.50578808247338,0.12118404887907668,-0.08399917140151515,264,horizon_step,,
previous_day,95,5.683810970999978,7.702150167961006,0.12709405001070326,-0.06879557985247987,264,horizon_step,,
previous_day,96,5.737295288028139,8.125212574637338,0.12363228740069146,-0.03978813778270374,264,horizon_step,,
previous_week,1,7.393836202043476,10.839581146660946,0.16740227031942082,-0.49657017534429376,264,horizon_step,,
previous_week,2,8.069432164683487,11.276205804764794,0.18893753254801782,-0.4687712337031509,264,horizon_step,,
previous_week,3,8.119785532806858,11.50923427703483,0.1719078751956613,-0.2507373130682743,264,horizon_step,,
previous_week,4,8.331079569729892,11.5040042773945,0.1853054468327835,-0.3440536152232777,264,horizon_step,,
previous_week,5,8.241954976862127,11.677155676780583,0.17587428446638376,-0.6078158002911191,264,horizon_step,,
previous_week,6,8.099468137278702,11.674053753259683,0.1869182706059825,-0.6777934088851466,264,horizon_step,,
previous_week,7,7.863473400925145,11.629966678019189,0.18581664426139505,-0.7010074312036688,264,horizon_step,,
previous_week,8,7.588967821814797,11.125708570759404,0.19135566939496818,-0.6154996409560695,264,horizon_step,,
previous_week,9,7.707003658468073,11.043886109367596,0.20632050127146753,-0.5687168944965709,264,horizon_step,,
previous_week,10,7.65911408626672,11.188567384208895,0.2133007935034217,-0.5049889159925056,264,horizon_step,,
previous_week,11,7.221017945896495,10.478042672198125,0.20597700240500252,-0.44372258041844226,264,horizon_step,,
previous_week,12,7.3744788386605,10.799272049822482,0.21444767870161557,-0.619378899082993,264,horizon_step,,
previous_week,13,7.228589108496001,10.848828735247547,0.2038965570627569,-0.6489725618651419,264,horizon_step,,
previous_week,14,7.858223243193193,11.52657781854996,0.21688529212693794,-0.7556327834273829,264,horizon_step,,
previous_week,15,8.363219333417488,12.267237098769623,0.23140522485004683,-0.6920613086584843,264,horizon_step,,
previous_week,16,7.874571171673861,11.687211659721045,0.21957758276997372,-0.549492308587739,264,horizon_step,,
previous_week,17,7.946004101724336,11.403103387908752,0.2100518423586366,-0.6413185813210227,264,horizon_step,,
previous_week,18,8.11735388726899,11.908367849131563,0.21592899698196633,-0.6240684408130068,264,horizon_step,,
previous_week,19,8.45780459317294,12.259336965142626,0.22373149416044366,-0.7163946917562773,264,horizon_step,,
previous_week,20,8.361419280370077,12.102380902166793,0.22118985366802402,-0.7738210938193582,264,horizon_step,,
previous_week,21,8.26775759639162,12.30458714631511,0.2182324426788003,-0.8023855758435798,264,horizon_step,,
previous_week,22,8.539159016175704,12.734584955299972,0.22170923444736976,-0.7750458934090354,264,horizon_step,,
previous_week,23,8.061744754964655,12.043147697360011,0.21424967485518057,-0.7578801892020486,264,horizon_step,,
previous_week,24,7.943854216373328,11.622794962895131,0.21101020945161275,-0.7502357526258989,264,horizon_step,,
previous_week,25,7.738462715437918,11.67217405110202,0.209025035786863,-0.8067989421613289,264,horizon_step,,
previous_week,26,7.347554806506995,11.351104754445405,0.19782452485388308,-0.8323696382117994,264,horizon_step,,
previous_week,27,7.906923265168161,12.163426880962488,0.209661476392405,-0.792748212814331,264,horizon_step,,
previous_week,28,8.011576215426127,12.374250112887399,0.20971673245543482,-0.7429730711561261,264,horizon_step,,
previous_week,29,8.049822886784872,12.39452681461517,0.20993691348250337,-0.705536683400472,264,horizon_step,,
previous_week,30,8.167590701218808,12.252148167484712,0.21945275205801515,-0.6762762467066447,264,horizon_step,,
previous_week,31,8.1953299406803,12.686020939531838,0.2236496322759683,-0.6555860548308401,264,horizon_step,,
previous_week,32,8.058341987205274,12.451976060474017,0.22394398875922622,-0.594166018746116,264,horizon_step,,
previous_week,33,7.803461284348459,12.21487572627196,0.22195643328834613,-0.5018706321716309,264,horizon_step,,
previous_week,34,7.510995467503865,11.714221752448248,0.21912448202073181,-0.4740386225960471,264,horizon_step,,
previous_week,35,7.614064585078847,12.118286884226606,0.22697050209612327,-0.5379388693607214,264,horizon_step,,
previous_week,36,7.764864751786897,12.077856765150633,0.23523538387514206,-0.503960107312058,264,horizon_step,,
previous_week,37,7.835521401781024,12.287294805633467,0.24031018680294852,-0.3592385739991159,264,horizon_step,,
previous_week,38,8.330810669696692,12.702431943214037,0.2512846739002576,-0.3294865507068056,264,horizon_step,,
previous_week,39,7.8799608765226425,12.298722465244138,0.23502662053401208,-0.32496567928429804,264,horizon_step,,
previous_week,40,8.046842293305831,12.633307750183953,0.23844602115953148,-0.3369607347430605,264,horizon_step,,
previous_week,41,6.552045981089274,9.366773684777453,0.22002243911447514,-0.14532569682959354,264,horizon_step,,
previous_week,42,6.370381210789536,9.367996697777205,0.21893669887217576,-0.17478738409100156,264,horizon_step,,
previous_week,43,6.281616409619649,9.423547096905653,0.21700148242254114,-0.2726864923130382,264,horizon_step,,
previous_week,44,6.174214478695031,9.352499764512402,0.21099251896876992,-0.30062137950550427,264,horizon_step,,
previous_week,45,7.752426664034526,12.031165125382753,0.22626516138282818,-0.40410827506672253,264,horizon_step,,
previous_week,46,8.66075818827658,13.560194963678905,0.2511435875802578,-0.4341417695536758,264,horizon_step,,
previous_week,47,8.685342651424985,13.925789351090351,0.2664692239380547,-0.39409878759673145,264,horizon_step,,
previous_week,48,8.647782473853141,13.788625907712802,0.27229502665887867,-0.36913799155842175,264,horizon_step,,
previous_week,49,8.624353036735997,14.150959046266289,0.2709638676048252,-0.3733475533398715,264,horizon_step,,
previous_week,50,8.386705488869637,13.334644094603442,0.26786984645161527,-0.200966477394104,264,horizon_step,,
previous_week,51,8.338179996519377,13.407544041255932,0.26808038587642985,-0.19412121267029733,264,horizon_step,,
previous_week,52,8.49647685253259,13.278145350884659,0.2724708396993098,-0.21256105105082193,264,horizon_step,,
previous_week,53,8.020523479490569,12.595026598220876,0.2580223333211035,-0.17267601056532425,264,horizon_step,,
previous_week,54,7.820536089665962,12.297482409606882,0.2538220507192024,-0.1795048677560055,264,horizon_step,,
previous_week,55,7.8000812386021465,12.097623864467034,0.25361558290004005,-0.21378093054800323,264,horizon_step,,
previous_week,56,7.835171764547175,12.379631506250039,0.25331021719079033,-0.31922320886091754,264,horizon_step,,
previous_week,57,7.616003105134675,11.593774742192396,0.2400308310645875,-0.35882547768679535,264,horizon_step,,
previous_week,58,7.674005100221345,11.485120159226677,0.2373816436077396,-0.3257419232166175,264,horizon_step,,
previous_week,59,7.588971119938475,11.146105707593085,0.23289548062190246,-0.3425376668120875,264,horizon_step,,
previous_week,60,7.7839471282381,11.82710721566125,0.23768035211518265,-0.3208920955657959,264,horizon_step,,
previous_week,61,7.686785488417654,11.838466015439478,0.22909302320778158,-0.3514324173782811,264,horizon_step,,
previous_week,62,7.558567686514421,11.269026432287204,0.21645649092597635,-0.2522501837123524,264,horizon_step,,
previous_week,63,7.452719002059012,11.301854967084337,0.20591996595088768,-0.20676846937699753,264,horizon_step,,
previous_week,64,7.559849486206517,11.351755175426845,0.20316517756733818,-0.3035288146047881,264,horizon_step,,
previous_week,65,7.504315426855376,10.879258055101555,0.19470424523072466,-0.4019110780773741,264,horizon_step,,
previous_week,66,7.775268518563473,11.272859690014354,0.19582618241953573,-0.43568950710874615,264,horizon_step,,
previous_week,67,7.853896697362264,11.440895472782431,0.19370173105945634,-0.5527040741660378,264,horizon_step,,
previous_week,68,7.559757109844323,11.143153142315885,0.18048648838581183,-0.6760533650716146,264,horizon_step,,
previous_week,69,7.458397540179166,10.69760203930157,0.17606534189828724,-0.8287957003622344,264,horizon_step,,
previous_week,70,7.677905559539795,11.00947193698958,0.18148240599315818,-0.7317012006586249,264,horizon_step,,
previous_week,71,7.271824634436405,10.429553839755128,0.17323081939770743,-0.6824952761332194,264,horizon_step,,
previous_week,72,7.268037940516616,10.511566100856003,0.16617190672844004,-0.6614920948490952,264,horizon_step,,
previous_week,73,7.854386777588815,10.958329723601171,0.1742508685698875,-0.6366638992771958,264,horizon_step,,
previous_week,74,8.329687082406247,12.19471127209305,0.18573442678588648,-0.6538241632056959,264,horizon_step,,
previous_week,75,8.142132347280329,11.798147082331996,0.18208809558523467,-0.7023072170488762,264,horizon_step,,
previous_week,76,7.941130197409428,11.584842384360103,0.17609737786102317,-0.7216431805581758,264,horizon_step,,
previous_week,77,8.066801916469228,11.665626713787226,0.17315380334183733,-0.7393234643069181,264,horizon_step,,
previous_week,78,7.875743259083141,11.692413183712356,0.1664610375912347,-0.7957193923719001,264,horizon_step,,
previous_week,79,7.930295200058908,11.562147587175362,0.16590988900202402,-0.7372477054595947,264,horizon_step,,
previous_week,80,7.782993186603893,11.160405727344614,0.16661735085882615,-0.7785881793860233,264,horizon_step,,
previous_week,81,7.95911101138953,11.172093282314034,0.16850625019138343,-0.731098680785208,264,horizon_step,,
previous_week,82,7.677592761588819,11.048660162694755,0.16829753741753903,-0.6444588791240345,264,horizon_step,,
previous_week,83,7.889496673237193,11.363369751098375,0.17129954244326384,-0.5707929784601385,264,horizon_step,,
previous_week,84,7.603988676360159,10.974888946706042,0.15630384421293156,-0.44233349597815314,264,horizon_step,,
previous_week,85,7.719731504266912,11.119126006370832,0.16437910921418625,-0.4251763603904031,264,horizon_step,,
previous_week,86,7.855688918720592,11.371877325336179,0.16926435109413365,-0.5856403726519961,264,horizon_step,,
previous_week,87,8.44547065821561,12.029535815883436,0.1804429977654309,-0.6963273033951268,264,horizon_step,,
previous_week,88,8.204845117800163,11.758177587535412,0.1792948929585591,-0.7067149552431974,264,horizon_step,,
previous_week,89,8.109040180842081,11.594620994991375,0.1804949045596656,-0.6901423064145175,264,horizon_step,,
previous_week,90,7.879954114104763,11.457212841887731,0.18289377212378505,-0.574164325540716,264,horizon_step,,
previous_week,91,7.830549543554133,11.287800819841232,0.18946838082272535,-0.6016117731730143,264,horizon_step,,
previous_week,92,7.843357129530474,11.293379645636959,0.18882639561344616,-0.738784089232936,264,horizon_step,,
previous_week,93,7.634403214310154,11.043470386306641,0.17329703696053703,-0.714257103024107,264,horizon_step,,
previous_week,94,7.745620835911144,11.148565103600287,0.17463005241744037,-0.5826759844115286,264,horizon_step,,
previous_week,95,7.592278177087957,10.934046657089059,0.16976873215124233,-0.6658264795939127,264,horizon_step,,
previous_week,96,7.69463680007241,11.18711715658395,0.16581080466531903,-0.6176372369130453,264,horizon_step,,
ridge_bottom_up,1,8.92255153800502,12.420147396878395,0.20188686210637455,-7.798341975067601,264,horizon_step,,
ridge_bottom_up,2,8.580769733949142,11.691393687109276,0.20081244361542366,-6.372914870580037,264,horizon_step,,
ridge_bottom_up,3,13.659347021218503,15.843135385912904,0.2890661610723642,-10.93611199205572,264,horizon_step,,
ridge_bottom_up,4,10.43477977405895,13.271791256756266,0.2319841485943762,-8.703425089518229,264,horizon_step,,
ridge_bottom_up,5,11.497873653065074,16.262024330563847,0.2453326740072035,-10.322782256386496,264,horizon_step,,
ridge_bottom_up,6,10.706100257960232,15.094647576350402,0.24705976065190421,-6.830485073002902,264,horizon_step,,
ridge_bottom_up,7,11.695822105263218,15.822857598149307,0.27634025689617375,-5.860531261472991,264,horizon_step,,
ridge_bottom_up,8,10.094083027406173,13.355537646989545,0.2545107511904685,-3.2373841964837275,264,horizon_step,,
ridge_bottom_up,9,9.226186076800028,11.770122074648235,0.24695080036774866,-0.6704939170317217,264,horizon_step,,
ridge_bottom_up,10,9.16810068578431,11.353559376038916,0.2551404409712189,0.7162628426696315,264,horizon_step,,
ridge_bottom_up,11,8.791863398118453,10.624078073513061,0.2505771330956438,1.5232368527036724,264,horizon_step,,
ridge_bottom_up,12,9.287446368824352,11.128937099730539,0.2700076678735506,2.1725987521084873,264,horizon_step,,
ridge_bottom_up,13,8.872020558877425,10.78240102066126,0.2501599518423108,1.3708157647739758,264,horizon_step,,
ridge_bottom_up,14,8.893886334968336,10.92080269648651,0.2453225284394893,0.5422298258001154,264,horizon_step,,
ridge_bottom_up,15,9.145250623876398,11.238326755269382,0.2529472745326192,0.6011849027691465,264,horizon_step,,
ridge_bottom_up,16,9.003578684546731,10.914370736590977,0.25092982479135845,0.834966854615645,264,horizon_step,,
ridge_bottom_up,17,8.9295636993466,11.380165220567694,0.23582322705872896,-0.882983102942958,264,horizon_step,,
ridge_bottom_up,18,9.306078134161053,11.656036661194019,0.24737989497740656,-0.676191918777697,264,horizon_step,,
ridge_bottom_up,19,9.571161663893497,11.986936872706366,0.2530423174134149,-0.922106146812439,264,horizon_step,,
ridge_bottom_up,20,10.263050650105331,12.69397624439229,0.271325240390704,-0.96352777336583,264,horizon_step,,
ridge_bottom_up,21,10.661258383230729,13.024632584669078,0.28136739807273076,-0.7619874513510502,264,horizon_step,,
ridge_bottom_up,22,10.79559244892814,13.461817528742385,0.28025662977206944,-1.4316567254788948,264,horizon_step,,
ridge_bottom_up,23,10.66164556055358,13.26824878845426,0.2831630474611362,-0.6033963398499922,264,horizon_step,,
ridge_bottom_up,24,10.271286473129734,12.977647481156746,0.2726966806352549,-0.6571863492329916,264,horizon_step,,
ridge_bottom_up,25,10.164114565560311,12.452242372729662,0.27438457285659745,0.23208958091157855,264,horizon_step,,
ridge_bottom_up,26,9.91159468347376,12.294051212276571,0.26671723969670164,0.07376869158311324,264,horizon_step,,
ridge_bottom_up,27,10.258762269309074,12.88385055584955,0.27188615723540877,-0.5368199095581517,264,horizon_step,,
ridge_bottom_up,28,10.52487681128762,13.396091806815067,0.27548422067569156,-1.0501758835532449,264,horizon_step,,
ridge_bottom_up,29,10.463389414729495,13.527228009039325,0.2727221824498172,-0.944504560846271,264,horizon_step,,
ridge_bottom_up,30,10.09516174143011,12.77419205185575,0.27104835956145473,0.13688992009018408,264,horizon_step,,
ridge_bottom_up,31,10.154723272179112,12.668013656818223,0.27694532196181065,0.6746694283051924,264,horizon_step,,
ridge_bottom_up,32,10.162690498612143,12.586102067707687,0.2822710866008273,1.2980562304005479,264,horizon_step,,
ridge_bottom_up,33,10.036652572227247,12.332655472540283,0.2851561845196876,2.371512853738033,264,horizon_step,,
ridge_bottom_up,34,10.136842008792993,12.048194204308503,0.29554602921894585,3.229651107932582,264,horizon_step,,
ridge_bottom_up,35,10.04402517188679,11.956774200871104,0.29926110996187655,3.9253908612511377,264,horizon_step,,
ridge_bottom_up,36,10.146234306422146,11.947554762051533,0.3071563171712086,4.415124947374517,264,horizon_step,,
ridge_bottom_up,37,10.208259958209414,11.979375595433467,0.3128065231436189,5.080709775288899,264,horizon_step,,
ridge_bottom_up,38,9.97737084013043,11.970742944079525,0.30072258616426983,4.496932651057388,264,horizon_step,,
ridge_bottom_up,39,9.5219574805462,11.686919309178569,0.2837839214587023,4.0811674053018745,264,horizon_step,,
ridge_bottom_up,40,9.252845706361713,11.710178019203209,0.27395931390990824,3.819981069275827,264,horizon_step,,
ridge_bottom_up,41,11.08942503640146,14.370850621882681,0.3721288096144732,8.061750057971839,264,horizon_step,,
ridge_bottom_up,42,11.622783447756913,14.585452798448884,0.39915046590736875,8.702702381394126,264,horizon_step,,
ridge_bottom_up,43,11.413889361150337,14.004438704180929,0.39397565160259745,8.810245553652445,264,horizon_step,,
ridge_bottom_up,44,11.054863048322273,13.494988141497432,0.3775645769769528,8.46169003573331,264,horizon_step,,
ridge_bottom_up,45,10.285702246608157,12.510089029907203,0.30009486605998564,3.7334645625316734,264,horizon_step,,
ridge_bottom_up,46,10.331865711645646,12.842959013662082,0.29960951505686984,3.4836563449917417,264,horizon_step,,
ridge_bottom_up,47,10.994040330251059,13.24516634745411,0.3370653545292941,5.310943213376132,264,horizon_step,,
ridge_bottom_up,48,11.087797909071952,13.401461738752737,0.34883840077700234,6.102759989825162,264,horizon_step,,
ridge_bottom_up,49,11.394650188359348,13.715827766936863,0.35770242861507723,6.299787120385603,264,horizon_step,,
ridge_bottom_up,50,11.41111775600549,13.789421739641934,0.36402916514733935,6.7679695938572735,264,horizon_step,,
ridge_bottom_up,51,11.45476255272374,13.806420052104576,0.36785093988902645,6.934785358833544,264,horizon_step,,
ridge_bottom_up,52,11.693493106148459,13.944446879898608,0.37463066667279954,6.820869720343388,264,horizon_step,,
ridge_bottom_up,53,11.679218288623925,13.73197148401908,0.37542519854104495,7.19218740680001,264,horizon_step,,
ridge_bottom_up,54,11.750372565153873,13.784521594515644,0.38112521673333455,7.430541482838717,264,horizon_step,,
ridge_bottom_up,55,11.728153095100865,13.738600613897729,0.3811802479132221,7.453070680300395,264,horizon_step,,
ridge_bottom_up,56,11.803916064175693,13.866557687554018,0.38137788308087006,7.23014767964681,264,horizon_step,,
ridge_bottom_up,57,11.451985146060135,13.331319554730007,0.3606296317566936,6.6925667596585825,264,horizon_step,,
ridge_bottom_up,58,11.217298630512122,13.050802028535369,0.346718077157384,6.0550885706236866,264,horizon_step,,
ridge_bottom_up,59,11.036174456278482,12.894704899296784,0.33846665537631543,5.761283209829619,264,horizon_step,,
ridge_bottom_up,60,10.995368466232762,12.963457398117866,0.335518687212518,5.556198611403957,264,horizon_step,,
ridge_bottom_up,61,10.997734925963663,12.924368502221263,0.327586462977305,5.022691556901643,264,horizon_step,,
ridge_bottom_up,62,10.694207400986642,12.871149004525584,0.30608112263545195,3.615357868599169,264,horizon_step,,
ridge_bottom_up,63,10.364140850124937,12.978039229677623,0.28617970984900903,2.2987724723237934,264,horizon_step,,
ridge_bottom_up,64,10.153169603058785,12.812556790632065,0.27262446067056206,1.231727730144154,264,horizon_step,,
ridge_bottom_up,65,10.044941801013369,12.901068604246223,0.2604700229553102,0.17662578640562115,264,horizon_step,,
ridge_bottom_up,66,10.138282284592137,13.29875013150125,0.2551290481859841,-1.036767916245894,264,horizon_step,,
ridge_bottom_up,67,10.234259876337918,13.593716592417417,0.252233145970862,-1.9137264634623672,264,horizon_step,,
ridge_bottom_up,68,10.478514949480692,14.125792481750196,0.24999543886462539,-3.2941647551276465,264,horizon_step,,
ridge_bottom_up,69,10.907591996770917,14.549548799063205,0.25729884858222063,-3.504776459751707,264,horizon_step,,
ridge_bottom_up,70,10.798180269472526,14.349228908784836,0.2550436569298661,-3.490859111150106,264,horizon_step,,
ridge_bottom_up,71,10.369604490020059,13.804437878584752,0.2468516887294307,-3.1999437989610615,264,horizon_step,,
ridge_bottom_up,72,10.723883448225079,14.453208077775866,0.24505074428159276,-4.9946191599874785,264,horizon_step,,
ridge_bottom_up,73,10.991731730374424,14.74962986426084,0.2436793258356224,-6.072819897622773,264,horizon_step,,
ridge_bottom_up,74,10.633837670990914,14.447466569688839,0.23697271559094488,-5.879356947812167,264,horizon_step,,
ridge_bottom_up,75,9.931779037822377,13.677100886713015,0.22194624139373878,-5.79447687033451,264,horizon_step,,
ridge_bottom_up,76,9.877286354700724,13.789036706000822,0.21890779704942487,-6.206877932404026,264,horizon_step,,
ridge_bottom_up,77,10.510211489417337,14.845147862776486,0.2254913588044541,-7.429093946110118,264,horizon_step,,
ridge_bottom_up,78,10.86995081468062,15.585989864063526,0.22959022173796356,-8.204057057698568,264,horizon_step,,
ridge_bottom_up,79,10.84438992991592,15.383339694806992,0.22667434890677643,-8.740546399896795,264,horizon_step,,
ridge_bottom_up,80,10.512735294573234,15.069510982558288,0.22493530934888473,-7.676199176094749,264,horizon_step,,
ridge_bottom_up,81,10.239486138025919,14.544685788939928,0.21667416476348278,-7.929699904990919,264,horizon_step,,
ridge_bottom_up,82,9.25080529126254,13.4663946924165,0.2026519926364982,-6.361126986416903,264,horizon_step,,
ridge_bottom_up,83,9.422954971140081,13.795767900123394,0.20443470484938797,-6.845366788632942,264,horizon_step,,
ridge_bottom_up,84,10.865416440096768,14.582464085409132,0.22315064676778307,-9.483804240371242,264,horizon_step,,
ridge_bottom_up,85,9.498570138757879,13.242505206370964,0.20202231611203222,-7.542932481476755,264,horizon_step,,
ridge_bottom_up,86,9.56362971392545,13.731547577847035,0.2058678459740646,-7.020924972765373,264,horizon_step,,
ridge_bottom_up,87,11.050381104151407,15.76826294661124,0.23587572583509497,-7.454285672216704,264,horizon_step,,
ridge_bottom_up,88,10.399916020306675,14.946272552129477,0.2270130113932873,-6.458182920109142,264,horizon_step,,
ridge_bottom_up,89,9.635397593180338,13.766170918484267,0.21422618686337222,-5.356485684712728,264,horizon_step,,
ridge_bottom_up,90,9.294895439436942,13.044103276656838,0.21555436755225,-3.5399329084338564,264,horizon_step,,
ridge_bottom_up,91,9.278006315231323,12.329564515616742,0.2242535131198048,-1.8321312629815303,264,horizon_step,,
ridge_bottom_up,92,9.646981250156056,13.02882180793339,0.23199157434411935,-2.0828493616797705,264,horizon_step,,
ridge_bottom_up,93,11.192982572497744,15.164554665136684,0.2539148237281355,-4.313687078880541,264,horizon_step,,
ridge_bottom_up,94,9.466396953120377,13.520036575730451,0.2132675923527874,-4.659733714479389,264,horizon_step,,
ridge_bottom_up,95,8.80844287438826,12.659207097351354,0.19682725939008733,-5.064729943419948,264,horizon_step,,
ridge_bottom_up,96,9.085259004072709,12.741024832400475,0.19570617547289215,-6.775779348431212,264,horizon_step,,
daily_weekly_ensemble,1,9.110340432454182,11.560130908792376,0.1311166228672445,0.21531301416376586,2976,month,,
daily_weekly_ensemble,2,6.439829213496966,8.137243909019926,0.1298926018861398,0.7830682351039007,2496,month,,
daily_weekly_ensemble,5,2.430118872059716,3.086222498382569,0.11981628381514499,1.285789754655626,288,month,,
daily_weekly_ensemble,6,2.5787869685226017,3.384131992471753,0.12716999377639288,0.006105815702014499,2880,month,,
daily_weekly_ensemble,7,2.5626527952250613,3.301843581558862,0.13155561443006952,0.12245784107074943,2976,month,,
daily_weekly_ensemble,8,2.9629399597003894,3.7913908414898256,0.13817272343044107,-0.3390416374770544,2976,month,,
daily_weekly_ensemble,9,2.882329460978508,3.71169593581741,0.13012766121937447,0.06162808769279056,2880,month,,
daily_weekly_ensemble,10,4.218361528856414,5.53189830295381,0.14169831243907455,-0.8750426258359637,2688,month,,
daily_weekly_ensemble,11,8.511538223943848,10.693923134168797,0.1532068423750149,-2.1995090937268906,2208,month,,
daily_weekly_ensemble,12,8.17324847623866,10.175543313665852,0.12532783713023166,0.5060134042975724,2976,month,,
historical_quarter_hour_mean,1,30.089705169200897,34.34316653946399,0.43305302958847836,-30.051248572846895,2976,month,,
historical_quarter_hour_mean,2,10.989602270034643,13.237784827299768,0.22166240520119043,-10.14662710749186,2496,month,,
historical_quarter_hour_mean,5,19.14943633145756,19.58889061777462,0.9441572281792422,19.14943633145756,288,month,,
historical_quarter_hour_mean,6,19.153211941652827,19.75017316977565,0.9445192150995533,19.153211941652827,2880,month,,
historical_quarter_hour_mean,7,19.951862171772987,20.585470502936435,1.0242431171020727,19.951862171772987,2976,month,,
historical_quarter_hour_mean,8,17.995842077078358,18.840985487790757,0.8392119125037819,17.98773809241992,2976,month,,
historical_quarter_hour_mean,9,17.282320517963832,17.9522720399049,0.7802397261979799,17.28146464029948,2880,month,,
historical_quarter_hour_mean,10,10.657236558695635,12.625330360886574,0.35798554137690725,9.661456620054585,2688,month,,
historical_quarter_hour_mean,11,16.807910041532654,20.102658898479433,0.3025407108132975,-16.124383095381916,2208,month,,
historical_quarter_hour_mean,12,25.81557637196715,28.919431967459833,0.39585366337203237,-25.78346755363608,2976,month,,
lightgbm_bottom_up,1,13.208237578791957,16.238362584616763,0.18983316359008184,-7.333349430432883,2976,month,,
lightgbm_bottom_up,2,9.130590151517818,11.300556070038247,0.1841399162703084,6.815838034336384,2496,month,,
lightgbm_bottom_up,5,6.185080776611964,6.859272916722965,0.30495358240232834,5.6261884073416395,288,month,,
lightgbm_bottom_up,6,6.289286704858144,7.008469755380438,0.31014913634877506,5.500051089127859,2880,month,,
lightgbm_bottom_up,7,6.467304846291901,7.155258726643374,0.3318304341889599,6.040051116738268,2976,month,,
lightgbm_bottom_up,8,5.615987176215777,6.421129791252718,0.2616898153507199,4.442684630873383,2976,month,,
lightgbm_bottom_up,9,5.220943922135565,6.018888742974492,0.2360518510401735,4.108982269962628,2880,month,,
lightgbm_bottom_up,10,6.1369485546435625,7.521830859594905,0.20590277166326415,-0.03285862540914899,2688,month,,
lightgbm_bottom_up,11,12.948394961115243,15.941576047319312,0.2327411094440632,-11.494442253009133,2208,month,,
lightgbm_bottom_up,12,9.60097361444145,12.383024845642364,0.14716487551302385,-4.249156384698806,2976,month,,
lightgbm_direct,1,10.571888111002034,13.229509995284676,0.1521513138528845,-6.201222757903204,2976,month,,
lightgbm_direct,2,7.275032261807884,9.011515212825863,0.14673880905277828,-1.2202668231052427,2496,month,,
lightgbm_direct,5,3.2464646486206017,3.8341388137442585,0.16006596805088408,2.1126630655658207,288,month,,
lightgbm_direct,6,4.346438941698474,5.060493423292995,0.21433977289017084,3.3370933323454413,2880,month,,
lightgbm_direct,7,4.262851547635393,4.980040045908838,0.21883653361792826,3.5554801204545905,2976,month,,
lightgbm_direct,8,3.81449338753489,4.551231723504617,0.1778837732224586,1.8763580829000814,2976,month,,
lightgbm_direct,9,3.671674622134442,4.385095391887618,0.16576398978855253,1.9849707871268587,2880,month,,
lightgbm_direct,10,5.308262275850625,6.7786265320319785,0.17830899540655218,-1.0691708336893027,2688,month,,
lightgbm_direct,11,12.505983038195705,15.478171313049122,0.22510645216719397,-11.096315693855676,2208,month,,
lightgbm_direct,12,8.14636242935959,10.365199514584042,0.12491556897098847,-3.303199064744243,2976,month,,
lightgbm_oracle_bottom_up,1,9.156500039562102,11.528448827545965,0.13160025018884935,-7.076418117810321,2976,month,,
lightgbm_oracle_bottom_up,2,5.746685813634824,7.198539126908326,0.11589549273313698,-0.4460301521496895,2496,month,,
lightgbm_oracle_bottom_up,5,5.496977359056473,6.240661061052531,0.2710268464669931,4.57545233103964,288,month,,
lightgbm_oracle_bottom_up,6,5.437160611152649,6.153418503828752,0.2681274915382646,4.306585664219327,2880,month,,
lightgbm_oracle_bottom_up,7,5.597677983904398,6.241879188879589,0.28721081810670857,4.941257910702818,2976,month,,
lightgbm_oracle_bottom_up,8,4.939031289149356,5.690051411099677,0.23014550167471093,3.6618395707299634,2976,month,,
lightgbm_oracle_bottom_up,9,4.764381317628755,5.500976539322087,0.21540952093342294,3.6127931664387387,2880,month,,
lightgbm_oracle_bottom_up,10,5.70736712962389,6.9505540917774455,0.19148974452460948,1.3976913566390674,2688,month,,
lightgbm_oracle_bottom_up,11,8.67646251294924,10.566815673110087,0.1559551988781552,-7.280157352703205,2208,month,,
lightgbm_oracle_bottom_up,12,8.50321784134834,10.657545059236632,0.13033834331133637,-6.838686470703412,2976,month,,
previous_day,1,9.563334208662791,12.155708007842088,0.13763613929549648,0.21766271257913242,2976,month,,
previous_day,2,6.877975549453344,8.680913121652738,0.13873009830063682,0.4919894215388176,2496,month,,
previous_day,5,2.6371977263026767,3.3494546183192058,0.13002624475876748,1.072059002187517,288,month,,
previous_day,6,2.784940619601144,3.661389470749945,0.13733623040029613,-0.077827431095971,2880,month,,
previous_day,7,2.7480826256095723,3.551472567945467,0.14107478741961824,0.11217305224428895,2976,month,,
previous_day,8,3.1621541175791013,4.050058993934647,0.14746280797970304,-0.20198488235473633,2976,month,,
previous_day,9,3.045638061563174,3.919157714904667,0.13750050548953544,0.08552431298626793,2880,month,,
previous_day,10,4.412125217063086,5.730430868265057,0.14820699772909512,-0.5564970139946256,2688,month,,
previous_day,11,9.010960044204325,11.346282826017024,0.1621963855201124,-1.5092236036839692,2208,month,,
previous_day,12,8.48658965608125,10.67200998663648,0.13013258183702406,0.27056068246082593,2976,month,,
previous_week,1,17.80480351819787,21.676804942606474,0.256247911417736,-0.24872967184230846,2976,month,,
previous_week,2,8.386048124386715,10.33172858960226,0.16914821407623437,2.589650490345099,2496,month,,
previous_week,5,4.035277648104562,5.198460975408318,0.1989581569515608,2.6619930697811975,288,month,,
previous_week,6,2.7130503243870203,3.555438833403712,0.13379104093464564,0.5465482493241628,2880,month,,
previous_week,7,2.6478063909597296,3.408556632597791,0.13592703518151789,0.1357625360770892,2976,month,,
previous_week,8,3.6069415503291675,4.71711983368742,0.16820487220193092,-1.3350551676365636,2976,month,,
previous_week,9,3.99471069905493,5.1838351056265495,0.18034800238955284,0.11400169531504313,2880,month,,
previous_week,10,6.6685783206706954,8.689956085608594,0.2240031557141102,-3.1328519153453054,2688,month,,
previous_week,11,10.931631139223127,13.778597973763908,0.19676827440395817,-7.160416743893554,2208,month,,
previous_week,12,14.627343026540613,17.951190929527588,0.22429432676711655,1.9521720550393546,2976,month,,
ridge_bottom_up,1,15.876927971839905,19.39687039408951,0.2281884654941142,-11.843268844389147,2976,month,,
ridge_bottom_up,2,9.42587880904858,11.908852220639988,0.19009510950217712,3.0670064932260757,2496,month,,
ridge_bottom_up,5,14.635566615396076,15.494271737589882,0.7216022928479469,14.461214764250649,288,month,,
ridge_bottom_up,6,7.821582344505522,8.650853510797516,0.3857125812304546,6.4785625888241665,2880,month,,
ridge_bottom_up,7,8.566689551517527,9.342388518515179,0.43954759842068886,7.90184752274585,2976,month,,
ridge_bottom_up,8,8.30108769189927,9.335193847296964,0.38680823818529836,7.40544724688735,2976,month,,
ridge_bottom_up,9,4.612017282181316,5.983087315208448,0.2085207641998308,-1.3327099704080159,2880,month,,
ridge_bottom_up,10,8.291662142035507,10.568926446859152,0.27819627320301504,-5.393466182053089,2688,month,,
ridge_bottom_up,11,21.602620015109796,24.32373933097136,0.38829660079986733,-21.420875011146933,2208,month,,
ridge_bottom_up,12,10.363606039554842,13.035511210374484,0.15885459682786957,3.601103961467743,2976,month,,
daily_weekly_ensemble,autumn,4.94258500972893,6.939272371705465,0.14422609489329208,-0.9042106178807624,7776,season,,
daily_weekly_ensemble,spring,2.430118872059716,3.086222498382569,0.11981628381514499,1.285789754655626,288,season,,
daily_weekly_ensemble,summer,2.7027933093300764,3.500235647850651,0.13247772676863526,-0.07098829584277194,8832,season,,
daily_weekly_ensemble,winter,7.991213815004537,10.154550456884765,0.12868633125457954,0.4854646941477602,8448,season,,
historical_quarter_hour_mean,autumn,14.857458890588195,17.006310299481882,0.4335450521557504,5.161776708354675,7776,season,,
historical_quarter_hour_mean,spring,19.14943633145756,19.58889061777462,0.9441572281792422,19.14943633145756,288,season,,
historical_quarter_hour_mean,summer,19.03233902134757,19.738275120780816,0.9328722991633688,19.029608330864836,8832,season,,
historical_quarter_hour_mean,winter,22.940833940876253,27.602206404128086,0.369427201438262,-22.666914826315463,8448,season,,
lightgbm_bottom_up,autumn,7.731801991354781,10.25361811151855,0.22546847049507077,-1.7533672250837946,7776,season,,
lightgbm_bottom_up,spring,6.185080776611964,6.859272916722965,0.30495358240232834,5.6261884073416395,288,season,,
lightgbm_bottom_up,summer,6.122398411342199,6.8674145044957315,0.2999567883839077,5.325721096193445,8832,season,,
lightgbm_bottom_up,winter,10.732737396928398,13.588097311145335,0.17271106040316606,-2.0664305838220045,8448,season,,
lightgbm_direct,autumn,6.74591595390558,9.541114881596984,0.19684782610618543,-2.785221243063892,7776,season,,
lightgbm_direct,spring,3.2464646486206017,3.8341388137442585,0.16006596805088408,2.1126630655658207,288,season,,
lightgbm_direct,summer,4.139031100448184,4.8669332271711925,0.20287508827227677,2.9184759160256313,8832,season,,
lightgbm_direct,winter,8.743370517706992,11.112834887924727,0.14079866973532204,-3.708681976168263,8448,season,,
lightgbm_oracle_bottom_up,autumn,6.201189592051408,7.720929226283512,0.18083400663042487,-0.24598106337182316,7776,season,,
lightgbm_oracle_bottom_up,spring,5.496977359056473,6.240661061052531,0.2710268464669931,4.57545233103964,288,season,,
lightgbm_oracle_bottom_up,summer,5.3234000630352805,6.031986068355815,0.26081118524279345,4.303191215771696,8832,season,,
lightgbm_oracle_bottom_up,winter,7.918921425712831,10.106497389973454,0.12743117306453736,-5.033693479543382,8448,season,,
previous_day,autumn,5.2118608511279145,7.320890503833945,0.15208364372201946,-0.5892386405801577,7776,season,,
previous_day,spring,2.6371977263026767,3.3494546183192058,0.13002624475876748,1.072059002187517,288,season,,
previous_day,summer,2.899625626379165,3.761456671186131,0.14212548556219606,-0.05564119202503259,8832,season,,
previous_day,winter,8.390625046509685,10.697577589213877,0.1351182410037297,0.31734829779827234,8448,season,,
previous_week,autumn,6.8887534586735715,9.48497079558713,0.20101586681290848,-3.0739430602440616,7776,season,,
previous_week,spring,4.035277648104562,5.198460975408318,0.1989581569515608,2.6619930697811975,288,season,,
previous_week,summer,2.992268433821374,3.941402547862131,0.146666383487702,-0.2258872184632481,8832,season,,
previous_week,winter,13.902656751374403,17.62338418912895,0.2238811191194573,1.3652003025918296,8448,season,,
ridge_bottom_up,autumn,10.708485417159988,14.827985126264144,0.31227207202479995,-8.440475030445759,7776,season,,
ridge_bottom_up,spring,14.635566615396076,15.494271737589882,0.7216022928479469,14.461214764250649,288,season,,
ridge_bottom_up,summer,8.234223531316156,9.120167620551937,0.4034221687881499,7.270467560036459,8832,season,,
ridge_bottom_up,winter,12.028743220323866,15.306860068270915,0.19356636802593236,-1.997328892575972,8448,season,,
daily_weekly_ensemble,0,5.138632712942181,7.228016574791737,0.1147851672629424,-0.13013167092294403,1056,hour,,
daily_weekly_ensemble,1,5.270352136005055,7.645175441732195,0.12244403689282594,-0.19655756336269956,1056,hour,,
daily_weekly_ensemble,2,4.866345251148397,6.895343586586632,0.13640031579992173,-0.1603906633275928,1056,hour,,
daily_weekly_ensemble,3,4.8760319379242985,7.078885533229765,0.1357396404766662,-0.1910208057273518,1056,hour,,
daily_weekly_ensemble,4,5.0288262276938465,7.056585393692608,0.1331902648643454,-0.17025244055372296,1056,hour,,
daily_weekly_ensemble,5,4.942097314379432,7.146650283391905,0.1303340347017233,-0.19447613936482053,1056,hour,,
daily_weekly_ensemble,6,4.746630813136245,7.027565367069104,0.12651088068245678,-0.20270960619955353,1056,hour,,
daily_weekly_ensemble,7,4.748359789450963,7.02499656331127,0.1281700690060123,-0.11557184295220808,1056,hour,,
daily_weekly_ensemble,8,4.576424288027214,6.706819600033094,0.13461029231806748,-0.06862338745232785,1056,hour,,
daily_weekly_ensemble,9,4.9124397400653725,7.3011881410480175,0.14770509922368752,-0.05043522516886393,1056,hour,,
daily_weekly_ensemble,10,5.357483087163983,8.222360364302466,0.1830273450766605,-0.035655868775916824,1056,hour,,
daily_weekly_ensemble,11,5.333256346709801,7.71882505422248,0.16027709746406735,-0.08129960569468411,1056,hour,,
daily_weekly_ensemble,12,5.479948044726343,8.050221173063914,0.17476599902569107,-0.04965693029490384,1056,hour,,
daily_weekly_ensemble,13,5.261232751788515,7.856775354429151,0.1702907299812546,-0.0634211337927616,1056,hour,,
daily_weekly_ensemble,14,5.167140273433743,7.40888886112463,0.15973609451247783,-0.08140322927272681,1056,hour,,
daily_weekly_ensemble,15,4.948523949493062,6.8590651826824125,0.13951749208142003,-0.053651585723414566,1056,hour,,
daily_weekly_ensemble,16,5.061433664777062,6.863233416046417,0.12600123499456428,-0.13319041963779565,1056,hour,,
daily_weekly_ensemble,17,5.335855995163773,7.191589051338583,0.1252666983790582,-0.1890894788684267,1056,hour,,
daily_weekly_ensemble,18,5.571292850104245,7.457211487554057,0.12399048889289929,-0.1853366999915152,1056,hour,,
daily_weekly_ensemble,19,5.702116677255342,7.690419952409538,0.12105702802942679,-0.19692759441606927,1056,hour,,
daily_weekly_ensemble,20,5.364186512701439,7.139617398252269,0.11440059889130376,-0.12977106824065698,1056,hour,,
daily_weekly_ensemble,21,5.265367450136127,7.069884915473634,0.11327051744318782,-0.09370042699756044,1056,hour,,
daily_weekly_ensemble,22,5.39179188284007,7.395650991940521,0.12621382039061405,-0.129860775940346,1056,hour,,
daily_weekly_ensemble,23,5.24727962865974,7.3099436062549215,0.11690773974573383,-0.11447682976722717,1056,hour,,
historical_quarter_hour_mean,0,15.063066637877261,17.424746866313804,0.33647406228642895,3.921127185677037,1056,hour,,
historical_quarter_hour_mean,1,23.377303687912047,25.479769806940133,0.5431157845531013,3.4173412837765436,1056,hour,,
historical_quarter_hour_mean,2,19.827917590285793,21.92332579971106,0.5557629147524148,3.622126752679998,1056,hour,,
historical_quarter_hour_mean,3,19.046843454693303,21.315350188458563,0.5302286194327119,3.4610507903677044,1056,hour,,
historical_quarter_hour_mean,4,20.036495224092945,22.417125456353215,0.5306737566618893,3.40113486755978,1056,hour,,
historical_quarter_hour_mean,5,21.362460791161567,23.76491540760764,0.5633753301393798,2.0320114773331266,1056,hour,,
historical_quarter_hour_mean,6,20.777374868140075,23.2146425110274,0.5537746869976543,0.25507320147572143,1056,hour,,
historical_quarter_hour_mean,7,20.805117785930634,23.736400662576912,0.561581998951531,-0.6844977483604894,1056,hour,,
historical_quarter_hour_mean,8,18.747249750476897,21.765351709501246,0.5514289345228879,-0.05817592956803062,1056,hour,,
historical_quarter_hour_mean,9,16.696206364667777,20.175991080922163,0.502014263429845,-1.0846137594092975,1056,hour,,
historical_quarter_hour_mean,10,12.109704312953083,15.470931271612846,0.41370303816235776,-0.23102762572693103,1056,hour,,
historical_quarter_hour_mean,11,17.60530430800987,21.31872065959084,0.5290814637477994,-1.377663513024648,1056,hour,,
historical_quarter_hour_mean,12,16.308837393919628,20.246440934817638,0.5201199421660294,-1.1930693622791406,1056,hour,,
historical_quarter_hour_mean,13,16.31796652710799,19.98054326485991,0.5281648926796229,-1.2225582409988751,1056,hour,,
historical_quarter_hour_mean,14,17.005488980900157,20.617521407605942,0.5257047905298752,-1.7809750239054363,1056,hour,,
historical_quarter_hour_mean,15,18.407562007506687,22.015295193552856,0.518978368667621,-1.318587573188724,1056,hour,,
historical_quarter_hour_mean,16,20.412925323753647,23.477239238006828,0.5081670473217721,-0.672760240056298,1056,hour,,
historical_quarter_hour_mean,17,21.443648217302382,24.111795159112063,0.5034196979487636,0.3740267482670871,1056,hour,,
historical_quarter_hour_mean,18,19.821470258813918,22.518910389520695,0.44113168237430106,1.9817945505633499,1056,hour,,
historical_quarter_hour_mean,19,21.093884574644495,23.471114579763054,0.44782720535830295,1.5199437340100606,1056,hour,,
historical_quarter_hour_mean,20,18.71013344417919,21.095108226414002,0.3990261088577187,1.719042091658621,1056,hour,,
historical_quarter_hour_mean,21,20.500621275468305,22.968876786369034,0.4410168904202661,1.6481497432246353,1056,hour,,
historical_quarter_hour_mean,22,21.296475797891617,23.50693068823415,0.49851879110221203,1.0892667237556342,1056,hour,,
historical_quarter_hour_mean,23,20.55967377622922,22.828864471843467,0.45806306528065066,2.2352656929781944,1056,hour,,
lightgbm_bottom_up,0,6.032728041663314,7.998917047256031,0.13468917751471268,-1.2454129981272148,1056,hour,,
lightgbm_bottom_up,1,8.282601674397787,10.824950814243246,0.19241142526656646,-1.6778126521544023,1056,hour,,
lightgbm_bottom_up,2,7.975260564775178,9.238350754166046,0.22343203412572554,3.7974233049334902,1056,hour,,
lightgbm_bottom_up,3,7.710356209314231,8.877706013062186,0.214541777004749,3.5530540897990717,1056,hour,,
lightgbm_bottom_up,4,7.632728561307445,9.17135786841215,0.20201214190199582,1.6949462737097885,1056,hour,,
lightgbm_bottom_up,5,8.583368155992392,10.333155900774168,0.22628178245275163,1.4110871688886122,1056,hour,,
lightgbm_bottom_up,6,8.378027346098062,10.114024074715225,0.2232033782658755,1.0616955115939632,1056,hour,,
lightgbm_bottom_up,7,8.576561052690852,10.817600999863414,0.23135882483592554,0.7168654989112507,1056,hour,,
lightgbm_bottom_up,8,8.535998796874827,10.475351619347247,0.2508903982544078,2.6868322590986886,1056,hour,,
lightgbm_bottom_up,9,7.767695135239399,10.220415919690547,0.23336840330352632,1.9484313374215907,1056,hour,,
lightgbm_bottom_up,10,8.864879044619473,11.224091022549697,0.3026351008069252,5.941248965985848,1056,hour,,
lightgbm_bottom_up,11,8.931863022573067,11.54165245243791,0.2683024340932088,2.007894429293546,1056,hour,,
lightgbm_bottom_up,12,9.463176310965508,11.860319063032108,0.3014833101449003,3.909449692025329,1056,hour,,
lightgbm_bottom_up,13,9.631646404663721,11.65107112012729,0.311555675876222,4.38348765355168,1056,hour,,
lightgbm_bottom_up,14,9.210609043186361,11.215951899842636,0.28452839574763955,2.9266843804807374,1056,hour,,
lightgbm_bottom_up,15,8.859685067877624,11.860875324624866,0.24962316398620565,-0.19406485828486356,1056,hour,,
lightgbm_bottom_up,16,9.12984581788381,12.549602358347121,0.22712194491703824,-2.7811102144645923,1056,hour,,
lightgbm_bottom_up,17,8.566316828583226,11.455424269450752,0.2009686295803169,-1.9486237583738384,1056,hour,,
lightgbm_bottom_up,18,7.38409330628135,10.052153420747985,0.16422747299276766,-1.6662595416560317,1056,hour,,
lightgbm_bottom_up,19,7.334903460560423,10.721992504078711,0.15562035835302668,-3.6707072005127417,1056,hour,,
lightgbm_bottom_up,20,6.756605704625447,9.692546341813244,0.14399505171139565,-3.455263441259211,1056,hour,,
lightgbm_bottom_up,21,7.410350349816409,10.370936295470676,0.15924857367706072,-2.9207868160623494,1056,hour,,
lightgbm_bottom_up,22,7.63679241863164,9.66938836342385,0.17858124528208166,0.5798788079709718,1056,hour,,
lightgbm_bottom_up,23,7.03233935435613,9.328956534058696,0.15658375539515573,-0.42473157788767957,1056,hour,,
lightgbm_direct,0,5.026208648896799,6.451290124134352,0.11227387375030677,0.15533614989179007,1056,hour,,
lightgbm_direct,1,7.426204841862467,9.499981013616493,0.17253012249764757,-2.1730302606929297,1056,hour,,
lightgbm_direct,2,5.098318084934693,6.151968122819537,0.14290235504138052,2.282588275876326,1056,hour,,
lightgbm_direct,3,4.904162446174508,5.999149948324032,0.13652274139251763,2.101243636644471,1056,hour,,
lightgbm_direct,4,5.002546548061024,6.297268700964153,0.1324942381311944,0.30306906409663914,1056,hour,,
lightgbm_direct,5,5.985529501239068,7.494690363875005,0.15785164882384328,-0.12150985605221064,1056,hour,,
lightgbm_direct,6,5.830985060130991,7.673326544190069,0.15541192990234054,-1.0742627348820566,1056,hour,,
lightgbm_direct,7,6.005582471063166,8.122816449913111,0.16210564360508703,-1.2181509309807061,1056,hour,,
lightgbm_direct,8,5.774875544972245,7.539705934990055,0.16986136692851816,0.27210313772622813,1056,hour,,
lightgbm_direct,9,5.9972270015181195,8.555518103403207,0.18032201028371775,-1.4815720010243503,1056,hour,,
lightgbm_direct,10,6.214895580449888,8.364935301477932,0.2123190721299233,2.034111814481541,1056,hour,,
lightgbm_direct,11,7.077143353143919,10.43535277464148,0.21268506916582036,-2.221987929782171,1056,hour,,
lightgbm_direct,12,6.938322218056633,9.807836059130544,0.22127633402797525,-0.4690171422002438,1056,hour,,
lightgbm_direct,13,7.138733812594023,9.683291517452522,0.23105995295023715,0.01400699169623465,1056,hour,,
lightgbm_direct,14,7.391283770916201,9.972726742943419,0.22849288784936117,-1.3028567124002652,1056,hour,,
lightgbm_direct,15,7.925548500192046,11.02127110177745,0.22345100506783036,-2.966451246991796,1056,hour,,
lightgbm_direct,16,7.912683668324443,10.777509578838469,0.196981325917291,-3.678238729051273,1056,hour,,
lightgbm_direct,17,6.97004536691431,9.321293397646883,0.1636315844087559,-2.8153492078381035,1056,hour,,
lightgbm_direct,18,6.693729891342822,8.825577091708805,0.14897060055442618,-1.2478698043071077,1056,hour,,
lightgbm_direct,19,6.939729867837575,9.747279740504709,0.14733179285483142,-3.3193511589289386,1056,hour,,
lightgbm_direct,20,6.416103311873032,8.977261627050456,0.13683455258104033,-3.106117440562605,1056,hour,,
lightgbm_direct,21,6.930520674165079,9.592316925648326,0.1490919048571043,-2.701516357905282,1056,hour,,
lightgbm_direct,22,6.723317468441199,8.842416975086078,0.15738285190338933,-0.2995750355391674,1056,hour,,
lightgbm_direct,23,6.800489004319585,9.353693498391259,0.1515127561181231,-2.159162623085556,1056,hour,,
lightgbm_oracle_bottom_up,0,4.8203921516736346,6.44811401300484,0.10762206579235896,-2.488562365372976,1056,hour,,
lightgbm_oracle_bottom_up,1,8.199350039164225,9.992953329619661,0.19047742355783084,-2.3233794046170786,1056,hour,,
lightgbm_oracle_bottom_up,2,6.1469741120482935,7.015757061892442,0.17221141784874622,3.1735623822067724,1056,hour,,
lightgbm_oracle_bottom_up,3,5.5923406960386215,6.408679740176804,0.1556076889281373,3.1117829075365355,1056,hour,,
lightgbm_oracle_bottom_up,4,5.870605995257695,6.837359604122092,0.15537480231860373,1.465573728987665,1056,hour,,
lightgbm_oracle_bottom_up,5,6.776130628405196,7.824193929033378,0.1786379063395694,0.9657916977550044,1056,hour,,
lightgbm_oracle_bottom_up,6,6.237039451346253,7.264932973612652,0.1661642076838516,0.6845006662787814,1056,hour,,
lightgbm_oracle_bottom_up,7,6.344095626563737,7.7161904489934425,0.17113648463424835,0.4764584004878998,1056,hour,,
lightgbm_oracle_bottom_up,8,6.023105759512294,7.02677827006263,0.17703135142025916,2.456843749140248,1056,hour,,
lightgbm_oracle_bottom_up,9,5.311651198249875,6.592655728838939,0.1595803565226601,2.095931368343758,1056,hour,,
lightgbm_oracle_bottom_up,10,7.147885178074692,9.070895072098741,0.24401922920041563,5.270759026209514,1056,hour,,
lightgbm_oracle_bottom_up,11,6.412857994888768,8.039205244025077,0.19263454949705325,0.7332469116557728,1056,hour,,
lightgbm_oracle_bottom_up,12,6.286408376513106,7.57943008367838,0.2002760113512491,1.9922289116816088,1056,hour,,
lightgbm_oracle_bottom_up,13,6.391346627112591,7.4728057922577,0.20674142659608963,2.0601676548972274,1056,hour,,
lightgbm_oracle_bottom_up,14,6.433857380440741,7.722112314730902,0.19875071348079096,0.5385673994367773,1056,hour,,
lightgbm_oracle_bottom_up,15,7.1554963200381305,9.212420601479673,0.20160735033073313,-2.2373289077570946,1056,hour,,
lightgbm_oracle_bottom_up,16,7.857418710535223,10.012510059939064,0.19546794712223672,-3.3755242824554443,1056,hour,,
lightgbm_oracle_bottom_up,17,7.3179872686212715,9.092741580783184,0.17168240471258153,-2.1371544924649326,1056,hour,,
lightgbm_oracle_bottom_up,18,6.177879868131695,8.259528723613922,0.13740043050825224,-3.5430423924417207,1056,hour,,
lightgbm_oracle_bottom_up,19,6.9588499755570385,9.677609748665912,0.14764185142232197,-5.0845947373997085,1056,hour,,
lightgbm_oracle_bottom_up,20,5.903593189788587,8.07018657637124,0.12581586728743047,-4.220057812604037,1056,hour,,
lightgbm_oracle_bottom_up,21,6.579127956520427,8.89677932323921,0.141385588218607,-3.6056876200618166,1056,hour,,
lightgbm_oracle_bottom_up,22,6.842285178827517,8.284572966800948,0.1600022287929478,0.2109335706089482,1056,hour,,
lightgbm_oracle_bottom_up,23,6.250154888991154,7.98464675131071,0.13916744841293757,-1.0637021317626492,1056,hour,,
previous_day,0,5.47889441612995,7.68246695686502,0.12238582656190584,-0.11091117244778258,1056,hour,,
previous_day,1,5.580799888480794,8.13863678201655,0.129656548519468,-0.11874194939931233,1056,hour,,
previous_day,2,5.189616647633639,7.340990001101982,0.14546139106153885,-0.11654685844074596,1056,hour,,
previous_day,3,5.20407465913079,7.523857998553384,0.14487173838013317,-0.13100333286054205,1056,hour,,
previous_day,4,5.375852991234172,7.462043594525249,0.14238139306368838,-0.10935628233533917,1056,hour,,
previous_day,5,5.247178056023338,7.565955831543822,0.13837968848772875,-0.11146832596171986,1056,hour,,
previous_day,6,5.014891333652265,7.414730210380889,0.13366076784218558,-0.12321881272576073,1056,hour,,
previous_day,7,4.981233291553728,7.405380025803355,0.13445590541219465,-0.05074451186440208,1056,hour,,
previous_day,8,4.757883295868382,6.971769764243561,0.1399477017346615,-0.019827604293823242,1056,hour,,
previous_day,9,5.061378236972924,7.576238559511175,0.1521833171007508,-0.02753919182401715,1056,hour,,
previous_day,10,5.813044838833086,9.022733004645362,0.19859067146890613,-0.021175355622262665,1056,hour,,
previous_day,11,5.52978389190905,7.929266842486737,0.16618321981569711,-0.04119798089518691,1056,hour,,
previous_day,12,5.586429646520903,8.296145968980396,0.178161900476507,-0.043416660843473495,1056,hour,,
previous_day,13,5.508676824244586,8.226286295913315,0.17829977153406454,-0.053895232352343475,1056,hour,,
previous_day,14,5.418360061717756,7.737064741681561,0.16750226026784887,-0.0642562924009381,1056,hour,,
previous_day,15,5.207012537753943,7.167596217926153,0.14680525706627362,-0.036787609259287514,1056,hour,,
previous_day,16,5.400518522118077,7.293326455804968,0.13444254107948864,-0.09614831209182739,1056,hour,,
previous_day,17,5.666823811603315,7.685588339801674,0.13303663176419542,-0.13275663961063733,1056,hour,,
previous_day,18,5.893955548604329,7.8524149887113195,0.13117142638997933,-0.13602192112893768,1056,hour,,
previous_day,19,6.018204737793315,8.135365944473731,0.12776763803096242,-0.13594349405982278,1056,hour,,
previous_day,20,5.667801210374543,7.555305914109787,0.1208757099195579,-0.08659481279777759,1056,hour,,
previous_day,21,5.591113498716643,7.49816210844605,0.1202780860178815,-0.058795625513250176,1056,hour,,
previous_day,22,5.674777556549419,7.82438332152335,0.1328380936880202,-0.08816153352910822,1056,hour,,
previous_day,23,5.605593027490558,7.771863051508779,0.12489084957451611,-0.058626155058542885,1056,hour,,
previous_week,0,7.978533367315928,11.285543017999212,0.1782219781487291,-0.39003308433474915,1056,hour,,
previous_week,1,7.948466084220192,11.529061235277045,0.18466361437384982,-0.650529070334001,1056,hour,,
previous_week,2,7.4904036323229475,10.88077565656681,0.20995087035319243,-0.5342018224976279,1056,hour,,
previous_week,3,7.831150714195136,11.593479886884374,0.21800463901718167,-0.661539740634687,1056,hour,,
previous_week,4,8.220645465634085,11.92265656252425,0.21772674126101096,-0.6889007019274163,1056,hour,,
previous_week,5,8.203128895976327,12.182972626117811,0.216334648668313,-0.7713868527701406,1056,hour,,
previous_week,6,7.751129250634801,11.897040026519486,0.20658910001333047,-0.7937224660858964,1056,hour,,
previous_week,7,8.117771378972314,12.447150926668641,0.21911888819575262,-0.6578912509210182,1056,hour,,
previous_week,8,7.673346522179517,12.032806004022017,0.2257027219068611,-0.5044520578601144,1056,hour,,
previous_week,9,8.023283810326546,12.481871152800874,0.24124060426404698,-0.33766288468332,1056,hour,,
previous_week,10,6.3445645200483725,9.377743640186155,0.21674894365121253,-0.2233552381847844,1056,hour,,
previous_week,11,8.436577494397309,13.348048876156012,0.25353931358781756,-0.4003717059438879,1056,hour,,
previous_week,12,8.4614288436644,13.547451386112126,0.2698511104445432,-0.24524907361377368,1056,hour,,
previous_week,13,7.869078143076464,12.343728650828554,0.254699064740767,-0.22129625443256262,1056,hour,,
previous_week,14,7.665731613383149,11.515638664226998,0.23697712171629148,-0.33699929082032404,1056,hour,,
previous_week,15,7.564480415799401,11.442623230603006,0.21327113848149915,-0.2784949712681048,1056,hour,,
previous_week,16,7.673309438156359,11.18592388442368,0.19102225372062315,-0.5165895061059431,1056,hour,,
previous_week,17,7.419041418667995,10.664377348345827,0.1741723960497362,-0.7261210680007935,1056,hour,,
previous_week,18,8.066834101171205,11.6426030271121,0.17952937153598278,-0.678609615022486,1056,hour,,
previous_week,19,7.913958390553792,11.522123128037734,0.16801485078873046,-0.762719685381109,1056,hour,,
previous_week,20,7.782547280643925,11.140723935096771,0.16597634472578723,-0.5971710085868835,1056,hour,,
previous_week,21,8.05643404975082,11.574962518013718,0.17331296670256127,-0.6034647479201808,1056,hour,,
previous_week,22,7.915725242007863,11.408963946067884,0.1852953425624393,-0.651175623590296,1056,hour,,
previous_week,23,7.6667347568454165,11.078737615551931,0.1708124390317253,-0.6450992009856484,1056,hour,,
ridge_bottom_up,0,10.399362016807903,13.398639200740138,0.23218045087532424,-8.452698481805397,1056,hour,,
ridge_bottom_up,1,10.998469760923674,15.174279465542488,0.25550320124557047,-6.562795696836529,1056,hour,,
ridge_bottom_up,2,9.118399132381786,11.226791171559471,0.25545779345652586,0.9354011326125173,1056,hour,,
ridge_bottom_up,3,8.978684050567223,10.965258548478246,0.24983318268044288,0.8372993369897207,1056,hour,,
ridge_bottom_up,4,9.51746353687662,11.93937853887254,0.25189461135891,-0.861202235474731,1056,hour,,
ridge_bottom_up,5,10.597445716460546,13.184530188826137,0.2793785449471632,-0.8635567164782322,1056,hour,,
ridge_bottom_up,6,10.21483708240769,12.76372708264876,0.2721387805317686,-0.3202843801541762,1056,hour,,
ridge_bottom_up,7,10.218991231737714,12.894324482638877,0.27566454524820205,0.29127775448741333,1056,hour,,
ridge_bottom_up,8,10.090938514832294,12.072301858717209,0.29659324503114054,3.4854199425740675,1056,hour,,
ridge_bottom_up,9,9.740108496311938,11.837614608424891,0.2926265163877822,4.369697725230997,1056,hour,,
ridge_bottom_up,10,11.295240223407745,14.119983970339373,0.38560437727846875,8.50909700718793,1056,hour,,
ridge_bottom_up,11,10.674851549394203,13.00459084390771,0.3206597153413407,4.6577060276811775,1056,hour,,
ridge_bottom_up,12,11.488505900809258,13.814276281147116,0.36600742433401956,6.705852948354952,1056,hour,,
ridge_bottom_up,13,11.740415003263589,13.780517455433557,0.3797681909956736,7.326486812396483,1056,hour,,
ridge_bottom_up,14,11.175206674770875,13.061127026515695,0.3452175217091706,6.016284287878961,1056,hour,,
ridge_bottom_up,15,10.552313195033507,12.896674878027012,0.2973132551480931,3.0421374069921896,1056,hour,,
ridge_bottom_up,16,10.223999727856029,13.48722979547697,0.25434106438833215,-1.5170083371075718,1056,hour,,
ridge_bottom_up,17,10.699815051122146,14.292021108088761,0.25102120440045717,-3.797549632462588,1056,hour,,
ridge_bottom_up,18,10.35865869847211,14.172874561638297,0.23038391730471558,-5.988382912043369,1056,hour,,
ridge_bottom_up,19,10.684321882146778,15.223655905610006,0.2266830107579531,-8.012474144950058,1056,hour,,
ridge_bottom_up,20,9.944665710131327,14.105523222015343,0.21193817070050347,-7.654999480103001,1056,hour,,
ridge_bottom_up,21,10.128124244285353,14.456387191994503,0.21765358772361687,-7.119081511641994,1056,hour,,
ridge_bottom_up,22,9.463820149501165,13.052053965723632,0.2213050577753427,-3.2028498044519713,1056,hour,,
ridge_bottom_up,23,9.638270351019772,13.558616681970955,0.21460804023082322,-5.203482521302773,1056,hour,,
daily_weekly_ensemble,freezing,9.267412349902488,11.530084900224807,0.11263610384235292,-5.332940894796891,2044,temperature_regime,,
daily_weekly_ensemble,cold,7.335701540908222,9.390302154827774,0.13459682283582944,0.24331470669703306,8764,temperature_regime,,
daily_weekly_ensemble,mild,3.902165936263903,5.617281562262621,0.15146947178868894,0.5317891318867917,7236,temperature_regime,,
daily_weekly_ensemble,warm,2.608973729512463,3.385243318092307,0.1314569262095415,0.23746544289262328,7300,temperature_regime,,
historical_quarter_hour_mean,freezing,42.33402322929666,43.88021449381089,0.514527600206525,-42.33402322929666,2044,temperature_regime,,
historical_quarter_hour_mean,cold,16.819126355272623,19.82961969536607,0.3086004736792742,-14.747477965178636,8764,temperature_regime,,
historical_quarter_hour_mean,mild,16.23857647374956,17.880654170447908,0.6303290637184045,14.718310387902921,7236,temperature_regime,,
historical_quarter_hour_mean,warm,18.01486508813623,18.65877621146721,0.9077051116986561,18.014844393664845,7300,temperature_regime,,
lightgbm_bottom_up,freezing,18.830122753598687,21.130169302542413,0.22846385926589818,-18.52023794133136,2044,temperature_regime,,
lightgbm_bottom_up,cold,8.820726448517856,11.30072495154257,0.1617683363849761,-1.6673177788106344,8764,temperature_regime,,
lightgbm_bottom_up,mild,6.539105507205902,7.891189901068271,0.25369540298483517,4.131800435536998,7236,temperature_regime,,
lightgbm_bottom_up,warm,5.96389025936388,6.672438208403853,0.30046659868414266,5.498048394869452,7300,temperature_regime,,
lightgbm_direct,freezing,12.149180984699726,14.977899289454486,0.14766111178883465,-11.127625402623426,2044,temperature_regime,,
lightgbm_direct,cold,8.58394455852441,11.12163874033011,0.1574998190061652,-4.243939067331306,8764,temperature_regime,,
lightgbm_direct,mild,4.829478438270132,6.072507654969929,0.18746474650435438,1.5407749366578136,7236,temperature_regime,,
lightgbm_direct,warm,3.945536858378456,4.610790259725014,0.19880159841464023,3.0390823835458813,7300,temperature_regime,,
lightgbm_oracle_bottom_up,freezing,12.073536382029435,14.250089163907239,0.14648692166908545,-10.794073996945137,2044,temperature_regime,,
lightgbm_oracle_bottom_up,cold,7.082422491841423,8.891668126614139,0.1298885880621814,-3.53724099957524,8764,temperature_regime,,
lightgbm_oracle_bottom_up,mild,5.574965671652124,6.592939878178246,0.2162900049766506,2.275993961468133,7236,temperature_regime,,
lightgbm_oracle_bottom_up,warm,5.017778989713486,5.692068463669438,0.2528005916307347,4.312397108208644,7300,temperature_regime,,
previous_day,freezing,9.46029711796113,12.027417751251212,0.11498042477514168,-3.9088108096337364,2044,temperature_regime,,
previous_day,cold,7.772691412746824,9.914282626182132,0.14261479467300292,0.04373897770559989,8764,temperature_regime,,
previous_day,mild,4.13135199826221,5.968426077174643,0.16036573410024269,0.6034737037913848,7236,temperature_regime,,
previous_day,warm,2.7985286217519683,3.6421965598360257,0.14100792444302798,0.15834437109019658,7300,temperature_regime,,
previous_week,freezing,19.372769149548855,22.94627962686763,0.23545658218882165,-15.13656178099302,2044,temperature_regime,,
previous_week,cold,11.631042783089502,14.805987505148725,0.21340854670017395,1.3714458768305742,8764,temperature_regime,,
previous_week,mild,4.872020246311734,7.0328378538304825,0.1891160820185911,-0.012509321889671719,7236,temperature_regime,,
previous_week,warm,2.989058671977422,3.934596833053165,0.1506080574263019,0.7413900108859963,7300,temperature_regime,,
ridge_bottom_up,freezing,21.124345152345423,24.05724116734756,0.25629941350474533,-20.22772717335919,2044,temperature_regime,,
ridge_bottom_up,cold,12.043755909668588,15.329676915945734,0.22087731307676867,-4.064913341738981,8764,temperature_regime,,
ridge_bottom_up,mild,7.715370725834152,9.619876999272597,0.29933055573288253,1.978031413472114,7236,temperature_regime,,
ridge_bottom_up,warm,7.845157518778762,8.918970461800164,0.3952466751224572,6.647721997613776,7300,temperature_regime,,
ridge_bottom_up,false,0.21940061450004578,0.3389081060886383,0.7431104183197021,-0.01063549891114235,1735488,PV_Status,,
ridge_bottom_up,true,0.21979525685310364,0.3637702167034149,0.9168828725814819,0.025463687255978584,952128,PV_Status,,
ridge_bottom_up,unknown,0.20877356827259064,0.32977625727653503,0.7216526865959167,-0.030771123245358467,905952,PV_Status,,
ridge_bottom_up,control,0.20781093835830688,0.3323092460632324,0.7717360258102417,-0.016749942675232887,1340448,Group,,
ridge_bottom_up,treatment,0.22218944132328033,0.3498872220516205,0.7800487279891968,0.00016074758605100214,2253120,Group,,
ridge_bottom_up,appartment,0.13351330161094666,0.20946402847766876,0.5227958559989929,-0.09056543558835983,26016,Survey_Building_Type,,
ridge_bottom_up,house,0.2166108936071396,0.3445205092430115,0.7753592133522034,-0.006788378115743399,3437472,Survey_Building_Type,,
ridge_bottom_up,,0.23917442560195923,0.3362137973308563,0.8698568940162659,0.02768111042678356,130080,Survey_Building_Type,,
ridge_bottom_up,unknown,0.20590908825397491,0.33028286695480347,0.7692040801048279,-0.01620379649102688,1367424,intervention_state,,
ridge_bottom_up,before_visit,0.1665077954530716,0.2808765172958374,0.8269637227058411,0.01051585003733635,197760,intervention_state,,
ridge_bottom_up,after_visit,0.22909153997898102,0.3573928475379944,0.7785426378250122,-0.0009921229211613536,2028384,intervention_state,,
lightgbm_bottom_up,false,0.21085809171199799,0.3268342614173889,0.7141768932342529,-0.005912264343351126,1735488,PV_Status,,
lightgbm_bottom_up,true,0.21243982017040253,0.3489782214164734,0.8861994743347168,0.029967529699206352,952128,PV_Status,,
lightgbm_bottom_up,unknown,0.20412705838680267,0.3116859495639801,0.7055914402008057,-0.003066670149564743,905952,PV_Status,,
lightgbm_bottom_up,control,0.20490959286689758,0.31453070044517517,0.7609614729881287,0.010803522542119026,1340448,Group,,
lightgbm_bottom_up,treatment,0.2123589664697647,0.3375649154186249,0.7455365061759949,0.00044935260666534305,2253120,Group,,
lightgbm_bottom_up,appartment,0.13548016548156738,0.18040843307971954,0.5304974317550659,-0.0011446954449638724,26016,Survey_Building_Type,,
lightgbm_bottom_up,house,0.2097545564174652,0.3300960958003998,0.7508169412612915,0.004350536502897739,3437472,Survey_Building_Type,,
lightgbm_bottom_up,,0.21979394555091858,0.3274502158164978,0.7993717789649963,0.004373723641037941,130080,Survey_Building_Type,,
lightgbm_bottom_up,unknown,0.2035122662782669,0.3127879202365875,0.7602503895759583,0.01177298091351986,1367424,intervention_state,,
lightgbm_bottom_up,before_visit,0.16435176134109497,0.27025166153907776,0.8162557482719421,0.01838046871125698,197760,intervention_state,,
lightgbm_bottom_up,after_visit,0.2180805653333664,0.344783753156662,0.7411230206489563,-0.0020901288371533155,2028384,intervention_state,,
daily_weekly_ensemble,1,,,,,264,interval_horizon_step,0.9507575757575758,32.252105712890625
daily_weekly_ensemble,2,,,,,264,interval_horizon_step,0.9242424242424242,24.9188289642334
daily_weekly_ensemble,3,,,,,264,interval_horizon_step,0.9356060606060606,30.552295684814453
daily_weekly_ensemble,4,,,,,264,interval_horizon_step,0.9090909090909091,28.03387451171875
daily_weekly_ensemble,5,,,,,264,interval_horizon_step,0.9090909090909091,31.547866821289062
daily_weekly_ensemble,6,,,,,264,interval_horizon_step,0.946969696969697,35.2846794128418
daily_weekly_ensemble,7,,,,,264,interval_horizon_step,0.9204545454545454,29.561487197875977
daily_weekly_ensemble,8,,,,,264,interval_horizon_step,0.9356060606060606,29.392953872680664
daily_weekly_ensemble,9,,,,,264,interval_horizon_step,0.9583333333333334,30.264598846435547
daily_weekly_ensemble,10,,,,,264,interval_horizon_step,0.9242424242424242,28.826313018798828
daily_weekly_ensemble,11,,,,,264,interval_horizon_step,0.9583333333333334,31.278289794921875
daily_weekly_ensemble,12,,,,,264,interval_horizon_step,0.9128787878787878,28.572750091552734
daily_weekly_ensemble,13,,,,,264,interval_horizon_step,0.9583333333333334,31.99856185913086
daily_weekly_ensemble,14,,,,,264,interval_horizon_step,0.9734848484848485,35.612823486328125
daily_weekly_ensemble,15,,,,,264,interval_horizon_step,0.9507575757575758,34.279144287109375
daily_weekly_ensemble,16,,,,,264,interval_horizon_step,0.9507575757575758,33.12020492553711
daily_weekly_ensemble,17,,,,,264,interval_horizon_step,0.9696969696969697,36.4632453918457
daily_weekly_ensemble,18,,,,,264,interval_horizon_step,0.9772727272727273,33.49931716918945
daily_weekly_ensemble,19,,,,,264,interval_horizon_step,0.9583333333333334,33.422080993652344
daily_weekly_ensemble,20,,,,,264,interval_horizon_step,0.9393939393939394,31.08251953125
daily_weekly_ensemble,21,,,,,264,interval_horizon_step,0.9507575757575758,30.49557876586914
daily_weekly_ensemble,22,,,,,264,interval_horizon_step,0.9621212121212122,31.259485244750977
daily_weekly_ensemble,23,,,,,264,interval_horizon_step,0.928030303030303,30.559694290161133
daily_weekly_ensemble,24,,,,,264,interval_horizon_step,0.946969696969697,31.875225067138672
daily_weekly_ensemble,25,,,,,264,interval_horizon_step,0.9204545454545454,26.894960403442383
daily_weekly_ensemble,26,,,,,264,interval_horizon_step,0.9204545454545454,26.419111251831055
daily_weekly_ensemble,27,,,,,264,interval_horizon_step,0.9166666666666666,27.87178611755371
daily_weekly_ensemble,28,,,,,264,interval_horizon_step,0.9204545454545454,25.0448055267334
daily_weekly_ensemble,29,,,,,264,interval_horizon_step,0.9393939393939394,28.593469619750977
daily_weekly_ensemble,30,,,,,264,interval_horizon_step,0.9242424242424242,25.6523380279541
daily_weekly_ensemble,31,,,,,264,interval_horizon_step,0.9015151515151515,24.87614631652832
daily_weekly_ensemble,32,,,,,264,interval_horizon_step,0.9242424242424242,30.048919677734375
daily_weekly_ensemble,33,,,,,264,interval_horizon_step,0.9318181818181818,28.132234573364258
daily_weekly_ensemble,34,,,,,264,interval_horizon_step,0.9545454545454546,30.76604461669922
daily_weekly_ensemble,35,,,,,264,interval_horizon_step,0.9545454545454546,27.726181030273438
daily_weekly_ensemble,36,,,,,264,interval_horizon_step,0.9545454545454546,27.870649337768555
daily_weekly_ensemble,37,,,,,264,interval_horizon_step,0.9318181818181818,27.78074073791504
daily_weekly_ensemble,38,,,,,264,interval_horizon_step,0.9242424242424242,29.86142349243164
daily_weekly_ensemble,39,,,,,264,interval_horizon_step,0.9166666666666666,27.218435287475586
daily_weekly_ensemble,40,,,,,264,interval_horizon_step,0.8939393939393939,23.17376708984375
daily_weekly_ensemble,41,,,,,264,interval_horizon_step,0.9204545454545454,27.27151107788086
daily_weekly_ensemble,42,,,,,264,interval_horizon_step,0.9318181818181818,29.526885986328125
daily_weekly_ensemble,43,,,,,264,interval_horizon_step,0.9242424242424242,27.38650131225586
daily_weekly_ensemble,44,,,,,264,interval_horizon_step,0.9318181818181818,27.616727828979492
daily_weekly_ensemble,45,,,,,264,interval_horizon_step,0.946969696969697,31.19816780090332
daily_weekly_ensemble,46,,,,,264,interval_horizon_step,0.9545454545454546,36.09252166748047
daily_weekly_ensemble,47,,,,,264,interval_horizon_step,0.9166666666666666,32.79449462890625
daily_weekly_ensemble,48,,,,,264,interval_horizon_step,0.928030303030303,31.852664947509766
daily_weekly_ensemble,49,,,,,264,interval_horizon_step,0.946969696969697,33.91132354736328
daily_weekly_ensemble,50,,,,,264,interval_horizon_step,0.9318181818181818,32.46656799316406
daily_weekly_ensemble,51,,,,,264,interval_horizon_step,0.9015151515151515,30.671615600585938
daily_weekly_ensemble,52,,,,,264,interval_horizon_step,0.9128787878787878,30.14978790283203
daily_weekly_ensemble,53,,,,,264,interval_horizon_step,0.9545454545454546,33.09148025512695
daily_weekly_ensemble,54,,,,,264,interval_horizon_step,0.9318181818181818,33.05976867675781
daily_weekly_ensemble,55,,,,,264,interval_horizon_step,0.9431818181818182,35.376888275146484
daily_weekly_ensemble,56,,,,,264,interval_horizon_step,0.9507575757575758,35.73456954956055
daily_weekly_ensemble,57,,,,,264,interval_horizon_step,0.9356060606060606,31.826005935668945
daily_weekly_ensemble,58,,,,,264,interval_horizon_step,0.946969696969697,34.234554290771484
daily_weekly_ensemble,59,,,,,264,interval_horizon_step,0.9924242424242424,39.29282760620117
daily_weekly_ensemble,60,,,,,264,interval_horizon_step,0.9734848484848485,35.16261291503906
daily_weekly_ensemble,61,,,,,264,interval_horizon_step,0.9886363636363636,40.37496566772461
daily_weekly_ensemble,62,,,,,264,interval_horizon_step,0.9924242424242424,37.47336959838867
daily_weekly_ensemble,63,,,,,264,interval_horizon_step,0.9848484848484849,37.58082962036133
daily_weekly_ensemble,64,,,,,264,interval_horizon_step,0.9810606060606061,38.63105010986328
daily_weekly_ensemble,65,,,,,264,interval_horizon_step,0.9772727272727273,40.2020378112793
daily_weekly_ensemble,66,,,,,264,interval_horizon_step,0.9924242424242424,39.8267822265625
daily_weekly_ensemble,67,,,,,264,interval_horizon_step,0.9810606060606061,34.91764831542969
daily_weekly_ensemble,68,,,,,264,interval_horizon_step,0.9734848484848485,33.55743408203125
daily_weekly_ensemble,69,,,,,264,interval_horizon_step,0.9621212121212122,32.12513732910156
daily_weekly_ensemble,70,,,,,264,interval_horizon_step,0.946969696969697,31.722501754760742
daily_weekly_ensemble,71,,,,,264,interval_horizon_step,0.9431818181818182,28.79941177368164
daily_weekly_ensemble,72,,,,,264,interval_horizon_step,0.9507575757575758,28.435928344726562
daily_weekly_ensemble,73,,,,,264,interval_horizon_step,0.9431818181818182,28.07891845703125
daily_weekly_ensemble,74,,,,,264,interval_horizon_step,0.928030303030303,28.406158447265625
daily_weekly_ensemble,75,,,,,264,interval_horizon_step,0.9545454545454546,31.421756744384766
daily_weekly_ensemble,76,,,,,264,interval_horizon_step,0.9734848484848485,35.047027587890625
daily_weekly_ensemble,77,,,,,264,interval_horizon_step,0.9621212121212122,31.94204330444336
daily_weekly_ensemble,78,,,,,264,interval_horizon_step,0.9393939393939394,30.072595596313477
daily_weekly_ensemble,79,,,,,264,interval_horizon_step,0.9318181818181818,29.246368408203125
daily_weekly_ensemble,80,,,,,264,interval_horizon_step,0.9393939393939394,31.071380615234375
daily_weekly_ensemble,81,,,,,264,interval_horizon_step,0.9431818181818182,34.19549560546875
daily_weekly_ensemble,82,,,,,264,interval_horizon_step,0.9621212121212122,33.330875396728516
daily_weekly_ensemble,83,,,,,264,interval_horizon_step,0.9507575757575758,28.331878662109375
daily_weekly_ensemble,84,,,,,264,interval_horizon_step,0.9393939393939394,29.708972930908203
daily_weekly_ensemble,85,,,,,264,interval_horizon_step,0.9545454545454546,28.103042602539062
daily_weekly_ensemble,86,,,,,264,interval_horizon_step,0.9507575757575758,32.708194732666016
daily_weekly_ensemble,87,,,,,264,interval_horizon_step,0.9356060606060606,28.29574966430664
daily_weekly_ensemble,88,,,,,264,interval_horizon_step,0.9393939393939394,28.513031005859375
daily_weekly_ensemble,89,,,,,264,interval_horizon_step,0.9507575757575758,31.044374465942383
daily_weekly_ensemble,90,,,,,264,interval_horizon_step,0.9431818181818182,30.9246768951416
daily_weekly_ensemble,91,,,,,264,interval_horizon_step,0.9356060606060606,29.9665584564209
daily_weekly_ensemble,92,,,,,264,interval_horizon_step,0.9242424242424242,28.57623291015625
daily_weekly_ensemble,93,,,,,264,interval_horizon_step,0.8863636363636364,23.97158432006836
daily_weekly_ensemble,94,,,,,264,interval_horizon_step,0.9659090909090909,32.6934814453125
daily_weekly_ensemble,95,,,,,264,interval_horizon_step,0.9242424242424242,28.540679931640625
daily_weekly_ensemble,96,,,,,264,interval_horizon_step,0.9204545454545454,28.3633975982666
daily_weekly_ensemble,autumn,,,,,7776,interval_season,0.9525462962962963,31.146099090576172
daily_weekly_ensemble,spring,,,,,288,interval_season,1.0,31.053165435791016
daily_weekly_ensemble,summer,,,,,8832,interval_season,0.9998867753623188,30.855560302734375
daily_weekly_ensemble,winter,,,,,8448,interval_season,0.8728693181818182,31.358591079711914
daily_weekly_ensemble,freezing,,,,,2044,interval_temperature_regime,0.8067514677103719,30.741003036499023
daily_weekly_ensemble,cold,,,,,8764,interval_temperature_regime,0.8991328160657234,31.181095123291016
daily_weekly_ensemble,mild,,,,,7236,interval_temperature_regime,0.9773355444997236,30.830772399902344
daily_weekly_ensemble,warm,,,,,7300,interval_temperature_regime,0.9998630136986302,31.420799255371094
