Household_ID;AffectsTimePoint;Group;Timestamp;kWh_received_Total;kWh_received_HeatPump;kWh_received_Other
461101;unknown;control;2023-11-11 00:00:00+00:00;0.539;;
461101;unknown;control;2023-11-11 00:15:00+00:00;0.354;;
461101;unknown;control;2023-11-11 00:30:00+00:00;0.085;;
461101;unknown;control;2023-11-11 00:45:00+00:00;0.062;;
461101;unknown;control;2023-11-11 01:00:00+00:00;0.055;;
461101;unknown;control;2023-11-11 01:15:00+00:00;0.749;;
461101;unknown;control;2023-11-11 01:30:00+00:00;0.865;;
461101;unknown;control;2023-11-11 01:45:00+00:00;0.784;;
461101;unknown;control;2023-11-11 02:00:00+00:00;0.048;;
461101;unknown;control;2023-11-11 02:15:00+00:00;0.316;;
461101;unknown;control;2023-11-11 02:30:00+00:00;0.058;;
461101;unknown;control;2023-11-11 02:45:00+00:00;0.06;;
461101;unknown;control;2023-11-11 03:00:00+00:00;0.389;;
461101;unknown;control;2023-11-11 03:15:00+00:00;0.672;;
461101;unknown;control;2023-11-11 03:30:00+00:00;0.866;;
461101;unknown;control;2023-11-11 03:45:00+00:00;0.885;;
461101;unknown;control;2023-11-11 04:00:00+00:00;0.461;;
461101;unknown;control;2023-11-11 04:15:00+00:00;0.075;;
461101;unknown;control;2023-11-11 04:30:00+00:00;0.291;;
461101;unknown;control;2023-11-11 04:45:00+00:00;0.061;;
461101;unknown;control;2023-11-11 05:00:00+00:00;0.06;;
461101;unknown;control;2023-11-11 05:15:00+00:00;0.347;;
461101;unknown;control;2023-11-11 05:30:00+00:00;0.873;;
461101;unknown;control;2023-11-11 05:45:00+00:00;0.699;;
461101;unknown;control;2023-11-11 06:00:00+00:00;0.924;;
461101;unknown;control;2023-11-11 06:15:00+00:00;0.477;;
461101;unknown;control;2023-11-11 06:30:00+00:00;0.333;;
461101;unknown;control;2023-11-11 06:45:00+00:00;0.026;;
461101;unknown;control;2023-11-11 07:00:00+00:00;0.003;;
461101;unknown;control;2023-11-11 07:15:00+00:00;0.563;;
461101;unknown;control;2023-11-11 07:30:00+00:00;0.797;;
461101;unknown;control;2023-11-11 07:45:00+00:00;0.71;;
461101;unknown;control;2023-11-11 08:00:00+00:00;0.702;;
461101;unknown;control;2023-11-11 08:15:00+00:00;0.928;;
461101;unknown;control;2023-11-11 08:30:00+00:00;1.022;;
461101;unknown;control;2023-11-11 08:45:00+00:00;0.551;;
461101;unknown;control;2023-11-11 09:00:00+00:00;1.035;;
461101;unknown;control;2023-11-11 09:15:00+00:00;0.564;;
461101;unknown;control;2023-11-11 09:30:00+00:00;0.163;;
461101;unknown;control;2023-11-11 09:45:00+00:00;0.068;;
461101;unknown;control;2023-11-11 10:00:00+00:00;0.168;;
461101;unknown;control;2023-11-11 10:15:00+00:00;0.796;;
461101;unknown;control;2023-11-11 10:30:00+00:00;0.469;;
461101;unknown;control;2023-11-11 10:45:00+00:00;1.26;;
461101;unknown;control;2023-11-11 11:00:00+00:00;1.273;;
461101;unknown;control;2023-11-11 11:15:00+00:00;1.299;;
461101;unknown;control;2023-11-11 11:30:00+00:00;0.757;;
461101;unknown;control;2023-11-11 11:45:00+00:00;0.702;;
461101;unknown;control;2023-11-11 12:00:00+00:00;0.781;;
461101;unknown;control;2023-11-11 12:15:00+00:00;1.499;;
461101;unknown;control;2023-11-11 12:30:00+00:00;1.46;;
461101;unknown;control;2023-11-11 12:45:00+00:00;0.945;;
461101;unknown;control;2023-11-11 13:00:00+00:00;0.457;;
461101;unknown;control;2023-11-11 13:15:00+00:00;0.229;;
461101;unknown;control;2023-11-11 13:30:00+00:00;0.212;;
461101;unknown;control;2023-11-11 13:45:00+00:00;0.422;;
461101;unknown;control;2023-11-11 14:00:00+00:00;0.791;;
461101;unknown;control;2023-11-11 14:15:00+00:00;1.112;;
461101;unknown;control;2023-11-11 14:30:00+00:00;0.512;;
461101;unknown;control;2023-11-11 14:45:00+00:00;0.072;;
461101;unknown;control;2023-11-11 15:00:00+00:00;0.469;;
461101;unknown;control;2023-11-11 15:15:00+00:00;0.126;;
461101;unknown;control;2023-11-11 15:30:00+00:00;0.104;;
461101;unknown;control;2023-11-11 15:45:00+00:00;0.884;;
461101;unknown;control;2023-11-11 16:00:00+00:00;0.905;;
461101;unknown;control;2023-11-11 16:15:00+00:00;0.671;;
461101;unknown;control;2023-11-11 16:30:00+00:00;0.111;;
461101;unknown;control;2023-11-11 16:45:00+00:00;0.104;;
461101;unknown;control;2023-11-11 17:00:00+00:00;0.389;;
461101;unknown;control;2023-11-11 17:15:00+00:00;0.391;;
461101;unknown;control;2023-11-11 17:30:00+00:00;0.094;;
461101;unknown;control;2023-11-11 17:45:00+00:00;0.15;;
461101;unknown;control;2023-11-11 18:00:00+00:00;0.882;;
461101;unknown;control;2023-11-11 18:15:00+00:00;1.089;;
461101;unknown;control;2023-11-11 18:30:00+00:00;1.031;;
461101;unknown;control;2023-11-11 18:45:00+00:00;0.506;;
461101;unknown;control;2023-11-11 19:00:00+00:00;0.306;;
461101;unknown;control;2023-11-11 19:15:00+00:00;0.268;;
461101;unknown;control;2023-11-11 19:30:00+00:00;0.162;;
461101;unknown;control;2023-11-11 19:45:00+00:00;0.151;;
461101;unknown;control;2023-11-11 20:00:00+00:00;0.327;;
461101;unknown;control;2023-11-11 20:15:00+00:00;0.967;;
461101;unknown;control;2023-11-11 20:30:00+00:00;1.008;;
461101;unknown;control;2023-11-11 20:45:00+00:00;0.458;;
461101;unknown;control;2023-11-11 21:00:00+00:00;0.172;;
461101;unknown;control;2023-11-11 21:15:00+00:00;0.809;;
461101;unknown;control;2023-11-11 21:30:00+00:00;0.333;;
461101;unknown;control;2023-11-11 21:45:00+00:00;0.766;;
461101;unknown;control;2023-11-11 22:00:00+00:00;1.091;;
461101;unknown;control;2023-11-11 22:15:00+00:00;0.936;;
461101;unknown;control;2023-11-11 22:30:00+00:00;0.067;;
461101;unknown;control;2023-11-11 22:45:00+00:00;0.057;;
461101;unknown;control;2023-11-11 23:00:00+00:00;0.036;;
461101;unknown;control;2023-11-11 23:15:00+00:00;0.387;;
461101;unknown;control;2023-11-11 23:30:00+00:00;0.141;;
461101;unknown;control;2023-11-11 23:45:00+00:00;0.818;;
461101;unknown;control;2023-11-12 00:00:00+00:00;0.721;;
461101;unknown;control;2023-11-12 00:15:00+00:00;0.874;;
461101;unknown;control;2023-11-12 00:30:00+00:00;0.892;;
461101;unknown;control;2023-11-12 00:45:00+00:00;0.182;;
461101;unknown;control;2023-11-12 01:00:00+00:00;0.048;;
461101;unknown;control;2023-11-12 01:15:00+00:00;0.063;;
461101;unknown;control;2023-11-12 01:30:00+00:00;0.357;;
461101;unknown;control;2023-11-12 01:45:00+00:00;0.62;;
461101;unknown;control;2023-11-12 02:00:00+00:00;0.767;;
461101;unknown;control;2023-11-12 02:15:00+00:00;0.778;;
461101;unknown;control;2023-11-12 02:30:00+00:00;0.9;;
461101;unknown;control;2023-11-12 02:45:00+00:00;0.575;;
461101;unknown;control;2023-11-12 03:00:00+00:00;0.047;;
461101;unknown;control;2023-11-12 03:15:00+00:00;0.049;;
461101;unknown;control;2023-11-12 03:30:00+00:00;0.324;;
461101;unknown;control;2023-11-12 03:45:00+00:00;0.311;;
461101;unknown;control;2023-11-12 04:00:00+00:00;0.865;;
461101;unknown;control;2023-11-12 04:15:00+00:00;0.779;;
461101;unknown;control;2023-11-12 04:30:00+00:00;0.906;;
461101;unknown;control;2023-11-12 04:45:00+00:00;0.414;;
461101;unknown;control;2023-11-12 05:00:00+00:00;0.047;;
461101;unknown;control;2023-11-12 05:15:00+00:00;0.04;;
461101;unknown;control;2023-11-12 05:30:00+00:00;0.349;;
461101;unknown;control;2023-11-12 05:45:00+00:00;0.116;;
461101;unknown;control;2023-11-12 06:00:00+00:00;0.867;;
461101;unknown;control;2023-11-12 06:15:00+00:00;0.881;;
461101;unknown;control;2023-11-12 06:30:00+00:00;0.845;;
461101;unknown;control;2023-11-12 06:45:00+00:00;0.05;;
461101;unknown;control;2023-11-12 07:00:00+00:00;0.049;;
461101;unknown;control;2023-11-12 07:15:00+00:00;0.036;;
461101;unknown;control;2023-11-12 07:30:00+00:00;0.024;;
461101;unknown;control;2023-11-12 07:45:00+00:00;0.421;;
461101;unknown;control;2023-11-12 08:00:00+00:00;0.511;;
461101;unknown;control;2023-11-12 08:15:00+00:00;0.743;;
461101;unknown;control;2023-11-12 08:30:00+00:00;0.757;;
461101;unknown;control;2023-11-12 08:45:00+00:00;0.867;;
461101;unknown;control;2023-11-12 09:00:00+00:00;0.363;;
461101;unknown;control;2023-11-12 09:15:00+00:00;0.478;;
461101;unknown;control;2023-11-12 09:30:00+00:00;0.233;;
461101;unknown;control;2023-11-12 09:45:00+00:00;0.443;;
461101;unknown;control;2023-11-12 10:00:00+00:00;0.142;;
461101;unknown;control;2023-11-12 10:15:00+00:00;0.761;;
461101;unknown;control;2023-11-12 10:30:00+00:00;0.752;;
461101;unknown;control;2023-11-12 10:45:00+00:00;0.679;;
461101;unknown;control;2023-11-12 11:00:00+00:00;0.765;;
461101;unknown;control;2023-11-12 11:15:00+00:00;0.875;;
461101;unknown;control;2023-11-12 11:30:00+00:00;0.911;;
461101;unknown;control;2023-11-12 11:45:00+00:00;0.547;;
461101;unknown;control;2023-11-12 12:00:00+00:00;0.353;;
461101;unknown;control;2023-11-12 12:15:00+00:00;0.056;;
461101;unknown;control;2023-11-12 12:30:00+00:00;0.052;;
461101;unknown;control;2023-11-12 12:45:00+00:00;0.246;;
461101;unknown;control;2023-11-12 13:00:00+00:00;0.753;;
461101;unknown;control;2023-11-12 13:15:00+00:00;0.926;;
461101;unknown;control;2023-11-12 13:30:00+00:00;0.94;;
461101;unknown;control;2023-11-12 13:45:00+00:00;0.188;;
461101;unknown;control;2023-11-12 14:00:00+00:00;0.548;;
461101;unknown;control;2023-11-12 14:15:00+00:00;0.267;;
461101;unknown;control;2023-11-12 14:30:00+00:00;0.29;;
461101;unknown;control;2023-11-12 14:45:00+00:00;0.313;;
461101;unknown;control;2023-11-12 15:00:00+00:00;0.891;;
461101;unknown;control;2023-11-12 15:15:00+00:00;1.092;;
461101;unknown;control;2023-11-12 15:30:00+00:00;1.245;;
461101;unknown;control;2023-11-12 15:45:00+00:00;0.439;;
461101;unknown;control;2023-11-12 16:00:00+00:00;0.736;;
461101;unknown;control;2023-11-12 16:15:00+00:00;0.553;;
461101;unknown;control;2023-11-12 16:30:00+00:00;0.097;;
461101;unknown;control;2023-11-12 16:45:00+00:00;0.091;;
461101;unknown;control;2023-11-12 17:00:00+00:00;0.271;;
461101;unknown;control;2023-11-12 17:15:00+00:00;0.966;;
461101;unknown;control;2023-11-12 17:30:00+00:00;1.361;;
461101;unknown;control;2023-11-12 17:45:00+00:00;0.653;;
461101;unknown;control;2023-11-12 18:00:00+00:00;0.196;;
461101;unknown;control;2023-11-12 18:15:00+00:00;0.665;;
461101;unknown;control;2023-11-12 18:30:00+00:00;0.438;;
461101;unknown;control;2023-11-12 18:45:00+00:00;0.169;;
461101;unknown;control;2023-11-12 19:00:00+00:00;0.166;;
461101;unknown;control;2023-11-12 19:15:00+00:00;0.23;;
461101;unknown;control;2023-11-12 19:30:00+00:00;0.991;;
461101;unknown;control;2023-11-12 19:45:00+00:00;0.83;;
461101;unknown;control;2023-11-12 20:00:00+00:00;0.187;;
461101;unknown;control;2023-11-12 20:15:00+00:00;0.285;;
461101;unknown;control;2023-11-12 20:30:00+00:00;0.791;;
461101;unknown;control;2023-11-12 20:45:00+00:00;0.49;;
461101;unknown;control;2023-11-12 21:00:00+00:00;0.144;;
461101;unknown;control;2023-11-12 21:15:00+00:00;0.116;;
461101;unknown;control;2023-11-12 21:30:00+00:00;0.101;;
461101;unknown;control;2023-11-12 21:45:00+00:00;0.794;;
461101;unknown;control;2023-11-12 22:00:00+00:00;0.88;;
461101;unknown;control;2023-11-12 22:15:00+00:00;0.199;;
461101;unknown;control;2023-11-12 22:30:00+00:00;0.05;;
461101;unknown;control;2023-11-12 22:45:00+00:00;0.368;;
461101;unknown;control;2023-11-12 23:00:00+00:00;0.056;;
461101;unknown;control;2023-11-12 23:15:00+00:00;0.059;;
461101;unknown;control;2023-11-12 23:30:00+00:00;0.051;;
461101;unknown;control;2023-11-12 23:45:00+00:00;0.6;;
461101;unknown;control;2023-11-19 00:00:00+00:00;0.239;;
461101;unknown;control;2023-11-19 00:15:00+00:00;1.142;;
461101;unknown;control;2023-11-19 00:30:00+00:00;0.96;;
461101;unknown;control;2023-11-19 00:45:00+00:00;1.038;;
461101;unknown;control;2023-11-19 01:00:00+00:00;1.175;;
461101;unknown;control;2023-11-19 01:15:00+00:00;0.061;;
461101;unknown;control;2023-11-19 01:30:00+00:00;0.05;;
461101;unknown;control;2023-11-19 01:45:00+00:00;0.039;;
461101;unknown;control;2023-11-19 02:00:00+00:00;0.29;;
461101;unknown;control;2023-11-19 02:15:00+00:00;0.541;;
461101;unknown;control;2023-11-19 02:30:00+00:00;0.891;;
461101;unknown;control;2023-11-19 02:45:00+00:00;0.784;;
461101;unknown;control;2023-11-19 03:00:00+00:00;0.155;;
461101;unknown;control;2023-11-19 03:15:00+00:00;0.061;;
461101;unknown;control;2023-11-19 03:30:00+00:00;0.045;;
461101;unknown;control;2023-11-19 03:45:00+00:00;0.036;;
461101;unknown;control;2023-11-19 04:00:00+00:00;0.297;;
461101;unknown;control;2023-11-19 04:15:00+00:00;0.302;;
461101;unknown;control;2023-11-19 04:30:00+00:00;0.86;;
461101;unknown;control;2023-11-19 04:45:00+00:00;0.889;;
461101;unknown;control;2023-11-19 05:00:00+00:00;0.218;;
461101;unknown;control;2023-11-19 05:15:00+00:00;0.053;;
461101;unknown;control;2023-11-19 05:30:00+00:00;0.034;;
461101;unknown;control;2023-11-19 05:45:00+00:00;0.028;;
461101;unknown;control;2023-11-19 06:00:00+00:00;0.267;;
461101;unknown;control;2023-11-19 06:15:00+00:00;0.065;;
461101;unknown;control;2023-11-19 06:30:00+00:00;0.87;;
461101;unknown;control;2023-11-19 06:45:00+00:00;0.884;;
461101;unknown;control;2023-11-19 07:00:00+00:00;0.058;;
461101;unknown;control;2023-11-19 07:15:00+00:00;0.04;;
461101;unknown;control;2023-11-19 07:30:00+00:00;0.01;;
461101;unknown;control;2023-11-19 07:45:00+00:00;0.017;;
461101;unknown;control;2023-11-19 08:00:00+00:00;0.106;;
461101;unknown;control;2023-11-19 08:15:00+00:00;0.231;;
461101;unknown;control;2023-11-19 08:30:00+00:00;0.72;;
461101;unknown;control;2023-11-19 08:45:00+00:00;0.777;;
461101;unknown;control;2023-11-19 09:00:00+00:00;0.059;;
461101;unknown;control;2023-11-19 09:15:00+00:00;0.01;;
461101;unknown;control;2023-11-19 09:30:00+00:00;0.013;;
461101;unknown;control;2023-11-19 09:45:00+00:00;0.053;;
461101;unknown;control;2023-11-19 10:00:00+00:00;0.379;;
461101;unknown;control;2023-11-19 10:15:00+00:00;0.434;;
461101;unknown;control;2023-11-19 10:30:00+00:00;0.017;;
461101;unknown;control;2023-11-19 10:45:00+00:00;0.167;;
461101;unknown;control;2023-11-19 11:00:00+00:00;0.013;;
461101;unknown;control;2023-11-19 11:15:00+00:00;0.351;;
461101;unknown;control;2023-11-19 11:30:00+00:00;0.788;;
461101;unknown;control;2023-11-19 11:45:00+00:00;0.46;;
461101;unknown;control;2023-11-19 12:00:00+00:00;0.006;;
461101;unknown;control;2023-11-19 12:15:00+00:00;0.433;;
461101;unknown;control;2023-11-19 12:30:00+00:00;0.008;;
461101;unknown;control;2023-11-19 12:45:00+00:00;0.06;;
461101;unknown;control;2023-11-19 13:00:00+00:00;0.005;;
461101;unknown;control;2023-11-19 13:15:00+00:00;0.001;;
461101;unknown;control;2023-11-19 13:30:00+00:00;0.12;;
461101;unknown;control;2023-11-19 13:45:00+00:00;0.167;;
461101;unknown;control;2023-11-19 14:00:00+00:00;0.005;;
461101;unknown;control;2023-11-19 14:15:00+00:00;0.099;;
461101;unknown;control;2023-11-19 14:30:00+00:00;0.152;;
461101;unknown;control;2023-11-19 14:45:00+00:00;0.138;;
461101;unknown;control;2023-11-19 15:00:00+00:00;0.2;;
461101;unknown;control;2023-11-19 15:15:00+00:00;0.272;;
461101;unknown;control;2023-11-19 15:30:00+00:00;1.028;;
461101;unknown;control;2023-11-19 15:45:00+00:00;0.694;;
461101;unknown;control;2023-11-19 16:00:00+00:00;0.356;;
461101;unknown;control;2023-11-19 16:15:00+00:00;0.132;;
461101;unknown;control;2023-11-19 16:30:00+00:00;0.406;;
461101;unknown;control;2023-11-19 16:45:00+00:00;0.144;;
461101;unknown;control;2023-11-19 17:00:00+00:00;0.127;;
461101;unknown;control;2023-11-19 17:15:00+00:00;0.125;;
461101;unknown;control;2023-11-19 17:30:00+00:00;0.732;;
461101;unknown;control;2023-11-19 17:45:00+00:00;0.963;;
461101;unknown;control;2023-11-19 18:00:00+00:00;0.34;;
461101;unknown;control;2023-11-19 18:15:00+00:00;0.148;;
461101;unknown;control;2023-11-19 18:30:00+00:00;0.388;;
461101;unknown;control;2023-11-19 18:45:00+00:00;0.15;;
461101;unknown;control;2023-11-19 19:00:00+00:00;0.177;;
461101;unknown;control;2023-11-19 19:15:00+00:00;0.163;;
461101;unknown;control;2023-11-19 19:30:00+00:00;0.165;;
461101;unknown;control;2023-11-19 19:45:00+00:00;0.735;;
461101;unknown;control;2023-11-19 20:00:00+00:00;0.962;;
461101;unknown;control;2023-11-19 20:15:00+00:00;0.224;;
461101;unknown;control;2023-11-19 20:30:00+00:00;0.3;;
461101;unknown;control;2023-11-19 20:45:00+00:00;0.201;;
461101;unknown;control;2023-11-19 21:00:00+00:00;0.113;;
461101;unknown;control;2023-11-19 21:15:00+00:00;0.063;;
461101;unknown;control;2023-11-19 21:30:00+00:00;0.044;;
461101;unknown;control;2023-11-19 21:45:00+00:00;0.269;;
461101;unknown;control;2023-11-19 22:00:00+00:00;0.843;;
461101;unknown;control;2023-11-19 22:15:00+00:00;0.876;;
461101;unknown;control;2023-11-19 22:30:00+00:00;0.247;;
461101;unknown;control;2023-11-19 22:45:00+00:00;0.383;;
461101;unknown;control;2023-11-19 23:00:00+00:00;0.088;;
461101;unknown;control;2023-11-19 23:15:00+00:00;0.086;;
461101;unknown;control;2023-11-19 23:30:00+00:00;0.075;;
461101;unknown;control;2023-11-19 23:45:00+00:00;0.685;;
461101;unknown;control;2023-11-21 00:00:00+00:00;0.807;;
461101;unknown;control;2023-11-21 00:15:00+00:00;0.203;;
461101;unknown;control;2023-11-21 00:30:00+00:00;0.064;;
461101;unknown;control;2023-11-21 00:45:00+00:00;0.043;;
461101;unknown;control;2023-11-21 01:00:00+00:00;0.031;;
461101;unknown;control;2023-11-21 01:15:00+00:00;0.377;;
461101;unknown;control;2023-11-21 01:30:00+00:00;0.35;;
461101;unknown;control;2023-11-21 01:45:00+00:00;0.858;;
461101;unknown;control;2023-11-21 02:00:00+00:00;0.889;;
461101;unknown;control;2023-11-21 02:15:00+00:00;0.057;;
461101;unknown;control;2023-11-21 02:30:00+00:00;0.058;;
461101;unknown;control;2023-11-21 02:45:00+00:00;0.039;;
461101;unknown;control;2023-11-21 03:00:00+00:00;0.039;;
461101;unknown;control;2023-11-21 03:15:00+00:00;0.302;;
461101;unknown;control;2023-11-21 03:30:00+00:00;0.127;;
461101;unknown;control;2023-11-21 03:45:00+00:00;0.828;;
461101;unknown;control;2023-11-21 04:00:00+00:00;0.695;;
461101;unknown;control;2023-11-21 04:15:00+00:00;0.888;;
461101;unknown;control;2023-11-21 04:30:00+00:00;0.847;;
461101;unknown;control;2023-11-21 04:45:00+00:00;0.057;;
461101;unknown;control;2023-11-21 05:00:00+00:00;0.054;;
461101;unknown;control;2023-11-21 05:15:00+00:00;0.051;;
461101;unknown;control;2023-11-21 05:30:00+00:00;0.327;;
461101;unknown;control;2023-11-21 05:45:00+00:00;0.677;;
461101;unknown;control;2023-11-21 06:00:00+00:00;0.979;;
461101;unknown;control;2023-11-21 06:15:00+00:00;0.818;;
461101;unknown;control;2023-11-21 06:30:00+00:00;0.192;;
461101;unknown;control;2023-11-21 06:45:00+00:00;0.069;;
461101;unknown;control;2023-11-21 07:00:00+00:00;0.051;;
461101;unknown;control;2023-11-21 07:15:00+00:00;0.022;;
461101;unknown;control;2023-11-21 07:30:00+00:00;0.409;;
461101;unknown;control;2023-11-21 07:45:00+00:00;0.267;;
461101;unknown;control;2023-11-21 08:00:00+00:00;0.618;;
461101;unknown;control;2023-11-21 08:15:00+00:00;0.826;;
461101;unknown;control;2023-11-21 08:30:00+00:00;0.319;;
461101;unknown;control;2023-11-21 08:45:00+00:00;0.035;;
461101;unknown;control;2023-11-21 09:00:00+00:00;0.336;;
461101;unknown;control;2023-11-21 09:15:00+00:00;0.699;;
461101;unknown;control;2023-11-21 09:30:00+00:00;0.459;;
461101;unknown;control;2023-11-21 09:45:00+00:00;0.308;;
461101;unknown;control;2023-11-21 10:00:00+00:00;0.133;;
461101;unknown;control;2023-11-21 10:15:00+00:00;0.195;;
461101;unknown;control;2023-11-21 10:30:00+00:00;0.381;;
461101;unknown;control;2023-11-21 10:45:00+00:00;0.089;;
461101;unknown;control;2023-11-21 11:00:00+00:00;0.69;;
461101;unknown;control;2023-11-21 11:15:00+00:00;0.52;;
461101;unknown;control;2023-11-21 11:30:00+00:00;0.155;;
461101;unknown;control;2023-11-21 11:45:00+00:00;0.278;;
461101;unknown;control;2023-11-21 12:00:00+00:00;0.0;;
461101;unknown;control;2023-11-21 12:15:00+00:00;0.0;;
461101;unknown;control;2023-11-21 12:30:00+00:00;0.002;;
461101;unknown;control;2023-11-21 12:45:00+00:00;0.281;;
461101;unknown;control;2023-11-21 13:00:00+00:00;0.666;;
461101;unknown;control;2023-11-21 13:15:00+00:00;0.729;;
461101;unknown;control;2023-11-21 13:30:00+00:00;0.64;;
461101;unknown;control;2023-11-21 13:45:00+00:00;0.463;;
461101;unknown;control;2023-11-21 14:00:00+00:00;0.57;;
461101;unknown;control;2023-11-21 14:15:00+00:00;0.527;;
461101;unknown;control;2023-11-21 14:30:00+00:00;1.048;;
461101;unknown;control;2023-11-21 14:45:00+00:00;0.615;;
461101;unknown;control;2023-11-21 15:00:00+00:00;0.099;;
461101;unknown;control;2023-11-21 15:15:00+00:00;0.113;;
461101;unknown;control;2023-11-21 15:30:00+00:00;0.102;;
461101;unknown;control;2023-11-21 15:45:00+00:00;0.081;;
461101;unknown;control;2023-11-21 16:00:00+00:00;0.567;;
461101;unknown;control;2023-11-21 16:15:00+00:00;0.389;;
461101;unknown;control;2023-11-21 16:30:00+00:00;0.158;;
461101;unknown;control;2023-11-21 16:45:00+00:00;0.175;;
461101;unknown;control;2023-11-21 17:00:00+00:00;0.103;;
461101;unknown;control;2023-11-21 17:15:00+00:00;0.094;;
461101;unknown;control;2023-11-21 17:30:00+00:00;0.097;;
461101;unknown;control;2023-11-21 17:45:00+00:00;0.743;;
461101;unknown;control;2023-11-21 18:00:00+00:00;0.916;;
461101;unknown;control;2023-11-21 18:15:00+00:00;0.58;;
461101;unknown;control;2023-11-21 18:30:00+00:00;0.673;;
461101;unknown;control;2023-11-21 18:45:00+00:00;0.92;;
461101;unknown;control;2023-11-21 19:00:00+00:00;0.498;;
461101;unknown;control;2023-11-21 19:15:00+00:00;0.155;;
461101;unknown;control;2023-11-21 19:30:00+00:00;0.161;;
461101;unknown;control;2023-11-21 19:45:00+00:00;0.156;;
461101;unknown;control;2023-11-21 20:00:00+00:00;0.145;;
461101;unknown;control;2023-11-21 20:15:00+00:00;0.502;;
461101;unknown;control;2023-11-21 20:30:00+00:00;0.225;;
461101;unknown;control;2023-11-21 20:45:00+00:00;0.813;;
461101;unknown;control;2023-11-21 21:00:00+00:00;0.957;;
461101;unknown;control;2023-11-21 21:15:00+00:00;1.007;;
461101;unknown;control;2023-11-21 21:30:00+00:00;0.746;;
461101;unknown;control;2023-11-21 21:45:00+00:00;0.141;;
461101;unknown;control;2023-11-21 22:00:00+00:00;0.114;;
461101;unknown;control;2023-11-21 22:15:00+00:00;0.085;;
461101;unknown;control;2023-11-21 22:30:00+00:00;0.565;;
461101;unknown;control;2023-11-21 22:45:00+00:00;0.636;;
461101;unknown;control;2023-11-21 23:00:00+00:00;0.776;;
461101;unknown;control;2023-11-21 23:15:00+00:00;0.87;;
461101;unknown;control;2023-11-21 23:30:00+00:00;0.695;;
461101;unknown;control;2023-11-21 23:45:00+00:00;0.058;;
461101;unknown;control;2023-11-22 00:00:00+00:00;0.042;;
461101;unknown;control;2023-11-22 00:15:00+00:00;0.033;;
461101;unknown;control;2023-11-22 00:30:00+00:00;0.368;;
461101;unknown;control;2023-11-22 00:45:00+00:00;0.124;;
461101;unknown;control;2023-11-22 01:00:00+00:00;0.857;;
461101;unknown;control;2023-11-22 01:15:00+00:00;0.882;;
461101;unknown;control;2023-11-22 01:30:00+00:00;0.702;;
461101;unknown;control;2023-11-22 01:45:00+00:00;0.059;;
461101;unknown;control;2023-11-22 02:00:00+00:00;0.052;;
461101;unknown;control;2023-11-22 02:15:00+00:00;0.028;;
461101;unknown;control;2023-11-22 02:30:00+00:00;0.441;;
461101;unknown;control;2023-11-22 02:45:00+00:00;0.307;;
461101;unknown;control;2023-11-22 03:00:00+00:00;0.865;;
461101;unknown;control;2023-11-22 03:15:00+00:00;0.882;;
461101;unknown;control;2023-11-22 03:30:00+00:00;0.453;;
461101;unknown;control;2023-11-22 03:45:00+00:00;0.058;;
461101;unknown;control;2023-11-22 04:00:00+00:00;0.045;;
461101;unknown;control;2023-11-22 04:15:00+00:00;0.029;;
461101;unknown;control;2023-11-22 04:30:00+00:00;0.027;;
461101;unknown;control;2023-11-22 04:45:00+00:00;0.334;;
461101;unknown;control;2023-11-22 05:00:00+00:00;0.381;;
461101;unknown;control;2023-11-22 05:15:00+00:00;0.711;;
461101;unknown;control;2023-11-22 05:30:00+00:00;0.918;;
461101;unknown;control;2023-11-22 05:45:00+00:00;0.993;;
461101;unknown;control;2023-11-22 06:00:00+00:00;0.948;;
461101;unknown;control;2023-11-22 06:15:00+00:00;0.493;;
461101;unknown;control;2023-11-22 06:30:00+00:00;0.084;;
461101;unknown;control;2023-11-22 06:45:00+00:00;0.403;;
461101;unknown;control;2023-11-22 07:00:00+00:00;0.229;;
461101;unknown;control;2023-11-22 07:15:00+00:00;0.704;;
461101;unknown;control;2023-11-22 07:30:00+00:00;0.419;;
461101;unknown;control;2023-11-22 07:45:00+00:00;0.698;;
461101;unknown;control;2023-11-22 08:00:00+00:00;0.797;;
461101;unknown;control;2023-11-22 08:15:00+00:00;0.89;;
461101;unknown;control;2023-11-22 08:30:00+00:00;0.81;;
461101;unknown;control;2023-11-22 08:45:00+00:00;0.417;;
461101;unknown;control;2023-11-22 09:00:00+00:00;0.0;;
461101;unknown;control;2023-11-22 09:15:00+00:00;0.0;;
461101;unknown;control;2023-11-22 09:30:00+00:00;0.373;;
461101;unknown;control;2023-11-22 09:45:00+00:00;0.42;;
461101;unknown;control;2023-11-22 10:00:00+00:00;0.0;;
461101;unknown;control;2023-11-22 10:15:00+00:00;0.004;;
461101;unknown;control;2023-11-22 10:30:00+00:00;0.0;;
461101;unknown;control;2023-11-22 10:45:00+00:00;0.0;;
461101;unknown;control;2023-11-22 11:00:00+00:00;0.607;;
461101;unknown;control;2023-11-22 11:15:00+00:00;0.491;;
461101;unknown;control;2023-11-22 11:30:00+00:00;0.399;;
461101;unknown;control;2023-11-22 11:45:00+00:00;0.562;;
461101;unknown;control;2023-11-22 12:00:00+00:00;0.295;;
461101;unknown;control;2023-11-22 12:15:00+00:00;0.101;;
461101;unknown;control;2023-11-22 12:30:00+00:00;0.021;;
461101;unknown;control;2023-11-22 12:45:00+00:00;0.068;;
461101;unknown;control;2023-11-22 13:00:00+00:00;0.961;;
461101;unknown;control;2023-11-22 13:15:00+00:00;1.129;;
461101;unknown;control;2023-11-22 13:30:00+00:00;0.462;;
461101;unknown;control;2023-11-22 13:45:00+00:00;0.035;;
461101;unknown;control;2023-11-22 14:00:00+00:00;0.356;;
461101;unknown;control;2023-11-22 14:15:00+00:00;0.079;;
461101;unknown;control;2023-11-22 14:30:00+00:00;0.781;;
461101;unknown;control;2023-11-22 14:45:00+00:00;1.015;;
461101;unknown;control;2023-11-22 15:00:00+00:00;1.034;;
461101;unknown;control;2023-11-22 15:15:00+00:00;0.929;;
461101;unknown;control;2023-11-22 15:30:00+00:00;0.306;;
461101;unknown;control;2023-11-22 15:45:00+00:00;0.108;;
461101;unknown;control;2023-11-22 16:00:00+00:00;0.408;;
461101;unknown;control;2023-11-22 16:15:00+00:00;0.236;;
461101;unknown;control;2023-11-22 16:30:00+00:00;0.145;;
461101;unknown;control;2023-11-22 16:45:00+00:00;0.116;;
461101;unknown;control;2023-11-22 17:00:00+00:00;0.095;;
461101;unknown;control;2023-11-22 17:15:00+00:00;0.25;;
461101;unknown;control;2023-11-22 17:30:00+00:00;0.103;;
461101;unknown;control;2023-11-22 17:45:00+00:00;0.869;;
461101;unknown;control;2023-11-22 18:00:00+00:00;1.07;;
461101;unknown;control;2023-11-22 18:15:00+00:00;1.422;;
461101;unknown;control;2023-11-22 18:30:00+00:00;0.76;;
461101;unknown;control;2023-11-22 18:45:00+00:00;0.774;;
461101;unknown;control;2023-11-22 19:00:00+00:00;0.783;;
461101;unknown;control;2023-11-22 19:15:00+00:00;0.508;;
461101;unknown;control;2023-11-22 19:30:00+00:00;0.921;;
461101;unknown;control;2023-11-22 19:45:00+00:00;0.973;;
461101;unknown;control;2023-11-22 20:00:00+00:00;0.893;;
461101;unknown;control;2023-11-22 20:15:00+00:00;0.118;;
461101;unknown;control;2023-11-22 20:30:00+00:00;0.118;;
461101;unknown;control;2023-11-22 20:45:00+00:00;0.217;;
461101;unknown;control;2023-11-22 21:00:00+00:00;0.644;;
461101;unknown;control;2023-11-22 21:15:00+00:00;0.456;;
461101;unknown;control;2023-11-22 21:30:00+00:00;0.9;;
461101;unknown;control;2023-11-22 21:45:00+00:00;1.286;;
461101;unknown;control;2023-11-22 22:00:00+00:00;0.847;;
461101;unknown;control;2023-11-22 22:15:00+00:00;0.28;;
461101;unknown;control;2023-11-22 22:30:00+00:00;0.099;;
461101;unknown;control;2023-11-22 22:45:00+00:00;0.077;;
461101;unknown;control;2023-11-22 23:00:00+00:00;0.062;;
461101;unknown;control;2023-11-22 23:15:00+00:00;0.629;;
461101;unknown;control;2023-11-22 23:30:00+00:00;0.514;;
461101;unknown;control;2023-11-22 23:45:00+00:00;0.865;;
461101;unknown;control;2023-11-23 00:00:00+00:00;0.884;;
461101;unknown;control;2023-11-23 00:15:00+00:00;0.903;;
461101;unknown;control;2023-11-23 00:30:00+00:00;0.933;;
461101;unknown;control;2023-11-23 00:45:00+00:00;0.445;;
461101;unknown;control;2023-11-23 01:00:00+00:00;0.058;;
461101;unknown;control;2023-11-23 01:15:00+00:00;0.281;;
461101;unknown;control;2023-11-23 01:30:00+00:00;0.112;;
461101;unknown;control;2023-11-23 01:45:00+00:00;0.827;;
461101;unknown;control;2023-11-23 02:00:00+00:00;0.884;;
461101;unknown;control;2023-11-23 02:15:00+00:00;0.909;;
461101;unknown;control;2023-11-23 02:30:00+00:00;0.935;;
461101;unknown;control;2023-11-23 02:45:00+00:00;0.258;;
461101;unknown;control;2023-11-23 03:00:00+00:00;0.062;;
461101;unknown;control;2023-11-23 03:15:00+00:00;0.036;;
461101;unknown;control;2023-11-23 03:30:00+00:00;0.301;;
461101;unknown;control;2023-11-23 03:45:00+00:00;0.55;;
461101;unknown;control;2023-11-23 04:00:00+00:00;0.677;;
461101;unknown;control;2023-11-23 04:15:00+00:00;0.898;;
461101;unknown;control;2023-11-23 04:30:00+00:00;0.901;;
461101;unknown;control;2023-11-23 04:45:00+00:00;0.918;;
461101;unknown;control;2023-11-23 05:00:00+00:00;0.931;;
461101;unknown;control;2023-11-23 05:15:00+00:00;0.805;;
461101;unknown;control;2023-11-23 05:30:00+00:00;0.673;;
461101;unknown;control;2023-11-23 05:45:00+00:00;0.12;;
461101;unknown;control;2023-11-23 06:00:00+00:00;0.125;;
461101;unknown;control;2023-11-23 06:15:00+00:00;0.843;;
461101;unknown;control;2023-11-23 06:30:00+00:00;0.89;;
461101;unknown;control;2023-11-23 06:45:00+00:00;0.95;;
461101;unknown;control;2023-11-23 07:00:00+00:00;0.979;;
461101;unknown;control;2023-11-23 07:15:00+00:00;0.114;;
461101;unknown;control;2023-11-23 07:30:00+00:00;0.451;;
461101;unknown;control;2023-11-23 07:45:00+00:00;0.023;;
461101;unknown;control;2023-11-23 08:00:00+00:00;0.432;;
461101;unknown;control;2023-11-23 08:15:00+00:00;0.612;;
461101;unknown;control;2023-11-23 08:30:00+00:00;0.618;;
461101;unknown;control;2023-11-23 08:45:00+00:00;0.7;;
461101;unknown;control;2023-11-23 09:00:00+00:00;0.332;;
461101;unknown;control;2023-11-23 09:15:00+00:00;0.0;;
461101;unknown;control;2023-11-23 09:30:00+00:00;0.0;;
461101;unknown;control;2023-11-23 09:45:00+00:00;0.166;;
461101;unknown;control;2023-11-23 10:00:00+00:00;0.0;;
461101;unknown;control;2023-11-23 10:15:00+00:00;0.0;;
461101;unknown;control;2023-11-23 10:30:00+00:00;0.0;;
461101;unknown;control;2023-11-23 10:45:00+00:00;0.0;;
461101;unknown;control;2023-11-23 11:00:00+00:00;0.075;;
461101;unknown;control;2023-11-23 11:15:00+00:00;0.023;;
461101;unknown;control;2023-11-23 11:30:00+00:00;0.037;;
461101;unknown;control;2023-11-23 11:45:00+00:00;0.002;;
461101;unknown;control;2023-11-23 12:00:00+00:00;0.0;;
461101;unknown;control;2023-11-23 12:15:00+00:00;0.0;;
461101;unknown;control;2023-11-23 12:30:00+00:00;0.0;;
461101;unknown;control;2023-11-23 12:45:00+00:00;0.0;;
461101;unknown;control;2023-11-23 13:00:00+00:00;0.045;;
461101;unknown;control;2023-11-23 13:15:00+00:00;0.218;;
461101;unknown;control;2023-11-23 13:30:00+00:00;0.0;;
461101;unknown;control;2023-11-23 13:45:00+00:00;0.209;;
461101;unknown;control;2023-11-23 14:00:00+00:00;1.513;;
461101;unknown;control;2023-11-23 14:15:00+00:00;1.33;;
461101;unknown;control;2023-11-23 14:30:00+00:00;0.818;;
461101;unknown;control;2023-11-23 14:45:00+00:00;0.959;;
461101;unknown;control;2023-11-23 15:00:00+00:00;1.596;;
461101;unknown;control;2023-11-23 15:15:00+00:00;1.569;;
461101;unknown;control;2023-11-23 15:30:00+00:00;0.759;;
461101;unknown;control;2023-11-23 15:45:00+00:00;0.394;;
461101;unknown;control;2023-11-23 16:00:00+00:00;0.325;;
461101;unknown;control;2023-11-23 16:15:00+00:00;0.498;;
461101;unknown;control;2023-11-23 16:30:00+00:00;0.263;;
461101;unknown;control;2023-11-23 16:45:00+00:00;0.107;;
461101;unknown;control;2023-11-23 17:00:00+00:00;0.089;;
461101;unknown;control;2023-11-23 17:15:00+00:00;0.088;;
461101;unknown;control;2023-11-23 17:30:00+00:00;0.107;;
461101;unknown;control;2023-11-23 17:45:00+00:00;0.867;;
461101;unknown;control;2023-11-23 18:00:00+00:00;0.832;;
461101;unknown;control;2023-11-23 18:15:00+00:00;0.445;;
461101;unknown;control;2023-11-23 18:30:00+00:00;0.886;;
461101;unknown;control;2023-11-23 18:45:00+00:00;0.913;;
461101;unknown;control;2023-11-23 19:00:00+00:00;0.973;;
461101;unknown;control;2023-11-23 19:15:00+00:00;1.021;;
461101;unknown;control;2023-11-23 19:30:00+00:00;0.525;;
461101;unknown;control;2023-11-23 19:45:00+00:00;0.178;;
461101;unknown;control;2023-11-23 20:00:00+00:00;0.126;;
461101;unknown;control;2023-11-23 20:15:00+00:00;0.579;;
461101;unknown;control;2023-11-23 20:30:00+00:00;0.402;;
461101;unknown;control;2023-11-23 20:45:00+00:00;0.763;;
461101;unknown;control;2023-11-23 21:00:00+00:00;0.966;;
461101;unknown;control;2023-11-23 21:15:00+00:00;0.981;;
461101;unknown;control;2023-11-23 21:30:00+00:00;0.98;;
461101;unknown;control;2023-11-23 21:45:00+00:00;0.26;;
461101;unknown;control;2023-11-23 22:00:00+00:00;0.105;;
461101;unknown;control;2023-11-23 22:15:00+00:00;0.176;;
461101;unknown;control;2023-11-23 22:30:00+00:00;0.413;;
461101;unknown;control;2023-11-23 22:45:00+00:00;0.699;;
461101;unknown;control;2023-11-23 23:00:00+00:00;0.692;;
461101;unknown;control;2023-11-23 23:15:00+00:00;0.891;;
461101;unknown;control;2023-11-23 23:30:00+00:00;0.905;;
461101;unknown;control;2023-11-23 23:45:00+00:00;0.936;;
461101;unknown;control;2023-11-24 00:00:00+00:00;0.095;;
461101;unknown;control;2023-11-24 00:15:00+00:00;0.058;;
461101;unknown;control;2023-11-24 00:30:00+00:00;0.336;;
461101;unknown;control;2023-11-24 00:45:00+00:00;0.047;;
461101;unknown;control;2023-11-24 01:00:00+00:00;0.599;;
461101;unknown;control;2023-11-24 01:15:00+00:00;0.706;;
461101;unknown;control;2023-11-24 01:30:00+00:00;0.898;;
461101;unknown;control;2023-11-24 01:45:00+00:00;0.915;;
461101;unknown;control;2023-11-24 02:00:00+00:00;0.271;;
461101;unknown;control;2023-11-24 02:15:00+00:00;0.059;;
461101;unknown;control;2023-11-24 02:30:00+00:00;0.267;;
461101;unknown;control;2023-11-24 02:45:00+00:00;0.067;;
461101;unknown;control;2023-11-24 03:00:00+00:00;0.053;;
461101;unknown;control;2023-11-24 03:15:00+00:00;0.809;;
461101;unknown;control;2023-11-24 03:30:00+00:00;0.757;;
461101;unknown;control;2023-11-24 03:45:00+00:00;0.84;;
461101;unknown;control;2023-11-24 04:00:00+00:00;0.913;;
461101;unknown;control;2023-11-24 04:15:00+00:00;0.152;;
461101;unknown;control;2023-11-24 04:30:00+00:00;0.059;;
461101;unknown;control;2023-11-24 04:45:00+00:00;0.291;;
461101;unknown;control;2023-11-24 05:00:00+00:00;0.08;;
461101;unknown;control;2023-11-24 05:15:00+00:00;0.104;;
461101;unknown;control;2023-11-24 05:30:00+00:00;0.908;;
461101;unknown;control;2023-11-24 05:45:00+00:00;0.985;;
461101;unknown;control;2023-11-24 06:00:00+00:00;0.616;;
461101;unknown;control;2023-11-24 06:15:00+00:00;0.083;;
461101;unknown;control;2023-11-24 06:30:00+00:00;0.097;;
461101;unknown;control;2023-11-24 06:45:00+00:00;0.302;;
461101;unknown;control;2023-11-24 07:00:00+00:00;0.33;;
461101;unknown;control;2023-11-24 07:15:00+00:00;0.835;;
461101;unknown;control;2023-11-24 07:30:00+00:00;0.829;;
461101;unknown;control;2023-11-24 07:45:00+00:00;0.623;;
461101;unknown;control;2023-11-24 08:00:00+00:00;0.017;;
461101;unknown;control;2023-11-24 08:15:00+00:00;0.066;;
461101;unknown;control;2023-11-24 08:30:00+00:00;0.0;;
461101;unknown;control;2023-11-24 08:45:00+00:00;0.209;;
461101;unknown;control;2023-11-24 09:00:00+00:00;0.119;;
461101;unknown;control;2023-11-24 09:15:00+00:00;0.531;;
461101;unknown;control;2023-11-24 09:30:00+00:00;0.66;;
461101;unknown;control;2023-11-24 09:45:00+00:00;0.831;;
461101;unknown;control;2023-11-24 10:00:00+00:00;0.136;;
461101;unknown;control;2023-11-24 10:15:00+00:00;0.0;;
461101;unknown;control;2023-11-24 10:30:00+00:00;0.0;;
461101;unknown;control;2023-11-24 10:45:00+00:00;0.001;;
461101;unknown;control;2023-11-24 11:00:00+00:00;0.545;;
461101;unknown;control;2023-11-24 11:15:00+00:00;0.306;;
461101;unknown;control;2023-11-24 11:30:00+00:00;0.53;;
461101;unknown;control;2023-11-24 11:45:00+00:00;1.009;;
461101;unknown;control;2023-11-24 12:00:00+00:00;1.085;;
461101;unknown;control;2023-11-24 12:15:00+00:00;0.819;;
461101;unknown;control;2023-11-24 12:30:00+00:00;0.703;;
461101;unknown;control;2023-11-24 12:45:00+00:00;0.547;;
461101;unknown;control;2023-11-24 13:00:00+00:00;0.104;;
461101;unknown;control;2023-11-24 13:15:00+00:00;0.807;;
461101;unknown;control;2023-11-24 13:30:00+00:00;0.555;;
461101;unknown;control;2023-11-24 13:45:00+00:00;0.927;;
461101;unknown;control;2023-11-24 14:00:00+00:00;0.745;;
461101;unknown;control;2023-11-24 14:15:00+00:00;0.605;;
461101;unknown;control;2023-11-24 14:30:00+00:00;0.379;;
461101;unknown;control;2023-11-24 14:45:00+00:00;0.192;;
461101;unknown;control;2023-11-24 15:00:00+00:00;0.176;;
461101;unknown;control;2023-11-24 15:15:00+00:00;0.609;;
461101;unknown;control;2023-11-24 15:30:00+00:00;0.509;;
461101;unknown;control;2023-11-24 15:45:00+00:00;0.8;;
461101;unknown;control;2023-11-24 16:00:00+00:00;0.91;;
461101;unknown;control;2023-11-24 16:15:00+00:00;0.861;;
461101;unknown;control;2023-11-24 16:30:00+00:00;0.079;;
461101;unknown;control;2023-11-24 16:45:00+00:00;0.077;;
461101;unknown;control;2023-11-24 17:00:00+00:00;0.054;;
461101;unknown;control;2023-11-24 17:15:00+00:00;0.051;;
461101;unknown;control;2023-11-24 17:30:00+00:00;0.063;;
461101;unknown;control;2023-11-24 17:45:00+00:00;0.405;;
461101;unknown;control;2023-11-24 18:00:00+00:00;0.561;;
461101;unknown;control;2023-11-24 18:15:00+00:00;0.871;;
461101;unknown;control;2023-11-24 18:30:00+00:00;0.902;;
461101;unknown;control;2023-11-24 18:45:00+00:00;0.921;;
461101;unknown;control;2023-11-24 19:00:00+00:00;0.067;;
461101;unknown;control;2023-11-24 19:15:00+00:00;0.064;;
461101;unknown;control;2023-11-24 19:30:00+00:00;0.047;;
461101;unknown;control;2023-11-24 19:45:00+00:00;0.357;;
461101;unknown;control;2023-11-24 20:00:00+00:00;0.254;;
461101;unknown;control;2023-11-24 20:15:00+00:00;0.896;;
461101;unknown;control;2023-11-24 20:30:00+00:00;0.879;;
461101;unknown;control;2023-11-24 20:45:00+00:00;0.777;;
461101;unknown;control;2023-11-24 21:00:00+00:00;0.226;;
461101;unknown;control;2023-11-24 21:15:00+00:00;0.062;;
461101;unknown;control;2023-11-24 21:30:00+00:00;0.075;;
461101;unknown;control;2023-11-24 21:45:00+00:00;0.551;;
461101;unknown;control;2023-11-24 22:00:00+00:00;0.353;;
461101;unknown;control;2023-11-24 22:15:00+00:00;0.952;;
461101;unknown;control;2023-11-24 22:30:00+00:00;0.946;;
461101;unknown;control;2023-11-24 22:45:00+00:00;0.967;;
461101;unknown;control;2023-11-24 23:00:00+00:00;0.849;;
461101;unknown;control;2023-11-24 23:15:00+00:00;0.175;;
461101;unknown;control;2023-11-24 23:30:00+00:00;0.079;;
461101;unknown;control;2023-11-24 23:45:00+00:00;0.044;;
461101;unknown;control;2023-11-25 00:00:00+00:00;0.343;;
461101;unknown;control;2023-11-25 00:15:00+00:00;0.544;;
461101;unknown;control;2023-11-25 00:30:00+00:00;0.886;;
461101;unknown;control;2023-11-25 00:45:00+00:00;0.909;;
461101;unknown;control;2023-11-25 01:00:00+00:00;0.925;;
461101;unknown;control;2023-11-25 01:15:00+00:00;0.05;;
461101;unknown;control;2023-11-25 01:30:00+00:00;0.045;;
461101;unknown;control;2023-11-25 01:45:00+00:00;0.027;;
461101;unknown;control;2023-11-25 02:00:00+00:00;0.303;;
461101;unknown;control;2023-11-25 02:15:00+00:00;0.266;;
461101;unknown;control;2023-11-25 02:30:00+00:00;0.895;;
461101;unknown;control;2023-11-25 02:45:00+00:00;0.758;;
461101;unknown;control;2023-11-25 03:00:00+00:00;0.915;;
461101;unknown;control;2023-11-25 03:15:00+00:00;0.927;;
461101;unknown;control;2023-11-25 03:30:00+00:00;0.05;;
461101;unknown;control;2023-11-25 03:45:00+00:00;0.051;;
461101;unknown;control;2023-11-25 04:00:00+00:00;0.282;;
461101;unknown;control;2023-11-25 04:15:00+00:00;0.07;;
461101;unknown;control;2023-11-25 04:30:00+00:00;0.838;;
461101;unknown;control;2023-11-25 04:45:00+00:00;0.902;;
461101;unknown;control;2023-11-25 05:00:00+00:00;0.927;;
461101;unknown;control;2023-11-25 05:15:00+00:00;0.557;;
461101;unknown;control;2023-11-25 05:30:00+00:00;0.048;;
461101;unknown;control;2023-11-25 05:45:00+00:00;0.041;;
461101;unknown;control;2023-11-25 06:00:00+00:00;0.027;;
461101;unknown;control;2023-11-25 06:15:00+00:00;0.34;;
461101;unknown;control;2023-11-25 06:30:00+00:00;0.58;;
461101;unknown;control;2023-11-25 06:45:00+00:00;0.842;;
461101;unknown;control;2023-11-25 07:00:00+00:00;0.851;;
461101;unknown;control;2023-11-25 07:15:00+00:00;0.793;;
461101;unknown;control;2023-11-25 07:30:00+00:00;0.724;;
461101;unknown;control;2023-11-25 07:45:00+00:00;0.791;;
461101;unknown;control;2023-11-25 08:00:00+00:00;0.552;;
461101;unknown;control;2023-11-25 08:15:00+00:00;0.407;;
461101;unknown;control;2023-11-25 08:30:00+00:00;0.4;;
461101;unknown;control;2023-11-25 08:45:00+00:00;0.684;;
461101;unknown;control;2023-11-25 09:00:00+00:00;0.582;;
461101;unknown;control;2023-11-25 09:15:00+00:00;0.105;;
461101;unknown;control;2023-11-25 09:30:00+00:00;0.352;;
461101;unknown;control;2023-11-25 09:45:00+00:00;0.662;;
461101;unknown;control;2023-11-25 10:00:00+00:00;0.739;;
461101;unknown;control;2023-11-25 10:15:00+00:00;0.699;;
461101;unknown;control;2023-11-25 10:30:00+00:00;0.204;;
461101;unknown;control;2023-11-25 10:45:00+00:00;0.768;;
461101;unknown;control;2023-11-25 11:00:00+00:00;0.0;;
461101;unknown;control;2023-11-25 11:15:00+00:00;0.0;;
461101;unknown;control;2023-11-25 11:30:00+00:00;0.0;;
461101;unknown;control;2023-11-25 11:45:00+00:00;0.0;;
461101;unknown;control;2023-11-25 12:00:00+00:00;0.177;;
461101;unknown;control;2023-11-25 12:15:00+00:00;0.289;;
461101;unknown;control;2023-11-25 12:30:00+00:00;0.239;;
461101;unknown;control;2023-11-25 12:45:00+00:00;0.21;;
461101;unknown;control;2023-11-25 13:00:00+00:00;0.815;;
461101;unknown;control;2023-11-25 13:15:00+00:00;0.841;;
461101;unknown;control;2023-11-25 13:30:00+00:00;0.122;;
461101;unknown;control;2023-11-25 13:45:00+00:00;0.123;;
461101;unknown;control;2023-11-25 14:00:00+00:00;0.177;;
461101;unknown;control;2023-11-25 14:15:00+00:00;0.298;;
461101;unknown;control;2023-11-25 14:30:00+00:00;0.925;;
461101;unknown;control;2023-11-25 14:45:00+00:00;0.514;;
461101;unknown;control;2023-11-25 15:00:00+00:00;0.726;;
461101;unknown;control;2023-11-25 15:15:00+00:00;0.889;;
461101;unknown;control;2023-11-25 15:30:00+00:00;1.535;;
461101;unknown;control;2023-11-25 15:45:00+00:00;1.114;;
461101;unknown;control;2023-11-25 16:00:00+00:00;1.157;;
461101;unknown;control;2023-11-25 16:15:00+00:00;1.197;;
461101;unknown;control;2023-11-25 16:30:00+00:00;0.502;;
461101;unknown;control;2023-11-25 16:45:00+00:00;0.617;;
461101;unknown;control;2023-11-25 17:00:00+00:00;0.249;;
461101;unknown;control;2023-11-25 17:15:00+00:00;0.496;;
461101;unknown;control;2023-11-25 17:30:00+00:00;0.938;;
461101;unknown;control;2023-11-25 17:45:00+00:00;0.837;;
461101;unknown;control;2023-11-25 18:00:00+00:00;0.95;;
461101;unknown;control;2023-11-25 18:15:00+00:00;0.827;;
461101;unknown;control;2023-11-25 18:30:00+00:00;0.18;;
461101;unknown;control;2023-11-25 18:45:00+00:00;0.18;;
461101;unknown;control;2023-11-25 19:00:00+00:00;0.792;;
461101;unknown;control;2023-11-25 19:15:00+00:00;0.591;;
461101;unknown;control;2023-11-25 19:30:00+00:00;0.986;;
461101;unknown;control;2023-11-25 19:45:00+00:00;0.922;;
461101;unknown;control;2023-11-25 20:00:00+00:00;0.692;;
461101;unknown;control;2023-11-25 20:15:00+00:00;0.164;;
461101;unknown;control;2023-11-25 20:30:00+00:00;0.15;;
461101;unknown;control;2023-11-25 20:45:00+00:00;0.18;;
461101;unknown;control;2023-11-25 21:00:00+00:00;0.968;;
461101;unknown;control;2023-11-25 21:15:00+00:00;0.379;;
461101;unknown;control;2023-11-25 21:30:00+00:00;1.019;;
461101;unknown;control;2023-11-25 21:45:00+00:00;1.303;;
461101;unknown;control;2023-11-25 22:00:00+00:00;0.93;;
461101;unknown;control;2023-11-25 22:15:00+00:00;1.228;;
461101;unknown;control;2023-11-25 22:30:00+00:00;0.805;;
461101;unknown;control;2023-11-25 22:45:00+00:00;0.572;;
461101;unknown;control;2023-11-25 23:00:00+00:00;0.095;;
461101;unknown;control;2023-11-25 23:15:00+00:00;0.416;;
461101;unknown;control;2023-11-25 23:30:00+00:00;0.265;;
461101;unknown;control;2023-11-25 23:45:00+00:00;0.927;;
461101;unknown;control;2023-11-26 00:00:00+00:00;0.936;;
461101;unknown;control;2023-11-26 00:15:00+00:00;0.85;;
461101;unknown;control;2023-11-26 00:30:00+00:00;0.171;;
461101;unknown;control;2023-11-26 00:45:00+00:00;0.051;;
461101;unknown;control;2023-11-26 01:00:00+00:00;0.04;;
461101;unknown;control;2023-11-26 01:15:00+00:00;0.363;;
461101;unknown;control;2023-11-26 01:30:00+00:00;0.177;;
461101;unknown;control;2023-11-26 01:45:00+00:00;0.861;;
461101;unknown;control;2023-11-26 02:00:00+00:00;0.88;;
461101;unknown;control;2023-11-26 02:15:00+00:00;0.906;;
461101;unknown;control;2023-11-26 02:30:00+00:00;0.929;;
461101;unknown;control;2023-11-26 02:45:00+00:00;0.302;;
461101;unknown;control;2023-11-26 03:00:00+00:00;0.046;;
461101;unknown;control;2023-11-26 03:15:00+00:00;0.13;;
461101;unknown;control;2023-11-26 03:30:00+00:00;0.228;;
461101;unknown;control;2023-11-26 03:45:00+00:00;0.713;;
461101;unknown;control;2023-11-26 04:00:00+00:00;0.747;;
461101;unknown;control;2023-11-26 04:15:00+00:00;0.91;;
461101;unknown;control;2023-11-26 04:30:00+00:00;0.918;;
461101;unknown;control;2023-11-26 04:45:00+00:00;0.937;;
461101;unknown;control;2023-11-26 05:00:00+00:00;0.066;;
461101;unknown;control;2023-11-26 05:15:00+00:00;0.05;;
461101;unknown;control;2023-11-26 05:30:00+00:00;0.298;;
461101;unknown;control;2023-11-26 05:45:00+00:00;0.121;;
461101;unknown;control;2023-11-26 06:00:00+00:00;0.894;;
461101;unknown;control;2023-11-26 06:15:00+00:00;0.749;;
461101;unknown;control;2023-11-26 06:30:00+00:00;0.917;;
461101;unknown;control;2023-11-26 06:45:00+00:00;0.898;;
461101;unknown;control;2023-11-26 07:00:00+00:00;0.903;;
461101;unknown;control;2023-11-26 07:15:00+00:00;0.911;;
461101;unknown;control;2023-11-26 07:30:00+00:00;0.831;;
461101;unknown;control;2023-11-26 07:45:00+00:00;0.385;;
461101;unknown;control;2023-11-26 08:00:00+00:00;0.034;;
461101;unknown;control;2023-11-26 08:15:00+00:00;0.014;;
461101;unknown;control;2023-11-26 08:30:00+00:00;0.185;;
461101;unknown;control;2023-11-26 08:45:00+00:00;0.68;;
461101;unknown;control;2023-11-26 09:00:00+00:00;0.659;;
461101;unknown;control;2023-11-26 09:15:00+00:00;0.785;;
461101;unknown;control;2023-11-26 09:30:00+00:00;0.718;;
461101;unknown;control;2023-11-26 09:45:00+00:00;0.477;;
461101;unknown;control;2023-11-26 10:00:00+00:00;0.378;;
461101;unknown;control;2023-11-26 10:15:00+00:00;0.249;;
461101;unknown;control;2023-11-26 10:30:00+00:00;0.001;;
461101;unknown;control;2023-11-26 10:45:00+00:00;0.021;;
461101;unknown;control;2023-11-26 11:00:00+00:00;0.341;;
461101;unknown;control;2023-11-26 11:15:00+00:00;0.671;;
461101;unknown;control;2023-11-26 11:30:00+00:00;0.429;;
461101;unknown;control;2023-11-26 11:45:00+00:00;0.0;;
461101;unknown;control;2023-11-26 12:00:00+00:00;0.417;;
461101;unknown;control;2023-11-26 12:15:00+00:00;0.526;;
461101;unknown;control;2023-11-26 12:30:00+00:00;0.075;;
461101;unknown;control;2023-11-26 12:45:00+00:00;0.62;;
461101;unknown;control;2023-11-26 13:00:00+00:00;0.731;;
461101;unknown;control;2023-11-26 13:15:00+00:00;0.262;;
461101;unknown;control;2023-11-26 13:30:00+00:00;0.0;;
461101;unknown;control;2023-11-26 13:45:00+00:00;0.022;;
461101;unknown;control;2023-11-26 14:00:00+00:00;0.0;;
461101;unknown;control;2023-11-26 14:15:00+00:00;0.36;;
461101;unknown;control;2023-11-26 14:30:00+00:00;0.429;;
461101;unknown;control;2023-11-26 14:45:00+00:00;0.883;;
461101;unknown;control;2023-11-26 15:00:00+00:00;1.189;;
461101;unknown;control;2023-11-26 15:15:00+00:00;1.245;;
461101;unknown;control;2023-11-26 15:30:00+00:00;0.457;;
461101;unknown;control;2023-11-26 15:45:00+00:00;0.36;;
461101;unknown;control;2023-11-26 16:00:00+00:00;0.271;;
461101;unknown;control;2023-11-26 16:15:00+00:00;0.361;;
461101;unknown;control;2023-11-26 16:30:00+00:00;0.526;;
461101;unknown;control;2023-11-26 16:45:00+00:00;0.367;;
461101;unknown;control;2023-11-26 17:00:00+00:00;0.986;;
461101;unknown;control;2023-11-26 17:15:00+00:00;0.872;;
461101;unknown;control;2023-11-26 17:30:00+00:00;1.034;;
461101;unknown;control;2023-11-26 17:45:00+00:00;1.025;;
461101;unknown;control;2023-11-26 18:00:00+00:00;0.787;;
461101;unknown;control;2023-11-26 18:15:00+00:00;0.115;;
461101;unknown;control;2023-11-26 18:30:00+00:00;0.247;;
461101;unknown;control;2023-11-26 18:45:00+00:00;0.795;;
461101;unknown;control;2023-11-26 19:00:00+00:00;0.56;;
461101;unknown;control;2023-11-26 19:15:00+00:00;0.864;;
461101;unknown;control;2023-11-26 19:30:00+00:00;0.849;;
461101;unknown;control;2023-11-26 19:45:00+00:00;0.991;;
461101;unknown;control;2023-11-26 20:00:00+00:00;0.99;;
461101;unknown;control;2023-11-26 20:15:00+00:00;0.751;;
461101;unknown;control;2023-11-26 20:30:00+00:00;0.095;;
461101;unknown;control;2023-11-26 20:45:00+00:00;0.266;;
461101;unknown;control;2023-11-26 21:00:00+00:00;0.332;;
461101;unknown;control;2023-11-26 21:15:00+00:00;0.52;;
461101;unknown;control;2023-11-26 21:30:00+00:00;0.688;;
461101;unknown;control;2023-11-26 21:45:00+00:00;0.945;;
461101;unknown;control;2023-11-26 22:00:00+00:00;0.935;;
461101;unknown;control;2023-11-26 22:15:00+00:00;0.941;;
461101;unknown;control;2023-11-26 22:30:00+00:00;0.952;;
461101;unknown;control;2023-11-26 22:45:00+00:00;0.459;;
461101;unknown;control;2023-11-26 23:00:00+00:00;0.385;;
461101;unknown;control;2023-11-26 23:15:00+00:00;0.059;;
461101;unknown;control;2023-11-26 23:30:00+00:00;0.6;;
461101;unknown;control;2023-11-26 23:45:00+00:00;0.895;;
461101;unknown;control;2023-11-27 00:00:00+00:00;0.911;;
461101;unknown;control;2023-11-27 00:15:00+00:00;0.931;;
461101;unknown;control;2023-11-27 00:30:00+00:00;0.638;;
461101;unknown;control;2023-11-27 00:45:00+00:00;0.053;;
461101;unknown;control;2023-11-27 01:00:00+00:00;0.329;;
461101;unknown;control;2023-11-27 01:15:00+00:00;0.073;;
461101;unknown;control;2023-11-27 01:30:00+00:00;0.896;;
461101;unknown;control;2023-11-27 01:45:00+00:00;0.905;;
461101;unknown;control;2023-11-27 02:00:00+00:00;0.914;;
461101;unknown;control;2023-11-27 02:15:00+00:00;0.932;;
461101;unknown;control;2023-11-27 02:30:00+00:00;0.46;;
461101;unknown;control;2023-11-27 02:45:00+00:00;0.059;;
461101;unknown;control;2023-11-27 03:00:00+00:00;0.068;;
461101;unknown;control;2023-11-27 03:15:00+00:00;0.312;;
461101;unknown;control;2023-11-27 03:30:00+00:00;0.633;;
461101;unknown;control;2023-11-27 03:45:00+00:00;0.755;;
461101;unknown;control;2023-11-27 04:00:00+00:00;0.911;;
461101;unknown;control;2023-11-27 04:15:00+00:00;0.918;;
461101;unknown;control;2023-11-27 04:30:00+00:00;0.936;;
461101;unknown;control;2023-11-27 04:45:00+00:00;0.738;;
461101;unknown;control;2023-11-27 05:00:00+00:00;0.1;;
461101;unknown;control;2023-11-27 05:15:00+00:00;0.659;;
461101;unknown;control;2023-11-27 05:30:00+00:00;0.453;;
461101;unknown;control;2023-11-27 05:45:00+00:00;0.723;;
461101;unknown;control;2023-11-27 06:00:00+00:00;0.873;;
461101;unknown;control;2023-11-27 06:15:00+00:00;0.869;;
461101;unknown;control;2023-11-27 06:30:00+00:00;0.835;;
461101;unknown;control;2023-11-27 06:45:00+00:00;0.851;;
461101;unknown;control;2023-11-27 07:00:00+00:00;0.707;;
461101;unknown;control;2023-11-27 07:15:00+00:00;0.858;;
461101;unknown;control;2023-11-27 07:30:00+00:00;0.368;;
461101;unknown;control;2023-11-27 07:45:00+00:00;0.712;;
461101;unknown;control;2023-11-27 08:00:00+00:00;0.808;;
461101;unknown;control;2023-11-27 08:15:00+00:00;0.861;;
461101;unknown;control;2023-11-27 08:30:00+00:00;0.771;;
461101;unknown;control;2023-11-27 08:45:00+00:00;0.241;;
461101;unknown;control;2023-11-27 09:00:00+00:00;0.243;;
461101;unknown;control;2023-11-27 09:15:00+00:00;0.0;;
461101;unknown;control;2023-11-27 09:30:00+00:00;0.157;;
461101;unknown;control;2023-11-27 09:45:00+00:00;0.625;;
461101;unknown;control;2023-11-27 10:00:00+00:00;0.01;;
461101;unknown;control;2023-11-27 10:15:00+00:00;0.0;;
461101;unknown;control;2023-11-27 10:30:00+00:00;0.0;;
461101;unknown;control;2023-11-27 10:45:00+00:00;0.0;;
461101;unknown;control;2023-11-27 11:00:00+00:00;0.001;;
461101;unknown;control;2023-11-27 11:15:00+00:00;0.0;;
461101;unknown;control;2023-11-27 11:30:00+00:00;0.054;;
461101;unknown;control;2023-11-27 11:45:00+00:00;0.234;;
461101;unknown;control;2023-11-27 12:00:00+00:00;0.219;;
461101;unknown;control;2023-11-27 12:15:00+00:00;0.223;;
461101;unknown;control;2023-11-27 12:30:00+00:00;0.0;;
461101;unknown;control;2023-11-27 12:45:00+00:00;0.0;;
461101;unknown;control;2023-11-27 13:00:00+00:00;0.264;;
461101;unknown;control;2023-11-27 13:15:00+00:00;0.864;;
461101;unknown;control;2023-11-27 13:30:00+00:00;0.761;;
461101;unknown;control;2023-11-27 13:45:00+00:00;0.399;;
461101;unknown;control;2023-11-27 14:00:00+00:00;0.646;;
461101;unknown;control;2023-11-27 14:15:00+00:00;0.992;;
461101;unknown;control;2023-11-27 14:30:00+00:00;0.88;;
461101;unknown;control;2023-11-27 14:45:00+00:00;0.853;;
461101;unknown;control;2023-11-27 15:00:00+00:00;0.451;;
461101;unknown;control;2023-11-27 15:15:00+00:00;0.214;;
461101;unknown;control;2023-11-27 15:30:00+00:00;0.192;;
461101;unknown;control;2023-11-27 15:45:00+00:00;0.569;;
461101;unknown;control;2023-11-27 16:00:00+00:00;0.31;;
461101;unknown;control;2023-11-27 16:15:00+00:00;0.909;;
461101;unknown;control;2023-11-27 16:30:00+00:00;0.154;;
461101;unknown;control;2023-11-27 16:45:00+00:00;0.13;;
461101;unknown;control;2023-11-27 17:00:00+00:00;0.137;;
461101;unknown;control;2023-11-27 17:15:00+00:00;0.114;;
461101;unknown;control;2023-11-27 17:30:00+00:00;0.119;;
461101;unknown;control;2023-11-27 17:45:00+00:00;0.843;;
461101;unknown;control;2023-11-27 18:00:00+00:00;0.506;;
461101;unknown;control;2023-11-27 18:15:00+00:00;0.856;;
461101;unknown;control;2023-11-27 18:30:00+00:00;0.929;;
461101;unknown;control;2023-11-27 18:45:00+00:00;0.758;;
461101;unknown;control;2023-11-27 19:00:00+00:00;0.937;;
461101;unknown;control;2023-11-27 19:15:00+00:00;0.957;;
461101;unknown;control;2023-11-27 19:30:00+00:00;1.013;;
461101;unknown;control;2023-11-27 19:45:00+00:00;0.98;;
461101;unknown;control;2023-11-27 20:00:00+00:00;0.866;;
461101;unknown;control;2023-11-27 20:15:00+00:00;0.385;;
461101;unknown;control;2023-11-27 20:30:00+00:00;0.921;;
461101;unknown;control;2023-11-27 20:45:00+00:00;0.144;;
461101;unknown;control;2023-11-27 21:00:00+00:00;0.107;;
461101;unknown;control;2023-11-27 21:15:00+00:00;0.076;;
461101;unknown;control;2023-11-27 21:30:00+00:00;0.984;;
461101;unknown;control;2023-11-27 21:45:00+00:00;1.206;;
461101;unknown;control;2023-11-27 22:00:00+00:00;0.961;;
461101;unknown;control;2023-11-27 22:15:00+00:00;0.5;;
461101;unknown;control;2023-11-27 22:30:00+00:00;0.245;;
461101;unknown;control;2023-11-27 22:45:00+00:00;0.202;;
461101;unknown;control;2023-11-27 23:00:00+00:00;0.047;;
461101;unknown;control;2023-11-27 23:15:00+00:00;0.826;;
461101;unknown;control;2023-11-27 23:30:00+00:00;0.895;;
461101;unknown;control;2023-11-27 23:45:00+00:00;0.824;;
461101;unknown;control;2023-11-28 00:00:00+00:00;0.927;;
461101;unknown;control;2023-11-28 00:15:00+00:00;0.453;;
461101;unknown;control;2023-11-28 00:30:00+00:00;0.048;;
461101;unknown;control;2023-11-28 00:45:00+00:00;0.055;;
461101;unknown;control;2023-11-28 01:00:00+00:00;0.049;;
461101;unknown;control;2023-11-28 01:15:00+00:00;0.664;;
461101;unknown;control;2023-11-28 01:30:00+00:00;0.882;;
461101;unknown;control;2023-11-28 01:45:00+00:00;0.928;;
461101;unknown;control;2023-11-28 02:00:00+00:00;0.535;;
461101;unknown;control;2023-11-28 02:15:00+00:00;0.213;;
461101;unknown;control;2023-11-28 02:30:00+00:00;0.151;;
461101;unknown;control;2023-11-28 02:45:00+00:00;0.052;;
461101;unknown;control;2023-11-28 03:00:00+00:00;0.397;;
461101;unknown;control;2023-11-28 03:15:00+00:00;0.688;;
461101;unknown;control;2023-11-28 03:30:00+00:00;0.891;;
461101;unknown;control;2023-11-28 03:45:00+00:00;0.9;;
461101;unknown;control;2023-11-28 04:00:00+00:00;0.706;;
461101;unknown;control;2023-11-28 04:15:00+00:00;0.059;;
461101;unknown;control;2023-11-28 04:30:00+00:00;0.303;;
461101;unknown;control;2023-11-28 04:45:00+00:00;0.054;;
461101;unknown;control;2023-11-28 05:00:00+00:00;0.545;;
461101;unknown;control;2023-11-28 05:15:00+00:00;0.767;;
461101;unknown;control;2023-11-28 05:30:00+00:00;0.836;;
461101;unknown;control;2023-11-28 05:45:00+00:00;0.915;;
461101;unknown;control;2023-11-28 06:00:00+00:00;1.031;;
461101;unknown;control;2023-11-28 06:15:00+00:00;0.971;;
461101;unknown;control;2023-11-28 06:30:00+00:00;0.868;;
461101;unknown;control;2023-11-28 06:45:00+00:00;0.849;;
461101;unknown;control;2023-11-28 07:00:00+00:00;0.309;;
461101;unknown;control;2023-11-28 07:15:00+00:00;0.23;;
461101;unknown;control;2023-11-28 07:30:00+00:00;0.469;;
461101;unknown;control;2023-11-28 07:45:00+00:00;0.801;;
461101;unknown;control;2023-11-28 08:00:00+00:00;0.798;;
461101;unknown;control;2023-11-28 08:15:00+00:00;0.778;;
461101;unknown;control;2023-11-28 08:30:00+00:00;0.173;;
461101;unknown;control;2023-11-28 08:45:00+00:00;0.0;;
461101;unknown;control;2023-11-28 09:00:00+00:00;0.32;;
461101;unknown;control;2023-11-28 09:15:00+00:00;0.44;;
461101;unknown;control;2023-11-28 09:30:00+00:00;0.788;;
461101;unknown;control;2023-11-28 09:45:00+00:00;0.784;;
461101;unknown;control;2023-11-28 10:00:00+00:00;0.016;;
461101;unknown;control;2023-11-28 10:15:00+00:00;0.0;;
461101;unknown;control;2023-11-28 10:30:00+00:00;0.0;;
461101;unknown;control;2023-11-28 10:45:00+00:00;0.0;;
461101;unknown;control;2023-11-28 11:00:00+00:00;0.302;;
461101;unknown;control;2023-11-28 11:15:00+00:00;0.211;;
461101;unknown;control;2023-11-28 11:30:00+00:00;0.33;;
461101;unknown;control;2023-11-28 11:45:00+00:00;0.739;;
461101;unknown;control;2023-11-28 12:00:00+00:00;0.827;;
461101;unknown;control;2023-11-28 12:15:00+00:00;0.86;;
461101;unknown;control;2023-11-28 12:30:00+00:00;0.303;;
461101;unknown;control;2023-11-28 12:45:00+00:00;0.0;;
461101;unknown;control;2023-11-28 13:00:00+00:00;0.145;;
461101;unknown;control;2023-11-28 13:15:00+00:00;0.135;;
461101;unknown;control;2023-11-28 13:30:00+00:00;0.764;;
461101;unknown;control;2023-11-28 13:45:00+00:00;0.773;;
461101;unknown;control;2023-11-28 14:00:00+00:00;0.865;;
461101;unknown;control;2023-11-28 14:15:00+00:00;0.867;;
461101;unknown;control;2023-11-28 14:30:00+00:00;0.865;;
461101;unknown;control;2023-11-28 14:45:00+00:00;0.884;;
461101;unknown;control;2023-11-28 15:00:00+00:00;0.72;;
461101;unknown;control;2023-11-28 15:15:00+00:00;0.344;;
461101;unknown;control;2023-11-28 15:30:00+00:00;0.101;;
461101;unknown;control;2023-11-28 15:45:00+00:00;0.25;;
461101;unknown;control;2023-11-28 16:00:00+00:00;0.801;;
461101;unknown;control;2023-11-28 16:15:00+00:00;0.799;;
461101;unknown;control;2023-11-28 16:30:00+00:00;0.121;;
461101;unknown;control;2023-11-28 16:45:00+00:00;0.158;;
461101;unknown;control;2023-11-28 17:00:00+00:00;0.083;;
461101;unknown;control;2023-11-28 17:15:00+00:00;0.057;;
461101;unknown;control;2023-11-28 17:30:00+00:00;0.05;;
461101;unknown;control;2023-11-28 17:45:00+00:00;0.452;;
461101;unknown;control;2023-11-28 18:00:00+00:00;0.539;;
461101;unknown;control;2023-11-28 18:15:00+00:00;0.832;;
461101;unknown;control;2023-11-28 18:30:00+00:00;0.858;;
461101;unknown;control;2023-11-28 18:45:00+00:00;0.781;;
461101;unknown;control;2023-11-28 19:00:00+00:00;0.876;;
461101;unknown;control;2023-11-28 19:15:00+00:00;0.917;;
461101;unknown;control;2023-11-28 19:30:00+00:00;0.937;;
461101;unknown;control;2023-11-28 19:45:00+00:00;0.531;;
461101;unknown;control;2023-11-28 20:00:00+00:00;0.064;;
461101;unknown;control;2023-11-28 20:15:00+00:00;0.065;;
461101;unknown;control;2023-11-28 20:30:00+00:00;0.053;;
461101;unknown;control;2023-11-28 20:45:00+00:00;0.615;;
461101;unknown;control;2023-11-28 21:00:00+00:00;0.903;;
461101;unknown;control;2023-11-28 21:15:00+00:00;0.935;;
461101;unknown;control;2023-11-28 21:30:00+00:00;0.818;;
461101;unknown;control;2023-11-28 21:45:00+00:00;0.502;;
461101;unknown;control;2023-11-28 22:00:00+00:00;0.447;;
461101;unknown;control;2023-11-28 22:15:00+00:00;0.124;;
461101;unknown;control;2023-11-28 22:30:00+00:00;0.241;;
461101;unknown;control;2023-11-28 22:45:00+00:00;0.904;;
461101;unknown;control;2023-11-28 23:00:00+00:00;0.892;;
461101;unknown;control;2023-11-28 23:15:00+00:00;0.917;;
461101;unknown;control;2023-11-28 23:30:00+00:00;0.93;;
461101;unknown;control;2023-11-28 23:45:00+00:00;0.91;;
461101;unknown;control;2023-11-29 00:00:00+00:00;0.456;;
461101;unknown;control;2023-11-29 00:15:00+00:00;0.069;;
461101;unknown;control;2023-11-29 00:30:00+00:00;0.06;;
461101;unknown;control;2023-11-29 00:45:00+00:00;0.541;;
461101;unknown;control;2023-11-29 01:00:00+00:00;0.887;;
461101;unknown;control;2023-11-29 01:15:00+00:00;0.903;;
461101;unknown;control;2023-11-29 01:30:00+00:00;0.92;;
461101;unknown;control;2023-11-29 01:45:00+00:00;0.936;;
461101;unknown;control;2023-11-29 02:00:00+00:00;0.949;;
461101;unknown;control;2023-11-29 02:15:00+00:00;0.084;;
461101;unknown;control;2023-11-29 02:30:00+00:00;0.057;;
461101;unknown;control;2023-11-29 02:45:00+00:00;0.056;;
461101;unknown;control;2023-11-29 03:00:00+00:00;0.631;;
461101;unknown;control;2023-11-29 03:15:00+00:00;0.501;;
461101;unknown;control;2023-11-29 03:30:00+00:00;0.63;;
461101;unknown;control;2023-11-29 03:45:00+00:00;0.884;;
461101;unknown;control;2023-11-29 04:00:00+00:00;0.894;;
461101;unknown;control;2023-11-29 04:15:00+00:00;0.911;;
461101;unknown;control;2023-11-29 04:30:00+00:00;0.797;;
461101;unknown;control;2023-11-29 04:45:00+00:00;0.936;;
461101;unknown;control;2023-11-29 05:00:00+00:00;0.941;;
461101;unknown;control;2023-11-29 05:15:00+00:00;0.971;;
461101;unknown;control;2023-11-29 05:30:00+00:00;0.339;;
461101;unknown;control;2023-11-29 05:45:00+00:00;1.055;;
461101;unknown;control;2023-11-29 06:00:00+00:00;0.961;;
461101;unknown;control;2023-11-29 06:15:00+00:00;0.875;;
461101;unknown;control;2023-11-29 06:30:00+00:00;0.781;;
461101;unknown;control;2023-11-29 06:45:00+00:00;0.915;;
461101;unknown;control;2023-11-29 07:00:00+00:00;1.117;;
461101;unknown;control;2023-11-29 07:15:00+00:00;0.949;;
461101;unknown;control;2023-11-29 07:30:00+00:00;0.897;;
461101;unknown;control;2023-11-29 07:45:00+00:00;0.748;;
461101;unknown;control;2023-11-29 08:00:00+00:00;0.26;;
461101;unknown;control;2023-11-29 08:15:00+00:00;0.766;;
461101;unknown;control;2023-11-29 08:30:00+00:00;0.741;;
461101;unknown;control;2023-11-29 08:45:00+00:00;0.835;;
461101;unknown;control;2023-11-29 09:00:00+00:00;0.422;;
461101;unknown;control;2023-11-29 09:15:00+00:00;0.0;;
461101;unknown;control;2023-11-29 09:30:00+00:00;0.0;;
461101;unknown;control;2023-11-29 09:45:00+00:00;0.01;;
461101;unknown;control;2023-11-29 10:00:00+00:00;0.007;;
461101;unknown;control;2023-11-29 10:15:00+00:00;0.009;;
461101;unknown;control;2023-11-29 10:30:00+00:00;0.008;;
461101;unknown;control;2023-11-29 10:45:00+00:00;0.0;;
461101;unknown;control;2023-11-29 11:00:00+00:00;0.001;;
461101;unknown;control;2023-11-29 11:15:00+00:00;0.001;;
461101;unknown;control;2023-11-29 11:30:00+00:00;0.001;;
461101;unknown;control;2023-11-29 11:45:00+00:00;0.041;;
461101;unknown;control;2023-11-29 12:00:00+00:00;0.004;;
461101;unknown;control;2023-11-29 12:15:00+00:00;0.014;;
461101;unknown;control;2023-11-29 12:30:00+00:00;0.375;;
461101;unknown;control;2023-11-29 12:45:00+00:00;0.177;;
461101;unknown;control;2023-11-29 13:00:00+00:00;0.402;;
461101;unknown;control;2023-11-29 13:15:00+00:00;0.684;;
461101;unknown;control;2023-11-29 13:30:00+00:00;1.071;;
461101;unknown;control;2023-11-29 13:45:00+00:00;0.822;;
461101;unknown;control;2023-11-29 14:00:00+00:00;0.721;;
461101;unknown;control;2023-11-29 14:15:00+00:00;0.795;;
461101;unknown;control;2023-11-29 14:30:00+00:00;0.22;;
461101;unknown;control;2023-11-29 14:45:00+00:00;0.012;;
461101;unknown;control;2023-11-29 15:00:00+00:00;0.01;;
461101;unknown;control;2023-11-29 15:15:00+00:00;0.027;;
461101;unknown;control;2023-11-29 15:30:00+00:00;0.457;;
461101;unknown;control;2023-11-29 15:45:00+00:00;0.385;;
461101;unknown;control;2023-11-29 16:00:00+00:00;0.907;;
461101;unknown;control;2023-11-29 16:15:00+00:00;0.721;;
461101;unknown;control;2023-11-29 16:30:00+00:00;0.119;;
461101;unknown;control;2023-11-29 16:45:00+00:00;0.133;;
461101;unknown;control;2023-11-29 17:00:00+00:00;0.208;;
461101;unknown;control;2023-11-29 17:15:00+00:00;0.121;;
461101;unknown;control;2023-11-29 17:30:00+00:00;0.272;;
461101;unknown;control;2023-11-29 17:45:00+00:00;0.565;;
461101;unknown;control;2023-11-29 18:00:00+00:00;0.798;;
461101;unknown;control;2023-11-29 18:15:00+00:00;0.919;;
461101;unknown;control;2023-11-29 18:30:00+00:00;0.994;;
461101;unknown;control;2023-11-29 18:45:00+00:00;0.946;;
461101;unknown;control;2023-11-29 19:00:00+00:00;0.785;;
461101;unknown;control;2023-11-29 19:15:00+00:00;1.015;;
461101;unknown;control;2023-11-29 19:30:00+00:00;1.045;;
461101;unknown;control;2023-11-29 19:45:00+00:00;1.023;;
461101;unknown;control;2023-11-29 20:00:00+00:00;0.414;;
461101;unknown;control;2023-11-29 20:15:00+00:00;0.275;;
461101;unknown;control;2023-11-29 20:30:00+00:00;0.2;;
461101;unknown;control;2023-11-29 20:45:00+00:00;0.192;;
461101;unknown;control;2023-11-29 21:00:00+00:00;0.804;;
461101;unknown;control;2023-11-29 21:15:00+00:00;1.044;;
461101;unknown;control;2023-11-29 21:30:00+00:00;0.996;;
461101;unknown;control;2023-11-29 21:45:00+00:00;1.0;;
461101;unknown;control;2023-11-29 22:00:00+00:00;0.831;;
461101;unknown;control;2023-11-29 22:15:00+00:00;0.432;;
461101;unknown;control;2023-11-29 22:30:00+00:00;0.104;;
461101;unknown;control;2023-11-29 22:45:00+00:00;0.831;;
461101;unknown;control;2023-11-29 23:00:00+00:00;1.148;;
461101;unknown;control;2023-11-29 23:15:00+00:00;0.909;;
461101;unknown;control;2023-11-29 23:30:00+00:00;0.927;;
461101;unknown;control;2023-11-29 23:45:00+00:00;0.838;;
461101;unknown;control;2023-11-30 00:00:00+00:00;0.497;;
461101;unknown;control;2023-11-30 00:15:00+00:00;0.12;;
461101;unknown;control;2023-11-30 00:30:00+00:00;0.055;;
461101;unknown;control;2023-11-30 00:45:00+00:00;0.778;;
461101;unknown;control;2023-11-30 01:00:00+00:00;0.888;;
461101;unknown;control;2023-11-30 01:15:00+00:00;0.907;;
461101;unknown;control;2023-11-30 01:30:00+00:00;0.925;;
461101;unknown;control;2023-11-30 01:45:00+00:00;0.7;;
461101;unknown;control;2023-11-30 02:00:00+00:00;0.059;;
461101;unknown;control;2023-11-30 02:15:00+00:00;0.381;;
461101;unknown;control;2023-11-30 02:30:00+00:00;0.06;;
461101;unknown;control;2023-11-30 02:45:00+00:00;0.615;;
461101;unknown;control;2023-11-30 03:00:00+00:00;0.891;;
461101;unknown;control;2023-11-30 03:15:00+00:00;0.91;;
461101;unknown;control;2023-11-30 03:30:00+00:00;0.936;;
461101;unknown;control;2023-11-30 03:45:00+00:00;0.739;;
461101;unknown;control;2023-11-30 04:00:00+00:00;0.054;;
461101;unknown;control;2023-11-30 04:15:00+00:00;0.329;;
461101;unknown;control;2023-11-30 04:30:00+00:00;0.055;;
461101;unknown;control;2023-11-30 04:45:00+00:00;0.339;;
461101;unknown;control;2023-11-30 05:00:00+00:00;0.76;;
461101;unknown;control;2023-11-30 05:15:00+00:00;0.818;;
461101;unknown;control;2023-11-30 05:30:00+00:00;1.007;;
461101;unknown;control;2023-11-30 05:45:00+00:00;0.955;;
461101;unknown;control;2023-11-30 06:00:00+00:00;0.941;;
461101;unknown;control;2023-11-30 06:15:00+00:00;0.814;;
461101;unknown;control;2023-11-30 06:30:00+00:00;0.585;;
461101;unknown;control;2023-11-30 06:45:00+00:00;0.699;;
461101;unknown;control;2023-11-30 07:00:00+00:00;0.931;;
461101;unknown;control;2023-11-30 07:15:00+00:00;0.927;;
461101;unknown;control;2023-11-30 07:30:00+00:00;0.93;;
461101;unknown;control;2023-11-30 07:45:00+00:00;0.376;;
461101;unknown;control;2023-11-30 08:00:00+00:00;0.961;;
461101;unknown;control;2023-11-30 08:15:00+00:00;0.884;;
461101;unknown;control;2023-11-30 08:30:00+00:00;1.226;;
461101;unknown;control;2023-11-30 08:45:00+00:00;1.149;;
461101;unknown;control;2023-11-30 09:00:00+00:00;1.706;;
461101;unknown;control;2023-11-30 09:15:00+00:00;1.707;;
461101;unknown;control;2023-11-30 09:30:00+00:00;2.175;;
461101;unknown;control;2023-11-30 09:45:00+00:00;1.037;;
461101;unknown;control;2023-11-30 10:00:00+00:00;0.081;;
461101;unknown;control;2023-11-30 10:15:00+00:00;0.068;;
461101;unknown;control;2023-11-30 10:30:00+00:00;0.051;;
461101;unknown;control;2023-11-30 10:45:00+00:00;0.056;;
461101;unknown;control;2023-11-30 11:00:00+00:00;0.637;;
461101;unknown;control;2023-11-30 11:15:00+00:00;0.647;;
461101;unknown;control;2023-11-30 11:30:00+00:00;0.873;;
461101;unknown;control;2023-11-30 11:45:00+00:00;0.743;;
461101;unknown;control;2023-11-30 12:00:00+00:00;0.915;;
461101;unknown;control;2023-11-30 12:15:00+00:00;0.898;;
461101;unknown;control;2023-11-30 12:30:00+00:00;0.897;;
461101;unknown;control;2023-11-30 12:45:00+00:00;0.059;;
461101;unknown;control;2023-11-30 13:00:00+00:00;0.28;;
461101;unknown;control;2023-11-30 13:15:00+00:00;0.163;;
461101;unknown;control;2023-11-30 13:30:00+00:00;0.718;;
461101;unknown;control;2023-11-30 13:45:00+00:00;0.749;;
461101;unknown;control;2023-11-30 14:00:00+00:00;0.916;;
461101;unknown;control;2023-11-30 14:15:00+00:00;0.927;;
461101;unknown;control;2023-11-30 14:30:00+00:00;0.264;;
461101;unknown;control;2023-11-30 14:45:00+00:00;0.055;;
461101;unknown;control;2023-11-30 15:00:00+00:00;0.037;;
461101;unknown;control;2023-11-30 15:15:00+00:00;0.613;;
461101;unknown;control;2023-11-30 15:30:00+00:00;1.373;;
461101;unknown;control;2023-11-30 15:45:00+00:00;1.741;;
461101;unknown;control;2023-11-30 16:00:00+00:00;1.753;;
461101;unknown;control;2023-11-30 16:15:00+00:00;1.441;;
461101;unknown;control;2023-11-30 16:30:00+00:00;0.936;;
461101;unknown;control;2023-11-30 16:45:00+00:00;0.944;;
461101;unknown;control;2023-11-30 17:00:00+00:00;0.991;;
461101;unknown;control;2023-11-30 17:15:00+00:00;0.909;;
461101;unknown;control;2023-11-30 17:30:00+00:00;0.913;;
461101;unknown;control;2023-11-30 17:45:00+00:00;1.289;;
461101;unknown;control;2023-11-30 18:00:00+00:00;1.427;;
461101;unknown;control;2023-11-30 18:15:00+00:00;1.717;;
461101;unknown;control;2023-11-30 18:30:00+00:00;1.735;;
461101;unknown;control;2023-11-30 18:45:00+00:00;1.761;;
461101;unknown;control;2023-11-30 19:00:00+00:00;1.597;;
461101;unknown;control;2023-11-30 19:15:00+00:00;0.91;;
461101;unknown;control;2023-11-30 19:30:00+00:00;0.916;;
461101;unknown;control;2023-11-30 19:45:00+00:00;1.302;;
461101;unknown;control;2023-11-30 20:00:00+00:00;1.146;;
461101;unknown;control;2023-11-30 20:15:00+00:00;1.56;;
461101;unknown;control;2023-11-30 20:30:00+00:00;1.506;;
461101;unknown;control;2023-11-30 20:45:00+00:00;1.308;;
461101;unknown;control;2023-11-30 21:00:00+00:00;0.891;;
461101;unknown;control;2023-11-30 21:15:00+00:00;0.866;;
461101;unknown;control;2023-11-30 21:30:00+00:00;1.101;;
461101;unknown;control;2023-11-30 21:45:00+00:00;0.919;;
461101;unknown;control;2023-11-30 22:00:00+00:00;0.769;;
461101;unknown;control;2023-11-30 22:15:00+00:00;0.955;;
461101;unknown;control;2023-11-30 22:30:00+00:00;0.953;;
461101;unknown;control;2023-11-30 22:45:00+00:00;0.332;;
461101;unknown;control;2023-11-30 23:00:00+00:00;0.402;;
461101;unknown;control;2023-11-30 23:15:00+00:00;0.068;;
461101;unknown;control;2023-11-30 23:30:00+00:00;0.105;;
461101;unknown;control;2023-11-30 23:45:00+00:00;0.883;;
461101;unknown;control;2023-12-01 00:00:00+00:00;0.781;;
461101;unknown;control;2023-12-01 00:15:00+00:00;0.89;;
461101;unknown;control;2023-12-01 00:30:00+00:00;0.93;;
461101;unknown;control;2023-12-01 00:45:00+00:00;0.618;;
461101;unknown;control;2023-12-01 01:00:00+00:00;0.051;;
461101;unknown;control;2023-12-01 01:15:00+00:00;0.378;;
461101;unknown;control;2023-12-01 01:30:00+00:00;0.071;;
461101;unknown;control;2023-12-01 01:45:00+00:00;0.668;;
461101;unknown;control;2023-12-01 02:00:00+00:00;0.898;;
461101;unknown;control;2023-12-01 02:15:00+00:00;0.916;;
461101;unknown;control;2023-12-01 02:30:00+00:00;0.755;;
461101;unknown;control;2023-12-01 02:45:00+00:00;0.318;;
461101;unknown;control;2023-12-01 03:00:00+00:00;0.057;;
461101;unknown;control;2023-12-01 03:15:00+00:00;0.32;;
461101;unknown;control;2023-12-01 03:30:00+00:00;0.299;;
461101;unknown;control;2023-12-01 03:45:00+00:00;0.874;;
461101;unknown;control;2023-12-01 04:00:00+00:00;0.894;;
461101;unknown;control;2023-12-01 04:15:00+00:00;0.925;;
461101;unknown;control;2023-12-01 04:30:00+00:00;0.913;;
461101;unknown;control;2023-12-01 04:45:00+00:00;0.142;;
461101;unknown;control;2023-12-01 05:00:00+00:00;0.088;;
461101;unknown;control;2023-12-01 05:15:00+00:00;0.326;;
461101;unknown;control;2023-12-01 05:30:00+00:00;0.185;;
461101;unknown;control;2023-12-01 05:45:00+00:00;0.912;;
461101;unknown;control;2023-12-01 06:00:00+00:00;0.925;;
461101;unknown;control;2023-12-01 06:15:00+00:00;0.97;;
461101;unknown;control;2023-12-01 06:30:00+00:00;0.981;;
461101;unknown;control;2023-12-01 06:45:00+00:00;0.08;;
461101;unknown;control;2023-12-01 07:00:00+00:00;0.074;;
461101;unknown;control;2023-12-01 07:15:00+00:00;0.059;;
461101;unknown;control;2023-12-01 07:30:00+00:00;0.611;;
461101;unknown;control;2023-12-01 07:45:00+00:00;0.594;;
461101;unknown;control;2023-12-01 08:00:00+00:00;0.71;;
461101;unknown;control;2023-12-01 08:15:00+00:00;0.846;;
461101;unknown;control;2023-12-01 08:30:00+00:00;0.868;;
461101;unknown;control;2023-12-01 08:45:00+00:00;0.898;;
461101;unknown;control;2023-12-01 09:00:00+00:00;0.916;;
461101;unknown;control;2023-12-01 09:15:00+00:00;0.766;;
461101;unknown;control;2023-12-01 09:30:00+00:00;0.832;;
461101;unknown;control;2023-12-01 09:45:00+00:00;0.26;;
461101;unknown;control;2023-12-01 10:00:00+00:00;0.061;;
461101;unknown;control;2023-12-01 10:15:00+00:00;0.055;;
461101;unknown;control;2023-12-01 10:30:00+00:00;0.044;;
461101;unknown;control;2023-12-01 10:45:00+00:00;0.044;;
461101;unknown;control;2023-12-01 11:00:00+00:00;0.73;;
461101;unknown;control;2023-12-01 11:15:00+00:00;0.996;;
461101;unknown;control;2023-12-01 11:30:00+00:00;0.946;;
461101;unknown;control;2023-12-01 11:45:00+00:00;0.335;;
461101;unknown;control;2023-12-01 12:00:00+00:00;0.086;;
461101;unknown;control;2023-12-01 12:15:00+00:00;0.078;;
461101;unknown;control;2023-12-01 12:30:00+00:00;0.799;;
461101;unknown;control;2023-12-01 12:45:00+00:00;1.419;;
461101;unknown;control;2023-12-01 13:00:00+00:00;0.915;;
461101;unknown;control;2023-12-01 13:15:00+00:00;1.253;;
461101;unknown;control;2023-12-01 13:30:00+00:00;0.253;;
461101;unknown;control;2023-12-01 13:45:00+00:00;0.542;;
461101;unknown;control;2023-12-01 14:00:00+00:00;0.675;;
461101;unknown;control;2023-12-01 14:15:00+00:00;0.288;;
461101;unknown;control;2023-12-01 14:30:00+00:00;0.885;;
461101;unknown;control;2023-12-01 14:45:00+00:00;0.897;;
461101;unknown;control;2023-12-01 15:00:00+00:00;0.927;;
461101;unknown;control;2023-12-01 15:15:00+00:00;0.805;;
461101;unknown;control;2023-12-01 15:30:00+00:00;0.928;;
461101;unknown;control;2023-12-01 15:45:00+00:00;1.484;;
461101;unknown;control;2023-12-01 16:00:00+00:00;1.153;;
461101;unknown;control;2023-12-01 16:15:00+00:00;1.762;;
461101;unknown;control;2023-12-01 16:30:00+00:00;1.063;;
461101;unknown;control;2023-12-01 16:45:00+00:00;1.084;;
461101;unknown;control;2023-12-01 17:00:00+00:00;1.077;;
461101;unknown;control;2023-12-01 17:15:00+00:00;1.39;;
461101;unknown;control;2023-12-01 17:30:00+00:00;1.873;;
461101;unknown;control;2023-12-01 17:45:00+00:00;1.946;;
461101;unknown;control;2023-12-01 18:00:00+00:00;1.642;;
461101;unknown;control;2023-12-01 18:15:00+00:00;1.423;;
461101;unknown;control;2023-12-01 18:30:00+00:00;1.534;;
461101;unknown;control;2023-12-01 18:45:00+00:00;1.775;;
461101;unknown;control;2023-12-01 19:00:00+00:00;1.861;;
461101;unknown;control;2023-12-01 19:15:00+00:00;1.926;;
461101;unknown;control;2023-12-01 19:30:00+00:00;1.957;;
461101;unknown;control;2023-12-01 19:45:00+00:00;1.584;;
461101;unknown;control;2023-12-01 20:00:00+00:00;0.99;;
461101;unknown;control;2023-12-01 20:15:00+00:00;0.705;;
461101;unknown;control;2023-12-01 20:30:00+00:00;0.538;;
461101;unknown;control;2023-12-01 20:45:00+00:00;1.141;;
461101;unknown;control;2023-12-01 21:00:00+00:00;1.21;;
461101;unknown;control;2023-12-01 21:15:00+00:00;1.017;;
461101;unknown;control;2023-12-01 21:30:00+00:00;1.03;;
461101;unknown;control;2023-12-01 21:45:00+00:00;0.361;;
461101;unknown;control;2023-12-01 22:00:00+00:00;0.121;;
461101;unknown;control;2023-12-01 22:15:00+00:00;0.392;;
461101;unknown;control;2023-12-01 22:30:00+00:00;0.097;;
461101;unknown;control;2023-12-01 22:45:00+00:00;0.683;;
461101;unknown;control;2023-12-01 23:00:00+00:00;0.748;;
461101;unknown;control;2023-12-01 23:15:00+00:00;0.912;;
461101;unknown;control;2023-12-01 23:30:00+00:00;0.922;;
461101;unknown;control;2023-12-01 23:45:00+00:00;0.927;;
461101;unknown;control;2023-12-02 00:00:00+00:00;0.515;;
461101;unknown;control;2023-12-02 00:15:00+00:00;0.391;;
461101;unknown;control;2023-12-02 00:30:00+00:00;0.049;;
461101;unknown;control;2023-12-02 00:45:00+00:00;0.055;;
461101;unknown;control;2023-12-02 01:00:00+00:00;0.76;;
461101;unknown;control;2023-12-02 01:15:00+00:00;0.681;;
461101;unknown;control;2023-12-02 01:30:00+00:00;0.911;;
461101;unknown;control;2023-12-02 01:45:00+00:00;0.901;;
461101;unknown;control;2023-12-02 02:00:00+00:00;0.922;;
461101;unknown;control;2023-12-02 02:15:00+00:00;0.634;;
461101;unknown;control;2023-12-02 02:30:00+00:00;0.204;;
461101;unknown;control;2023-12-02 02:45:00+00:00;0.626;;
461101;unknown;control;2023-12-02 03:00:00+00:00;0.309;;
461101;unknown;control;2023-12-02 03:15:00+00:00;0.06;;
461101;unknown;control;2023-12-02 03:30:00+00:00;0.463;;
461101;unknown;control;2023-12-02 03:45:00+00:00;0.895;;
461101;unknown;control;2023-12-02 04:00:00+00:00;0.898;;
461101;unknown;control;2023-12-02 04:15:00+00:00;0.918;;
461101;unknown;control;2023-12-02 04:30:00+00:00;0.879;;
461101;unknown;control;2023-12-02 04:45:00+00:00;0.049;;
461101;unknown;control;2023-12-02 05:00:00+00:00;0.308;;
461101;unknown;control;2023-12-02 05:15:00+00:00;0.053;;
461101;unknown;control;2023-12-02 05:30:00+00:00;0.304;;
461101;unknown;control;2023-12-02 05:45:00+00:00;0.89;;
461101;unknown;control;2023-12-02 06:00:00+00:00;0.666;;
461101;unknown;control;2023-12-02 06:15:00+00:00;0.908;;
461101;unknown;control;2023-12-02 06:30:00+00:00;0.914;;
461101;unknown;control;2023-12-02 06:45:00+00:00;0.91;;
461101;unknown;control;2023-12-02 07:00:00+00:00;0.712;;
461101;unknown;control;2023-12-02 07:15:00+00:00;0.51;;
461101;unknown;control;2023-12-02 07:30:00+00:00;0.734;;
461101;unknown;control;2023-12-02 07:45:00+00:00;0.588;;
461101;unknown;control;2023-12-02 08:00:00+00:00;0.488;;
461101;unknown;control;2023-12-02 08:15:00+00:00;0.982;;
461101;unknown;control;2023-12-02 08:30:00+00:00;1.115;;
461101;unknown;control;2023-12-02 08:45:00+00:00;1.139;;
461101;unknown;control;2023-12-02 09:00:00+00:00;0.619;;
461101;unknown;control;2023-12-02 09:15:00+00:00;0.278;;
461101;unknown;control;2023-12-02 09:30:00+00:00;0.857;;
461101;unknown;control;2023-12-02 09:45:00+00:00;0.868;;
461101;unknown;control;2023-12-02 10:00:00+00:00;1.271;;
461101;unknown;control;2023-12-02 10:15:00+00:00;0.534;;
461101;unknown;control;2023-12-02 10:30:00+00:00;1.068;;
461101;unknown;control;2023-12-02 10:45:00+00:00;0.925;;
461101;unknown;control;2023-12-02 11:00:00+00:00;0.976;;
461101;unknown;control;2023-12-02 11:15:00+00:00;0.466;;
461101;unknown;control;2023-12-02 11:30:00+00:00;0.106;;
461101;unknown;control;2023-12-02 11:45:00+00:00;0.118;;
461101;unknown;control;2023-12-02 12:00:00+00:00;0.646;;
461101;unknown;control;2023-12-02 12:15:00+00:00;1.071;;
461101;unknown;control;2023-12-02 12:30:00+00:00;1.081;;
461101;unknown;control;2023-12-02 12:45:00+00:00;1.103;;
461101;unknown;control;2023-12-02 13:00:00+00:00;1.096;;
461101;unknown;control;2023-12-02 13:15:00+00:00;0.477;;
461101;unknown;control;2023-12-02 13:30:00+00:00;0.999;;
461101;unknown;control;2023-12-02 13:45:00+00:00;1.239;;
461101;unknown;control;2023-12-02 14:00:00+00:00;0.928;;
461101;unknown;control;2023-12-02 14:15:00+00:00;1.089;;
461101;unknown;control;2023-12-02 14:30:00+00:00;1.149;;
461101;unknown;control;2023-12-02 14:45:00+00:00;1.086;;
461101;unknown;control;2023-12-02 15:00:00+00:00;1.137;;
461101;unknown;control;2023-12-02 15:15:00+00:00;0.781;;
461101;unknown;control;2023-12-02 15:30:00+00:00;0.58;;
461101;unknown;control;2023-12-02 15:45:00+00:00;0.083;;
461101;unknown;control;2023-12-02 16:00:00+00:00;0.11;;
461101;unknown;control;2023-12-02 16:15:00+00:00;0.688;;
461101;unknown;control;2023-12-02 16:30:00+00:00;0.97;;
461101;unknown;control;2023-12-02 16:45:00+00:00;0.958;;
461101;unknown;control;2023-12-02 17:00:00+00:00;1.013;;
461101;unknown;control;2023-12-02 17:15:00+00:00;1.042;;
461101;unknown;control;2023-12-02 17:30:00+00:00;0.396;;
461101;unknown;control;2023-12-02 17:45:00+00:00;0.325;;
461101;unknown;control;2023-12-02 18:00:00+00:00;0.151;;
461101;unknown;control;2023-12-02 18:15:00+00:00;0.415;;
461101;unknown;control;2023-12-02 18:30:00+00:00;0.846;;
461101;unknown;control;2023-12-02 18:45:00+00:00;1.486;;
461101;unknown;control;2023-12-02 19:00:00+00:00;1.041;;
461101;unknown;control;2023-12-02 19:15:00+00:00;1.321;;
461101;unknown;control;2023-12-02 19:30:00+00:00;0.39;;
461101;unknown;control;2023-12-02 19:45:00+00:00;0.489;;
461101;unknown;control;2023-12-02 20:00:00+00:00;0.119;;
461101;unknown;control;2023-12-02 20:15:00+00:00;0.242;;
461101;unknown;control;2023-12-02 20:30:00+00:00;0.979;;
461101;unknown;control;2023-12-02 20:45:00+00:00;0.852;;
461101;unknown;control;2023-12-02 21:00:00+00:00;1.011;;
461101;unknown;control;2023-12-02 21:15:00+00:00;0.978;;
461101;unknown;control;2023-12-02 21:30:00+00:00;1.033;;
461101;unknown;control;2023-12-02 21:45:00+00:00;0.249;;
461101;unknown;control;2023-12-02 22:00:00+00:00;0.124;;
461101;unknown;control;2023-12-02 22:15:00+00:00;0.123;;
461101;unknown;control;2023-12-02 22:30:00+00:00;0.272;;
461101;unknown;control;2023-12-02 22:45:00+00:00;0.512;;
461101;unknown;control;2023-12-02 23:00:00+00:00;0.8;;
461101;unknown;control;2023-12-02 23:15:00+00:00;0.938;;
461101;unknown;control;2023-12-02 23:30:00+00:00;0.694;;
461101;unknown;control;2023-12-02 23:45:00+00:00;0.937;;
461101;unknown;control;2023-12-03 00:00:00+00:00;0.944;;
461101;unknown;control;2023-12-03 00:15:00+00:00;0.951;;
461101;unknown;control;2023-12-03 00:30:00+00:00;0.924;;
461101;unknown;control;2023-12-03 00:45:00+00:00;0.664;;
461101;unknown;control;2023-12-03 01:00:00+00:00;0.309;;
461101;unknown;control;2023-12-03 01:15:00+00:00;0.935;;
461101;unknown;control;2023-12-03 01:30:00+00:00;0.912;;
461101;unknown;control;2023-12-03 01:45:00+00:00;0.921;;
461101;unknown;control;2023-12-03 02:00:00+00:00;0.881;;
461101;unknown;control;2023-12-03 02:15:00+00:00;0.73;;
461101;unknown;control;2023-12-03 02:30:00+00:00;0.943;;
461101;unknown;control;2023-12-03 02:45:00+00:00;0.938;;
461101;unknown;control;2023-12-03 03:00:00+00:00;0.515;;
461101;unknown;control;2023-12-03 03:15:00+00:00;0.726;;
461101;unknown;control;2023-12-03 03:30:00+00:00;0.79;;
461101;unknown;control;2023-12-03 03:45:00+00:00;0.818;;
461101;unknown;control;2023-12-03 04:00:00+00:00;0.92;;
461101;unknown;control;2023-12-03 04:15:00+00:00;0.913;;
461101;unknown;control;2023-12-03 04:30:00+00:00;0.929;;
461101;unknown;control;2023-12-03 04:45:00+00:00;0.819;;
461101;unknown;control;2023-12-03 05:00:00+00:00;0.683;;
461101;unknown;control;2023-12-03 05:15:00+00:00;0.411;;
461101;unknown;control;2023-12-03 05:30:00+00:00;0.917;;
461101;unknown;control;2023-12-03 05:45:00+00:00;0.895;;
461101;unknown;control;2023-12-03 06:00:00+00:00;0.904;;
461101;unknown;control;2023-12-03 06:15:00+00:00;0.691;;
461101;unknown;control;2023-12-03 06:30:00+00:00;0.884;;
461101;unknown;control;2023-12-03 06:45:00+00:00;0.901;;
461101;unknown;control;2023-12-03 07:00:00+00:00;0.858;;
461101;unknown;control;2023-12-03 07:15:00+00:00;0.308;;
461101;unknown;control;2023-12-03 07:30:00+00:00;0.839;;
461101;unknown;control;2023-12-03 07:45:00+00:00;0.622;;
461101;unknown;control;2023-12-03 08:00:00+00:00;0.833;;
461101;unknown;control;2023-12-03 08:15:00+00:00;1.019;;
461101;unknown;control;2023-12-03 08:30:00+00:00;0.829;;
461101;unknown;control;2023-12-03 08:45:00+00:00;0.864;;
461101;unknown;control;2023-12-03 09:00:00+00:00;0.623;;
461101;unknown;control;2023-12-03 09:15:00+00:00;0.607;;
461101;unknown;control;2023-12-03 09:30:00+00:00;0.577;;
461101;unknown;control;2023-12-03 09:45:00+00:00;0.852;;
461101;unknown;control;2023-12-03 10:00:00+00:00;0.866;;
461101;unknown;control;2023-12-03 10:15:00+00:00;0.899;;
461101;unknown;control;2023-12-03 10:30:00+00:00;0.663;;
461101;unknown;control;2023-12-03 10:45:00+00:00;0.923;;
461101;unknown;control;2023-12-03 11:00:00+00:00;1.09;;
461101;unknown;control;2023-12-03 11:15:00+00:00;0.925;;
461101;unknown;control;2023-12-03 11:30:00+00:00;0.795;;
461101;unknown;control;2023-12-03 11:45:00+00:00;1.158;;
461101;unknown;control;2023-12-03 12:00:00+00:00;0.758;;
461101;unknown;control;2023-12-03 12:15:00+00:00;0.959;;
461101;unknown;control;2023-12-03 12:30:00+00:00;0.995;;
461101;unknown;control;2023-12-03 12:45:00+00:00;1.031;;
461101;unknown;control;2023-12-03 13:00:00+00:00;1.064;;
461101;unknown;control;2023-12-03 13:15:00+00:00;0.558;;
461101;unknown;control;2023-12-03 13:30:00+00:00;0.226;;
461101;unknown;control;2023-12-03 13:45:00+00:00;0.193;;
461101;unknown;control;2023-12-03 14:00:00+00:00;0.729;;
461101;unknown;control;2023-12-03 14:15:00+00:00;0.518;;
461101;unknown;control;2023-12-03 14:30:00+00:00;1.52;;
461101;unknown;control;2023-12-03 14:45:00+00:00;1.085;;
461101;unknown;control;2023-12-03 15:00:00+00:00;0.951;;
461101;unknown;control;2023-12-03 15:15:00+00:00;0.71;;
461101;unknown;control;2023-12-03 15:30:00+00:00;0.966;;
461101;unknown;control;2023-12-03 15:45:00+00:00;0.983;;
461101;unknown;control;2023-12-03 16:00:00+00:00;0.965;;
461101;unknown;control;2023-12-03 16:15:00+00:00;0.536;;
461101;unknown;control;2023-12-03 16:30:00+00:00;1.122;;
461101;unknown;control;2023-12-03 16:45:00+00:00;1.009;;
461101;unknown;control;2023-12-03 17:00:00+00:00;0.968;;
461101;unknown;control;2023-12-03 17:15:00+00:00;0.973;;
461101;unknown;control;2023-12-03 17:30:00+00:00;0.99;;
461101;unknown;control;2023-12-03 17:45:00+00:00;1.062;;
461101;unknown;control;2023-12-03 18:00:00+00:00;0.852;;
461101;unknown;control;2023-12-03 18:15:00+00:00;0.584;;
461101;unknown;control;2023-12-03 18:30:00+00:00;0.318;;
461101;unknown;control;2023-12-03 18:45:00+00:00;0.326;;
461101;unknown;control;2023-12-03 19:00:00+00:00;0.836;;
461101;unknown;control;2023-12-03 19:15:00+00:00;0.613;;
461101;unknown;control;2023-12-03 19:30:00+00:00;0.862;;
461101;unknown;control;2023-12-03 19:45:00+00:00;1.012;;
461101;unknown;control;2023-12-03 20:00:00+00:00;1.077;;
461101;unknown;control;2023-12-03 20:15:00+00:00;1.261;;
461101;unknown;control;2023-12-03 20:30:00+00:00;1.044;;
461101;unknown;control;2023-12-03 20:45:00+00:00;1.045;;
461101;unknown;control;2023-12-03 21:00:00+00:00;1.411;;
461101;unknown;control;2023-12-03 21:15:00+00:00;1.05;;
461101;unknown;control;2023-12-03 21:30:00+00:00;0.743;;
461101;unknown;control;2023-12-03 21:45:00+00:00;0.348;;
461101;unknown;control;2023-12-03 22:00:00+00:00;0.912;;
461101;unknown;control;2023-12-03 22:15:00+00:00;0.891;;
461101;unknown;control;2023-12-03 22:30:00+00:00;0.9;;
461101;unknown;control;2023-12-03 22:45:00+00:00;0.861;;
461101;unknown;control;2023-12-03 23:00:00+00:00;0.724;;
461101;unknown;control;2023-12-03 23:15:00+00:00;0.925;;
461101;unknown;control;2023-12-03 23:30:00+00:00;0.931;;
461101;unknown;control;2023-12-03 23:45:00+00:00;0.571;;
461101;unknown;control;2023-12-04 00:00:00+00:00;0.683;;
461101;unknown;control;2023-12-04 00:15:00+00:00;0.78;;
461101;unknown;control;2023-12-04 00:30:00+00:00;0.824;;
461101;unknown;control;2023-12-04 00:45:00+00:00;0.917;;
461101;unknown;control;2023-12-04 01:00:00+00:00;0.909;;
461101;unknown;control;2023-12-04 01:15:00+00:00;0.912;;
461101;unknown;control;2023-12-04 01:30:00+00:00;0.796;;
461101;unknown;control;2023-12-04 01:45:00+00:00;0.709;;
461101;unknown;control;2023-12-04 02:00:00+00:00;0.394;;
461101;unknown;control;2023-12-04 02:15:00+00:00;0.91;;
461101;unknown;control;2023-12-04 02:30:00+00:00;0.895;;
461101;unknown;control;2023-12-04 02:45:00+00:00;0.905;;
461101;unknown;control;2023-12-04 03:00:00+00:00;0.706;;
461101;unknown;control;2023-12-04 03:15:00+00:00;0.904;;
461101;unknown;control;2023-12-04 03:30:00+00:00;0.926;;
461101;unknown;control;2023-12-04 03:45:00+00:00;0.914;;
461101;unknown;control;2023-12-04 04:00:00+00:00;0.301;;
461101;unknown;control;2023-12-04 04:15:00+00:00;0.919;;
461101;unknown;control;2023-12-04 04:30:00+00:00;0.673;;
461101;unknown;control;2023-12-04 04:45:00+00:00;0.95;;
461101;unknown;control;2023-12-04 05:00:00+00:00;0.97;;
461101;unknown;control;2023-12-04 05:15:00+00:00;0.927;;
461101;unknown;control;2023-12-04 05:30:00+00:00;1.007;;
461101;unknown;control;2023-12-04 05:45:00+00:00;0.728;;
461101;unknown;control;2023-12-04 06:00:00+00:00;0.875;;
461101;unknown;control;2023-12-04 06:15:00+00:00;0.4;;
461101;unknown;control;2023-12-04 06:30:00+00:00;0.85;;
461101;unknown;control;2023-12-04 06:45:00+00:00;0.83;;
461101;unknown;control;2023-12-04 07:00:00+00:00;0.836;;
461101;unknown;control;2023-12-04 07:15:00+00:00;0.741;;
461101;unknown;control;2023-12-04 07:30:00+00:00;0.851;;
461101;unknown;control;2023-12-04 07:45:00+00:00;0.864;;
461101;unknown;control;2023-12-04 08:00:00+00:00;0.867;;
461101;unknown;control;2023-12-04 08:15:00+00:00;0.643;;
461101;unknown;control;2023-12-04 08:30:00+00:00;0.654;;
461101;unknown;control;2023-12-04 08:45:00+00:00;0.859;;
461101;unknown;control;2023-12-04 09:00:00+00:00;0.694;;
461101;unknown;control;2023-12-04 09:15:00+00:00;0.893;;
461101;unknown;control;2023-12-04 09:30:00+00:00;1.159;;
461101;unknown;control;2023-12-04 09:45:00+00:00;0.935;;
461101;unknown;control;2023-12-04 10:00:00+00:00;0.126;;
461101;unknown;control;2023-12-04 10:15:00+00:00;0.067;;
461101;unknown;control;2023-12-04 10:30:00+00:00;0.262;;
461101;unknown;control;2023-12-04 10:45:00+00:00;0.171;;
461101;unknown;control;2023-12-04 11:00:00+00:00;0.855;;
461101;unknown;control;2023-12-04 11:15:00+00:00;0.812;;
461101;unknown;control;2023-12-04 11:30:00+00:00;0.776;;
461101;unknown;control;2023-12-04 11:45:00+00:00;0.59;;
461101;unknown;control;2023-12-04 12:00:00+00:00;0.625;;
461101;unknown;control;2023-12-04 12:15:00+00:00;0.873;;
461101;unknown;control;2023-12-04 12:30:00+00:00;0.85;;
461101;unknown;control;2023-12-04 12:45:00+00:00;0.666;;
461101;unknown;control;2023-12-04 13:00:00+00:00;0.877;;
461101;unknown;control;2023-12-04 13:15:00+00:00;0.897;;
461101;unknown;control;2023-12-04 13:30:00+00:00;0.924;;
461101;unknown;control;2023-12-04 13:45:00+00:00;0.895;;
461101;unknown;control;2023-12-04 14:00:00+00:00;0.359;;
461101;unknown;control;2023-12-04 14:15:00+00:00;0.815;;
461101;unknown;control;2023-12-04 14:30:00+00:00;0.923;;
461101;unknown;control;2023-12-04 14:45:00+00:00;0.938;;
461101;unknown;control;2023-12-04 15:00:00+00:00;0.953;;
461101;unknown;control;2023-12-04 15:15:00+00:00;0.954;;
461101;unknown;control;2023-12-04 15:30:00+00:00;0.071;;
461101;unknown;control;2023-12-04 15:45:00+00:00;0.097;;
461101;unknown;control;2023-12-04 16:00:00+00:00;0.397;;
461101;unknown;control;2023-12-04 16:15:00+00:00;0.674;;
461101;unknown;control;2023-12-04 16:30:00+00:00;0.117;;
461101;unknown;control;2023-12-04 16:45:00+00:00;0.083;;
461101;unknown;control;2023-12-04 17:00:00+00:00;0.082;;
461101;unknown;control;2023-12-04 17:15:00+00:00;0.083;;
461101;unknown;control;2023-12-04 17:30:00+00:00;0.164;;
461101;unknown;control;2023-12-04 17:45:00+00:00;1.339;;
461101;unknown;control;2023-12-04 18:00:00+00:00;0.978;;
461101;unknown;control;2023-12-04 18:15:00+00:00;0.444;;
461101;unknown;control;2023-12-04 18:30:00+00:00;0.933;;
461101;unknown;control;2023-12-04 18:45:00+00:00;0.972;;
461101;unknown;control;2023-12-04 19:00:00+00:00;1.004;;
461101;unknown;control;2023-12-04 19:15:00+00:00;0.91;;
461101;unknown;control;2023-12-04 19:30:00+00:00;0.943;;
461101;unknown;control;2023-12-04 19:45:00+00:00;0.951;;
461101;unknown;control;2023-12-04 20:00:00+00:00;0.981;;
461101;unknown;control;2023-12-04 20:15:00+00:00;0.994;;
461101;unknown;control;2023-12-04 20:30:00+00:00;0.466;;
461101;unknown;control;2023-12-04 20:45:00+00:00;1.355;;
461101;unknown;control;2023-12-04 21:00:00+00:00;1.003;;
461101;unknown;control;2023-12-04 21:15:00+00:00;1.189;;
461101;unknown;control;2023-12-04 21:30:00+00:00;1.051;;
461101;unknown;control;2023-12-04 21:45:00+00:00;0.969;;
461101;unknown;control;2023-12-04 22:00:00+00:00;1.003;;
461101;unknown;control;2023-12-04 22:15:00+00:00;1.002;;
461101;unknown;control;2023-12-04 22:30:00+00:00;0.794;;
461101;unknown;control;2023-12-04 22:45:00+00:00;0.345;;
461101;unknown;control;2023-12-04 23:00:00+00:00;0.802;;
461101;unknown;control;2023-12-04 23:15:00+00:00;0.088;;
461101;unknown;control;2023-12-04 23:30:00+00:00;0.087;;
461101;unknown;control;2023-12-04 23:45:00+00:00;0.219;;
461101;unknown;control;2023-12-05 00:00:00+00:00;0.882;;
461101;unknown;control;2023-12-05 00:15:00+00:00;0.895;;
461101;unknown;control;2023-12-05 00:30:00+00:00;0.922;;
461101;unknown;control;2023-12-05 00:45:00+00:00;0.793;;
461101;unknown;control;2023-12-05 01:00:00+00:00;0.313;;
461101;unknown;control;2023-12-05 01:15:00+00:00;0.053;;
461101;unknown;control;2023-12-05 01:30:00+00:00;0.24;;
461101;unknown;control;2023-12-05 01:45:00+00:00;0.88;;
461101;unknown;control;2023-12-05 02:00:00+00:00;0.901;;
461101;unknown;control;2023-12-05 02:15:00+00:00;0.928;;
461101;unknown;control;2023-12-05 02:30:00+00:00;0.943;;
461101;unknown;control;2023-12-05 02:45:00+00:00;0.115;;
461101;unknown;control;2023-12-05 03:00:00+00:00;0.348;;
461101;unknown;control;2023-12-05 03:15:00+00:00;0.057;;
461101;unknown;control;2023-12-05 03:30:00+00:00;0.31;;
461101;unknown;control;2023-12-05 03:45:00+00:00;0.774;;
461101;unknown;control;2023-12-05 04:00:00+00:00;0.803;;
461101;unknown;control;2023-12-05 04:15:00+00:00;0.907;;
461101;unknown;control;2023-12-05 04:30:00+00:00;0.918;;
461101;unknown;control;2023-12-05 04:45:00+00:00;0.892;;
461101;unknown;control;2023-12-05 05:00:00+00:00;0.368;;
461101;unknown;control;2023-12-05 05:15:00+00:00;0.206;;
461101;unknown;control;2023-12-05 05:30:00+00:00;0.725;;
461101;unknown;control;2023-12-05 05:45:00+00:00;0.315;;
461101;unknown;control;2023-12-05 06:00:00+00:00;0.877;;
461101;unknown;control;2023-12-05 06:15:00+00:00;0.947;;
461101;unknown;control;2023-12-05 06:30:00+00:00;0.87;;
461101;unknown;control;2023-12-05 06:45:00+00:00;0.892;;
461101;unknown;control;2023-12-05 07:00:00+00:00;0.671;;
461101;unknown;control;2023-12-05 07:15:00+00:00;0.863;;
461101;unknown;control;2023-12-05 07:30:00+00:00;0.869;;
461101;unknown;control;2023-12-05 07:45:00+00:00;0.5;;
461101;unknown;control;2023-12-05 08:00:00+00:00;0.715;;
461101;unknown;control;2023-12-05 08:15:00+00:00;0.878;;
461101;unknown;control;2023-12-05 08:30:00+00:00;0.885;;
461101;unknown;control;2023-12-05 08:45:00+00:00;1.009;;
461101;unknown;control;2023-12-05 09:00:00+00:00;1.03;;
461101;unknown;control;2023-12-05 09:15:00+00:00;1.103;;
461101;unknown;control;2023-12-05 09:30:00+00:00;0.503;;
461101;unknown;control;2023-12-05 09:45:00+00:00;0.242;;
461101;unknown;control;2023-12-05 10:00:00+00:00;0.894;;
461101;unknown;control;2023-12-05 10:15:00+00:00;0.966;;
461101;unknown;control;2023-12-05 10:30:00+00:00;0.962;;
461101;unknown;control;2023-12-05 10:45:00+00:00;0.998;;
461101;unknown;control;2023-12-05 11:00:00+00:00;1.432;;
461101;unknown;control;2023-12-05 11:15:00+00:00;0.877;;
461101;unknown;control;2023-12-05 11:30:00+00:00;0.515;;
461101;unknown;control;2023-12-05 11:45:00+00:00;0.744;;
461101;unknown;control;2023-12-05 12:00:00+00:00;0.874;;
461101;unknown;control;2023-12-05 12:15:00+00:00;0.905;;
461101;unknown;control;2023-12-05 12:30:00+00:00;0.224;;
461101;unknown;control;2023-12-05 12:45:00+00:00;0.086;;
461101;unknown;control;2023-12-05 13:00:00+00:00;0.351;;
461101;unknown;control;2023-12-05 13:15:00+00:00;0.369;;
461101;unknown;control;2023-12-05 13:30:00+00:00;0.615;;
461101;unknown;control;2023-12-05 13:45:00+00:00;0.942;;
461101;unknown;control;2023-12-05 14:00:00+00:00;1.052;;
461101;unknown;control;2023-12-05 14:15:00+00:00;1.075;;
461101;unknown;control;2023-12-05 14:30:00+00:00;0.779;;
461101;unknown;control;2023-12-05 14:45:00+00:00;0.128;;
461101;unknown;control;2023-12-05 15:00:00+00:00;0.117;;
461101;unknown;control;2023-12-05 15:15:00+00:00;0.181;;
461101;unknown;control;2023-12-05 15:30:00+00:00;0.834;;
461101;unknown;control;2023-12-05 15:45:00+00:00;0.518;;
461101;unknown;control;2023-12-05 16:00:00+00:00;0.953;;
461101;unknown;control;2023-12-05 16:15:00+00:00;0.975;;
461101;unknown;control;2023-12-05 16:30:00+00:00;0.134;;
461101;unknown;control;2023-12-05 16:45:00+00:00;0.287;;
461101;unknown;control;2023-12-05 17:00:00+00:00;0.112;;
461101;unknown;control;2023-12-05 17:15:00+00:00;0.396;;
461101;unknown;control;2023-12-05 17:30:00+00:00;0.153;;
461101;unknown;control;2023-12-05 17:45:00+00:00;0.692;;
461101;unknown;control;2023-12-05 18:00:00+00:00;0.956;;
461101;unknown;control;2023-12-05 18:15:00+00:00;1.276;;
461101;unknown;control;2023-12-05 18:30:00+00:00;1.001;;
461101;unknown;control;2023-12-05 18:45:00+00:00;0.925;;
461101;unknown;control;2023-12-05 19:00:00+00:00;0.964;;
461101;unknown;control;2023-12-05 19:15:00+00:00;1.03;;
461101;unknown;control;2023-12-05 19:30:00+00:00;0.927;;
461101;unknown;control;2023-12-05 19:45:00+00:00;1.039;;
461101;unknown;control;2023-12-05 20:00:00+00:00;0.448;;
461101;unknown;control;2023-12-05 20:15:00+00:00;0.965;;
461101;unknown;control;2023-12-05 20:30:00+00:00;0.996;;
461101;unknown;control;2023-12-05 20:45:00+00:00;0.987;;
461101;unknown;control;2023-12-05 21:00:00+00:00;0.53;;
461101;unknown;control;2023-12-05 21:15:00+00:00;0.497;;
461101;unknown;control;2023-12-05 21:30:00+00:00;0.108;;
461101;unknown;control;2023-12-05 21:45:00+00:00;0.38;;
461101;unknown;control;2023-12-05 22:00:00+00:00;0.557;;
461101;unknown;control;2023-12-05 22:15:00+00:00;0.348;;
461101;unknown;control;2023-12-05 22:30:00+00:00;0.726;;
461101;unknown;control;2023-12-05 22:45:00+00:00;0.887;;
461101;unknown;control;2023-12-05 23:00:00+00:00;0.903;;
461101;unknown;control;2023-12-05 23:15:00+00:00;0.927;;
461101;unknown;control;2023-12-05 23:30:00+00:00;0.299;;
461101;unknown;control;2023-12-05 23:45:00+00:00;0.057;;
461101;unknown;control;2023-12-06 00:00:00+00:00;0.162;;
461101;unknown;control;2023-12-06 00:15:00+00:00;0.28;;
461101;unknown;control;2023-12-06 00:30:00+00:00;0.715;;
461101;unknown;control;2023-12-06 00:45:00+00:00;0.751;;
461101;unknown;control;2023-12-06 01:00:00+00:00;0.898;;
461101;unknown;control;2023-12-06 01:15:00+00:00;0.921;;
461101;unknown;control;2023-12-06 01:30:00+00:00;0.828;;
461101;unknown;control;2023-12-06 01:45:00+00:00;0.051;;
461101;unknown;control;2023-12-06 02:00:00+00:00;0.049;;
461101;unknown;control;2023-12-06 02:15:00+00:00;0.318;;
461101;unknown;control;2023-12-06 02:30:00+00:00;0.341;;
461101;unknown;control;2023-12-06 02:45:00+00:00;0.813;;
461101;unknown;control;2023-12-06 03:00:00+00:00;0.83;;
461101;unknown;control;2023-12-06 03:15:00+00:00;0.914;;
461101;unknown;control;2023-12-06 03:30:00+00:00;0.936;;
461101;unknown;control;2023-12-06 03:45:00+00:00;0.121;;
461101;unknown;control;2023-12-06 04:00:00+00:00;0.046;;
461101;unknown;control;2023-12-06 04:15:00+00:00;0.305;;
461101;unknown;control;2023-12-06 04:30:00+00:00;0.116;;
461101;unknown;control;2023-12-06 04:45:00+00:00;0.883;;
461101;unknown;control;2023-12-06 05:00:00+00:00;0.929;;
461101;unknown;control;2023-12-06 05:15:00+00:00;0.836;;
461101;unknown;control;2023-12-06 05:30:00+00:00;0.125;;
461101;unknown;control;2023-12-06 05:45:00+00:00;0.131;;
461101;unknown;control;2023-12-06 06:00:00+00:00;0.113;;
461101;unknown;control;2023-12-06 06:15:00+00:00;0.842;;
461101;unknown;control;2023-12-06 06:30:00+00:00;0.678;;
461101;unknown;control;2023-12-06 06:45:00+00:00;0.623;;
461101;unknown;control;2023-12-06 07:00:00+00:00;0.917;;
461101;unknown;control;2023-12-06 07:15:00+00:00;0.931;;
461101;unknown;control;2023-12-06 07:30:00+00:00;0.875;;
461101;unknown;control;2023-12-06 07:45:00+00:00;0.123;;
461101;unknown;control;2023-12-06 08:00:00+00:00;0.07;;
461101;unknown;control;2023-12-06 08:15:00+00:00;0.052;;
461101;unknown;control;2023-12-06 08:30:00+00:00;0.323;;
461101;unknown;control;2023-12-06 08:45:00+00:00;0.277;;
461101;unknown;control;2023-12-06 09:00:00+00:00;0.851;;
461101;unknown;control;2023-12-06 09:15:00+00:00;0.908;;
461101;unknown;control;2023-12-06 09:30:00+00:00;1.432;;
461101;unknown;control;2023-12-06 09:45:00+00:00;0.111;;
461101;unknown;control;2023-12-06 10:00:00+00:00;0.189;;
461101;unknown;control;2023-12-06 10:15:00+00:00;0.59;;
461101;unknown;control;2023-12-06 10:30:00+00:00;0.118;;
461101;unknown;control;2023-12-06 10:45:00+00:00;0.045;;
461101;unknown;control;2023-12-06 11:00:00+00:00;0.714;;
461101;unknown;control;2023-12-06 11:15:00+00:00;0.406;;
461101;unknown;control;2023-12-06 11:30:00+00:00;0.883;;
461101;unknown;control;2023-12-06 11:45:00+00:00;0.815;;
461101;unknown;control;2023-12-06 12:00:00+00:00;0.902;;
461101;unknown;control;2023-12-06 12:15:00+00:00;0.837;;
461101;unknown;control;2023-12-06 12:30:00+00:00;0.065;;
461101;unknown;control;2023-12-06 12:45:00+00:00;0.055;;
461101;unknown;control;2023-12-06 13:00:00+00:00;0.131;;
461101;unknown;control;2023-12-06 13:15:00+00:00;0.551;;
461101;unknown;control;2023-12-06 13:30:00+00:00;0.693;;
461101;unknown;control;2023-12-06 13:45:00+00:00;1.048;;
461101;unknown;control;2023-12-06 14:00:00+00:00;1.341;;
461101;unknown;control;2023-12-06 14:15:00+00:00;1.186;;
461101;unknown;control;2023-12-06 14:30:00+00:00;0.557;;
461101;unknown;control;2023-12-06 14:45:00+00:00;0.423;;
461101;unknown;control;2023-12-06 15:00:00+00:00;0.124;;
461101;unknown;control;2023-12-06 15:15:00+00:00;0.544;;
461101;unknown;control;2023-12-06 15:30:00+00:00;0.546;;
461101;unknown;control;2023-12-06 15:45:00+00:00;0.917;;
461101;unknown;control;2023-12-06 16:00:00+00:00;0.932;;
461101;unknown;control;2023-12-06 16:15:00+00:00;0.934;;
461101;unknown;control;2023-12-06 16:30:00+00:00;0.149;;
461101;unknown;control;2023-12-06 16:45:00+00:00;0.159;;
461101;unknown;control;2023-12-06 17:00:00+00:00;0.263;;
461101;unknown;control;2023-12-06 17:15:00+00:00;0.108;;
461101;unknown;control;2023-12-06 17:30:00+00:00;0.176;;
461101;unknown;control;2023-12-06 17:45:00+00:00;0.845;;
461101;unknown;control;2023-12-06 18:00:00+00:00;0.826;;
461101;unknown;control;2023-12-06 18:15:00+00:00;1.104;;
461101;unknown;control;2023-12-06 18:30:00+00:00;0.497;;
461101;unknown;control;2023-12-06 18:45:00+00:00;0.823;;
461101;unknown;control;2023-12-06 19:00:00+00:00;0.899;;
461101;unknown;control;2023-12-06 19:15:00+00:00;0.782;;
461101;unknown;control;2023-12-06 19:30:00+00:00;1.013;;
461101;unknown;control;2023-12-06 19:45:00+00:00;1.017;;
461101;unknown;control;2023-12-06 20:00:00+00:00;1.028;;
461101;unknown;control;2023-12-06 20:15:00+00:00;0.58;;
461101;unknown;control;2023-12-06 20:30:00+00:00;0.612;;
461101;unknown;control;2023-12-06 20:45:00+00:00;0.423;;
461101;unknown;control;2023-12-06 21:00:00+00:00;0.897;;
461101;unknown;control;2023-12-06 21:15:00+00:00;0.75;;
461101;unknown;control;2023-12-06 21:30:00+00:00;1.029;;
461101;unknown;control;2023-12-06 21:45:00+00:00;1.273;;
461101;unknown;control;2023-12-06 22:00:00+00:00;0.973;;
461101;unknown;control;2023-12-06 22:15:00+00:00;0.982;;
461101;unknown;control;2023-12-06 22:30:00+00:00;0.195;;
461101;unknown;control;2023-12-06 22:45:00+00:00;0.096;;
461101;unknown;control;2023-12-06 23:00:00+00:00;0.068;;
461101;unknown;control;2023-12-06 23:15:00+00:00;0.408;;
461101;unknown;control;2023-12-06 23:30:00+00:00;0.399;;
461101;unknown;control;2023-12-06 23:45:00+00:00;0.874;;
461101;unknown;control;2023-12-07 00:00:00+00:00;0.893;;
461101;unknown;control;2023-12-07 00:15:00+00:00;0.91;;
461101;unknown;control;2023-12-07 00:30:00+00:00;0.89;;
461101;unknown;control;2023-12-07 00:45:00+00:00;0.056;;
461101;unknown;control;2023-12-07 01:00:00+00:00;0.05;;
461101;unknown;control;2023-12-07 01:15:00+00:00;0.309;;
461101;unknown;control;2023-12-07 01:30:00+00:00;0.096;;
461101;unknown;control;2023-12-07 01:45:00+00:00;0.869;;
461101;unknown;control;2023-12-07 02:00:00+00:00;0.68;;
461101;unknown;control;2023-12-07 02:15:00+00:00;0.91;;
461101;unknown;control;2023-12-07 02:30:00+00:00;0.9;;
461101;unknown;control;2023-12-07 02:45:00+00:00;0.917;;
461101;unknown;control;2023-12-07 03:00:00+00:00;0.938;;
461101;unknown;control;2023-12-07 03:15:00+00:00;0.653;;
461101;unknown;control;2023-12-07 03:30:00+00:00;0.325;;
461101;unknown;control;2023-12-07 03:45:00+00:00;0.051;;
461101;unknown;control;2023-12-07 04:00:00+00:00;0.435;;
461101;unknown;control;2023-12-07 04:15:00+00:00;0.889;;
461101;unknown;control;2023-12-07 04:30:00+00:00;0.905;;
461101;unknown;control;2023-12-07 04:45:00+00:00;0.922;;
461101;unknown;control;2023-12-07 05:00:00+00:00;0.814;;
461101;unknown;control;2023-12-07 05:15:00+00:00;0.865;;
461101;unknown;control;2023-12-07 05:30:00+00:00;0.94;;
461101;unknown;control;2023-12-07 05:45:00+00:00;0.422;;
461101;unknown;control;2023-12-07 06:00:00+00:00;0.968;;
461101;unknown;control;2023-12-07 06:15:00+00:00;0.936;;
461101;unknown;control;2023-12-07 06:30:00+00:00;0.916;;
461101;unknown;control;2023-12-07 06:45:00+00:00;0.787;;
461101;unknown;control;2023-12-07 07:00:00+00:00;0.953;;
461101;unknown;control;2023-12-07 07:15:00+00:00;0.95;;
461101;unknown;control;2023-12-07 07:30:00+00:00;0.407;;
461101;unknown;control;2023-12-07 07:45:00+00:00;0.638;;
461101;unknown;control;2023-12-07 08:00:00+00:00;0.578;;
461101;unknown;control;2023-12-07 08:15:00+00:00;0.937;;
461101;unknown;control;2023-12-07 08:30:00+00:00;0.951;;
461101;unknown;control;2023-12-07 08:45:00+00:00;0.593;;
461101;unknown;control;2023-12-07 09:00:00+00:00;0.12;;
461101;unknown;control;2023-12-07 09:15:00+00:00;0.14;;
461101;unknown;control;2023-12-07 09:30:00+00:00;0.186;;
461101;unknown;control;2023-12-07 09:45:00+00:00;0.358;;
461101;unknown;control;2023-12-07 10:00:00+00:00;0.429;;
461101;unknown;control;2023-12-07 10:15:00+00:00;0.376;;
461101;unknown;control;2023-12-07 10:30:00+00:00;0.037;;
461101;unknown;control;2023-12-07 10:45:00+00:00;0.049;;
461101;unknown;control;2023-12-07 11:00:00+00:00;0.845;;
461101;unknown;control;2023-12-07 11:15:00+00:00;0.341;;
461101;unknown;control;2023-12-07 11:30:00+00:00;0.849;;
461101;unknown;control;2023-12-07 11:45:00+00:00;0.917;;
461101;unknown;control;2023-12-07 12:00:00+00:00;0.948;;
461101;unknown;control;2023-12-07 12:15:00+00:00;1.707;;
461101;unknown;control;2023-12-07 12:30:00+00:00;1.353;;
461101;unknown;control;2023-12-07 12:45:00+00:00;0.993;;
461101;unknown;control;2023-12-07 13:00:00+00:00;0.882;;
461101;unknown;control;2023-12-07 13:15:00+00:00;1.366;;
461101;unknown;control;2023-12-07 13:30:00+00:00;1.43;;
461101;unknown;control;2023-12-07 13:45:00+00:00;1.723;;
461101;unknown;control;2023-12-07 14:00:00+00:00;1.862;;
461101;unknown;control;2023-12-07 14:15:00+00:00;1.842;;
461101;unknown;control;2023-12-07 14:30:00+00:00;1.221;;
461101;unknown;control;2023-12-07 14:45:00+00:00;1.165;;
461101;unknown;control;2023-12-07 15:00:00+00:00;0.984;;
461101;unknown;control;2023-12-07 15:15:00+00:00;1.252;;
461101;unknown;control;2023-12-07 15:30:00+00:00;0.969;;
461101;unknown;control;2023-12-07 15:45:00+00:00;1.612;;
461101;unknown;control;2023-12-07 16:00:00+00:00;1.352;;
461101;unknown;control;2023-12-07 16:15:00+00:00;1.293;;
461101;unknown;control;2023-12-07 16:30:00+00:00;0.429;;
461101;unknown;control;2023-12-07 16:45:00+00:00;0.339;;
461101;unknown;control;2023-12-07 17:00:00+00:00;0.275;;
461101;unknown;control;2023-12-07 17:15:00+00:00;0.159;;
461101;unknown;control;2023-12-07 17:30:00+00:00;0.107;;
461101;unknown;control;2023-12-07 17:45:00+00:00;0.573;;
461101;unknown;control;2023-12-07 18:00:00+00:00;0.601;;
461101;unknown;control;2023-12-07 18:15:00+00:00;1.088;;
461101;unknown;control;2023-12-07 18:30:00+00:00;1.089;;
461101;unknown;control;2023-12-07 18:45:00+00:00;0.801;;
461101;unknown;control;2023-12-07 19:00:00+00:00;0.939;;
461101;unknown;control;2023-12-07 19:15:00+00:00;0.958;;
461101;unknown;control;2023-12-07 19:30:00+00:00;0.898;;
461101;unknown;control;2023-12-07 19:45:00+00:00;0.462;;
461101;unknown;control;2023-12-07 20:00:00+00:00;0.418;;
461101;unknown;control;2023-12-07 20:15:00+00:00;0.441;;
461101;unknown;control;2023-12-07 20:30:00+00:00;0.174;;
461101;unknown;control;2023-12-07 20:45:00+00:00;0.202;;
461101;unknown;control;2023-12-07 21:00:00+00:00;1.212;;
461101;unknown;control;2023-12-07 21:15:00+00:00;1.185;;
461101;unknown;control;2023-12-07 21:30:00+00:00;0.721;;
461101;unknown;control;2023-12-07 21:45:00+00:00;1.06;;
461101;unknown;control;2023-12-07 22:00:00+00:00;0.861;;
461101;unknown;control;2023-12-07 22:15:00+00:00;0.663;;
461101;unknown;control;2023-12-07 22:30:00+00:00;0.944;;
461101;unknown;control;2023-12-07 22:45:00+00:00;0.937;;
461101;unknown;control;2023-12-07 23:00:00+00:00;0.812;;
461101;unknown;control;2023-12-07 23:15:00+00:00;0.08;;
461101;unknown;control;2023-12-07 23:30:00+00:00;0.062;;
461101;unknown;control;2023-12-07 23:45:00+00:00;0.039;;
461101;unknown;control;2023-12-08 00:00:00+00:00;0.359;;
461101;unknown;control;2023-12-08 00:15:00+00:00;0.13;;
461101;unknown;control;2023-12-08 00:30:00+00:00;0.861;;
461101;unknown;control;2023-12-08 00:45:00+00:00;0.876;;
461101;unknown;control;2023-12-08 01:00:00+00:00;0.898;;
461101;unknown;control;2023-12-08 01:15:00+00:00;0.92;;
461101;unknown;control;2023-12-08 01:30:00+00:00;0.945;;
461101;unknown;control;2023-12-08 01:45:00+00:00;0.467;;
461101;unknown;control;2023-12-08 02:00:00+00:00;0.052;;
461101;unknown;control;2023-12-08 02:15:00+00:00;0.32;;
461101;unknown;control;2023-12-08 02:30:00+00:00;0.27;;
461101;unknown;control;2023-12-08 02:45:00+00:00;0.887;;
461101;unknown;control;2023-12-08 03:00:00+00:00;0.912;;
461101;unknown;control;2023-12-08 03:15:00+00:00;0.919;;
461101;unknown;control;2023-12-08 03:30:00+00:00;0.94;;
461101;unknown;control;2023-12-08 03:45:00+00:00;0.329;;
461101;unknown;control;2023-12-08 04:00:00+00:00;0.057;;
461101;unknown;control;2023-12-08 04:15:00+00:00;0.312;;
461101;unknown;control;2023-12-08 04:30:00+00:00;0.293;;
461101;unknown;control;2023-12-08 04:45:00+00:00;0.702;;
461101;unknown;control;2023-12-08 05:00:00+00:00;0.281;;
461101;unknown;control;2023-12-08 05:15:00+00:00;0.875;;
461101;unknown;control;2023-12-08 05:30:00+00:00;0.868;;
461101;unknown;control;2023-12-08 05:45:00+00:00;0.987;;
461101;unknown;control;2023-12-08 06:00:00+00:00;0.904;;
461101;unknown;control;2023-12-08 06:15:00+00:00;0.803;;
461101;unknown;control;2023-12-08 06:30:00+00:00;0.943;;
461101;unknown;control;2023-12-08 06:45:00+00:00;0.934;;
461101;unknown;control;2023-12-08 07:00:00+00:00;0.382;;
461101;unknown;control;2023-12-08 07:15:00+00:00;1.117;;
461101;unknown;control;2023-12-08 07:30:00+00:00;1.024;;
461101;unknown;control;2023-12-08 07:45:00+00:00;1.025;;
461101;unknown;control;2023-12-08 08:00:00+00:00;0.545;;
461101;unknown;control;2023-12-08 08:15:00+00:00;0.087;;
461101;unknown;control;2023-12-08 08:30:00+00:00;0.088;;
461101;unknown;control;2023-12-08 08:45:00+00:00;0.097;;
461101;unknown;control;2023-12-08 09:00:00+00:00;0.747;;
461101;unknown;control;2023-12-08 09:15:00+00:00;0.615;;
461101;unknown;control;2023-12-08 09:30:00+00:00;0.686;;
461101;unknown;control;2023-12-08 09:45:00+00:00;1.069;;
461101;unknown;control;2023-12-08 10:00:00+00:00;0.304;;
461101;unknown;control;2023-12-08 10:15:00+00:00;0.208;;
461101;unknown;control;2023-12-08 10:30:00+00:00;0.205;;
461101;unknown;control;2023-12-08 10:45:00+00:00;0.209;;
461101;unknown;control;2023-12-08 11:00:00+00:00;0.845;;
461101;unknown;control;2023-12-08 11:15:00+00:00;1.099;;
461101;unknown;control;2023-12-08 11:30:00+00:00;0.435;;
461101;unknown;control;2023-12-08 11:45:00+00:00;1.435;;
461101;unknown;control;2023-12-08 12:00:00+00:00;0.973;;
461101;unknown;control;2023-12-08 12:15:00+00:00;0.994;;
461101;unknown;control;2023-12-08 12:30:00+00:00;0.267;;
461101;unknown;control;2023-12-08 12:45:00+00:00;0.101;;
461101;unknown;control;2023-12-08 13:00:00+00:00;0.416;;
461101;unknown;control;2023-12-08 13:15:00+00:00;0.068;;
461101;unknown;control;2023-12-08 13:30:00+00:00;0.459;;
461101;unknown;control;2023-12-08 13:45:00+00:00;0.521;;
461101;unknown;control;2023-12-08 14:00:00+00:00;0.902;;
461101;unknown;control;2023-12-08 14:15:00+00:00;0.957;;
461101;unknown;control;2023-12-08 14:30:00+00:00;0.536;;
461101;unknown;control;2023-12-08 14:45:00+00:00;0.089;;
461101;unknown;control;2023-12-08 15:00:00+00:00;0.08;;
461101;unknown;control;2023-12-08 15:15:00+00:00;0.062;;
461101;unknown;control;2023-12-08 15:30:00+00:00;0.5;;
461101;unknown;control;2023-12-08 15:45:00+00:00;0.306;;
461101;unknown;control;2023-12-08 16:00:00+00:00;0.877;;
461101;unknown;control;2023-12-08 16:15:00+00:00;0.776;;
461101;unknown;control;2023-12-08 16:30:00+00:00;0.11;;
461101;unknown;control;2023-12-08 16:45:00+00:00;0.07;;
461101;unknown;control;2023-12-08 17:00:00+00:00;0.213;;
461101;unknown;control;2023-12-08 17:15:00+00:00;0.076;;
461101;unknown;control;2023-12-08 17:30:00+00:00;0.102;;
461101;unknown;control;2023-12-08 17:45:00+00:00;0.602;;
461101;unknown;control;2023-12-08 18:00:00+00:00;0.613;;
461101;unknown;control;2023-12-08 18:15:00+00:00;0.912;;
461101;unknown;control;2023-12-08 18:30:00+00:00;0.932;;
461101;unknown;control;2023-12-08 18:45:00+00:00;0.908;;
461101;unknown;control;2023-12-08 19:00:00+00:00;0.747;;
461101;unknown;control;2023-12-08 19:15:00+00:00;0.122;;
461101;unknown;control;2023-12-08 19:30:00+00:00;0.115;;
461101;unknown;control;2023-12-08 19:45:00+00:00;0.418;;
461101;unknown;control;2023-12-08 20:00:00+00:00;0.178;;
461101;unknown;control;2023-12-08 20:15:00+00:00;0.887;;
461101;unknown;control;2023-12-08 20:30:00+00:00;0.88;;
461101;unknown;control;2023-12-08 20:45:00+00:00;0.914;;
461101;unknown;control;2023-12-08 21:00:00+00:00;0.74;;
461101;unknown;control;2023-12-08 21:15:00+00:00;0.081;;
461101;unknown;control;2023-12-08 21:30:00+00:00;0.061;;
461101;unknown;control;2023-12-08 21:45:00+00:00;0.069;;
461101;unknown;control;2023-12-08 22:00:00+00:00;0.312;;
461101;unknown;control;2023-12-08 22:15:00+00:00;0.62;;
461101;unknown;control;2023-12-08 22:30:00+00:00;0.871;;
461101;unknown;control;2023-12-08 22:45:00+00:00;0.926;;
461101;unknown;control;2023-12-08 23:00:00+00:00;0.595;;
461101;unknown;control;2023-12-08 23:15:00+00:00;0.092;;
461101;unknown;control;2023-12-08 23:30:00+00:00;0.071;;
461101;unknown;control;2023-12-08 23:45:00+00:00;0.033;;
461101;unknown;control;2023-12-09 00:00:00+00:00;0.323;;
461101;unknown;control;2023-12-09 00:15:00+00:00;0.34;;
461101;unknown;control;2023-12-09 00:30:00+00:00;0.696;;
461101;unknown;control;2023-12-09 00:45:00+00:00;0.298;;
461101;unknown;control;2023-12-09 01:00:00+00:00;0.86;;
461101;unknown;control;2023-12-09 01:15:00+00:00;0.865;;
461101;unknown;control;2023-12-09 01:30:00+00:00;0.894;;
461101;unknown;control;2023-12-09 01:45:00+00:00;0.891;;
461101;unknown;control;2023-12-09 02:00:00+00:00;0.293;;
461101;unknown;control;2023-12-09 02:15:00+00:00;0.052;;
461101;unknown;control;2023-12-09 02:30:00+00:00;0.042;;
461101;unknown;control;2023-12-09 02:45:00+00:00;0.324;;
461101;unknown;control;2023-12-09 03:00:00+00:00;0.528;;
461101;unknown;control;2023-12-09 03:15:00+00:00;0.858;;
461101;unknown;control;2023-12-09 03:30:00+00:00;0.884;;
461101;unknown;control;2023-12-09 03:45:00+00:00;0.917;;
461101;unknown;control;2023-12-09 04:00:00+00:00;0.776;;
461101;unknown;control;2023-12-09 04:15:00+00:00;0.125;;
461101;unknown;control;2023-12-09 04:30:00+00:00;0.051;;
461101;unknown;control;2023-12-09 04:45:00+00:00;0.314;;
461101;unknown;control;2023-12-09 05:00:00+00:00;0.266;;
461101;unknown;control;2023-12-09 05:15:00+00:00;0.866;;
461101;unknown;control;2023-12-09 05:30:00+00:00;0.888;;
461101;unknown;control;2023-12-09 05:45:00+00:00;0.914;;
461101;unknown;control;2023-12-09 06:00:00+00:00;0.188;;
461101;unknown;control;2023-12-09 06:15:00+00:00;0.057;;
461101;unknown;control;2023-12-09 06:30:00+00:00;0.037;;
461101;unknown;control;2023-12-09 06:45:00+00:00;0.251;;
461101;unknown;control;2023-12-09 07:00:00+00:00;0.063;;
461101;unknown;control;2023-12-09 07:15:00+00:00;0.703;;
461101;unknown;control;2023-12-09 07:30:00+00:00;0.482;;
461101;unknown;control;2023-12-09 07:45:00+00:00;0.782;;
461101;unknown;control;2023-12-09 08:00:00+00:00;0.838;;
461101;unknown;control;2023-12-09 08:15:00+00:00;0.843;;
461101;unknown;control;2023-12-09 08:30:00+00:00;0.862;;
461101;unknown;control;2023-12-09 08:45:00+00:00;0.696;;
461101;unknown;control;2023-12-09 09:00:00+00:00;0.954;;
461101;unknown;control;2023-12-09 09:15:00+00:00;0.846;;
461101;unknown;control;2023-12-09 09:30:00+00:00;0.718;;
461101;unknown;control;2023-12-09 09:45:00+00:00;0.358;;
461101;unknown;control;2023-12-09 10:00:00+00:00;0.836;;
461101;unknown;control;2023-12-09 10:15:00+00:00;0.72;;
461101;unknown;control;2023-12-09 10:30:00+00:00;1.022;;
461101;unknown;control;2023-12-09 10:45:00+00:00;0.88;;
461101;unknown;control;2023-12-09 11:00:00+00:00;0.586;;
461101;unknown;control;2023-12-09 11:15:00+00:00;0.012;;
461101;unknown;control;2023-12-09 11:30:00+00:00;0.067;;
461101;unknown;control;2023-12-09 11:45:00+00:00;0.57;;
461101;unknown;control;2023-12-09 12:00:00+00:00;0.359;;
461101;unknown;control;2023-12-09 12:15:00+00:00;0.617;;
461101;unknown;control;2023-12-09 12:30:00+00:00;0.256;;
461101;unknown;control;2023-12-09 12:45:00+00:00;0.759;;
461101;unknown;control;2023-12-09 13:00:00+00:00;0.769;;
461101;unknown;control;2023-12-09 13:15:00+00:00;0.51;;
461101;unknown;control;2023-12-09 13:30:00+00:00;0.054;;
461101;unknown;control;2023-12-09 13:45:00+00:00;0.034;;
461101;unknown;control;2023-12-09 14:00:00+00:00;0.058;;
461101;unknown;control;2023-12-09 14:15:00+00:00;0.149;;
461101;unknown;control;2023-12-09 14:30:00+00:00;0.587;;
461101;unknown;control;2023-12-09 14:45:00+00:00;0.77;;
461101;unknown;control;2023-12-09 15:00:00+00:00;0.496;;
461101;unknown;control;2023-12-09 15:15:00+00:00;0.926;;
461101;unknown;control;2023-12-09 15:30:00+00:00;0.945;;
461101;unknown;control;2023-12-09 15:45:00+00:00;1.0;;
461101;unknown;control;2023-12-09 16:00:00+00:00;0.83;;
461101;unknown;control;2023-12-09 16:15:00+00:00;0.185;;
461101;unknown;control;2023-12-09 16:30:00+00:00;0.101;;
461101;unknown;control;2023-12-09 16:45:00+00:00;0.178;;
461101;unknown;control;2023-12-09 17:00:00+00:00;0.436;;
461101;unknown;control;2023-12-09 17:15:00+00:00;0.705;;
461101;unknown;control;2023-12-09 17:30:00+00:00;0.892;;
461101;unknown;control;2023-12-09 17:45:00+00:00;0.906;;
461101;unknown;control;2023-12-09 18:00:00+00:00;0.416;;
461101;unknown;control;2023-12-09 18:15:00+00:00;0.06;;
461101;unknown;control;2023-12-09 18:30:00+00:00;0.055;;
461101;unknown;control;2023-12-09 18:45:00+00:00;0.052;;
461101;unknown;control;2023-12-09 19:00:00+00:00;0.309;;
461101;unknown;control;2023-12-09 19:15:00+00:00;0.277;;
461101;unknown;control;2023-12-09 19:30:00+00:00;0.768;;
461101;unknown;control;2023-12-09 19:45:00+00:00;0.362;;
461101;unknown;control;2023-12-09 20:00:00+00:00;0.907;;
461101;unknown;control;2023-12-09 20:15:00+00:00;0.936;;
461101;unknown;control;2023-12-09 20:30:00+00:00;0.687;;
461101;unknown;control;2023-12-09 20:45:00+00:00;0.076;;
461101;unknown;control;2023-12-09 21:00:00+00:00;0.057;;
461101;unknown;control;2023-12-09 21:15:00+00:00;0.266;;
461101;unknown;control;2023-12-09 21:30:00+00:00;0.946;;
461101;unknown;control;2023-12-09 21:45:00+00:00;1.327;;
461101;unknown;control;2023-12-09 22:00:00+00:00;1.363;;
461101;unknown;control;2023-12-09 22:15:00+00:00;1.83;;
461101;unknown;control;2023-12-09 22:30:00+00:00;2.058;;
461101;unknown;control;2023-12-09 22:45:00+00:00;1.684;;
461101;unknown;control;2023-12-09 23:00:00+00:00;1.234;;
461101;unknown;control;2023-12-09 23:15:00+00:00;0.903;;
461101;unknown;control;2023-12-09 23:30:00+00:00;0.858;;
461101;unknown;control;2023-12-09 23:45:00+00:00;1.231;;
461101;unknown;control;2023-12-10 00:00:00+00:00;1.013;;
461101;unknown;control;2023-12-10 00:15:00+00:00;1.706;;
461101;unknown;control;2023-12-10 00:30:00+00:00;1.728;;
461101;unknown;control;2023-12-10 00:45:00+00:00;1.291;;
461101;unknown;control;2023-12-10 01:00:00+00:00;0.892;;
461101;unknown;control;2023-12-10 01:15:00+00:00;0.891;;
461101;unknown;control;2023-12-10 01:30:00+00:00;1.274;;
461101;unknown;control;2023-12-10 01:45:00+00:00;1.377;;
461101;unknown;control;2023-12-10 02:00:00+00:00;0.712;;
461101;unknown;control;2023-12-10 02:15:00+00:00;1.119;;
461101;unknown;control;2023-12-10 02:30:00+00:00;1.119;;
461101;unknown;control;2023-12-10 02:45:00+00:00;0.937;;
461101;unknown;control;2023-12-10 03:00:00+00:00;0.122;;
461101;unknown;control;2023-12-10 03:15:00+00:00;0.048;;
461101;unknown;control;2023-12-10 03:30:00+00:00;0.034;;
461101;unknown;control;2023-12-10 03:45:00+00:00;0.151;;
461101;unknown;control;2023-12-10 04:00:00+00:00;0.563;;
461101;unknown;control;2023-12-10 04:15:00+00:00;0.59;;
461101;unknown;control;2023-12-10 04:30:00+00:00;0.869;;
461101;unknown;control;2023-12-10 04:45:00+00:00;0.902;;
461101;unknown;control;2023-12-10 05:00:00+00:00;0.14;;
461101;unknown;control;2023-12-10 05:15:00+00:00;0.048;;
461101;unknown;control;2023-12-10 05:30:00+00:00;0.031;;
461101;unknown;control;2023-12-10 05:45:00+00:00;0.032;;
461101;unknown;control;2023-12-10 06:00:00+00:00;0.364;;
461101;unknown;control;2023-12-10 06:15:00+00:00;0.079;;
461101;unknown;control;2023-12-10 06:30:00+00:00;0.722;;
461101;unknown;control;2023-12-10 06:45:00+00:00;0.796;;
461101;unknown;control;2023-12-10 07:00:00+00:00;0.847;;
461101;unknown;control;2023-12-10 07:15:00+00:00;0.856;;
461101;unknown;control;2023-12-10 07:30:00+00:00;0.84;;
461101;unknown;control;2023-12-10 07:45:00+00:00;0.724;;
461101;unknown;control;2023-12-10 08:00:00+00:00;0.112;;
461101;unknown;control;2023-12-10 08:15:00+00:00;0.221;;
461101;unknown;control;2023-12-10 08:30:00+00:00;0.017;;
461101;unknown;control;2023-12-10 08:45:00+00:00;0.761;;
461101;unknown;control;2023-12-10 09:00:00+00:00;0.803;;
461101;unknown;control;2023-12-10 09:15:00+00:00;0.364;;
461101;unknown;control;2023-12-10 09:30:00+00:00;0.0;;
461101;unknown;control;2023-12-10 09:45:00+00:00;0.0;;
461101;unknown;control;2023-12-10 10:00:00+00:00;0.002;;
461101;unknown;control;2023-12-10 10:15:00+00:00;0.218;;
461101;unknown;control;2023-12-10 10:30:00+00:00;0.114;;
461101;unknown;control;2023-12-10 10:45:00+00:00;0.26;;
461101;unknown;control;2023-12-10 11:00:00+00:00;0.792;;
461101;unknown;control;2023-12-10 11:15:00+00:00;0.811;;
461101;unknown;control;2023-12-10 11:30:00+00:00;0.0;;
461101;unknown;control;2023-12-10 11:45:00+00:00;0.0;;
461101;unknown;control;2023-12-10 12:00:00+00:00;0.013;;
461101;unknown;control;2023-12-10 12:15:00+00:00;0.202;;
461101;unknown;control;2023-12-10 12:30:00+00:00;0.568;;
461101;unknown;control;2023-12-10 12:45:00+00:00;0.627;;
461101;unknown;control;2023-12-10 13:00:00+00:00;0.791;;
461101;unknown;control;2023-12-10 13:15:00+00:00;0.548;;
461101;unknown;control;2023-12-10 13:30:00+00:00;0.187;;
461101;unknown;control;2023-12-10 13:45:00+00:00;0.001;;
461101;unknown;control;2023-12-10 14:00:00+00:00;0.001;;
461101;unknown;control;2023-12-10 14:15:00+00:00;0.002;;
461101;unknown;control;2023-12-10 14:30:00+00:00;0.264;;
461101;unknown;control;2023-12-10 14:45:00+00:00;0.279;;
461101;unknown;control;2023-12-10 15:00:00+00:00;1.295;;
461101;unknown;control;2023-12-10 15:15:00+00:00;1.31;;
461101;unknown;control;2023-12-10 15:30:00+00:00;0.585;;
461101;unknown;control;2023-12-10 15:45:00+00:00;0.356;;
461101;unknown;control;2023-12-10 16:00:00+00:00;0.244;;
461101;unknown;control;2023-12-10 16:15:00+00:00;0.85;;
461101;unknown;control;2023-12-10 16:30:00+00:00;0.4;;
461101;unknown;control;2023-12-10 16:45:00+00:00;0.978;;
461101;unknown;control;2023-12-10 17:00:00+00:00;0.94;;
461101;unknown;control;2023-12-10 17:15:00+00:00;1.185;;
461101;unknown;control;2023-12-10 17:30:00+00:00;1.15;;
461101;unknown;control;2023-12-10 17:45:00+00:00;0.644;;
461101;unknown;control;2023-12-10 18:00:00+00:00;0.278;;
461101;unknown;control;2023-12-10 18:15:00+00:00;0.084;;
461101;unknown;control;2023-12-10 18:30:00+00:00;0.086;;
461101;unknown;control;2023-12-10 18:45:00+00:00;0.899;;
461101;unknown;control;2023-12-10 19:00:00+00:00;0.394;;
461101;unknown;control;2023-12-10 19:15:00+00:00;0.938;;
461101;unknown;control;2023-12-10 19:30:00+00:00;1.048;;
461101;unknown;control;2023-12-10 19:45:00+00:00;0.802;;
461101;unknown;control;2023-12-10 20:00:00+00:00;0.2;;
461101;unknown;control;2023-12-10 20:15:00+00:00;0.098;;
461101;unknown;control;2023-12-10 20:30:00+00:00;0.088;;
461101;unknown;control;2023-12-10 20:45:00+00:00;0.526;;
461101;unknown;control;2023-12-10 21:00:00+00:00;0.843;;
461101;unknown;control;2023-12-10 21:15:00+00:00;0.771;;
461101;unknown;control;2023-12-10 21:30:00+00:00;0.389;;
461101;unknown;control;2023-12-10 21:45:00+00:00;0.898;;
461101;unknown;control;2023-12-10 22:00:00+00:00;0.901;;
461101;unknown;control;2023-12-10 22:15:00+00:00;0.115;;
461101;unknown;control;2023-12-10 22:30:00+00:00;0.06;;
461101;unknown;control;2023-12-10 22:45:00+00:00;0.041;;
461101;unknown;control;2023-12-10 23:00:00+00:00;0.033;;
461101;unknown;control;2023-12-10 23:15:00+00:00;0.072;;
461101;unknown;control;2023-12-10 23:30:00+00:00;0.377;;
461101;unknown;control;2023-12-10 23:45:00+00:00;0.63;;
461101;unknown;control;2023-12-11 00:00:00+00:00;0.701;;
461101;unknown;control;2023-12-11 00:15:00+00:00;0.891;;
461101;unknown;control;2023-12-11 00:30:00+00:00;0.561;;
461101;unknown;control;2023-12-11 00:45:00+00:00;0.055;;
461101;unknown;control;2023-12-11 01:00:00+00:00;0.045;;
461101;unknown;control;2023-12-11 01:15:00+00:00;0.03;;
461101;unknown;control;2023-12-11 01:30:00+00:00;0.319;;
461101;unknown;control;2023-12-11 01:45:00+00:00;0.283;;
461101;unknown;control;2023-12-11 02:00:00+00:00;0.87;;
461101;unknown;control;2023-12-11 02:15:00+00:00;0.657;;
461101;unknown;control;2023-12-11 02:30:00+00:00;0.053;;
461101;unknown;control;2023-12-11 02:45:00+00:00;0.053;;
461101;unknown;control;2023-12-11 03:00:00+00:00;0.038;;
461101;unknown;control;2023-12-11 03:15:00+00:00;0.046;;
461101;unknown;control;2023-12-11 03:30:00+00:00;0.296;;
461101;unknown;control;2023-12-11 03:45:00+00:00;0.643;;
461101;unknown;control;2023-12-11 04:00:00+00:00;0.499;;
461101;unknown;control;2023-12-11 04:15:00+00:00;0.886;;
461101;unknown;control;2023-12-11 04:30:00+00:00;0.207;;
461101;unknown;control;2023-12-11 04:45:00+00:00;0.075;;
461101;unknown;control;2023-12-11 05:00:00+00:00;0.053;;
461101;unknown;control;2023-12-11 05:15:00+00:00;0.107;;
461101;unknown;control;2023-12-11 05:30:00+00:00;0.154;;
461101;unknown;control;2023-12-11 05:45:00+00:00;0.725;;
461101;unknown;control;2023-12-11 06:00:00+00:00;0.502;;
461101;unknown;control;2023-12-11 06:15:00+00:00;0.766;;
461101;unknown;control;2023-12-11 06:30:00+00:00;0.968;;
461101;unknown;control;2023-12-11 06:45:00+00:00;0.226;;
461101;unknown;control;2023-12-11 07:00:00+00:00;0.186;;
461101;unknown;control;2023-12-11 07:15:00+00:00;0.317;;
461101;unknown;control;2023-12-11 07:30:00+00:00;0.067;;
461101;unknown;control;2023-12-11 07:45:00+00:00;0.069;;
461101;unknown;control;2023-12-11 08:00:00+00:00;0.482;;
461101;unknown;control;2023-12-11 08:15:00+00:00;0.316;;
461101;unknown;control;2023-12-11 08:30:00+00:00;0.722;;
461101;unknown;control;2023-12-11 08:45:00+00:00;0.863;;
461101;unknown;control;2023-12-11 09:00:00+00:00;0.864;;
461101;unknown;control;2023-12-11 09:15:00+00:00;0.155;;
461101;unknown;control;2023-12-11 09:30:00+00:00;0.011;;
461101;unknown;control;2023-12-11 09:45:00+00:00;0.07;;
461101;unknown;control;2023-12-11 10:00:00+00:00;0.081;;
461101;unknown;control;2023-12-11 10:15:00+00:00;0.059;;
461101;unknown;control;2023-12-11 10:30:00+00:00;0.139;;
461101;unknown;control;2023-12-11 10:45:00+00:00;0.689;;
461101;unknown;control;2023-12-11 11:00:00+00:00;0.814;;
461101;unknown;control;2023-12-11 11:15:00+00:00;0.256;;
461101;unknown;control;2023-12-11 11:30:00+00:00;0.998;;
461101;unknown;control;2023-12-11 11:45:00+00:00;0.668;;
461101;unknown;control;2023-12-11 12:00:00+00:00;0.852;;
461101;unknown;control;2023-12-11 12:15:00+00:00;0.198;;
461101;unknown;control;2023-12-11 12:30:00+00:00;0.004;;
461101;unknown;control;2023-12-11 12:45:00+00:00;0.495;;
461101;unknown;control;2023-12-11 13:00:00+00:00;0.021;;
461101;unknown;control;2023-12-11 13:15:00+00:00;0.83;;
461101;unknown;control;2023-12-11 13:30:00+00:00;0.518;;
461101;unknown;control;2023-12-11 13:45:00+00:00;1.325;;
461101;unknown;control;2023-12-11 14:00:00+00:00;0.762;;
461101;unknown;control;2023-12-11 14:15:00+00:00;0.047;;
461101;unknown;control;2023-12-11 14:30:00+00:00;0.033;;
461101;unknown;control;2023-12-11 14:45:00+00:00;0.076;;
461101;unknown;control;2023-12-11 15:00:00+00:00;0.076;;
461101;unknown;control;2023-12-11 15:15:00+00:00;0.237;;
461101;unknown;control;2023-12-11 15:30:00+00:00;0.816;;
461101;unknown;control;2023-12-11 15:45:00+00:00;0.581;;
461101;unknown;control;2023-12-11 16:00:00+00:00;0.939;;
461101;unknown;control;2023-12-11 16:15:00+00:00;1.546;;
461101;unknown;control;2023-12-11 16:30:00+00:00;0.293;;
461101;unknown;control;2023-12-11 16:45:00+00:00;0.097;;
461101;unknown;control;2023-12-11 17:00:00+00:00;0.085;;
461101;unknown;control;2023-12-11 17:15:00+00:00;0.269;;
461101;unknown;control;2023-12-11 17:30:00+00:00;0.139;;
461101;unknown;control;2023-12-11 17:45:00+00:00;0.725;;
461101;unknown;control;2023-12-11 18:00:00+00:00;0.609;;
461101;unknown;control;2023-12-11 18:15:00+00:00;0.966;;
461101;unknown;control;2023-12-11 18:30:00+00:00;1.324;;
461101;unknown;control;2023-12-11 18:45:00+00:00;0.93;;
461101;unknown;control;2023-12-11 19:00:00+00:00;0.085;;
461101;unknown;control;2023-12-11 19:15:00+00:00;0.077;;
461101;unknown;control;2023-12-11 19:30:00+00:00;0.081;;
461101;unknown;control;2023-12-11 19:45:00+00:00;0.259;;
461101;unknown;control;2023-12-11 20:00:00+00:00;0.553;;
461101;unknown;control;2023-12-11 20:15:00+00:00;0.716;;
461101;unknown;control;2023-12-11 20:30:00+00:00;0.935;;
461101;unknown;control;2023-12-11 20:45:00+00:00;1.199;;
461101;unknown;control;2023-12-11 21:00:00+00:00;0.479;;
461101;unknown;control;2023-12-11 21:15:00+00:00;0.11;;
461101;unknown;control;2023-12-11 21:30:00+00:00;0.089;;
461101;unknown;control;2023-12-11 21:45:00+00:00;0.291;;
461101;unknown;control;2023-12-11 22:00:00+00:00;0.981;;
461101;unknown;control;2023-12-11 22:15:00+00:00;0.334;;
461101;unknown;control;2023-12-11 22:30:00+00:00;0.885;;
461101;unknown;control;2023-12-11 22:45:00+00:00;0.78;;
461101;unknown;control;2023-12-11 23:00:00+00:00;0.054;;
461101;unknown;control;2023-12-11 23:15:00+00:00;0.053;;
461101;unknown;control;2023-12-11 23:30:00+00:00;0.042;;
461101;unknown;control;2023-12-11 23:45:00+00:00;0.034;;
461101;unknown;control;2023-12-12 00:00:00+00:00;0.071;;
461101;unknown;control;2023-12-12 00:15:00+00:00;0.346;;
461101;unknown;control;2023-12-12 00:30:00+00:00;0.621;;
461101;unknown;control;2023-12-12 00:45:00+00:00;0.816;;
461101;unknown;control;2023-12-12 01:00:00+00:00;0.885;;
461101;unknown;control;2023-12-12 01:15:00+00:00;0.057;;
461101;unknown;control;2023-12-12 01:30:00+00:00;0.059;;
461101;unknown;control;2023-12-12 01:45:00+00:00;0.05;;
461101;unknown;control;2023-12-12 02:00:00+00:00;0.047;;
461101;unknown;control;2023-12-12 02:15:00+00:00;0.338;;
461101;unknown;control;2023-12-12 02:30:00+00:00;0.339;;
461101;unknown;control;2023-12-12 02:45:00+00:00;0.865;;
461101;unknown;control;2023-12-12 03:00:00+00:00;0.827;;
461101;unknown;control;2023-12-12 03:15:00+00:00;0.054;;
461101;unknown;control;2023-12-12 03:30:00+00:00;0.057;;
461101;unknown;control;2023-12-12 03:45:00+00:00;0.041;;
461101;unknown;control;2023-12-12 04:00:00+00:00;0.034;;
461101;unknown;control;2023-12-12 04:15:00+00:00;0.297;;
461101;unknown;control;2023-12-12 04:30:00+00:00;0.07;;
461101;unknown;control;2023-12-12 04:45:00+00:00;0.852;;
461101;unknown;control;2023-12-12 05:00:00+00:00;0.904;;
461101;unknown;control;2023-12-12 05:15:00+00:00;0.384;;
461101;unknown;control;2023-12-12 05:30:00+00:00;0.202;;
461101;unknown;control;2023-12-12 05:45:00+00:00;0.13;;
461101;unknown;control;2023-12-12 06:00:00+00:00;0.133;;
461101;unknown;control;2023-12-12 06:15:00+00:00;0.878;;
461101;unknown;control;2023-12-12 06:30:00+00:00;0.84;;
461101;unknown;control;2023-12-12 06:45:00+00:00;1.036;;
461101;unknown;control;2023-12-12 07:00:00+00:00;0.923;;
461101;unknown;control;2023-12-12 07:15:00+00:00;0.313;;
461101;unknown;control;2023-12-12 07:30:00+00:00;0.079;;
461101;unknown;control;2023-12-12 07:45:00+00:00;0.055;;
461101;unknown;control;2023-12-12 08:00:00+00:00;0.049;;
461101;unknown;control;2023-12-12 08:15:00+00:00;0.031;;
461101;unknown;control;2023-12-12 08:30:00+00:00;0.393;;
461101;unknown;control;2023-12-12 08:45:00+00:00;0.129;;
461101;unknown;control;2023-12-12 09:00:00+00:00;0.612;;
461101;unknown;control;2023-12-12 09:15:00+00:00;0.751;;
461101;unknown;control;2023-12-12 09:30:00+00:00;0.747;;
461101;unknown;control;2023-12-12 09:45:00+00:00;0.368;;
461101;unknown;control;2023-12-12 10:00:00+00:00;0.0;;
461101;unknown;control;2023-12-12 10:15:00+00:00;0.0;;
461101;unknown;control;2023-12-12 10:30:00+00:00;0.0;;
461101;unknown;control;2023-12-12 10:45:00+00:00;0.0;;
461101;unknown;control;2023-12-12 11:00:00+00:00;0.259;;
461101;unknown;control;2023-12-12 11:15:00+00:00;0.382;;
461101;unknown;control;2023-12-12 11:30:00+00:00;0.375;;
461101;unknown;control;2023-12-12 11:45:00+00:00;0.235;;
461101;unknown;control;2023-12-12 12:00:00+00:00;0.702;;
461101;unknown;control;2023-12-12 12:15:00+00:00;0.375;;
461101;unknown;control;2023-12-12 12:30:00+00:00;0.0;;
461101;unknown;control;2023-12-12 12:45:00+00:00;0.0;;
461101;unknown;control;2023-12-12 13:00:00+00:00;0.232;;
461101;unknown;control;2023-12-12 13:15:00+00:00;0.176;;
461101;unknown;control;2023-12-12 13:30:00+00:00;0.798;;
461101;unknown;control;2023-12-12 13:45:00+00:00;0.556;;
461101;unknown;control;2023-12-12 14:00:00+00:00;0.018;;
461101;unknown;control;2023-12-12 14:15:00+00:00;0.004;;
461101;unknown;control;2023-12-12 14:30:00+00:00;0.037;;
461101;unknown;control;2023-12-12 14:45:00+00:00;0.08;;
461101;unknown;control;2023-12-12 15:00:00+00:00;0.277;;
461101;unknown;control;2023-12-12 15:15:00+00:00;0.138;;
461101;unknown;control;2023-12-12 15:30:00+00:00;0.856;;
461101;unknown;control;2023-12-12 15:45:00+00:00;1.108;;
461101;unknown;control;2023-12-12 16:00:00+00:00;0.131;;
461101;unknown;control;2023-12-12 16:15:00+00:00;0.137;;
461101;unknown;control;2023-12-12 16:30:00+00:00;0.547;;
461101;unknown;control;2023-12-12 16:45:00+00:00;0.15;;
461101;unknown;control;2023-12-12 17:00:00+00:00;0.14;;
461101;unknown;control;2023-12-12 17:15:00+00:00;0.148;;
461101;unknown;control;2023-12-12 17:30:00+00:00;0.261;;
461101;unknown;control;2023-12-12 17:45:00+00:00;0.9;;
461101;unknown;control;2023-12-12 18:00:00+00:00;0.873;;
461101;unknown;control;2023-12-12 18:15:00+00:00;0.718;;
461101;unknown;control;2023-12-12 18:30:00+00:00;0.592;;
461101;unknown;control;2023-12-12 18:45:00+00:00;0.378;;
461101;unknown;control;2023-12-12 19:00:00+00:00;0.978;;
461101;unknown;control;2023-12-12 19:15:00+00:00;0.998;;
461101;unknown;control;2023-12-12 19:30:00+00:00;0.381;;
461101;unknown;control;2023-12-12 19:45:00+00:00;0.224;;
461101;unknown;control;2023-12-12 20:00:00+00:00;0.163;;
461101;unknown;control;2023-12-12 20:15:00+00:00;0.179;;
461101;unknown;control;2023-12-12 20:30:00+00:00;0.175;;
461101;unknown;control;2023-12-12 20:45:00+00:00;0.515;;
461101;unknown;control;2023-12-12 21:00:00+00:00;0.666;;
461101;unknown;control;2023-12-12 21:15:00+00:00;0.878;;
461101;unknown;control;2023-12-12 21:30:00+00:00;0.986;;
461101;unknown;control;2023-12-12 21:45:00+00:00;0.369;;
461101;unknown;control;2023-12-12 22:00:00+00:00;0.429;;
461101;unknown;control;2023-12-12 22:15:00+00:00;0.294;;
461101;unknown;control;2023-12-12 22:30:00+00:00;0.23;;
461101;unknown;control;2023-12-12 22:45:00+00:00;0.598;;
461101;unknown;control;2023-12-12 23:00:00+00:00;0.255;;
461101;unknown;control;2023-12-12 23:15:00+00:00;0.87;;
461101;unknown;control;2023-12-12 23:30:00+00:00;0.891;;
461101;unknown;control;2023-12-12 23:45:00+00:00;0.319;;
461101;unknown;control;2023-12-13 00:00:00+00:00;0.054;;
461101;unknown;control;2023-12-13 00:15:00+00:00;0.045;;
461101;unknown;control;2023-12-13 00:30:00+00:00;0.038;;
461101;unknown;control;2023-12-13 00:45:00+00:00;0.624;;
461101;unknown;control;2023-12-13 01:00:00+00:00;0.3;;
461101;unknown;control;2023-12-13 01:15:00+00:00;0.879;;
461101;unknown;control;2023-12-13 01:30:00+00:00;0.66;;
461101;unknown;control;2023-12-13 01:45:00+00:00;0.054;;
461101;unknown;control;2023-12-13 02:00:00+00:00;0.049;;
461101;unknown;control;2023-12-13 02:15:00+00:00;0.033;;
461101;unknown;control;2023-12-13 02:30:00+00:00;0.028;;
461101;unknown;control;2023-12-13 02:45:00+00:00;0.041;;
461101;unknown;control;2023-12-13 03:00:00+00:00;0.383;;
461101;unknown;control;2023-12-13 03:15:00+00:00;0.574;;
461101;unknown;control;2023-12-13 03:30:00+00:00;0.786;;
461101;unknown;control;2023-12-13 03:45:00+00:00;0.805;;
461101;unknown;control;2023-12-13 04:00:00+00:00;0.61;;
461101;unknown;control;2023-12-13 04:15:00+00:00;0.047;;
461101;unknown;control;2023-12-13 04:30:00+00:00;0.046;;
461101;unknown;control;2023-12-13 04:45:00+00:00;0.035;;
461101;unknown;control;2023-12-13 05:00:00+00:00;0.34;;
461101;unknown;control;2023-12-13 05:15:00+00:00;0.302;;
461101;unknown;control;2023-12-13 05:30:00+00:00;0.882;;
461101;unknown;control;2023-12-13 05:45:00+00:00;0.886;;
461101;unknown;control;2023-12-13 06:00:00+00:00;0.955;;
461101;unknown;control;2023-12-13 06:15:00+00:00;0.647;;
461101;unknown;control;2023-12-13 06:30:00+00:00;0.082;;
461101;unknown;control;2023-12-13 06:45:00+00:00;0.076;;
461101;unknown;control;2023-12-13 07:00:00+00:00;0.251;;
461101;unknown;control;2023-12-13 07:15:00+00:00;0.328;;
461101;unknown;control;2023-12-13 07:30:00+00:00;0.79;;
461101;unknown;control;2023-12-13 07:45:00+00:00;0.902;;
461101;unknown;control;2023-12-13 08:00:00+00:00;0.084;;
461101;unknown;control;2023-12-13 08:15:00+00:00;0.003;;
461101;unknown;control;2023-12-13 08:30:00+00:00;0.0;;
461101;unknown;control;2023-12-13 08:45:00+00:00;0.009;;
461101;unknown;control;2023-12-13 09:00:00+00:00;0.017;;
461101;unknown;control;2023-12-13 09:15:00+00:00;0.519;;
461101;unknown;control;2023-12-13 09:30:00+00:00;0.317;;
461101;unknown;control;2023-12-13 09:45:00+00:00;0.769;;
461101;unknown;control;2023-12-13 10:00:00+00:00;0.016;;
461101;unknown;control;2023-12-13 10:15:00+00:00;0.0;;
461101;unknown;control;2023-12-13 10:30:00+00:00;0.0;;
461101;unknown;control;2023-12-13 10:45:00+00:00;0.093;;
461101;unknown;control;2023-12-13 11:00:00+00:00;0.623;;
461101;unknown;control;2023-12-13 11:15:00+00:00;0.737;;
461101;unknown;control;2023-12-13 11:30:00+00:00;0.55;;
461101;unknown;control;2023-12-13 11:45:00+00:00;0.137;;
461101;unknown;control;2023-12-13 12:00:00+00:00;0.082;;
461101;unknown;control;2023-12-13 12:15:00+00:00;0.052;;
461101;unknown;control;2023-12-13 12:30:00+00:00;0.0;;
461101;unknown;control;2023-12-13 12:45:00+00:00;0.0;;
461101;unknown;control;2023-12-13 13:00:00+00:00;0.0;;
461101;unknown;control;2023-12-13 13:15:00+00:00;0.0;;
461101;unknown;control;2023-12-13 13:30:00+00:00;0.222;;
461101;unknown;control;2023-12-13 13:45:00+00:00;0.144;;
461101;unknown;control;2023-12-13 14:00:00+00:00;0.831;;
461101;unknown;control;2023-12-13 14:15:00+00:00;0.695;;
461101;unknown;control;2023-12-13 14:30:00+00:00;0.893;;
461101;unknown;control;2023-12-13 14:45:00+00:00;0.044;;
461101;unknown;control;2023-12-13 15:00:00+00:00;0.064;;
461101;unknown;control;2023-12-13 15:15:00+00:00;0.834;;
461101;unknown;control;2023-12-13 15:30:00+00:00;0.899;;
461101;unknown;control;2023-12-13 15:45:00+00:00;1.3;;
461101;unknown;control;2023-12-13 16:00:00+00:00;1.381;;
461101;unknown;control;2023-12-13 16:15:00+00:00;1.687;;
461101;unknown;control;2023-12-13 16:30:00+00:00;0.928;;
461101;unknown;control;2023-12-13 16:45:00+00:00;0.974;;
461101;unknown;control;2023-12-13 17:00:00+00:00;0.892;;
461101;unknown;control;2023-12-13 17:15:00+00:00;0.909;;
461101;unknown;control;2023-12-13 17:30:00+00:00;0.917;;
461101;unknown;control;2023-12-13 17:45:00+00:00;1.647;;
461101;unknown;control;2023-12-13 18:00:00+00:00;1.133;;
461101;unknown;control;2023-12-13 18:15:00+00:00;0.539;;
461101;unknown;control;2023-12-13 18:30:00+00:00;0.835;;
461101;unknown;control;2023-12-13 18:45:00+00:00;0.939;;
461101;unknown;control;2023-12-13 19:00:00+00:00;0.984;;
461101;unknown;control;2023-12-13 19:15:00+00:00;0.401;;
461101;unknown;control;2023-12-13 19:30:00+00:00;0.159;;
461101;unknown;control;2023-12-13 19:45:00+00:00;0.129;;
461101;unknown;control;2023-12-13 20:00:00+00:00;0.114;;
461101;unknown;control;2023-12-13 20:15:00+00:00;0.569;;
461101;unknown;control;2023-12-13 20:30:00+00:00;0.78;;
461101;unknown;control;2023-12-13 20:45:00+00:00;0.766;;
461101;unknown;control;2023-12-13 21:00:00+00:00;0.68;;
461101;unknown;control;2023-12-13 21:15:00+00:00;0.999;;
461101;unknown;control;2023-12-13 21:30:00+00:00;0.886;;
461101;unknown;control;2023-12-13 21:45:00+00:00;0.168;;
461101;unknown;control;2023-12-13 22:00:00+00:00;0.142;;
461101;unknown;control;2023-12-13 22:15:00+00:00;0.096;;
461101;unknown;control;2023-12-13 22:30:00+00:00;0.366;;
461101;unknown;control;2023-12-13 22:45:00+00:00;0.707;;
461101;unknown;control;2023-12-13 23:00:00+00:00;0.328;;
461101;unknown;control;2023-12-13 23:15:00+00:00;0.706;;
461101;unknown;control;2023-12-13 23:30:00+00:00;0.579;;
461101;unknown;control;2023-12-13 23:45:00+00:00;1.068;;
461101;unknown;control;2023-12-14 00:00:00+00:00;0.871;;
461101;unknown;control;2023-12-14 00:15:00+00:00;0.904;;
461101;unknown;control;2023-12-14 00:30:00+00:00;0.163;;
461101;unknown;control;2023-12-14 00:45:00+00:00;0.056;;
461101;unknown;control;2023-12-14 01:00:00+00:00;0.039;;
461101;unknown;control;2023-12-14 01:15:00+00:00;0.034;;
461101;unknown;control;2023-12-14 01:30:00+00:00;0.368;;
461101;unknown;control;2023-12-14 01:45:00+00:00;0.256;;
461101;unknown;control;2023-12-14 02:00:00+00:00;0.689;;
461101;unknown;control;2023-12-14 02:15:00+00:00;0.873;;
461101;unknown;control;2023-12-14 02:30:00+00:00;0.887;;
461101;unknown;control;2023-12-14 02:45:00+00:00;0.396;;
461101;unknown;control;2023-12-14 03:00:00+00:00;0.06;;
461101;unknown;control;2023-12-14 03:15:00+00:00;0.04;;
461101;unknown;control;2023-12-14 03:30:00+00:00;0.195;;
461101;unknown;control;2023-12-14 03:45:00+00:00;0.165;;
461101;unknown;control;2023-12-14 04:00:00+00:00;0.759;;
461101;unknown;control;2023-12-14 04:15:00+00:00;0.848;;
461101;unknown;control;2023-12-14 04:30:00+00:00;0.738;;
461101;unknown;control;2023-12-14 04:45:00+00:00;0.104;;
461101;unknown;control;2023-12-14 05:00:00+00:00;0.085;;
461101;unknown;control;2023-12-14 05:15:00+00:00;0.065;;
461101;unknown;control;2023-12-14 05:30:00+00:00;0.794;;
461101;unknown;control;2023-12-14 05:45:00+00:00;0.534;;
461101;unknown;control;2023-12-14 06:00:00+00:00;0.818;;
461101;unknown;control;2023-12-14 06:15:00+00:00;0.893;;
461101;unknown;control;2023-12-14 06:30:00+00:00;0.816;;
461101;unknown;control;2023-12-14 06:45:00+00:00;0.813;;
461101;unknown;control;2023-12-14 07:00:00+00:00;0.231;;
461101;unknown;control;2023-12-14 07:15:00+00:00;0.072;;
461101;unknown;control;2023-12-14 07:30:00+00:00;0.124;;
461101;unknown;control;2023-12-14 07:45:00+00:00;0.465;;
461101;unknown;control;2023-12-14 08:00:00+00:00;0.887;;
461101;unknown;control;2023-12-14 08:15:00+00:00;0.275;;
461101;unknown;control;2023-12-14 08:30:00+00:00;0.844;;
461101;unknown;control;2023-12-14 08:45:00+00:00;0.761;;
461101;unknown;control;2023-12-14 09:00:00+00:00;0.398;;
461101;unknown;control;2023-12-14 09:15:00+00:00;0.033;;
461101;unknown;control;2023-12-14 09:30:00+00:00;0.025;;
461101;unknown;control;2023-12-14 09:45:00+00:00;0.032;;
461101;unknown;control;2023-12-14 10:00:00+00:00;0.012;;
461101;unknown;control;2023-12-14 10:15:00+00:00;0.002;;
461101;unknown;control;2023-12-14 10:30:00+00:00;0.005;;
461101;unknown;control;2023-12-14 10:45:00+00:00;0.0;;
461101;unknown;control;2023-12-14 11:00:00+00:00;0.699;;
461101;unknown;control;2023-12-14 11:15:00+00:00;0.357;;
461101;unknown;control;2023-12-14 11:30:00+00:00;0.795;;
461101;unknown;control;2023-12-14 11:45:00+00:00;0.824;;
461101;unknown;control;2023-12-14 12:00:00+00:00;0.865;;
461101;unknown;control;2023-12-14 12:15:00+00:00;0.306;;
461101;unknown;control;2023-12-14 12:30:00+00:00;0.045;;
461101;unknown;control;2023-12-14 12:45:00+00:00;0.01;;
461101;unknown;control;2023-12-14 13:00:00+00:00;0.21;;
461101;unknown;control;2023-12-14 13:15:00+00:00;0.251;;
461101;unknown;control;2023-12-14 13:30:00+00:00;0.675;;
461101;unknown;control;2023-12-14 13:45:00+00:00;0.732;;
461101;unknown;control;2023-12-14 14:00:00+00:00;0.443;;
461101;unknown;control;2023-12-14 14:15:00+00:00;0.0;;
461101;unknown;control;2023-12-14 14:30:00+00:00;0.0;;
461101;unknown;control;2023-12-14 14:45:00+00:00;0.001;;
461101;unknown;control;2023-12-14 15:00:00+00:00;0.029;;
461101;unknown;control;2023-12-14 15:15:00+00:00;0.394;;
461101;unknown;control;2023-12-14 15:30:00+00:00;0.352;;
461101;unknown;control;2023-12-14 15:45:00+00:00;0.749;;
461101;unknown;control;2023-12-14 16:00:00+00:00;0.814;;
461101;unknown;control;2023-12-14 16:15:00+00:00;0.898;;
461101;unknown;control;2023-12-14 16:30:00+00:00;0.075;;
461101;unknown;control;2023-12-14 16:45:00+00:00;0.05;;
461101;unknown;control;2023-12-14 17:00:00+00:00;0.046;;
461101;unknown;control;2023-12-14 17:15:00+00:00;0.082;;
461101;unknown;control;2023-12-14 17:30:00+00:00;0.088;;
461101;unknown;control;2023-12-14 17:45:00+00:00;0.408;;
461101;unknown;control;2023-12-14 18:00:00+00:00;0.576;;
461101;unknown;control;2023-12-14 18:15:00+00:00;1.071;;
461101;unknown;control;2023-12-14 18:30:00+00:00;1.647;;
461101;unknown;control;2023-12-14 18:45:00+00:00;1.696;;
461101;unknown;control;2023-12-14 19:00:00+00:00;1.813;;
461101;unknown;control;2023-12-14 19:15:00+00:00;0.955;;
461101;unknown;control;2023-12-14 19:30:00+00:00;0.974;;
461101;unknown;control;2023-12-14 19:45:00+00:00;1.255;;
461101;unknown;control;2023-12-14 20:00:00+00:00;0.972;;
461101;unknown;control;2023-12-14 20:15:00+00:00;1.124;;
461101;unknown;control;2023-12-14 20:30:00+00:00;1.435;;
461101;unknown;control;2023-12-14 20:45:00+00:00;1.312;;
461101;unknown;control;2023-12-14 21:00:00+00:00;1.014;;
461101;unknown;control;2023-12-14 21:15:00+00:00;1.415;;
461101;unknown;control;2023-12-14 21:30:00+00:00;0.91;;
461101;unknown;control;2023-12-14 21:45:00+00:00;0.503;;
461101;unknown;control;2023-12-14 22:00:00+00:00;0.922;;
461101;unknown;control;2023-12-14 22:15:00+00:00;0.838;;
461101;unknown;control;2023-12-14 22:30:00+00:00;0.671;;
461101;unknown;control;2023-12-14 22:45:00+00:00;0.732;;
461101;unknown;control;2023-12-14 23:00:00+00:00;0.472;;
461101;unknown;control;2023-12-14 23:15:00+00:00;0.898;;
461101;unknown;control;2023-12-14 23:30:00+00:00;0.689;;
461101;unknown;control;2023-12-14 23:45:00+00:00;0.062;;
461101;unknown;control;2023-12-15 00:00:00+00:00;0.049;;
461101;unknown;control;2023-12-15 00:15:00+00:00;0.035;;
461101;unknown;control;2023-12-15 00:30:00+00:00;0.037;;
461101;unknown;control;2023-12-15 00:45:00+00:00;0.554;;
461101;unknown;control;2023-12-15 01:00:00+00:00;0.312;;
461101;unknown;control;2023-12-15 01:15:00+00:00;0.698;;
461101;unknown;control;2023-12-15 01:30:00+00:00;0.857;;
461101;unknown;control;2023-12-15 01:45:00+00:00;0.889;;
461101;unknown;control;2023-12-15 02:00:00+00:00;0.762;;
461101;unknown;control;2023-12-15 02:15:00+00:00;0.056;;
461101;unknown;control;2023-12-15 02:30:00+00:00;0.047;;
461101;unknown;control;2023-12-15 02:45:00+00:00;0.034;;
461101;unknown;control;2023-12-15 03:00:00+00:00;0.392;;
461101;unknown;control;2023-12-15 03:15:00+00:00;0.424;;
461101;unknown;control;2023-12-15 03:30:00+00:00;0.833;;
461101;unknown;control;2023-12-15 03:45:00+00:00;0.734;;
461101;unknown;control;2023-12-15 04:00:00+00:00;0.907;;
461101;unknown;control;2023-12-15 04:15:00+00:00;0.881;;
461101;unknown;control;2023-12-15 04:30:00+00:00;0.056;;
461101;unknown;control;2023-12-15 04:45:00+00:00;0.054;;
461101;unknown;control;2023-12-15 05:00:00+00:00;0.326;;
461101;unknown;control;2023-12-15 05:15:00+00:00;0.081;;
461101;unknown;control;2023-12-15 05:30:00+00:00;0.889;;
461101;unknown;control;2023-12-15 05:45:00+00:00;0.77;;
461101;unknown;control;2023-12-15 06:00:00+00:00;0.998;;
461101;unknown;control;2023-12-15 06:15:00+00:00;1.016;;
461101;unknown;control;2023-12-15 06:30:00+00:00;0.88;;
461101;unknown;control;2023-12-15 06:45:00+00:00;0.124;;
461101;unknown;control;2023-12-15 07:00:00+00:00;0.131;;
461101;unknown;control;2023-12-15 07:15:00+00:00;0.83;;
461101;unknown;control;2023-12-15 07:30:00+00:00;0.389;;
461101;unknown;control;2023-12-15 07:45:00+00:00;0.71;;
461101;unknown;control;2023-12-15 08:00:00+00:00;0.853;;
461101;unknown;control;2023-12-15 08:15:00+00:00;0.849;;
461101;unknown;control;2023-12-15 08:30:00+00:00;0.433;;
461101;unknown;control;2023-12-15 08:45:00+00:00;0.0;;
461101;unknown;control;2023-12-15 09:00:00+00:00;0.0;;
461101;unknown;control;2023-12-15 09:15:00+00:00;0.073;;
461101;unknown;control;2023-12-15 09:30:00+00:00;0.419;;
461101;unknown;control;2023-12-15 09:45:00+00:00;0.127;;
461101;unknown;control;2023-12-15 10:00:00+00:00;0.001;;
461101;unknown;control;2023-12-15 10:15:00+00:00;0.0;;
461101;unknown;control;2023-12-15 10:30:00+00:00;0.005;;
461101;unknown;control;2023-12-15 10:45:00+00:00;0.0;;
461101;unknown;control;2023-12-15 11:00:00+00:00;0.114;;
461101;unknown;control;2023-12-15 11:15:00+00:00;0.521;;
461101;unknown;control;2023-12-15 11:30:00+00:00;0.695;;
461101;unknown;control;2023-12-15 11:45:00+00:00;0.161;;
461101;unknown;control;2023-12-15 12:00:00+00:00;0.317;;
461101;unknown;control;2023-12-15 12:15:00+00:00;0.403;;
461101;unknown;control;2023-12-15 12:30:00+00:00;0.164;;
461101;unknown;control;2023-12-15 12:45:00+00:00;0.076;;
461101;unknown;control;2023-12-15 13:00:00+00:00;0.0;;
461101;unknown;control;2023-12-15 13:15:00+00:00;0.038;;
461101;unknown;control;2023-12-15 13:30:00+00:00;0.394;;
461101;unknown;control;2023-12-15 13:45:00+00:00;0.695;;
461101;unknown;control;2023-12-15 14:00:00+00:00;0.365;;
461101;unknown;control;2023-12-15 14:15:00+00:00;0.762;;
461101;unknown;control;2023-12-15 14:30:00+00:00;0.889;;
461101;unknown;control;2023-12-15 14:45:00+00:00;1.09;;
461101;unknown;control;2023-12-15 15:00:00+00:00;0.673;;
461101;unknown;control;2023-12-15 15:15:00+00:00;0.342;;
461101;unknown;control;2023-12-15 15:30:00+00:00;0.613;;
461101;unknown;control;2023-12-15 15:45:00+00:00;0.225;;
461101;unknown;control;2023-12-15 16:00:00+00:00;0.328;;
461101;unknown;control;2023-12-15 16:15:00+00:00;0.179;;
461101;unknown;control;2023-12-15 16:30:00+00:00;0.137;;
461101;unknown;control;2023-12-15 16:45:00+00:00;0.133;;
461101;unknown;control;2023-12-15 17:00:00+00:00;0.114;;
461101;unknown;control;2023-12-15 17:15:00+00:00;0.101;;
461101;unknown;control;2023-12-15 17:30:00+00:00;0.111;;
461101;unknown;control;2023-12-15 17:45:00+00:00;0.689;;
461101;unknown;control;2023-12-15 18:00:00+00:00;0.622;;
461101;unknown;control;2023-12-15 18:15:00+00:00;0.596;;
461101;unknown;control;2023-12-15 18:30:00+00:00;0.875;;
461101;unknown;control;2023-12-15 18:45:00+00:00;0.906;;
461101;unknown;control;2023-12-15 19:00:00+00:00;0.948;;
461101;unknown;control;2023-12-15 19:15:00+00:00;0.737;;
461101;unknown;control;2023-12-15 19:30:00+00:00;1.017;;
461101;unknown;control;2023-12-15 19:45:00+00:00;1.027;;
461101;unknown;control;2023-12-15 20:00:00+00:00;1.018;;
461101;unknown;control;2023-12-15 20:15:00+00:00;0.4;;
461101;unknown;control;2023-12-15 20:30:00+00:00;0.97;;
461101;unknown;control;2023-12-15 20:45:00+00:00;0.733;;
461101;unknown;control;2023-12-15 21:00:00+00:00;0.969;;
461101;unknown;control;2023-12-15 21:15:00+00:00;0.955;;
461101;unknown;control;2023-12-15 21:30:00+00:00;0.953;;
461101;unknown;control;2023-12-15 21:45:00+00:00;0.971;;
461101;unknown;control;2023-12-15 22:00:00+00:00;0.738;;
461101;unknown;control;2023-12-15 22:15:00+00:00;0.554;;
461101;unknown;control;2023-12-15 22:30:00+00:00;0.759;;
461101;unknown;control;2023-12-15 22:45:00+00:00;0.941;;
461101;unknown;control;2023-12-15 23:00:00+00:00;0.946;;
461101;unknown;control;2023-12-15 23:15:00+00:00;0.92;;
461101;unknown;control;2023-12-15 23:30:00+00:00;0.872;;
461101;unknown;control;2023-12-15 23:45:00+00:00;0.97;;
461101;unknown;control;2023-12-16 00:00:00+00:00;0.944;;
461101;unknown;control;2023-12-16 00:15:00+00:00;0.815;;
461101;unknown;control;2023-12-16 00:30:00+00:00;0.451;;
461101;unknown;control;2023-12-16 00:45:00+00:00;0.935;;
461101;unknown;control;2023-12-16 01:00:00+00:00;0.923;;
461101;unknown;control;2023-12-16 01:15:00+00:00;0.671;;
461101;unknown;control;2023-12-16 01:30:00+00:00;0.95;;
461101;unknown;control;2023-12-16 01:45:00+00:00;0.057;;
461101;unknown;control;2023-12-16 02:00:00+00:00;0.052;;
461101;unknown;control;2023-12-16 02:15:00+00:00;0.168;;
461101;unknown;control;2023-12-16 02:30:00+00:00;0.259;;
461101;unknown;control;2023-12-16 02:45:00+00:00;0.732;;
461101;unknown;control;2023-12-16 03:00:00+00:00;0.881;;
461101;unknown;control;2023-12-16 03:15:00+00:00;0.902;;
461101;unknown;control;2023-12-16 03:30:00+00:00;0.688;;
461101;unknown;control;2023-12-16 03:45:00+00:00;0.938;;
461101;unknown;control;2023-12-16 04:00:00+00:00;0.937;;
461101;unknown;control;2023-12-16 04:15:00+00:00;0.945;;
461101;unknown;control;2023-12-16 04:30:00+00:00;0.426;;
461101;unknown;control;2023-12-16 04:45:00+00:00;0.056;;
461101;unknown;control;2023-12-16 05:00:00+00:00;0.061;;
461101;unknown;control;2023-12-16 05:15:00+00:00;0.079;;
461101;unknown;control;2023-12-16 05:30:00+00:00;0.859;;
461101;unknown;control;2023-12-16 05:45:00+00:00;0.679;;
461101;unknown;control;2023-12-16 06:00:00+00:00;0.894;;
461101;unknown;control;2023-12-16 06:15:00+00:00;0.899;;
461101;unknown;control;2023-12-16 06:30:00+00:00;0.917;;
461101;unknown;control;2023-12-16 06:45:00+00:00;0.31;;
461101;unknown;control;2023-12-16 07:00:00+00:00;0.741;;
461101;unknown;control;2023-12-16 07:15:00+00:00;0.731;;
461101;unknown;control;2023-12-16 07:30:00+00:00;0.775;;
461101;unknown;control;2023-12-16 07:45:00+00:00;0.73;;
461101;unknown;control;2023-12-16 08:00:00+00:00;0.72;;
461101;unknown;control;2023-12-16 08:15:00+00:00;0.626;;
461101;unknown;control;2023-12-16 08:30:00+00:00;0.755;;
461101;unknown;control;2023-12-16 08:45:00+00:00;0.678;;
461101;unknown;control;2023-12-16 09:00:00+00:00;0.742;;
461101;unknown;control;2023-12-16 09:15:00+00:00;1.183;;
461101;unknown;control;2023-12-16 09:30:00+00:00;0.72;;
461101;unknown;control;2023-12-16 09:45:00+00:00;0.62;;
461101;unknown;control;2023-12-16 10:00:00+00:00;0.658;;
461101;unknown;control;2023-12-16 10:15:00+00:00;0.758;;
461101;unknown;control;2023-12-16 10:30:00+00:00;0.911;;
461101;unknown;control;2023-12-16 10:45:00+00:00;1.123;;
461101;unknown;control;2023-12-16 11:00:00+00:00;0.556;;
461101;unknown;control;2023-12-16 11:15:00+00:00;0.523;;
461101;unknown;control;2023-12-16 11:30:00+00:00;1.401;;
461101;unknown;control;2023-12-16 11:45:00+00:00;1.06;;
461101;unknown;control;2023-12-16 12:00:00+00:00;0.438;;
461101;unknown;control;2023-12-16 12:15:00+00:00;0.001;;
461101;unknown;control;2023-12-16 12:30:00+00:00;0.025;;
461101;unknown;control;2023-12-16 12:45:00+00:00;0.012;;
461101;unknown;control;2023-12-16 13:00:00+00:00;0.802;;
461101;unknown;control;2023-12-16 13:15:00+00:00;0.507;;
461101;unknown;control;2023-12-16 13:30:00+00:00;1.558;;
461101;unknown;control;2023-12-16 13:45:00+00:00;1.091;;
461101;unknown;control;2023-12-16 14:00:00+00:00;0.765;;
461101;unknown;control;2023-12-16 14:15:00+00:00;0.114;;
461101;unknown;control;2023-12-16 14:30:00+00:00;0.004;;
461101;unknown;control;2023-12-16 14:45:00+00:00;0.002;;
461101;unknown;control;2023-12-16 15:00:00+00:00;0.12;;
461101;unknown;control;2023-12-16 15:15:00+00:00;0.48;;
461101;unknown;control;2023-12-16 15:30:00+00:00;0.602;;
461101;unknown;control;2023-12-16 15:45:00+00:00;0.827;;
461101;unknown;control;2023-12-16 16:00:00+00:00;1.149;;
461101;unknown;control;2023-12-16 16:15:00+00:00;1.817;;
461101;unknown;control;2023-12-16 16:30:00+00:00;1.468;;
461101;unknown;control;2023-12-16 16:45:00+00:00;0.673;;
461101;unknown;control;2023-12-16 17:00:00+00:00;0.347;;
461101;unknown;control;2023-12-16 17:15:00+00:00;0.886;;
461101;unknown;control;2023-12-16 17:30:00+00:00;0.778;;
461101;unknown;control;2023-12-16 17:45:00+00:00;0.952;;
461101;unknown;control;2023-12-16 18:00:00+00:00;0.949;;
461101;unknown;control;2023-12-16 18:15:00+00:00;0.725;;
461101;unknown;control;2023-12-16 18:30:00+00:00;0.98;;
461101;unknown;control;2023-12-16 18:45:00+00:00;0.766;;
461101;unknown;control;2023-12-16 19:00:00+00:00;0.168;;
461101;unknown;control;2023-12-16 19:15:00+00:00;0.174;;
461101;unknown;control;2023-12-16 19:30:00+00:00;0.889;;
461101;unknown;control;2023-12-16 19:45:00+00:00;0.52;;
461101;unknown;control;2023-12-16 20:00:00+00:00;1.025;;
461101;unknown;control;2023-12-16 20:15:00+00:00;0.801;;
461101;unknown;control;2023-12-16 20:30:00+00:00;1.047;;
461101;unknown;control;2023-12-16 20:45:00+00:00;1.055;;
461101;unknown;control;2023-12-16 21:00:00+00:00;0.602;;
461101;unknown;control;2023-12-16 21:15:00+00:00;0.158;;
461101;unknown;control;2023-12-16 21:30:00+00:00;0.299;;
461101;unknown;control;2023-12-16 21:45:00+00:00;1.245;;
461101;unknown;control;2023-12-16 22:00:00+00:00;0.488;;
461101;unknown;control;2023-12-16 22:15:00+00:00;0.713;;
461101;unknown;control;2023-12-16 22:30:00+00:00;0.949;;
461101;unknown;control;2023-12-16 22:45:00+00:00;1.276;;
461101;unknown;control;2023-12-16 23:00:00+00:00;1.022;;
461101;unknown;control;2023-12-16 23:15:00+00:00;0.725;;
461101;unknown;control;2023-12-16 23:30:00+00:00;0.058;;
461101;unknown;control;2023-12-16 23:45:00+00:00;0.19;;
461101;unknown;control;2023-12-17 00:00:00+00:00;0.145;;
461101;unknown;control;2023-12-17 00:15:00+00:00;0.61;;
461101;unknown;control;2023-12-17 00:30:00+00:00;0.49;;
461101;unknown;control;2023-12-17 00:45:00+00:00;0.696;;
461101;unknown;control;2023-12-17 01:00:00+00:00;0.889;;
461101;unknown;control;2023-12-17 01:15:00+00:00;0.907;;
461101;unknown;control;2023-12-17 01:30:00+00:00;0.925;;
461101;unknown;control;2023-12-17 01:45:00+00:00;0.798;;
461101;unknown;control;2023-12-17 02:00:00+00:00;0.054;;
461101;unknown;control;2023-12-17 02:15:00+00:00;0.048;;
461101;unknown;control;2023-12-17 02:30:00+00:00;0.356;;
461101;unknown;control;2023-12-17 02:45:00+00:00;0.177;;
461101;unknown;control;2023-12-17 03:00:00+00:00;0.811;;
461101;unknown;control;2023-12-17 03:15:00+00:00;0.743;;
461101;unknown;control;2023-12-17 03:30:00+00:00;0.897;;
461101;unknown;control;2023-12-17 03:45:00+00:00;0.92;;
461101;unknown;control;2023-12-17 04:00:00+00:00;0.94;;
461101;unknown;control;2023-12-17 04:15:00+00:00;0.904;;
461101;unknown;control;2023-12-17 04:30:00+00:00;0.357;;
461101;unknown;control;2023-12-17 04:45:00+00:00;0.237;;
461101;unknown;control;2023-12-17 05:00:00+00:00;0.05;;
461101;unknown;control;2023-12-17 05:15:00+00:00;0.68;;
461101;unknown;control;2023-12-17 05:30:00+00:00;0.92;;
461101;unknown;control;2023-12-17 05:45:00+00:00;0.947;;
461101;unknown;control;2023-12-17 06:00:00+00:00;0.952;;
461101;unknown;control;2023-12-17 06:15:00+00:00;0.88;;
461101;unknown;control;2023-12-17 06:30:00+00:00;0.252;;
461101;unknown;control;2023-12-17 06:45:00+00:00;0.436;;
461101;unknown;control;2023-12-17 07:00:00+00:00;0.051;;
461101;unknown;control;2023-12-17 07:15:00+00:00;0.719;;
461101;unknown;control;2023-12-17 07:30:00+00:00;0.871;;
461101;unknown;control;2023-12-17 07:45:00+00:00;0.896;;
461101;unknown;control;2023-12-17 08:00:00+00:00;0.866;;
461101;unknown;control;2023-12-17 08:15:00+00:00;0.719;;
461101;unknown;control;2023-12-17 08:30:00+00:00;0.0;;
461101;unknown;control;2023-12-17 08:45:00+00:00;0.006;;
461101;unknown;control;2023-12-17 09:00:00+00:00;0.181;;
461101;unknown;control;2023-12-17 09:15:00+00:00;0.523;;
461101;unknown;control;2023-12-17 09:30:00+00:00;0.808;;
461101;unknown;control;2023-12-17 09:45:00+00:00;0.632;;
461101;unknown;control;2023-12-17 10:00:00+00:00;0.927;;
461101;unknown;control;2023-12-17 10:15:00+00:00;0.71;;
461101;unknown;control;2023-12-17 10:30:00+00:00;0.733;;
461101;unknown;control;2023-12-17 10:45:00+00:00;0.615;;
461101;unknown;control;2023-12-17 11:00:00+00:00;0.801;;
461101;unknown;control;2023-12-17 11:15:00+00:00;1.408;;
461101;unknown;control;2023-12-17 11:30:00+00:00;0.933;;
461101;unknown;control;2023-12-17 11:45:00+00:00;0.632;;
461101;unknown;control;2023-12-17 12:00:00+00:00;0.275;;
461101;unknown;control;2023-12-17 12:15:00+00:00;0.098;;
461101;unknown;control;2023-12-17 12:30:00+00:00;0.003;;
461101;unknown;control;2023-12-17 12:45:00+00:00;0.147;;
461101;unknown;control;2023-12-17 13:00:00+00:00;0.516;;
461101;unknown;control;2023-12-17 13:15:00+00:00;0.641;;
461101;unknown;control;2023-12-17 13:30:00+00:00;0.758;;
461101;unknown;control;2023-12-17 13:45:00+00:00;0.93;;
461101;unknown;control;2023-12-17 14:00:00+00:00;0.505;;
461101;unknown;control;2023-12-17 14:15:00+00:00;0.024;;
461101;unknown;control;2023-12-17 14:30:00+00:00;0.034;;
461101;unknown;control;2023-12-17 14:45:00+00:00;0.225;;
461101;unknown;control;2023-12-17 15:00:00+00:00;0.891;;
461101;unknown;control;2023-12-17 15:15:00+00:00;0.931;;
461101;unknown;control;2023-12-17 15:30:00+00:00;0.849;;
461101;unknown;control;2023-12-17 15:45:00+00:00;0.72;;
461101;unknown;control;2023-12-17 16:00:00+00:00;0.52;;
461101;unknown;control;2023-12-17 16:15:00+00:00;0.189;;
461101;unknown;control;2023-12-17 16:30:00+00:00;0.117;;
461101;unknown;control;2023-12-17 16:45:00+00:00;0.931;;
461101;unknown;control;2023-12-17 17:00:00+00:00;1.009;;
461101;unknown;control;2023-12-17 17:15:00+00:00;1.051;;
461101;unknown;control;2023-12-17 17:30:00+00:00;0.679;;
461101;unknown;control;2023-12-17 17:45:00+00:00;0.138;;
461101;unknown;control;2023-12-17 18:00:00+00:00;0.296;;
461101;unknown;control;2023-12-17 18:15:00+00:00;0.329;;
461101;unknown;control;2023-12-17 18:30:00+00:00;0.563;;
461101;unknown;control;2023-12-17 18:45:00+00:00;0.957;;
461101;unknown;control;2023-12-17 19:00:00+00:00;0.885;;
461101;unknown;control;2023-12-17 19:15:00+00:00;1.022;;
461101;unknown;control;2023-12-17 19:30:00+00:00;0.985;;
461101;unknown;control;2023-12-17 19:45:00+00:00;0.155;;
461101;unknown;control;2023-12-17 20:00:00+00:00;0.088;;
461101;unknown;control;2023-12-17 20:15:00+00:00;0.414;;
461101;unknown;control;2023-12-17 20:30:00+00:00;0.357;;
461101;unknown;control;2023-12-17 20:45:00+00:00;0.92;;
461101;unknown;control;2023-12-17 21:00:00+00:00;1.138;;
461101;unknown;control;2023-12-17 21:15:00+00:00;0.887;;
461101;unknown;control;2023-12-17 21:30:00+00:00;1.008;;
461101;unknown;control;2023-12-17 21:45:00+00:00;0.989;;
461101;unknown;control;2023-12-17 22:00:00+00:00;0.943;;
461101;unknown;control;2023-12-17 22:15:00+00:00;0.931;;
461101;unknown;control;2023-12-17 22:30:00+00:00;0.413;;
461101;unknown;control;2023-12-17 22:45:00+00:00;0.896;;
461101;unknown;control;2023-12-17 23:00:00+00:00;0.468;;
461101;unknown;control;2023-12-17 23:15:00+00:00;0.052;;
461101;unknown;control;2023-12-17 23:30:00+00:00;0.048;;
461101;unknown;control;2023-12-17 23:45:00+00:00;0.53;;
461101;unknown;control;2023-12-18 00:00:00+00:00;0.87;;
461101;unknown;control;2023-12-18 00:15:00+00:00;0.898;;
461101;unknown;control;2023-12-18 00:30:00+00:00;0.732;;
461101;unknown;control;2023-12-18 00:45:00+00:00;0.518;;
461101;unknown;control;2023-12-18 01:00:00+00:00;0.781;;
461101;unknown;control;2023-12-18 01:15:00+00:00;0.884;;
461101;unknown;control;2023-12-18 01:30:00+00:00;0.937;;
461101;unknown;control;2023-12-18 01:45:00+00:00;0.416;;
461101;unknown;control;2023-12-18 02:00:00+00:00;0.05;;
461101;unknown;control;2023-12-18 02:15:00+00:00;0.04;;
461101;unknown;control;2023-12-18 02:30:00+00:00;0.216;;
461101;unknown;control;2023-12-18 02:45:00+00:00;0.228;;
461101;unknown;control;2023-12-18 03:00:00+00:00;0.779;;
461101;unknown;control;2023-12-18 03:15:00+00:00;0.885;;
461101;unknown;control;2023-12-18 03:30:00+00:00;0.694;;
461101;unknown;control;2023-12-18 03:45:00+00:00;0.916;;
461101;unknown;control;2023-12-18 04:00:00+00:00;0.915;;
461101;unknown;control;2023-12-18 04:15:00+00:00;0.836;;
461101;unknown;control;2023-12-18 04:30:00+00:00;0.053;;
461101;unknown;control;2023-12-18 04:45:00+00:00;0.344;;
461101;unknown;control;2023-12-18 05:00:00+00:00;0.072;;
461101;unknown;control;2023-12-18 05:15:00+00:00;0.578;;
461101;unknown;control;2023-12-18 05:30:00+00:00;0.846;;
461101;unknown;control;2023-12-18 05:45:00+00:00;0.908;;
461101;unknown;control;2023-12-18 06:00:00+00:00;0.981;;
461101;unknown;control;2023-12-18 06:15:00+00:00;0.939;;
461101;unknown;control;2023-12-18 06:30:00+00:00;0.907;;
461101;unknown;control;2023-12-18 06:45:00+00:00;0.748;;
461101;unknown;control;2023-12-18 07:00:00+00:00;0.211;;
461101;unknown;control;2023-12-18 07:15:00+00:00;1.066;;
461101;unknown;control;2023-12-18 07:30:00+00:00;0.314;;
461101;unknown;control;2023-12-18 07:45:00+00:00;0.841;;
461101;unknown;control;2023-12-18 08:00:00+00:00;0.827;;
461101;unknown;control;2023-12-18 08:15:00+00:00;0.817;;
461101;unknown;control;2023-12-18 08:30:00+00:00;0.791;;
461101;unknown;control;2023-12-18 08:45:00+00:00;0.567;;
461101;unknown;control;2023-12-18 09:00:00+00:00;0.628;;
461101;unknown;control;2023-12-18 09:15:00+00:00;0.017;;
461101;unknown;control;2023-12-18 09:30:00+00:00;0.259;;
461101;unknown;control;2023-12-18 09:45:00+00:00;0.105;;
461101;unknown;control;2023-12-18 10:00:00+00:00;0.0;;
461101;unknown;control;2023-12-18 10:15:00+00:00;0.0;;
461101;unknown;control;2023-12-18 10:30:00+00:00;0.0;;
461101;unknown;control;2023-12-18 10:45:00+00:00;0.0;;
461101;unknown;control;2023-12-18 11:00:00+00:00;0.293;;
461101;unknown;control;2023-12-18 11:15:00+00:00;0.314;;
461101;unknown;control;2023-12-18 11:30:00+00:00;0.599;;
461101;unknown;control;2023-12-18 11:45:00+00:00;0.516;;
461101;unknown;control;2023-12-18 12:00:00+00:00;0.436;;
461101;unknown;control;2023-12-18 12:15:00+00:00;0.613;;
461101;unknown;control;2023-12-18 12:30:00+00:00;0.338;;
461101;unknown;control;2023-12-18 12:45:00+00:00;0.603;;
461101;unknown;control;2023-12-18 13:00:00+00:00;0.708;;
461101;unknown;control;2023-12-18 13:15:00+00:00;0.571;;
461101;unknown;control;2023-12-18 13:30:00+00:00;0.765;;
461101;unknown;control;2023-12-18 13:45:00+00:00;0.793;;
461101;unknown;control;2023-12-18 14:00:00+00:00;0.726;;
461101;unknown;control;2023-12-18 14:15:00+00:00;0.0;;
461101;unknown;control;2023-12-18 14:30:00+00:00;0.346;;
461101;unknown;control;2023-12-18 14:45:00+00:00;0.005;;
461101;unknown;control;2023-12-18 15:00:00+00:00;0.221;;
461101;unknown;control;2023-12-18 15:15:00+00:00;0.844;;
461101;unknown;control;2023-12-18 15:30:00+00:00;0.725;;
461101;unknown;control;2023-12-18 15:45:00+00:00;0.881;;
461101;unknown;control;2023-12-18 16:00:00+00:00;1.693;;
461101;unknown;control;2023-12-18 16:15:00+00:00;1.055;;
461101;unknown;control;2023-12-18 16:30:00+00:00;0.127;;
461101;unknown;control;2023-12-18 16:45:00+00:00;0.103;;
461101;unknown;control;2023-12-18 17:00:00+00:00;0.107;;
461101;unknown;control;2023-12-18 17:15:00+00:00;0.335;;
461101;unknown;control;2023-12-18 17:30:00+00:00;0.446;;
461101;unknown;control;2023-12-18 17:45:00+00:00;0.747;;
461101;unknown;control;2023-12-18 18:00:00+00:00;1.027;;
461101;unknown;control;2023-12-18 18:15:00+00:00;1.112;;
461101;unknown;control;2023-12-18 18:30:00+00:00;0.971;;
461101;unknown;control;2023-12-18 18:45:00+00:00;0.712;;
461101;unknown;control;2023-12-18 19:00:00+00:00;0.951;;
461101;unknown;control;2023-12-18 19:15:00+00:00;0.969;;
461101;unknown;control;2023-12-18 19:30:00+00:00;1.044;;
461101;unknown;control;2023-12-18 19:45:00+00:00;1.036;;
461101;unknown;control;2023-12-18 20:00:00+00:00;0.802;;
461101;unknown;control;2023-12-18 20:15:00+00:00;0.621;;
461101;unknown;control;2023-12-18 20:30:00+00:00;0.765;;
461101;unknown;control;2023-12-18 20:45:00+00:00;1.004;;
461101;unknown;control;2023-12-18 21:00:00+00:00;1.038;;
461101;unknown;control;2023-12-18 21:15:00+00:00;0.508;;
461101;unknown;control;2023-12-18 21:30:00+00:00;0.17;;
461101;unknown;control;2023-12-18 21:45:00+00:00;0.15;;
461101;unknown;control;2023-12-18 22:00:00+00:00;0.136;;
461101;unknown;control;2023-12-18 22:15:00+00:00;0.705;;
461101;unknown;control;2023-12-18 22:30:00+00:00;0.402;;
461101;unknown;control;2023-12-18 22:45:00+00:00;1.068;;
461101;unknown;control;2023-12-18 23:00:00+00:00;1.198;;
461101;unknown;control;2023-12-18 23:15:00+00:00;0.953;;
461101;unknown;control;2023-12-18 23:30:00+00:00;0.916;;
461101;unknown;control;2023-12-18 23:45:00+00:00;0.932;;
461101;unknown;control;2023-12-19 00:00:00+00:00;1.402;;
461101;unknown;control;2023-12-19 00:15:00+00:00;0.448;;
461101;unknown;control;2023-12-19 00:30:00+00:00;0.468;;
461101;unknown;control;2023-12-19 00:45:00+00:00;0.056;;
461101;unknown;control;2023-12-19 01:00:00+00:00;0.302;;
461101;unknown;control;2023-12-19 01:15:00+00:00;0.886;;
461101;unknown;control;2023-12-19 01:30:00+00:00;0.903;;
461101;unknown;control;2023-12-19 01:45:00+00:00;0.924;;
461101;unknown;control;2023-12-19 02:00:00+00:00;0.812;;
461101;unknown;control;2023-12-19 02:15:00+00:00;0.065;;
461101;unknown;control;2023-12-19 02:30:00+00:00;0.36;;
461101;unknown;control;2023-12-19 02:45:00+00:00;0.061;;
461101;unknown;control;2023-12-19 03:00:00+00:00;0.367;;
461101;unknown;control;2023-12-19 03:15:00+00:00;0.887;;
461101;unknown;control;2023-12-19 03:30:00+00:00;0.645;;
461101;unknown;control;2023-12-19 03:45:00+00:00;0.907;;
461101;unknown;control;2023-12-19 04:00:00+00:00;0.916;;
461101;unknown;control;2023-12-19 04:15:00+00:00;0.934;;
461101;unknown;control;2023-12-19 04:30:00+00:00;0.461;;
461101;unknown;control;2023-12-19 04:45:00+00:00;0.243;;
461101;unknown;control;2023-12-19 05:00:00+00:00;0.572;;
461101;unknown;control;2023-12-19 05:15:00+00:00;0.427;;
461101;unknown;control;2023-12-19 05:30:00+00:00;0.857;;
461101;unknown;control;2023-12-19 05:45:00+00:00;1.015;;
461101;unknown;control;2023-12-19 06:00:00+00:00;1.145;;
461101;unknown;control;2023-12-19 06:15:00+00:00;1.057;;
461101;unknown;control;2023-12-19 06:30:00+00:00;1.087;;
461101;unknown;control;2023-12-19 06:45:00+00:00;0.99;;
461101;unknown;control;2023-12-19 07:00:00+00:00;0.567;;
461101;unknown;control;2023-12-19 07:15:00+00:00;0.609;;
461101;unknown;control;2023-12-19 07:30:00+00:00;0.283;;
461101;unknown;control;2023-12-19 07:45:00+00:00;0.871;;
461101;unknown;control;2023-12-19 08:00:00+00:00;0.832;;
461101;unknown;control;2023-12-19 08:15:00+00:00;0.826;;
461101;unknown;control;2023-12-19 08:30:00+00:00;0.783;;
461101;unknown;control;2023-12-19 08:45:00+00:00;0.287;;
461101;unknown;control;2023-12-19 09:00:00+00:00;0.0;;
461101;unknown;control;2023-12-19 09:15:00+00:00;0.0;;
461101;unknown;control;2023-12-19 09:30:00+00:00;0.007;;
461101;unknown;control;2023-12-19 09:45:00+00:00;0.276;;
461101;unknown;control;2023-12-19 10:00:00+00:00;0.009;;
461101;unknown;control;2023-12-19 10:15:00+00:00;0.001;;
461101;unknown;control;2023-12-19 10:30:00+00:00;0.0;;
461101;unknown;control;2023-12-19 10:45:00+00:00;0.007;;
461101;unknown;control;2023-12-19 11:00:00+00:00;0.25;;
461101;unknown;control;2023-12-19 11:15:00+00:00;0.393;;
461101;unknown;control;2023-12-19 11:30:00+00:00;0.229;;
461101;unknown;control;2023-12-19 11:45:00+00:00;0.001;;
461101;unknown;control;2023-12-19 12:00:00+00:00;0.039;;
461101;unknown;control;2023-12-19 12:15:00+00:00;0.175;;
461101;unknown;control;2023-12-19 12:30:00+00:00;0.076;;
461101;unknown;control;2023-12-19 12:45:00+00:00;0.0;;
461101;unknown;control;2023-12-19 13:00:00+00:00;0.0;;
461101;unknown;control;2023-12-19 13:15:00+00:00;0.196;;
461101;unknown;control;2023-12-19 13:30:00+00:00;0.155;;
461101;unknown;control;2023-12-19 13:45:00+00:00;0.71;;
461101;unknown;control;2023-12-19 14:00:00+00:00;0.26;;
461101;unknown;control;2023-12-19 14:15:00+00:00;1.002;;
461101;unknown;control;2023-12-19 14:30:00+00:00;0.849;;
461101;unknown;control;2023-12-19 14:45:00+00:00;0.239;;
461101;unknown;control;2023-12-19 15:00:00+00:00;0.025;;
461101;unknown;control;2023-12-19 15:15:00+00:00;0.04;;
461101;unknown;control;2023-12-19 15:30:00+00:00;0.059;;
461101;unknown;control;2023-12-19 15:45:00+00:00;0.147;;
461101;unknown;control;2023-12-19 16:00:00+00:00;0.403;;
461101;unknown;control;2023-12-19 16:15:00+00:00;0.849;;
461101;unknown;control;2023-12-19 16:30:00+00:00;0.134;;
461101;unknown;control;2023-12-19 16:45:00+00:00;0.105;;
461101;unknown;control;2023-12-19 17:00:00+00:00;0.086;;
461101;unknown;control;2023-12-19 17:15:00+00:00;0.101;;
461101;unknown;control;2023-12-19 17:30:00+00:00;0.084;;
461101;unknown;control;2023-12-19 17:45:00+00:00;0.834;;
461101;unknown;control;2023-12-19 18:00:00+00:00;0.805;;
461101;unknown;control;2023-12-19 18:15:00+00:00;0.709;;
461101;unknown;control;2023-12-19 18:30:00+00:00;0.533;;
461101;unknown;control;2023-12-19 18:45:00+00:00;0.932;;
461101;unknown;control;2023-12-19 19:00:00+00:00;0.953;;
461101;unknown;control;2023-12-19 19:15:00+00:00;1.035;;
461101;unknown;control;2023-12-19 19:30:00+00:00;0.717;;
461101;unknown;control;2023-12-19 19:45:00+00:00;0.171;;
461101;unknown;control;2023-12-19 20:00:00+00:00;0.172;;
461101;unknown;control;2023-12-19 20:15:00+00:00;0.273;;
461101;unknown;control;2023-12-19 20:30:00+00:00;0.48;;
461101;unknown;control;2023-12-19 20:45:00+00:00;0.824;;
461101;unknown;control;2023-12-19 21:00:00+00:00;0.963;;
461101;unknown;control;2023-12-19 21:15:00+00:00;0.98;;
461101;unknown;control;2023-12-19 21:30:00+00:00;0.701;;
461101;unknown;control;2023-12-19 21:45:00+00:00;0.065;;
461101;unknown;control;2023-12-19 22:00:00+00:00;0.057;;
461101;unknown;control;2023-12-19 22:15:00+00:00;0.05;;
461101;unknown;control;2023-12-19 22:30:00+00:00;0.474;;
461101;unknown;control;2023-12-19 22:45:00+00:00;0.298;;
461101;unknown;control;2023-12-19 23:00:00+00:00;0.875;;
461101;unknown;control;2023-12-19 23:15:00+00:00;0.778;;
461101;unknown;control;2023-12-19 23:30:00+00:00;0.913;;
461101;unknown;control;2023-12-19 23:45:00+00:00;0.778;;
461101;unknown;control;2023-12-20 00:00:00+00:00;0.058;;
461101;unknown;control;2023-12-20 00:15:00+00:00;0.053;;
461101;unknown;control;2023-12-20 00:30:00+00:00;0.149;;
461101;unknown;control;2023-12-20 00:45:00+00:00;0.27;;
461101;unknown;control;2023-12-20 01:00:00+00:00;0.716;;
461101;unknown;control;2023-12-20 01:15:00+00:00;0.891;;
461101;unknown;control;2023-12-20 01:30:00+00:00;0.915;;
461101;unknown;control;2023-12-20 01:45:00+00:00;0.75;;
461101;unknown;control;2023-12-20 02:00:00+00:00;0.096;;
461101;unknown;control;2023-12-20 02:15:00+00:00;0.057;;
461101;unknown;control;2023-12-20 02:30:00+00:00;0.039;;
461101;unknown;control;2023-12-20 02:45:00+00:00;0.369;;
461101;unknown;control;2023-12-20 03:00:00+00:00;0.386;;
461101;unknown;control;2023-12-20 03:15:00+00:00;0.865;;
461101;unknown;control;2023-12-20 03:30:00+00:00;0.891;;
461101;unknown;control;2023-12-20 03:45:00+00:00;0.913;;
461101;unknown;control;2023-12-20 04:00:00+00:00;0.137;;
461101;unknown;control;2023-12-20 04:15:00+00:00;0.058;;
461101;unknown;control;2023-12-20 04:30:00+00:00;0.038;;
461101;unknown;control;2023-12-20 04:45:00+00:00;0.351;;
461101;unknown;control;2023-12-20 05:00:00+00:00;0.623;;
461101;unknown;control;2023-12-20 05:15:00+00:00;0.51;;
461101;unknown;control;2023-12-20 05:30:00+00:00;0.938;;
461101;unknown;control;2023-12-20 05:45:00+00:00;0.925;;
461101;unknown;control;2023-12-20 06:00:00+00:00;1.017;;
461101;unknown;control;2023-12-20 06:15:00+00:00;0.978;;
461101;unknown;control;2023-12-20 06:30:00+00:00;0.456;;
461101;unknown;control;2023-12-20 06:45:00+00:00;0.072;;
461101;unknown;control;2023-12-20 07:00:00+00:00;0.458;;
461101;unknown;control;2023-12-20 07:15:00+00:00;0.477;;
461101;unknown;control;2023-12-20 07:30:00+00:00;0.664;;
461101;unknown;control;2023-12-20 07:45:00+00:00;0.863;;
461101;unknown;control;2023-12-20 08:00:00+00:00;0.709;;
461101;unknown;control;2023-12-20 08:15:00+00:00;0.496;;
461101;unknown;control;2023-12-20 08:30:00+00:00;0.866;;
461101;unknown;control;2023-12-20 08:45:00+00:00;0.872;;
461101;unknown;control;2023-12-20 09:00:00+00:00;0.67;;
461101;unknown;control;2023-12-20 09:15:00+00:00;0.005;;
461101;unknown;control;2023-12-20 09:30:00+00:00;0.023;;
461101;unknown;control;2023-12-20 09:45:00+00:00;0.0;;
461101;unknown;control;2023-12-20 10:00:00+00:00;0.0;;
461101;unknown;control;2023-12-20 10:15:00+00:00;0.0;;
461101;unknown;control;2023-12-20 10:30:00+00:00;0.0;;
461101;unknown;control;2023-12-20 10:45:00+00:00;0.063;;
461101;unknown;control;2023-12-20 11:00:00+00:00;0.063;;
461101;unknown;control;2023-12-20 11:15:00+00:00;0.182;;
461101;unknown;control;2023-12-20 11:30:00+00:00;0.19;;
461101;unknown;control;2023-12-20 11:45:00+00:00;0.248;;
461101;unknown;control;2023-12-20 12:00:00+00:00;0.578;;
461101;unknown;control;2023-12-20 12:15:00+00:00;0.379;;
461101;unknown;control;2023-12-20 12:30:00+00:00;0.02;;
461101;unknown;control;2023-12-20 12:45:00+00:00;0.017;;
461101;unknown;control;2023-12-20 13:00:00+00:00;0.176;;
461101;unknown;control;2023-12-20 13:15:00+00:00;0.362;;
461101;unknown;control;2023-12-20 13:30:00+00:00;0.537;;
461101;unknown;control;2023-12-20 13:45:00+00:00;0.789;;
461101;unknown;control;2023-12-20 14:00:00+00:00;0.826;;
461101;unknown;control;2023-12-20 14:15:00+00:00;0.208;;
461101;unknown;control;2023-12-20 14:30:00+00:00;0.063;;
461101;unknown;control;2023-12-20 14:45:00+00:00;0.014;;
461101;unknown;control;2023-12-20 15:00:00+00:00;0.027;;
461101;unknown;control;2023-12-20 15:15:00+00:00;0.269;;
461101;unknown;control;2023-12-20 15:30:00+00:00;0.209;;
461101;unknown;control;2023-12-20 15:45:00+00:00;0.702;;
461101;unknown;control;2023-12-20 16:00:00+00:00;0.432;;
461101;unknown;control;2023-12-20 16:15:00+00:00;0.783;;
461101;unknown;control;2023-12-20 16:30:00+00:00;0.115;;
461101;unknown;control;2023-12-20 16:45:00+00:00;0.341;;
461101;unknown;control;2023-12-20 17:00:00+00:00;0.214;;
461101;unknown;control;2023-12-20 17:15:00+00:00;0.377;;
461101;unknown;control;2023-12-20 17:30:00+00:00;0.277;;
461101;unknown;control;2023-12-20 17:45:00+00:00;0.818;;
461101;unknown;control;2023-12-20 18:00:00+00:00;0.84;;
461101;unknown;control;2023-12-20 18:15:00+00:00;1.235;;
461101;unknown;control;2023-12-20 18:30:00+00:00;0.719;;
461101;unknown;control;2023-12-20 18:45:00+00:00;0.97;;
461101;unknown;control;2023-12-20 19:00:00+00:00;0.395;;
461101;unknown;control;2023-12-20 19:15:00+00:00;0.903;;
461101;unknown;control;2023-12-20 19:30:00+00:00;0.948;;
461101;unknown;control;2023-12-20 19:45:00+00:00;0.945;;
461101;unknown;control;2023-12-20 20:00:00+00:00;0.854;;
461101;unknown;control;2023-12-20 20:15:00+00:00;0.959;;
461101;unknown;control;2023-12-20 20:30:00+00:00;1.111;;
461101;unknown;control;2023-12-20 20:45:00+00:00;0.995;;
461101;unknown;control;2023-12-20 21:00:00+00:00;0.687;;
461101;unknown;control;2023-12-20 21:15:00+00:00;0.729;;
461101;unknown;control;2023-12-20 21:30:00+00:00;1.005;;
461101;unknown;control;2023-12-20 21:45:00+00:00;0.893;;
461101;unknown;control;2023-12-20 22:00:00+00:00;0.899;;
461101;unknown;control;2023-12-20 22:15:00+00:00;0.166;;
461101;unknown;control;2023-12-20 22:30:00+00:00;0.403;;
461101;unknown;control;2023-12-20 22:45:00+00:00;0.114;;
461101;unknown;control;2023-12-20 23:00:00+00:00;0.381;;
461101;unknown;control;2023-12-20 23:15:00+00:00;0.185;;
461101;unknown;control;2023-12-20 23:30:00+00:00;0.881;;
461101;unknown;control;2023-12-20 23:45:00+00:00;0.894;;
461101;unknown;control;2023-12-21 00:00:00+00:00;0.813;;
461101;unknown;control;2023-12-21 00:15:00+00:00;0.05;;
461101;unknown;control;2023-12-21 00:30:00+00:00;0.048;;
461101;unknown;control;2023-12-21 00:45:00+00:00;0.035;;
461101;unknown;control;2023-12-21 01:00:00+00:00;0.045;;
461101;unknown;control;2023-12-21 01:15:00+00:00;0.414;;
461101;unknown;control;2023-12-21 01:30:00+00:00;0.534;;
461101;unknown;control;2023-12-21 01:45:00+00:00;0.87;;
461101;unknown;control;2023-12-21 02:00:00+00:00;0.771;;
461101;unknown;control;2023-12-21 02:15:00+00:00;0.911;;
461101;unknown;control;2023-12-21 02:30:00+00:00;0.306;;
461101;unknown;control;2023-12-21 02:45:00+00:00;0.055;;
461101;unknown;control;2023-12-21 03:00:00+00:00;0.044;;
461101;unknown;control;2023-12-21 03:15:00+00:00;0.348;;
461101;unknown;control;2023-12-21 03:30:00+00:00;0.21;;
461101;unknown;control;2023-12-21 03:45:00+00:00;0.867;;
461101;unknown;control;2023-12-21 04:00:00+00:00;0.887;;
461101;unknown;control;2023-12-21 04:15:00+00:00;0.524;;
461101;unknown;control;2023-12-21 04:30:00+00:00;0.056;;
461101;unknown;control;2023-12-21 04:45:00+00:00;0.05;;
461101;unknown;control;2023-12-21 05:00:00+00:00;0.069;;
461101;unknown;control;2023-12-21 05:15:00+00:00;0.207;;
461101;unknown;control;2023-12-21 05:30:00+00:00;0.838;;
461101;unknown;control;2023-12-21 05:45:00+00:00;0.511;;
461101;unknown;control;2023-12-21 06:00:00+00:00;0.759;;
461101;unknown;control;2023-12-21 06:15:00+00:00;0.912;;
461101;unknown;control;2023-12-21 06:30:00+00:00;0.971;;
461101;unknown;control;2023-12-21 06:45:00+00:00;0.208;;
461101;unknown;control;2023-12-21 07:00:00+00:00;0.317;;
461101;unknown;control;2023-12-21 07:15:00+00:00;0.199;;
461101;unknown;control;2023-12-21 07:30:00+00:00;0.16;;
461101;unknown;control;2023-12-21 07:45:00+00:00;0.462;;
461101;unknown;control;2023-12-21 08:00:00+00:00;0.272;;
461101;unknown;control;2023-12-21 08:15:00+00:00;0.623;;
461101;unknown;control;2023-12-21 08:30:00+00:00;0.923;;
461101;unknown;control;2023-12-21 08:45:00+00:00;0.796;;
461101;unknown;control;2023-12-21 09:00:00+00:00;0.85;;
461101;unknown;control;2023-12-21 09:15:00+00:00;0.635;;
461101;unknown;control;2023-12-21 09:30:00+00:00;0.003;;
461101;unknown;control;2023-12-21 09:45:00+00:00;0.016;;
461101;unknown;control;2023-12-21 10:00:00+00:00;0.014;;
461101;unknown;control;2023-12-21 10:15:00+00:00;0.0;;
461101;unknown;control;2023-12-21 10:30:00+00:00;0.0;;
461101;unknown;control;2023-12-21 10:45:00+00:00;0.0;;
461101;unknown;control;2023-12-21 11:00:00+00:00;0.27;;
461101;unknown;control;2023-12-21 11:15:00+00:00;0.159;;
461101;unknown;control;2023-12-21 11:30:00+00:00;0.196;;
461101;unknown;control;2023-12-21 11:45:00+00:00;0.631;;
461101;unknown;control;2023-12-21 12:00:00+00:00;0.677;;
461101;unknown;control;2023-12-21 12:15:00+00:00;0.73;;
461101;unknown;control;2023-12-21 12:30:00+00:00;0.86;;
461101;unknown;control;2023-12-21 12:45:00+00:00;0.577;;
461101;unknown;control;2023-12-21 13:00:00+00:00;0.297;;
461101;unknown;control;2023-12-21 13:15:00+00:00;0.034;;
461101;unknown;control;2023-12-21 13:30:00+00:00;0.106;;
461101;unknown;control;2023-12-21 13:45:00+00:00;0.858;;
461101;unknown;control;2023-12-21 14:00:00+00:00;0.887;;
461101;unknown;control;2023-12-21 14:15:00+00:00;0.268;;
461101;unknown;control;2023-12-21 14:30:00+00:00;0.055;;
461101;unknown;control;2023-12-21 14:45:00+00:00;0.76;;
461101;unknown;control;2023-12-21 15:00:00+00:00;1.007;;
461101;unknown;control;2023-12-21 15:15:00+00:00;1.29;;
461101;unknown;control;2023-12-21 15:30:00+00:00;1.601;;
461101;unknown;control;2023-12-21 15:45:00+00:00;1.762;;
461101;unknown;control;2023-12-21 16:00:00+00:00;1.515;;
461101;unknown;control;2023-12-21 16:15:00+00:00;1.262;;
461101;unknown;control;2023-12-21 16:30:00+00:00;1.251;;
461101;unknown;control;2023-12-21 16:45:00+00:00;0.91;;
461101;unknown;control;2023-12-21 17:00:00+00:00;0.928;;
461101;unknown;control;2023-12-21 17:15:00+00:00;0.963;;
461101;unknown;control;2023-12-21 17:30:00+00:00;0.95;;
461101;unknown;control;2023-12-21 17:45:00+00:00;1.032;;
461101;unknown;control;2023-12-21 18:00:00+00:00;0.615;;
461101;unknown;control;2023-12-21 18:15:00+00:00;1.146;;
461101;unknown;control;2023-12-21 18:30:00+00:00;0.908;;
461101;unknown;control;2023-12-21 18:45:00+00:00;0.919;;
461101;unknown;control;2023-12-21 19:00:00+00:00;0.507;;
461101;unknown;control;2023-12-21 19:15:00+00:00;0.161;;
461101;unknown;control;2023-12-21 19:30:00+00:00;0.167;;
461101;unknown;control;2023-12-21 19:45:00+00:00;0.721;;
461101;unknown;control;2023-12-21 20:00:00+00:00;0.391;;
461101;unknown;control;2023-12-21 20:15:00+00:00;0.917;;
461101;unknown;control;2023-12-21 20:30:00+00:00;0.939;;
461101;unknown;control;2023-12-21 20:45:00+00:00;0.818;;
461101;unknown;control;2023-12-21 21:00:00+00:00;0.222;;
461101;unknown;control;2023-12-21 21:15:00+00:00;0.148;;
461101;unknown;control;2023-12-21 21:30:00+00:00;0.068;;
461101;unknown;control;2023-12-21 21:45:00+00:00;0.066;;
461101;unknown;control;2023-12-21 22:00:00+00:00;0.23;;
461101;unknown;control;2023-12-21 22:15:00+00:00;0.549;;
461101;unknown;control;2023-12-21 22:30:00+00:00;0.594;;
461101;unknown;control;2023-12-21 22:45:00+00:00;0.474;;
461101;unknown;control;2023-12-21 23:00:00+00:00;0.872;;
461101;unknown;control;2023-12-21 23:15:00+00:00;0.894;;
461101;unknown;control;2023-12-21 23:30:00+00:00;0.082;;
461101;unknown;control;2023-12-21 23:45:00+00:00;0.057;;
461101;unknown;control;2023-12-22 00:00:00+00:00;0.04;;
461101;unknown;control;2023-12-22 00:15:00+00:00;0.035;;
461101;unknown;control;2023-12-22 00:30:00+00:00;0.205;;
461101;unknown;control;2023-12-22 00:45:00+00:00;0.218;;
461101;unknown;control;2023-12-22 01:00:00+00:00;0.742;;
461101;unknown;control;2023-12-22 01:15:00+00:00;0.684;;
461101;unknown;control;2023-12-22 01:30:00+00:00;0.879;;
461101;unknown;control;2023-12-22 01:45:00+00:00;0.88;;
461101;unknown;control;2023-12-22 02:00:00+00:00;0.06;;
461101;unknown;control;2023-12-22 02:15:00+00:00;0.054;;
461101;unknown;control;2023-12-22 02:30:00+00:00;0.028;;
461101;unknown;control;2023-12-22 02:45:00+00:00;0.307;;
461101;unknown;control;2023-12-22 03:00:00+00:00;0.431;;
461101;unknown;control;2023-12-22 03:15:00+00:00;0.864;;
461101;unknown;control;2023-12-22 03:30:00+00:00;0.749;;
461101;unknown;control;2023-12-22 03:45:00+00:00;0.122;;
461101;unknown;control;2023-12-22 04:00:00+00:00;0.055;;
461101;unknown;control;2023-12-22 04:15:00+00:00;0.039;;
461101;unknown;control;2023-12-22 04:30:00+00:00;0.735;;
461101;unknown;control;2023-12-22 04:45:00+00:00;0.695;;
461101;unknown;control;2023-12-22 05:00:00+00:00;0.058;;
461101;unknown;control;2023-12-22 05:15:00+00:00;0.058;;
461101;unknown;control;2023-12-22 05:30:00+00:00;0.558;;
461101;unknown;control;2023-12-22 05:45:00+00:00;0.861;;
461101;unknown;control;2023-12-22 06:00:00+00:00;0.92;;
461101;unknown;control;2023-12-22 06:15:00+00:00;0.533;;
461101;unknown;control;2023-12-22 06:30:00+00:00;0.138;;
461101;unknown;control;2023-12-22 06:45:00+00:00;0.354;;
461101;unknown;control;2023-12-22 07:00:00+00:00;0.252;;
461101;unknown;control;2023-12-22 07:15:00+00:00;0.189;;
461101;unknown;control;2023-12-22 07:30:00+00:00;0.808;;
461101;unknown;control;2023-12-22 07:45:00+00:00;0.95;;
461101;unknown;control;2023-12-22 08:00:00+00:00;0.895;;
461101;unknown;control;2023-12-22 08:15:00+00:00;0.067;;
461101;unknown;control;2023-12-22 08:30:00+00:00;0.053;;
461101;unknown;control;2023-12-22 08:45:00+00:00;0.037;;
461101;unknown;control;2023-12-22 09:00:00+00:00;0.814;;
461101;unknown;control;2023-12-22 09:15:00+00:00;0.298;;
461101;unknown;control;2023-12-22 09:30:00+00:00;1.059;;
461101;unknown;control;2023-12-22 09:45:00+00:00;0.267;;
461101;unknown;control;2023-12-22 10:00:00+00:00;0.02;;
461101;unknown;control;2023-12-22 10:15:00+00:00;0.009;;
461101;unknown;control;2023-12-22 10:30:00+00:00;0.029;;
461101;unknown;control;2023-12-22 10:45:00+00:00;0.304;;
461101;unknown;control;2023-12-22 11:00:00+00:00;0.696;;
461101;unknown;control;2023-12-22 11:15:00+00:00;0.771;;
461101;unknown;control;2023-12-22 11:30:00+00:00;0.795;;
461101;unknown;control;2023-12-22 11:45:00+00:00;0.35;;
461101;unknown;control;2023-12-22 12:00:00+00:00;0.002;;
461101;unknown;control;2023-12-22 12:15:00+00:00;0.0;;
461101;unknown;control;2023-12-22 12:30:00+00:00;0.246;;
461101;unknown;control;2023-12-22 12:45:00+00:00;0.585;;
461101;unknown;control;2023-12-22 13:00:00+00:00;0.781;;
461101;unknown;control;2023-12-22 13:15:00+00:00;1.142;;
461101;unknown;control;2023-12-22 13:30:00+00:00;0.814;;
461101;unknown;control;2023-12-22 13:45:00+00:00;0.409;;
461101;unknown;control;2023-12-22 14:00:00+00:00;0.246;;
461101;unknown;control;2023-12-22 14:15:00+00:00;0.489;;
461101;unknown;control;2023-12-22 14:30:00+00:00;0.503;;
461101;unknown;control;2023-12-22 14:45:00+00:00;0.87;;
461101;unknown;control;2023-12-22 15:00:00+00:00;0.774;;
461101;unknown;control;2023-12-22 15:15:00+00:00;0.973;;
461101;unknown;control;2023-12-22 15:30:00+00:00;0.655;;
461101;unknown;control;2023-12-22 15:45:00+00:00;0.307;;
461101;unknown;control;2023-12-22 16:00:00+00:00;0.141;;
461101;unknown;control;2023-12-22 16:15:00+00:00;0.258;;
461101;unknown;control;2023-12-22 16:30:00+00:00;0.083;;
461101;unknown;control;2023-12-22 16:45:00+00:00;0.078;;
461101;unknown;control;2023-12-22 17:00:00+00:00;0.061;;
461101;unknown;control;2023-12-22 17:15:00+00:00;0.085;;
461101;unknown;control;2023-12-22 17:30:00+00:00;0.091;;
461101;unknown;control;2023-12-22 17:45:00+00:00;0.866;;
461101;unknown;control;2023-12-22 18:00:00+00:00;0.982;;
461101;unknown;control;2023-12-22 18:15:00+00:00;0.773;;
461101;unknown;control;2023-12-22 18:30:00+00:00;0.953;;
461101;unknown;control;2023-12-22 18:45:00+00:00;0.789;;
461101;unknown;control;2023-12-22 19:00:00+00:00;0.796;;
461101;unknown;control;2023-12-22 19:15:00+00:00;1.075;;
461101;unknown;control;2023-12-22 19:30:00+00:00;0.964;;
461101;unknown;control;2023-12-22 19:45:00+00:00;0.639;;
461101;unknown;control;2023-12-22 20:00:00+00:00;0.15;;
461101;unknown;control;2023-12-22 20:15:00+00:00;0.127;;
461101;unknown;control;2023-12-22 20:30:00+00:00;0.516;;
461101;unknown;control;2023-12-22 20:45:00+00:00;0.874;;
461101;unknown;control;2023-12-22 21:00:00+00:00;0.415;;
461101;unknown;control;2023-12-22 21:15:00+00:00;0.905;;
461101;unknown;control;2023-12-22 21:30:00+00:00;0.943;;
461101;unknown;control;2023-12-22 21:45:00+00:00;0.955;;
461101;unknown;control;2023-12-22 22:00:00+00:00;0.226;;
461101;unknown;control;2023-12-22 22:15:00+00:00;0.263;;
461101;unknown;control;2023-12-22 22:30:00+00:00;0.496;;
461101;unknown;control;2023-12-22 22:45:00+00:00;0.129;;
461101;unknown;control;2023-12-22 23:00:00+00:00;0.45;;
461101;unknown;control;2023-12-22 23:15:00+00:00;0.696;;
461101;unknown;control;2023-12-22 23:30:00+00:00;1.278;;
461101;unknown;control;2023-12-22 23:45:00+00:00;0.894;;
461101;unknown;control;2023-12-23 00:00:00+00:00;0.19;;
461101;unknown;control;2023-12-23 00:15:00+00:00;0.057;;
461101;unknown;control;2023-12-23 00:30:00+00:00;0.039;;
461101;unknown;control;2023-12-23 00:45:00+00:00;0.036;;
461101;unknown;control;2023-12-23 01:00:00+00:00;0.378;;
461101;unknown;control;2023-12-23 01:15:00+00:00;0.224;;
461101;unknown;control;2023-12-23 01:30:00+00:00;0.693;;
461101;unknown;control;2023-12-23 01:45:00+00:00;0.854;;
461101;unknown;control;2023-12-23 02:00:00+00:00;0.873;;
461101;unknown;control;2023-12-23 02:15:00+00:00;0.539;;
461101;unknown;control;2023-12-23 02:30:00+00:00;0.06;;
461101;unknown;control;2023-12-23 02:45:00+00:00;0.048;;
461101;unknown;control;2023-12-23 03:00:00+00:00;0.15;;
461101;unknown;control;2023-12-23 03:15:00+00:00;0.217;;
461101;unknown;control;2023-12-23 03:30:00+00:00;0.705;;
461101;unknown;control;2023-12-23 03:45:00+00:00;0.795;;
461101;unknown;control;2023-12-23 04:00:00+00:00;0.769;;
461101;unknown;control;2023-12-23 04:15:00+00:00;0.903;;
461101;unknown;control;2023-12-23 04:30:00+00:00;0.203;;
461101;unknown;control;2023-12-23 04:45:00+00:00;0.056;;
461101;unknown;control;2023-12-23 05:00:00+00:00;0.04;;
461101;unknown;control;2023-12-23 05:15:00+00:00;0.34;;
461101;unknown;control;2023-12-23 05:30:00+00:00;0.455;;
461101;unknown;control;2023-12-23 05:45:00+00:00;0.871;;
461101;unknown;control;2023-12-23 06:00:00+00:00;0.85;;
461101;unknown;control;2023-12-23 06:15:00+00:00;0.271;;
461101;unknown;control;2023-12-23 06:30:00+00:00;0.075;;
461101;unknown;control;2023-12-23 06:45:00+00:00;0.069;;
461101;unknown;control;2023-12-23 07:00:00+00:00;0.88;;
461101;unknown;control;2023-12-23 07:15:00+00:00;0.923;;
461101;unknown;control;2023-12-23 07:30:00+00:00;0.333;;
461101;unknown;control;2023-12-23 07:45:00+00:00;1.122;;
461101;unknown;control;2023-12-23 08:00:00+00:00;1.466;;
461101;unknown;control;2023-12-23 08:15:00+00:00;0.962;;
461101;unknown;control;2023-12-23 08:30:00+00:00;1.731;;
461101;unknown;control;2023-12-23 08:45:00+00:00;1.44;;
461101;unknown;control;2023-12-23 09:00:00+00:00;1.137;;
461101;unknown;control;2023-12-23 09:15:00+00:00;1.41;;
461101;unknown;control;2023-12-23 09:30:00+00:00;1.254;;
461101;unknown;control;2023-12-23 09:45:00+00:00;1.413;;
461101;unknown;control;2023-12-23 10:00:00+00:00;1.592;;
461101;unknown;control;2023-12-23 10:15:00+00:00;1.423;;
461101;unknown;control;2023-12-23 10:30:00+00:00;0.648;;
461101;unknown;control;2023-12-23 10:45:00+00:00;0.688;;
461101;unknown;control;2023-12-23 11:00:00+00:00;0.731;;
461101;unknown;control;2023-12-23 11:15:00+00:00;1.332;;
461101;unknown;control;2023-12-23 11:30:00+00:00;1.463;;
461101;unknown;control;2023-12-23 11:45:00+00:00;1.467;;
461101;unknown;control;2023-12-23 12:00:00+00:00;1.726;;
461101;unknown;control;2023-12-23 12:15:00+00:00;1.507;;
461101;unknown;control;2023-12-23 12:30:00+00:00;0.568;;
461101;unknown;control;2023-12-23 12:45:00+00:00;0.525;;
461101;unknown;control;2023-12-23 13:00:00+00:00;0.351;;
461101;unknown;control;2023-12-23 13:15:00+00:00;0.243;;
461101;unknown;control;2023-12-23 13:30:00+00:00;0.495;;
461101;unknown;control;2023-12-23 13:45:00+00:00;0.873;;
461101;unknown;control;2023-12-23 14:00:00+00:00;0.351;;
461101;unknown;control;2023-12-23 14:15:00+00:00;0.802;;
461101;unknown;control;2023-12-23 14:30:00+00:00;0.85;;
461101;unknown;control;2023-12-23 14:45:00+00:00;0.151;;
461101;unknown;control;2023-12-23 15:00:00+00:00;0.136;;
461101;unknown;control;2023-12-23 15:15:00+00:00;0.104;;
461101;unknown;control;2023-12-23 15:30:00+00:00;0.08;;
461101;unknown;control;2023-12-23 15:45:00+00:00;0.107;;
461101;unknown;control;2023-12-23 16:00:00+00:00;0.898;;
461101;unknown;control;2023-12-23 16:15:00+00:00;0.776;;
461101;unknown;control;2023-12-23 16:30:00+00:00;0.92;;
461101;unknown;control;2023-12-23 16:45:00+00:00;0.933;;
461101;unknown;control;2023-12-23 17:00:00+00:00;0.92;;
461101;unknown;control;2023-12-23 17:15:00+00:00;0.271;;
461101;unknown;control;2023-12-23 17:30:00+00:00;0.118;;
461101;unknown;control;2023-12-23 17:45:00+00:00;0.099;;
461101;unknown;control;2023-12-23 18:00:00+00:00;0.539;;
461101;unknown;control;2023-12-23 18:15:00+00:00;0.293;;
461101;unknown;control;2023-12-23 18:30:00+00:00;0.984;;
461101;unknown;control;2023-12-23 18:45:00+00:00;0.987;;
461101;unknown;control;2023-12-23 19:00:00+00:00;0.814;;
461101;unknown;control;2023-12-23 19:15:00+00:00;0.188;;
461101;unknown;control;2023-12-23 19:30:00+00:00;0.182;;
461101;unknown;control;2023-12-23 19:45:00+00:00;0.141;;
461101;unknown;control;2023-12-23 20:00:00+00:00;0.142;;
461101;unknown;control;2023-12-23 20:15:00+00:00;0.546;;
461101;unknown;control;2023-12-23 20:30:00+00:00;0.617;;
461101;unknown;control;2023-12-23 20:45:00+00:00;0.97;;
461101;unknown;control;2023-12-23 21:00:00+00:00;0.929;;
461101;unknown;control;2023-12-23 21:15:00+00:00;0.449;;
461101;unknown;control;2023-12-23 21:30:00+00:00;0.198;;
461101;unknown;control;2023-12-23 21:45:00+00:00;0.198;;
461101;unknown;control;2023-12-23 22:00:00+00:00;0.857;;
461101;unknown;control;2023-12-23 22:15:00+00:00;0.864;;
461101;unknown;control;2023-12-23 22:30:00+00:00;0.791;;
461101;unknown;control;2023-12-23 22:45:00+00:00;0.931;;
461101;unknown;control;2023-12-23 23:00:00+00:00;1.033;;
461101;unknown;control;2023-12-23 23:15:00+00:00;0.079;;
461101;unknown;control;2023-12-23 23:30:00+00:00;0.051;;
461101;unknown;control;2023-12-23 23:45:00+00:00;0.042;;
461101;unknown;control;2023-12-24 00:00:00+00:00;0.043;;
461101;unknown;control;2023-12-24 00:15:00+00:00;0.11;;
461101;unknown;control;2023-12-24 00:30:00+00:00;0.733;;
461101;unknown;control;2023-12-24 00:45:00+00:00;0.556;;
461101;unknown;control;2023-12-24 01:00:00+00:00;0.578;;
461101;unknown;control;2023-12-24 01:15:00+00:00;0.865;;
461101;unknown;control;2023-12-24 01:30:00+00:00;0.884;;
461101;unknown;control;2023-12-24 01:45:00+00:00;0.615;;
461101;unknown;control;2023-12-24 02:00:00+00:00;0.054;;
461101;unknown;control;2023-12-24 02:15:00+00:00;0.052;;
461101;unknown;control;2023-12-24 02:30:00+00:00;0.038;;
461101;unknown;control;2023-12-24 02:45:00+00:00;0.237;;
461101;unknown;control;2023-12-24 03:00:00+00:00;0.065;;
461101;unknown;control;2023-12-24 03:15:00+00:00;0.696;;
461101;unknown;control;2023-12-24 03:30:00+00:00;0.402;;
461101;unknown;control;2023-12-24 03:45:00+00:00;0.735;;
461101;unknown;control;2023-12-24 04:00:00+00:00;0.862;;
461101;unknown;control;2023-12-24 04:15:00+00:00;0.892;;
461101;unknown;control;2023-12-24 04:30:00+00:00;0.921;;
461101;unknown;control;2023-12-24 04:45:00+00:00;0.553;;
461101;unknown;control;2023-12-24 05:00:00+00:00;0.053;;
461101;unknown;control;2023-12-24 05:15:00+00:00;0.053;;
461101;unknown;control;2023-12-24 05:30:00+00:00;0.327;;
461101;unknown;control;2023-12-24 05:45:00+00:00;0.238;;
461101;unknown;control;2023-12-24 06:00:00+00:00;0.866;;
461101;unknown;control;2023-12-24 06:15:00+00:00;0.912;;
461101;unknown;control;2023-12-24 06:30:00+00:00;0.701;;
461101;unknown;control;2023-12-24 06:45:00+00:00;0.083;;
461101;unknown;control;2023-12-24 07:00:00+00:00;0.073;;
461101;unknown;control;2023-12-24 07:15:00+00:00;0.033;;
461101;unknown;control;2023-12-24 07:30:00+00:00;0.5;;
461101;unknown;control;2023-12-24 07:45:00+00:00;0.223;;
461101;unknown;control;2023-12-24 08:00:00+00:00;0.642;;
461101;unknown;control;2023-12-24 08:15:00+00:00;0.846;;
461101;unknown;control;2023-12-24 08:30:00+00:00;0.823;;
461101;unknown;control;2023-12-24 08:45:00+00:00;0.487;;
461101;unknown;control;2023-12-24 09:00:00+00:00;0.128;;
461101;unknown;control;2023-12-24 09:15:00+00:00;0.0;;
461101;unknown;control;2023-12-24 09:30:00+00:00;0.001;;
461101;unknown;control;2023-12-24 09:45:00+00:00;0.158;;
461101;unknown;control;2023-12-24 10:00:00+00:00;0.098;;
461101;unknown;control;2023-12-24 10:15:00+00:00;0.122;;
461101;unknown;control;2023-12-24 10:30:00+00:00;0.121;;
461101;unknown;control;2023-12-24 10:45:00+00:00;0.028;;
461101;unknown;control;2023-12-24 11:00:00+00:00;0.001;;
461101;unknown;control;2023-12-24 11:15:00+00:00;0.0;;
461101;unknown;control;2023-12-24 11:30:00+00:00;0.967;;
461101;unknown;control;2023-12-24 11:45:00+00:00;1.119;;
461101;unknown;control;2023-12-24 12:00:00+00:00;0.556;;
461101;unknown;control;2023-12-24 12:15:00+00:00;0.756;;
461101;unknown;control;2023-12-24 12:30:00+00:00;0.434;;
461101;unknown;control;2023-12-24 12:45:00+00:00;0.968;;
461101;unknown;control;2023-12-24 13:00:00+00:00;0.224;;
461101;unknown;control;2023-12-24 13:15:00+00:00;0.008;;
461101;unknown;control;2023-12-24 13:30:00+00:00;0.045;;
461101;unknown;control;2023-12-24 13:45:00+00:00;0.505;;
461101;unknown;control;2023-12-24 14:00:00+00:00;0.944;;
461101;unknown;control;2023-12-24 14:15:00+00:00;0.841;;
461101;unknown;control;2023-12-24 14:30:00+00:00;0.049;;
461101;unknown;control;2023-12-24 14:45:00+00:00;0.061;;
461101;unknown;control;2023-12-24 15:00:00+00:00;0.826;;
461101;unknown;control;2023-12-24 15:15:00+00:00;0.582;;
461101;unknown;control;2023-12-24 15:30:00+00:00;0.681;;
461101;unknown;control;2023-12-24 15:45:00+00:00;0.917;;
461101;unknown;control;2023-12-24 16:00:00+00:00;0.724;;
461101;unknown;control;2023-12-24 16:15:00+00:00;0.08;;
461101;unknown;control;2023-12-24 16:30:00+00:00;0.077;;
461101;unknown;control;2023-12-24 16:45:00+00:00;0.056;;
461101;unknown;control;2023-12-24 17:00:00+00:00;0.373;;
461101;unknown;control;2023-12-24 17:15:00+00:00;0.829;;
461101;unknown;control;2023-12-24 17:30:00+00:00;0.412;;
461101;unknown;control;2023-12-24 17:45:00+00:00;1.109;;
461101;unknown;control;2023-12-24 18:00:00+00:00;0.621;;
461101;unknown;control;2023-12-24 18:15:00+00:00;0.164;;
461101;unknown;control;2023-12-24 18:30:00+00:00;0.057;;
461101;unknown;control;2023-12-24 18:45:00+00:00;0.058;;
461101;unknown;control;2023-12-24 19:00:00+00:00;0.059;;
461101;unknown;control;2023-12-24 19:15:00+00:00;0.466;;
461101;unknown;control;2023-12-24 19:30:00+00:00;0.487;;
461101;unknown;control;2023-12-24 19:45:00+00:00;0.684;;
461101;unknown;control;2023-12-24 20:00:00+00:00;0.795;;
461101;unknown;control;2023-12-24 20:15:00+00:00;0.909;;
461101;unknown;control;2023-12-24 20:30:00+00:00;0.301;;
461101;unknown;control;2023-12-24 20:45:00+00:00;0.087;;
461101;unknown;control;2023-12-24 21:00:00+00:00;0.077;;
461101;unknown;control;2023-12-24 21:15:00+00:00;0.179;;
461101;unknown;control;2023-12-24 21:30:00+00:00;0.506;;
461101;unknown;control;2023-12-24 21:45:00+00:00;0.23;;
461101;unknown;control;2023-12-24 22:00:00+00:00;0.891;;
461101;unknown;control;2023-12-24 22:15:00+00:00;0.901;;
461101;unknown;control;2023-12-24 22:30:00+00:00;0.41;;
461101;unknown;control;2023-12-24 22:45:00+00:00;0.109;;
461101;unknown;control;2023-12-24 23:00:00+00:00;0.091;;
461101;unknown;control;2023-12-24 23:15:00+00:00;0.178;;
461101;unknown;control;2023-12-24 23:30:00+00:00;1.175;;
461101;unknown;control;2023-12-24 23:45:00+00:00;1.168;;
461101;unknown;control;2023-12-25 00:00:00+00:00;0.425;;
461101;unknown;control;2023-12-25 00:15:00+00:00;0.911;;
461101;unknown;control;2023-12-25 00:30:00+00:00;0.556;;
461101;unknown;control;2023-12-25 00:45:00+00:00;0.263;;
461101;unknown;control;2023-12-25 01:00:00+00:00;0.051;;
461101;unknown;control;2023-12-25 01:15:00+00:00;0.041;;
461101;unknown;control;2023-12-25 01:30:00+00:00;0.041;;
461101;unknown;control;2023-12-25 01:45:00+00:00;0.283;;
461101;unknown;control;2023-12-25 02:00:00+00:00;0.692;;
461101;unknown;control;2023-12-25 02:15:00+00:00;0.401;;
461101;unknown;control;2023-12-25 02:30:00+00:00;0.788;;
461101;unknown;control;2023-12-25 02:45:00+00:00;0.872;;
461101;unknown;control;2023-12-25 03:00:00+00:00;0.569;;
461101;unknown;control;2023-12-25 03:15:00+00:00;0.054;;
461101;unknown;control;2023-12-25 03:30:00+00:00;0.047;;
461101;unknown;control;2023-12-25 03:45:00+00:00;0.035;;
461101;unknown;control;2023-12-25 04:00:00+00:00;0.034;;
461101;unknown;control;2023-12-25 04:15:00+00:00;0.419;;
461101;unknown;control;2023-12-25 04:30:00+00:00;0.271;;
461101;unknown;control;2023-12-25 04:45:00+00:00;0.808;;
461101;unknown;control;2023-12-25 05:00:00+00:00;0.728;;
461101;unknown;control;2023-12-25 05:15:00+00:00;0.869;;
461101;unknown;control;2023-12-25 05:30:00+00:00;0.88;;
461101;unknown;control;2023-12-25 05:45:00+00:00;0.89;;
461101;unknown;control;2023-12-25 06:00:00+00:00;0.198;;
461101;unknown;control;2023-12-25 06:15:00+00:00;0.183;;
461101;unknown;control;2023-12-25 06:30:00+00:00;0.143;;
461101;unknown;control;2023-12-25 06:45:00+00:00;0.624;;
461101;unknown;control;2023-12-25 07:00:00+00:00;0.515;;
461101;unknown;control;2023-12-25 07:15:00+00:00;0.558;;
461101;unknown;control;2023-12-25 07:30:00+00:00;0.768;;
461101;unknown;control;2023-12-25 07:45:00+00:00;0.765;;
461101;unknown;control;2023-12-25 08:00:00+00:00;0.489;;
461101;unknown;control;2023-12-25 08:15:00+00:00;0.0;;
461101;unknown;control;2023-12-25 08:30:00+00:00;0.0;;
461101;unknown;control;2023-12-25 08:45:00+00:00;0.0;;
461101;unknown;control;2023-12-25 09:00:00+00:00;0.012;;
461101;unknown;control;2023-12-25 09:15:00+00:00;0.016;;
461101;unknown;control;2023-12-25 09:30:00+00:00;0.463;;
461101;unknown;control;2023-12-25 09:45:00+00:00;0.001;;
461101;unknown;control;2023-12-25 10:00:00+00:00;0.0;;
461101;unknown;control;2023-12-25 10:15:00+00:00;0.0;;
461101;unknown;control;2023-12-25 10:30:00+00:00;0.002;;
461101;unknown;control;2023-12-25 10:45:00+00:00;0.001;;
461101;unknown;control;2023-12-25 11:00:00+00:00;0.084;;
461101;unknown;control;2023-12-25 11:15:00+00:00;0.001;;
461101;unknown;control;2023-12-25 11:30:00+00:00;0.0;;
461101;unknown;control;2023-12-25 11:45:00+00:00;0.001;;
461101;unknown;control;2023-12-25 12:00:00+00:00;0.0;;
461101;unknown;control;2023-12-25 12:15:00+00:00;0.0;;
461101;unknown;control;2023-12-25 12:30:00+00:00;0.0;;
461101;unknown;control;2023-12-25 12:45:00+00:00;0.0;;
461101;unknown;control;2023-12-25 13:00:00+00:00;0.01;;
461101;unknown;control;2023-12-25 13:15:00+00:00;0.413;;
461101;unknown;control;2023-12-25 13:30:00+00:00;0.245;;
461101;unknown;control;2023-12-25 13:45:00+00:00;0.0;;
461101;unknown;control;2023-12-25 14:00:00+00:00;0.287;;
461101;unknown;control;2023-12-25 14:15:00+00:00;0.0;;
461101;unknown;control;2023-12-25 14:30:00+00:00;0.0;;
461101;unknown;control;2023-12-25 14:45:00+00:00;0.001;;
461101;unknown;control;2023-12-25 15:00:00+00:00;0.368;;
461101;unknown;control;2023-12-25 15:15:00+00:00;0.567;;
461101;unknown;control;2023-12-25 15:30:00+00:00;0.67;;
461101;unknown;control;2023-12-25 15:45:00+00:00;0.07;;
461101;unknown;control;2023-12-25 16:00:00+00:00;0.27;;
461101;unknown;control;2023-12-25 16:15:00+00:00;0.812;;
461101;unknown;control;2023-12-25 16:30:00+00:00;0.081;;
461101;unknown;control;2023-12-25 16:45:00+00:00;0.076;;
461101;unknown;control;2023-12-25 17:00:00+00:00;0.065;;
461101;unknown;control;2023-12-25 17:15:00+00:00;0.044;;
461101;unknown;control;2023-12-25 17:30:00+00:00;0.043;;
461101;unknown;control;2023-12-25 17:45:00+00:00;0.781;;
461101;unknown;control;2023-12-25 18:00:00+00:00;0.864;;
461101;unknown;control;2023-12-25 18:15:00+00:00;0.901;;
461101;unknown;control;2023-12-25 18:30:00+00:00;0.333;;
461101;unknown;control;2023-12-25 18:45:00+00:00;0.075;;
461101;unknown;control;2023-12-25 19:00:00+00:00;0.076;;
461101;unknown;control;2023-12-25 19:15:00+00:00;0.058;;
461101;unknown;control;2023-12-25 19:30:00+00:00;0.756;;
461101;unknown;control;2023-12-25 19:45:00+00:00;0.891;;
461101;unknown;control;2023-12-25 20:00:00+00:00;0.904;;
461101;unknown;control;2023-12-25 20:15:00+00:00;0.303;;
461101;unknown;control;2023-12-25 20:30:00+00:00;0.323;;
461101;unknown;control;2023-12-25 20:45:00+00:00;0.073;;
461101;unknown;control;2023-12-25 21:00:00+00:00;0.809;;
461101;unknown;control;2023-12-25 21:15:00+00:00;0.921;;
461101;unknown;control;2023-12-25 21:30:00+00:00;0.661;;
461101;unknown;control;2023-12-25 21:45:00+00:00;0.075;;
461101;unknown;control;2023-12-25 22:00:00+00:00;0.08;;
461101;unknown;control;2023-12-25 22:15:00+00:00;0.135;;
461101;unknown;control;2023-12-25 22:30:00+00:00;0.976;;
461101;unknown;control;2023-12-25 22:45:00+00:00;0.433;;
461101;unknown;control;2023-12-25 23:00:00+00:00;0.707;;
461101;unknown;control;2023-12-25 23:15:00+00:00;0.931;;
461101;unknown;control;2023-12-25 23:30:00+00:00;0.937;;
461101;unknown;control;2023-12-25 23:45:00+00:00;0.814;;
461101;unknown;control;2023-12-26 00:00:00+00:00;0.105;;
461101;unknown;control;2023-12-26 00:15:00+00:00;0.12;;
461101;unknown;control;2023-12-26 00:30:00+00:00;0.072;;
461101;unknown;control;2023-12-26 00:45:00+00:00;0.389;;
461101;unknown;control;2023-12-26 01:00:00+00:00;0.521;;
461101;unknown;control;2023-12-26 01:15:00+00:00;0.716;;
461101;unknown;control;2023-12-26 01:30:00+00:00;0.839;;
461101;unknown;control;2023-12-26 01:45:00+00:00;0.911;;
461101;unknown;control;2023-12-26 02:00:00+00:00;0.924;;
461101;unknown;control;2023-12-26 02:15:00+00:00;0.138;;
461101;unknown;control;2023-12-26 02:30:00+00:00;0.049;;
461101;unknown;control;2023-12-26 02:45:00+00:00;0.312;;
461101;unknown;control;2023-12-26 03:00:00+00:00;0.197;;
461101;unknown;control;2023-12-26 03:15:00+00:00;0.881;;
461101;unknown;control;2023-12-26 03:30:00+00:00;0.702;;
461101;unknown;control;2023-12-26 03:45:00+00:00;0.906;;
461101;unknown;control;2023-12-26 04:00:00+00:00;0.92;;
461101;unknown;control;2023-12-26 04:15:00+00:00;0.201;;
461101;unknown;control;2023-12-26 04:30:00+00:00;0.054;;
461101;unknown;control;2023-12-26 04:45:00+00:00;0.196;;
461101;unknown;control;2023-12-26 05:00:00+00:00;0.177;;
461101;unknown;control;2023-12-26 05:15:00+00:00;0.73;;
461101;unknown;control;2023-12-26 05:30:00+00:00;0.785;;
461101;unknown;control;2023-12-26 05:45:00+00:00;0.87;;
461101;unknown;control;2023-12-26 06:00:00+00:00;0.89;;
461101;unknown;control;2023-12-26 06:15:00+00:00;0.903;;
461101;unknown;control;2023-12-26 06:30:00+00:00;0.917;;
461101;unknown;control;2023-12-26 06:45:00+00:00;0.27;;
461101;unknown;control;2023-12-26 07:00:00+00:00;0.333;;
461101;unknown;control;2023-12-26 07:15:00+00:00;0.053;;
461101;unknown;control;2023-12-26 07:30:00+00:00;0.48;;
461101;unknown;control;2023-12-26 07:45:00+00:00;0.837;;
461101;unknown;control;2023-12-26 08:00:00+00:00;0.668;;
461101;unknown;control;2023-12-26 08:15:00+00:00;0.771;;
461101;unknown;control;2023-12-26 08:30:00+00:00;0.476;;
461101;unknown;control;2023-12-26 08:45:00+00:00;0.001;;
461101;unknown;control;2023-12-26 09:00:00+00:00;0.273;;
461101;unknown;control;2023-12-26 09:15:00+00:00;0.138;;
461101;unknown;control;2023-12-26 09:30:00+00:00;0.636;;
461101;unknown;control;2023-12-26 09:45:00+00:00;0.751;;
461101;unknown;control;2023-12-26 10:00:00+00:00;0.18;;
461101;unknown;control;2023-12-26 10:15:00+00:00;0.014;;
461101;unknown;control;2023-12-26 10:30:00+00:00;0.0;;
461101;unknown;control;2023-12-26 10:45:00+00:00;0.0;;
461101;unknown;control;2023-12-26 11:00:00+00:00;0.014;;
461101;unknown;control;2023-12-26 11:15:00+00:00;0.089;;
461101;unknown;control;2023-12-26 11:30:00+00:00;0.256;;
461101;unknown;control;2023-12-26 11:45:00+00:00;0.094;;
461101;unknown;control;2023-12-26 12:00:00+00:00;0.112;;
461101;unknown;control;2023-12-26 12:15:00+00:00;0.188;;
461101;unknown;control;2023-12-26 12:30:00+00:00;0.159;;
461101;unknown;control;2023-12-26 12:45:00+00:00;0.0;;
461101;unknown;control;2023-12-26 13:00:00+00:00;0.092;;
461101;unknown;control;2023-12-26 13:15:00+00:00;0.031;;
461101;unknown;control;2023-12-26 13:30:00+00:00;0.011;;
461101;unknown;control;2023-12-26 13:45:00+00:00;0.179;;
461101;unknown;control;2023-12-26 14:00:00+00:00;0.173;;
461101;unknown;control;2023-12-26 14:15:00+00:00;0.747;;
461101;unknown;control;2023-12-26 14:30:00+00:00;1.19;;
461101;unknown;control;2023-12-26 14:45:00+00:00;0.927;;
461101;unknown;control;2023-12-26 15:00:00+00:00;0.409;;
461101;unknown;control;2023-12-26 15:15:00+00:00;0.12;;
461101;unknown;control;2023-12-26 15:30:00+00:00;0.111;;
461101;unknown;control;2023-12-26 15:45:00+00:00;0.188;;
461101;unknown;control;2023-12-26 16:00:00+00:00;0.739;;
461101;unknown;control;2023-12-26 16:15:00+00:00;0.883;;
461101;unknown;control;2023-12-26 16:30:00+00:00;0.135;;
461101;unknown;control;2023-12-26 16:45:00+00:00;0.151;;
461101;unknown;control;2023-12-26 17:00:00+00:00;0.199;;
461101;unknown;control;2023-12-26 17:15:00+00:00;0.48;;
461101;unknown;control;2023-12-26 17:30:00+00:00;0.198;;
461101;unknown;control;2023-12-26 17:45:00+00:00;0.95;;
461101;unknown;control;2023-12-26 18:00:00+00:00;0.406;;
461101;unknown;control;2023-12-26 18:15:00+00:00;0.795;;
461101;unknown;control;2023-12-26 18:30:00+00:00;0.685;;
461101;unknown;control;2023-12-26 18:45:00+00:00;0.943;;
461101;unknown;control;2023-12-26 19:00:00+00:00;1.08;;
461101;unknown;control;2023-12-26 19:15:00+00:00;1.01;;
461101;unknown;control;2023-12-26 19:30:00+00:00;1.042;;
461101;unknown;control;2023-12-26 19:45:00+00:00;0.916;;
461101;unknown;control;2023-12-26 20:00:00+00:00;1.094;;
461101;unknown;control;2023-12-26 20:15:00+00:00;1.106;;
461101;unknown;control;2023-12-26 20:30:00+00:00;0.964;;
461101;unknown;control;2023-12-26 20:45:00+00:00;0.187;;
461101;unknown;control;2023-12-26 21:00:00+00:00;0.193;;
461101;unknown;control;2023-12-26 21:15:00+00:00;0.187;;
461101;unknown;control;2023-12-26 21:30:00+00:00;0.851;;
461101;unknown;control;2023-12-26 21:45:00+00:00;0.763;;
461101;unknown;control;2023-12-26 22:00:00+00:00;1.038;;
461101;unknown;control;2023-12-26 22:15:00+00:00;1.425;;
461101;unknown;control;2023-12-26 22:30:00+00:00;1.013;;
461101;unknown;control;2023-12-26 22:45:00+00:00;0.281;;
461101;unknown;control;2023-12-26 23:00:00+00:00;0.071;;
461101;unknown;control;2023-12-26 23:15:00+00:00;0.498;;
461101;unknown;control;2023-12-26 23:30:00+00:00;0.588;;
461101;unknown;control;2023-12-26 23:45:00+00:00;0.758;;
461101;unknown;control;2023-12-27 00:00:00+00:00;0.889;;
461101;unknown;control;2023-12-27 00:15:00+00:00;0.906;;
461101;unknown;control;2023-12-27 00:30:00+00:00;0.93;;
461101;unknown;control;2023-12-27 00:45:00+00:00;0.496;;
461101;unknown;control;2023-12-27 01:00:00+00:00;0.053;;
461101;unknown;control;2023-12-27 01:15:00+00:00;0.055;;
461101;unknown;control;2023-12-27 01:30:00+00:00;0.169;;
461101;unknown;control;2023-12-27 01:45:00+00:00;0.878;;
461101;unknown;control;2023-12-27 02:00:00+00:00;0.89;;
461101;unknown;control;2023-12-27 02:15:00+00:00;0.801;;
461101;unknown;control;2023-12-27 02:30:00+00:00;0.863;;
461101;unknown;control;2023-12-27 02:45:00+00:00;0.736;;
461101;unknown;control;2023-12-27 03:00:00+00:00;0.057;;
461101;unknown;control;2023-12-27 03:15:00+00:00;0.054;;
461101;unknown;control;2023-12-27 03:30:00+00:00;0.052;;
461101;unknown;control;2023-12-27 03:45:00+00:00;0.818;;
461101;unknown;control;2023-12-27 04:00:00+00:00;0.876;;
461101;unknown;control;2023-12-27 04:15:00+00:00;0.903;;
461101;unknown;control;2023-12-27 04:30:00+00:00;0.673;;
461101;unknown;control;2023-12-27 04:45:00+00:00;0.939;;
461101;unknown;control;2023-12-27 05:00:00+00:00;0.292;;
461101;unknown;control;2023-12-27 05:15:00+00:00;0.87;;
461101;unknown;control;2023-12-27 05:30:00+00:00;0.899;;
461101;unknown;control;2023-12-27 05:45:00+00:00;0.89;;
461101;unknown;control;2023-12-27 06:00:00+00:00;0.766;;
461101;unknown;control;2023-12-27 06:15:00+00:00;0.906;;
461101;unknown;control;2023-12-27 06:30:00+00:00;0.911;;
461101;unknown;control;2023-12-27 06:45:00+00:00;0.923;;
461101;unknown;control;2023-12-27 07:00:00+00:00;0.302;;
461101;unknown;control;2023-12-27 07:15:00+00:00;0.055;;
461101;unknown;control;2023-12-27 07:30:00+00:00;0.018;;
461101;unknown;control;2023-12-27 07:45:00+00:00;0.78;;
461101;unknown;control;2023-12-27 08:00:00+00:00;0.855;;
461101;unknown;control;2023-12-27 08:15:00+00:00;0.812;;
461101;unknown;control;2023-12-27 08:30:00+00:00;1.259;;
461101;unknown;control;2023-12-27 08:45:00+00:00;0.742;;
461101;unknown;control;2023-12-27 09:00:00+00:00;0.503;;
461101;unknown;control;2023-12-27 09:15:00+00:00;0.463;;
461101;unknown;control;2023-12-27 09:30:00+00:00;0.138;;
461101;unknown;control;2023-12-27 09:45:00+00:00;0.477;;
461101;unknown;control;2023-12-27 10:00:00+00:00;0.015;;
461101;unknown;control;2023-12-27 10:15:00+00:00;0.0;;
461101;unknown;control;2023-12-27 10:30:00+00:00;0.0;;
461101;unknown;control;2023-12-27 10:45:00+00:00;0.044;;
461101;unknown;control;2023-12-27 11:00:00+00:00;0.5;;
461101;unknown;control;2023-12-27 11:15:00+00:00;0.102;;
461101;unknown;control;2023-12-27 11:30:00+00:00;0.024;;
461101;unknown;control;2023-12-27 11:45:00+00:00;0.014;;
461101;unknown;control;2023-12-27 12:00:00+00:00;0.213;;
461101;unknown;control;2023-12-27 12:15:00+00:00;0.0;;
461101;unknown;control;2023-12-27 12:30:00+00:00;0.0;;
461101;unknown;control;2023-12-27 12:45:00+00:00;0.0;;
461101;unknown;control;2023-12-27 13:00:00+00:00;0.0;;
461101;unknown;control;2023-12-27 13:15:00+00:00;0.381;;
461101;unknown;control;2023-12-27 13:30:00+00:00;1.503;;
461101;unknown;control;2023-12-27 13:45:00+00:00;1.0;;
461101;unknown;control;2023-12-27 14:00:00+00:00;1.358;;
461101;unknown;control;2023-12-27 14:15:00+00:00;0.977;;
461101;unknown;control;2023-12-27 14:30:00+00:00;0.621;;
461101;unknown;control;2023-12-27 14:45:00+00:00;0.765;;
461101;unknown;control;2023-12-27 15:00:00+00:00;0.781;;
461101;unknown;control;2023-12-27 15:15:00+00:00;1.048;;
461101;unknown;control;2023-12-27 15:30:00+00:00;2.599;;
461101;unknown;control;2023-12-27 15:45:00+00:00;1.236;;
461101;unknown;control;2023-12-27 16:00:00+00:00;1.169;;
461101;unknown;control;2023-12-27 16:15:00+00:00;1.232;;
461101;unknown;control;2023-12-27 16:30:00+00:00;0.6;;
461101;unknown;control;2023-12-27 16:45:00+00:00;0.928;;
461101;unknown;control;2023-12-27 17:00:00+00:00;0.611;;
461101;unknown;control;2023-12-27 17:15:00+00:00;0.326;;
461101;unknown;control;2023-12-27 17:30:00+00:00;0.246;;
461101;unknown;control;2023-12-27 17:45:00+00:00;1.031;;
461101;unknown;control;2023-12-27 18:00:00+00:00;0.376;;
461101;unknown;control;2023-12-27 18:15:00+00:00;0.91;;
461101;unknown;control;2023-12-27 18:30:00+00:00;0.884;;
461101;unknown;control;2023-12-27 18:45:00+00:00;1.024;;
461101;unknown;control;2023-12-27 19:00:00+00:00;1.03;;
461101;unknown;control;2023-12-27 19:15:00+00:00;1.024;;
461101;unknown;control;2023-12-27 19:30:00+00:00;1.017;;
461101;unknown;control;2023-12-27 19:45:00+00:00;0.891;;
461101;unknown;control;2023-12-27 20:00:00+00:00;0.84;;
461101;unknown;control;2023-12-27 20:15:00+00:00;0.178;;
461101;unknown;control;2023-12-27 20:30:00+00:00;0.263;;
461101;unknown;control;2023-12-27 20:45:00+00:00;0.977;;
461101;unknown;control;2023-12-27 21:00:00+00:00;1.006;;
461101;unknown;control;2023-12-27 21:15:00+00:00;1.066;;
461101;unknown;control;2023-12-27 21:30:00+00:00;0.26;;
461101;unknown;control;2023-12-27 21:45:00+00:00;0.185;;
461101;unknown;control;2023-12-27 22:00:00+00:00;0.277;;
461101;unknown;control;2023-12-27 22:15:00+00:00;0.45;;
461101;unknown;control;2023-12-27 22:30:00+00:00;0.806;;
461101;unknown;control;2023-12-27 22:45:00+00:00;0.949;;
461101;unknown;control;2023-12-27 23:00:00+00:00;0.961;;
461101;unknown;control;2023-12-27 23:15:00+00:00;1.357;;
461101;unknown;control;2023-12-27 23:30:00+00:00;0.086;;
461101;unknown;control;2023-12-27 23:45:00+00:00;0.071;;
461101;unknown;control;2023-12-28 00:00:00+00:00;0.045;;
461101;unknown;control;2023-12-28 00:15:00+00:00;0.64;;
461101;unknown;control;2023-12-28 00:30:00+00:00;0.722;;
461101;unknown;control;2023-12-28 00:45:00+00:00;0.881;;
461101;unknown;control;2023-12-28 01:00:00+00:00;0.892;;
461101;unknown;control;2023-12-28 01:15:00+00:00;0.766;;
461101;unknown;control;2023-12-28 01:30:00+00:00;0.056;;
461101;unknown;control;2023-12-28 01:45:00+00:00;0.051;;
461101;unknown;control;2023-12-28 02:00:00+00:00;0.034;;
461101;unknown;control;2023-12-28 02:15:00+00:00;0.201;;
461101;unknown;control;2023-12-28 02:30:00+00:00;0.201;;
461101;unknown;control;2023-12-28 02:45:00+00:00;0.635;;
461101;unknown;control;2023-12-28 03:00:00+00:00;0.437;;
461101;unknown;control;2023-12-28 03:15:00+00:00;0.664;;
461101;unknown;control;2023-12-28 03:30:00+00:00;0.88;;
461101;unknown;control;2023-12-28 03:45:00+00:00;0.882;;
461101;unknown;control;2023-12-28 04:00:00+00:00;0.903;;
461101;unknown;control;2023-12-28 04:15:00+00:00;0.674;;
461101;unknown;control;2023-12-28 04:30:00+00:00;0.054;;
461101;unknown;control;2023-12-28 04:45:00+00:00;0.061;;
461101;unknown;control;2023-12-28 05:00:00+00:00;0.375;;
461101;unknown;control;2023-12-28 05:15:00+00:00;0.167;;
461101;unknown;control;2023-12-28 05:30:00+00:00;0.872;;
461101;unknown;control;2023-12-28 05:45:00+00:00;0.888;;
461101;unknown;control;2023-12-28 06:00:00+00:00;0.906;;
461101;unknown;control;2023-12-28 06:15:00+00:00;0.913;;
461101;unknown;control;2023-12-28 06:30:00+00:00;0.518;;
461101;unknown;control;2023-12-28 06:45:00+00:00;0.06;;
461101;unknown;control;2023-12-28 07:00:00+00:00;0.135;;
461101;unknown;control;2023-12-28 07:15:00+00:00;0.39;;
461101;unknown;control;2023-12-28 07:30:00+00:00;0.631;;
461101;unknown;control;2023-12-28 07:45:00+00:00;0.805;;
461101;unknown;control;2023-12-28 08:00:00+00:00;0.789;;
461101;unknown;control;2023-12-28 08:15:00+00:00;0.819;;
461101;unknown;control;2023-12-28 08:30:00+00:00;0.202;;
461101;unknown;control;2023-12-28 08:45:00+00:00;0.275;;
461101;unknown;control;2023-12-28 09:00:00+00:00;0.535;;
461101;unknown;control;2023-12-28 09:15:00+00:00;0.433;;
461101;unknown;control;2023-12-28 09:30:00+00:00;0.258;;
461101;unknown;control;2023-12-28 09:45:00+00:00;0.692;;
461101;unknown;control;2023-12-28 10:00:00+00:00;0.013;;
461101;unknown;control;2023-12-28 10:15:00+00:00;0.053;;
461101;unknown;control;2023-12-28 10:30:00+00:00;0.122;;
461101;unknown;control;2023-12-28 10:45:00+00:00;0.125;;
461101;unknown;control;2023-12-28 11:00:00+00:00;0.451;;
461101;unknown;control;2023-12-28 11:15:00+00:00;0.3;;
461101;unknown;control;2023-12-28 11:30:00+00:00;0.459;;
461101;unknown;control;2023-12-28 11:45:00+00:00;0.223;;
461101;unknown;control;2023-12-28 12:00:00+00:00;0.645;;
461101;unknown;control;2023-12-28 12:15:00+00:00;0.312;;
461101;unknown;control;2023-12-28 12:30:00+00:00;0.0;;
461101;unknown;control;2023-12-28 12:45:00+00:00;0.0;;
461101;unknown;control;2023-12-28 13:00:00+00:00;0.008;;
461101;unknown;control;2023-12-28 13:15:00+00:00;0.408;;
461101;unknown;control;2023-12-28 13:30:00+00:00;0.8;;
461101;unknown;control;2023-12-28 13:45:00+00:00;0.22;;
461101;unknown;control;2023-12-28 14:00:00+00:00;0.001;;
461101;unknown;control;2023-12-28 14:15:00+00:00;0.005;;
461101;unknown;control;2023-12-28 14:30:00+00:00;0.375;;
461101;unknown;control;2023-12-28 14:45:00+00:00;0.854;;
461101;unknown;control;2023-12-28 15:00:00+00:00;0.917;;
461101;unknown;control;2023-12-28 15:15:00+00:00;0.885;;
461101;unknown;control;2023-12-28 15:30:00+00:00;0.262;;
461101;unknown;control;2023-12-28 15:45:00+00:00;0.387;;
461101;unknown;control;2023-12-28 16:00:00+00:00;0.092;;
461101;unknown;control;2023-12-28 16:15:00+00:00;0.799;;
461101;unknown;control;2023-12-28 16:30:00+00:00;0.091;;
461101;unknown;control;2023-12-28 16:45:00+00:00;0.064;;
461101;unknown;control;2023-12-28 17:00:00+00:00;0.04;;
461101;unknown;control;2023-12-28 17:15:00+00:00;0.041;;
461101;unknown;control;2023-12-28 17:30:00+00:00;0.052;;
461101;unknown;control;2023-12-28 17:45:00+00:00;0.731;;
461101;unknown;control;2023-12-28 18:00:00+00:00;0.387;;
461101;unknown;control;2023-12-28 18:15:00+00:00;0.863;;
461101;unknown;control;2023-12-28 18:30:00+00:00;0.887;;
461101;unknown;control;2023-12-28 18:45:00+00:00;0.709;;
461101;unknown;control;2023-12-28 19:00:00+00:00;0.063;;
461101;unknown;control;2023-12-28 19:15:00+00:00;0.063;;
461101;unknown;control;2023-12-28 19:30:00+00:00;0.045;;
461101;unknown;control;2023-12-28 19:45:00+00:00;0.626;;
461101;unknown;control;2023-12-28 20:00:00+00:00;0.348;;
461101;unknown;control;2023-12-28 20:15:00+00:00;0.911;;
461101;unknown;control;2023-12-28 20:30:00+00:00;1.01;;
461101;unknown;control;2023-12-28 20:45:00+00:00;0.533;;
461101;unknown;control;2023-12-28 21:00:00+00:00;0.085;;
461101;unknown;control;2023-12-28 21:15:00+00:00;0.072;;
461101;unknown;control;2023-12-28 21:30:00+00:00;0.061;;
461101;unknown;control;2023-12-28 21:45:00+00:00;0.065;;
461101;unknown;control;2023-12-28 22:00:00+00:00;0.639;;
461101;unknown;control;2023-12-28 22:15:00+00:00;0.567;;
461101;unknown;control;2023-12-28 22:30:00+00:00;0.56;;
461101;unknown;control;2023-12-28 22:45:00+00:00;0.869;;
461101;unknown;control;2023-12-28 23:00:00+00:00;0.943;;
461101;unknown;control;2023-12-28 23:15:00+00:00;0.495;;
461101;unknown;control;2023-12-28 23:30:00+00:00;0.091;;
461101;unknown;control;2023-12-28 23:45:00+00:00;0.075;;
461101;unknown;control;2023-12-29 00:00:00+00:00;0.084;;
461101;unknown;control;2023-12-29 00:15:00+00:00;0.298;;
461101;unknown;control;2023-12-29 00:30:00+00:00;0.168;;
461101;unknown;control;2023-12-29 00:45:00+00:00;0.711;;
461101;unknown;control;2023-12-29 01:00:00+00:00;0.832;;
461101;unknown;control;2023-12-29 01:15:00+00:00;0.869;;
461101;unknown;control;2023-12-29 01:30:00+00:00;0.784;;
461101;unknown;control;2023-12-29 01:45:00+00:00;0.048;;
461101;unknown;control;2023-12-29 02:00:00+00:00;0.046;;
461101;unknown;control;2023-12-29 02:15:00+00:00;0.033;;
461101;unknown;control;2023-12-29 02:30:00+00:00;0.335;;
461101;unknown;control;2023-12-29 02:45:00+00:00;0.491;;
461101;unknown;control;2023-12-29 03:00:00+00:00;0.829;;
461101;unknown;control;2023-12-29 03:15:00+00:00;0.759;;
461101;unknown;control;2023-12-29 03:30:00+00:00;0.897;;
461101;unknown;control;2023-12-29 03:45:00+00:00;0.344;;
461101;unknown;control;2023-12-29 04:00:00+00:00;0.053;;
461101;unknown;control;2023-12-29 04:15:00+00:00;0.034;;
461101;unknown;control;2023-12-29 04:30:00+00:00;0.292;;
461101;unknown;control;2023-12-29 04:45:00+00:00;0.223;;
461101;unknown;control;2023-12-29 05:00:00+00:00;0.866;;
461101;unknown;control;2023-12-29 05:15:00+00:00;0.87;;
461101;unknown;control;2023-12-29 05:30:00+00:00;0.716;;
461101;unknown;control;2023-12-29 05:45:00+00:00;0.899;;
461101;unknown;control;2023-12-29 06:00:00+00:00;0.236;;
461101;unknown;control;2023-12-29 06:15:00+00:00;0.057;;
461101;unknown;control;2023-12-29 06:30:00+00:00;0.24;;
461101;unknown;control;2023-12-29 06:45:00+00:00;0.105;;
461101;unknown;control;2023-12-29 07:00:00+00:00;0.784;;
461101;unknown;control;2023-12-29 07:15:00+00:00;0.886;;
461101;unknown;control;2023-12-29 07:30:00+00:00;0.822;;
461101;unknown;control;2023-12-29 07:45:00+00:00;0.239;;
461101;unknown;control;2023-12-29 08:00:00+00:00;0.102;;
461101;unknown;control;2023-12-29 08:15:00+00:00;0.053;;
461101;unknown;control;2023-12-29 08:30:00+00:00;0.041;;
461101;unknown;control;2023-12-29 08:45:00+00:00;0.783;;
461101;unknown;control;2023-12-29 09:00:00+00:00;0.753;;
461101;unknown;control;2023-12-29 09:15:00+00:00;0.468;;
461101;unknown;control;2023-12-29 09:30:00+00:00;0.879;;
461101;unknown;control;2023-12-29 09:45:00+00:00;0.837;;
461101;unknown;control;2023-12-29 10:00:00+00:00;0.11;;
461101;unknown;control;2023-12-29 10:15:00+00:00;0.001;;
461101;unknown;control;2023-12-29 10:30:00+00:00;0.002;;
461101;unknown;control;2023-12-29 10:45:00+00:00;0.001;;
461101;unknown;control;2023-12-29 11:00:00+00:00;0.074;;
461101;unknown;control;2023-12-29 11:15:00+00:00;0.121;;
461101;unknown;control;2023-12-29 11:30:00+00:00;0.146;;
461101;unknown;control;2023-12-29 11:45:00+00:00;0.134;;
461101;unknown;control;2023-12-29 12:00:00+00:00;0.476;;
461101;unknown;control;2023-12-29 12:15:00+00:00;0.048;;
461101;unknown;control;2023-12-29 12:30:00+00:00;0.0;;
461101;unknown;control;2023-12-29 12:45:00+00:00;0.0;;
461101;unknown;control;2023-12-29 13:00:00+00:00;0.0;;
461101;unknown;control;2023-12-29 13:15:00+00:00;0.0;;
461101;unknown;control;2023-12-29 13:30:00+00:00;0.204;;
461101;unknown;control;2023-12-29 13:45:00+00:00;0.357;;
461101;unknown;control;2023-12-29 14:00:00+00:00;0.14;;
461101;unknown;control;2023-12-29 14:15:00+00:00;0.605;;
461101;unknown;control;2023-12-29 14:30:00+00:00;1.061;;
461101;unknown;control;2023-12-29 14:45:00+00:00;0.086;;
461101;unknown;control;2023-12-29 15:00:00+00:00;0.143;;
461101;unknown;control;2023-12-29 15:15:00+00:00;0.157;;
461101;unknown;control;2023-12-29 15:30:00+00:00;0.142;;
461101;unknown;control;2023-12-29 15:45:00+00:00;0.222;;
461101;unknown;control;2023-12-29 16:00:00+00:00;0.522;;
461101;unknown;control;2023-12-29 16:15:00+00:00;1.005;;
461101;unknown;control;2023-12-29 16:30:00+00:00;0.387;;
461101;unknown;control;2023-12-29 16:45:00+00:00;0.204;;
461101;unknown;control;2023-12-29 17:00:00+00:00;0.209;;
461101;unknown;control;2023-12-29 17:15:00+00:00;0.193;;
461101;unknown;control;2023-12-29 17:30:00+00:00;0.236;;
461101;unknown;control;2023-12-29 17:45:00+00:00;1.001;;
461101;unknown;control;2023-12-29 18:00:00+00:00;1.071;;
461101;unknown;control;2023-12-29 18:15:00+00:00;0.564;;
461101;unknown;control;2023-12-29 18:30:00+00:00;1.06;;
461101;unknown;control;2023-12-29 18:45:00+00:00;0.463;;
461101;unknown;control;2023-12-29 19:00:00+00:00;0.345;;
461101;unknown;control;2023-12-29 19:15:00+00:00;0.194;;
461101;unknown;control;2023-12-29 19:30:00+00:00;0.905;;
461101;unknown;control;2023-12-29 19:45:00+00:00;1.445;;
461101;unknown;control;2023-12-29 20:00:00+00:00;0.683;;
461101;unknown;control;2023-12-29 20:15:00+00:00;0.484;;
461101;unknown;control;2023-12-29 20:30:00+00:00;0.214;;
461101;unknown;control;2023-12-29 20:45:00+00:00;0.421;;
461101;unknown;control;2023-12-29 21:00:00+00:00;0.509;;
461101;unknown;control;2023-12-29 21:15:00+00:00;0.848;;
461101;unknown;control;2023-12-29 21:30:00+00:00;1.016;;
461101;unknown;control;2023-12-29 21:45:00+00:00;0.573;;
461101;unknown;control;2023-12-29 22:00:00+00:00;0.122;;
461101;unknown;control;2023-12-29 22:15:00+00:00;0.392;;
461101;unknown;control;2023-12-29 22:30:00+00:00;0.079;;
461101;unknown;control;2023-12-29 22:45:00+00:00;0.298;;
461101;unknown;control;2023-12-29 23:00:00+00:00;0.849;;
461101;unknown;control;2023-12-29 23:15:00+00:00;0.88;;
461101;unknown;control;2023-12-29 23:30:00+00:00;0.149;;
461101;unknown;control;2023-12-29 23:45:00+00:00;0.055;;
461101;unknown;control;2023-12-30 00:00:00+00:00;0.033;;
461101;unknown;control;2023-12-30 00:15:00+00:00;0.336;;
461101;unknown;control;2023-12-30 00:30:00+00:00;0.1;;
461101;unknown;control;2023-12-30 00:45:00+00:00;0.877;;
461101;unknown;control;2023-12-30 01:00:00+00:00;0.699;;
461101;unknown;control;2023-12-30 01:15:00+00:00;0.364;;
461101;unknown;control;2023-12-30 01:30:00+00:00;0.05;;
461101;unknown;control;2023-12-30 01:45:00+00:00;0.036;;
461101;unknown;control;2023-12-30 02:00:00+00:00;0.098;;
461101;unknown;control;2023-12-30 02:15:00+00:00;0.844;;
461101;unknown;control;2023-12-30 02:30:00+00:00;0.356;;
461101;unknown;control;2023-12-30 02:45:00+00:00;0.826;;
461101;unknown;control;2023-12-30 03:00:00+00:00;0.882;;
461101;unknown;control;2023-12-30 03:15:00+00:00;0.074;;
461101;unknown;control;2023-12-30 03:30:00+00:00;0.053;;
461101;unknown;control;2023-12-30 03:45:00+00:00;0.034;;
461101;unknown;control;2023-12-30 04:00:00+00:00;0.032;;
461101;unknown;control;2023-12-30 04:15:00+00:00;0.194;;
461101;unknown;control;2023-12-30 04:30:00+00:00;0.681;;
461101;unknown;control;2023-12-30 04:45:00+00:00;0.376;;
461101;unknown;control;2023-12-30 05:00:00+00:00;0.788;;
461101;unknown;control;2023-12-30 05:15:00+00:00;0.884;;
461101;unknown;control;2023-12-30 05:30:00+00:00;0.894;;
461101;unknown;control;2023-12-30 05:45:00+00:00;0.262;;
461101;unknown;control;2023-12-30 06:00:00+00:00;0.051;;
461101;unknown;control;2023-12-30 06:15:00+00:00;0.04;;
461101;unknown;control;2023-12-30 06:30:00+00:00;0.058;;
461101;unknown;control;2023-12-30 06:45:00+00:00;0.402;;
461101;unknown;control;2023-12-30 07:00:00+00:00;0.301;;
461101;unknown;control;2023-12-30 07:15:00+00:00;0.687;;
461101;unknown;control;2023-12-30 07:30:00+00:00;0.935;;
461101;unknown;control;2023-12-30 07:45:00+00:00;0.931;;
461101;unknown;control;2023-12-30 08:00:00+00:00;0.918;;
461101;unknown;control;2023-12-30 08:15:00+00:00;0.718;;
461101;unknown;control;2023-12-30 08:30:00+00:00;0.03;;
461101;unknown;control;2023-12-30 08:45:00+00:00;0.162;;
461101;unknown;control;2023-12-30 09:00:00+00:00;0.445;;
461101;unknown;control;2023-12-30 09:15:00+00:00;0.558;;
461101;unknown;control;2023-12-30 09:30:00+00:00;0.159;;
461101;unknown;control;2023-12-30 09:45:00+00:00;0.382;;
461101;unknown;control;2023-12-30 10:00:00+00:00;0.098;;
461101;unknown;control;2023-12-30 10:15:00+00:00;0.004;;
461101;unknown;control;2023-12-30 10:30:00+00:00;0.003;;
461101;unknown;control;2023-12-30 10:45:00+00:00;0.0;;
461101;unknown;control;2023-12-30 11:00:00+00:00;0.0;;
461101;unknown;control;2023-12-30 11:15:00+00:00;0.0;;
461101;unknown;control;2023-12-30 11:30:00+00:00;0.0;;
461101;unknown;control;2023-12-30 11:45:00+00:00;0.001;;
461101;unknown;control;2023-12-30 12:00:00+00:00;0.046;;
461101;unknown;control;2023-12-30 12:15:00+00:00;0.0;;
461101;unknown;control;2023-12-30 12:30:00+00:00;0.0;;
461101;unknown;control;2023-12-30 12:45:00+00:00;0.0;;
461101;unknown;control;2023-12-30 13:00:00+00:00;0.0;;
461101;unknown;control;2023-12-30 13:15:00+00:00;0.0;;
461101;unknown;control;2023-12-30 13:30:00+00:00;0.001;;
461101;unknown;control;2023-12-30 13:45:00+00:00;0.158;;
461101;unknown;control;2023-12-30 14:00:00+00:00;0.235;;
461101;unknown;control;2023-12-30 14:15:00+00:00;0.522;;
461101;unknown;control;2023-12-30 14:30:00+00:00;0.0;;
461101;unknown;control;2023-12-30 14:45:00+00:00;0.0;;
461101;unknown;control;2023-12-30 15:00:00+00:00;0.0;;
461101;unknown;control;2023-12-30 15:15:00+00:00;0.012;;
461101;unknown;control;2023-12-30 15:30:00+00:00;0.59;;
461101;unknown;control;2023-12-30 15:45:00+00:00;0.688;;
461101;unknown;control;2023-12-30 16:00:00+00:00;0.302;;
461101;unknown;control;2023-12-30 16:15:00+00:00;0.845;;
461101;unknown;control;2023-12-30 16:30:00+00:00;0.85;;
461101;unknown;control;2023-12-30 16:45:00+00:00;0.662;;
461101;unknown;control;2023-12-30 17:00:00+00:00;0.055;;
461101;unknown;control;2023-12-30 17:15:00+00:00;0.054;;
461101;unknown;control;2023-12-30 17:30:00+00:00;0.038;;
461101;unknown;control;2023-12-30 17:45:00+00:00;0.059;;
461101;unknown;control;2023-12-30 18:00:00+00:00;0.405;;
461101;unknown;control;2023-12-30 18:15:00+00:00;0.594;;
461101;unknown;control;2023-12-30 18:30:00+00:00;0.666;;
461101;unknown;control;2023-12-30 18:45:00+00:00;0.864;;
461101;unknown;control;2023-12-30 19:00:00+00:00;0.886;;
461101;unknown;control;2023-12-30 19:15:00+00:00;0.879;;
461101;unknown;control;2023-12-30 19:30:00+00:00;0.054;;
461101;unknown;control;2023-12-30 19:45:00+00:00;0.049;;
461101;unknown;control;2023-12-30 20:00:00+00:00;0.302;;
461101;unknown;control;2023-12-30 20:15:00+00:00;0.243;;
461101;unknown;control;2023-12-30 20:30:00+00:00;0.723;;
461101;unknown;control;2023-12-30 20:45:00+00:00;0.834;;
461101;unknown;control;2023-12-30 21:00:00+00:00;0.894;;
461101;unknown;control;2023-12-30 21:15:00+00:00;0.928;;
461101;unknown;control;2023-12-30 21:30:00+00:00;0.08;;
461101;unknown;control;2023-12-30 21:45:00+00:00;0.055;;
461101;unknown;control;2023-12-30 22:00:00+00:00;0.251;;
461101;unknown;control;2023-12-30 22:15:00+00:00;0.095;;
461101;unknown;control;2023-12-30 22:30:00+00:00;0.773;;
461101;unknown;control;2023-12-30 22:45:00+00:00;0.749;;
461101;unknown;control;2023-12-30 23:00:00+00:00;0.862;;
461101;unknown;control;2023-12-30 23:15:00+00:00;0.907;;
461101;unknown;control;2023-12-30 23:30:00+00:00;0.601;;
461101;unknown;control;2023-12-30 23:45:00+00:00;0.048;;
461101;unknown;control;2023-12-31 00:00:00+00:00;0.037;;
461101;unknown;control;2023-12-31 00:15:00+00:00;0.302;;
461101;unknown;control;2023-12-31 00:30:00+00:00;0.555;;
461101;unknown;control;2023-12-31 00:45:00+00:00;0.883;;
461101;unknown;control;2023-12-31 01:00:00+00:00;0.9;;
461101;unknown;control;2023-12-31 01:15:00+00:00;0.726;;
461101;unknown;control;2023-12-31 01:30:00+00:00;0.113;;
461101;unknown;control;2023-12-31 01:45:00+00:00;0.055;;
461101;unknown;control;2023-12-31 02:00:00+00:00;0.04;;
461101;unknown;control;2023-12-31 02:15:00+00:00;0.54;;
461101;unknown;control;2023-12-31 02:30:00+00:00;0.548;;
461101;unknown;control;2023-12-31 02:45:00+00:00;0.868;;
461101;unknown;control;2023-12-31 03:00:00+00:00;0.895;;
461101;unknown;control;2023-12-31 03:15:00+00:00;0.917;;
461101;unknown;control;2023-12-31 03:30:00+00:00;0.609;;
461101;unknown;control;2023-12-31 03:45:00+00:00;0.051;;
461101;unknown;control;2023-12-31 04:00:00+00:00;0.044;;
461101;unknown;control;2023-12-31 04:15:00+00:00;0.343;;
461101;unknown;control;2023-12-31 04:30:00+00:00;0.08;;
461101;unknown;control;2023-12-31 04:45:00+00:00;0.864;;
461101;unknown;control;2023-12-31 05:00:00+00:00;0.879;;
461101;unknown;control;2023-12-31 05:15:00+00:00;0.896;;
461101;unknown;control;2023-12-31 05:30:00+00:00;0.92;;
461101;unknown;control;2023-12-31 05:45:00+00:00;0.604;;
461101;unknown;control;2023-12-31 06:00:00+00:00;0.059;;
461101;unknown;control;2023-12-31 06:15:00+00:00;0.05;;
461101;unknown;control;2023-12-31 06:30:00+00:00;0.311;;
461101;unknown;control;2023-12-31 06:45:00+00:00;0.559;;
461101;unknown;control;2023-12-31 07:00:00+00:00;0.835;;
461101;unknown;control;2023-12-31 07:15:00+00:00;0.847;;
461101;unknown;control;2023-12-31 07:30:00+00:00;0.817;;
461101;unknown;control;2023-12-31 07:45:00+00:00;0.68;;
461101;unknown;control;2023-12-31 08:00:00+00:00;0.758;;
461101;unknown;control;2023-12-31 08:15:00+00:00;0.731;;
461101;unknown;control;2023-12-31 08:30:00+00:00;0.434;;
461101;unknown;control;2023-12-31 08:45:00+00:00;0.474;;
461101;unknown;control;2023-12-31 09:00:00+00:00;0.676;;
461101;unknown;control;2023-12-31 09:15:00+00:00;0.633;;
461101;unknown;control;2023-12-31 09:30:00+00:00;0.472;;
461101;unknown;control;2023-12-31 09:45:00+00:00;0.562;;
461101;unknown;control;2023-12-31 10:00:00+00:00;0.311;;
461101;unknown;control;2023-12-31 10:15:00+00:00;0.0;;
461101;unknown;control;2023-12-31 10:30:00+00:00;0.019;;
461101;unknown;control;2023-12-31 10:45:00+00:00;0.0;;
461101;unknown;control;2023-12-31 11:00:00+00:00;0.0;;
461101;unknown;control;2023-12-31 11:15:00+00:00;0.0;;
461101;unknown;control;2023-12-31 11:30:00+00:00;0.053;;
461101;unknown;control;2023-12-31 11:45:00+00:00;0.164;;
461101;unknown;control;2023-12-31 12:00:00+00:00;0.32;;
461101;unknown;control;2023-12-31 12:15:00+00:00;0.052;;
461101;unknown;control;2023-12-31 12:30:00+00:00;0.057;;
461101;unknown;control;2023-12-31 12:45:00+00:00;0.058;;
461101;unknown;control;2023-12-31 13:00:00+00:00;0.0;;
461101;unknown;control;2023-12-31 13:15:00+00:00;0.0;;
461101;unknown;control;2023-12-31 13:30:00+00:00;0.33;;
461101;unknown;control;2023-12-31 13:45:00+00:00;0.578;;
461101;unknown;control;2023-12-31 14:00:00+00:00;0.68;;
461101;unknown;control;2023-12-31 14:15:00+00:00;0.906;;
461101;unknown;control;2023-12-31 14:30:00+00:00;0.323;;
461101;unknown;control;2023-12-31 14:45:00+00:00;0.287;;
461101;unknown;control;2023-12-31 15:00:00+00:00;0.045;;
461101;unknown;control;2023-12-31 15:15:00+00:00;0.093;;
461101;unknown;control;2023-12-31 15:30:00+00:00;0.873;;
461101;unknown;control;2023-12-31 15:45:00+00:00;0.894;;
461101;unknown;control;2023-12-31 16:00:00+00:00;0.863;;
461101;unknown;control;2023-12-31 16:15:00+00:00;0.251;;
461101;unknown;control;2023-12-31 16:30:00+00:00;0.052;;
461101;unknown;control;2023-12-31 16:45:00+00:00;0.303;;
461101;unknown;control;2023-12-31 17:00:00+00:00;0.268;;
461101;unknown;control;2023-12-31 17:15:00+00:00;0.876;;
461101;unknown;control;2023-12-31 17:30:00+00:00;0.897;;
461101;unknown;control;2023-12-31 17:45:00+00:00;0.7;;
461101;unknown;control;2023-12-31 18:00:00+00:00;0.046;;
461101;unknown;control;2023-12-31 18:15:00+00:00;0.045;;
461101;unknown;control;2023-12-31 18:30:00+00:00;0.034;;
461101;unknown;control;2023-12-31 18:45:00+00:00;0.298;;
461101;unknown;control;2023-12-31 19:00:00+00:00;0.079;;
461101;unknown;control;2023-12-31 19:15:00+00:00;0.803;;
461101;unknown;control;2023-12-31 19:30:00+00:00;0.734;;
461101;unknown;control;2023-12-31 19:45:00+00:00;0.894;;
461101;unknown;control;2023-12-31 20:00:00+00:00;0.912;;
461101;unknown;control;2023-12-31 20:15:00+00:00;0.311;;
461101;unknown;control;2023-12-31 20:30:00+00:00;0.048;;
461101;unknown;control;2023-12-31 20:45:00+00:00;0.036;;
461101;unknown;control;2023-12-31 21:00:00+00:00;0.304;;
461101;unknown;control;2023-12-31 21:15:00+00:00;0.586;;
461101;unknown;control;2023-12-31 21:30:00+00:00;0.788;;
461101;unknown;control;2023-12-31 21:45:00+00:00;0.802;;
461101;unknown;control;2023-12-31 22:00:00+00:00;0.91;;
461101;unknown;control;2023-12-31 22:15:00+00:00;0.599;;
461101;unknown;control;2023-12-31 22:30:00+00:00;0.052;;
461101;unknown;control;2023-12-31 22:45:00+00:00;0.04;;
461101;unknown;control;2023-12-31 23:00:00+00:00;0.294;;
461101;unknown;control;2023-12-31 23:15:00+00:00;0.336;;
461101;unknown;control;2023-12-31 23:30:00+00:00;0.877;;
461101;unknown;control;2023-12-31 23:45:00+00:00;0.718;;
461101;unknown;control;2024-01-01 00:00:00+00:00;0.886;;
461101;unknown;control;2024-01-01 00:15:00+00:00;0.776;;
461101;unknown;control;2024-01-01 00:30:00+00:00;0.047;;
461101;unknown;control;2024-01-01 00:45:00+00:00;0.039;;
461101;unknown;control;2024-01-01 01:00:00+00:00;0.286;;
461101;unknown;control;2024-01-01 01:15:00+00:00;0.095;;
461101;unknown;control;2024-01-01 01:30:00+00:00;0.881;;
461101;unknown;control;2024-01-01 01:45:00+00:00;0.889;;
461101;unknown;control;2024-01-01 02:00:00+00:00;0.682;;
461101;unknown;control;2024-01-01 02:15:00+00:00;0.475;;
461101;unknown;control;2024-01-01 02:30:00+00:00;0.044;;
461101;unknown;control;2024-01-01 02:45:00+00:00;0.038;;
461101;unknown;control;2024-01-01 03:00:00+00:00;0.328;;
461101;unknown;control;2024-01-01 03:15:00+00:00;0.226;;
461101;unknown;control;2024-01-01 03:30:00+00:00;0.865;;
461101;unknown;control;2024-01-01 03:45:00+00:00;0.882;;
461101;unknown;control;2024-01-01 04:00:00+00:00;0.907;;
461101;unknown;control;2024-01-01 04:15:00+00:00;0.674;;
461101;unknown;control;2024-01-01 04:30:00+00:00;0.049;;
461101;unknown;control;2024-01-01 04:45:00+00:00;0.048;;
461101;unknown;control;2024-01-01 05:00:00+00:00;0.029;;
461101;unknown;control;2024-01-01 05:15:00+00:00;0.349;;
461101;unknown;control;2024-01-01 05:30:00+00:00;0.425;;
461101;unknown;control;2024-01-01 05:45:00+00:00;0.828;;
461101;unknown;control;2024-01-01 06:00:00+00:00;0.841;;
461101;unknown;control;2024-01-01 06:15:00+00:00;0.852;;
461101;unknown;control;2024-01-01 06:30:00+00:00;0.751;;
461101;unknown;control;2024-01-01 06:45:00+00:00;0.809;;
461101;unknown;control;2024-01-01 07:00:00+00:00;0.894;;
461101;unknown;control;2024-01-01 07:15:00+00:00;0.718;;
461101;unknown;control;2024-01-01 07:30:00+00:00;0.45;;
461101;unknown;control;2024-01-01 07:45:00+00:00;0.869;;
461101;unknown;control;2024-01-01 08:00:00+00:00;0.633;;
461101;unknown;control;2024-01-01 08:15:00+00:00;0.463;;
461101;unknown;control;2024-01-01 08:30:00+00:00;0.0;;
461101;unknown;control;2024-01-01 08:45:00+00:00;0.0;;
461101;unknown;control;2024-01-01 09:00:00+00:00;0.0;;
461101;unknown;control;2024-01-01 09:15:00+00:00;0.153;;
461101;unknown;control;2024-01-01 09:30:00+00:00;0.072;;
461101;unknown;control;2024-01-01 09:45:00+00:00;0.54;;
461101;unknown;control;2024-01-01 10:00:00+00:00;0.013;;
461101;unknown;control;2024-01-01 10:15:00+00:00;0.0;;
461101;unknown;control;2024-01-01 10:30:00+00:00;0.0;;
461101;unknown;control;2024-01-01 10:45:00+00:00;0.0;;
461101;unknown;control;2024-01-01 11:00:00+00:00;0.002;;
461101;unknown;control;2024-01-01 11:15:00+00:00;0.062;;
461101;unknown;control;2024-01-01 11:30:00+00:00;0.051;;
461101;unknown;control;2024-01-01 11:45:00+00:00;0.004;;
461101;unknown;control;2024-01-01 12:00:00+00:00;0.006;;
461101;unknown;control;2024-01-01 12:15:00+00:00;0.0;;
461101;unknown;control;2024-01-01 12:30:00+00:00;0.0;;
461101;unknown;control;2024-01-01 12:45:00+00:00;0.163;;
461101;unknown;control;2024-01-01 13:00:00+00:00;0.442;;
461101;unknown;control;2024-01-01 13:15:00+00:00;0.54;;
461101;unknown;control;2024-01-01 13:30:00+00:00;0.193;;
461101;unknown;control;2024-01-01 13:45:00+00:00;0.0;;
461101;unknown;control;2024-01-01 14:00:00+00:00;0.166;;
461101;unknown;control;2024-01-01 14:15:00+00:00;0.0;;
461101;unknown;control;2024-01-01 14:30:00+00:00;0.0;;
461101;unknown;control;2024-01-01 14:45:00+00:00;0.669;;
461101;unknown;control;2024-01-01 15:00:00+00:00;0.788;;
461101;unknown;control;2024-01-01 15:15:00+00:00;0.672;;
461101;unknown;control;2024-01-01 15:30:00+00:00;0.065;;
461101;unknown;control;2024-01-01 15:45:00+00:00;0.055;;
461101;unknown;control;2024-01-01 16:00:00+00:00;0.292;;
461101;unknown;control;2024-01-01 16:15:00+00:00;0.154;;
461101;unknown;control;2024-01-01 16:30:00+00:00;0.078;;
461101;unknown;control;2024-01-01 16:45:00+00:00;0.061;;
461101;unknown;control;2024-01-01 17:00:00+00:00;0.035;;
461101;unknown;control;2024-01-01 17:15:00+00:00;0.032;;
461101;unknown;control;2024-01-01 17:30:00+00:00;0.033;;
461101;unknown;control;2024-01-01 17:45:00+00:00;0.741;;
461101;unknown;control;2024-01-01 18:00:00+00:00;0.81;;
461101;unknown;control;2024-01-01 18:15:00+00:00;0.299;;
461101;unknown;control;2024-01-01 18:30:00+00:00;0.837;;
461101;unknown;control;2024-01-01 18:45:00+00:00;0.769;;
461101;unknown;control;2024-01-01 19:00:00+00:00;0.866;;
461101;unknown;control;2024-01-01 19:15:00+00:00;0.895;;
461101;unknown;control;2024-01-01 19:30:00+00:00;0.676;;
461101;unknown;control;2024-01-01 19:45:00+00:00;0.052;;
461101;unknown;control;2024-01-01 20:00:00+00:00;0.046;;
461101;unknown;control;2024-01-01 20:15:00+00:00;0.291;;
461101;unknown;control;2024-01-01 20:30:00+00:00;0.486;;
461101;unknown;control;2024-01-01 20:45:00+00:00;0.886;;
461101;unknown;control;2024-01-01 21:00:00+00:00;0.915;;
461101;unknown;control;2024-01-01 21:15:00+00:00;0.441;;
461101;unknown;control;2024-01-01 21:30:00+00:00;0.051;;
461101;unknown;control;2024-01-01 21:45:00+00:00;0.035;;
461101;unknown;control;2024-01-01 22:00:00+00:00;0.027;;
461101;unknown;control;2024-01-01 22:15:00+00:00;0.498;;
461101;unknown;control;2024-01-01 22:30:00+00:00;0.491;;
461101;unknown;control;2024-01-01 22:45:00+00:00;0.585;;
461101;unknown;control;2024-01-01 23:00:00+00:00;0.884;;
461101;unknown;control;2024-01-01 23:15:00+00:00;0.903;;
461101;unknown;control;2024-01-01 23:30:00+00:00;0.556;;
461101;unknown;control;2024-01-01 23:45:00+00:00;0.048;;
461101;unknown;control;2024-01-02 00:00:00+00:00;0.039;;
461101;unknown;control;2024-01-02 00:15:00+00:00;0.028;;
461101;unknown;control;2024-01-02 00:30:00+00:00;0.337;;
461101;unknown;control;2024-01-02 00:45:00+00:00;0.096;;
461101;unknown;control;2024-01-02 01:00:00+00:00;0.864;;
461101;unknown;control;2024-01-02 01:15:00+00:00;0.886;;
461101;unknown;control;2024-01-02 01:30:00+00:00;0.779;;
461101;unknown;control;2024-01-02 01:45:00+00:00;0.922;;
461101;unknown;control;2024-01-02 02:00:00+00:00;0.269;;
461101;unknown;control;2024-01-02 02:15:00+00:00;0.044;;
461101;unknown;control;2024-01-02 02:30:00+00:00;0.033;;
461101;unknown;control;2024-01-02 02:45:00+00:00;0.309;;
461101;unknown;control;2024-01-02 03:00:00+00:00;0.568;;
461101;unknown;control;2024-01-02 03:15:00+00:00;0.876;;
461101;unknown;control;2024-01-02 03:30:00+00:00;0.906;;
461101;unknown;control;2024-01-02 03:45:00+00:00;0.387;;
461101;unknown;control;2024-01-02 04:00:00+00:00;0.049;;
461101;unknown;control;2024-01-02 04:15:00+00:00;0.035;;
461101;unknown;control;2024-01-02 04:30:00+00:00;0.028;;
461101;unknown;control;2024-01-02 04:45:00+00:00;0.334;;
461101;unknown;control;2024-01-02 05:00:00+00:00;0.295;;
461101;unknown;control;2024-01-02 05:15:00+00:00;0.767;;
461101;unknown;control;2024-01-02 05:30:00+00:00;0.837;;
461101;unknown;control;2024-01-02 05:45:00+00:00;0.857;;
461101;unknown;control;2024-01-02 06:00:00+00:00;0.872;;
461101;unknown;control;2024-01-02 06:15:00+00:00;0.881;;
461101;unknown;control;2024-01-02 06:30:00+00:00;0.9;;
461101;unknown;control;2024-01-02 06:45:00+00:00;0.613;;
461101;unknown;control;2024-01-02 07:00:00+00:00;0.714;;
461101;unknown;control;2024-01-02 07:15:00+00:00;0.166;;
461101;unknown;control;2024-01-02 07:30:00+00:00;0.043;;
461101;unknown;control;2024-01-02 07:45:00+00:00;0.413;;
461101;unknown;control;2024-01-02 08:00:00+00:00;0.793;;
461101;unknown;control;2024-01-02 08:15:00+00:00;0.815;;
461101;unknown;control;2024-01-02 08:30:00+00:00;0.841;;
461101;unknown;control;2024-01-02 08:45:00+00:00;0.006;;
461101;unknown;control;2024-01-02 09:00:00+00:00;0.0;;
461101;unknown;control;2024-01-02 09:15:00+00:00;0.171;;
461101;unknown;control;2024-01-02 09:30:00+00:00;0.426;;
461101;unknown;control;2024-01-02 09:45:00+00:00;0.454;;
461101;unknown;control;2024-01-02 10:00:00+00:00;0.0;;
461101;unknown;control;2024-01-02 10:15:00+00:00;0.0;;
461101;unknown;control;2024-01-02 10:30:00+00:00;0.0;;
461101;unknown;control;2024-01-02 10:45:00+00:00;0.0;;
461101;unknown;control;2024-01-02 11:00:00+00:00;0.23;;
461101;unknown;control;2024-01-02 11:15:00+00:00;0.343;;
461101;unknown;control;2024-01-02 11:30:00+00:00;0.679;;
461101;unknown;control;2024-01-02 11:45:00+00:00;0.21;;
461101;unknown;control;2024-01-02 12:00:00+00:00;0.062;;
461101;unknown;control;2024-01-02 12:15:00+00:00;0.0;;
461101;unknown;control;2024-01-02 12:30:00+00:00;0.0;;
461101;unknown;control;2024-01-02 12:45:00+00:00;0.092;;
461101;unknown;control;2024-01-02 13:00:00+00:00;0.708;;
461101;unknown;control;2024-01-02 13:15:00+00:00;0.678;;
461101;unknown;control;2024-01-02 13:30:00+00:00;0.819;;
461101;unknown;control;2024-01-02 13:45:00+00:00;0.261;;
461101;unknown;control;2024-01-02 14:00:00+00:00;0.239;;
461101;unknown;control;2024-01-02 14:15:00+00:00;0.028;;
461101;unknown;control;2024-01-02 14:30:00+00:00;0.043;;
461101;unknown;control;2024-01-02 14:45:00+00:00;0.039;;
461101;unknown;control;2024-01-02 15:00:00+00:00;0.798;;
461101;unknown;control;2024-01-02 15:15:00+00:00;0.876;;
461101;unknown;control;2024-01-02 15:30:00+00:00;0.649;;
461101;unknown;control;2024-01-02 15:45:00+00:00;0.062;;
461101;unknown;control;2024-01-02 16:00:00+00:00;0.287;;
461101;unknown;control;2024-01-02 16:15:00+00:00;0.088;;
461101;unknown;control;2024-01-02 16:30:00+00:00;0.083;;
461101;unknown;control;2024-01-02 16:45:00+00:00;0.101;;
461101;unknown;control;2024-01-02 17:00:00+00:00;0.232;;
461101;unknown;control;2024-01-02 17:15:00+00:00;0.08;;
461101;unknown;control;2024-01-02 17:30:00+00:00;0.089;;
461101;unknown;control;2024-01-02 17:45:00+00:00;0.8;;
461101;unknown;control;2024-01-02 18:00:00+00:00;0.873;;
461101;unknown;control;2024-01-02 18:15:00+00:00;0.34;;
461101;unknown;control;2024-01-02 18:30:00+00:00;1.264;;
461101;unknown;control;2024-01-02 18:45:00+00:00;1.065;;
461101;unknown;control;2024-01-02 19:00:00+00:00;0.396;;
461101;unknown;control;2024-01-02 19:15:00+00:00;0.153;;
461101;unknown;control;2024-01-02 19:30:00+00:00;0.13;;
461101;unknown;control;2024-01-02 19:45:00+00:00;0.1;;
461101;unknown;control;2024-01-02 20:00:00+00:00;0.867;;
461101;unknown;control;2024-01-02 20:15:00+00:00;0.776;;
461101;unknown;control;2024-01-02 20:30:00+00:00;0.863;;
461101;unknown;control;2024-01-02 20:45:00+00:00;0.484;;
461101;unknown;control;2024-01-02 21:00:00+00:00;0.738;;
461101;unknown;control;2024-01-02 21:15:00+00:00;0.696;;
461101;unknown;control;2024-01-02 21:30:00+00:00;0.893;;
461101;unknown;control;2024-01-02 21:45:00+00:00;0.529;;
461101;unknown;control;2024-01-02 22:00:00+00:00;0.053;;
461101;unknown;control;2024-01-02 22:15:00+00:00;0.05;;
461101;unknown;control;2024-01-02 22:30:00+00:00;0.037;;
461101;unknown;control;2024-01-02 22:45:00+00:00;0.407;;
461101;unknown;control;2024-01-02 23:00:00+00:00;0.206;;
461101;unknown;control;2024-01-02 23:15:00+00:00;0.855;;
461101;unknown;control;2024-01-02 23:30:00+00:00;0.877;;
461101;unknown;control;2024-01-02 23:45:00+00:00;0.358;;
461101;unknown;control;2024-01-03 00:00:00+00:00;0.049;;
461101;unknown;control;2024-01-03 00:15:00+00:00;0.047;;
461101;unknown;control;2024-01-03 00:30:00+00:00;0.039;;
461101;unknown;control;2024-01-03 00:45:00+00:00;0.684;;
461101;unknown;control;2024-01-03 01:00:00+00:00;0.298;;
461101;unknown;control;2024-01-03 01:15:00+00:00;0.868;;
461101;unknown;control;2024-01-03 01:30:00+00:00;0.803;;
461101;unknown;control;2024-01-03 01:45:00+00:00;0.063;;
461101;unknown;control;2024-01-03 02:00:00+00:00;0.057;;
461101;unknown;control;2024-01-03 02:15:00+00:00;0.04;;
461101;unknown;control;2024-01-03 02:30:00+00:00;0.036;;
461101;unknown;control;2024-01-03 02:45:00+00:00;0.045;;
461101;unknown;control;2024-01-03 03:00:00+00:00;0.335;;
461101;unknown;control;2024-01-03 03:15:00+00:00;0.422;;
461101;unknown;control;2024-01-03 03:30:00+00:00;0.745;;
461101;unknown;control;2024-01-03 03:45:00+00:00;0.788;;
461101;unknown;control;2024-01-03 04:00:00+00:00;0.884;;
461101;unknown;control;2024-01-03 04:15:00+00:00;0.137;;
461101;unknown;control;2024-01-03 04:30:00+00:00;0.055;;
461101;unknown;control;2024-01-03 04:45:00+00:00;0.039;;
461101;unknown;control;2024-01-03 05:00:00+00:00;0.383;;
461101;unknown;control;2024-01-03 05:15:00+00:00;0.156;;
461101;unknown;control;2024-01-03 05:30:00+00:00;0.816;;
461101;unknown;control;2024-01-03 05:45:00+00:00;0.822;;
461101;unknown;control;2024-01-03 06:00:00+00:00;0.679;;
461101;unknown;control;2024-01-03 06:15:00+00:00;0.851;;
461101;unknown;control;2024-01-03 06:30:00+00:00;0.859;;
461101;unknown;control;2024-01-03 06:45:00+00:00;0.874;;
461101;unknown;control;2024-01-03 07:00:00+00:00;0.237;;
461101;unknown;control;2024-01-03 07:15:00+00:00;0.256;;
461101;unknown;control;2024-01-03 07:30:00+00:00;0.03;;
461101;unknown;control;2024-01-03 07:45:00+00:00;0.016;;
461101;unknown;control;2024-01-03 08:00:00+00:00;0.0;;
461101;unknown;control;2024-01-03 08:15:00+00:00;0.618;;
461101;unknown;control;2024-01-03 08:30:00+00:00;0.565;;
461101;unknown;control;2024-01-03 08:45:00+00:00;0.671;;
461101;unknown;control;2024-01-03 09:00:00+00:00;0.0;;
461101;unknown;control;2024-01-03 09:15:00+00:00;0.158;;
461101;unknown;control;2024-01-03 09:30:00+00:00;0.0;;
461101;unknown;control;2024-01-03 09:45:00+00:00;0.0;;
461101;unknown;control;2024-01-03 10:00:00+00:00;0.0;;
461101;unknown;control;2024-01-03 10:15:00+00:00;0.0;;
461101;unknown;control;2024-01-03 10:30:00+00:00;0.0;;
461101;unknown;control;2024-01-03 10:45:00+00:00;0.0;;
461101;unknown;control;2024-01-03 11:00:00+00:00;0.028;;
461101;unknown;control;2024-01-03 11:15:00+00:00;0.179;;
461101;unknown;control;2024-01-03 11:30:00+00:00;0.0;;
461101;unknown;control;2024-01-03 11:45:00+00:00;0.0;;
461101;unknown;control;2024-01-03 12:00:00+00:00;0.0;;
461101;unknown;control;2024-01-03 12:15:00+00:00;0.0;;
461101;unknown;control;2024-01-03 12:30:00+00:00;0.094;;
461101;unknown;control;2024-01-03 12:45:00+00:00;0.094;;
461101;unknown;control;2024-01-03 13:00:00+00:00;0.0;;
461101;unknown;control;2024-01-03 13:15:00+00:00;0.035;;
461101;unknown;control;2024-01-03 13:30:00+00:00;0.023;;
461101;unknown;control;2024-01-03 13:45:00+00:00;0.0;;
461101;unknown;control;2024-01-03 14:00:00+00:00;0.0;;
461101;unknown;control;2024-01-03 14:15:00+00:00;0.0;;
461101;unknown;control;2024-01-03 14:30:00+00:00;0.352;;
461101;unknown;control;2024-01-03 14:45:00+00:00;0.474;;
461101;unknown;control;2024-01-03 15:00:00+00:00;0.134;;
461101;unknown;control;2024-01-03 15:15:00+00:00;0.002;;
461101;unknown;control;2024-01-03 15:30:00+00:00;0.163;;
461101;unknown;control;2024-01-03 15:45:00+00:00;0.001;;
461101;unknown;control;2024-01-03 16:00:00+00:00;0.101;;
461101;unknown;control;2024-01-03 16:15:00+00:00;0.582;;
461101;unknown;control;2024-01-03 16:30:00+00:00;0.017;;
461101;unknown;control;2024-01-03 16:45:00+00:00;0.048;;
461101;unknown;control;2024-01-03 17:00:00+00:00;0.094;;
461101;unknown;control;2024-01-03 17:15:00+00:00;0.193;;
461101;unknown;control;2024-01-03 17:30:00+00:00;0.102;;
461101;unknown;control;2024-01-03 17:45:00+00:00;0.379;;
461101;unknown;control;2024-01-03 18:00:00+00:00;0.725;;
461101;unknown;control;2024-01-03 18:15:00+00:00;0.913;;
461101;unknown;control;2024-01-03 18:30:00+00:00;0.941;;
461101;unknown;control;2024-01-03 18:45:00+00:00;0.796;;
461101;unknown;control;2024-01-03 19:00:00+00:00;0.089;;
461101;unknown;control;2024-01-03 19:15:00+00:00;0.113;;
461101;unknown;control;2024-01-03 19:30:00+00:00;0.087;;
461101;unknown;control;2024-01-03 19:45:00+00:00;0.389;;
461101;unknown;control;2024-01-03 20:00:00+00:00;0.314;;
461101;unknown;control;2024-01-03 20:15:00+00:00;0.909;;
461101;unknown;control;2024-01-03 20:30:00+00:00;0.927;;
461101;unknown;control;2024-01-03 20:45:00+00:00;0.257;;
461101;unknown;control;2024-01-03 21:00:00+00:00;0.366;;
461101;unknown;control;2024-01-03 21:15:00+00:00;0.209;;
461101;unknown;control;2024-01-03 21:30:00+00:00;0.326;;
461101;unknown;control;2024-01-03 21:45:00+00:00;0.245;;
461101;unknown;control;2024-01-03 22:00:00+00:00;0.151;;
461101;unknown;control;2024-01-03 22:15:00+00:00;0.792;;
461101;unknown;control;2024-01-03 22:30:00+00:00;0.874;;
461101;unknown;control;2024-01-03 22:45:00+00:00;0.42;;
461101;unknown;control;2024-01-03 23:00:00+00:00;0.048;;
461101;unknown;control;2024-01-03 23:15:00+00:00;0.04;;
461101;unknown;control;2024-01-03 23:30:00+00:00;0.035;;
461101;unknown;control;2024-01-03 23:45:00+00:00;0.032;;
461101;unknown;control;2024-01-04 00:00:00+00:00;0.337;;
461101;unknown;control;2024-01-04 00:15:00+00:00;0.506;;
461101;unknown;control;2024-01-04 00:30:00+00:00;0.701;;
461101;unknown;control;2024-01-04 00:45:00+00:00;0.885;;
461101;unknown;control;2024-01-04 01:00:00+00:00;0.894;;
461101;unknown;control;2024-01-04 01:15:00+00:00;0.146;;
461101;unknown;control;2024-01-04 01:30:00+00:00;0.05;;
461101;unknown;control;2024-01-04 01:45:00+00:00;0.035;;
461101;unknown;control;2024-01-04 02:00:00+00:00;0.285;;
461101;unknown;control;2024-01-04 02:15:00+00:00;0.212;;
461101;unknown;control;2024-01-04 02:30:00+00:00;0.865;;
461101;unknown;control;2024-01-04 02:45:00+00:00;0.734;;
461101;unknown;control;2024-01-04 03:00:00+00:00;0.545;;
461101;unknown;control;2024-01-04 03:15:00+00:00;0.047;;
461101;unknown;control;2024-01-04 03:30:00+00:00;0.049;;
461101;unknown;control;2024-01-04 03:45:00+00:00;0.036;;
461101;unknown;control;2024-01-04 04:00:00+00:00;0.472;;
461101;unknown;control;2024-01-04 04:15:00+00:00;0.216;;
461101;unknown;control;2024-01-04 04:30:00+00:00;0.853;;
461101;unknown;control;2024-01-04 04:45:00+00:00;0.881;;
461101;unknown;control;2024-01-04 05:00:00+00:00;0.885;;
461101;unknown;control;2024-01-04 05:15:00+00:00;0.723;;
461101;unknown;control;2024-01-04 05:30:00+00:00;0.924;;
461101;unknown;control;2024-01-04 05:45:00+00:00;0.919;;
461101;unknown;control;2024-01-04 06:00:00+00:00;0.23;;
461101;unknown;control;2024-01-04 06:15:00+00:00;0.364;;
461101;unknown;control;2024-01-04 06:30:00+00:00;0.054;;
461101;unknown;control;2024-01-04 06:45:00+00:00;0.29;;
461101;unknown;control;2024-01-04 07:00:00+00:00;0.84;;
461101;unknown;control;2024-01-04 07:15:00+00:00;0.686;;
461101;unknown;control;2024-01-04 07:30:00+00:00;0.851;;
461101;unknown;control;2024-01-04 07:45:00+00:00;0.836;;
461101;unknown;control;2024-01-04 08:00:00+00:00;0.763;;
461101;unknown;control;2024-01-04 08:15:00+00:00;0.337;;
461101;unknown;control;2024-01-04 08:30:00+00:00;0.01;;
461101;unknown;control;2024-01-04 08:45:00+00:00;0.002;;
461101;unknown;control;2024-01-04 09:00:00+00:00;0.0;;
461101;unknown;control;2024-01-04 09:15:00+00:00;0.011;;
461101;unknown;control;2024-01-04 09:30:00+00:00;0.808;;
461101;unknown;control;2024-01-04 09:45:00+00:00;0.582;;
461101;unknown;control;2024-01-04 10:00:00+00:00;0.014;;
461101;unknown;control;2024-01-04 10:15:00+00:00;0.0;;
461101;unknown;control;2024-01-04 10:30:00+00:00;0.0;;
461101;unknown;control;2024-01-04 10:45:00+00:00;0.0;;
461101;unknown;control;2024-01-04 11:00:00+00:00;0.003;;
461101;unknown;control;2024-01-04 11:15:00+00:00;0.062;;
461101;unknown;control;2024-01-04 11:30:00+00:00;0.122;;
461101;unknown;control;2024-01-04 11:45:00+00:00;0.118;;
461101;unknown;control;2024-01-04 12:00:00+00:00;0.0;;
461101;unknown;control;2024-01-04 12:15:00+00:00;0.0;;
461101;unknown;control;2024-01-04 12:30:00+00:00;0.0;;
461101;unknown;control;2024-01-04 12:45:00+00:00;0.0;;
461101;unknown;control;2024-01-04 13:00:00+00:00;0.001;;
461101;unknown;control;2024-01-04 13:15:00+00:00;0.01;;
461101;unknown;control;2024-01-04 13:30:00+00:00;0.226;;
461101;unknown;control;2024-01-04 13:45:00+00:00;0.132;;
461101;unknown;control;2024-01-04 14:00:00+00:00;0.0;;
461101;unknown;control;2024-01-04 14:15:00+00:00;0.001;;
461101;unknown;control;2024-01-04 14:30:00+00:00;0.0;;
461101;unknown;control;2024-01-04 14:45:00+00:00;0.0;;
461101;unknown;control;2024-01-04 15:00:00+00:00;0.147;;
461101;unknown;control;2024-01-04 15:15:00+00:00;0.461;;
461101;unknown;control;2024-01-04 15:30:00+00:00;0.35;;
461101;unknown;control;2024-01-04 15:45:00+00:00;0.842;;
461101;unknown;control;2024-01-04 16:00:00+00:00;0.889;;
461101;unknown;control;2024-01-04 16:15:00+00:00;0.581;;
461101;unknown;control;2024-01-04 16:30:00+00:00;0.06;;
461101;unknown;control;2024-01-04 16:45:00+00:00;0.052;;
461101;unknown;control;2024-01-04 17:00:00+00:00;0.037;;
461101;unknown;control;2024-01-04 17:15:00+00:00;0.035;;
461101;unknown;control;2024-01-04 17:30:00+00:00;0.046;;
461101;unknown;control;2024-01-04 17:45:00+00:00;0.451;;
461101;unknown;control;2024-01-04 18:00:00+00:00;0.563;;
461101;unknown;control;2024-01-04 18:15:00+00:00;0.872;;
461101;unknown;control;2024-01-04 18:30:00+00:00;0.705;;
461101;unknown;control;2024-01-04 18:45:00+00:00;0.927;;
461101;unknown;control;2024-01-04 19:00:00+00:00;0.61;;
461101;unknown;control;2024-01-04 19:15:00+00:00;0.102;;
461101;unknown;control;2024-01-04 19:30:00+00:00;0.076;;
461101;unknown;control;2024-01-04 19:45:00+00:00;0.431;;
461101;unknown;control;2024-01-04 20:00:00+00:00;0.261;;
461101;unknown;control;2024-01-04 20:15:00+00:00;0.969;;
461101;unknown;control;2024-01-04 20:30:00+00:00;0.962;;
461101;unknown;control;2024-01-04 20:45:00+00:00;0.31;;
461101;unknown;control;2024-01-04 21:00:00+00:00;0.06;;
461101;unknown;control;2024-01-04 21:15:00+00:00;0.066;;
461101;unknown;control;2024-01-04 21:30:00+00:00;0.558;;
461101;unknown;control;2024-01-04 21:45:00+00:00;0.874;;
461101;unknown;control;2024-01-04 22:00:00+00:00;0.312;;
461101;unknown;control;2024-01-04 22:15:00+00:00;0.905;;
461101;unknown;control;2024-01-04 22:30:00+00:00;0.916;;
461101;unknown;control;2024-01-04 22:45:00+00:00;0.76;;
461101;unknown;control;2024-01-04 23:00:00+00:00;0.118;;
461101;unknown;control;2024-01-04 23:15:00+00:00;0.051;;
461101;unknown;control;2024-01-04 23:30:00+00:00;0.031;;
461101;unknown;control;2024-01-04 23:45:00+00:00;0.211;;
461101;unknown;control;2024-01-05 00:00:00+00:00;0.486;;
461101;unknown;control;2024-01-05 00:15:00+00:00;0.693;;
461101;unknown;control;2024-01-05 00:30:00+00:00;0.89;;
461101;unknown;control;2024-01-05 00:45:00+00:00;0.918;;
461101;unknown;control;2024-01-05 01:00:00+00:00;0.065;;
461101;unknown;control;2024-01-05 01:15:00+00:00;0.047;;
461101;unknown;control;2024-01-05 01:30:00+00:00;0.023;;
461101;unknown;control;2024-01-05 01:45:00+00:00;0.024;;
461101;unknown;control;2024-01-05 02:00:00+00:00;0.372;;
461101;unknown;control;2024-01-05 02:15:00+00:00;0.171;;
461101;unknown;control;2024-01-05 02:30:00+00:00;0.803;;
461101;unknown;control;2024-01-05 02:45:00+00:00;0.877;;
461101;unknown;control;2024-01-05 03:00:00+00:00;0.898;;
461101;unknown;control;2024-01-05 03:15:00+00:00;0.418;;
461101;unknown;control;2024-01-05 03:30:00+00:00;0.046;;
461101;unknown;control;2024-01-05 03:45:00+00:00;0.036;;
461101;unknown;control;2024-01-05 04:00:00+00:00;0.109;;
461101;unknown;control;2024-01-05 04:15:00+00:00;0.248;;
461101;unknown;control;2024-01-05 04:30:00+00:00;0.683;;
461101;unknown;control;2024-01-05 04:45:00+00:00;0.886;;
461101;unknown;control;2024-01-05 05:00:00+00:00;0.869;;
461101;unknown;control;2024-01-05 05:15:00+00:00;0.75;;
461101;unknown;control;2024-01-05 05:30:00+00:00;0.872;;
461101;unknown;control;2024-01-05 05:45:00+00:00;0.904;;
461101;unknown;control;2024-01-05 06:00:00+00:00;0.908;;
461101;unknown;control;2024-01-05 06:15:00+00:00;0.592;;
461101;unknown;control;2024-01-05 06:30:00+00:00;0.646;;
461101;unknown;control;2024-01-05 06:45:00+00:00;0.627;;
461101;unknown;control;2024-01-05 07:00:00+00:00;0.055;;
461101;unknown;control;2024-01-05 07:15:00+00:00;0.186;;
461101;unknown;control;2024-01-05 07:30:00+00:00;0.835;;
461101;unknown;control;2024-01-05 07:45:00+00:00;0.837;;
461101;unknown;control;2024-01-05 08:00:00+00:00;0.749;;
461101;unknown;control;2024-01-05 08:15:00+00:00;0.262;;
461101;unknown;control;2024-01-05 08:30:00+00:00;0.0;;
461101;unknown;control;2024-01-05 08:45:00+00:00;0.0;;
461101;unknown;control;2024-01-05 09:00:00+00:00;0.0;;
461101;unknown;control;2024-01-05 09:15:00+00:00;0.028;;
461101;unknown;control;2024-01-05 09:30:00+00:00;0.762;;
461101;unknown;control;2024-01-05 09:45:00+00:00;0.592;;
461101;unknown;control;2024-01-05 10:00:00+00:00;0.014;;
461101;unknown;control;2024-01-05 10:15:00+00:00;0.0;;
461101;unknown;control;2024-01-05 10:30:00+00:00;0.0;;
461101;unknown;control;2024-01-05 10:45:00+00:00;0.0;;
461101;unknown;control;2024-01-05 11:00:00+00:00;0.263;;
461101;unknown;control;2024-01-05 11:15:00+00:00;0.412;;
461101;unknown;control;2024-01-05 11:30:00+00:00;0.745;;
461101;unknown;control;2024-01-05 11:45:00+00:00;0.77;;
461101;unknown;control;2024-01-05 12:00:00+00:00;0.149;;
461101;unknown;control;2024-01-05 12:15:00+00:00;0.0;;
461101;unknown;control;2024-01-05 12:30:00+00:00;0.0;;
461101;unknown;control;2024-01-05 12:45:00+00:00;0.0;;
461101;unknown;control;2024-01-05 13:00:00+00:00;0.136;;
461101;unknown;control;2024-01-05 13:15:00+00:00;0.088;;
461101;unknown;control;2024-01-05 13:30:00+00:00;0.271;;
461101;unknown;control;2024-01-05 13:45:00+00:00;0.552;;
461101;unknown;control;2024-01-05 14:00:00+00:00;0.826;;
461101;unknown;control;2024-01-05 14:15:00+00:00;0.099;;
461101;unknown;control;2024-01-05 14:30:00+00:00;0.0;;
461101;unknown;control;2024-01-05 14:45:00+00:00;0.001;;
461101;unknown;control;2024-01-05 15:00:00+00:00;0.21;;
461101;unknown;control;2024-01-05 15:15:00+00:00;0.073;;
461101;unknown;control;2024-01-05 15:30:00+00:00;0.801;;
461101;unknown;control;2024-01-05 15:45:00+00:00;0.896;;
461101;unknown;control;2024-01-05 16:00:00+00:00;0.459;;
461101;unknown;control;2024-01-05 16:15:00+00:00;0.091;;
461101;unknown;control;2024-01-05 16:30:00+00:00;0.061;;
461101;unknown;control;2024-01-05 16:45:00+00:00;0.056;;
461101;unknown;control;2024-01-05 17:00:00+00:00;0.058;;
461101;unknown;control;2024-01-05 17:15:00+00:00;0.055;;
461101;unknown;control;2024-01-05 17:30:00+00:00;0.069;;
461101;unknown;control;2024-01-05 17:45:00+00:00;0.393;;
461101;unknown;control;2024-01-05 18:00:00+00:00;0.54;;
461101;unknown;control;2024-01-05 18:15:00+00:00;0.834;;
461101;unknown;control;2024-01-05 18:30:00+00:00;0.861;;
461101;unknown;control;2024-01-05 18:45:00+00:00;0.844;;
461101;unknown;control;2024-01-05 19:00:00+00:00;0.052;;
461101;unknown;control;2024-01-05 19:15:00+00:00;0.05;;
461101;unknown;control;2024-01-05 19:30:00+00:00;0.032;;
461101;unknown;control;2024-01-05 19:45:00+00:00;0.496;;
461101;unknown;control;2024-01-05 20:00:00+00:00;0.622;;
461101;unknown;control;2024-01-05 20:15:00+00:00;0.381;;
461101;unknown;control;2024-01-05 20:30:00+00:00;0.89;;
461101;unknown;control;2024-01-05 20:45:00+00:00;0.903;;
461101;unknown;control;2024-01-05 21:00:00+00:00;0.052;;
461101;unknown;control;2024-01-05 21:15:00+00:00;0.047;;
461101;unknown;control;2024-01-05 21:30:00+00:00;0.027;;
461101;unknown;control;2024-01-05 21:45:00+00:00;0.03;;
461101;unknown;control;2024-01-05 22:00:00+00:00;0.23;;
461101;unknown;control;2024-01-05 22:15:00+00:00;0.234;;
461101;unknown;control;2024-01-05 22:30:00+00:00;0.786;;
461101;unknown;control;2024-01-05 22:45:00+00:00;0.706;;
461101;unknown;control;2024-01-05 23:00:00+00:00;0.892;;
461101;unknown;control;2024-01-05 23:15:00+00:00;0.906;;
461101;unknown;control;2024-01-05 23:30:00+00:00;0.242;;
461101;unknown;control;2024-01-05 23:45:00+00:00;0.052;;
461101;unknown;control;2024-01-06 00:00:00+00:00;0.037;;
461101;unknown;control;2024-01-06 00:15:00+00:00;0.305;;
461101;unknown;control;2024-01-06 00:30:00+00:00;0.439;;
461101;unknown;control;2024-01-06 00:45:00+00:00;0.882;;
461101;unknown;control;2024-01-06 01:00:00+00:00;0.722;;
461101;unknown;control;2024-01-06 01:15:00+00:00;0.093;;
461101;unknown;control;2024-01-06 01:30:00+00:00;0.051;;
461101;unknown;control;2024-01-06 01:45:00+00:00;0.07;;
461101;unknown;control;2024-01-06 02:00:00+00:00;0.854;;
461101;unknown;control;2024-01-06 02:15:00+00:00;0.71;;
461101;unknown;control;2024-01-06 02:30:00+00:00;0.492;;
461101;unknown;control;2024-01-06 02:45:00+00:00;0.906;;
461101;unknown;control;2024-01-06 03:00:00+00:00;0.566;;
461101;unknown;control;2024-01-06 03:15:00+00:00;0.042;;
461101;unknown;control;2024-01-06 03:30:00+00:00;0.035;;
461101;unknown;control;2024-01-06 03:45:00+00:00;0.027;;
461101;unknown;control;2024-01-06 04:00:00+00:00;0.033;;
461101;unknown;control;2024-01-06 04:15:00+00:00;0.595;;
461101;unknown;control;2024-01-06 04:30:00+00:00;0.514;;
461101;unknown;control;2024-01-06 04:45:00+00:00;0.556;;
461101;unknown;control;2024-01-06 05:00:00+00:00;0.869;;
461101;unknown;control;2024-01-06 05:15:00+00:00;0.894;;
461101;unknown;control;2024-01-06 05:30:00+00:00;0.524;;
461101;unknown;control;2024-01-06 05:45:00+00:00;0.052;;
461101;unknown;control;2024-01-06 06:00:00+00:00;0.049;;
461101;unknown;control;2024-01-06 06:15:00+00:00;0.769;;
461101;unknown;control;2024-01-06 06:30:00+00:00;0.706;;
461101;unknown;control;2024-01-06 06:45:00+00:00;0.293;;
461101;unknown;control;2024-01-06 07:00:00+00:00;0.842;;
461101;unknown;control;2024-01-06 07:15:00+00:00;0.839;;
461101;unknown;control;2024-01-06 07:30:00+00:00;0.849;;
461101;unknown;control;2024-01-06 07:45:00+00:00;0.804;;
461101;unknown;control;2024-01-06 08:00:00+00:00;0.727;;
461101;unknown;control;2024-01-06 08:15:00+00:00;0.816;;
461101;unknown;control;2024-01-06 08:30:00+00:00;0.975;;
461101;unknown;control;2024-01-06 08:45:00+00:00;0.676;;
461101;unknown;control;2024-01-06 09:00:00+00:00;0.036;;
461101;unknown;control;2024-01-06 09:15:00+00:00;0.0;;
461101;unknown;control;2024-01-06 09:30:00+00:00;0.0;;
461101;unknown;control;2024-01-06 09:45:00+00:00;0.647;;
461101;unknown;control;2024-01-06 10:00:00+00:00;0.77;;
461101;unknown;control;2024-01-06 10:15:00+00:00;0.852;;
461101;unknown;control;2024-01-06 10:30:00+00:00;0.55;;
461101;unknown;control;2024-01-06 10:45:00+00:00;0.42;;
461101;unknown;control;2024-01-06 11:00:00+00:00;0.74;;
461101;unknown;control;2024-01-06 11:15:00+00:00;0.575;;
461101;unknown;control;2024-01-06 11:30:00+00:00;0.477;;
461101;unknown;control;2024-01-06 11:45:00+00:00;0.788;;
461101;unknown;control;2024-01-06 12:00:00+00:00;0.596;;
461101;unknown;control;2024-01-06 12:15:00+00:00;0.0;;
461101;unknown;control;2024-01-06 12:30:00+00:00;0.0;;
461101;unknown;control;2024-01-06 12:45:00+00:00;0.0;;
461101;unknown;control;2024-01-06 13:00:00+00:00;0.0;;
461101;unknown;control;2024-01-06 13:15:00+00:00;0.606;;
461101;unknown;control;2024-01-06 13:30:00+00:00;0.236;;
461101;unknown;control;2024-01-06 13:45:00+00:00;0.744;;
461101;unknown;control;2024-01-06 14:00:00+00:00;0.853;;
461101;unknown;control;2024-01-06 14:15:00+00:00;0.894;;
461101;unknown;control;2024-01-06 14:30:00+00:00;0.221;;
461101;unknown;control;2024-01-06 14:45:00+00:00;0.064;;
461101;unknown;control;2024-01-06 15:00:00+00:00;0.083;;
461101;unknown;control;2024-01-06 15:15:00+00:00;0.092;;
461101;unknown;control;2024-01-06 15:30:00+00:00;0.459;;
461101;unknown;control;2024-01-06 15:45:00+00:00;0.595;;
461101;unknown;control;2024-01-06 16:00:00+00:00;0.936;;
461101;unknown;control;2024-01-06 16:15:00+00:00;0.951;;
461101;unknown;control;2024-01-06 16:30:00+00:00;1.013;;
461101;unknown;control;2024-01-06 16:45:00+00:00;0.749;;
461101;unknown;control;2024-01-06 17:00:00+00:00;0.627;;
461101;unknown;control;2024-01-06 17:15:00+00:00;0.393;;
461101;unknown;control;2024-01-06 17:30:00+00:00;0.496;;
461101;unknown;control;2024-01-06 17:45:00+00:00;0.227;;
461101;unknown;control;2024-01-06 18:00:00+00:00;0.953;;
461101;unknown;control;2024-01-06 18:15:00+00:00;0.962;;
461101;unknown;control;2024-01-06 18:30:00+00:00;0.993;;
461101;unknown;control;2024-01-06 18:45:00+00:00;0.474;;
461101;unknown;control;2024-01-06 19:00:00+00:00;0.25;;
461101;unknown;control;2024-01-06 19:15:00+00:00;0.115;;
461101;unknown;control;2024-01-06 19:30:00+00:00;0.152;;
461101;unknown;control;2024-01-06 19:45:00+00:00;0.476;;
461101;unknown;control;2024-01-06 20:00:00+00:00;0.731;;
461101;unknown;control;2024-01-06 20:15:00+00:00;0.98;;
461101;unknown;control;2024-01-06 20:30:00+00:00;0.883;;
461101;unknown;control;2024-01-06 20:45:00+00:00;1.032;;
461101;unknown;control;2024-01-06 21:00:00+00:00;0.245;;
461101;unknown;control;2024-01-06 21:15:00+00:00;0.132;;
461101;unknown;control;2024-01-06 21:30:00+00:00;0.107;;
461101;unknown;control;2024-01-06 21:45:00+00:00;0.465;;
461101;unknown;control;2024-01-06 22:00:00+00:00;0.369;;
461101;unknown;control;2024-01-06 22:15:00+00:00;1.214;;
461101;unknown;control;2024-01-06 22:30:00+00:00;1.039;;
461101;unknown;control;2024-01-06 22:45:00+00:00;1.228;;
461101;unknown;control;2024-01-06 23:00:00+00:00;0.165;;
461101;unknown;control;2024-01-06 23:15:00+00:00;0.057;;
461101;unknown;control;2024-01-06 23:30:00+00:00;0.046;;
461101;unknown;control;2024-01-06 23:45:00+00:00;0.214;;
461101;unknown;control;2024-01-07 00:00:00+00:00;0.271;;
461101;unknown;control;2024-01-07 00:15:00+00:00;0.764;;
461101;unknown;control;2024-01-07 00:30:00+00:00;0.876;;
461101;unknown;control;2024-01-07 00:45:00+00:00;0.902;;
461101;unknown;control;2024-01-07 01:00:00+00:00;0.737;;
461101;unknown;control;2024-01-07 01:15:00+00:00;0.059;;
461101;unknown;control;2024-01-07 01:30:00+00:00;0.045;;
461101;unknown;control;2024-01-07 01:45:00+00:00;0.029;;
461101;unknown;control;2024-01-07 02:00:00+00:00;0.377;;
461101;unknown;control;2024-01-07 02:15:00+00:00;0.393;;
461101;unknown;control;2024-01-07 02:30:00+00:00;0.795;;
461101;unknown;control;2024-01-07 02:45:00+00:00;0.851;;
461101;unknown;control;2024-01-07 03:00:00+00:00;0.9;;
461101;unknown;control;2024-01-07 03:15:00+00:00;0.922;;
461101;unknown;control;2024-01-07 03:30:00+00:00;0.219;;
461101;unknown;control;2024-01-07 03:45:00+00:00;0.054;;
461101;unknown;control;2024-01-07 04:00:00+00:00;0.336;;
461101;unknown;control;2024-01-07 04:15:00+00:00;0.071;;
461101;unknown;control;2024-01-07 04:30:00+00:00;0.88;;
461101;unknown;control;2024-01-07 04:45:00+00:00;0.758;;
461101;unknown;control;2024-01-07 05:00:00+00:00;0.912;;
461101;unknown;control;2024-01-07 05:15:00+00:00;0.924;;
461101;unknown;control;2024-01-07 05:30:00+00:00;0.511;;
461101;unknown;control;2024-01-07 05:45:00+00:00;0.051;;
461101;unknown;control;2024-01-07 06:00:00+00:00;0.084;;
461101;unknown;control;2024-01-07 06:15:00+00:00;0.284;;
461101;unknown;control;2024-01-07 06:30:00+00:00;0.648;;
461101;unknown;control;2024-01-07 06:45:00+00:00;0.859;;
461101;unknown;control;2024-01-07 07:00:00+00:00;0.71;;
461101;unknown;control;2024-01-07 07:15:00+00:00;0.858;;
461101;unknown;control;2024-01-07 07:30:00+00:00;0.86;;
461101;unknown;control;2024-01-07 07:45:00+00:00;0.854;;
461101;unknown;control;2024-01-07 08:00:00+00:00;0.838;;
461101;unknown;control;2024-01-07 08:15:00+00:00;0.551;;
461101;unknown;control;2024-01-07 08:30:00+00:00;0.341;;
461101;unknown;control;2024-01-07 08:45:00+00:00;0.806;;
461101;unknown;control;2024-01-07 09:00:00+00:00;0.878;;
461101;unknown;control;2024-01-07 09:15:00+00:00;0.066;;
461101;unknown;control;2024-01-07 09:30:00+00:00;0.003;;
461101;unknown;control;2024-01-07 09:45:00+00:00;0.062;;
461101;unknown;control;2024-01-07 10:00:00+00:00;0.3;;
461101;unknown;control;2024-01-07 10:15:00+00:00;0.297;;
461101;unknown;control;2024-01-07 10:30:00+00:00;0.336;;
461101;unknown;control;2024-01-07 10:45:00+00:00;0.578;;
461101;unknown;control;2024-01-07 11:00:00+00:00;0.46;;
461101;unknown;control;2024-01-07 11:15:00+00:00;0.614;;
461101;unknown;control;2024-01-07 11:30:00+00:00;0.711;;
461101;unknown;control;2024-01-07 11:45:00+00:00;0.832;;
461101;unknown;control;2024-01-07 12:00:00+00:00;0.413;;
461101;unknown;control;2024-01-07 12:15:00+00:00;0.125;;
461101;unknown;control;2024-01-07 12:30:00+00:00;0.085;;
461101;unknown;control;2024-01-07 12:45:00+00:00;0.155;;
461101;unknown;control;2024-01-07 13:00:00+00:00;0.445;;
461101;unknown;control;2024-01-07 13:15:00+00:00;0.653;;
461101;unknown;control;2024-01-07 13:30:00+00:00;0.371;;
461101;unknown;control;2024-01-07 13:45:00+00:00;0.931;;
461101;unknown;control;2024-01-07 14:00:00+00:00;0.99;;
461101;unknown;control;2024-01-07 14:15:00+00:00;0.79;;
461101;unknown;control;2024-01-07 14:30:00+00:00;1.02;;
461101;unknown;control;2024-01-07 14:45:00+00:00;0.935;;
461101;unknown;control;2024-01-07 15:00:00+00:00;1.197;;
461101;unknown;control;2024-01-07 15:15:00+00:00;0.334;;
461101;unknown;control;2024-01-07 15:30:00+00:00;0.413;;
461101;unknown;control;2024-01-07 15:45:00+00:00;0.442;;
461101;unknown;control;2024-01-07 16:00:00+00:00;1.057;;
461101;unknown;control;2024-01-07 16:15:00+00:00;1.169;;
461101;unknown;control;2024-01-07 16:30:00+00:00;1.215;;
461101;unknown;control;2024-01-07 16:45:00+00:00;1.166;;
461101;unknown;control;2024-01-07 17:00:00+00:00;1.141;;
461101;unknown;control;2024-01-07 17:15:00+00:00;1.066;;
461101;unknown;control;2024-01-07 17:30:00+00:00;0.597;;
461101;unknown;control;2024-01-07 17:45:00+00:00;0.424;;
461101;unknown;control;2024-01-07 18:00:00+00:00;0.221;;
461101;unknown;control;2024-01-07 18:15:00+00:00;0.753;;
461101;unknown;control;2024-01-07 18:30:00+00:00;0.638;;
461101;unknown;control;2024-01-07 18:45:00+00:00;1.028;;
461101;unknown;control;2024-01-07 19:00:00+00:00;1.041;;
461101;unknown;control;2024-01-07 19:15:00+00:00;1.031;;
461101;unknown;control;2024-01-07 19:30:00+00:00;0.873;;
461101;unknown;control;2024-01-07 19:45:00+00:00;0.178;;
461101;unknown;control;2024-01-07 20:00:00+00:00;0.173;;
461101;unknown;control;2024-01-07 20:15:00+00:00;0.371;;
461101;unknown;control;2024-01-07 20:30:00+00:00;0.843;;
461101;unknown;control;2024-01-07 20:45:00+00:00;0.69;;
461101;unknown;control;2024-01-07 21:00:00+00:00;0.861;;
461101;unknown;control;2024-01-07 21:15:00+00:00;1.029;;
461101;unknown;control;2024-01-07 21:30:00+00:00;1.052;;
461101;unknown;control;2024-01-07 21:45:00+00:00;1.139;;
461101;unknown;control;2024-01-07 22:00:00+00:00;0.976;;
461101;unknown;control;2024-01-07 22:15:00+00:00;0.14;;
461101;unknown;control;2024-01-07 22:30:00+00:00;0.352;;
461101;unknown;control;2024-01-07 22:45:00+00:00;0.81;;
461101;unknown;control;2024-01-07 23:00:00+00:00;0.812;;
461101;unknown;control;2024-01-07 23:15:00+00:00;0.886;;
461101;unknown;control;2024-01-07 23:30:00+00:00;0.897;;
461101;unknown;control;2024-01-07 23:45:00+00:00;0.915;;
461101;unknown;control;2024-01-08 00:00:00+00:00;0.93;;
461101;unknown;control;2024-01-08 00:15:00+00:00;0.886;;
461101;unknown;control;2024-01-08 00:30:00+00:00;0.063;;
461101;unknown;control;2024-01-08 00:45:00+00:00;0.058;;
461101;unknown;control;2024-01-08 01:00:00+00:00;0.369;;
461101;unknown;control;2024-01-08 01:15:00+00:00;0.343;;
461101;unknown;control;2024-01-08 01:30:00+00:00;0.681;;
461101;unknown;control;2024-01-08 01:45:00+00:00;0.302;;
461101;unknown;control;2024-01-08 02:00:00+00:00;0.873;;
461101;unknown;control;2024-01-08 02:15:00+00:00;0.879;;
461101;unknown;control;2024-01-08 02:30:00+00:00;0.895;;
461101;unknown;control;2024-01-08 02:45:00+00:00;0.872;;
461101;unknown;control;2024-01-08 03:00:00+00:00;0.793;;
461101;unknown;control;2024-01-08 03:15:00+00:00;0.929;;
461101;unknown;control;2024-01-08 03:30:00+00:00;0.931;;
461101;unknown;control;2024-01-08 03:45:00+00:00;0.388;;
461101;unknown;control;2024-01-08 04:00:00+00:00;0.085;;
461101;unknown;control;2024-01-08 04:15:00+00:00;0.088;;
461101;unknown;control;2024-01-08 04:30:00+00:00;0.874;;
461101;unknown;control;2024-01-08 04:45:00+00:00;1.031;;
461101;unknown;control;2024-01-08 05:00:00+00:00;0.932;;
461101;unknown;control;2024-01-08 05:15:00+00:00;0.734;;
461101;unknown;control;2024-01-08 05:30:00+00:00;0.895;;
461101;unknown;control;2024-01-08 05:45:00+00:00;0.826;;
461101;unknown;control;2024-01-08 06:00:00+00:00;0.397;;
461101;unknown;control;2024-01-08 06:15:00+00:00;0.893;;
461101;unknown;control;2024-01-08 06:30:00+00:00;0.895;;
461101;unknown;control;2024-01-08 06:45:00+00:00;0.658;;
461101;unknown;control;2024-01-08 07:00:00+00:00;0.908;;
461101;unknown;control;2024-01-08 07:15:00+00:00;0.901;;
461101;unknown;control;2024-01-08 07:30:00+00:00;0.936;;
461101;unknown;control;2024-01-08 07:45:00+00:00;0.934;;
461101;unknown;control;2024-01-08 08:00:00+00:00;0.891;;
461101;unknown;control;2024-01-08 08:15:00+00:00;0.427;;
461101;unknown;control;2024-01-08 08:30:00+00:00;0.862;;
461101;unknown;control;2024-01-08 08:45:00+00:00;0.949;;
461101;unknown;control;2024-01-08 09:00:00+00:00;0.941;;
461101;unknown;control;2024-01-08 09:15:00+00:00;0.95;;
461101;unknown;control;2024-01-08 09:30:00+00:00;0.675;;
461101;unknown;control;2024-01-08 09:45:00+00:00;0.93;;
461101;unknown;control;2024-01-08 10:00:00+00:00;0.119;;
461101;unknown;control;2024-01-08 10:15:00+00:00;0.553;;
461101;unknown;control;2024-01-08 10:30:00+00:00;0.544;;
461101;unknown;control;2024-01-08 10:45:00+00:00;0.232;;
461101;unknown;control;2024-01-08 11:00:00+00:00;0.827;;
461101;unknown;control;2024-01-08 11:15:00+00:00;0.319;;
461101;unknown;control;2024-01-08 11:30:00+00:00;0.835;;
461101;unknown;control;2024-01-08 11:45:00+00:00;0.795;;
461101;unknown;control;2024-01-08 12:00:00+00:00;0.747;;
461101;unknown;control;2024-01-08 12:15:00+00:00;0.826;;
461101;unknown;control;2024-01-08 12:30:00+00:00;1.104;;
461101;unknown;control;2024-01-08 12:45:00+00:00;1.268;;
461101;unknown;control;2024-01-08 13:00:00+00:00;0.848;;
461101;unknown;control;2024-01-08 13:15:00+00:00;0.875;;
461101;unknown;control;2024-01-08 13:30:00+00:00;0.331;;
461101;unknown;control;2024-01-08 13:45:00+00:00;0.661;;
461101;unknown;control;2024-01-08 14:00:00+00:00;0.562;;
461101;unknown;control;2024-01-08 14:15:00+00:00;0.6;;
461101;unknown;control;2024-01-08 14:30:00+00:00;0.796;;
461101;unknown;control;2024-01-08 14:45:00+00:00;0.807;;
461101;unknown;control;2024-01-08 15:00:00+00:00;0.843;;
461101;unknown;control;2024-01-08 15:15:00+00:00;0.712;;
461101;unknown;control;2024-01-08 15:30:00+00:00;1.012;;
461101;unknown;control;2024-01-08 15:45:00+00:00;1.067;;
461101;unknown;control;2024-01-08 16:00:00+00:00;1.032;;
461101;unknown;control;2024-01-08 16:15:00+00:00;0.451;;
461101;unknown;control;2024-01-08 16:30:00+00:00;0.134;;
461101;unknown;control;2024-01-08 16:45:00+00:00;0.085;;
461101;unknown;control;2024-01-08 17:00:00+00:00;0.122;;
461101;unknown;control;2024-01-08 17:15:00+00:00;0.132;;
461101;unknown;control;2024-01-08 17:30:00+00:00;0.087;;
461101;unknown;control;2024-01-08 17:45:00+00:00;0.794;;
461101;unknown;control;2024-01-08 18:00:00+00:00;0.759;;
461101;unknown;control;2024-01-08 18:15:00+00:00;0.442;;
461101;unknown;control;2024-01-08 18:30:00+00:00;0.811;;
461101;unknown;control;2024-01-08 18:45:00+00:00;0.887;;
461101;unknown;control;2024-01-08 19:00:00+00:00;0.901;;
461101;unknown;control;2024-01-08 19:15:00+00:00;0.92;;
461101;unknown;control;2024-01-08 19:30:00+00:00;0.986;;
461101;unknown;control;2024-01-08 19:45:00+00:00;0.916;;
461101;unknown;control;2024-01-08 20:00:00+00:00;1.022;;
461101;unknown;control;2024-01-08 20:15:00+00:00;0.96;;
461101;unknown;control;2024-01-08 20:30:00+00:00;0.987;;
461101;unknown;control;2024-01-08 20:45:00+00:00;0.336;;
461101;unknown;control;2024-01-08 21:00:00+00:00;0.971;;
461101;unknown;control;2024-01-08 21:15:00+00:00;0.966;;
461101;unknown;control;2024-01-08 21:30:00+00:00;0.961;;
461101;unknown;control;2024-01-08 21:45:00+00:00;0.84;;
461101;unknown;control;2024-01-08 22:00:00+00:00;0.981;;
461101;unknown;control;2024-01-08 22:15:00+00:00;0.953;;
461101;unknown;control;2024-01-08 22:30:00+00:00;0.963;;
461101;unknown;control;2024-01-08 22:45:00+00:00;0.516;;
461101;unknown;control;2024-01-08 23:00:00+00:00;0.406;;
461101;unknown;control;2024-01-08 23:15:00+00:00;0.053;;
461101;unknown;control;2024-01-08 23:30:00+00:00;0.048;;
461101;unknown;control;2024-01-08 23:45:00+00:00;0.448;;
461101;unknown;control;2024-01-09 00:00:00+00:00;0.884;;
461101;unknown;control;2024-01-09 00:15:00+00:00;0.779;;
461101;unknown;control;2024-01-09 00:30:00+00:00;0.898;;
461101;unknown;control;2024-01-09 00:45:00+00:00;0.834;;
461101;unknown;control;2024-01-09 01:00:00+00:00;0.371;;
461101;unknown;control;2024-01-09 01:15:00+00:00;0.913;;
461101;unknown;control;2024-01-09 01:30:00+00:00;0.914;;
461101;unknown;control;2024-01-09 01:45:00+00:00;0.926;;
461101;unknown;control;2024-01-09 02:00:00+00:00;0.858;;
461101;unknown;control;2024-01-09 02:15:00+00:00;0.851;;
461101;unknown;control;2024-01-09 02:30:00+00:00;0.949;;
461101;unknown;control;2024-01-09 02:45:00+00:00;0.939;;
461101;unknown;control;2024-01-09 03:00:00+00:00;0.233;;
461101;unknown;control;2024-01-09 03:15:00+00:00;0.045;;
461101;unknown;control;2024-01-09 03:30:00+00:00;0.087;;
461101;unknown;control;2024-01-09 03:45:00+00:00;0.881;;
461101;unknown;control;2024-01-09 04:00:00+00:00;0.686;;
461101;unknown;control;2024-01-09 04:15:00+00:00;0.872;;
461101;unknown;control;2024-01-09 04:30:00+00:00;0.889;;
461101;unknown;control;2024-01-09 04:45:00+00:00;0.939;;
461101;unknown;control;2024-01-09 05:00:00+00:00;0.976;;
461101;unknown;control;2024-01-09 05:15:00+00:00;0.312;;
461101;unknown;control;2024-01-09 05:30:00+00:00;0.741;;
461101;unknown;control;2024-01-09 05:45:00+00:00;0.927;;
461101;unknown;control;2024-01-09 06:00:00+00:00;0.358;;
461101;unknown;control;2024-01-09 06:15:00+00:00;0.837;;
461101;unknown;control;2024-01-09 06:30:00+00:00;0.842;;
461101;unknown;control;2024-01-09 06:45:00+00:00;0.801;;
461101;unknown;control;2024-01-09 07:00:00+00:00;0.704;;
461101;unknown;control;2024-01-09 07:15:00+00:00;0.837;;
461101;unknown;control;2024-01-09 07:30:00+00:00;0.808;;
461101;unknown;control;2024-01-09 07:45:00+00:00;0.81;;
461101;unknown;control;2024-01-09 08:00:00+00:00;1.382;;
461101;unknown;control;2024-01-09 08:15:00+00:00;1.131;;
461101;unknown;control;2024-01-09 08:30:00+00:00;1.152;;
461101;unknown;control;2024-01-09 08:45:00+00:00;0.719;;
461101;unknown;control;2024-01-09 09:00:00+00:00;0.839;;
461101;unknown;control;2024-01-09 09:15:00+00:00;0.84;;
461101;unknown;control;2024-01-09 09:30:00+00:00;0.853;;
461101;unknown;control;2024-01-09 09:45:00+00:00;0.867;;
461101;unknown;control;2024-01-09 10:00:00+00:00;0.086;;
461101;unknown;control;2024-01-09 10:15:00+00:00;0.047;;
461101;unknown;control;2024-01-09 10:30:00+00:00;0.11;;
461101;unknown;control;2024-01-09 10:45:00+00:00;0.485;;
461101;unknown;control;2024-01-09 11:00:00+00:00;0.917;;
461101;unknown;control;2024-01-09 11:15:00+00:00;0.592;;
461101;unknown;control;2024-01-09 11:30:00+00:00;1.117;;
461101;unknown;control;2024-01-09 11:45:00+00:00;0.626;;
461101;unknown;control;2024-01-09 12:00:00+00:00;0.845;;
461101;unknown;control;2024-01-09 12:15:00+00:00;0.855;;
461101;unknown;control;2024-01-09 12:30:00+00:00;0.856;;
461101;unknown;control;2024-01-09 12:45:00+00:00;0.898;;
461101;unknown;control;2024-01-09 13:00:00+00:00;0.653;;
461101;unknown;control;2024-01-09 13:15:00+00:00;0.29;;
461101;unknown;control;2024-01-09 13:30:00+00:00;0.956;;
461101;unknown;control;2024-01-09 13:45:00+00:00;0.876;;
461101;unknown;control;2024-01-09 14:00:00+00:00;1.057;;
461101;unknown;control;2024-01-09 14:15:00+00:00;1.365;;
461101;unknown;control;2024-01-09 14:30:00+00:00;0.733;;
461101;unknown;control;2024-01-09 14:45:00+00:00;0.931;;
461101;unknown;control;2024-01-09 15:00:00+00:00;0.911;;
461101;unknown;control;2024-01-09 15:15:00+00:00;1.344;;
461101;unknown;control;2024-01-09 15:30:00+00:00;0.407;;
461101;unknown;control;2024-01-09 15:45:00+00:00;0.78;;
461101;unknown;control;2024-01-09 16:00:00+00:00;0.868;;
461101;unknown;control;2024-01-09 16:15:00+00:00;1.729;;
461101;unknown;control;2024-01-09 16:30:00+00:00;0.928;;
461101;unknown;control;2024-01-09 16:45:00+00:00;0.906;;
461101;unknown;control;2024-01-09 17:00:00+00:00;0.896;;
461101;unknown;control;2024-01-09 17:15:00+00:00;0.895;;
461101;unknown;control;2024-01-09 17:30:00+00:00;0.912;;
461101;unknown;control;2024-01-09 17:45:00+00:00;1.567;;
461101;unknown;control;2024-01-09 18:00:00+00:00;1.299;;
461101;unknown;control;2024-01-09 18:15:00+00:00;1.72;;
461101;unknown;control;2024-01-09 18:30:00+00:00;1.587;;
461101;unknown;control;2024-01-09 18:45:00+00:00;1.746;;
461101;unknown;control;2024-01-09 19:00:00+00:00;1.804;;
461101;unknown;control;2024-01-09 19:15:00+00:00;1.754;;
461101;unknown;control;2024-01-09 19:30:00+00:00;1.735;;
461101;unknown;control;2024-01-09 19:45:00+00:00;1.619;;
461101;unknown;control;2024-01-09 20:00:00+00:00;1.561;;
461101;unknown;control;2024-01-09 20:15:00+00:00;1.058;;
461101;unknown;control;2024-01-09 20:30:00+00:00;0.982;;
461101;unknown;control;2024-01-09 20:45:00+00:00;0.974;;
461101;unknown;control;2024-01-09 21:00:00+00:00;0.982;;
461101;unknown;control;2024-01-09 21:15:00+00:00;0.793;;
461101;unknown;control;2024-01-09 21:30:00+00:00;0.974;;
461101;unknown;control;2024-01-09 21:45:00+00:00;0.958;;
461101;unknown;control;2024-01-09 22:00:00+00:00;0.915;;
461101;unknown;control;2024-01-09 22:15:00+00:00;0.329;;
461101;unknown;control;2024-01-09 22:30:00+00:00;0.897;;
461101;unknown;control;2024-01-09 22:45:00+00:00;0.67;;
461101;unknown;control;2024-01-09 23:00:00+00:00;0.908;;
461101;unknown;control;2024-01-09 23:15:00+00:00;0.902;;
461101;unknown;control;2024-01-09 23:30:00+00:00;0.912;;
461101;unknown;control;2024-01-09 23:45:00+00:00;0.929;;
461101;unknown;control;2024-01-10 00:00:00+00:00;0.68;;
461101;unknown;control;2024-01-10 00:15:00+00:00;0.601;;
461101;unknown;control;2024-01-10 00:30:00+00:00;0.619;;
461101;unknown;control;2024-01-10 00:45:00+00:00;0.905;;
461101;unknown;control;2024-01-10 01:00:00+00:00;0.922;;
461101;unknown;control;2024-01-10 01:15:00+00:00;0.943;;
461101;unknown;control;2024-01-10 01:30:00+00:00;0.685;;
461101;unknown;control;2024-01-10 01:45:00+00:00;0.946;;
461101;unknown;control;2024-01-10 02:00:00+00:00;0.937;;
461101;unknown;control;2024-01-10 02:15:00+00:00;0.884;;
461101;unknown;control;2024-01-10 02:30:00+00:00;0.356;;
461101;unknown;control;2024-01-10 02:45:00+00:00;0.458;;
461101;unknown;control;2024-01-10 03:00:00+00:00;0.052;;
461101;unknown;control;2024-01-10 03:15:00+00:00;0.051;;
461101;unknown;control;2024-01-10 03:30:00+00:00;0.293;;
461101;unknown;control;2024-01-10 03:45:00+00:00;0.648;;
461101;unknown;control;2024-01-10 04:00:00+00:00;0.869;;
461101;unknown;control;2024-01-10 04:15:00+00:00;0.873;;
461101;unknown;control;2024-01-10 04:30:00+00:00;0.301;;
461101;unknown;control;2024-01-10 04:45:00+00:00;0.917;;
461101;unknown;control;2024-01-10 05:00:00+00:00;0.862;;
461101;unknown;control;2024-01-10 05:15:00+00:00;0.722;;
461101;unknown;control;2024-01-10 05:30:00+00:00;0.948;;
461101;unknown;control;2024-01-10 05:45:00+00:00;0.888;;
461101;unknown;control;2024-01-10 06:00:00+00:00;0.856;;
461101;unknown;control;2024-01-10 06:15:00+00:00;0.848;;
461101;unknown;control;2024-01-10 06:30:00+00:00;0.765;;
461101;unknown;control;2024-01-10 06:45:00+00:00;0.285;;
461101;unknown;control;2024-01-10 07:00:00+00:00;0.858;;
461101;unknown;control;2024-01-10 07:15:00+00:00;1.45;;
461101;unknown;control;2024-01-10 07:30:00+00:00;1.166;;
461101;unknown;control;2024-01-10 07:45:00+00:00;0.902;;
461101;unknown;control;2024-01-10 08:00:00+00:00;0.877;;
461101;unknown;control;2024-01-10 08:15:00+00:00;0.748;;
461101;unknown;control;2024-01-10 08:30:00+00:00;0.891;;
461101;unknown;control;2024-01-10 08:45:00+00:00;0.895;;
461101;unknown;control;2024-01-10 09:00:00+00:00;0.351;;
461101;unknown;control;2024-01-10 09:15:00+00:00;0.845;;
461101;unknown;control;2024-01-10 09:30:00+00:00;0.897;;
461101;unknown;control;2024-01-10 09:45:00+00:00;1.158;;
461101;unknown;control;2024-01-10 10:00:00+00:00;1.074;;
461101;unknown;control;2024-01-10 10:15:00+00:00;0.219;;
461101;unknown;control;2024-01-10 10:30:00+00:00;0.209;;
461101;unknown;control;2024-01-10 10:45:00+00:00;0.34;;
461101;unknown;control;2024-01-10 11:00:00+00:00;0.966;;
461101;unknown;control;2024-01-10 11:15:00+00:00;0.496;;
461101;unknown;control;2024-01-10 11:30:00+00:00;0.81;;
461101;unknown;control;2024-01-10 11:45:00+00:00;0.835;;
461101;unknown;control;2024-01-10 12:00:00+00:00;0.877;;
461101;unknown;control;2024-01-10 12:15:00+00:00;0.89;;
461101;unknown;control;2024-01-10 12:30:00+00:00;0.852;;
461101;unknown;control;2024-01-10 12:45:00+00:00;0.912;;
461101;unknown;control;2024-01-10 13:00:00+00:00;1.034;;
461101;unknown;control;2024-01-10 13:15:00+00:00;0.864;;
461101;unknown;control;2024-01-10 13:30:00+00:00;0.936;;
461101;unknown;control;2024-01-10 13:45:00+00:00;0.802;;
461101;unknown;control;2024-01-10 14:00:00+00:00;0.8;;
461101;unknown;control;2024-01-10 14:15:00+00:00;0.333;;
461101;unknown;control;2024-01-10 14:30:00+00:00;0.89;;
461101;unknown;control;2024-01-10 14:45:00+00:00;0.887;;
461101;unknown;control;2024-01-10 15:00:00+00:00;0.909;;
461101;unknown;control;2024-01-10 15:15:00+00:00;0.926;;
461101;unknown;control;2024-01-10 15:30:00+00:00;0.974;;
461101;unknown;control;2024-01-10 15:45:00+00:00;0.732;;
461101;unknown;control;2024-01-10 16:00:00+00:00;0.968;;
461101;unknown;control;2024-01-10 16:15:00+00:00;0.729;;
461101;unknown;control;2024-01-10 16:30:00+00:00;0.078;;
461101;unknown;control;2024-01-10 16:45:00+00:00;0.079;;
461101;unknown;control;2024-01-10 17:00:00+00:00;0.082;;
461101;unknown;control;2024-01-10 17:15:00+00:00;0.083;;
461101;unknown;control;2024-01-10 17:30:00+00:00;0.073;;
461101;unknown;control;2024-01-10 17:45:00+00:00;0.813;;
461101;unknown;control;2024-01-10 18:00:00+00:00;0.867;;
461101;unknown;control;2024-01-10 18:15:00+00:00;0.8;;
461101;unknown;control;2024-01-10 18:30:00+00:00;0.785;;
461101;unknown;control;2024-01-10 18:45:00+00:00;0.529;;
461101;unknown;control;2024-01-10 19:00:00+00:00;0.906;;
461101;unknown;control;2024-01-10 19:15:00+00:00;0.922;;
461101;unknown;control;2024-01-10 19:30:00+00:00;0.937;;
461101;unknown;control;2024-01-10 19:45:00+00:00;0.754;;
461101;unknown;control;2024-01-10 20:00:00+00:00;0.931;;
461101;unknown;control;2024-01-10 20:15:00+00:00;0.976;;
461101;unknown;control;2024-01-10 20:30:00+00:00;0.975;;
461101;unknown;control;2024-01-10 20:45:00+00:00;0.383;;
461101;unknown;control;2024-01-10 21:00:00+00:00;0.991;;
461101;unknown;control;2024-01-10 21:15:00+00:00;0.863;;
461101;unknown;control;2024-01-10 21:30:00+00:00;0.978;;
461101;unknown;control;2024-01-10 21:45:00+00:00;0.968;;
461101;unknown;control;2024-01-10 22:00:00+00:00;1.218;;
461101;unknown;control;2024-01-10 22:15:00+00:00;0.839;;
461101;unknown;control;2024-01-10 22:30:00+00:00;0.183;;
461101;unknown;control;2024-01-10 22:45:00+00:00;0.669;;
461101;unknown;control;2024-01-10 23:00:00+00:00;0.055;;
461101;unknown;control;2024-01-10 23:15:00+00:00;0.866;;
461101;unknown;control;2024-01-10 23:30:00+00:00;0.9;;
461101;unknown;control;2024-01-10 23:45:00+00:00;0.682;;
461101;unknown;control;2024-01-11 00:00:00+00:00;0.93;;
461101;unknown;control;2024-01-11 00:15:00+00:00;0.922;;
461101;unknown;control;2024-01-11 00:30:00+00:00;0.934;;
461101;unknown;control;2024-01-11 00:45:00+00:00;0.617;;
461101;unknown;control;2024-01-11 01:00:00+00:00;0.207;;
461101;unknown;control;2024-01-11 01:15:00+00:00;0.052;;
461101;unknown;control;2024-01-11 01:30:00+00:00;0.411;;
461101;unknown;control;2024-01-11 01:45:00+00:00;0.651;;
461101;unknown;control;2024-01-11 02:00:00+00:00;0.881;;
461101;unknown;control;2024-01-11 02:15:00+00:00;0.885;;
461101;unknown;control;2024-01-11 02:30:00+00:00;0.904;;
461101;unknown;control;2024-01-11 02:45:00+00:00;0.927;;
461101;unknown;control;2024-01-11 03:00:00+00:00;0.689;;
461101;unknown;control;2024-01-11 03:15:00+00:00;0.051;;
461101;unknown;control;2024-01-11 03:30:00+00:00;0.046;;
461101;unknown;control;2024-01-11 03:45:00+00:00;0.73;;
461101;unknown;control;2024-01-11 04:00:00+00:00;0.886;;
461101;unknown;control;2024-01-11 04:15:00+00:00;0.902;;
461101;unknown;control;2024-01-11 04:30:00+00:00;0.918;;
461101;unknown;control;2024-01-11 04:45:00+00:00;0.957;;
461101;unknown;control;2024-01-11 05:00:00+00:00;0.638;;
461101;unknown;control;2024-01-11 05:15:00+00:00;0.731;;
461101;unknown;control;2024-01-11 05:30:00+00:00;0.756;;
461101;unknown;control;2024-01-11 05:45:00+00:00;0.504;;
461101;unknown;control;2024-01-11 06:00:00+00:00;0.867;;
461101;unknown;control;2024-01-11 06:15:00+00:00;0.87;;
461101;unknown;control;2024-01-11 06:30:00+00:00;0.824;;
461101;unknown;control;2024-01-11 06:45:00+00:00;0.742;;
461101;unknown;control;2024-01-11 07:00:00+00:00;0.845;;
461101;unknown;control;2024-01-11 07:15:00+00:00;0.836;;
461101;unknown;control;2024-01-11 07:30:00+00:00;0.837;;
461101;unknown;control;2024-01-11 07:45:00+00:00;0.419;;
461101;unknown;control;2024-01-11 08:00:00+00:00;0.769;;
461101;unknown;control;2024-01-11 08:15:00+00:00;0.86;;
461101;unknown;control;2024-01-11 08:30:00+00:00;0.782;;
461101;unknown;control;2024-01-11 08:45:00+00:00;0.755;;
461101;unknown;control;2024-01-11 09:00:00+00:00;0.914;;
461101;unknown;control;2024-01-11 09:15:00+00:00;0.975;;
461101;unknown;control;2024-01-11 09:30:00+00:00;0.921;;
461101;unknown;control;2024-01-11 09:45:00+00:00;0.86;;
461101;unknown;control;2024-01-11 10:00:00+00:00;0.05;;
461101;unknown;control;2024-01-11 10:15:00+00:00;0.051;;
461101;unknown;control;2024-01-11 10:30:00+00:00;0.055;;
461101;unknown;control;2024-01-11 10:45:00+00:00;0.047;;
461101;unknown;control;2024-01-11 11:00:00+00:00;0.621;;
461101;unknown;control;2024-01-11 11:15:00+00:00;0.837;;
461101;unknown;control;2024-01-11 11:30:00+00:00;0.307;;
461101;unknown;control;2024-01-11 11:45:00+00:00;0.842;;
461101;unknown;control;2024-01-11 12:00:00+00:00;1.201;;
461101;unknown;control;2024-01-11 12:15:00+00:00;1.313;;
461101;unknown;control;2024-01-11 12:30:00+00:00;0.775;;
461101;unknown;control;2024-01-11 12:45:00+00:00;0.934;;
461101;unknown;control;2024-01-11 13:00:00+00:00;0.945;;
461101;unknown;control;2024-01-11 13:15:00+00:00;0.952;;
461101;unknown;control;2024-01-11 13:30:00+00:00;0.441;;
461101;unknown;control;2024-01-11 13:45:00+00:00;0.795;;
461101;unknown;control;2024-01-11 14:00:00+00:00;1.4;;
461101;unknown;control;2024-01-11 14:15:00+00:00;1.349;;
461101;unknown;control;2024-01-11 14:30:00+00:00;0.946;;
461101;unknown;control;2024-01-11 14:45:00+00:00;0.724;;
461101;unknown;control;2024-01-11 15:00:00+00:00;0.3;;
461101;unknown;control;2024-01-11 15:15:00+00:00;0.325;;
461101;unknown;control;2024-01-11 15:30:00+00:00;1.319;;
461101;unknown;control;2024-01-11 15:45:00+00:00;0.719;;
461101;unknown;control;2024-01-11 16:00:00+00:00;1.158;;
461101;unknown;control;2024-01-11 16:15:00+00:00;1.004;;
461101;unknown;control;2024-01-11 16:30:00+00:00;0.2;;
461101;unknown;control;2024-01-11 16:45:00+00:00;0.556;;
461101;unknown;control;2024-01-11 17:00:00+00:00;0.467;;
461101;unknown;control;2024-01-11 17:15:00+00:00;0.303;;
461101;unknown;control;2024-01-11 17:30:00+00:00;0.299;;
461101;unknown;control;2024-01-11 17:45:00+00:00;0.769;;
461101;unknown;control;2024-01-11 18:00:00+00:00;0.751;;
461101;unknown;control;2024-01-11 18:15:00+00:00;0.864;;
461101;unknown;control;2024-01-11 18:30:00+00:00;0.997;;
461101;unknown;control;2024-01-11 18:45:00+00:00;0.991;;
461101;unknown;control;2024-01-11 19:00:00+00:00;1.002;;
461101;unknown;control;2024-01-11 19:15:00+00:00;0.951;;
461101;unknown;control;2024-01-11 19:30:00+00:00;0.914;;
461101;unknown;control;2024-01-11 19:45:00+00:00;0.817;;
461101;unknown;control;2024-01-11 20:00:00+00:00;0.996;;
461101;unknown;control;2024-01-11 20:15:00+00:00;0.358;;
461101;unknown;control;2024-01-11 20:30:00+00:00;0.969;;
461101;unknown;control;2024-01-11 20:45:00+00:00;0.964;;
461101;unknown;control;2024-01-11 21:00:00+00:00;0.814;;
461101;unknown;control;2024-01-11 21:15:00+00:00;0.915;;
461101;unknown;control;2024-01-11 21:30:00+00:00;1.098;;
461101;unknown;control;2024-01-11 21:45:00+00:00;1.321;;
461101;unknown;control;2024-01-11 22:00:00+00:00;1.057;;
461101;unknown;control;2024-01-11 22:15:00+00:00;0.605;;
461101;unknown;control;2024-01-11 22:30:00+00:00;0.085;;
461101;unknown;control;2024-01-11 22:45:00+00:00;0.081;;
461101;unknown;control;2024-01-11 23:00:00+00:00;0.611;;
461101;unknown;control;2024-01-11 23:15:00+00:00;0.743;;
461101;unknown;control;2024-01-11 23:30:00+00:00;0.377;;
461101;unknown;control;2024-01-11 23:45:00+00:00;0.873;;
461101;unknown;control;2024-01-12 00:00:00+00:00;0.87;;
461101;unknown;control;2024-01-12 00:15:00+00:00;0.888;;
461101;unknown;control;2024-01-12 00:30:00+00:00;0.702;;
461101;unknown;control;2024-01-12 00:45:00+00:00;0.892;;
461101;unknown;control;2024-01-12 01:00:00+00:00;0.916;;
461101;unknown;control;2024-01-12 01:15:00+00:00;0.914;;
461101;unknown;control;2024-01-12 01:30:00+00:00;0.3;;
461101;unknown;control;2024-01-12 01:45:00+00:00;0.927;;
461101;unknown;control;2024-01-12 02:00:00+00:00;0.685;;
461101;unknown;control;2024-01-12 02:15:00+00:00;0.928;;
461101;unknown;control;2024-01-12 02:30:00+00:00;0.922;;
461101;unknown;control;2024-01-12 02:45:00+00:00;0.931;;
461101;unknown;control;2024-01-12 03:00:00+00:00;0.941;;
461101;unknown;control;2024-01-12 03:15:00+00:00;0.693;;
461101;unknown;control;2024-01-12 03:30:00+00:00;0.081;;
461101;unknown;control;2024-01-12 03:45:00+00:00;0.054;;
461101;unknown;control;2024-01-12 04:00:00+00:00;0.436;;
461101;unknown;control;2024-01-12 04:15:00+00:00;0.238;;
461101;unknown;control;2024-01-12 04:30:00+00:00;0.855;;
461101;unknown;control;2024-01-12 04:45:00+00:00;0.898;;
461101;unknown;control;2024-01-12 05:00:00+00:00;0.872;;
461101;unknown;control;2024-01-12 05:15:00+00:00;0.852;;
461101;unknown;control;2024-01-12 05:30:00+00:00;0.885;;
461101;unknown;control;2024-01-12 05:45:00+00:00;0.882;;
461101;unknown;control;2024-01-12 06:00:00+00:00;0.884;;
461101;unknown;control;2024-01-12 06:15:00+00:00;0.405;;
461101;unknown;control;2024-01-12 06:30:00+00:00;0.787;;
461101;unknown;control;2024-01-12 06:45:00+00:00;0.851;;
461101;unknown;control;2024-01-12 07:00:00+00:00;0.873;;
461101;unknown;control;2024-01-12 07:15:00+00:00;0.643;;
461101;unknown;control;2024-01-12 07:30:00+00:00;0.888;;
461101;unknown;control;2024-01-12 07:45:00+00:00;1.248;;
461101;unknown;control;2024-01-12 08:00:00+00:00;0.88;;
461101;unknown;control;2024-01-12 08:15:00+00:00;0.695;;
461101;unknown;control;2024-01-12 08:30:00+00:00;0.524;;
461101;unknown;control;2024-01-12 08:45:00+00:00;0.723;;
461101;unknown;control;2024-01-12 09:00:00+00:00;0.33;;
461101;unknown;control;2024-01-12 09:15:00+00:00;0.842;;
461101;unknown;control;2024-01-12 09:30:00+00:00;0.856;;
461101;unknown;control;2024-01-12 09:45:00+00:00;1.152;;
461101;unknown;control;2024-01-12 10:00:00+00:00;0.189;;
461101;unknown;control;2024-01-12 10:15:00+00:00;0.187;;
461101;unknown;control;2024-01-12 10:30:00+00:00;0.202;;
461101;unknown;control;2024-01-12 10:45:00+00:00;0.312;;
461101;unknown;control;2024-01-12 11:00:00+00:00;1.147;;
461101;unknown;control;2024-01-12 11:15:00+00:00;1.106;;
461101;unknown;control;2024-01-12 11:30:00+00:00;0.525;;
461101;unknown;control;2024-01-12 11:45:00+00:00;0.927;;
461101;unknown;control;2024-01-12 12:00:00+00:00;0.918;;
461101;unknown;control;2024-01-12 12:15:00+00:00;0.951;;
461101;unknown;control;2024-01-12 12:30:00+00:00;1.129;;
461101;unknown;control;2024-01-12 12:45:00+00:00;0.895;;
461101;unknown;control;2024-01-12 13:00:00+00:00;0.682;;
461101;unknown;control;2024-01-12 13:15:00+00:00;0.914;;
461101;unknown;control;2024-01-12 13:30:00+00:00;0.338;;
461101;unknown;control;2024-01-12 13:45:00+00:00;0.907;;
461101;unknown;control;2024-01-12 14:00:00+00:00;0.894;;
461101;unknown;control;2024-01-12 14:15:00+00:00;0.914;;
461101;unknown;control;2024-01-12 14:30:00+00:00;0.757;;
461101;unknown;control;2024-01-12 14:45:00+00:00;0.93;;
461101;unknown;control;2024-01-12 15:00:00+00:00;1.132;;
461101;unknown;control;2024-01-12 15:15:00+00:00;0.924;;
461101;unknown;control;2024-01-12 15:30:00+00:00;0.67;;
461101;unknown;control;2024-01-12 15:45:00+00:00;0.618;;
461101;unknown;control;2024-01-12 16:00:00+00:00;0.935;;
461101;unknown;control;2024-01-12 16:15:00+00:00;0.836;;
461101;unknown;control;2024-01-12 16:30:00+00:00;0.109;;
461101;unknown;control;2024-01-12 16:45:00+00:00;0.086;;
461101;unknown;control;2024-01-12 17:00:00+00:00;0.084;;
461101;unknown;control;2024-01-12 17:15:00+00:00;0.083;;
461101;unknown;control;2024-01-12 17:30:00+00:00;0.08;;
461101;unknown;control;2024-01-12 17:45:00+00:00;0.71;;
461101;unknown;control;2024-01-12 18:00:00+00:00;0.982;;
461101;unknown;control;2024-01-12 18:15:00+00:00;1.623;;
461101;unknown;control;2024-01-12 18:30:00+00:00;0.809;;
461101;unknown;control;2024-01-12 18:45:00+00:00;1.198;;
461101;unknown;control;2024-01-12 19:00:00+00:00;1.021;;
461101;unknown;control;2024-01-12 19:15:00+00:00;0.745;;
461101;unknown;control;2024-01-12 19:30:00+00:00;0.901;;
461101;unknown;control;2024-01-12 19:45:00+00:00;0.921;;
461101;unknown;control;2024-01-12 20:00:00+00:00;0.9;;
461101;unknown;control;2024-01-12 20:15:00+00:00;0.966;;
461101;unknown;control;2024-01-12 20:30:00+00:00;0.826;;
461101;unknown;control;2024-01-12 20:45:00+00:00;0.753;;
461101;unknown;control;2024-01-12 21:00:00+00:00;0.615;;
461101;unknown;control;2024-01-12 21:15:00+00:00;1.404;;
461101;unknown;control;2024-01-12 21:30:00+00:00;1.832;;
461101;unknown;control;2024-01-12 21:45:00+00:00;2.18;;
461101;unknown;control;2024-01-12 22:00:00+00:00;1.673;;
461101;unknown;control;2024-01-12 22:15:00+00:00;1.76;;
461101;unknown;control;2024-01-12 22:30:00+00:00;1.75;;
461101;unknown;control;2024-01-12 22:45:00+00:00;2.048;;
461101;unknown;control;2024-01-12 23:00:00+00:00;1.284;;
461101;unknown;control;2024-01-12 23:15:00+00:00;1.754;;
461101;unknown;control;2024-01-12 23:30:00+00:00;1.625;;
461101;unknown;control;2024-01-12 23:45:00+00:00;1.75;;
461101;unknown;control;2024-01-13 00:00:00+00:00;1.763;;
461101;unknown;control;2024-01-13 00:15:00+00:00;1.777;;
461101;unknown;control;2024-01-13 00:30:00+00:00;1.08;;
461101;unknown;control;2024-01-13 00:45:00+00:00;0.883;;
461101;unknown;control;2024-01-13 01:00:00+00:00;1.191;;
461101;unknown;control;2024-01-13 01:15:00+00:00;1.302;;
461101;unknown;control;2024-01-13 01:30:00+00:00;1.714;;
461101;unknown;control;2024-01-13 01:45:00+00:00;1.61;;
461101;unknown;control;2024-01-13 02:00:00+00:00;1.612;;
461101;unknown;control;2024-01-13 02:15:00+00:00;1.672;;
461101;unknown;control;2024-01-13 02:30:00+00:00;1.644;;
461101;unknown;control;2024-01-13 02:45:00+00:00;1.462;;
461101;unknown;control;2024-01-13 03:00:00+00:00;0.989;;
461101;unknown;control;2024-01-13 03:15:00+00:00;0.943;;
461101;unknown;control;2024-01-13 03:30:00+00:00;0.383;;
461101;unknown;control;2024-01-13 03:45:00+00:00;0.286;;
461101;unknown;control;2024-01-13 04:00:00+00:00;0.926;;
461101;unknown;control;2024-01-13 04:15:00+00:00;0.881;;
461101;unknown;control;2024-01-13 04:30:00+00:00;0.907;;
461101;unknown;control;2024-01-13 04:45:00+00:00;0.924;;
461101;unknown;control;2024-01-13 05:00:00+00:00;0.701;;
461101;unknown;control;2024-01-13 05:15:00+00:00;0.952;;
461101;unknown;control;2024-01-13 05:30:00+00:00;0.518;;
461101;unknown;control;2024-01-13 05:45:00+00:00;0.71;;
461101;unknown;control;2024-01-13 06:00:00+00:00;0.922;;
461101;unknown;control;2024-01-13 06:15:00+00:00;0.831;;
461101;unknown;control;2024-01-13 06:30:00+00:00;0.774;;
461101;unknown;control;2024-01-13 06:45:00+00:00;0.898;;
461101;unknown;control;2024-01-13 07:00:00+00:00;0.85;;
461101;unknown;control;2024-01-13 07:15:00+00:00;0.846;;
461101;unknown;control;2024-01-13 07:30:00+00:00;0.788;;
461101;unknown;control;2024-01-13 07:45:00+00:00;0.66;;
461101;unknown;control;2024-01-13 08:00:00+00:00;0.381;;
461101;unknown;control;2024-01-13 08:15:00+00:00;0.862;;
461101;unknown;control;2024-01-13 08:30:00+00:00;0.845;;
461101;unknown;control;2024-01-13 08:45:00+00:00;0.848;;
461101;unknown;control;2024-01-13 09:00:00+00:00;0.927;;
461101;unknown;control;2024-01-13 09:15:00+00:00;0.935;;
461101;unknown;control;2024-01-13 09:30:00+00:00;0.908;;
461101;unknown;control;2024-01-13 09:45:00+00:00;0.94;;
461101;unknown;control;2024-01-13 10:00:00+00:00;1.027;;
461101;unknown;control;2024-01-13 10:15:00+00:00;0.564;;
461101;unknown;control;2024-01-13 10:30:00+00:00;1.0;;
461101;unknown;control;2024-01-13 10:45:00+00:00;1.023;;
461101;unknown;control;2024-01-13 11:00:00+00:00;0.75;;
461101;unknown;control;2024-01-13 11:15:00+00:00;1.004;;
461101;unknown;control;2024-01-13 11:30:00+00:00;0.955;;
461101;unknown;control;2024-01-13 11:45:00+00:00;0.946;;
461101;unknown;control;2024-01-13 12:00:00+00:00;0.962;;
461101;unknown;control;2024-01-13 12:15:00+00:00;0.706;;
461101;unknown;control;2024-01-13 12:30:00+00:00;0.365;;
461101;unknown;control;2024-01-13 12:45:00+00:00;1.003;;
461101;unknown;control;2024-01-13 13:00:00+00:00;0.988;;
461101;unknown;control;2024-01-13 13:15:00+00:00;1.178;;
461101;unknown;control;2024-01-13 13:30:00+00:00;1.402;;
461101;unknown;control;2024-01-13 13:45:00+00:00;1.057;;
461101;unknown;control;2024-01-13 14:00:00+00:00;0.52;;
461101;unknown;control;2024-01-13 14:15:00+00:00;0.402;;
461101;unknown;control;2024-01-13 14:30:00+00:00;0.654;;
461101;unknown;control;2024-01-13 14:45:00+00:00;0.491;;
461101;unknown;control;2024-01-13 15:00:00+00:00;0.947;;
461101;unknown;control;2024-01-13 15:15:00+00:00;0.942;;
461101;unknown;control;2024-01-13 15:30:00+00:00;0.92;;
461101;unknown;control;2024-01-13 15:45:00+00:00;1.003;;
461101;unknown;control;2024-01-13 16:00:00+00:00;0.571;;
461101;unknown;control;2024-01-13 16:15:00+00:00;0.15;;
461101;unknown;control;2024-01-13 16:30:00+00:00;0.328;;
461101;unknown;control;2024-01-13 16:45:00+00:00;0.767;;
461101;unknown;control;2024-01-13 17:00:00+00:00;0.574;;
461101;unknown;control;2024-01-13 17:15:00+00:00;0.755;;
461101;unknown;control;2024-01-13 17:30:00+00:00;1.164;;
461101;unknown;control;2024-01-13 17:45:00+00:00;1.309;;
461101;unknown;control;2024-01-13 18:00:00+00:00;1.33;;
461101;unknown;control;2024-01-13 18:15:00+00:00;1.102;;
461101;unknown;control;2024-01-13 18:30:00+00:00;0.961;;
461101;unknown;control;2024-01-13 18:45:00+00:00;0.937;;
461101;unknown;control;2024-01-13 19:00:00+00:00;0.881;;
461101;unknown;control;2024-01-13 19:15:00+00:00;0.445;;
461101;unknown;control;2024-01-13 19:30:00+00:00;0.992;;
461101;unknown;control;2024-01-13 19:45:00+00:00;0.737;;
461101;unknown;control;2024-01-13 20:00:00+00:00;0.935;;
461101;unknown;control;2024-01-13 20:15:00+00:00;1.505;;
461101;unknown;control;2024-01-13 20:30:00+00:00;1.893;;
461101;unknown;control;2024-01-13 20:45:00+00:00;1.814;;
461101;unknown;control;2024-01-13 21:00:00+00:00;1.692;;
461101;unknown;control;2024-01-13 21:15:00+00:00;1.623;;
461101;unknown;control;2024-01-13 21:30:00+00:00;1.426;;
461101;unknown;control;2024-01-13 21:45:00+00:00;1.791;;
461101;unknown;control;2024-01-13 22:00:00+00:00;1.783;;
461101;unknown;control;2024-01-13 22:15:00+00:00;1.74;;
461101;unknown;control;2024-01-13 22:30:00+00:00;1.918;;
461101;unknown;control;2024-01-13 22:45:00+00:00;1.897;;
461101;unknown;control;2024-01-13 23:00:00+00:00;1.161;;
461101;unknown;control;2024-01-13 23:15:00+00:00;0.567;;
461101;unknown;control;2024-01-13 23:30:00+00:00;0.851;;
461101;unknown;control;2024-01-13 23:45:00+00:00;1.001;;
461101;unknown;control;2024-01-14 00:00:00+00:00;1.274;;
461101;unknown;control;2024-01-14 00:15:00+00:00;0.936;;
461101;unknown;control;2024-01-14 00:30:00+00:00;0.942;;
461101;unknown;control;2024-01-14 00:45:00+00:00;0.414;;
461101;unknown;control;2024-01-14 01:00:00+00:00;0.055;;
461101;unknown;control;2024-01-14 01:15:00+00:00;0.054;;
461101;unknown;control;2024-01-14 01:30:00+00:00;0.61;;
461101;unknown;control;2024-01-14 01:45:00+00:00;0.672;;
461101;unknown;control;2024-01-14 02:00:00+00:00;0.353;;
461101;unknown;control;2024-01-14 02:15:00+00:00;0.869;;
461101;unknown;control;2024-01-14 02:30:00+00:00;0.876;;
461101;unknown;control;2024-01-14 02:45:00+00:00;0.897;;
461101;unknown;control;2024-01-14 03:00:00+00:00;0.792;;
461101;unknown;control;2024-01-14 03:15:00+00:00;0.912;;
461101;unknown;control;2024-01-14 03:30:00+00:00;0.922;;
461101;unknown;control;2024-01-14 03:45:00+00:00;0.929;;
461101;unknown;control;2024-01-14 04:00:00+00:00;0.252;;
461101;unknown;control;2024-01-14 04:15:00+00:00;0.046;;
461101;unknown;control;2024-01-14 04:30:00+00:00;0.155;;
461101;unknown;control;2024-01-14 04:45:00+00:00;0.872;;
461101;unknown;control;2024-01-14 05:00:00+00:00;0.884;;
461101;unknown;control;2024-01-14 05:15:00+00:00;0.942;;
461101;unknown;control;2024-01-14 05:30:00+00:00;0.785;;
461101;unknown;control;2024-01-14 05:45:00+00:00;0.925;;
461101;unknown;control;2024-01-14 06:00:00+00:00;0.591;;
461101;unknown;control;2024-01-14 06:15:00+00:00;0.615;;
461101;unknown;control;2024-01-14 06:30:00+00:00;0.922;;
461101;unknown;control;2024-01-14 06:45:00+00:00;0.906;;
461101;unknown;control;2024-01-14 07:00:00+00:00;0.73;;
461101;unknown;control;2024-01-14 07:15:00+00:00;0.843;;
461101;unknown;control;2024-01-14 07:30:00+00:00;0.91;;
461101;unknown;control;2024-01-14 07:45:00+00:00;0.907;;
461101;unknown;control;2024-01-14 08:00:00+00:00;0.867;;
461101;unknown;control;2024-01-14 08:15:00+00:00;0.362;;
461101;unknown;control;2024-01-14 08:30:00+00:00;0.67;;
461101;unknown;control;2024-01-14 08:45:00+00:00;0.913;;
461101;unknown;control;2024-01-14 09:00:00+00:00;0.898;;
461101;unknown;control;2024-01-14 09:15:00+00:00;0.924;;
461101;unknown;control;2024-01-14 09:30:00+00:00;1.237;;
461101;unknown;control;2024-01-14 09:45:00+00:00;0.728;;
461101;unknown;control;2024-01-14 10:00:00+00:00;0.24;;
461101;unknown;control;2024-01-14 10:15:00+00:00;0.596;;
461101;unknown;control;2024-01-14 10:30:00+00:00;1.025;;
461101;unknown;control;2024-01-14 10:45:00+00:00;1.785;;
461101;unknown;control;2024-01-14 11:00:00+00:00;1.716;;
461101;unknown;control;2024-01-14 11:15:00+00:00;1.668;;
461101;unknown;control;2024-01-14 11:30:00+00:00;1.478;;
461101;unknown;control;2024-01-14 11:45:00+00:00;0.922;;
461101;unknown;control;2024-01-14 12:00:00+00:00;0.483;;
461101;unknown;control;2024-01-14 12:15:00+00:00;0.261;;
461101;unknown;control;2024-01-14 12:30:00+00:00;0.729;;
461101;unknown;control;2024-01-14 12:45:00+00:00;0.385;;
461101;unknown;control;2024-01-14 13:00:00+00:00;0.758;;
461101;unknown;control;2024-01-14 13:15:00+00:00;0.852;;
461101;unknown;control;2024-01-14 13:30:00+00:00;0.885;;
461101;unknown;control;2024-01-14 13:45:00+00:00;0.657;;
461101;unknown;control;2024-01-14 14:00:00+00:00;0.064;;
461101;unknown;control;2024-01-14 14:15:00+00:00;0.063;;
461101;unknown;control;2024-01-14 14:30:00+00:00;0.049;;
461101;unknown;control;2024-01-14 14:45:00+00:00;0.471;;
461101;unknown;control;2024-01-14 15:00:00+00:00;0.27;;
461101;unknown;control;2024-01-14 15:15:00+00:00;0.88;;
461101;unknown;control;2024-01-14 15:30:00+00:00;0.789;;
461101;unknown;control;2024-01-14 15:45:00+00:00;0.89;;
461101;unknown;control;2024-01-14 16:00:00+00:00;0.967;;
461101;unknown;control;2024-01-14 16:15:00+00:00;1.037;;
461101;unknown;control;2024-01-14 16:30:00+00:00;1.045;;
461101;unknown;control;2024-01-14 16:45:00+00:00;1.553;;
461101;unknown;control;2024-01-14 17:00:00+00:00;1.363;;
461101;unknown;control;2024-01-14 17:15:00+00:00;1.728;;
461101;unknown;control;2024-01-14 17:30:00+00:00;1.97;;
461101;unknown;control;2024-01-14 17:45:00+00:00;2.015;;
461101;unknown;control;2024-01-14 18:00:00+00:00;1.912;;
461101;unknown;control;2024-01-14 18:15:00+00:00;1.459;;
461101;unknown;control;2024-01-14 18:30:00+00:00;0.95;;
461101;unknown;control;2024-01-14 18:45:00+00:00;0.958;;
461101;unknown;control;2024-01-14 19:00:00+00:00;1.519;;
461101;unknown;control;2024-01-14 19:15:00+00:00;1.277;;
461101;unknown;control;2024-01-14 19:30:00+00:00;1.589;;
461101;unknown;control;2024-01-14 19:45:00+00:00;1.335;;
461101;unknown;control;2024-01-14 20:00:00+00:00;1.328;;
461101;unknown;control;2024-01-14 20:15:00+00:00;1.378;;
461101;unknown;control;2024-01-14 20:30:00+00:00;1.276;;
461101;unknown;control;2024-01-14 20:45:00+00:00;1.205;;
461101;unknown;control;2024-01-14 21:00:00+00:00;0.852;;
461101;unknown;control;2024-01-14 21:15:00+00:00;0.404;;
461101;unknown;control;2024-01-14 21:30:00+00:00;0.375;;
461101;unknown;control;2024-01-14 21:45:00+00:00;0.545;;
461101;unknown;control;2024-01-14 22:00:00+00:00;0.326;;
461101;unknown;control;2024-01-14 22:15:00+00:00;0.998;;
461101;unknown;control;2024-01-14 22:30:00+00:00;1.263;;
461101;unknown;control;2024-01-14 22:45:00+00:00;0.907;;
461101;unknown;control;2024-01-14 23:00:00+00:00;0.808;;
461101;unknown;control;2024-01-14 23:15:00+00:00;0.347;;
461101;unknown;control;2024-01-14 23:30:00+00:00;0.05;;
461101;unknown;control;2024-01-14 23:45:00+00:00;0.044;;
461101;unknown;control;2024-01-15 00:00:00+00:00;0.432;;
461101;unknown;control;2024-01-15 00:15:00+00:00;0.527;;
461101;unknown;control;2024-01-15 00:30:00+00:00;0.868;;
461101;unknown;control;2024-01-15 00:45:00+00:00;0.89;;
461101;unknown;control;2024-01-15 01:00:00+00:00;0.918;;
461101;unknown;control;2024-01-15 01:15:00+00:00;0.282;;
461101;unknown;control;2024-01-15 01:30:00+00:00;0.051;;
461101;unknown;control;2024-01-15 01:45:00+00:00;0.031;;
461101;unknown;control;2024-01-15 02:00:00+00:00;0.384;;
461101;unknown;control;2024-01-15 02:15:00+00:00;0.167;;
461101;unknown;control;2024-01-15 02:30:00+00:00;0.826;;
461101;unknown;control;2024-01-15 02:45:00+00:00;0.78;;
461101;unknown;control;2024-01-15 03:00:00+00:00;0.882;;
461101;unknown;control;2024-01-15 03:15:00+00:00;0.904;;
461101;unknown;control;2024-01-15 03:30:00+00:00;0.925;;
461101;unknown;control;2024-01-15 03:45:00+00:00;0.232;;
461101;unknown;control;2024-01-15 04:00:00+00:00;0.098;;
461101;unknown;control;2024-01-15 04:15:00+00:00;0.3;;
461101;unknown;control;2024-01-15 04:30:00+00:00;0.64;;
461101;unknown;control;2024-01-15 04:45:00+00:00;0.787;;
461101;unknown;control;2024-01-15 05:00:00+00:00;0.903;;
461101;unknown;control;2024-01-15 05:15:00+00:00;0.89;;
461101;unknown;control;2024-01-15 05:30:00+00:00;0.982;;
461101;unknown;control;2024-01-15 05:45:00+00:00;0.944;;
461101;unknown;control;2024-01-15 06:00:00+00:00;0.808;;
461101;unknown;control;2024-01-15 06:15:00+00:00;0.926;;
461101;unknown;control;2024-01-15 06:30:00+00:00;0.296;;
461101;unknown;control;2024-01-15 06:45:00+00:00;0.867;;
461101;unknown;control;2024-01-15 07:00:00+00:00;0.867;;
461101;unknown;control;2024-01-15 07:15:00+00:00;0.874;;
461101;unknown;control;2024-01-15 07:30:00+00:00;0.94;;
461101;unknown;control;2024-01-15 07:45:00+00:00;0.839;;
461101;unknown;control;2024-01-15 08:00:00+00:00;0.914;;
461101;unknown;control;2024-01-15 08:15:00+00:00;0.912;;
461101;unknown;control;2024-01-15 08:30:00+00:00;0.991;;
461101;unknown;control;2024-01-15 08:45:00+00:00;1.032;;
461101;unknown;control;2024-01-15 09:00:00+00:00;0.412;;
461101;unknown;control;2024-01-15 09:15:00+00:00;1.286;;
461101;unknown;control;2024-01-15 09:30:00+00:00;0.963;;
461101;unknown;control;2024-01-15 09:45:00+00:00;0.929;;
461101;unknown;control;2024-01-15 10:00:00+00:00;0.891;;
461101;unknown;control;2024-01-15 10:15:00+00:00;0.1;;
461101;unknown;control;2024-01-15 10:30:00+00:00;0.038;;
461101;unknown;control;2024-01-15 10:45:00+00:00;0.045;;
461101;unknown;control;2024-01-15 11:00:00+00:00;0.769;;
461101;unknown;control;2024-01-15 11:15:00+00:00;0.695;;
461101;unknown;control;2024-01-15 11:30:00+00:00;0.936;;
461101;unknown;control;2024-01-15 11:45:00+00:00;0.866;;
461101;unknown;control;2024-01-15 12:00:00+00:00;0.854;;
461101;unknown;control;2024-01-15 12:15:00+00:00;0.941;;
461101;unknown;control;2024-01-15 12:30:00+00:00;0.923;;
461101;unknown;control;2024-01-15 12:45:00+00:00;0.897;;
461101;unknown;control;2024-01-15 13:00:00+00:00;0.904;;
461101;unknown;control;2024-01-15 13:15:00+00:00;0.691;;
461101;unknown;control;2024-01-15 13:30:00+00:00;0.51;;
461101;unknown;control;2024-01-15 13:45:00+00:00;1.242;;
461101;unknown;control;2024-01-15 14:00:00+00:00;0.906;;
461101;unknown;control;2024-01-15 14:15:00+00:00;0.767;;
461101;unknown;control;2024-01-15 14:30:00+00:00;0.876;;
461101;unknown;control;2024-01-15 14:45:00+00:00;0.192;;
461101;unknown;control;2024-01-15 15:00:00+00:00;0.065;;
461101;unknown;control;2024-01-15 15:15:00+00:00;0.339;;
461101;unknown;control;2024-01-15 15:30:00+00:00;0.437;;
461101;unknown;control;2024-01-15 15:45:00+00:00;0.932;;
461101;unknown;control;2024-01-15 16:00:00+00:00;1.077;;
461101;unknown;control;2024-01-15 16:15:00+00:00;1.2;;
461101;unknown;control;2024-01-15 16:30:00+00:00;0.198;;
461101;unknown;control;2024-01-15 16:45:00+00:00;0.086;;
461101;unknown;control;2024-01-15 17:00:00+00:00;0.038;;
461101;unknown;control;2024-01-15 17:15:00+00:00;0.035;;
461101;unknown;control;2024-01-15 17:30:00+00:00;0.041;;
461101;unknown;control;2024-01-15 17:45:00+00:00;0.699;;
461101;unknown;control;2024-01-15 18:00:00+00:00;0.843;;
461101;unknown;control;2024-01-15 18:15:00+00:00;0.565;;
461101;unknown;control;2024-01-15 18:30:00+00:00;0.621;;
461101;unknown;control;2024-01-15 18:45:00+00:00;0.844;;
461101;unknown;control;2024-01-15 19:00:00+00:00;0.863;;
461101;unknown;control;2024-01-15 19:15:00+00:00;0.881;;
461101;unknown;control;2024-01-15 19:30:00+00:00;0.886;;
461101;unknown;control;2024-01-15 19:45:00+00:00;0.814;;
461101;unknown;control;2024-01-15 20:00:00+00:00;0.915;;
461101;unknown;control;2024-01-15 20:15:00+00:00;0.887;;
461101;unknown;control;2024-01-15 20:30:00+00:00;0.352;;
461101;unknown;control;2024-01-15 20:45:00+00:00;0.849;;
461101;unknown;control;2024-01-15 21:00:00+00:00;0.052;;
461101;unknown;control;2024-01-15 21:15:00+00:00;0.051;;
461101;unknown;control;2024-01-15 21:30:00+00:00;0.035;;
461101;unknown;control;2024-01-15 21:45:00+00:00;0.526;;
461101;unknown;control;2024-01-15 22:00:00+00:00;0.92;;
461101;unknown;control;2024-01-15 22:15:00+00:00;0.82;;
461101;unknown;control;2024-01-15 22:30:00+00:00;0.567;;
461101;unknown;control;2024-01-15 22:45:00+00:00;0.636;;
461101;unknown;control;2024-01-15 23:00:00+00:00;0.899;;
461101;unknown;control;2024-01-15 23:15:00+00:00;0.907;;
461101;unknown;control;2024-01-15 23:30:00+00:00;0.917;;
461101;unknown;control;2024-01-15 23:45:00+00:00;0.935;;
461101;unknown;control;2024-01-16 00:00:00+00:00;0.136;;
461101;unknown;control;2024-01-16 00:15:00+00:00;0.052;;
461101;unknown;control;2024-01-16 00:30:00+00:00;0.389;;
461101;unknown;control;2024-01-16 00:45:00+00:00;0.132;;
461101;unknown;control;2024-01-16 01:00:00+00:00;0.86;;
461101;unknown;control;2024-01-16 01:15:00+00:00;0.884;;
461101;unknown;control;2024-01-16 01:30:00+00:00;0.905;;
461101;unknown;control;2024-01-16 01:45:00+00:00;0.919;;
461101;unknown;control;2024-01-16 02:00:00+00:00;0.928;;
461101;unknown;control;2024-01-16 02:15:00+00:00;0.466;;
461101;unknown;control;2024-01-16 02:30:00+00:00;0.05;;
461101;unknown;control;2024-01-16 02:45:00+00:00;0.359;;
461101;unknown;control;2024-01-16 03:00:00+00:00;0.563;;
461101;unknown;control;2024-01-16 03:15:00+00:00;0.87;;
461101;unknown;control;2024-01-16 03:30:00+00:00;0.886;;
461101;unknown;control;2024-01-16 03:45:00+00:00;0.914;;
461101;unknown;control;2024-01-16 04:00:00+00:00;0.731;;
461101;unknown;control;2024-01-16 04:15:00+00:00;0.795;;
461101;unknown;control;2024-01-16 04:30:00+00:00;0.051;;
461101;unknown;control;2024-01-16 04:45:00+00:00;0.374;;
461101;unknown;control;2024-01-16 05:00:00+00:00;0.264;;
461101;unknown;control;2024-01-16 05:15:00+00:00;0.823;;
461101;unknown;control;2024-01-16 05:30:00+00:00;0.935;;
461101;unknown;control;2024-01-16 05:45:00+00:00;0.841;;
461101;unknown;control;2024-01-16 06:00:00+00:00;0.668;;
461101;unknown;control;2024-01-16 06:15:00+00:00;0.864;;
461101;unknown;control;2024-01-16 06:30:00+00:00;0.867;;
461101;unknown;control;2024-01-16 06:45:00+00:00;0.893;;
461101;unknown;control;2024-01-16 07:00:00+00:00;0.572;;
461101;unknown;control;2024-01-16 07:15:00+00:00;0.586;;
461101;unknown;control;2024-01-16 07:30:00+00:00;0.708;;
461101;unknown;control;2024-01-16 07:45:00+00:00;0.829;;
461101;unknown;control;2024-01-16 08:00:00+00:00;0.826;;
461101;unknown;control;2024-01-16 08:15:00+00:00;0.837;;
461101;unknown;control;2024-01-16 08:30:00+00:00;0.792;;
461101;unknown;control;2024-01-16 08:45:00+00:00;0.676;;
461101;unknown;control;2024-01-16 09:00:00+00:00;0.853;;
461101;unknown;control;2024-01-16 09:15:00+00:00;0.26;;
461101;unknown;control;2024-01-16 09:30:00+00:00;0.836;;
461101;unknown;control;2024-01-16 09:45:00+00:00;0.853;;
461101;unknown;control;2024-01-16 10:00:00+00:00;0.038;;
461101;unknown;control;2024-01-16 10:15:00+00:00;0.022;;
461101;unknown;control;2024-01-16 10:30:00+00:00;0.066;;
461101;unknown;control;2024-01-16 10:45:00+00:00;0.0;;
461101;unknown;control;2024-01-16 11:00:00+00:00;0.607;;
461101;unknown;control;2024-01-16 11:15:00+00:00;0.491;;
461101;unknown;control;2024-01-16 11:30:00+00:00;0.595;;
461101;unknown;control;2024-01-16 11:45:00+00:00;0.795;;
461101;unknown;control;2024-01-16 12:00:00+00:00;0.802;;
461101;unknown;control;2024-01-16 12:15:00+00:00;0.83;;
461101;unknown;control;2024-01-16 12:30:00+00:00;0.873;;
461101;unknown;control;2024-01-16 12:45:00+00:00;0.495;;
461101;unknown;control;2024-01-16 13:00:00+00:00;0.011;;
461101;unknown;control;2024-01-16 13:15:00+00:00;0.388;;
461101;unknown;control;2024-01-16 13:30:00+00:00;1.494;;
461101;unknown;control;2024-01-16 13:45:00+00:00;0.883;;
461101;unknown;control;2024-01-16 14:00:00+00:00;0.901;;
461101;unknown;control;2024-01-16 14:15:00+00:00;2.01;;
461101;unknown;control;2024-01-16 14:30:00+00:00;1.722;;
461101;unknown;control;2024-01-16 14:45:00+00:00;1.585;;
461101;unknown;control;2024-01-16 15:00:00+00:00;0.899;;
461101;unknown;control;2024-01-16 15:15:00+00:00;0.898;;
461101;unknown;control;2024-01-16 15:30:00+00:00;0.885;;
461101;unknown;control;2024-01-16 15:45:00+00:00;1.567;;
461101;unknown;control;2024-01-16 16:00:00+00:00;1.615;;
461101;unknown;control;2024-01-16 16:15:00+00:00;1.616;;
461101;unknown;control;2024-01-16 16:30:00+00:00;0.994;;
461101;unknown;control;2024-01-16 16:45:00+00:00;0.96;;
461101;unknown;control;2024-01-16 17:00:00+00:00;0.954;;
461101;unknown;control;2024-01-16 17:15:00+00:00;0.983;;
461101;unknown;control;2024-01-16 17:30:00+00:00;0.938;;
461101;unknown;control;2024-01-16 17:45:00+00:00;1.686;;
461101;unknown;control;2024-01-16 18:00:00+00:00;1.778;;
461101;unknown;control;2024-01-16 18:15:00+00:00;1.159;;
461101;unknown;control;2024-01-16 18:30:00+00:00;1.214;;
461101;unknown;control;2024-01-16 18:45:00+00:00;1.168;;
461101;unknown;control;2024-01-16 19:00:00+00:00;1.001;;
461101;unknown;control;2024-01-16 19:15:00+00:00;1.133;;
461101;unknown;control;2024-01-16 19:30:00+00:00;1.139;;
461101;unknown;control;2024-01-16 19:45:00+00:00;0.976;;
461101;unknown;control;2024-01-16 20:00:00+00:00;0.956;;
461101;unknown;control;2024-01-16 20:15:00+00:00;0.938;;
461101;unknown;control;2024-01-16 20:30:00+00:00;0.39;;
461101;unknown;control;2024-01-16 20:45:00+00:00;0.982;;
461101;unknown;control;2024-01-16 21:00:00+00:00;0.975;;
461101;unknown;control;2024-01-16 21:15:00+00:00;0.945;;
461101;unknown;control;2024-01-16 21:30:00+00:00;1.307;;
461101;unknown;control;2024-01-16 21:45:00+00:00;0.879;;
461101;unknown;control;2024-01-16 22:00:00+00:00;0.383;;
461101;unknown;control;2024-01-16 22:15:00+00:00;0.138;;
461101;unknown;control;2024-01-16 22:30:00+00:00;0.639;;
461101;unknown;control;2024-01-16 22:45:00+00:00;0.581;;
461101;unknown;control;2024-01-16 23:00:00+00:00;0.628;;
461101;unknown;control;2024-01-16 23:15:00+00:00;0.907;;
461101;unknown;control;2024-01-16 23:30:00+00:00;0.92;;
461101;unknown;control;2024-01-16 23:45:00+00:00;0.435;;
461101;unknown;control;2024-01-17 00:00:00+00:00;0.052;;
461101;unknown;control;2024-01-17 00:15:00+00:00;0.035;;
461101;unknown;control;2024-01-17 00:30:00+00:00;0.029;;
461101;unknown;control;2024-01-17 00:45:00+00:00;0.445;;
461101;unknown;control;2024-01-17 01:00:00+00:00;0.159;;
461101;unknown;control;2024-01-17 01:15:00+00:00;0.853;;
461101;unknown;control;2024-01-17 01:30:00+00:00;0.746;;
461101;unknown;control;2024-01-17 01:45:00+00:00;0.891;;
461101;unknown;control;2024-01-17 02:00:00+00:00;0.9;;
461101;unknown;control;2024-01-17 02:15:00+00:00;0.918;;
461101;unknown;control;2024-01-17 02:30:00+00:00;0.117;;
461101;unknown;control;2024-01-17 02:45:00+00:00;0.052;;
461101;unknown;control;2024-01-17 03:00:00+00:00;0.324;;
461101;unknown;control;2024-01-17 03:15:00+00:00;0.528;;
461101;unknown;control;2024-01-17 03:30:00+00:00;0.702;;
461101;unknown;control;2024-01-17 03:45:00+00:00;0.894;;
461101;unknown;control;2024-01-17 04:00:00+00:00;0.896;;
461101;unknown;control;2024-01-17 04:15:00+00:00;0.914;;
461101;unknown;control;2024-01-17 04:30:00+00:00;0.532;;
461101;unknown;control;2024-01-17 04:45:00+00:00;0.083;;
461101;unknown;control;2024-01-17 05:00:00+00:00;0.669;;
461101;unknown;control;2024-01-17 05:15:00+00:00;0.712;;
461101;unknown;control;2024-01-17 05:30:00+00:00;0.451;;
461101;unknown;control;2024-01-17 05:45:00+00:00;0.896;;
461101;unknown;control;2024-01-17 06:00:00+00:00;0.876;;
461101;unknown;control;2024-01-17 06:15:00+00:00;0.905;;
461101;unknown;control;2024-01-17 06:30:00+00:00;0.894;;
461101;unknown;control;2024-01-17 06:45:00+00:00;0.905;;
461101;unknown;control;2024-01-17 07:00:00+00:00;0.727;;
461101;unknown;control;2024-01-17 07:15:00+00:00;0.914;;
461101;unknown;control;2024-01-17 07:30:00+00:00;0.316;;
461101;unknown;control;2024-01-17 07:45:00+00:00;0.065;;
461101;unknown;control;2024-01-17 08:00:00+00:00;0.356;;
461101;unknown;control;2024-01-17 08:15:00+00:00;0.968;;
461101;unknown;control;2024-01-17 08:30:00+00:00;0.991;;
461101;unknown;control;2024-01-17 08:45:00+00:00;1.519;;
461101;unknown;control;2024-01-17 09:00:00+00:00;1.02;;
461101;unknown;control;2024-01-17 09:15:00+00:00;1.048;;
461101;unknown;control;2024-01-17 09:30:00+00:00;1.46;;
461101;unknown;control;2024-01-17 09:45:00+00:00;0.116;;
461101;unknown;control;2024-01-17 10:00:00+00:00;0.041;;
461101;unknown;control;2024-01-17 10:15:00+00:00;0.023;;
461101;unknown;control;2024-01-17 10:30:00+00:00;0.024;;
461101;unknown;control;2024-01-17 10:45:00+00:00;0.028;;
461101;unknown;control;2024-01-17 11:00:00+00:00;1.11;;
461101;unknown;control;2024-01-17 11:15:00+00:00;1.081;;
461101;unknown;control;2024-01-17 11:30:00+00:00;0.838;;
461101;unknown;control;2024-01-17 11:45:00+00:00;0.611;;
461101;unknown;control;2024-01-17 12:00:00+00:00;0.958;;
461101;unknown;control;2024-01-17 12:15:00+00:00;0.532;;
461101;unknown;control;2024-01-17 12:30:00+00:00;0.121;;
461101;unknown;control;2024-01-17 12:45:00+00:00;0.132;;
461101;unknown;control;2024-01-17 13:00:00+00:00;0.691;;
461101;unknown;control;2024-01-17 13:15:00+00:00;0.828;;
461101;unknown;control;2024-01-17 13:30:00+00:00;0.686;;
461101;unknown;control;2024-01-17 13:45:00+00:00;0.285;;
461101;unknown;control;2024-01-17 14:00:00+00:00;0.082;;
461101;unknown;control;2024-01-17 14:15:00+00:00;0.013;;
461101;unknown;control;2024-01-17 14:30:00+00:00;0.007;;
461101;unknown;control;2024-01-17 14:45:00+00:00;0.653;;
461101;unknown;control;2024-01-17 15:00:00+00:00;1.085;;
461101;unknown;control;2024-01-17 15:15:00+00:00;0.772;;
461101;unknown;control;2024-01-17 15:30:00+00:00;0.785;;
461101;unknown;control;2024-01-17 15:45:00+00:00;0.069;;
461101;unknown;control;2024-01-17 16:00:00+00:00;0.359;;
461101;unknown;control;2024-01-17 16:15:00+00:00;0.077;;
461101;unknown;control;2024-01-17 16:30:00+00:00;0.082;;
461101;unknown;control;2024-01-17 16:45:00+00:00;0.06;;
461101;unknown;control;2024-01-17 17:00:00+00:00;0.065;;
461101;unknown;control;2024-01-17 17:15:00+00:00;0.077;;
461101;unknown;control;2024-01-17 17:30:00+00:00;0.076;;
461101;unknown;control;2024-01-17 17:45:00+00:00;0.806;;
461101;unknown;control;2024-01-17 18:00:00+00:00;1.033;;
461101;unknown;control;2024-01-17 18:15:00+00:00;0.984;;
461101;unknown;control;2024-01-17 18:30:00+00:00;0.75;;
461101;unknown;control;2024-01-17 18:45:00+00:00;0.877;;
461101;unknown;control;2024-01-17 19:00:00+00:00;0.826;;
461101;unknown;control;2024-01-17 19:15:00+00:00;0.101;;
461101;unknown;control;2024-01-17 19:30:00+00:00;0.104;;
461101;unknown;control;2024-01-17 19:45:00+00:00;0.075;;
461101;unknown;control;2024-01-17 20:00:00+00:00;0.336;;
461101;unknown;control;2024-01-17 20:15:00+00:00;0.23;;
461101;unknown;control;2024-01-17 20:30:00+00:00;0.891;;
461101;unknown;control;2024-01-17 20:45:00+00:00;0.944;;
461101;unknown;control;2024-01-17 21:00:00+00:00;0.675;;
461101;unknown;control;2024-01-17 21:15:00+00:00;0.109;;
461101;unknown;control;2024-01-17 21:30:00+00:00;0.083;;
461101;unknown;control;2024-01-17 21:45:00+00:00;0.365;;
461101;unknown;control;2024-01-17 22:00:00+00:00;1.221;;
461101;unknown;control;2024-01-17 22:15:00+00:00;0.543;;
461101;unknown;control;2024-01-17 22:30:00+00:00;0.675;;
461101;unknown;control;2024-01-17 22:45:00+00:00;0.831;;
461101;unknown;control;2024-01-17 23:00:00+00:00;0.376;;
461101;unknown;control;2024-01-17 23:15:00+00:00;0.287;;
461101;unknown;control;2024-01-17 23:30:00+00:00;0.034;;
461101;unknown;control;2024-01-17 23:45:00+00:00;0.034;;
461101;unknown;control;2024-01-18 00:00:00+00:00;0.294;;
461101;unknown;control;2024-01-18 00:15:00+00:00;0.824;;
461101;unknown;control;2024-01-18 00:30:00+00:00;0.606;;
461101;unknown;control;2024-01-18 00:45:00+00:00;0.056;;
461101;unknown;control;2024-01-18 01:00:00+00:00;0.12;;
461101;unknown;control;2024-01-18 01:15:00+00:00;0.847;;
461101;unknown;control;2024-01-18 01:30:00+00:00;0.862;;
461101;unknown;control;2024-01-18 01:45:00+00:00;0.444;;
461101;unknown;control;2024-01-18 02:00:00+00:00;0.05;;
461101;unknown;control;2024-01-18 02:15:00+00:00;0.042;;
461101;unknown;control;2024-01-18 02:30:00+00:00;0.153;;
461101;unknown;control;2024-01-18 02:45:00+00:00;0.198;;
461101;unknown;control;2024-01-18 03:00:00+00:00;0.706;;
461101;unknown;control;2024-01-18 03:15:00+00:00;0.708;;
461101;unknown;control;2024-01-18 03:30:00+00:00;0.885;;
461101;unknown;control;2024-01-18 03:45:00+00:00;0.505;;
461101;unknown;control;2024-01-18 04:00:00+00:00;0.051;;
461101;unknown;control;2024-01-18 04:15:00+00:00;0.043;;
461101;unknown;control;2024-01-18 04:30:00+00:00;0.027;;
461101;unknown;control;2024-01-18 04:45:00+00:00;0.358;;
461101;unknown;control;2024-01-18 05:00:00+00:00;0.446;;
461101;unknown;control;2024-01-18 05:15:00+00:00;0.862;;
461101;unknown;control;2024-01-18 05:30:00+00:00;1.006;;
461101;unknown;control;2024-01-18 05:45:00+00:00;0.762;;
461101;unknown;control;2024-01-18 06:00:00+00:00;0.437;;
461101;unknown;control;2024-01-18 06:15:00+00:00;0.086;;
461101;unknown;control;2024-01-18 06:30:00+00:00;0.089;;
461101;unknown;control;2024-01-18 06:45:00+00:00;0.437;;
461101;unknown;control;2024-01-18 07:00:00+00:00;0.275;;
461101;unknown;control;2024-01-18 07:15:00+00:00;0.841;;
461101;unknown;control;2024-01-18 07:30:00+00:00;0.994;;
461101;unknown;control;2024-01-18 07:45:00+00:00;1.169;;
461101;unknown;control;2024-01-18 08:00:00+00:00;0.433;;
461101;unknown;control;2024-01-18 08:15:00+00:00;0.345;;
461101;unknown;control;2024-01-18 08:30:00+00:00;0.493;;
461101;unknown;control;2024-01-18 08:45:00+00:00;0.0;;
461101;unknown;control;2024-01-18 09:00:00+00:00;0.34;;
461101;unknown;control;2024-01-18 09:15:00+00:00;0.401;;
461101;unknown;control;2024-01-18 09:30:00+00:00;0.774;;
461101;unknown;control;2024-01-18 09:45:00+00:00;0.791;;
461101;unknown;control;2024-01-18 10:00:00+00:00;0.76;;
461101;unknown;control;2024-01-18 10:15:00+00:00;0.947;;
461101;unknown;control;2024-01-18 10:30:00+00:00;0.813;;
461101;unknown;control;2024-01-18 10:45:00+00:00;0.621;;
461101;unknown;control;2024-01-18 11:00:00+00:00;0.955;;
461101;unknown;control;2024-01-18 11:15:00+00:00;0.943;;
461101;unknown;control;2024-01-18 11:30:00+00:00;1.527;;
461101;unknown;control;2024-01-18 11:45:00+00:00;2.144;;
461101;unknown;control;2024-01-18 12:00:00+00:00;1.167;;
461101;unknown;control;2024-01-18 12:15:00+00:00;0.743;;
461101;unknown;control;2024-01-18 12:30:00+00:00;0.991;;
461101;unknown;control;2024-01-18 12:45:00+00:00;0.709;;
461101;unknown;control;2024-01-18 13:00:00+00:00;0.492;;
461101;unknown;control;2024-01-18 13:15:00+00:00;0.768;;
461101;unknown;control;2024-01-18 13:30:00+00:00;0.407;;
461101;unknown;control;2024-01-18 13:45:00+00:00;0.947;;
461101;unknown;control;2024-01-18 14:00:00+00:00;0.995;;
461101;unknown;control;2024-01-18 14:15:00+00:00;0.417;;
461101;unknown;control;2024-01-18 14:30:00+00:00;0.083;;
461101;unknown;control;2024-01-18 14:45:00+00:00;0.039;;
461101;unknown;control;2024-01-18 15:00:00+00:00;0.238;;
461101;unknown;control;2024-01-18 15:15:00+00:00;0.719;;
461101;unknown;control;2024-01-18 15:30:00+00:00;0.473;;
461101;unknown;control;2024-01-18 15:45:00+00:00;0.904;;
461101;unknown;control;2024-01-18 16:00:00+00:00;1.014;;
461101;unknown;control;2024-01-18 16:15:00+00:00;1.107;;
461101;unknown;control;2024-01-18 16:30:00+00:00;0.294;;
461101;unknown;control;2024-01-18 16:45:00+00:00;0.249;;
461101;unknown;control;2024-01-18 17:00:00+00:00;0.144;;
461101;unknown;control;2024-01-18 17:15:00+00:00;0.33;;
461101;unknown;control;2024-01-18 17:30:00+00:00;0.345;;
461101;unknown;control;2024-01-18 17:45:00+00:00;0.653;;
461101;unknown;control;2024-01-18 18:00:00+00:00;0.774;;
461101;unknown;control;2024-01-18 18:15:00+00:00;0.64;;
461101;unknown;control;2024-01-18 18:30:00+00:00;0.584;;
461101;unknown;control;2024-01-18 18:45:00+00:00;0.894;;
461101;unknown;control;2024-01-18 19:00:00+00:00;1.132;;
461101;unknown;control;2024-01-18 19:15:00+00:00;1.077;;
461101;unknown;control;2024-01-18 19:30:00+00:00;1.136;;
461101;unknown;control;2024-01-18 19:45:00+00:00;0.988;;
461101;unknown;control;2024-01-18 20:00:00+00:00;0.518;;
461101;unknown;control;2024-01-18 20:15:00+00:00;0.408;;
461101;unknown;control;2024-01-18 20:30:00+00:00;0.346;;
461101;unknown;control;2024-01-18 20:45:00+00:00;0.457;;
461101;unknown;control;2024-01-18 21:00:00+00:00;0.914;;
461101;unknown;control;2024-01-18 21:15:00+00:00;0.951;;
461101;unknown;control;2024-01-18 21:30:00+00:00;0.749;;
461101;unknown;control;2024-01-18 21:45:00+00:00;0.065;;
461101;unknown;control;2024-01-18 22:00:00+00:00;0.055;;
461101;unknown;control;2024-01-18 22:15:00+00:00;0.037;;
461101;unknown;control;2024-01-18 22:30:00+00:00;0.618;;
461101;unknown;control;2024-01-18 22:45:00+00:00;0.613;;
461101;unknown;control;2024-01-18 23:00:00+00:00;0.853;;
461101;unknown;control;2024-01-18 23:15:00+00:00;0.618;;
461101;unknown;control;2024-01-18 23:30:00+00:00;0.582;;
461101;unknown;control;2024-01-18 23:45:00+00:00;0.854;;
461101;unknown;control;2024-01-19 00:00:00+00:00;0.742;;
461101;unknown;control;2024-01-19 00:15:00+00:00;0.787;;
461101;unknown;control;2024-01-19 00:30:00+00:00;0.888;;
461101;unknown;control;2024-01-19 00:45:00+00:00;0.899;;
461101;unknown;control;2024-01-19 01:00:00+00:00;0.915;;
461101;unknown;control;2024-01-19 01:15:00+00:00;0.82;;
461101;unknown;control;2024-01-19 01:30:00+00:00;0.606;;
461101;unknown;control;2024-01-19 01:45:00+00:00;0.047;;
461101;unknown;control;2024-01-19 02:00:00+00:00;0.212;;
461101;unknown;control;2024-01-19 02:15:00+00:00;0.865;;
461101;unknown;control;2024-01-19 02:30:00+00:00;0.892;;
461101;unknown;control;2024-01-19 02:45:00+00:00;0.911;;
461101;unknown;control;2024-01-19 03:00:00+00:00;0.842;;
461101;unknown;control;2024-01-19 03:15:00+00:00;0.101;;
461101;unknown;control;2024-01-19 03:30:00+00:00;0.222;;
461101;unknown;control;2024-01-19 03:45:00+00:00;0.228;;
461101;unknown;control;2024-01-19 04:00:00+00:00;0.767;;
461101;unknown;control;2024-01-19 04:15:00+00:00;0.877;;
461101;unknown;control;2024-01-19 04:30:00+00:00;0.926;;
461101;unknown;control;2024-01-19 04:45:00+00:00;0.923;;
461101;unknown;control;2024-01-19 05:00:00+00:00;0.936;;
461101;unknown;control;2024-01-19 05:15:00+00:00;1.018;;
461101;unknown;control;2024-01-19 05:30:00+00:00;0.774;;
461101;unknown;control;2024-01-19 05:45:00+00:00;0.609;;
461101;unknown;control;2024-01-19 06:00:00+00:00;0.628;;
461101;unknown;control;2024-01-19 06:15:00+00:00;0.851;;
461101;unknown;control;2024-01-19 06:30:00+00:00;0.88;;
461101;unknown;control;2024-01-19 06:45:00+00:00;0.894;;
461101;unknown;control;2024-01-19 07:00:00+00:00;0.864;;
461101;unknown;control;2024-01-19 07:15:00+00:00;0.9;;
461101;unknown;control;2024-01-19 07:30:00+00:00;0.883;;
461101;unknown;control;2024-01-19 07:45:00+00:00;0.881;;
461101;unknown;control;2024-01-19 08:00:00+00:00;0.914;;
461101;unknown;control;2024-01-19 08:15:00+00:00;0.656;;
461101;unknown;control;2024-01-19 08:30:00+00:00;0.737;;
461101;unknown;control;2024-01-19 08:45:00+00:00;0.998;;
461101;unknown;control;2024-01-19 09:00:00+00:00;0.917;;
461101;unknown;control;2024-01-19 09:15:00+00:00;0.952;;
461101;unknown;control;2024-01-19 09:30:00+00:00;0.915;;
461101;unknown;control;2024-01-19 09:45:00+00:00;1.062;;
461101;unknown;control;2024-01-19 10:00:00+00:00;0.21;;
461101;unknown;control;2024-01-19 10:15:00+00:00;0.182;;
461101;unknown;control;2024-01-19 10:30:00+00:00;0.049;;
461101;unknown;control;2024-01-19 10:45:00+00:00;0.025;;
461101;unknown;control;2024-01-19 11:00:00+00:00;0.719;;
461101;unknown;control;2024-01-19 11:15:00+00:00;0.901;;
461101;unknown;control;2024-01-19 11:30:00+00:00;0.284;;
461101;unknown;control;2024-01-19 11:45:00+00:00;0.811;;
461101;unknown;control;2024-01-19 12:00:00+00:00;0.829;;
461101;unknown;control;2024-01-19 12:15:00+00:00;0.855;;
461101;unknown;control;2024-01-19 12:30:00+00:00;0.727;;
461101;unknown;control;2024-01-19 12:45:00+00:00;0.818;;
461101;unknown;control;2024-01-19 13:00:00+00:00;0.901;;
461101;unknown;control;2024-01-19 13:15:00+00:00;0.918;;
461101;unknown;control;2024-01-19 13:30:00+00:00;0.386;;
461101;unknown;control;2024-01-19 13:45:00+00:00;0.859;;
461101;unknown;control;2024-01-19 14:00:00+00:00;0.763;;
461101;unknown;control;2024-01-19 14:15:00+00:00;0.523;;
461101;unknown;control;2024-01-19 14:30:00+00:00;1.34;;
461101;unknown;control;2024-01-19 14:45:00+00:00;1.091;;
461101;unknown;control;2024-01-19 15:00:00+00:00;1.958;;
461101;unknown;control;2024-01-19 15:15:00+00:00;1.742;;
461101;unknown;control;2024-01-19 15:30:00+00:00;1.552;;
461101;unknown;control;2024-01-19 15:45:00+00:00;0.914;;
461101;unknown;control;2024-01-19 16:00:00+00:00;0.841;;
461101;unknown;control;2024-01-19 16:15:00+00:00;1.578;;
461101;unknown;control;2024-01-19 16:30:00+00:00;0.862;;
461101;unknown;control;2024-01-19 16:45:00+00:00;0.681;;
461101;unknown;control;2024-01-19 17:00:00+00:00;0.635;;
461101;unknown;control;2024-01-19 17:15:00+00:00;0.598;;
461101;unknown;control;2024-01-19 17:30:00+00:00;0.314;;
461101;unknown;control;2024-01-19 17:45:00+00:00;0.769;;
461101;unknown;control;2024-01-19 18:00:00+00:00;0.4;;
461101;unknown;control;2024-01-19 18:15:00+00:00;0.817;;
461101;unknown;control;2024-01-19 18:30:00+00:00;0.677;;
461101;unknown;control;2024-01-19 18:45:00+00:00;0.859;;
461101;unknown;control;2024-01-19 19:00:00+00:00;0.941;;
461101;unknown;control;2024-01-19 19:15:00+00:00;1.388;;
461101;unknown;control;2024-01-19 19:30:00+00:00;1.041;;
461101;unknown;control;2024-01-19 19:45:00+00:00;0.689;;
461101;unknown;control;2024-01-19 20:00:00+00:00;0.954;;
461101;unknown;control;2024-01-19 20:15:00+00:00;0.725;;
461101;unknown;control;2024-01-19 20:30:00+00:00;1.053;;
461101;unknown;control;2024-01-19 20:45:00+00:00;0.914;;
461101;unknown;control;2024-01-19 21:00:00+00:00;0.828;;
461101;unknown;control;2024-01-19 21:15:00+00:00;0.785;;
461101;unknown;control;2024-01-19 21:30:00+00:00;0.922;;
461101;unknown;control;2024-01-19 21:45:00+00:00;0.936;;
461101;unknown;control;2024-01-19 22:00:00+00:00;0.946;;
461101;unknown;control;2024-01-19 22:15:00+00:00;0.404;;
461101;unknown;control;2024-01-19 22:30:00+00:00;0.686;;
461101;unknown;control;2024-01-19 22:45:00+00:00;0.583;;
461101;unknown;control;2024-01-19 23:00:00+00:00;0.595;;
461101;unknown;control;2024-01-19 23:15:00+00:00;0.899;;
461101;unknown;control;2024-01-19 23:30:00+00:00;0.903;;
461101;unknown;control;2024-01-19 23:45:00+00:00;0.886;;
461101;unknown;control;2024-01-20 00:00:00+00:00;0.645;;
461101;unknown;control;2024-01-20 00:15:00+00:00;0.898;;
461101;unknown;control;2024-01-20 00:30:00+00:00;0.893;;
461101;unknown;control;2024-01-20 00:45:00+00:00;0.826;;
461101;unknown;control;2024-01-20 01:00:00+00:00;0.749;;
461101;unknown;control;2024-01-20 01:15:00+00:00;0.61;;
461101;unknown;control;2024-01-20 01:30:00+00:00;0.801;;
461101;unknown;control;2024-01-20 01:45:00+00:00;0.901;;
461101;unknown;control;2024-01-20 02:00:00+00:00;0.297;;
461101;unknown;control;2024-01-20 02:15:00+00:00;0.851;;
461101;unknown;control;2024-01-20 02:30:00+00:00;0.845;;
461101;unknown;control;2024-01-20 02:45:00+00:00;0.625;;
461101;unknown;control;2024-01-20 03:00:00+00:00;0.852;;
461101;unknown;control;2024-01-20 03:15:00+00:00;0.85;;
461101;unknown;control;2024-01-20 03:30:00+00:00;0.865;;
461101;unknown;control;2024-01-20 03:45:00+00:00;0.891;;
461101;unknown;control;2024-01-20 04:00:00+00:00;0.76;;
461101;unknown;control;2024-01-20 04:15:00+00:00;0.301;;
461101;unknown;control;2024-01-20 04:30:00+00:00;0.893;;
461101;unknown;control;2024-01-20 04:45:00+00:00;0.88;;
461101;unknown;control;2024-01-20 05:00:00+00:00;0.89;;
461101;unknown;control;2024-01-20 05:15:00+00:00;0.899;;
461101;unknown;control;2024-01-20 05:30:00+00:00;0.912;;
461101;unknown;control;2024-01-20 05:45:00+00:00;0.852;;
461101;unknown;control;2024-01-20 06:00:00+00:00;0.736;;
461101;unknown;control;2024-01-20 06:15:00+00:00;0.464;;
461101;unknown;control;2024-01-20 06:30:00+00:00;0.732;;
461101;unknown;control;2024-01-20 06:45:00+00:00;0.861;;
461101;unknown;control;2024-01-20 07:00:00+00:00;0.859;;
461101;unknown;control;2024-01-20 07:15:00+00:00;0.718;;
461101;unknown;control;2024-01-20 07:30:00+00:00;0.795;;
461101;unknown;control;2024-01-20 07:45:00+00:00;0.831;;
461101;unknown;control;2024-01-20 08:00:00+00:00;0.905;;
461101;unknown;control;2024-01-20 08:15:00+00:00;0.871;;
461101;unknown;control;2024-01-20 08:30:00+00:00;0.497;;
461101;unknown;control;2024-01-20 08:45:00+00:00;0.695;;
461101;unknown;control;2024-01-20 09:00:00+00:00;0.76;;
461101;unknown;control;2024-01-20 09:15:00+00:00;0.92;;
461101;unknown;control;2024-01-20 09:30:00+00:00;0.911;;
461101;unknown;control;2024-01-20 09:45:00+00:00;0.896;;
461101;unknown;control;2024-01-20 10:00:00+00:00;0.826;;
461101;unknown;control;2024-01-20 10:15:00+00:00;0.863;;
461101;unknown;control;2024-01-20 10:30:00+00:00;1.144;;
461101;unknown;control;2024-01-20 10:45:00+00:00;0.4;;
461101;unknown;control;2024-01-20 11:00:00+00:00;0.918;;
461101;unknown;control;2024-01-20 11:15:00+00:00;1.104;;
461101;unknown;control;2024-01-20 11:30:00+00:00;1.202;;
461101;unknown;control;2024-01-20 11:45:00+00:00;0.961;;
461101;unknown;control;2024-01-20 12:00:00+00:00;1.15;;
461101;unknown;control;2024-01-20 12:15:00+00:00;1.026;;
461101;unknown;control;2024-01-20 12:30:00+00:00;0.974;;
461101;unknown;control;2024-01-20 12:45:00+00:00;0.819;;
461101;unknown;control;2024-01-20 13:00:00+00:00;0.406;;
461101;unknown;control;2024-01-20 13:15:00+00:00;0.84;;
461101;unknown;control;2024-01-20 13:30:00+00:00;0.911;;
461101;unknown;control;2024-01-20 13:45:00+00:00;0.938;;
461101;unknown;control;2024-01-20 14:00:00+00:00;0.546;;
461101;unknown;control;2024-01-20 14:15:00+00:00;0.064;;
461101;unknown;control;2024-01-20 14:30:00+00:00;0.053;;
461101;unknown;control;2024-01-20 14:45:00+00:00;0.141;;
461101;unknown;control;2024-01-20 15:00:00+00:00;0.37;;
461101;unknown;control;2024-01-20 15:15:00+00:00;0.71;;
461101;unknown;control;2024-01-20 15:30:00+00:00;0.928;;
461101;unknown;control;2024-01-20 15:45:00+00:00;0.907;;
461101;unknown;control;2024-01-20 16:00:00+00:00;0.69;;
461101;unknown;control;2024-01-20 16:15:00+00:00;0.952;;
461101;unknown;control;2024-01-20 16:30:00+00:00;0.946;;
461101;unknown;control;2024-01-20 16:45:00+00:00;0.951;;
461101;unknown;control;2024-01-20 17:00:00+00:00;0.692;;
461101;unknown;control;2024-01-20 17:15:00+00:00;0.11;;
461101;unknown;control;2024-01-20 17:30:00+00:00;0.173;;
461101;unknown;control;2024-01-20 17:45:00+00:00;0.637;;
461101;unknown;control;2024-01-20 18:00:00+00:00;0.727;;
461101;unknown;control;2024-01-20 18:15:00+00:00;0.928;;
461101;unknown;control;2024-01-20 18:30:00+00:00;0.93;;
461101;unknown;control;2024-01-20 18:45:00+00:00;0.948;;
461101;unknown;control;2024-01-20 19:00:00+00:00;0.96;;
461101;unknown;control;2024-01-20 19:15:00+00:00;0.846;;
461101;unknown;control;2024-01-20 19:30:00+00:00;0.399;;
461101;unknown;control;2024-01-20 19:45:00+00:00;1.016;;
461101;unknown;control;2024-01-20 20:00:00+00:00;0.985;;
461101;unknown;control;2024-01-20 20:15:00+00:00;0.997;;
461101;unknown;control;2024-01-20 20:30:00+00:00;1.012;;
461101;unknown;control;2024-01-20 20:45:00+00:00;1.03;;
461101;unknown;control;2024-01-20 21:00:00+00:00;0.921;;
461101;unknown;control;2024-01-20 21:15:00+00:00;0.392;;
461101;unknown;control;2024-01-20 21:30:00+00:00;0.13;;
461101;unknown;control;2024-01-20 21:45:00+00:00;0.144;;
461101;unknown;control;2024-01-20 22:00:00+00:00;0.526;;
461101;unknown;control;2024-01-20 22:15:00+00:00;0.852;;
461101;unknown;control;2024-01-20 22:30:00+00:00;1.231;;
461101;unknown;control;2024-01-20 22:45:00+00:00;0.854;;
461101;unknown;control;2024-01-20 23:00:00+00:00;0.877;;
461101;unknown;control;2024-01-20 23:15:00+00:00;0.757;;
461101;unknown;control;2024-01-20 23:30:00+00:00;1.132;;
461101;unknown;control;2024-01-20 23:45:00+00:00;0.891;;
461101;unknown;control;2024-01-21 00:00:00+00:00;0.853;;
461101;unknown;control;2024-01-21 00:15:00+00:00;0.342;;
461101;unknown;control;2024-01-21 00:30:00+00:00;0.867;;
461101;unknown;control;2024-01-21 00:45:00+00:00;0.661;;
461101;unknown;control;2024-01-21 01:00:00+00:00;0.886;;
461101;unknown;control;2024-01-21 01:15:00+00:00;0.884;;
461101;unknown;control;2024-01-21 01:30:00+00:00;0.895;;
461101;unknown;control;2024-01-21 01:45:00+00:00;0.904;;
461101;unknown;control;2024-01-21 02:00:00+00:00;0.635;;
461101;unknown;control;2024-01-21 02:15:00+00:00;0.367;;
461101;unknown;control;2024-01-21 02:30:00+00:00;0.83;;
461101;unknown;control;2024-01-21 02:45:00+00:00;0.872;;
461101;unknown;control;2024-01-21 03:00:00+00:00;0.881;;
461101;unknown;control;2024-01-21 03:15:00+00:00;0.788;;
461101;unknown;control;2024-01-21 03:30:00+00:00;0.756;;
461101;unknown;control;2024-01-21 03:45:00+00:00;0.942;;
461101;unknown;control;2024-01-21 04:00:00+00:00;0.911;;
461101;unknown;control;2024-01-21 04:15:00+00:00;0.871;;
461101;unknown;control;2024-01-21 04:30:00+00:00;0.323;;
461101;unknown;control;2024-01-21 04:45:00+00:00;0.69;;
461101;unknown;control;2024-01-21 05:00:00+00:00;0.847;;
461101;unknown;control;2024-01-21 05:15:00+00:00;0.881;;
461101;unknown;control;2024-01-21 05:30:00+00:00;0.88;;
461101;unknown;control;2024-01-21 05:45:00+00:00;0.89;;
461101;unknown;control;2024-01-21 06:00:00+00:00;0.719;;
461101;unknown;control;2024-01-21 06:15:00+00:00;0.837;;
461101;unknown;control;2024-01-21 06:30:00+00:00;0.385;;
461101;unknown;control;2024-01-21 06:45:00+00:00;0.775;;
461101;unknown;control;2024-01-21 07:00:00+00:00;0.796;;
461101;unknown;control;2024-01-21 07:15:00+00:00;0.839;;
461101;unknown;control;2024-01-21 07:30:00+00:00;0.599;;
461101;unknown;control;2024-01-21 07:45:00+00:00;0.795;;
461101;unknown;control;2024-01-21 08:00:00+00:00;0.797;;
461101;unknown;control;2024-01-21 08:15:00+00:00;0.791;;
461101;unknown;control;2024-01-21 08:30:00+00:00;0.866;;
461101;unknown;control;2024-01-21 08:45:00+00:00;0.52;;
461101;unknown;control;2024-01-21 09:00:00+00:00;0.621;;
461101;unknown;control;2024-01-21 09:15:00+00:00;0.847;;
461101;unknown;control;2024-01-21 09:30:00+00:00;0.809;;
461101;unknown;control;2024-01-21 09:45:00+00:00;0.823;;
461101;unknown;control;2024-01-21 10:00:00+00:00;0.811;;
461101;unknown;control;2024-01-21 10:15:00+00:00;0.72;;
461101;unknown;control;2024-01-21 10:30:00+00:00;0.817;;
461101;unknown;control;2024-01-21 10:45:00+00:00;0.91;;
461101;unknown;control;2024-01-21 11:00:00+00:00;0.31;;
461101;unknown;control;2024-01-21 11:15:00+00:00;0.869;;
461101;unknown;control;2024-01-21 11:30:00+00:00;1.107;;
461101;unknown;control;2024-01-21 11:45:00+00:00;1.206;;
461101;unknown;control;2024-01-21 12:00:00+00:00;0.757;;
461101;unknown;control;2024-01-21 12:15:00+00:00;1.291;;
461101;unknown;control;2024-01-21 12:30:00+00:00;1.257;;
461101;unknown;control;2024-01-21 12:45:00+00:00;0.883;;
461101;unknown;control;2024-01-21 13:00:00+00:00;0.888;;
461101;unknown;control;2024-01-21 13:15:00+00:00;1.097;;
461101;unknown;control;2024-01-21 13:30:00+00:00;0.318;;
461101;unknown;control;2024-01-21 13:45:00+00:00;0.806;;
461101;unknown;control;2024-01-21 14:00:00+00:00;0.949;;
461101;unknown;control;2024-01-21 14:15:00+00:00;0.912;;
461101;unknown;control;2024-01-21 14:30:00+00:00;1.048;;
461101;unknown;control;2024-01-21 14:45:00+00:00;1.086;;
461101;unknown;control;2024-01-21 15:00:00+00:00;0.917;;
461101;unknown;control;2024-01-21 15:15:00+00:00;0.527;;
461101;unknown;control;2024-01-21 15:30:00+00:00;0.384;;
461101;unknown;control;2024-01-21 15:45:00+00:00;0.564;;
461101;unknown;control;2024-01-21 16:00:00+00:00;0.583;;
461101;unknown;control;2024-01-21 16:15:00+00:00;0.653;;
461101;unknown;control;2024-01-21 16:30:00+00:00;0.918;;
461101;unknown;control;2024-01-21 16:45:00+00:00;0.953;;
461101;unknown;control;2024-01-21 17:00:00+00:00;0.961;;
461101;unknown;control;2024-01-21 17:15:00+00:00;0.986;;
461101;unknown;control;2024-01-21 17:30:00+00:00;1.017;;
461101;unknown;control;2024-01-21 17:45:00+00:00;1.148;;
461101;unknown;control;2024-01-21 18:00:00+00:00;0.778;;
461101;unknown;control;2024-01-21 18:15:00+00:00;0.319;;
461101;unknown;control;2024-01-21 18:30:00+00:00;0.097;;
461101;unknown;control;2024-01-21 18:45:00+00:00;0.786;;
461101;unknown;control;2024-01-21 19:00:00+00:00;0.935;;
461101;unknown;control;2024-01-21 19:15:00+00:00;0.993;;
461101;unknown;control;2024-01-21 19:30:00+00:00;1.035;;
461101;unknown;control;2024-01-21 19:45:00+00:00;0.846;;
461101;unknown;control;2024-01-21 20:00:00+00:00;1.019;;
461101;unknown;control;2024-01-21 20:15:00+00:00;0.776;;
461101;unknown;control;2024-01-21 20:30:00+00:00;0.689;;
461101;unknown;control;2024-01-21 20:45:00+00:00;1.041;;
461101;unknown;control;2024-01-21 21:00:00+00:00;1.048;;
461101;unknown;control;2024-01-21 21:15:00+00:00;0.771;;
461101;unknown;control;2024-01-21 21:30:00+00:00;0.989;;
461101;unknown;control;2024-01-21 21:45:00+00:00;1.116;;
461101;unknown;control;2024-01-21 22:00:00+00:00;1.461;;
461101;unknown;control;2024-01-21 22:15:00+00:00;1.028;;
461101;unknown;control;2024-01-21 22:30:00+00:00;0.753;;
461101;unknown;control;2024-01-21 22:45:00+00:00;0.361;;
461101;unknown;control;2024-01-21 23:00:00+00:00;1.153;;
461101;unknown;control;2024-01-21 23:15:00+00:00;1.351;;
461101;unknown;control;2024-01-21 23:30:00+00:00;0.954;;
461101;unknown;control;2024-01-21 23:45:00+00:00;0.934;;
461101;unknown;control;2024-01-22 00:00:00+00:00;0.27;;
461101;unknown;control;2024-01-22 00:15:00+00:00;0.068;;
461101;unknown;control;2024-01-22 00:30:00+00:00;0.545;;
461101;unknown;control;2024-01-22 00:45:00+00:00;0.617;;
461101;unknown;control;2024-01-22 01:00:00+00:00;0.565;;
461101;unknown;control;2024-01-22 01:15:00+00:00;0.888;;
461101;unknown;control;2024-01-22 01:30:00+00:00;0.902;;
461101;unknown;control;2024-01-22 01:45:00+00:00;0.783;;
461101;unknown;control;2024-01-22 02:00:00+00:00;0.93;;
461101;unknown;control;2024-01-22 02:15:00+00:00;0.932;;
461101;unknown;control;2024-01-22 02:30:00+00:00;0.94;;
461101;unknown;control;2024-01-22 02:45:00+00:00;0.906;;
461101;unknown;control;2024-01-22 03:00:00+00:00;0.058;;
461101;unknown;control;2024-01-22 03:15:00+00:00;0.056;;
461101;unknown;control;2024-01-22 03:30:00+00:00;0.349;;
461101;unknown;control;2024-01-22 03:45:00+00:00;0.885;;
461101;unknown;control;2024-01-22 04:00:00+00:00;0.905;;
461101;unknown;control;2024-01-22 04:15:00+00:00;0.665;;
461101;unknown;control;2024-01-22 04:30:00+00:00;0.969;;
461101;unknown;control;2024-01-22 04:45:00+00:00;0.937;;
461101;unknown;control;2024-01-22 05:00:00+00:00;0.393;;
461101;unknown;control;2024-01-22 05:15:00+00:00;0.949;;
461101;unknown;control;2024-01-22 05:30:00+00:00;0.965;;
461101;unknown;control;2024-01-22 05:45:00+00:00;0.709;;
461101;unknown;control;2024-01-22 06:00:00+00:00;0.871;;
461101;unknown;control;2024-01-22 06:15:00+00:00;0.865;;
461101;unknown;control;2024-01-22 06:30:00+00:00;0.87;;
461101;unknown;control;2024-01-22 06:45:00+00:00;0.882;;
461101;unknown;control;2024-01-22 07:00:00+00:00;0.664;;
461101;unknown;control;2024-01-22 07:15:00+00:00;0.444;;
461101;unknown;control;2024-01-22 07:30:00+00:00;0.793;;
461101;unknown;control;2024-01-22 07:45:00+00:00;0.888;;
461101;unknown;control;2024-01-22 08:00:00+00:00;0.885;;
461101;unknown;control;2024-01-22 08:15:00+00:00;0.879;;
461101;unknown;control;2024-01-22 08:30:00+00:00;0.999;;
461101;unknown;control;2024-01-22 08:45:00+00:00;0.93;;
461101;unknown;control;2024-01-22 09:00:00+00:00;0.934;;
461101;unknown;control;2024-01-22 09:15:00+00:00;0.925;;
461101;unknown;control;2024-01-22 09:30:00+00:00;0.38;;
461101;unknown;control;2024-01-22 09:45:00+00:00;0.926;;
461101;unknown;control;2024-01-22 10:00:00+00:00;0.07;;
461101;unknown;control;2024-01-22 10:15:00+00:00;0.051;;
461101;unknown;control;2024-01-22 10:30:00+00:00;0.217;;
461101;unknown;control;2024-01-22 10:45:00+00:00;0.041;;
461101;unknown;control;2024-01-22 11:00:00+00:00;0.756;;
461101;unknown;control;2024-01-22 11:15:00+00:00;0.858;;
461101;unknown;control;2024-01-22 11:30:00+00:00;0.573;;
461101;unknown;control;2024-01-22 11:45:00+00:00;0.812;;
461101;unknown;control;2024-01-22 12:00:00+00:00;1.146;;
461101;unknown;control;2024-01-22 12:15:00+00:00;0.796;;
461101;unknown;control;2024-01-22 12:30:00+00:00;0.072;;
461101;unknown;control;2024-01-22 12:45:00+00:00;0.057;;
461101;unknown;control;2024-01-22 13:00:00+00:00;0.047;;
461101;unknown;control;2024-01-22 13:15:00+00:00;0.091;;
461101;unknown;control;2024-01-22 13:30:00+00:00;0.512;;
461101;unknown;control;2024-01-22 13:45:00+00:00;0.366;;
461101;unknown;control;2024-01-22 14:00:00+00:00;1.262;;
461101;unknown;control;2024-01-22 14:15:00+00:00;1.015;;
461101;unknown;control;2024-01-22 14:30:00+00:00;0.612;;
461101;unknown;control;2024-01-22 14:45:00+00:00;0.134;;
461101;unknown;control;2024-01-22 15:00:00+00:00;0.061;;
461101;unknown;control;2024-01-22 15:15:00+00:00;0.315;;
461101;unknown;control;2024-01-22 15:30:00+00:00;0.893;;
461101;unknown;control;2024-01-22 15:45:00+00:00;0.511;;
461101;unknown;control;2024-01-22 16:00:00+00:00;0.739;;
461101;unknown;control;2024-01-22 16:15:00+00:00;0.94;;
461101;unknown;control;2024-01-22 16:30:00+00:00;0.107;;
461101;unknown;control;2024-01-22 16:45:00+00:00;0.069;;
461101;unknown;control;2024-01-22 17:00:00+00:00;0.042;;
461101;unknown;control;2024-01-22 17:15:00+00:00;0.047;;
461101;unknown;control;2024-01-22 17:30:00+00:00;0.041;;
461101;unknown;control;2024-01-22 17:45:00+00:00;0.558;;
461101;unknown;control;2024-01-22 18:00:00+00:00;0.519;;
461101;unknown;control;2024-01-22 18:15:00+00:00;0.791;;
461101;unknown;control;2024-01-22 18:30:00+00:00;0.815;;
461101;unknown;control;2024-01-22 18:45:00+00:00;0.865;;
461101;unknown;control;2024-01-22 19:00:00+00:00;0.929;;
461101;unknown;control;2024-01-22 19:15:00+00:00;0.96;;
461101;unknown;control;2024-01-22 19:30:00+00:00;0.852;;
461101;unknown;control;2024-01-22 19:45:00+00:00;0.276;;
461101;unknown;control;2024-01-22 20:00:00+00:00;0.139;;
461101;unknown;control;2024-01-22 20:15:00+00:00;0.302;;
461101;unknown;control;2024-01-22 20:30:00+00:00;0.302;;
461101;unknown;control;2024-01-22 20:45:00+00:00;0.82;;
461101;unknown;control;2024-01-22 21:00:00+00:00;0.932;;
461101;unknown;control;2024-01-22 21:15:00+00:00;0.988;;
461101;unknown;control;2024-01-22 21:30:00+00:00;0.274;;
461101;unknown;control;2024-01-22 21:45:00+00:00;0.41;;
461101;unknown;control;2024-01-22 22:00:00+00:00;0.384;;
461101;unknown;control;2024-01-22 22:15:00+00:00;0.18;;
461101;unknown;control;2024-01-22 22:30:00+00:00;0.74;;
461101;unknown;control;2024-01-22 22:45:00+00:00;0.443;;
461101;unknown;control;2024-01-22 23:00:00+00:00;0.69;;
461101;unknown;control;2024-01-22 23:15:00+00:00;0.871;;
461101;unknown;control;2024-01-22 23:30:00+00:00;0.892;;
461101;unknown;control;2024-01-22 23:45:00+00:00;0.306;;
461101;unknown;control;2024-01-23 00:00:00+00:00;0.05;;
461101;unknown;control;2024-01-23 00:15:00+00:00;0.033;;
461101;unknown;control;2024-01-23 00:30:00+00:00;0.287;;
461101;unknown;control;2024-01-23 00:45:00+00:00;0.142;;
461101;unknown;control;2024-01-23 01:00:00+00:00;0.831;;
461101;unknown;control;2024-01-23 01:15:00+00:00;0.687;;
461101;unknown;control;2024-01-23 01:30:00+00:00;0.88;;
461101;unknown;control;2024-01-23 01:45:00+00:00;0.897;;
461101;unknown;control;2024-01-23 02:00:00+00:00;0.081;;
461101;unknown;control;2024-01-23 02:15:00+00:00;0.056;;
461101;unknown;control;2024-01-23 02:30:00+00:00;0.032;;
461101;unknown;control;2024-01-23 02:45:00+00:00;0.341;;
461101;unknown;control;2024-01-23 03:00:00+00:00;0.501;;
461101;unknown;control;2024-01-23 03:15:00+00:00;0.86;;
461101;unknown;control;2024-01-23 03:30:00+00:00;0.733;;
461101;unknown;control;2024-01-23 03:45:00+00:00;0.25;;
461101;unknown;control;2024-01-23 04:00:00+00:00;0.052;;
461101;unknown;control;2024-01-23 04:15:00+00:00;0.162;;
461101;unknown;control;2024-01-23 04:30:00+00:00;0.937;;
461101;unknown;control;2024-01-23 04:45:00+00:00;0.896;;
461101;unknown;control;2024-01-23 05:00:00+00:00;0.42;;
461101;unknown;control;2024-01-23 05:15:00+00:00;0.901;;
461101;unknown;control;2024-01-23 05:30:00+00:00;0.921;;
461101;unknown;control;2024-01-23 05:45:00+00:00;0.759;;
461101;unknown;control;2024-01-23 06:00:00+00:00;0.924;;
461101;unknown;control;2024-01-23 06:15:00+00:00;0.88;;
461101;unknown;control;2024-01-23 06:30:00+00:00;0.992;;
461101;unknown;control;2024-01-23 06:45:00+00:00;0.397;;
461101;unknown;control;2024-01-23 07:00:00+00:00;0.68;;
461101;unknown;control;2024-01-23 07:15:00+00:00;0.919;;
461101;unknown;control;2024-01-23 07:30:00+00:00;0.87;;
461101;unknown;control;2024-01-23 07:45:00+00:00;0.281;;
461101;unknown;control;2024-01-23 08:00:00+00:00;0.83;;
461101;unknown;control;2024-01-23 08:15:00+00:00;0.737;;
461101;unknown;control;2024-01-23 08:30:00+00:00;0.94;;
461101;unknown;control;2024-01-23 08:45:00+00:00;0.416;;
461101;unknown;control;2024-01-23 09:00:00+00:00;0.001;;
461101;unknown;control;2024-01-23 09:15:00+00:00;0.164;;
461101;unknown;control;2024-01-23 09:30:00+00:00;0.334;;
461101;unknown;control;2024-01-23 09:45:00+00:00;0.131;;
461101;unknown;control;2024-01-23 10:00:00+00:00;0.006;;
461101;unknown;control;2024-01-23 10:15:00+00:00;0.0;;
461101;unknown;control;2024-01-23 10:30:00+00:00;0.001;;
461101;unknown;control;2024-01-23 10:45:00+00:00;0.073;;
461101;unknown;control;2024-01-23 11:00:00+00:00;0.213;;
461101;unknown;control;2024-01-23 11:15:00+00:00;0.182;;
461101;unknown;control;2024-01-23 11:30:00+00:00;0.063;;
461101;unknown;control;2024-01-23 11:45:00+00:00;0.009;;
461101;unknown;control;2024-01-23 12:00:00+00:00;0.044;;
461101;unknown;control;2024-01-23 12:15:00+00:00;0.0;;
461101;unknown;control;2024-01-23 12:30:00+00:00;0.186;;
461101;unknown;control;2024-01-23 12:45:00+00:00;0.395;;
461101;unknown;control;2024-01-23 13:00:00+00:00;0.44;;
461101;unknown;control;2024-01-23 13:15:00+00:00;0.002;;
461101;unknown;control;2024-01-23 13:30:00+00:00;0.004;;
461101;unknown;control;2024-01-23 13:45:00+00:00;0.006;;
461101;unknown;control;2024-01-23 14:00:00+00:00;0.318;;
461101;unknown;control;2024-01-23 14:15:00+00:00;0.229;;
461101;unknown;control;2024-01-23 14:30:00+00:00;0.703;;
461101;unknown;control;2024-01-23 14:45:00+00:00;0.825;;
461101;unknown;control;2024-01-23 15:00:00+00:00;0.885;;
461101;unknown;control;2024-01-23 15:15:00+00:00;0.122;;
461101;unknown;control;2024-01-23 15:30:00+00:00;0.055;;
461101;unknown;control;2024-01-23 15:45:00+00:00;0.05;;
461101;unknown;control;2024-01-23 16:00:00+00:00;0.044;;
461101;unknown;control;2024-01-23 16:15:00+00:00;0.445;;
461101;unknown;control;2024-01-23 16:30:00+00:00;0.08;;
461101;unknown;control;2024-01-23 16:45:00+00:00;0.065;;
461101;unknown;control;2024-01-23 17:00:00+00:00;0.049;;
461101;unknown;control;2024-01-23 17:15:00+00:00;0.048;;
461101;unknown;control;2024-01-23 17:30:00+00:00;0.077;;
461101;unknown;control;2024-01-23 17:45:00+00:00;0.761;;
461101;unknown;control;2024-01-23 18:00:00+00:00;0.809;;
461101;unknown;control;2024-01-23 18:15:00+00:00;0.657;;
461101;unknown;control;2024-01-23 18:30:00+00:00;0.382;;
461101;unknown;control;2024-01-23 18:45:00+00:00;0.823;;
461101;unknown;control;2024-01-23 19:00:00+00:00;0.839;;
461101;unknown;control;2024-01-23 19:15:00+00:00;0.86;;
461101;unknown;control;2024-01-23 19:30:00+00:00;0.879;;
461101;unknown;control;2024-01-23 19:45:00+00:00;0.061;;
461101;unknown;control;2024-01-23 20:00:00+00:00;0.056;;
461101;unknown;control;2024-01-23 20:15:00+00:00;0.133;;
461101;unknown;control;2024-01-23 20:30:00+00:00;0.253;;
461101;unknown;control;2024-01-23 20:45:00+00:00;0.671;;
461101;unknown;control;2024-01-23 21:00:00+00:00;0.685;;
461101;unknown;control;2024-01-23 21:15:00+00:00;0.847;;
461101;unknown;control;2024-01-23 21:30:00+00:00;0.857;;
461101;unknown;control;2024-01-23 21:45:00+00:00;0.452;;
461101;unknown;control;2024-01-23 22:00:00+00:00;0.088;;
461101;unknown;control;2024-01-23 22:15:00+00:00;0.094;;
461101;unknown;control;2024-01-23 22:30:00+00:00;0.665;;
461101;unknown;control;2024-01-23 22:45:00+00:00;0.521;;
461101;unknown;control;2024-01-23 23:00:00+00:00;1.201;;
461101;unknown;control;2024-01-23 23:15:00+00:00;0.531;;
461101;unknown;control;2024-01-23 23:30:00+00:00;0.082;;
461101;unknown;control;2024-01-23 23:45:00+00:00;0.059;;
461101;unknown;control;2024-01-24 00:00:00+00:00;0.525;;
461101;unknown;control;2024-01-24 00:15:00+00:00;0.849;;
461101;unknown;control;2024-01-24 00:30:00+00:00;0.796;;
461101;unknown;control;2024-01-24 00:45:00+00:00;0.049;;
461101;unknown;control;2024-01-24 01:00:00+00:00;0.05;;
461101;unknown;control;2024-01-24 01:15:00+00:00;0.046;;
461101;unknown;control;2024-01-24 01:30:00+00:00;0.588;;
461101;unknown;control;2024-01-24 01:45:00+00:00;0.86;;
461101;unknown;control;2024-01-24 02:00:00+00:00;0.614;;
461101;unknown;control;2024-01-24 02:15:00+00:00;0.051;;
461101;unknown;control;2024-01-24 02:30:00+00:00;0.13;;
461101;unknown;control;2024-01-24 02:45:00+00:00;0.257;;
461101;unknown;control;2024-01-24 03:00:00+00:00;0.65;;
461101;unknown;control;2024-01-24 03:15:00+00:00;0.847;;
461101;unknown;control;2024-01-24 03:30:00+00:00;0.76;;
461101;unknown;control;2024-01-24 03:45:00+00:00;0.054;;
461101;unknown;control;2024-01-24 04:00:00+00:00;0.054;;
461101;unknown;control;2024-01-24 04:15:00+00:00;0.03;;
461101;unknown;control;2024-01-24 04:30:00+00:00;0.025;;
461101;unknown;control;2024-01-24 04:45:00+00:00;0.284;;
461101;unknown;control;2024-01-24 05:00:00+00:00;0.371;;
461101;unknown;control;2024-01-24 05:15:00+00:00;0.841;;
461101;unknown;control;2024-01-24 05:30:00+00:00;0.848;;
461101;unknown;control;2024-01-24 05:45:00+00:00;0.886;;
461101;unknown;control;2024-01-24 06:00:00+00:00;0.879;;
461101;unknown;control;2024-01-24 06:15:00+00:00;0.876;;
461101;unknown;control;2024-01-24 06:30:00+00:00;0.85;;
461101;unknown;control;2024-01-24 06:45:00+00:00;0.379;;
461101;unknown;control;2024-01-24 07:00:00+00:00;0.052;;
461101;unknown;control;2024-01-24 07:15:00+00:00;0.067;;
461101;unknown;control;2024-01-24 07:30:00+00:00;0.103;;
461101;unknown;control;2024-01-24 07:45:00+00:00;0.561;;
461101;unknown;control;2024-01-24 08:00:00+00:00;0.748;;
461101;unknown;control;2024-01-24 08:15:00+00:00;0.803;;
461101;unknown;control;2024-01-24 08:30:00+00:00;0.572;;
461101;unknown;control;2024-01-24 08:45:00+00:00;0.098;;
461101;unknown;control;2024-01-24 09:00:00+00:00;0.356;;
461101;unknown;control;2024-01-24 09:15:00+00:00;0.033;;
461101;unknown;control;2024-01-24 09:30:00+00:00;0.075;;
461101;unknown;control;2024-01-24 09:45:00+00:00;0.336;;
461101;unknown;control;2024-01-24 10:00:00+00:00;0.064;;
461101;unknown;control;2024-01-24 10:15:00+00:00;0.036;;
461101;unknown;control;2024-01-24 10:30:00+00:00;0.068;;
461101;unknown;control;2024-01-24 10:45:00+00:00;0.034;;
461101;unknown;control;2024-01-24 11:00:00+00:00;0.791;;
461101;unknown;control;2024-01-24 11:15:00+00:00;0.341;;
461101;unknown;control;2024-01-24 11:30:00+00:00;0.796;;
461101;unknown;control;2024-01-24 11:45:00+00:00;0.835;;
461101;unknown;control;2024-01-24 12:00:00+00:00;0.534;;
461101;unknown;control;2024-01-24 12:15:00+00:00;0.008;;
461101;unknown;control;2024-01-24 12:30:00+00:00;0.001;;
461101;unknown;control;2024-01-24 12:45:00+00:00;0.041;;
461101;unknown;control;2024-01-24 13:00:00+00:00;0.044;;
461101;unknown;control;2024-01-24 13:15:00+00:00;0.67;;
461101;unknown;control;2024-01-24 13:30:00+00:00;1.003;;
461101;unknown;control;2024-01-24 13:45:00+00:00;0.246;;
461101;unknown;control;2024-01-24 14:00:00+00:00;0.786;;
461101;unknown;control;2024-01-24 14:15:00+00:00;0.272;;
461101;unknown;control;2024-01-24 14:30:00+00:00;0.036;;
461101;unknown;control;2024-01-24 14:45:00+00:00;0.036;;
461101;unknown;control;2024-01-24 15:00:00+00:00;0.069;;
461101;unknown;control;2024-01-24 15:15:00+00:00;0.103;;
461101;unknown;control;2024-01-24 15:30:00+00:00;0.411;;
461101;unknown;control;2024-01-24 15:45:00+00:00;0.486;;
461101;unknown;control;2024-01-24 16:00:00+00:00;0.163;;
461101;unknown;control;2024-01-24 16:15:00+00:00;0.164;;
461101;unknown;control;2024-01-24 16:30:00+00:00;0.169;;
461101;unknown;control;2024-01-24 16:45:00+00:00;0.149;;
461101;unknown;control;2024-01-24 17:00:00+00:00;0.142;;
461101;unknown;control;2024-01-24 17:15:00+00:00;0.134;;
461101;unknown;control;2024-01-24 17:30:00+00:00;0.115;;
461101;unknown;control;2024-01-24 17:45:00+00:00;0.654;;
461101;unknown;control;2024-01-24 18:00:00+00:00;0.515;;
461101;unknown;control;2024-01-24 18:15:00+00:00;0.858;;
461101;unknown;control;2024-01-24 18:30:00+00:00;0.63;;
461101;unknown;control;2024-01-24 18:45:00+00:00;0.116;;
461101;unknown;control;2024-01-24 19:00:00+00:00;0.121;;
461101;unknown;control;2024-01-24 19:15:00+00:00;0.119;;
461101;unknown;control;2024-01-24 19:30:00+00:00;0.113;;
461101;unknown;control;2024-01-24 19:45:00+00:00;0.316;;
461101;unknown;control;2024-01-24 20:00:00+00:00;0.305;;
461101;unknown;control;2024-01-24 20:15:00+00:00;0.801;;
461101;unknown;control;2024-01-24 20:30:00+00:00;0.891;;
461101;unknown;control;2024-01-24 20:45:00+00:00;0.656;;
461101;unknown;control;2024-01-24 21:00:00+00:00;0.103;;
461101;unknown;control;2024-01-24 21:15:00+00:00;0.094;;
461101;unknown;control;2024-01-24 21:30:00+00:00;0.082;;
461101;unknown;control;2024-01-24 21:45:00+00:00;0.778;;
461101;unknown;control;2024-01-24 22:00:00+00:00;0.565;;
461101;unknown;control;2024-01-24 22:15:00+00:00;0.62;;
461101;unknown;control;2024-01-24 22:30:00+00:00;0.825;;
461101;unknown;control;2024-01-24 22:45:00+00:00;0.074;;
461101;unknown;control;2024-01-24 23:00:00+00:00;0.078;;
461101;unknown;control;2024-01-24 23:15:00+00:00;0.055;;
461101;unknown;control;2024-01-24 23:30:00+00:00;0.343;;
461101;unknown;control;2024-01-24 23:45:00+00:00;0.863;;
461101;unknown;control;2024-01-25 00:00:00+00:00;0.841;;
461101;unknown;control;2024-01-25 00:15:00+00:00;0.061;;
461101;unknown;control;2024-01-25 00:30:00+00:00;0.056;;
461101;unknown;control;2024-01-25 00:45:00+00:00;0.048;;
461101;unknown;control;2024-01-25 01:00:00+00:00;0.496;;
461101;unknown;control;2024-01-25 01:15:00+00:00;0.828;;
461101;unknown;control;2024-01-25 01:30:00+00:00;0.875;;
461101;unknown;control;2024-01-25 01:45:00+00:00;0.471;;
461101;unknown;control;2024-01-25 02:00:00+00:00;0.094;;
461101;unknown;control;2024-01-25 02:15:00+00:00;0.272;;
461101;unknown;control;2024-01-25 02:30:00+00:00;0.609;;
461101;unknown;control;2024-01-25 02:45:00+00:00;0.867;;
461101;unknown;control;2024-01-25 03:00:00+00:00;0.871;;
461101;unknown;control;2024-01-25 03:15:00+00:00;0.128;;
461101;unknown;control;2024-01-25 03:30:00+00:00;0.061;;
461101;unknown;control;2024-01-25 03:45:00+00:00;0.042;;
461101;unknown;control;2024-01-25 04:00:00+00:00;0.029;;
461101;unknown;control;2024-01-25 04:15:00+00:00;0.295;;
461101;unknown;control;2024-01-25 04:30:00+00:00;0.386;;
461101;unknown;control;2024-01-25 04:45:00+00:00;0.89;;
461101;unknown;control;2024-01-25 05:00:00+00:00;0.869;;
461101;unknown;control;2024-01-25 05:15:00+00:00;0.861;;
461101;unknown;control;2024-01-25 05:30:00+00:00;0.238;;
461101;unknown;control;2024-01-25 05:45:00+00:00;0.178;;
461101;unknown;control;2024-01-25 06:00:00+00:00;0.224;;
461101;unknown;control;2024-01-25 06:15:00+00:00;0.866;;
461101;unknown;control;2024-01-25 06:30:00+00:00;0.353;;
461101;unknown;control;2024-01-25 06:45:00+00:00;0.867;;
461101;unknown;control;2024-01-25 07:00:00+00:00;0.856;;
461101;unknown;control;2024-01-25 07:15:00+00:00;0.342;;
461101;unknown;control;2024-01-25 07:30:00+00:00;0.037;;
461101;unknown;control;2024-01-25 07:45:00+00:00;0.022;;
461101;unknown;control;2024-01-25 08:00:00+00:00;0.025;;
461101;unknown;control;2024-01-25 08:15:00+00:00;0.007;;
461101;unknown;control;2024-01-25 08:30:00+00:00;0.478;;
461101;unknown;control;2024-01-25 08:45:00+00:00;0.478;;
461101;unknown;control;2024-01-25 09:00:00+00:00;0.391;;
461101;unknown;control;2024-01-25 09:15:00+00:00;0.343;;
461101;unknown;control;2024-01-25 09:30:00+00:00;0.023;;
461101;unknown;control;2024-01-25 09:45:00+00:00;0.0;;
461101;unknown;control;2024-01-25 10:00:00+00:00;0.0;;
461101;unknown;control;2024-01-25 10:15:00+00:00;0.0;;
461101;unknown;control;2024-01-25 10:30:00+00:00;0.0;;
461101;unknown;control;2024-01-25 10:45:00+00:00;0.0;;
461101;unknown;control;2024-01-25 11:00:00+00:00;0.202;;
461101;unknown;control;2024-01-25 11:15:00+00:00;0.176;;
461101;unknown;control;2024-01-25 11:30:00+00:00;0.634;;
461101;unknown;control;2024-01-25 11:45:00+00:00;0.063;;
461101;unknown;control;2024-01-25 12:00:00+00:00;0.004;;
461101;unknown;control;2024-01-25 12:15:00+00:00;0.004;;
461101;unknown;control;2024-01-25 12:30:00+00:00;0.532;;
461101;unknown;control;2024-01-25 12:45:00+00:00;0.742;;
461101;unknown;control;2024-01-25 13:00:00+00:00;0.269;;
461101;unknown;control;2024-01-25 13:15:00+00:00;0.8;;
461101;unknown;control;2024-01-25 13:30:00+00:00;0.001;;
461101;unknown;control;2024-01-25 13:45:00+00:00;0.063;;
461101;unknown;control;2024-01-25 14:00:00+00:00;0.034;;
461101;unknown;control;2024-01-25 14:15:00+00:00;0.479;;
461101;unknown;control;2024-01-25 14:30:00+00:00;0.0;;
461101;unknown;control;2024-01-25 14:45:00+00:00;0.0;;
461101;unknown;control;2024-01-25 15:00:00+00:00;0.003;;
461101;unknown;control;2024-01-25 15:15:00+00:00;0.413;;
461101;unknown;control;2024-01-25 15:30:00+00:00;0.152;;
461101;unknown;control;2024-01-25 15:45:00+00:00;0.829;;
461101;unknown;control;2024-01-25 16:00:00+00:00;0.673;;
461101;unknown;control;2024-01-25 16:15:00+00:00;0.106;;
461101;unknown;control;2024-01-25 16:30:00+00:00;0.098;;
461101;unknown;control;2024-01-25 16:45:00+00:00;0.079;;
461101;unknown;control;2024-01-25 17:00:00+00:00;0.085;;
461101;unknown;control;2024-01-25 17:15:00+00:00;0.079;;
461101;unknown;control;2024-01-25 17:30:00+00:00;0.089;;
461101;unknown;control;2024-01-25 17:45:00+00:00;0.51;;
461101;unknown;control;2024-01-25 18:00:00+00:00;0.6;;
461101;unknown;control;2024-01-25 18:15:00+00:00;0.91;;
461101;unknown;control;2024-01-25 18:30:00+00:00;0.65;;
461101;unknown;control;2024-01-25 18:45:00+00:00;0.128;;
461101;unknown;control;2024-01-25 19:00:00+00:00;0.093;;
461101;unknown;control;2024-01-25 19:15:00+00:00;0.076;;
461101;unknown;control;2024-01-25 19:30:00+00:00;0.074;;
461101;unknown;control;2024-01-25 19:45:00+00:00;0.462;;
461101;unknown;control;2024-01-25 20:00:00+00:00;0.761;;
461101;unknown;control;2024-01-25 20:15:00+00:00;0.125;;
461101;unknown;control;2024-01-25 20:30:00+00:00;0.226;;
461101;unknown;control;2024-01-25 20:45:00+00:00;0.929;;
461101;unknown;control;2024-01-25 21:00:00+00:00;0.937;;
461101;unknown;control;2024-01-25 21:15:00+00:00;0.242;;
461101;unknown;control;2024-01-25 21:30:00+00:00;0.141;;
461101;unknown;control;2024-01-25 21:45:00+00:00;0.11;;
461101;unknown;control;2024-01-25 22:00:00+00:00;0.078;;
461101;unknown;control;2024-01-25 22:15:00+00:00;0.577;;
461101;unknown;control;2024-01-25 22:30:00+00:00;1.458;;
461101;unknown;control;2024-01-25 22:45:00+00:00;1.674;;
461101;unknown;control;2024-01-25 23:00:00+00:00;1.107;;
461101;unknown;control;2024-01-25 23:15:00+00:00;0.919;;
461101;unknown;control;2024-01-25 23:30:00+00:00;0.881;;
461101;unknown;control;2024-01-25 23:45:00+00:00;1.449;;
461101;unknown;control;2024-01-26 00:00:00+00:00;1.69;;
461101;unknown;control;2024-01-26 00:15:00+00:00;1.444;;
461101;unknown;control;2024-01-26 00:30:00+00:00;0.884;;
461101;unknown;control;2024-01-26 00:45:00+00:00;0.881;;
461101;unknown;control;2024-01-26 01:00:00+00:00;0.872;;
461101;unknown;control;2024-01-26 01:15:00+00:00;1.195;;
461101;unknown;control;2024-01-26 01:30:00+00:00;1.687;;
461101;unknown;control;2024-01-26 01:45:00+00:00;1.618;;
461101;unknown;control;2024-01-26 02:00:00+00:00;1.024;;
461101;unknown;control;2024-01-26 02:15:00+00:00;1.132;;
461101;unknown;control;2024-01-26 02:30:00+00:00;0.726;;
461101;unknown;control;2024-01-26 02:45:00+00:00;0.473;;
461101;unknown;control;2024-01-26 03:00:00+00:00;0.934;;
461101;unknown;control;2024-01-26 03:15:00+00:00;1.09;;
461101;unknown;control;2024-01-26 03:30:00+00:00;0.686;;
461101;unknown;control;2024-01-26 03:45:00+00:00;0.074;;
461101;unknown;control;2024-01-26 04:00:00+00:00;0.044;;
461101;unknown;control;2024-01-26 04:15:00+00:00;0.047;;
461101;unknown;control;2024-01-26 04:30:00+00:00;0.306;;
461101;unknown;control;2024-01-26 04:45:00+00:00;0.608;;
461101;unknown;control;2024-01-26 05:00:00+00:00;0.863;;
461101;unknown;control;2024-01-26 05:15:00+00:00;0.746;;
461101;unknown;control;2024-01-26 05:30:00+00:00;0.896;;
461101;unknown;control;2024-01-26 05:45:00+00:00;0.839;;
461101;unknown;control;2024-01-26 06:00:00+00:00;0.101;;
461101;unknown;control;2024-01-26 06:15:00+00:00;0.08;;
461101;unknown;control;2024-01-26 06:30:00+00:00;0.339;;
461101;unknown;control;2024-01-26 06:45:00+00:00;0.348;;
461101;unknown;control;2024-01-26 07:00:00+00:00;0.841;;
461101;unknown;control;2024-01-26 07:15:00+00:00;0.675;;
461101;unknown;control;2024-01-26 07:30:00+00:00;0.502;;
461101;unknown;control;2024-01-26 07:45:00+00:00;0.019;;
461101;unknown;control;2024-01-26 08:00:00+00:00;0.002;;
461101;unknown;control;2024-01-26 08:15:00+00:00;0.006;;
461101;unknown;control;2024-01-26 08:30:00+00:00;0.532;;
461101;unknown;control;2024-01-26 08:45:00+00:00;0.312;;
461101;unknown;control;2024-01-26 09:00:00+00:00;0.496;;
461101;unknown;control;2024-01-26 09:15:00+00:00;0.473;;
461101;unknown;control;2024-01-26 09:30:00+00:00;0.0;;
461101;unknown;control;2024-01-26 09:45:00+00:00;0.0;;
461101;unknown;control;2024-01-26 10:00:00+00:00;0.0;;
461101;unknown;control;2024-01-26 10:15:00+00:00;0.0;;
461101;unknown;control;2024-01-26 10:30:00+00:00;0.0;;
461101;unknown;control;2024-01-26 10:45:00+00:00;0.0;;
461101;unknown;control;2024-01-26 11:00:00+00:00;0.143;;
461101;unknown;control;2024-01-26 11:15:00+00:00;0.089;;
461101;unknown;control;2024-01-26 11:30:00+00:00;0.52;;
461101;unknown;control;2024-01-26 11:45:00+00:00;0.284;;
461101;unknown;control;2024-01-26 12:00:00+00:00;0.144;;
461101;unknown;control;2024-01-26 12:15:00+00:00;0.07;;
461101;unknown;control;2024-01-26 12:30:00+00:00;0.011;;
461101;unknown;control;2024-01-26 12:45:00+00:00;0.003;;
461101;unknown;control;2024-01-26 13:00:00+00:00;0.236;;
461101;unknown;control;2024-01-26 13:15:00+00:00;0.076;;
461101;unknown;control;2024-01-26 13:30:00+00:00;0.771;;
461101;unknown;control;2024-01-26 13:45:00+00:00;0.882;;
461101;unknown;control;2024-01-26 14:00:00+00:00;0.108;;
461101;unknown;control;2024-01-26 14:15:00+00:00;0.086;;
461101;unknown;control;2024-01-26 14:30:00+00:00;0.06;;
461101;unknown;control;2024-01-26 14:45:00+00:00;0.025;;
461101;unknown;control;2024-01-26 15:00:00+00:00;0.043;;
461101;unknown;control;2024-01-26 15:15:00+00:00;0.409;;
461101;unknown;control;2024-01-26 15:30:00+00:00;0.58;;
461101;unknown;control;2024-01-26 15:45:00+00:00;0.899;;
461101;unknown;control;2024-01-26 16:00:00+00:00;0.911;;
461101;unknown;control;2024-01-26 16:15:00+00:00;0.91;;
461101;unknown;control;2024-01-26 16:30:00+00:00;0.138;;
461101;unknown;control;2024-01-26 16:45:00+00:00;0.119;;
461101;unknown;control;2024-01-26 17:00:00+00:00;0.106;;
461101;unknown;control;2024-01-26 17:15:00+00:00;0.096;;
461101;unknown;control;2024-01-26 17:30:00+00:00;0.097;;
461101;unknown;control;2024-01-26 17:45:00+00:00;0.703;;
461101;unknown;control;2024-01-26 18:00:00+00:00;0.754;;
461101;unknown;control;2024-01-26 18:15:00+00:00;0.883;;
461101;unknown;control;2024-01-26 18:30:00+00:00;0.384;;
461101;unknown;control;2024-01-26 18:45:00+00:00;0.81;;
461101;unknown;control;2024-01-26 19:00:00+00:00;0.87;;
461101;unknown;control;2024-01-26 19:15:00+00:00;0.739;;
461101;unknown;control;2024-01-26 19:30:00+00:00;0.193;;
461101;unknown;control;2024-01-26 19:45:00+00:00;0.088;;
461101;unknown;control;2024-01-26 20:00:00+00:00;0.078;;
461101;unknown;control;2024-01-26 20:15:00+00:00;0.756;;
461101;unknown;control;2024-01-26 20:30:00+00:00;0.696;;
461101;unknown;control;2024-01-26 20:45:00+00:00;0.091;;
461101;unknown;control;2024-01-26 21:00:00+00:00;0.094;;
461101;unknown;control;2024-01-26 21:15:00+00:00;0.097;;
461101;unknown;control;2024-01-26 21:30:00+00:00;1.744;;
461101;unknown;control;2024-01-26 21:45:00+00:00;1.822;;
461101;unknown;control;2024-01-26 22:00:00+00:00;1.689;;
461101;unknown;control;2024-01-26 22:15:00+00:00;1.01;;
461101;unknown;control;2024-01-26 22:30:00+00:00;1.323;;
461101;unknown;control;2024-01-26 22:45:00+00:00;1.187;;
461101;unknown;control;2024-01-26 23:00:00+00:00;1.136;;
461101;unknown;control;2024-01-26 23:15:00+00:00;1.427;;
461101;unknown;control;2024-01-26 23:30:00+00:00;1.704;;
461101;unknown;control;2024-01-26 23:45:00+00:00;1.714;;
461101;unknown;control;2024-01-27 00:00:00+00:00;0.879;;
461101;unknown;control;2024-01-27 00:15:00+00:00;0.88;;
461101;unknown;control;2024-01-27 00:30:00+00:00;0.867;;
461101;unknown;control;2024-01-27 00:45:00+00:00;1.162;;
461101;unknown;control;2024-01-27 01:00:00+00:00;1.001;;
461101;unknown;control;2024-01-27 01:15:00+00:00;1.101;;
461101;unknown;control;2024-01-27 01:30:00+00:00;1.011;;
461101;unknown;control;2024-01-27 01:45:00+00:00;1.082;;
461101;unknown;control;2024-01-27 02:00:00+00:00;0.139;;
461101;unknown;control;2024-01-27 02:15:00+00:00;0.061;;
461101;unknown;control;2024-01-27 02:30:00+00:00;0.037;;
461101;unknown;control;2024-01-27 02:45:00+00:00;0.366;;
461101;unknown;control;2024-01-27 03:00:00+00:00;0.186;;
461101;unknown;control;2024-01-27 03:15:00+00:00;0.855;;
461101;unknown;control;2024-01-27 03:30:00+00:00;0.879;;
461101;unknown;control;2024-01-27 03:45:00+00:00;0.476;;
461101;unknown;control;2024-01-27 04:00:00+00:00;0.06;;
461101;unknown;control;2024-01-27 04:15:00+00:00;0.058;;
461101;unknown;control;2024-01-27 04:30:00+00:00;0.672;;
461101;unknown;control;2024-01-27 04:45:00+00:00;0.859;;
461101;unknown;control;2024-01-27 05:00:00+00:00;0.303;;
461101;unknown;control;2024-01-27 05:15:00+00:00;0.894;;
461101;unknown;control;2024-01-27 05:30:00+00:00;0.906;;
461101;unknown;control;2024-01-27 05:45:00+00:00;0.537;;
461101;unknown;control;2024-01-27 06:00:00+00:00;0.055;;
461101;unknown;control;2024-01-27 06:15:00+00:00;0.044;;
461101;unknown;control;2024-01-27 06:30:00+00:00;0.038;;
461101;unknown;control;2024-01-27 06:45:00+00:00;0.656;;
461101;unknown;control;2024-01-27 07:00:00+00:00;0.479;;
461101;unknown;control;2024-01-27 07:15:00+00:00;0.637;;
461101;unknown;control;2024-01-27 07:30:00+00:00;0.776;;
461101;unknown;control;2024-01-27 07:45:00+00:00;0.749;;
461101;unknown;control;2024-01-27 08:00:00+00:00;0.679;;
461101;unknown;control;2024-01-27 08:15:00+00:00;0.765;;
461101;unknown;control;2024-01-27 08:30:00+00:00;0.569;;
461101;unknown;control;2024-01-27 08:45:00+00:00;0.77;;
461101;unknown;control;2024-01-27 09:00:00+00:00;0.282;;
461101;unknown;control;2024-01-27 09:15:00+00:00;0.008;;
461101;unknown;control;2024-01-27 09:30:00+00:00;0.003;;
461101;unknown;control;2024-01-27 09:45:00+00:00;0.137;;
461101;unknown;control;2024-01-27 10:00:00+00:00;0.001;;
461101;unknown;control;2024-01-27 10:15:00+00:00;0.0;;
461101;unknown;control;2024-01-27 10:30:00+00:00;0.0;;
461101;unknown;control;2024-01-27 10:45:00+00:00;0.0;;
461101;unknown;control;2024-01-27 11:00:00+00:00;0.001;;
461101;unknown;control;2024-01-27 11:15:00+00:00;0.104;;
461101;unknown;control;2024-01-27 11:30:00+00:00;0.0;;
461101;unknown;control;2024-01-27 11:45:00+00:00;0.002;;
461101;unknown;control;2024-01-27 12:00:00+00:00;0.0;;
461101;unknown;control;2024-01-27 12:15:00+00:00;0.0;;
461101;unknown;control;2024-01-27 12:30:00+00:00;0.0;;
461101;unknown;control;2024-01-27 12:45:00+00:00;0.009;;
461101;unknown;control;2024-01-27 13:00:00+00:00;0.119;;
461101;unknown;control;2024-01-27 13:15:00+00:00;0.0;;
461101;unknown;control;2024-01-27 13:30:00+00:00;0.0;;
461101;unknown;control;2024-01-27 13:45:00+00:00;0.156;;
461101;unknown;control;2024-01-27 14:00:00+00:00;0.13;;
461101;unknown;control;2024-01-27 14:15:00+00:00;0.647;;
461101;unknown;control;2024-01-27 14:30:00+00:00;0.452;;
461101;unknown;control;2024-01-27 14:45:00+00:00;0.023;;
461101;unknown;control;2024-01-27 15:00:00+00:00;0.057;;
461101;unknown;control;2024-01-27 15:15:00+00:00;0.152;;
461101;unknown;control;2024-01-27 15:30:00+00:00;0.101;;
461101;unknown;control;2024-01-27 15:45:00+00:00;0.589;;
461101;unknown;control;2024-01-27 16:00:00+00:00;0.085;;
461101;unknown;control;2024-01-27 16:15:00+00:00;0.186;;
461101;unknown;control;2024-01-27 16:30:00+00:00;0.502;;
461101;unknown;control;2024-01-27 16:45:00+00:00;0.988;;
461101;unknown;control;2024-01-27 17:00:00+00:00;0.802;;
461101;unknown;control;2024-01-27 17:15:00+00:00;0.937;;
461101;unknown;control;2024-01-27 17:30:00+00:00;0.924;;
461101;unknown;control;2024-01-27 17:45:00+00:00;0.879;;
461101;unknown;control;2024-01-27 18:00:00+00:00;0.706;;
461101;unknown;control;2024-01-27 18:15:00+00:00;0.162;;
461101;unknown;control;2024-01-27 18:30:00+00:00;0.188;;
461101;unknown;control;2024-01-27 18:45:00+00:00;0.158;;
461101;unknown;control;2024-01-27 19:00:00+00:00;0.784;;
461101;unknown;control;2024-01-27 19:15:00+00:00;0.846;;
461101;unknown;control;2024-01-27 19:30:00+00:00;0.962;;
461101;unknown;control;2024-01-27 19:45:00+00:00;0.864;;
461101;unknown;control;2024-01-27 20:00:00+00:00;0.328;;
461101;unknown;control;2024-01-27 20:15:00+00:00;0.352;;
461101;unknown;control;2024-01-27 20:30:00+00:00;0.152;;
461101;unknown;control;2024-01-27 20:45:00+00:00;0.155;;
461101;unknown;control;2024-01-27 21:00:00+00:00;0.57;;
461101;unknown;control;2024-01-27 21:15:00+00:00;0.979;;
461101;unknown;control;2024-01-27 21:30:00+00:00;0.796;;
461101;unknown;control;2024-01-27 21:45:00+00:00;1.016;;
461101;unknown;control;2024-01-27 22:00:00+00:00;0.421;;
461101;unknown;control;2024-01-27 22:15:00+00:00;0.419;;
461101;unknown;control;2024-01-27 22:30:00+00:00;0.129;;
461101;unknown;control;2024-01-27 22:45:00+00:00;0.135;;
461101;unknown;control;2024-01-27 23:00:00+00:00;0.27;;
461101;unknown;control;2024-01-27 23:15:00+00:00;0.941;;
461101;unknown;control;2024-01-27 23:30:00+00:00;0.976;;
461101;unknown;control;2024-01-27 23:45:00+00:00;0.552;;
461101;unknown;control;2024-01-28 00:00:00+00:00;0.127;;
461101;unknown;control;2024-01-28 00:15:00+00:00;0.711;;
461101;unknown;control;2024-01-28 00:30:00+00:00;0.287;;
461101;unknown;control;2024-01-28 00:45:00+00:00;0.902;;
461101;unknown;control;2024-01-28 01:00:00+00:00;0.904;;
461101;unknown;control;2024-01-28 01:15:00+00:00;1.274;;
461101;unknown;control;2024-01-28 01:30:00+00:00;0.082;;
461101;unknown;control;2024-01-28 01:45:00+00:00;0.057;;
461101;unknown;control;2024-01-28 02:00:00+00:00;0.04;;
461101;unknown;control;2024-01-28 02:15:00+00:00;0.089;;
461101;unknown;control;2024-01-28 02:30:00+00:00;0.367;;
461101;unknown;control;2024-01-28 02:45:00+00:00;0.645;;
461101;unknown;control;2024-01-28 03:00:00+00:00;0.871;;
461101;unknown;control;2024-01-28 03:15:00+00:00;0.826;;
461101;unknown;control;2024-01-28 03:30:00+00:00;0.734;;
461101;unknown;control;2024-01-28 03:45:00+00:00;0.92;;
461101;unknown;control;2024-01-28 04:00:00+00:00;0.926;;
461101;unknown;control;2024-01-28 04:15:00+00:00;0.215;;
461101;unknown;control;2024-01-28 04:30:00+00:00;0.321;;
461101;unknown;control;2024-01-28 04:45:00+00:00;0.057;;
461101;unknown;control;2024-01-28 05:00:00+00:00;0.205;;
461101;unknown;control;2024-01-28 05:15:00+00:00;0.884;;
461101;unknown;control;2024-01-28 05:30:00+00:00;0.769;;
461101;unknown;control;2024-01-28 05:45:00+00:00;0.909;;
461101;unknown;control;2024-01-28 06:00:00+00:00;0.673;;
461101;unknown;control;2024-01-28 06:15:00+00:00;0.062;;
461101;unknown;control;2024-01-28 06:30:00+00:00;0.309;;
461101;unknown;control;2024-01-28 06:45:00+00:00;0.062;;
461101;unknown;control;2024-01-28 07:00:00+00:00;0.854;;
461101;unknown;control;2024-01-28 07:15:00+00:00;0.846;;
461101;unknown;control;2024-01-28 07:30:00+00:00;0.831;;
461101;unknown;control;2024-01-28 07:45:00+00:00;0.821;;
461101;unknown;control;2024-01-28 08:00:00+00:00;0.654;;
461101;unknown;control;2024-01-28 08:15:00+00:00;0.194;;
461101;unknown;control;2024-01-28 08:30:00+00:00;0.096;;
461101;unknown;control;2024-01-28 08:45:00+00:00;0.419;;
461101;unknown;control;2024-01-28 09:00:00+00:00;0.57;;
461101;unknown;control;2024-01-28 09:15:00+00:00;0.885;;
461101;unknown;control;2024-01-28 09:30:00+00:00;0.745;;
461101;unknown;control;2024-01-28 09:45:00+00:00;0.534;;
461101;unknown;control;2024-01-28 10:00:00+00:00;0.328;;
461101;unknown;control;2024-01-28 10:15:00+00:00;0.0;;
461101;unknown;control;2024-01-28 10:30:00+00:00;0.0;;
461101;unknown;control;2024-01-28 10:45:00+00:00;0.009;;
461101;unknown;control;2024-01-28 11:00:00+00:00;0.0;;
461101;unknown;control;2024-01-28 11:15:00+00:00;0.001;;
461101;unknown;control;2024-01-28 11:30:00+00:00;0.001;;
461101;unknown;control;2024-01-28 11:45:00+00:00;0.0;;
461101;unknown;control;2024-01-28 12:00:00+00:00;0.0;;
461101;unknown;control;2024-01-28 12:15:00+00:00;0.0;;
461101;unknown;control;2024-01-28 12:30:00+00:00;0.0;;
461101;unknown;control;2024-01-28 12:45:00+00:00;0.001;;
461101;unknown;control;2024-01-28 13:00:00+00:00;0.0;;
461101;unknown;control;2024-01-28 13:15:00+00:00;0.001;;
461101;unknown;control;2024-01-28 13:30:00+00:00;0.381;;
461101;unknown;control;2024-01-28 13:45:00+00:00;0.219;;
461101;unknown;control;2024-01-28 14:00:00+00:00;0.0;;
461101;unknown;control;2024-01-28 14:15:00+00:00;0.001;;
461101;unknown;control;2024-01-28 14:30:00+00:00;0.004;;
461101;unknown;control;2024-01-28 14:45:00+00:00;0.119;;
461101;unknown;control;2024-01-28 15:00:00+00:00;0.175;;
461101;unknown;control;2024-01-28 15:15:00+00:00;0.002;;
461101;unknown;control;2024-01-28 15:30:00+00:00;0.125;;
461101;unknown;control;2024-01-28 15:45:00+00:00;0.53;;
461101;unknown;control;2024-01-28 16:00:00+00:00;0.619;;
461101;unknown;control;2024-01-28 16:15:00+00:00;0.355;;
461101;unknown;control;2024-01-28 16:30:00+00:00;0.041;;
461101;unknown;control;2024-01-28 16:45:00+00:00;0.035;;
461101;unknown;control;2024-01-28 17:00:00+00:00;0.556;;
461101;unknown;control;2024-01-28 17:15:00+00:00;1.232;;
461101;unknown;control;2024-01-28 17:30:00+00:00;0.904;;
461101;unknown;control;2024-01-28 17:45:00+00:00;0.604;;
461101;unknown;control;2024-01-28 18:00:00+00:00;0.952;;
461101;unknown;control;2024-01-28 18:15:00+00:00;0.971;;
461101;unknown;control;2024-01-28 18:30:00+00:00;0.273;;
461101;unknown;control;2024-01-28 18:45:00+00:00;0.233;;
461101;unknown;control;2024-01-28 19:00:00+00:00;0.128;;
461101;unknown;control;2024-01-28 19:15:00+00:00;0.122;;
461101;unknown;control;2024-01-28 19:30:00+00:00;0.606;;
461101;unknown;control;2024-01-28 19:45:00+00:00;0.958;;
461101;unknown;control;2024-01-28 20:00:00+00:00;0.776;;
461101;unknown;control;2024-01-28 20:15:00+00:00;0.587;;
461101;unknown;control;2024-01-28 20:30:00+00:00;0.689;;
461101;unknown;control;2024-01-28 20:45:00+00:00;0.547;;
461101;unknown;control;2024-01-28 21:00:00+00:00;0.928;;
461101;unknown;control;2024-01-28 21:15:00+00:00;1.093;;
461101;unknown;control;2024-01-28 21:30:00+00:00;1.342;;
461101;unknown;control;2024-01-28 21:45:00+00:00;0.824;;
461101;unknown;control;2024-01-28 22:00:00+00:00;0.448;;
461101;unknown;control;2024-01-28 22:15:00+00:00;0.084;;
461101;unknown;control;2024-01-28 22:30:00+00:00;0.343;;
461101;unknown;control;2024-01-28 22:45:00+00:00;0.29;;
461101;unknown;control;2024-01-28 23:00:00+00:00;0.857;;
461101;unknown;control;2024-01-28 23:15:00+00:00;0.874;;
461101;unknown;control;2024-01-28 23:30:00+00:00;0.898;;
461101;unknown;control;2024-01-28 23:45:00+00:00;0.863;;
461101;unknown;control;2024-01-29 00:00:00+00:00;0.735;;
461101;unknown;control;2024-01-29 00:15:00+00:00;0.936;;
461101;unknown;control;2024-01-29 00:30:00+00:00;0.858;;
461101;unknown;control;2024-01-29 00:45:00+00:00;0.378;;
461101;unknown;control;2024-01-29 01:00:00+00:00;0.05;;
461101;unknown;control;2024-01-29 01:15:00+00:00;0.059;;
461101;unknown;control;2024-01-29 01:30:00+00:00;0.77;;
461101;unknown;control;2024-01-29 01:45:00+00:00;0.792;;
461101;unknown;control;2024-01-29 02:00:00+00:00;0.766;;
461101;unknown;control;2024-01-29 02:15:00+00:00;0.905;;
461101;unknown;control;2024-01-29 02:30:00+00:00;0.915;;
461101;unknown;control;2024-01-29 02:45:00+00:00;0.845;;
461101;unknown;control;2024-01-29 03:00:00+00:00;0.055;;
461101;unknown;control;2024-01-29 03:15:00+00:00;0.062;;
461101;unknown;control;2024-01-29 03:30:00+00:00;0.38;;
461101;unknown;control;2024-01-29 03:45:00+00:00;0.698;;
461101;unknown;control;2024-01-29 04:00:00+00:00;0.838;;
461101;unknown;control;2024-01-29 04:15:00+00:00;0.894;;
461101;unknown;control;2024-01-29 04:30:00+00:00;0.909;;
461101;unknown;control;2024-01-29 04:45:00+00:00;0.963;;
461101;unknown;control;2024-01-29 05:00:00+00:00;0.444;;
461101;unknown;control;2024-01-29 05:15:00+00:00;0.722;;
461101;unknown;control;2024-01-29 05:30:00+00:00;0.344;;
461101;unknown;control;2024-01-29 05:45:00+00:00;0.879;;
461101;unknown;control;2024-01-29 06:00:00+00:00;0.888;;
461101;unknown;control;2024-01-29 06:15:00+00:00;0.91;;
461101;unknown;control;2024-01-29 06:30:00+00:00;0.946;;
461101;unknown;control;2024-01-29 06:45:00+00:00;0.662;;
461101;unknown;control;2024-01-29 07:00:00+00:00;0.876;;
461101;unknown;control;2024-01-29 07:15:00+00:00;0.848;;
461101;unknown;control;2024-01-29 07:30:00+00:00;0.652;;
461101;unknown;control;2024-01-29 07:45:00+00:00;0.421;;
461101;unknown;control;2024-01-29 08:00:00+00:00;0.698;;
461101;unknown;control;2024-01-29 08:15:00+00:00;0.677;;
461101;unknown;control;2024-01-29 08:30:00+00:00;0.654;;
461101;unknown;control;2024-01-29 08:45:00+00:00;0.56;;
461101;unknown;control;2024-01-29 09:00:00+00:00;0.547;;
461101;unknown;control;2024-01-29 09:15:00+00:00;0.894;;
461101;unknown;control;2024-01-29 09:30:00+00:00;0.178;;
461101;unknown;control;2024-01-29 09:45:00+00:00;0.066;;
461101;unknown;control;2024-01-29 10:00:00+00:00;0.01;;
461101;unknown;control;2024-01-29 10:15:00+00:00;0.0;;
461101;unknown;control;2024-01-29 10:30:00+00:00;0.0;;
461101;unknown;control;2024-01-29 10:45:00+00:00;0.0;;
461101;unknown;control;2024-01-29 11:00:00+00:00;0.0;;
461101;unknown;control;2024-01-29 11:15:00+00:00;0.001;;
461101;unknown;control;2024-01-29 11:30:00+00:00;0.0;;
461101;unknown;control;2024-01-29 11:45:00+00:00;0.0;;
461101;unknown;control;2024-01-29 12:00:00+00:00;0.001;;
461101;unknown;control;2024-01-29 12:15:00+00:00;0.0;;
461101;unknown;control;2024-01-29 12:30:00+00:00;0.001;;
461101;unknown;control;2024-01-29 12:45:00+00:00;0.15;;
461101;unknown;control;2024-01-29 13:00:00+00:00;0.0;;
461101;unknown;control;2024-01-29 13:15:00+00:00;0.0;;
461101;unknown;control;2024-01-29 13:30:00+00:00;0.0;;
461101;unknown;control;2024-01-29 13:45:00+00:00;0.021;;
461101;unknown;control;2024-01-29 14:00:00+00:00;0.081;;
461101;unknown;control;2024-01-29 14:15:00+00:00;0.17;;
461101;unknown;control;2024-01-29 14:30:00+00:00;0.002;;
461101;unknown;control;2024-01-29 14:45:00+00:00;0.0;;
461101;unknown;control;2024-01-29 15:00:00+00:00;0.0;;
461101;unknown;control;2024-01-29 15:15:00+00:00;0.0;;
461101;unknown;control;2024-01-29 15:30:00+00:00;0.513;;
461101;unknown;control;2024-01-29 15:45:00+00:00;0.559;;
461101;unknown;control;2024-01-29 16:00:00+00:00;0.002;;
461101;unknown;control;2024-01-29 16:15:00+00:00;0.001;;
461101;unknown;control;2024-01-29 16:30:00+00:00;0.002;;
461101;unknown;control;2024-01-29 16:45:00+00:00;0.003;;
461101;unknown;control;2024-01-29 17:00:00+00:00;0.04;;
461101;unknown;control;2024-01-29 17:15:00+00:00;0.465;;
461101;unknown;control;2024-01-29 17:30:00+00:00;0.217;;
461101;unknown;control;2024-01-29 17:45:00+00:00;0.545;;
461101;unknown;control;2024-01-29 18:00:00+00:00;0.341;;
461101;unknown;control;2024-01-29 18:15:00+00:00;0.548;;
461101;unknown;control;2024-01-29 18:30:00+00:00;0.5;;
461101;unknown;control;2024-01-29 18:45:00+00:00;0.807;;
461101;unknown;control;2024-01-29 19:00:00+00:00;0.927;;
461101;unknown;control;2024-01-29 19:15:00+00:00;0.934;;
461101;unknown;control;2024-01-29 19:30:00+00:00;0.967;;
461101;unknown;control;2024-01-29 19:45:00+00:00;0.965;;
461101;unknown;control;2024-01-29 20:00:00+00:00;0.983;;
461101;unknown;control;2024-01-29 20:15:00+00:00;0.782;;
461101;unknown;control;2024-01-29 20:30:00+00:00;0.893;;
461101;unknown;control;2024-01-29 20:45:00+00:00;0.53;;
461101;unknown;control;2024-01-29 21:00:00+00:00;0.992;;
461101;unknown;control;2024-01-29 21:15:00+00:00;0.934;;
461101;unknown;control;2024-01-29 21:30:00+00:00;0.849;;
461101;unknown;control;2024-01-29 21:45:00+00:00;0.288;;
461101;unknown;control;2024-01-29 22:00:00+00:00;0.057;;
461101;unknown;control;2024-01-29 22:15:00+00:00;0.056;;
461101;unknown;control;2024-01-29 22:30:00+00:00;0.868;;
461101;unknown;control;2024-01-29 22:45:00+00:00;0.32;;
461101;unknown;control;2024-01-29 23:00:00+00:00;0.894;;
461101;unknown;control;2024-01-29 23:15:00+00:00;0.908;;
461101;unknown;control;2024-01-29 23:30:00+00:00;0.928;;
461101;unknown;control;2024-01-29 23:45:00+00:00;0.411;;
461101;unknown;control;2024-01-30 00:00:00+00:00;0.052;;
461101;unknown;control;2024-01-30 00:15:00+00:00;0.054;;
461101;unknown;control;2024-01-30 00:30:00+00:00;0.759;;
461101;unknown;control;2024-01-30 00:45:00+00:00;0.532;;
461101;unknown;control;2024-01-30 01:00:00+00:00;0.669;;
461101;unknown;control;2024-01-30 01:15:00+00:00;0.894;;
461101;unknown;control;2024-01-30 01:30:00+00:00;0.911;;
461101;unknown;control;2024-01-30 01:45:00+00:00;0.607;;
461101;unknown;control;2024-01-30 02:00:00+00:00;0.056;;
461101;unknown;control;2024-01-30 02:15:00+00:00;0.154;;
461101;unknown;control;2024-01-30 02:30:00+00:00;0.887;;
461101;unknown;control;2024-01-30 02:45:00+00:00;0.778;;
461101;unknown;control;2024-01-30 03:00:00+00:00;0.424;;
461101;unknown;control;2024-01-30 03:15:00+00:00;0.902;;
461101;unknown;control;2024-01-30 03:30:00+00:00;0.915;;
461101;unknown;control;2024-01-30 03:45:00+00:00;0.763;;
461101;unknown;control;2024-01-30 04:00:00+00:00;0.347;;
461101;unknown;control;2024-01-30 04:15:00+00:00;0.058;;
461101;unknown;control;2024-01-30 04:30:00+00:00;0.072;;
461101;unknown;control;2024-01-30 04:45:00+00:00;0.596;;
461101;unknown;control;2024-01-30 05:00:00+00:00;0.34;;
461101;unknown;control;2024-01-30 05:15:00+00:00;0.893;;
461101;unknown;control;2024-01-30 05:30:00+00:00;1.113;;
461101;unknown;control;2024-01-30 05:45:00+00:00;1.053;;
461101;unknown;control;2024-01-30 06:00:00+00:00;1.002;;
461101;unknown;control;2024-01-30 06:15:00+00:00;0.793;;
461101;unknown;control;2024-01-30 06:30:00+00:00;0.792;;
461101;unknown;control;2024-01-30 06:45:00+00:00;0.91;;
461101;unknown;control;2024-01-30 07:00:00+00:00;0.957;;
461101;unknown;control;2024-01-30 07:15:00+00:00;0.415;;
461101;unknown;control;2024-01-30 07:30:00+00:00;0.799;;
461101;unknown;control;2024-01-30 07:45:00+00:00;0.648;;
461101;unknown;control;2024-01-30 08:00:00+00:00;0.709;;
461101;unknown;control;2024-01-30 08:15:00+00:00;0.661;;
461101;unknown;control;2024-01-30 08:30:00+00:00;0.613;;
461101;unknown;control;2024-01-30 08:45:00+00:00;0.49;;
461101;unknown;control;2024-01-30 09:00:00+00:00;0.418;;
461101;unknown;control;2024-01-30 09:15:00+00:00;0.088;;
461101;unknown;control;2024-01-30 09:30:00+00:00;0.401;;
461101;unknown;control;2024-01-30 09:45:00+00:00;0.004;;
461101;unknown;control;2024-01-30 10:00:00+00:00;0.0;;
461101;unknown;control;2024-01-30 10:15:00+00:00;0.0;;
461101;unknown;control;2024-01-30 10:30:00+00:00;0.0;;
461101;unknown;control;2024-01-30 10:45:00+00:00;0.0;;
461101;unknown;control;2024-01-30 11:00:00+00:00;0.0;;
461101;unknown;control;2024-01-30 11:15:00+00:00;0.0;;
461101;unknown;control;2024-01-30 11:30:00+00:00;0.0;;
461101;unknown;control;2024-01-30 11:45:00+00:00;0.0;;
461101;unknown;control;2024-01-30 12:00:00+00:00;0.0;;
461101;unknown;control;2024-01-30 12:15:00+00:00;0.0;;
461101;unknown;control;2024-01-30 12:30:00+00:00;0.001;;
461101;unknown;control;2024-01-30 12:45:00+00:00;0.0;;
461101;unknown;control;2024-01-30 13:00:00+00:00;0.0;;
461101;unknown;control;2024-01-30 13:15:00+00:00;0.069;;
461101;unknown;control;2024-01-30 13:30:00+00:00;0.001;;
461101;unknown;control;2024-01-30 13:45:00+00:00;0.0;;
461101;unknown;control;2024-01-30 14:00:00+00:00;0.057;;
461101;unknown;control;2024-01-30 14:15:00+00:00;0.158;;
461101;unknown;control;2024-01-30 14:30:00+00:00;0.243;;
461101;unknown;control;2024-01-30 14:45:00+00:00;0.019;;
461101;unknown;control;2024-01-30 15:00:00+00:00;0.0;;
461101;unknown;control;2024-01-30 15:15:00+00:00;0.036;;
461101;unknown;control;2024-01-30 15:30:00+00:00;0.444;;
461101;unknown;control;2024-01-30 15:45:00+00:00;0.429;;
461101;unknown;control;2024-01-30 16:00:00+00:00;0.07;;
461101;unknown;control;2024-01-30 16:15:00+00:00;0.192;;
461101;unknown;control;2024-01-30 16:30:00+00:00;0.04;;
461101;unknown;control;2024-01-30 16:45:00+00:00;0.004;;
461101;unknown;control;2024-01-30 17:00:00+00:00;0.003;;
461101;unknown;control;2024-01-30 17:15:00+00:00;0.003;;
461101;unknown;control;2024-01-30 17:30:00+00:00;0.041;;
461101;unknown;control;2024-01-30 17:45:00+00:00;0.721;;
461101;unknown;control;2024-01-30 18:00:00+00:00;0.226;;
461101;unknown;control;2024-01-30 18:15:00+00:00;0.713;;
461101;unknown;control;2024-01-30 18:30:00+00:00;0.652;;
461101;unknown;control;2024-01-30 18:45:00+00:00;0.845;;
461101;unknown;control;2024-01-30 19:00:00+00:00;0.932;;
461101;unknown;control;2024-01-30 19:15:00+00:00;0.779;;
461101;unknown;control;2024-01-30 19:30:00+00:00;0.132;;
461101;unknown;control;2024-01-30 19:45:00+00:00;0.111;;
461101;unknown;control;2024-01-30 20:00:00+00:00;0.477;;
461101;unknown;control;2024-01-30 20:15:00+00:00;0.62;;
461101;unknown;control;2024-01-30 20:30:00+00:00;1.009;;
461101;unknown;control;2024-01-30 20:45:00+00:00;0.987;;
461101;unknown;control;2024-01-30 21:00:00+00:00;1.002;;
461101;unknown;control;2024-01-30 21:15:00+00:00;0.867;;
461101;unknown;control;2024-01-30 21:30:00+00:00;0.223;;
461101;unknown;control;2024-01-30 21:45:00+00:00;0.143;;
461101;unknown;control;2024-01-30 22:00:00+00:00;0.439;;
461101;unknown;control;2024-01-30 22:15:00+00:00;0.18;;
461101;unknown;control;2024-01-30 22:30:00+00:00;0.9;;
461101;unknown;control;2024-01-30 22:45:00+00:00;0.895;;
461101;unknown;control;2024-01-30 23:00:00+00:00;0.524;;
461101;unknown;control;2024-01-30 23:15:00+00:00;0.058;;
461101;unknown;control;2024-01-30 23:30:00+00:00;0.044;;
461101;unknown;control;2024-01-30 23:45:00+00:00;0.031;;
461101;unknown;control;2024-01-31 00:00:00+00:00;0.111;;
461101;unknown;control;2024-01-31 00:15:00+00:00;0.406;;
461101;unknown;control;2024-01-31 00:30:00+00:00;0.665;;
461101;unknown;control;2024-01-31 00:45:00+00:00;0.724;;
461101;unknown;control;2024-01-31 01:00:00+00:00;0.886;;
461101;unknown;control;2024-01-31 01:15:00+00:00;0.891;;
461101;unknown;control;2024-01-31 01:30:00+00:00;0.83;;
461101;unknown;control;2024-01-31 01:45:00+00:00;0.063;;
461101;unknown;control;2024-01-31 02:00:00+00:00;0.056;;
461101;unknown;control;2024-01-31 02:15:00+00:00;0.359;;
461101;unknown;control;2024-01-31 02:30:00+00:00;0.268;;
461101;unknown;control;2024-01-31 02:45:00+00:00;0.767;;
461101;unknown;control;2024-01-31 03:00:00+00:00;0.773;;
461101;unknown;control;2024-01-31 03:15:00+00:00;0.896;;
461101;unknown;control;2024-01-31 03:30:00+00:00;0.919;;
461101;unknown;control;2024-01-31 03:45:00+00:00;0.257;;
461101;unknown;control;2024-01-31 04:00:00+00:00;0.056;;
461101;unknown;control;2024-01-31 04:15:00+00:00;0.226;;
461101;unknown;control;2024-01-31 04:30:00+00:00;0.148;;
461101;unknown;control;2024-01-31 04:45:00+00:00;0.788;;
461101;unknown;control;2024-01-31 05:00:00+00:00;0.819;;
461101;unknown;control;2024-01-31 05:15:00+00:00;0.942;;
461101;unknown;control;2024-01-31 05:30:00+00:00;0.998;;
461101;unknown;control;2024-01-31 05:45:00+00:00;0.973;;
461101;unknown;control;2024-01-31 06:00:00+00:00;0.414;;
461101;unknown;control;2024-01-31 06:15:00+00:00;0.103;;
461101;unknown;control;2024-01-31 06:30:00+00:00;0.444;;
461101;unknown;control;2024-01-31 06:45:00+00:00;0.554;;
461101;unknown;control;2024-01-31 07:00:00+00:00;0.868;;
461101;unknown;control;2024-01-31 07:15:00+00:00;0.728;;
461101;unknown;control;2024-01-31 07:30:00+00:00;0.88;;
461101;unknown;control;2024-01-31 07:45:00+00:00;0.689;;
461101;unknown;control;2024-01-31 08:00:00+00:00;0.193;;
461101;unknown;control;2024-01-31 08:15:00+00:00;0.0;;
461101;unknown;control;2024-01-31 08:30:00+00:00;0.297;;
461101;unknown;control;2024-01-31 08:45:00+00:00;0.017;;
461101;unknown;control;2024-01-31 09:00:00+00:00;0.0;;
461101;unknown;control;2024-01-31 09:15:00+00:00;0.158;;
461101;unknown;control;2024-01-31 09:30:00+00:00;0.074;;
461101;unknown;control;2024-01-31 09:45:00+00:00;0.093;;
461101;unknown;control;2024-01-31 10:00:00+00:00;0.0;;
461101;unknown;control;2024-01-31 10:15:00+00:00;0.0;;
461101;unknown;control;2024-01-31 10:30:00+00:00;0.0;;
461101;unknown;control;2024-01-31 10:45:00+00:00;0.0;;
461101;unknown;control;2024-01-31 11:00:00+00:00;0.216;;
461101;unknown;control;2024-01-31 11:15:00+00:00;0.003;;
461101;unknown;control;2024-01-31 11:30:00+00:00;0.253;;
461101;unknown;control;2024-01-31 11:45:00+00:00;0.437;;
461101;unknown;control;2024-01-31 12:00:00+00:00;0.0;;
461101;unknown;control;2024-01-31 12:15:00+00:00;0.0;;
461101;unknown;control;2024-01-31 12:30:00+00:00;0.0;;
461101;unknown;control;2024-01-31 12:45:00+00:00;0.0;;
461101;unknown;control;2024-01-31 13:00:00+00:00;0.111;;
461101;unknown;control;2024-01-31 13:15:00+00:00;0.001;;
461101;unknown;control;2024-01-31 13:30:00+00:00;0.327;;
461101;unknown;control;2024-01-31 13:45:00+00:00;0.016;;
461101;unknown;control;2024-01-31 14:00:00+00:00;0.004;;
461101;unknown;control;2024-01-31 14:15:00+00:00;0.001;;
461101;unknown;control;2024-01-31 14:30:00+00:00;0.0;;
461101;unknown;control;2024-01-31 14:45:00+00:00;0.0;;
461101;unknown;control;2024-01-31 15:00:00+00:00;0.05;;
461101;unknown;control;2024-01-31 15:15:00+00:00;0.286;;
461101;unknown;control;2024-01-31 15:30:00+00:00;0.0;;
461101;unknown;control;2024-01-31 15:45:00+00:00;0.061;;
461101;unknown;control;2024-01-31 16:00:00+00:00;0.552;;
461101;unknown;control;2024-01-31 16:15:00+00:00;0.763;;
461101;unknown;control;2024-01-31 16:30:00+00:00;0.107;;
461101;unknown;control;2024-01-31 16:45:00+00:00;0.084;;
461101;unknown;control;2024-01-31 17:00:00+00:00;0.077;;
461101;unknown;control;2024-01-31 17:15:00+00:00;0.082;;
461101;unknown;control;2024-01-31 17:30:00+00:00;0.087;;
461101;unknown;control;2024-01-31 17:45:00+00:00;1.011;;
461101;unknown;control;2024-01-31 18:00:00+00:00;1.18;;
461101;unknown;control;2024-01-31 18:15:00+00:00;0.657;;
461101;unknown;control;2024-01-31 18:30:00+00:00;0.778;;
461101;unknown;control;2024-01-31 18:45:00+00:00;0.979;;
461101;unknown;control;2024-01-31 19:00:00+00:00;1.011;;
461101;unknown;control;2024-01-31 19:15:00+00:00;0.555;;
461101;unknown;control;2024-01-31 19:30:00+00:00;0.165;;
461101;unknown;control;2024-01-31 19:45:00+00:00;0.182;;
461101;unknown;control;2024-01-31 20:00:00+00:00;0.1;;
461101;unknown;control;2024-01-31 20:15:00+00:00;0.592;;
461101;unknown;control;2024-01-31 20:30:00+00:00;0.437;;
461101;unknown;control;2024-01-31 20:45:00+00:00;0.833;;
461101;unknown;control;2024-01-31 21:00:00+00:00;0.432;;
461101;unknown;control;2024-01-31 21:15:00+00:00;0.855;;
461101;unknown;control;2024-01-31 21:30:00+00:00;0.909;;
461101;unknown;control;2024-01-31 21:45:00+00:00;0.935;;
461101;unknown;control;2024-01-31 22:00:00+00:00;1.093;;
461101;unknown;control;2024-01-31 22:15:00+00:00;0.855;;
461101;unknown;control;2024-01-31 22:30:00+00:00;0.079;;
461101;unknown;control;2024-01-31 22:45:00+00:00;0.076;;
461101;unknown;control;2024-01-31 23:00:00+00:00;0.572;;
461101;unknown;control;2024-01-31 23:15:00+00:00;0.571;;
461101;unknown;control;2024-01-31 23:30:00+00:00;0.854;;
461101;unknown;control;2024-01-31 23:45:00+00:00;0.878;;
461101;unknown;control;2024-02-01 00:00:00+00:00;0.907;;
461101;unknown;control;2024-02-01 00:15:00+00:00;0.131;;
461101;unknown;control;2024-02-01 00:30:00+00:00;0.062;;
461101;unknown;control;2024-02-01 00:45:00+00:00;0.045;;
461101;unknown;control;2024-02-01 01:00:00+00:00;0.202;;
461101;unknown;control;2024-02-01 01:15:00+00:00;0.78;;
461101;unknown;control;2024-02-01 01:30:00+00:00;0.302;;
461101;unknown;control;2024-02-01 01:45:00+00:00;0.876;;
461101;unknown;control;2024-02-01 02:00:00+00:00;0.887;;
461101;unknown;control;2024-02-01 02:15:00+00:00;0.533;;
461101;unknown;control;2024-02-01 02:30:00+00:00;0.063;;
461101;unknown;control;2024-02-01 02:45:00+00:00;0.051;;
461101;unknown;control;2024-02-01 03:00:00+00:00;0.035;;
461101;unknown;control;2024-02-01 03:15:00+00:00;0.208;;
461101;unknown;control;2024-02-01 03:30:00+00:00;0.354;;
461101;unknown;control;2024-02-01 03:45:00+00:00;0.751;;
461101;unknown;control;2024-02-01 04:00:00+00:00;0.877;;
461101;unknown;control;2024-02-01 04:15:00+00:00;0.824;;
461101;unknown;control;2024-02-01 04:30:00+00:00;0.069;;
461101;unknown;control;2024-02-01 04:45:00+00:00;0.057;;
461101;unknown;control;2024-02-01 05:00:00+00:00;0.063;;
461101;unknown;control;2024-02-01 05:15:00+00:00;0.494;;
461101;unknown;control;2024-02-01 05:30:00+00:00;0.632;;
461101;unknown;control;2024-02-01 05:45:00+00:00;0.711;;
461101;unknown;control;2024-02-01 06:00:00+00:00;0.933;;
461101;unknown;control;2024-02-01 06:15:00+00:00;0.922;;
461101;unknown;control;2024-02-01 06:30:00+00:00;0.98;;
461101;unknown;control;2024-02-01 06:45:00+00:00;0.243;;
461101;unknown;control;2024-02-01 07:00:00+00:00;0.093;;
461101;unknown;control;2024-02-01 07:15:00+00:00;0.058;;
461101;unknown;control;2024-02-01 07:30:00+00:00;0.287;;
461101;unknown;control;2024-02-01 07:45:00+00:00;0.225;;
461101;unknown;control;2024-02-01 08:00:00+00:00;0.807;;
461101;unknown;control;2024-02-01 08:15:00+00:00;0.691;;
461101;unknown;control;2024-02-01 08:30:00+00:00;0.837;;
461101;unknown;control;2024-02-01 08:45:00+00:00;0.821;;
461101;unknown;control;2024-02-01 09:00:00+00:00;0.864;;
461101;unknown;control;2024-02-01 09:15:00+00:00;0.209;;
461101;unknown;control;2024-02-01 09:30:00+00:00;0.0;;
461101;unknown;control;2024-02-01 09:45:00+00:00;0.565;;
461101;unknown;control;2024-02-01 10:00:00+00:00;0.009;;
461101;unknown;control;2024-02-01 10:15:00+00:00;0.0;;
461101;unknown;control;2024-02-01 10:30:00+00:00;0.0;;
461101;unknown;control;2024-02-01 10:45:00+00:00;0.0;;
461101;unknown;control;2024-02-01 11:00:00+00:00;0.541;;
461101;unknown;control;2024-02-01 11:15:00+00:00;0.628;;
461101;unknown;control;2024-02-01 11:30:00+00:00;0.743;;
461101;unknown;control;2024-02-01 11:45:00+00:00;0.267;;
461101;unknown;control;2024-02-01 12:00:00+00:00;0.744;;
461101;unknown;control;2024-02-01 12:15:00+00:00;0.68;;
461101;unknown;control;2024-02-01 12:30:00+00:00;0.565;;
461101;unknown;control;2024-02-01 12:45:00+00:00;0.0;;
461101;unknown;control;2024-02-01 13:00:00+00:00;0.023;;
461101;unknown;control;2024-02-01 13:15:00+00:00;0.002;;
461101;unknown;control;2024-02-01 13:30:00+00:00;0.554;;
461101;unknown;control;2024-02-01 13:45:00+00:00;0.255;;
461101;unknown;control;2024-02-01 14:00:00+00:00;0.806;;
461101;unknown;control;2024-02-01 14:15:00+00:00;0.691;;
461101;unknown;control;2024-02-01 14:30:00+00:00;0.019;;
461101;unknown;control;2024-02-01 14:45:00+00:00;0.027;;
461101;unknown;control;2024-02-01 15:00:00+00:00;0.018;;
461101;unknown;control;2024-02-01 15:15:00+00:00;0.741;;
461101;unknown;control;2024-02-01 15:30:00+00:00;1.219;;
461101;unknown;control;2024-02-01 15:45:00+00:00;1.45;;
461101;unknown;control;2024-02-01 16:00:00+00:00;1.447;;
461101;unknown;control;2024-02-01 16:15:00+00:00;1.582;;
461101;unknown;control;2024-02-01 16:30:00+00:00;0.974;;
461101;unknown;control;2024-02-01 16:45:00+00:00;0.939;;
461101;unknown;control;2024-02-01 17:00:00+00:00;0.911;;
461101;unknown;control;2024-02-01 17:15:00+00:00;0.913;;
461101;unknown;control;2024-02-01 17:30:00+00:00;0.917;;
461101;unknown;control;2024-02-01 17:45:00+00:00;1.662;;
461101;unknown;control;2024-02-01 18:00:00+00:00;1.205;;
461101;unknown;control;2024-02-01 18:15:00+00:00;1.736;;
461101;unknown;control;2024-02-01 18:30:00+00:00;1.711;;
461101;unknown;control;2024-02-01 18:45:00+00:00;1.639;;
461101;unknown;control;2024-02-01 19:00:00+00:00;1.307;;
461101;unknown;control;2024-02-01 19:15:00+00:00;0.986;;
461101;unknown;control;2024-02-01 19:30:00+00:00;0.982;;
461101;unknown;control;2024-02-01 19:45:00+00:00;1.651;;
461101;unknown;control;2024-02-01 20:00:00+00:00;1.301;;
461101;unknown;control;2024-02-01 20:15:00+00:00;1.477;;
461101;unknown;control;2024-02-01 20:30:00+00:00;1.066;;
461101;unknown;control;2024-02-01 20:45:00+00:00;0.409;;
461101;unknown;control;2024-02-01 21:00:00+00:00;0.346;;
461101;unknown;control;2024-02-01 21:15:00+00:00;0.265;;
461101;unknown;control;2024-02-01 21:30:00+00:00;0.099;;
461101;unknown;control;2024-02-01 21:45:00+00:00;0.741;;
461101;unknown;control;2024-02-01 22:00:00+00:00;0.77;;
461101;unknown;control;2024-02-01 22:15:00+00:00;0.559;;
461101;unknown;control;2024-02-01 22:30:00+00:00;0.092;;
461101;unknown;control;2024-02-01 22:45:00+00:00;0.225;;
461101;unknown;control;2024-02-01 23:00:00+00:00;0.864;;
461101;unknown;control;2024-02-01 23:15:00+00:00;0.884;;
461101;unknown;control;2024-02-01 23:30:00+00:00;0.379;;
461101;unknown;control;2024-02-01 23:45:00+00:00;0.058;;
461101;unknown;control;2024-02-02 00:00:00+00:00;0.043;;
461101;unknown;control;2024-02-02 00:15:00+00:00;0.358;;
461101;unknown;control;2024-02-02 00:30:00+00:00;0.097;;
461101;unknown;control;2024-02-02 00:45:00+00:00;0.861;;
461101;unknown;control;2024-02-02 01:00:00+00:00;0.704;;
461101;unknown;control;2024-02-02 01:15:00+00:00;0.901;;
461101;unknown;control;2024-02-02 01:30:00+00:00;0.206;;
461101;unknown;control;2024-02-02 01:45:00+00:00;0.055;;
461101;unknown;control;2024-02-02 02:00:00+00:00;0.036;;
461101;unknown;control;2024-02-02 02:15:00+00:00;0.043;;
461101;unknown;control;2024-02-02 02:30:00+00:00;0.337;;
461101;unknown;control;2024-02-02 02:45:00+00:00;0.602;;
461101;unknown;control;2024-02-02 03:00:00+00:00;0.874;;
461101;unknown;control;2024-02-02 03:15:00+00:00;0.857;;
461101;unknown;control;2024-02-02 03:30:00+00:00;0.267;;
461101;unknown;control;2024-02-02 03:45:00+00:00;0.05;;
461101;unknown;control;2024-02-02 04:00:00+00:00;0.044;;
461101;unknown;control;2024-02-02 04:15:00+00:00;0.423;;
461101;unknown;control;2024-02-02 04:30:00+00:00;0.567;;
461101;unknown;control;2024-02-02 04:45:00+00:00;0.597;;
461101;unknown;control;2024-02-02 05:00:00+00:00;0.895;;
461101;unknown;control;2024-02-02 05:15:00+00:00;0.886;;
461101;unknown;control;2024-02-02 05:30:00+00:00;0.917;;
461101;unknown;control;2024-02-02 05:45:00+00:00;0.369;;
461101;unknown;control;2024-02-02 06:00:00+00:00;0.094;;
461101;unknown;control;2024-02-02 06:15:00+00:00;0.088;;
461101;unknown;control;2024-02-02 06:30:00+00:00;0.898;;
461101;unknown;control;2024-02-02 06:45:00+00:00;0.342;;
461101;unknown;control;2024-02-02 07:00:00+00:00;0.853;;
461101;unknown;control;2024-02-02 07:15:00+00:00;0.821;;
461101;unknown;control;2024-02-02 07:30:00+00:00;0.837;;
461101;unknown;control;2024-02-02 07:45:00+00:00;0.46;;
461101;unknown;control;2024-02-02 08:00:00+00:00;0.002;;
461101;unknown;control;2024-02-02 08:15:00+00:00;0.21;;
461101;unknown;control;2024-02-02 08:30:00+00:00;0.721;;
461101;unknown;control;2024-02-02 08:45:00+00:00;0.452;;
461101;unknown;control;2024-02-02 09:00:00+00:00;0.002;;
461101;unknown;control;2024-02-02 09:15:00+00:00;0.0;;
461101;unknown;control;2024-02-02 09:30:00+00:00;0.016;;
461101;unknown;control;2024-02-02 09:45:00+00:00;0.045;;
461101;unknown;control;2024-02-02 10:00:00+00:00;0.001;;
461101;unknown;control;2024-02-02 10:15:00+00:00;0.0;;
461101;unknown;control;2024-02-02 10:30:00+00:00;0.001;;
461101;unknown;control;2024-02-02 10:45:00+00:00;0.0;;
461101;unknown;control;2024-02-02 11:00:00+00:00;0.021;;
461101;unknown;control;2024-02-02 11:15:00+00:00;0.006;;
461101;unknown;control;2024-02-02 11:30:00+00:00;0.005;;
461101;unknown;control;2024-02-02 11:45:00+00:00;0.024;;
461101;unknown;control;2024-02-02 12:00:00+00:00;0.116;;
461101;unknown;control;2024-02-02 12:15:00+00:00;0.0;;
461101;unknown;control;2024-02-02 12:30:00+00:00;0.003;;
461101;unknown;control;2024-02-02 12:45:00+00:00;0.001;;
461101;unknown;control;2024-02-02 13:00:00+00:00;0.014;;
461101;unknown;control;2024-02-02 13:15:00+00:00;0.056;;
461101;unknown;control;2024-02-02 13:30:00+00:00;0.279;;
461101;unknown;control;2024-02-02 13:45:00+00:00;0.123;;
461101;unknown;control;2024-02-02 14:00:00+00:00;0.0;;
461101;unknown;control;2024-02-02 14:15:00+00:00;0.0;;
461101;unknown;control;2024-02-02 14:30:00+00:00;0.105;;
461101;unknown;control;2024-02-02 14:45:00+00:00;0.337;;
461101;unknown;control;2024-02-02 15:00:00+00:00;0.017;;
461101;unknown;control;2024-02-02 15:15:00+00:00;0.198;;
461101;unknown;control;2024-02-02 15:30:00+00:00;0.369;;
461101;unknown;control;2024-02-02 15:45:00+00:00;0.901;;
461101;unknown;control;2024-02-02 16:00:00+00:00;0.808;;
461101;unknown;control;2024-02-02 16:15:00+00:00;0.435;;
461101;unknown;control;2024-02-02 16:30:00+00:00;0.111;;
461101;unknown;control;2024-02-02 16:45:00+00:00;0.082;;
461101;unknown;control;2024-02-02 17:00:00+00:00;0.076;;
461101;unknown;control;2024-02-02 17:15:00+00:00;0.164;;
461101;unknown;control;2024-02-02 17:30:00+00:00;0.19;;
461101;unknown;control;2024-02-02 17:45:00+00:00;0.746;;
461101;unknown;control;2024-02-02 18:00:00+00:00;0.802;;
461101;unknown;control;2024-02-02 18:15:00+00:00;1.344;;
461101;unknown;control;2024-02-02 18:30:00+00:00;0.909;;
461101;unknown;control;2024-02-02 18:45:00+00:00;0.893;;
461101;unknown;control;2024-02-02 19:00:00+00:00;0.732;;
461101;unknown;control;2024-02-02 19:15:00+00:00;0.985;;
461101;unknown;control;2024-02-02 19:30:00+00:00;0.993;;
461101;unknown;control;2024-02-02 19:45:00+00:00;0.748;;
461101;unknown;control;2024-02-02 20:00:00+00:00;0.498;;
461101;unknown;control;2024-02-02 20:15:00+00:00;0.138;;
461101;unknown;control;2024-02-02 20:30:00+00:00;0.323;;
461101;unknown;control;2024-02-02 20:45:00+00:00;0.961;;
461101;unknown;control;2024-02-02 21:00:00+00:00;0.76;;
461101;unknown;control;2024-02-02 21:15:00+00:00;1.029;;
461101;unknown;control;2024-02-02 21:30:00+00:00;0.422;;
461101;unknown;control;2024-02-02 21:45:00+00:00;0.151;;
461101;unknown;control;2024-02-02 22:00:00+00:00;0.477;;
461101;unknown;control;2024-02-02 22:15:00+00:00;0.344;;
461101;unknown;control;2024-02-02 22:30:00+00:00;0.937;;
461101;unknown;control;2024-02-02 22:45:00+00:00;0.959;;
461101;unknown;control;2024-02-02 23:00:00+00:00;0.5;;
461101;unknown;control;2024-02-02 23:15:00+00:00;0.108;;
461101;unknown;control;2024-02-02 23:30:00+00:00;0.065;;
461101;unknown;control;2024-02-02 23:45:00+00:00;0.581;;
461101;unknown;control;2024-02-03 00:00:00+00:00;1.299;;
461101;unknown;control;2024-02-03 00:15:00+00:00;0.79;;
461101;unknown;control;2024-02-03 00:30:00+00:00;0.715;;
461101;unknown;control;2024-02-03 00:45:00+00:00;0.838;;
461101;unknown;control;2024-02-03 01:00:00+00:00;0.162;;
461101;unknown;control;2024-02-03 01:15:00+00:00;0.446;;
461101;unknown;control;2024-02-03 01:30:00+00:00;0.043;;
461101;unknown;control;2024-02-03 01:45:00+00:00;0.185;;
461101;unknown;control;2024-02-03 02:00:00+00:00;0.79;;
461101;unknown;control;2024-02-03 02:15:00+00:00;0.87;;
461101;unknown;control;2024-02-03 02:30:00+00:00;0.324;;
461101;unknown;control;2024-02-03 02:45:00+00:00;0.891;;
461101;unknown;control;2024-02-03 03:00:00+00:00;0.908;;
461101;unknown;control;2024-02-03 03:15:00+00:00;0.182;;
461101;unknown;control;2024-02-03 03:30:00+00:00;0.057;;
461101;unknown;control;2024-02-03 03:45:00+00:00;0.04;;
461101;unknown;control;2024-02-03 04:00:00+00:00;0.04;;
461101;unknown;control;2024-02-03 04:15:00+00:00;0.656;;
461101;unknown;control;2024-02-03 04:30:00+00:00;0.328;;
461101;unknown;control;2024-02-03 04:45:00+00:00;0.853;;
461101;unknown;control;2024-02-03 05:00:00+00:00;0.775;;
461101;unknown;control;2024-02-03 05:15:00+00:00;0.892;;
461101;unknown;control;2024-02-03 05:30:00+00:00;0.923;;
461101;unknown;control;2024-02-03 05:45:00+00:00;0.365;;
461101;unknown;control;2024-02-03 06:00:00+00:00;0.051;;
461101;unknown;control;2024-02-03 06:15:00+00:00;0.067;;
461101;unknown;control;2024-02-03 06:30:00+00:00;0.361;;
461101;unknown;control;2024-02-03 06:45:00+00:00;0.323;;
461101;unknown;control;2024-02-03 07:00:00+00:00;0.817;;
461101;unknown;control;2024-02-03 07:15:00+00:00;0.821;;
461101;unknown;control;2024-02-03 07:30:00+00:00;0.676;;
461101;unknown;control;2024-02-03 07:45:00+00:00;0.754;;
461101;unknown;control;2024-02-03 08:00:00+00:00;0.77;;
461101;unknown;control;2024-02-03 08:15:00+00:00;0.729;;
461101;unknown;control;2024-02-03 08:30:00+00:00;0.642;;
461101;unknown;control;2024-02-03 08:45:00+00:00;0.196;;
461101;unknown;control;2024-02-03 09:00:00+00:00;0.247;;
461101;unknown;control;2024-02-03 09:15:00+00:00;0.216;;
461101;unknown;control;2024-02-03 09:30:00+00:00;0.023;;
461101;unknown;control;2024-02-03 09:45:00+00:00;0.0;;
461101;unknown;control;2024-02-03 10:00:00+00:00;0.003;;
461101;unknown;control;2024-02-03 10:15:00+00:00;0.012;;
461101;unknown;control;2024-02-03 10:30:00+00:00;0.175;;
461101;unknown;control;2024-02-03 10:45:00+00:00;0.205;;
461101;unknown;control;2024-02-03 11:00:00+00:00;0.127;;
461101;unknown;control;2024-02-03 11:15:00+00:00;0.296;;
461101;unknown;control;2024-02-03 11:30:00+00:00;0.002;;
461101;unknown;control;2024-02-03 11:45:00+00:00;0.0;;
461101;unknown;control;2024-02-03 12:00:00+00:00;0.0;;
461101;unknown;control;2024-02-03 12:15:00+00:00;0.046;;
461101;unknown;control;2024-02-03 12:30:00+00:00;0.0;;
461101;unknown;control;2024-02-03 12:45:00+00:00;0.0;;
461101;unknown;control;2024-02-03 13:00:00+00:00;0.0;;
461101;unknown;control;2024-02-03 13:15:00+00:00;0.0;;
461101;unknown;control;2024-02-03 13:30:00+00:00;0.0;;
461101;unknown;control;2024-02-03 13:45:00+00:00;0.161;;
461101;unknown;control;2024-02-03 14:00:00+00:00;0.049;;
461101;unknown;control;2024-02-03 14:15:00+00:00;0.267;;
461101;unknown;control;2024-02-03 14:30:00+00:00;0.067;;
461101;unknown;control;2024-02-03 14:45:00+00:00;0.009;;
461101;unknown;control;2024-02-03 15:00:00+00:00;0.002;;
461101;unknown;control;2024-02-03 15:15:00+00:00;0.11;;
461101;unknown;control;2024-02-03 15:30:00+00:00;0.106;;
461101;unknown;control;2024-02-03 15:45:00+00:00;0.48;;
461101;unknown;control;2024-02-03 16:00:00+00:00;0.252;;
461101;unknown;control;2024-02-03 16:15:00+00:00;0.528;;
461101;unknown;control;2024-02-03 16:30:00+00:00;0.504;;
461101;unknown;control;2024-02-03 16:45:00+00:00;0.0;;
461101;unknown;control;2024-02-03 17:00:00+00:00;0.0;;
461101;unknown;control;2024-02-03 17:15:00+00:00;0.004;;
461101;unknown;control;2024-02-03 17:30:00+00:00;0.074;;
461101;unknown;control;2024-02-03 17:45:00+00:00;0.317;;
461101;unknown;control;2024-02-03 18:00:00+00:00;0.776;;
461101;unknown;control;2024-02-03 18:15:00+00:00;0.311;;
461101;unknown;control;2024-02-03 18:30:00+00:00;0.879;;
461101;unknown;control;2024-02-03 18:45:00+00:00;0.839;;
461101;unknown;control;2024-02-03 19:00:00+00:00;0.076;;
461101;unknown;control;2024-02-03 19:15:00+00:00;0.079;;
461101;unknown;control;2024-02-03 19:30:00+00:00;0.055;;
461101;unknown;control;2024-02-03 19:45:00+00:00;0.05;;
461101;unknown;control;2024-02-03 20:00:00+00:00;0.513;;
461101;unknown;control;2024-02-03 20:15:00+00:00;0.362;;
461101;unknown;control;2024-02-03 20:30:00+00:00;0.826;;
461101;unknown;control;2024-02-03 20:45:00+00:00;0.699;;
461101;unknown;control;2024-02-03 21:00:00+00:00;0.903;;
461101;unknown;control;2024-02-03 21:15:00+00:00;0.709;;
461101;unknown;control;2024-02-03 21:30:00+00:00;0.127;;
461101;unknown;control;2024-02-03 21:45:00+00:00;0.132;;
461101;unknown;control;2024-02-03 22:00:00+00:00;0.106;;
461101;unknown;control;2024-02-03 22:15:00+00:00;0.489;;
461101;unknown;control;2024-02-03 22:30:00+00:00;0.407;;
461101;unknown;control;2024-02-03 22:45:00+00:00;0.891;;
461101;unknown;control;2024-02-03 23:00:00+00:00;0.753;;
461101;unknown;control;2024-02-03 23:15:00+00:00;0.934;;
461101;unknown;control;2024-02-03 23:30:00+00:00;0.974;;
461101;unknown;control;2024-02-03 23:45:00+00:00;0.092;;
461101;unknown;control;2024-02-04 00:00:00+00:00;0.082;;
461101;unknown;control;2024-02-04 00:15:00+00:00;0.278;;
461101;unknown;control;2024-02-04 00:30:00+00:00;0.136;;
461101;unknown;control;2024-02-04 00:45:00+00:00;0.833;;
461101;unknown;control;2024-02-04 01:00:00+00:00;0.898;;
461101;unknown;control;2024-02-04 01:15:00+00:00;0.592;;
461101;unknown;control;2024-02-04 01:30:00+00:00;0.066;;
461101;unknown;control;2024-02-04 01:45:00+00:00;0.061;;
461101;unknown;control;2024-02-04 02:00:00+00:00;0.356;;
461101;unknown;control;2024-02-04 02:15:00+00:00;0.867;;
461101;unknown;control;2024-02-04 02:30:00+00:00;0.339;;
461101;unknown;control;2024-02-04 02:45:00+00:00;0.058;;
461101;unknown;control;2024-02-04 03:00:00+00:00;0.065;;
461101;unknown;control;2024-02-04 03:15:00+00:00;0.864;;
461101;unknown;control;2024-02-04 03:30:00+00:00;0.894;;
461101;unknown;control;2024-02-04 03:45:00+00:00;0.842;;
461101;unknown;control;2024-02-04 04:00:00+00:00;0.227;;
461101;unknown;control;2024-02-04 04:15:00+00:00;0.051;;
461101;unknown;control;2024-02-04 04:30:00+00:00;0.3;;
461101;unknown;control;2024-02-04 04:45:00+00:00;0.324;;
461101;unknown;control;2024-02-04 05:00:00+00:00;0.874;;
461101;unknown;control;2024-02-04 05:15:00+00:00;0.9;;
461101;unknown;control;2024-02-04 05:30:00+00:00;0.171;;
461101;unknown;control;2024-02-04 05:45:00+00:00;0.064;;
461101;unknown;control;2024-02-04 06:00:00+00:00;0.044;;
461101;unknown;control;2024-02-04 06:15:00+00:00;0.034;;
461101;unknown;control;2024-02-04 06:30:00+00:00;0.41;;
461101;unknown;control;2024-02-04 06:45:00+00:00;0.179;;
461101;unknown;control;2024-02-04 07:00:00+00:00;0.78;;
461101;unknown;control;2024-02-04 07:15:00+00:00;0.589;;
461101;unknown;control;2024-02-04 07:30:00+00:00;0.718;;
461101;unknown;control;2024-02-04 07:45:00+00:00;0.69;;
461101;unknown;control;2024-02-04 08:00:00+00:00;0.688;;
461101;unknown;control;2024-02-04 08:15:00+00:00;0.732;;
461101;unknown;control;2024-02-04 08:30:00+00:00;0.356;;
461101;unknown;control;2024-02-04 08:45:00+00:00;0.376;;
461101;unknown;control;2024-02-04 09:00:00+00:00;0.0;;
461101;unknown;control;2024-02-04 09:15:00+00:00;0.336;;
461101;unknown;control;2024-02-04 09:30:00+00:00;0.312;;
461101;unknown;control;2024-02-04 09:45:00+00:00;0.051;;
461101;unknown;control;2024-02-04 10:00:00+00:00;0.007;;
461101;unknown;control;2024-02-04 10:15:00+00:00;0.005;;
461101;unknown;control;2024-02-04 10:30:00+00:00;0.0;;
461101;unknown;control;2024-02-04 10:45:00+00:00;0.009;;
461101;unknown;control;2024-02-04 11:00:00+00:00;0.0;;
461101;unknown;control;2024-02-04 11:15:00+00:00;0.0;;
461101;unknown;control;2024-02-04 11:30:00+00:00;0.0;;
461101;unknown;control;2024-02-04 11:45:00+00:00;0.0;;
461101;unknown;control;2024-02-04 12:00:00+00:00;0.0;;
461101;unknown;control;2024-02-04 12:15:00+00:00;0.0;;
461101;unknown;control;2024-02-04 12:30:00+00:00;0.0;;
461101;unknown;control;2024-02-04 12:45:00+00:00;0.035;;
461101;unknown;control;2024-02-04 13:00:00+00:00;0.114;;
461101;unknown;control;2024-02-04 13:15:00+00:00;0.001;;
461101;unknown;control;2024-02-04 13:30:00+00:00;0.463;;
461101;unknown;control;2024-02-04 13:45:00+00:00;0.096;;
461101;unknown;control;2024-02-04 14:00:00+00:00;0.001;;
461101;unknown;control;2024-02-04 14:15:00+00:00;0.0;;
461101;unknown;control;2024-02-04 14:30:00+00:00;0.005;;
461101;unknown;control;2024-02-04 14:45:00+00:00;0.001;;
461101;unknown;control;2024-02-04 15:00:00+00:00;0.168;;
461101;unknown;control;2024-02-04 15:15:00+00:00;0.874;;
461101;unknown;control;2024-02-04 15:30:00+00:00;0.263;;
461101;unknown;control;2024-02-04 15:45:00+00:00;0.438;;
461101;unknown;control;2024-02-04 16:00:00+00:00;0.664;;
461101;unknown;control;2024-02-04 16:15:00+00:00;0.357;;
461101;unknown;control;2024-02-04 16:30:00+00:00;0.031;;
461101;unknown;control;2024-02-04 16:45:00+00:00;0.026;;
461101;unknown;control;2024-02-04 17:00:00+00:00;0.01;;
461101;unknown;control;2024-02-04 17:15:00+00:00;0.022;;
461101;unknown;control;2024-02-04 17:30:00+00:00;0.731;;
461101;unknown;control;2024-02-04 17:45:00+00:00;0.288;;
461101;unknown;control;2024-02-04 18:00:00+00:00;1.021;;
461101;unknown;control;2024-02-04 18:15:00+00:00;0.821;;
461101;unknown;control;2024-02-04 18:30:00+00:00;0.505;;
461101;unknown;control;2024-02-04 18:45:00+00:00;0.117;;
461101;unknown;control;2024-02-04 19:00:00+00:00;0.109;;
461101;unknown;control;2024-02-04 19:15:00+00:00;0.457;;
461101;unknown;control;2024-02-04 19:30:00+00:00;0.93;;
461101;unknown;control;2024-02-04 19:45:00+00:00;0.673;;
461101;unknown;control;2024-02-04 20:00:00+00:00;0.659;;
461101;unknown;control;2024-02-04 20:15:00+00:00;1.003;;
461101;unknown;control;2024-02-04 20:30:00+00:00;0.814;;
461101;unknown;control;2024-02-04 20:45:00+00:00;0.162;;
461101;unknown;control;2024-02-04 21:00:00+00:00;0.164;;
461101;unknown;control;2024-02-04 21:15:00+00:00;0.138;;
461101;unknown;control;2024-02-04 21:30:00+00:00;0.816;;
461101;unknown;control;2024-02-04 21:45:00+00:00;0.947;;
461101;unknown;control;2024-02-04 22:00:00+00:00;0.359;;
461101;unknown;control;2024-02-04 22:15:00+00:00;0.939;;
461101;unknown;control;2024-02-04 22:30:00+00:00;0.938;;
461101;unknown;control;2024-02-04 22:45:00+00:00;0.648;;
461101;unknown;control;2024-02-04 23:00:00+00:00;0.065;;
461101;unknown;control;2024-02-04 23:15:00+00:00;0.052;;
461101;unknown;control;2024-02-04 23:30:00+00:00;0.046;;
461101;unknown;control;2024-02-04 23:45:00+00:00;0.822;;
461101;unknown;control;2024-02-05 00:00:00+00:00;0.42;;
461101;unknown;control;2024-02-05 00:15:00+00:00;0.768;;
461101;unknown;control;2024-02-05 00:30:00+00:00;0.895;;
461101;unknown;control;2024-02-05 00:45:00+00:00;0.651;;
461101;unknown;control;2024-02-05 01:00:00+00:00;0.056;;
461101;unknown;control;2024-02-05 01:15:00+00:00;0.049;;
461101;unknown;control;2024-02-05 01:30:00+00:00;0.036;;
461101;unknown;control;2024-02-05 01:45:00+00:00;0.045;;
461101;unknown;control;2024-02-05 02:00:00+00:00;0.625;;
461101;unknown;control;2024-02-05 02:15:00+00:00;0.476;;
461101;unknown;control;2024-02-05 02:30:00+00:00;0.869;;
461101;unknown;control;2024-02-05 02:45:00+00:00;0.792;;
461101;unknown;control;2024-02-05 03:00:00+00:00;0.906;;
461101;unknown;control;2024-02-05 03:15:00+00:00;0.489;;
461101;unknown;control;2024-02-05 03:30:00+00:00;0.056;;
461101;unknown;control;2024-02-05 03:45:00+00:00;0.045;;
461101;unknown;control;2024-02-05 04:00:00+00:00;0.234;;
461101;unknown;control;2024-02-05 04:15:00+00:00;0.14;;
461101;unknown;control;2024-02-05 04:30:00+00:00;0.792;;
461101;unknown;control;2024-02-05 04:45:00+00:00;0.919;;
461101;unknown;control;2024-02-05 05:00:00+00:00;0.927;;
461101;unknown;control;2024-02-05 05:15:00+00:00;0.921;;
461101;unknown;control;2024-02-05 05:30:00+00:00;0.243;;
461101;unknown;control;2024-02-05 05:45:00+00:00;0.086;;
461101;unknown;control;2024-02-05 06:00:00+00:00;0.783;;
461101;unknown;control;2024-02-05 06:15:00+00:00;0.449;;
461101;unknown;control;2024-02-05 06:30:00+00:00;0.726;;
461101;unknown;control;2024-02-05 06:45:00+00:00;0.873;;
461101;unknown;control;2024-02-05 07:00:00+00:00;0.89;;
461101;unknown;control;2024-02-05 07:15:00+00:00;0.774;;
461101;unknown;control;2024-02-05 07:30:00+00:00;0.265;;
461101;unknown;control;2024-02-05 07:45:00+00:00;0.042;;
461101;unknown;control;2024-02-05 08:00:00+00:00;0.003;;
461101;unknown;control;2024-02-05 08:15:00+00:00;0.586;;
461101;unknown;control;2024-02-05 08:30:00+00:00;0.422;;
461101;unknown;control;2024-02-05 08:45:00+00:00;0.555;;
461101;unknown;control;2024-02-05 09:00:00+00:00;0.64;;
461101;unknown;control;2024-02-05 09:15:00+00:00;0.656;;
461101;unknown;control;2024-02-05 09:30:00+00:00;0.015;;
461101;unknown;control;2024-02-05 09:45:00+00:00;0.0;;
461101;unknown;control;2024-02-05 10:00:00+00:00;0.0;;
461101;unknown;control;2024-02-05 10:15:00+00:00;0.0;;
461101;unknown;control;2024-02-05 10:30:00+00:00;0.0;;
461101;unknown;control;2024-02-05 10:45:00+00:00;0.0;;
461101;unknown;control;2024-02-05 11:00:00+00:00;0.021;;
461101;unknown;control;2024-02-05 11:15:00+00:00;0.0;;
461101;unknown;control;2024-02-05 11:30:00+00:00;0.001;;
461101;unknown;control;2024-02-05 11:45:00+00:00;0.0;;
461101;unknown;control;2024-02-05 12:00:00+00:00;0.0;;
461101;unknown;control;2024-02-05 12:15:00+00:00;0.0;;
461101;unknown;control;2024-02-05 12:30:00+00:00;0.001;;
461101;unknown;control;2024-02-05 12:45:00+00:00;0.001;;
461101;unknown;control;2024-02-05 13:00:00+00:00;0.001;;
461101;unknown;control;2024-02-05 13:15:00+00:00;0.0;;
461101;unknown;control;2024-02-05 13:30:00+00:00;0.0;;
461101;unknown;control;2024-02-05 13:45:00+00:00;0.0;;
461101;unknown;control;2024-02-05 14:00:00+00:00;0.0;;
461101;unknown;control;2024-02-05 14:15:00+00:00;0.077;;
461101;unknown;control;2024-02-05 14:30:00+00:00;0.269;;
461101;unknown;control;2024-02-05 14:45:00+00:00;0.078;;
461101;unknown;control;2024-02-05 15:00:00+00:00;0.137;;
461101;unknown;control;2024-02-05 15:15:00+00:00;0.129;;
461101;unknown;control;2024-02-05 15:30:00+00:00;0.0;;
461101;unknown;control;2024-02-05 15:45:00+00:00;0.0;;
461101;unknown;control;2024-02-05 16:00:00+00:00;0.002;;
461101;unknown;control;2024-02-05 16:15:00+00:00;0.335;;
461101;unknown;control;2024-02-05 16:30:00+00:00;0.008;;
461101;unknown;control;2024-02-05 16:45:00+00:00;0.002;;
461101;unknown;control;2024-02-05 17:00:00+00:00;0.002;;
461101;unknown;control;2024-02-05 17:15:00+00:00;0.003;;
461101;unknown;control;2024-02-05 17:30:00+00:00;0.004;;
461101;unknown;control;2024-02-05 17:45:00+00:00;0.505;;
461101;unknown;control;2024-02-05 18:00:00+00:00;0.516;;
461101;unknown;control;2024-02-05 18:15:00+00:00;0.309;;
461101;unknown;control;2024-02-05 18:30:00+00:00;0.564;;
461101;unknown;control;2024-02-05 18:45:00+00:00;0.625;;
461101;unknown;control;2024-02-05 19:00:00+00:00;0.709;;
461101;unknown;control;2024-02-05 19:15:00+00:00;0.294;;
461101;unknown;control;2024-02-05 19:30:00+00:00;0.004;;
461101;unknown;control;2024-02-05 19:45:00+00:00;0.003;;
461101;unknown;control;2024-02-05 20:00:00+00:00;0.289;;
461101;unknown;control;2024-02-05 20:15:00+00:00;0.483;;
461101;unknown;control;2024-02-05 20:30:00+00:00;0.888;;
461101;unknown;control;2024-02-05 20:45:00+00:00;0.979;;
461101;unknown;control;2024-02-05 21:00:00+00:00;1.043;;
461101;unknown;control;2024-02-05 21:15:00+00:00;0.403;;
461101;unknown;control;2024-02-05 21:30:00+00:00;0.234;;
461101;unknown;control;2024-02-05 21:45:00+00:00;0.425;;
461101;unknown;control;2024-02-05 22:00:00+00:00;0.093;;
461101;unknown;control;2024-02-05 22:15:00+00:00;0.604;;
461101;unknown;control;2024-02-05 22:30:00+00:00;0.606;;
461101;unknown;control;2024-02-05 22:45:00+00:00;0.869;;
461101;unknown;control;2024-02-05 23:00:00+00:00;0.831;;
461101;unknown;control;2024-02-05 23:15:00+00:00;0.732;;
461101;unknown;control;2024-02-05 23:30:00+00:00;0.918;;
461101;unknown;control;2024-02-05 23:45:00+00:00;0.499;;
461101;unknown;control;2024-02-06 00:00:00+00:00;0.054;;
461101;unknown;control;2024-02-06 00:15:00+00:00;0.158;;
461101;unknown;control;2024-02-06 00:30:00+00:00;0.273;;
461101;unknown;control;2024-02-06 00:45:00+00:00;0.708;;
461101;unknown;control;2024-02-06 01:00:00+00:00;0.885;;
461101;unknown;control;2024-02-06 01:15:00+00:00;0.794;;
461101;unknown;control;2024-02-06 01:30:00+00:00;0.929;;
461101;unknown;control;2024-02-06 01:45:00+00:00;0.076;;
461101;unknown;control;2024-02-06 02:00:00+00:00;0.055;;
461101;unknown;control;2024-02-06 02:15:00+00:00;0.055;;
461101;unknown;control;2024-02-06 02:30:00+00:00;0.386;;
461101;unknown;control;2024-02-06 02:45:00+00:00;0.4;;
461101;unknown;control;2024-02-06 03:00:00+00:00;0.871;;
461101;unknown;control;2024-02-06 03:15:00+00:00;0.896;;
461101;unknown;control;2024-02-06 03:30:00+00:00;0.92;;
461101;unknown;control;2024-02-06 03:45:00+00:00;0.489;;
461101;unknown;control;2024-02-06 04:00:00+00:00;0.054;;
461101;unknown;control;2024-02-06 04:15:00+00:00;0.043;;
461101;unknown;control;2024-02-06 04:30:00+00:00;0.218;;
461101;unknown;control;2024-02-06 04:45:00+00:00;0.092;;
461101;unknown;control;2024-02-06 05:00:00+00:00;0.704;;
461101;unknown;control;2024-02-06 05:15:00+00:00;0.664;;
461101;unknown;control;2024-02-06 05:30:00+00:00;0.628;;
461101;unknown;control;2024-02-06 05:45:00+00:00;0.865;;
461101;unknown;control;2024-02-06 06:00:00+00:00;0.904;;
461101;unknown;control;2024-02-06 06:15:00+00:00;0.893;;
461101;unknown;control;2024-02-06 06:30:00+00:00;0.778;;
461101;unknown;control;2024-02-06 06:45:00+00:00;0.939;;
461101;unknown;control;2024-02-06 07:00:00+00:00;0.893;;
461101;unknown;control;2024-02-06 07:15:00+00:00;0.877;;
461101;unknown;control;2024-02-06 07:30:00+00:00;0.253;;
461101;unknown;control;2024-02-06 07:45:00+00:00;0.819;;
461101;unknown;control;2024-02-06 08:00:00+00:00;0.784;;
461101;unknown;control;2024-02-06 08:15:00+00:00;0.669;;
461101;unknown;control;2024-02-06 08:30:00+00:00;0.622;;
461101;unknown;control;2024-02-06 08:45:00+00:00;0.0;;
461101;unknown;control;2024-02-06 09:00:00+00:00;0.0;;
461101;unknown;control;2024-02-06 09:15:00+00:00;0.0;;
461101;unknown;control;2024-02-06 09:30:00+00:00;0.039;;
461101;unknown;control;2024-02-06 09:45:00+00:00;0.213;;
461101;unknown;control;2024-02-06 10:00:00+00:00;0.015;;
461101;unknown;control;2024-02-06 10:15:00+00:00;0.033;;
461101;unknown;control;2024-02-06 10:30:00+00:00;0.014;;
461101;unknown;control;2024-02-06 10:45:00+00:00;0.001;;
461101;unknown;control;2024-02-06 11:00:00+00:00;0.003;;
461101;unknown;control;2024-02-06 11:15:00+00:00;0.003;;
461101;unknown;control;2024-02-06 11:30:00+00:00;0.002;;
461101;unknown;control;2024-02-06 11:45:00+00:00;0.0;;
461101;unknown;control;2024-02-06 12:00:00+00:00;0.0;;
461101;unknown;control;2024-02-06 12:15:00+00:00;0.0;;
461101;unknown;control;2024-02-06 12:30:00+00:00;0.0;;
461101;unknown;control;2024-02-06 12:45:00+00:00;0.001;;
461101;unknown;control;2024-02-06 13:00:00+00:00;0.318;;
461101;unknown;control;2024-02-06 13:15:00+00:00;0.144;;
461101;unknown;control;2024-02-06 13:30:00+00:00;0.12;;
461101;unknown;control;2024-02-06 13:45:00+00:00;1.647;;
461101;unknown;control;2024-02-06 14:00:00+00:00;0.892;;
461101;unknown;control;2024-02-06 14:15:00+00:00;0.941;;
461101;unknown;control;2024-02-06 14:30:00+00:00;1.192;;
461101;unknown;control;2024-02-06 14:45:00+00:00;1.551;;
461101;unknown;control;2024-02-06 15:00:00+00:00;0.586;;
461101;unknown;control;2024-02-06 15:15:00+00:00;0.476;;
461101;unknown;control;2024-02-06 15:30:00+00:00;0.472;;
461101;unknown;control;2024-02-06 15:45:00+00:00;0.715;;
461101;unknown;control;2024-02-06 16:00:00+00:00;1.325;;
461101;unknown;control;2024-02-06 16:15:00+00:00;1.136;;
461101;unknown;control;2024-02-06 16:30:00+00:00;0.953;;
461101;unknown;control;2024-02-06 16:45:00+00:00;0.912;;
461101;unknown;control;2024-02-06 17:00:00+00:00;0.866;;
461101;unknown;control;2024-02-06 17:15:00+00:00;0.581;;
461101;unknown;control;2024-02-06 17:30:00+00:00;0.434;;
461101;unknown;control;2024-02-06 17:45:00+00:00;1.065;;
461101;unknown;control;2024-02-06 18:00:00+00:00;1.084;;
461101;unknown;control;2024-02-06 18:15:00+00:00;0.905;;
461101;unknown;control;2024-02-06 18:30:00+00:00;0.365;;
461101;unknown;control;2024-02-06 18:45:00+00:00;0.912;;
461101;unknown;control;2024-02-06 19:00:00+00:00;0.942;;
461101;unknown;control;2024-02-06 19:15:00+00:00;0.514;;
461101;unknown;control;2024-02-06 19:30:00+00:00;0.132;;
461101;unknown;control;2024-02-06 19:45:00+00:00;0.123;;
461101;unknown;control;2024-02-06 20:00:00+00:00;0.114;;
461101;unknown;control;2024-02-06 20:15:00+00:00;0.262;;
461101;unknown;control;2024-02-06 20:30:00+00:00;0.488;;
461101;unknown;control;2024-02-06 20:45:00+00:00;0.735;;
461101;unknown;control;2024-02-06 21:00:00+00:00;0.907;;
461101;unknown;control;2024-02-06 21:15:00+00:00;0.933;;
461101;unknown;control;2024-02-06 21:30:00+00:00;0.923;;
461101;unknown;control;2024-02-06 21:45:00+00:00;0.299;;
461101;unknown;control;2024-02-06 22:00:00+00:00;0.068;;
461101;unknown;control;2024-02-06 22:15:00+00:00;0.043;;
461101;unknown;control;2024-02-06 22:30:00+00:00;0.505;;
461101;unknown;control;2024-02-06 22:45:00+00:00;0.317;;
461101;unknown;control;2024-02-06 23:00:00+00:00;0.798;;
461101;unknown;control;2024-02-06 23:15:00+00:00;0.864;;
461101;unknown;control;2024-02-06 23:30:00+00:00;0.847;;
461101;unknown;control;2024-02-06 23:45:00+00:00;0.067;;
461101;unknown;control;2024-02-07 00:00:00+00:00;0.063;;
461101;unknown;control;2024-02-07 00:15:00+00:00;0.038;;
461101;unknown;control;2024-02-07 00:30:00+00:00;0.041;;
461101;unknown;control;2024-02-07 00:45:00+00:00;0.465;;
461101;unknown;control;2024-02-07 01:00:00+00:00;0.443;;
461101;unknown;control;2024-02-07 01:15:00+00:00;0.854;;
461101;unknown;control;2024-02-07 01:30:00+00:00;0.882;;
461101;unknown;control;2024-02-07 01:45:00+00:00;0.862;;
461101;unknown;control;2024-02-07 02:00:00+00:00;0.063;;
461101;unknown;control;2024-02-07 02:15:00+00:00;0.059;;
461101;unknown;control;2024-02-07 02:30:00+00:00;0.031;;
461101;unknown;control;2024-02-07 02:45:00+00:00;0.302;;
461101;unknown;control;2024-02-07 03:00:00+00:00;0.685;;
461101;unknown;control;2024-02-07 03:15:00+00:00;0.311;;
461101;unknown;control;2024-02-07 03:30:00+00:00;0.874;;
461101;unknown;control;2024-02-07 03:45:00+00:00;0.88;;
461101;unknown;control;2024-02-07 04:00:00+00:00;0.905;;
461101;unknown;control;2024-02-07 04:15:00+00:00;0.928;;
461101;unknown;control;2024-02-07 04:30:00+00:00;0.213;;
461101;unknown;control;2024-02-07 04:45:00+00:00;0.054;;
461101;unknown;control;2024-02-07 05:00:00+00:00;0.043;;
461101;unknown;control;2024-02-07 05:15:00+00:00;0.39;;
461101;unknown;control;2024-02-07 05:30:00+00:00;0.447;;
461101;unknown;control;2024-02-07 05:45:00+00:00;0.874;;
461101;unknown;control;2024-02-07 06:00:00+00:00;0.973;;
461101;unknown;control;2024-02-07 06:15:00+00:00;0.88;;
461101;unknown;control;2024-02-07 06:30:00+00:00;0.926;;
461101;unknown;control;2024-02-07 06:45:00+00:00;1.003;;
461101;unknown;control;2024-02-07 07:00:00+00:00;0.794;;
461101;unknown;control;2024-02-07 07:15:00+00:00;0.853;;
461101;unknown;control;2024-02-07 07:30:00+00:00;0.354;;
461101;unknown;control;2024-02-07 07:45:00+00:00;0.698;;
461101;unknown;control;2024-02-07 08:00:00+00:00;0.836;;
461101;unknown;control;2024-02-07 08:15:00+00:00;0.617;;
461101;unknown;control;2024-02-07 08:30:00+00:00;0.026;;
461101;unknown;control;2024-02-07 08:45:00+00:00;0.003;;
461101;unknown;control;2024-02-07 09:00:00+00:00;0.0;;
461101;unknown;control;2024-02-07 09:15:00+00:00;0.008;;
461101;unknown;control;2024-02-07 09:30:00+00:00;0.337;;
461101;unknown;control;2024-02-07 09:45:00+00:00;0.264;;
461101;unknown;control;2024-02-07 10:00:00+00:00;0.01;;
461101;unknown;control;2024-02-07 10:15:00+00:00;0.0;;
461101;unknown;control;2024-02-07 10:30:00+00:00;0.003;;
461101;unknown;control;2024-02-07 10:45:00+00:00;0.001;;
461101;unknown;control;2024-02-07 11:00:00+00:00;0.065;;
461101;unknown;control;2024-02-07 11:15:00+00:00;0.088;;
461101;unknown;control;2024-02-07 11:30:00+00:00;0.128;;
461101;unknown;control;2024-02-07 11:45:00+00:00;0.075;;
461101;unknown;control;2024-02-07 12:00:00+00:00;0.007;;
461101;unknown;control;2024-02-07 12:15:00+00:00;0.0;;
461101;unknown;control;2024-02-07 12:30:00+00:00;0.0;;
461101;unknown;control;2024-02-07 12:45:00+00:00;0.001;;
461101;unknown;control;2024-02-07 13:00:00+00:00;0.029;;
461101;unknown;control;2024-02-07 13:15:00+00:00;0.044;;
461101;unknown;control;2024-02-07 13:30:00+00:00;0.0;;
461101;unknown;control;2024-02-07 13:45:00+00:00;0.0;;
461101;unknown;control;2024-02-07 14:00:00+00:00;0.0;;
461101;unknown;control;2024-02-07 14:15:00+00:00;0.001;;
461101;unknown;control;2024-02-07 14:30:00+00:00;0.0;;
461101;unknown;control;2024-02-07 14:45:00+00:00;0.128;;
461101;unknown;control;2024-02-07 15:00:00+00:00;0.326;;
461101;unknown;control;2024-02-07 15:15:00+00:00;0.407;;
461101;unknown;control;2024-02-07 15:30:00+00:00;0.0;;
461101;unknown;control;2024-02-07 15:45:00+00:00;0.091;;
461101;unknown;control;2024-02-07 16:00:00+00:00;0.22;;
461101;unknown;control;2024-02-07 16:15:00+00:00;0.001;;
461101;unknown;control;2024-02-07 16:30:00+00:00;0.002;;
461101;unknown;control;2024-02-07 16:45:00+00:00;0.045;;
461101;unknown;control;2024-02-07 17:00:00+00:00;0.002;;
461101;unknown;control;2024-02-07 17:15:00+00:00;0.036;;
461101;unknown;control;2024-02-07 17:30:00+00:00;0.122;;
461101;unknown;control;2024-02-07 17:45:00+00:00;0.782;;
461101;unknown;control;2024-02-07 18:00:00+00:00;0.901;;
461101;unknown;control;2024-02-07 18:15:00+00:00;0.985;;
461101;unknown;control;2024-02-07 18:30:00+00:00;0.559;;
461101;unknown;control;2024-02-07 18:45:00+00:00;0.955;;
461101;unknown;control;2024-02-07 19:00:00+00:00;0.939;;
461101;unknown;control;2024-02-07 19:15:00+00:00;0.812;;
461101;unknown;control;2024-02-07 19:30:00+00:00;0.999;;
461101;unknown;control;2024-02-07 19:45:00+00:00;0.764;;
461101;unknown;control;2024-02-07 20:00:00+00:00;0.167;;
461101;unknown;control;2024-02-07 20:15:00+00:00;0.193;;
461101;unknown;control;2024-02-07 20:30:00+00:00;0.515;;
461101;unknown;control;2024-02-07 20:45:00+00:00;0.772;;
461101;unknown;control;2024-02-07 21:00:00+00:00;1.41;;
461101;unknown;control;2024-02-07 21:15:00+00:00;0.788;;
461101;unknown;control;2024-02-07 21:30:00+00:00;0.467;;
461101;unknown;control;2024-02-07 21:45:00+00:00;0.095;;
461101;unknown;control;2024-02-07 22:00:00+00:00;0.073;;
461101;unknown;control;2024-02-07 22:15:00+00:00;0.518;;
461101;unknown;control;2024-02-07 22:30:00+00:00;0.798;;
461101;unknown;control;2024-02-07 22:45:00+00:00;0.466;;
461101;unknown;control;2024-02-07 23:00:00+00:00;0.927;;
461101;unknown;control;2024-02-07 23:15:00+00:00;0.084;;
461101;unknown;control;2024-02-07 23:30:00+00:00;0.06;;
461101;unknown;control;2024-02-07 23:45:00+00:00;0.04;;
461101;unknown;control;2024-02-08 00:00:00+00:00;0.038;;
461101;unknown;control;2024-02-08 00:15:00+00:00;0.095;;
461101;unknown;control;2024-02-08 00:30:00+00:00;0.849;;
461101;unknown;control;2024-02-08 00:45:00+00:00;0.308;;
461101;unknown;control;2024-02-08 01:00:00+00:00;0.71;;
461101;unknown;control;2024-02-08 01:15:00+00:00;0.163;;
461101;unknown;control;2024-02-08 01:30:00+00:00;0.055;;
461101;unknown;control;2024-02-08 01:45:00+00:00;0.65;;
461101;unknown;control;2024-02-08 02:00:00+00:00;0.865;;
461101;unknown;control;2024-02-08 02:15:00+00:00;0.494;;
461101;unknown;control;2024-02-08 02:30:00+00:00;0.052;;
461101;unknown;control;2024-02-08 02:45:00+00:00;0.05;;
461101;unknown;control;2024-02-08 03:00:00+00:00;0.042;;
461101;unknown;control;2024-02-08 03:15:00+00:00;0.311;;
461101;unknown;control;2024-02-08 03:30:00+00:00;0.497;;
461101;unknown;control;2024-02-08 03:45:00+00:00;0.872;;
461101;unknown;control;2024-02-08 04:00:00+00:00;0.4;;
461101;unknown;control;2024-02-08 04:15:00+00:00;0.049;;
461101;unknown;control;2024-02-08 04:30:00+00:00;0.042;;
461101;unknown;control;2024-02-08 04:45:00+00:00;0.47;;
461101;unknown;control;2024-02-08 05:00:00+00:00;0.879;;
461101;unknown;control;2024-02-08 05:15:00+00:00;0.804;;
461101;unknown;control;2024-02-08 05:30:00+00:00;0.603;;
461101;unknown;control;2024-02-08 05:45:00+00:00;0.933;;
461101;unknown;control;2024-02-08 06:00:00+00:00;0.843;;
461101;unknown;control;2024-02-08 06:15:00+00:00;0.227;;
461101;unknown;control;2024-02-08 06:30:00+00:00;0.052;;
461101;unknown;control;2024-02-08 06:45:00+00:00;0.044;;
461101;unknown;control;2024-02-08 07:00:00+00:00;0.559;;
461101;unknown;control;2024-02-08 07:15:00+00:00;0.717;;
461101;unknown;control;2024-02-08 07:30:00+00:00;0.253;;
461101;unknown;control;2024-02-08 07:45:00+00:00;0.776;;
461101;unknown;control;2024-02-08 08:00:00+00:00;0.21;;
461101;unknown;control;2024-02-08 08:15:00+00:00;0.038;;
461101;unknown;control;2024-02-08 08:30:00+00:00;0.0;;
461101;unknown;control;2024-02-08 08:45:00+00:00;0.0;;
461101;unknown;control;2024-02-08 09:00:00+00:00;0.0;;
461101;unknown;control;2024-02-08 09:15:00+00:00;0.487;;
461101;unknown;control;2024-02-08 09:30:00+00:00;0.561;;
461101;unknown;control;2024-02-08 09:45:00+00:00;0.671;;
461101;unknown;control;2024-02-08 10:00:00+00:00;0.013;;
461101;unknown;control;2024-02-08 10:15:00+00:00;0.05;;
461101;unknown;control;2024-02-08 10:30:00+00:00;0.0;;
461101;unknown;control;2024-02-08 10:45:00+00:00;0.0;;
461101;unknown;control;2024-02-08 11:00:00+00:00;0.224;;
461101;unknown;control;2024-02-08 11:15:00+00:00;0.243;;
461101;unknown;control;2024-02-08 11:30:00+00:00;0.2;;
461101;unknown;control;2024-02-08 11:45:00+00:00;0.472;;
461101;unknown;control;2024-02-08 12:00:00+00:00;0.0;;
461101;unknown;control;2024-02-08 12:15:00+00:00;0.0;;
461101;unknown;control;2024-02-08 12:30:00+00:00;0.0;;
461101;unknown;control;2024-02-08 12:45:00+00:00;0.0;;
461101;unknown;control;2024-02-08 13:00:00+00:00;0.003;;
461101;unknown;control;2024-02-08 13:15:00+00:00;0.097;;
461101;unknown;control;2024-02-08 13:30:00+00:00;0.033;;
461101;unknown;control;2024-02-08 13:45:00+00:00;0.042;;
461101;unknown;control;2024-02-08 14:00:00+00:00;0.0;;
461101;unknown;control;2024-02-08 14:15:00+00:00;0.0;;
461101;unknown;control;2024-02-08 14:30:00+00:00;0.0;;
461101;unknown;control;2024-02-08 14:45:00+00:00;0.0;;
461101;unknown;control;2024-02-08 15:00:00+00:00;0.183;;
461101;unknown;control;2024-02-08 15:15:00+00:00;0.431;;
461101;unknown;control;2024-02-08 15:30:00+00:00;0.0;;
461101;unknown;control;2024-02-08 15:45:00+00:00;0.003;;
461101;unknown;control;2024-02-08 16:00:00+00:00;0.003;;
461101;unknown;control;2024-02-08 16:15:00+00:00;0.734;;
461101;unknown;control;2024-02-08 16:30:00+00:00;0.086;;
461101;unknown;control;2024-02-08 16:45:00+00:00;0.088;;
461101;unknown;control;2024-02-08 17:00:00+00:00;0.077;;
461101;unknown;control;2024-02-08 17:15:00+00:00;0.084;;
461101;unknown;control;2024-02-08 17:30:00+00:00;0.088;;
461101;unknown;control;2024-02-08 17:45:00+00:00;0.626;;
461101;unknown;control;2024-02-08 18:00:00+00:00;0.589;;
461101;unknown;control;2024-02-08 18:15:00+00:00;0.759;;
461101;unknown;control;2024-02-08 18:30:00+00:00;0.947;;
461101;unknown;control;2024-02-08 18:45:00+00:00;1.19;;
461101;unknown;control;2024-02-08 19:00:00+00:00;0.421;;
461101;unknown;control;2024-02-08 19:15:00+00:00;0.244;;
461101;unknown;control;2024-02-08 19:30:00+00:00;0.186;;
461101;unknown;control;2024-02-08 19:45:00+00:00;0.523;;
461101;unknown;control;2024-02-08 20:00:00+00:00;0.253;;
461101;unknown;control;2024-02-08 20:15:00+00:00;0.972;;
461101;unknown;control;2024-02-08 20:30:00+00:00;0.969;;
461101;unknown;control;2024-02-08 20:45:00+00:00;0.875;;
461101;unknown;control;2024-02-08 21:00:00+00:00;1.027;;
461101;unknown;control;2024-02-08 21:15:00+00:00;0.454;;
461101;unknown;control;2024-02-08 21:30:00+00:00;0.236;;
461101;unknown;control;2024-02-08 21:45:00+00:00;0.573;;
461101;unknown;control;2024-02-08 22:00:00+00:00;0.386;;
461101;unknown;control;2024-02-08 22:15:00+00:00;0.077;;
461101;unknown;control;2024-02-08 22:30:00+00:00;0.183;;
461101;unknown;control;2024-02-08 22:45:00+00:00;1.323;;
461101;unknown;control;2024-02-08 23:00:00+00:00;0.889;;
461101;unknown;control;2024-02-08 23:15:00+00:00;0.467;;
461101;unknown;control;2024-02-08 23:30:00+00:00;0.059;;
461101;unknown;control;2024-02-08 23:45:00+00:00;0.054;;
461101;unknown;control;2024-02-09 00:00:00+00:00;0.341;;
461101;unknown;control;2024-02-09 00:15:00+00:00;0.311;;
461101;unknown;control;2024-02-09 00:30:00+00:00;0.865;;
461101;unknown;control;2024-02-09 00:45:00+00:00;0.556;;
461101;unknown;control;2024-02-09 01:00:00+00:00;0.102;;
461101;unknown;control;2024-02-09 01:15:00+00:00;0.071;;
461101;unknown;control;2024-02-09 01:30:00+00:00;0.058;;
461101;unknown;control;2024-02-09 01:45:00+00:00;0.05;;
461101;unknown;control;2024-02-09 02:00:00+00:00;0.302;;
461101;unknown;control;2024-02-09 02:15:00+00:00;0.091;;
461101;unknown;control;2024-02-09 02:30:00+00:00;0.827;;
461101;unknown;control;2024-02-09 02:45:00+00:00;0.859;;
461101;unknown;control;2024-02-09 03:00:00+00:00;0.309;;
461101;unknown;control;2024-02-09 03:15:00+00:00;0.056;;
461101;unknown;control;2024-02-09 03:30:00+00:00;0.044;;
461101;unknown;control;2024-02-09 03:45:00+00:00;0.354;;
461101;unknown;control;2024-02-09 04:00:00+00:00;0.911;;
461101;unknown;control;2024-02-09 04:15:00+00:00;0.335;;
461101;unknown;control;2024-02-09 04:30:00+00:00;0.245;;
461101;unknown;control;2024-02-09 04:45:00+00:00;0.124;;
461101;unknown;control;2024-02-09 05:00:00+00:00;0.084;;
461101;unknown;control;2024-02-09 05:15:00+00:00;0.758;;
461101;unknown;control;2024-02-09 05:30:00+00:00;0.873;;
461101;unknown;control;2024-02-09 05:45:00+00:00;0.872;;
461101;unknown;control;2024-02-09 06:00:00+00:00;0.323;;
461101;unknown;control;2024-02-09 06:15:00+00:00;0.312;;
461101;unknown;control;2024-02-09 06:30:00+00:00;0.06;;
461101;unknown;control;2024-02-09 06:45:00+00:00;0.538;;
461101;unknown;control;2024-02-09 07:00:00+00:00;0.828;;
461101;unknown;control;2024-02-09 07:15:00+00:00;0.782;;
461101;unknown;control;2024-02-09 07:30:00+00:00;0.013;;
461101;unknown;control;2024-02-09 07:45:00+00:00;0.001;;
461101;unknown;control;2024-02-09 08:00:00+00:00;0.006;;
461101;unknown;control;2024-02-09 08:15:00+00:00;0.293;;
461101;unknown;control;2024-02-09 08:30:00+00:00;0.0;;
461101;unknown;control;2024-02-09 08:45:00+00:00;0.0;;
461101;unknown;control;2024-02-09 09:00:00+00:00;0.0;;
461101;unknown;control;2024-02-09 09:15:00+00:00;0.437;;
461101;unknown;control;2024-02-09 09:30:00+00:00;0.648;;
461101;unknown;control;2024-02-09 09:45:00+00:00;0.17;;
461101;unknown;control;2024-02-09 10:00:00+00:00;0.011;;
461101;unknown;control;2024-02-09 10:15:00+00:00;0.0;;
461101;unknown;control;2024-02-09 10:30:00+00:00;0.0;;
461101;unknown;control;2024-02-09 10:45:00+00:00;0.0;;
461101;unknown;control;2024-02-09 11:00:00+00:00;0.251;;
461101;unknown;control;2024-02-09 11:15:00+00:00;0.605;;
461101;unknown;control;2024-02-09 11:30:00+00:00;0.303;;
461101;unknown;control;2024-02-09 11:45:00+00:00;0.662;;
461101;unknown;control;2024-02-09 12:00:00+00:00;0.164;;
461101;unknown;control;2024-02-09 12:15:00+00:00;0.0;;
461101;unknown;control;2024-02-09 12:30:00+00:00;0.0;;
461101;unknown;control;2024-02-09 12:45:00+00:00;0.0;;
461101;unknown;control;2024-02-09 13:00:00+00:00;0.03;;
461101;unknown;control;2024-02-09 13:15:00+00:00;0.425;;
461101;unknown;control;2024-02-09 13:30:00+00:00;0.466;;
461101;unknown;control;2024-02-09 13:45:00+00:00;0.0;;
461101;unknown;control;2024-02-09 14:00:00+00:00;0.202;;
461101;unknown;control;2024-02-09 14:15:00+00:00;0.673;;
461101;unknown;control;2024-02-09 14:30:00+00:00;0.318;;
461101;unknown;control;2024-02-09 14:45:00+00:00;0.0;;
461101;unknown;control;2024-02-09 15:00:00+00:00;0.0;;
461101;unknown;control;2024-02-09 15:15:00+00:00;0.0;;
461101;unknown;control;2024-02-09 15:30:00+00:00;0.237;;
461101;unknown;control;2024-02-09 15:45:00+00:00;0.249;;
461101;unknown;control;2024-02-09 16:00:00+00:00;0.608;;
461101;unknown;control;2024-02-09 16:15:00+00:00;0.419;;
461101;unknown;control;2024-02-09 16:30:00+00:00;0.1;;
461101;unknown;control;2024-02-09 16:45:00+00:00;0.482;;
461101;unknown;control;2024-02-09 17:00:00+00:00;0.368;;
461101;unknown;control;2024-02-09 17:15:00+00:00;0.11;;
461101;unknown;control;2024-02-09 17:30:00+00:00;0.535;;
461101;unknown;control;2024-02-09 17:45:00+00:00;1.258;;
461101;unknown;control;2024-02-09 18:00:00+00:00;0.822;;
461101;unknown;control;2024-02-09 18:15:00+00:00;0.884;;
461101;unknown;control;2024-02-09 18:30:00+00:00;0.898;;
461101;unknown;control;2024-02-09 18:45:00+00:00;0.402;;
461101;unknown;control;2024-02-09 19:00:00+00:00;0.106;;
461101;unknown;control;2024-02-09 19:15:00+00:00;0.097;;
461101;unknown;control;2024-02-09 19:30:00+00:00;0.094;;
461101;unknown;control;2024-02-09 19:45:00+00:00;0.361;;
461101;unknown;control;2024-02-09 20:00:00+00:00;0.744;;
461101;unknown;control;2024-02-09 20:15:00+00:00;0.65;;
461101;unknown;control;2024-02-09 20:30:00+00:00;0.94;;
461101;unknown;control;2024-02-09 20:45:00+00:00;0.377;;
461101;unknown;control;2024-02-09 21:00:00+00:00;0.138;;
461101;unknown;control;2024-02-09 21:15:00+00:00;0.137;;
461101;unknown;control;2024-02-09 21:30:00+00:00;0.668;;
461101;unknown;control;2024-02-09 21:45:00+00:00;0.97;;
461101;unknown;control;2024-02-09 22:00:00+00:00;1.153;;
461101;unknown;control;2024-02-09 22:15:00+00:00;0.384;;
461101;unknown;control;2024-02-09 22:30:00+00:00;0.113;;
461101;unknown;control;2024-02-09 22:45:00+00:00;0.071;;
461101;unknown;control;2024-02-09 23:00:00+00:00;0.313;;
461101;unknown;control;2024-02-09 23:15:00+00:00;0.831;;
461101;unknown;control;2024-02-09 23:30:00+00:00;0.871;;
461101;unknown;control;2024-02-09 23:45:00+00:00;0.476;;
461101;unknown;control;2024-02-10 00:00:00+00:00;0.06;;
461101;unknown;control;2024-02-10 00:15:00+00:00;0.349;;
461101;unknown;control;2024-02-10 00:30:00+00:00;0.056;;
461101;unknown;control;2024-02-10 00:45:00+00:00;0.399;;
461101;unknown;control;2024-02-10 01:00:00+00:00;0.857;;
461101;unknown;control;2024-02-10 01:15:00+00:00;0.877;;
461101;unknown;control;2024-02-10 01:30:00+00:00;0.057;;
461101;unknown;control;2024-02-10 01:45:00+00:00;0.114;;
461101;unknown;control;2024-02-10 02:00:00+00:00;0.038;;
461101;unknown;control;2024-02-10 02:15:00+00:00;0.345;;
461101;unknown;control;2024-02-10 02:30:00+00:00;0.155;;
461101;unknown;control;2024-02-10 02:45:00+00:00;0.863;;
461101;unknown;control;2024-02-10 03:00:00+00:00;0.704;;
461101;unknown;control;2024-02-10 03:15:00+00:00;0.908;;
461101;unknown;control;2024-02-10 03:30:00+00:00;0.099;;
461101;unknown;control;2024-02-10 03:45:00+00:00;0.056;;
461101;unknown;control;2024-02-10 04:00:00+00:00;0.032;;
461101;unknown;control;2024-02-10 04:15:00+00:00;0.114;;
461101;unknown;control;2024-02-10 04:30:00+00:00;0.254;;
461101;unknown;control;2024-02-10 04:45:00+00:00;0.676;;
461101;unknown;control;2024-02-10 05:00:00+00:00;0.879;;
461101;unknown;control;2024-02-10 05:15:00+00:00;0.549;;
461101;unknown;control;2024-02-10 05:30:00+00:00;0.054;;
461101;unknown;control;2024-02-10 05:45:00+00:00;0.042;;
461101;unknown;control;2024-02-10 06:00:00+00:00;0.033;;
461101;unknown;control;2024-02-10 06:15:00+00:00;0.039;;
461101;unknown;control;2024-02-10 06:30:00+00:00;0.6;;
461101;unknown;control;2024-02-10 06:45:00+00:00;0.556;;
461101;unknown;control;2024-02-10 07:00:00+00:00;0.488;;
461101;unknown;control;2024-02-10 07:15:00+00:00;0.811;;
461101;unknown;control;2024-02-10 07:30:00+00:00;0.841;;
461101;unknown;control;2024-02-10 07:45:00+00:00;0.843;;
461101;unknown;control;2024-02-10 08:00:00+00:00;0.744;;
461101;unknown;control;2024-02-10 08:15:00+00:00;0.073;;
461101;unknown;control;2024-02-10 08:30:00+00:00;0.115;;
461101;unknown;control;2024-02-10 08:45:00+00:00;0.27;;
461101;unknown;control;2024-02-10 09:00:00+00:00;0.149;;
461101;unknown;control;2024-02-10 09:15:00+00:00;0.843;;
461101;unknown;control;2024-02-10 09:30:00+00:00;0.804;;
461101;unknown;control;2024-02-10 09:45:00+00:00;1.249;;
461101;unknown;control;2024-02-10 10:00:00+00:00;0.639;;
461101;unknown;control;2024-02-10 10:15:00+00:00;0.012;;
461101;unknown;control;2024-02-10 10:30:00+00:00;0.0;;
461101;unknown;control;2024-02-10 10:45:00+00:00;0.0;;
461101;unknown;control;2024-02-10 11:00:00+00:00;0.009;;
461101;unknown;control;2024-02-10 11:15:00+00:00;0.0;;
461101;unknown;control;2024-02-10 11:30:00+00:00;0.002;;
461101;unknown;control;2024-02-10 11:45:00+00:00;0.0;;
461101;unknown;control;2024-02-10 12:00:00+00:00;0.0;;
461101;unknown;control;2024-02-10 12:15:00+00:00;0.004;;
461101;unknown;control;2024-02-10 12:30:00+00:00;0.015;;
461101;unknown;control;2024-02-10 12:45:00+00:00;0.001;;
461101;unknown;control;2024-02-10 13:00:00+00:00;0.0;;
461101;unknown;control;2024-02-10 13:15:00+00:00;0.002;;
461101;unknown;control;2024-02-10 13:30:00+00:00;0.09;;
461101;unknown;control;2024-02-10 13:45:00+00:00;0.001;;
461101;unknown;control;2024-02-10 14:00:00+00:00;0.072;;
461101;unknown;control;2024-02-10 14:15:00+00:00;0.0;;
461101;unknown;control;2024-02-10 14:30:00+00:00;0.0;;
461101;unknown;control;2024-02-10 14:45:00+00:00;0.0;;
461101;unknown;control;2024-02-10 15:00:00+00:00;0.006;;
461101;unknown;control;2024-02-10 15:15:00+00:00;0.027;;
461101;unknown;control;2024-02-10 15:30:00+00:00;0.402;;
461101;unknown;control;2024-02-10 15:45:00+00:00;0.182;;
461101;unknown;control;2024-02-10 16:00:00+00:00;0.003;;
461101;unknown;control;2024-02-10 16:15:00+00:00;0.218;;
461101;unknown;control;2024-02-10 16:30:00+00:00;0.722;;
461101;unknown;control;2024-02-10 16:45:00+00:00;0.706;;
461101;unknown;control;2024-02-10 17:00:00+00:00;0.325;;
461101;unknown;control;2024-02-10 17:15:00+00:00;0.093;;
461101;unknown;control;2024-02-10 17:30:00+00:00;0.098;;
461101;unknown;control;2024-02-10 17:45:00+00:00;0.61;;
461101;unknown;control;2024-02-10 18:00:00+00:00;0.397;;
461101;unknown;control;2024-02-10 18:15:00+00:00;0.742;;
461101;unknown;control;2024-02-10 18:30:00+00:00;0.792;;
461101;unknown;control;2024-02-10 18:45:00+00:00;0.104;;
461101;unknown;control;2024-02-10 19:00:00+00:00;0.088;;
461101;unknown;control;2024-02-10 19:15:00+00:00;0.074;;
461101;unknown;control;2024-02-10 19:30:00+00:00;0.065;;
461101;unknown;control;2024-02-10 19:45:00+00:00;0.193;;
461101;unknown;control;2024-02-10 20:00:00+00:00;0.331;;
461101;unknown;control;2024-02-10 20:15:00+00:00;0.728;;
461101;unknown;control;2024-02-10 20:30:00+00:00;0.88;;
461101;unknown;control;2024-02-10 20:45:00+00:00;0.398;;
461101;unknown;control;2024-02-10 21:00:00+00:00;0.055;;
461101;unknown;control;2024-02-10 21:15:00+00:00;0.053;;
461101;unknown;control;2024-02-10 21:30:00+00:00;0.047;;
461101;unknown;control;2024-02-10 21:45:00+00:00;0.043;;
461101;unknown;control;2024-02-10 22:00:00+00:00;0.24;;
461101;unknown;control;2024-02-10 22:15:00+00:00;0.361;;
461101;unknown;control;2024-02-10 22:30:00+00:00;0.71;;
461101;unknown;control;2024-02-10 22:45:00+00:00;0.114;;
461101;unknown;control;2024-02-10 23:00:00+00:00;0.226;;
461101;unknown;control;2024-02-10 23:15:00+00:00;0.868;;
461101;unknown;control;2024-02-10 23:30:00+00:00;0.892;;
461101;unknown;control;2024-02-10 23:45:00+00:00;0.27;;
461101;unknown;control;2024-02-11 00:00:00+00:00;0.059;;
461101;unknown;control;2024-02-11 00:15:00+00:00;0.043;;
461101;unknown;control;2024-02-11 00:30:00+00:00;0.038;;
461101;unknown;control;2024-02-11 00:45:00+00:00;0.414;;
461101;unknown;control;2024-02-11 01:00:00+00:00;0.607;;
461101;unknown;control;2024-02-11 01:15:00+00:00;0.789;;
461101;unknown;control;2024-02-11 01:30:00+00:00;0.822;;
461101;unknown;control;2024-02-11 01:45:00+00:00;0.652;;
461101;unknown;control;2024-02-11 02:00:00+00:00;0.053;;
461101;unknown;control;2024-02-11 02:15:00+00:00;0.05;;
461101;unknown;control;2024-02-11 02:30:00+00:00;0.039;;
461101;unknown;control;2024-02-11 02:45:00+00:00;0.428;;
461101;unknown;control;2024-02-11 03:00:00+00:00;0.243;;
461101;unknown;control;2024-02-11 03:15:00+00:00;0.878;;
461101;unknown;control;2024-02-11 03:30:00+00:00;0.893;;
461101;unknown;control;2024-02-11 03:45:00+00:00;0.636;;
461101;unknown;control;2024-02-11 04:00:00+00:00;0.059;;
461101;unknown;control;2024-02-11 04:15:00+00:00;0.052;;
461101;unknown;control;2024-02-11 04:30:00+00:00;0.317;;
461101;unknown;control;2024-02-11 04:45:00+00:00;0.863;;
461101;unknown;control;2024-02-11 05:00:00+00:00;0.31;;
461101;unknown;control;2024-02-11 05:15:00+00:00;0.897;;
461101;unknown;control;2024-02-11 05:30:00+00:00;0.706;;
461101;unknown;control;2024-02-11 05:45:00+00:00;0.055;;
461101;unknown;control;2024-02-11 06:00:00+00:00;0.055;;
461101;unknown;control;2024-02-11 06:15:00+00:00;0.04;;
461101;unknown;control;2024-02-11 06:30:00+00:00;0.055;;
461101;unknown;control;2024-02-11 06:45:00+00:00;0.53;;
461101;unknown;control;2024-02-11 07:00:00+00:00;0.808;;
461101;unknown;control;2024-02-11 07:15:00+00:00;0.391;;
461101;unknown;control;2024-02-11 07:30:00+00:00;0.689;;
461101;unknown;control;2024-02-11 07:45:00+00:00;0.8;;
461101;unknown;control;2024-02-11 08:00:00+00:00;0.751;;
461101;unknown;control;2024-02-11 08:15:00+00:00;0.786;;
461101;unknown;control;2024-02-11 08:30:00+00:00;0.463;;
461101;unknown;control;2024-02-11 08:45:00+00:00;0.005;;
461101;unknown;control;2024-02-11 09:00:00+00:00;0.008;;
461101;unknown;control;2024-02-11 09:15:00+00:00;0.345;;
461101;unknown;control;2024-02-11 09:30:00+00:00;0.157;;
461101;unknown;control;2024-02-11 09:45:00+00:00;0.631;;
461101;unknown;control;2024-02-11 10:00:00+00:00;0.608;;
461101;unknown;control;2024-02-11 10:15:00+00:00;0.496;;
461101;unknown;control;2024-02-11 10:30:00+00:00;0.141;;
461101;unknown;control;2024-02-11 10:45:00+00:00;0.001;;
461101;unknown;control;2024-02-11 11:00:00+00:00;0.0;;
461101;unknown;control;2024-02-11 11:15:00+00:00;0.001;;
461101;unknown;control;2024-02-11 11:30:00+00:00;0.077;;
461101;unknown;control;2024-02-11 11:45:00+00:00;0.156;;
461101;unknown;control;2024-02-11 12:00:00+00:00;0.106;;
461101;unknown;control;2024-02-11 12:15:00+00:00;0.152;;
461101;unknown;control;2024-02-11 12:30:00+00:00;0.0;;
461101;unknown;control;2024-02-11 12:45:00+00:00;0.0;;
461101;unknown;control;2024-02-11 13:00:00+00:00;0.0;;
461101;unknown;control;2024-02-11 13:15:00+00:00;0.0;;
461101;unknown;control;2024-02-11 13:30:00+00:00;0.235;;
461101;unknown;control;2024-02-11 13:45:00+00:00;0.325;;
461101;unknown;control;2024-02-11 14:00:00+00:00;0.02;;
461101;unknown;control;2024-02-11 14:15:00+00:00;0.202;;
461101;unknown;control;2024-02-11 14:30:00+00:00;0.16;;
461101;unknown;control;2024-02-11 14:45:00+00:00;0.0;;
461101;unknown;control;2024-02-11 15:00:00+00:00;0.0;;
461101;unknown;control;2024-02-11 15:15:00+00:00;0.0;;
461101;unknown;control;2024-02-11 15:30:00+00:00;0.0;;
461101;unknown;control;2024-02-11 15:45:00+00:00;0.147;;
461101;unknown;control;2024-02-11 16:00:00+00:00;0.069;;
461101;unknown;control;2024-02-11 16:15:00+00:00;0.527;;
461101;unknown;control;2024-02-11 16:30:00+00:00;0.684;;
461101;unknown;control;2024-02-11 16:45:00+00:00;0.886;;
461101;unknown;control;2024-02-11 17:00:00+00:00;0.371;;
461101;unknown;control;2024-02-11 17:15:00+00:00;0.161;;
461101;unknown;control;2024-02-11 17:30:00+00:00;0.169;;
461101;unknown;control;2024-02-11 17:45:00+00:00;0.208;;
461101;unknown;control;2024-02-11 18:00:00+00:00;0.488;;
461101;unknown;control;2024-02-11 18:15:00+00:00;0.531;;
461101;unknown;control;2024-02-11 18:30:00+00:00;0.952;;
461101;unknown;control;2024-02-11 18:45:00+00:00;1.0;;
461101;unknown;control;2024-02-11 19:00:00+00:00;0.467;;
461101;unknown;control;2024-02-11 19:15:00+00:00;0.147;;
461101;unknown;control;2024-02-11 19:30:00+00:00;0.148;;
461101;unknown;control;2024-02-11 19:45:00+00:00;0.172;;
461101;unknown;control;2024-02-11 20:00:00+00:00;0.909;;
461101;unknown;control;2024-02-11 20:15:00+00:00;0.472;;
461101;unknown;control;2024-02-11 20:30:00+00:00;1.063;;
461101;unknown;control;2024-02-11 20:45:00+00:00;0.732;;
461101;unknown;control;2024-02-11 21:00:00+00:00;0.198;;
461101;unknown;control;2024-02-11 21:15:00+00:00;0.327;;
461101;unknown;control;2024-02-11 21:30:00+00:00;0.04;;
461101;unknown;control;2024-02-11 21:45:00+00:00;0.04;;
461101;unknown;control;2024-02-11 22:00:00+00:00;0.604;;
461101;unknown;control;2024-02-11 22:15:00+00:00;0.328;;
461101;unknown;control;2024-02-11 22:30:00+00:00;0.777;;
461101;unknown;control;2024-02-11 22:45:00+00:00;0.778;;
461101;unknown;control;2024-02-11 23:00:00+00:00;0.89;;
461101;unknown;control;2024-02-11 23:15:00+00:00;0.343;;
461101;unknown;control;2024-02-11 23:30:00+00:00;0.056;;
461101;unknown;control;2024-02-11 23:45:00+00:00;0.041;;
461101;unknown;control;2024-02-12 00:00:00+00:00;0.03;;
461101;unknown;control;2024-02-12 00:15:00+00:00;0.35;;
461101;unknown;control;2024-02-12 00:30:00+00:00;0.343;;
461101;unknown;control;2024-02-12 00:45:00+00:00;0.875;;
461101;unknown;control;2024-02-12 01:00:00+00:00;0.837;;
461101;unknown;control;2024-02-12 01:15:00+00:00;0.231;;
461101;unknown;control;2024-02-12 01:30:00+00:00;0.063;;
461101;unknown;control;2024-02-12 01:45:00+00:00;0.055;;
461101;unknown;control;2024-02-12 02:00:00+00:00;0.826;;
461101;unknown;control;2024-02-12 02:15:00+00:00;0.841;;
461101;unknown;control;2024-02-12 02:30:00+00:00;0.06;;
461101;unknown;control;2024-02-12 02:45:00+00:00;0.056;;
461101;unknown;control;2024-02-12 03:00:00+00:00;0.049;;
461101;unknown;control;2024-02-12 03:15:00+00:00;0.631;;
461101;unknown;control;2024-02-12 03:30:00+00:00;0.86;;
461101;unknown;control;2024-02-12 03:45:00+00:00;0.832;;
461101;unknown;control;2024-02-12 04:00:00+00:00;0.255;;
461101;unknown;control;2024-02-12 04:15:00+00:00;0.088;;
461101;unknown;control;2024-02-12 04:30:00+00:00;0.301;;
461101;unknown;control;2024-02-12 04:45:00+00:00;0.093;;
461101;unknown;control;2024-02-12 05:00:00+00:00;0.864;;
461101;unknown;control;2024-02-12 05:15:00+00:00;0.881;;
461101;unknown;control;2024-02-12 05:30:00+00:00;0.882;;
461101;unknown;control;2024-02-12 05:45:00+00:00;0.925;;
461101;unknown;control;2024-02-12 06:00:00+00:00;0.679;;
461101;unknown;control;2024-02-12 06:15:00+00:00;0.062;;
461101;unknown;control;2024-02-12 06:30:00+00:00;0.345;;
461101;unknown;control;2024-02-12 06:45:00+00:00;0.071;;
461101;unknown;control;2024-02-12 07:00:00+00:00;0.615;;
461101;unknown;control;2024-02-12 07:15:00+00:00;0.799;;
461101;unknown;control;2024-02-12 07:30:00+00:00;0.654;;
461101;unknown;control;2024-02-12 07:45:00+00:00;0.043;;
461101;unknown;control;2024-02-12 08:00:00+00:00;0.0;;
461101;unknown;control;2024-02-12 08:15:00+00:00;0.02;;
461101;unknown;control;2024-02-12 08:30:00+00:00;0.328;;
461101;unknown;control;2024-02-12 08:45:00+00:00;0.23;;
461101;unknown;control;2024-02-12 09:00:00+00:00;0.609;;
461101;unknown;control;2024-02-12 09:15:00+00:00;0.461;;
461101;unknown;control;2024-02-12 09:30:00+00:00;0.6;;
461101;unknown;control;2024-02-12 09:45:00+00:00;0.268;;
461101;unknown;control;2024-02-12 10:00:00+00:00;0.124;;
461101;unknown;control;2024-02-12 10:15:00+00:00;0.0;;
461101;unknown;control;2024-02-12 10:30:00+00:00;0.001;;
461101;unknown;control;2024-02-12 10:45:00+00:00;0.0;;
461101;unknown;control;2024-02-12 11:00:00+00:00;0.012;;
461101;unknown;control;2024-02-12 11:15:00+00:00;0.188;;
461101;unknown;control;2024-02-12 11:30:00+00:00;0.475;;
461101;unknown;control;2024-02-12 11:45:00+00:00;0.002;;
461101;unknown;control;2024-02-12 12:00:00+00:00;0.017;;
461101;unknown;control;2024-02-12 12:15:00+00:00;0.0;;
461101;unknown;control;2024-02-12 12:30:00+00:00;0.0;;
461101;unknown;control;2024-02-12 12:45:00+00:00;0.02;;
461101;unknown;control;2024-02-12 13:00:00+00:00;0.258;;
461101;unknown;control;2024-02-12 13:15:00+00:00;0.015;;
461101;unknown;control;2024-02-12 13:30:00+00:00;0.0;;
461101;unknown;control;2024-02-12 13:45:00+00:00;0.0;;
461101;unknown;control;2024-02-12 14:00:00+00:00;0.487;;
461101;unknown;control;2024-02-12 14:15:00+00:00;0.605;;
461101;unknown;control;2024-02-12 14:30:00+00:00;0.158;;
461101;unknown;control;2024-02-12 14:45:00+00:00;0.0;;
461101;unknown;control;2024-02-12 15:00:00+00:00;0.0;;
461101;unknown;control;2024-02-12 15:15:00+00:00;0.187;;
461101;unknown;control;2024-02-12 15:30:00+00:00;0.244;;
461101;unknown;control;2024-02-12 15:45:00+00:00;0.41;;
461101;unknown;control;2024-02-12 16:00:00+00:00;0.72;;
461101;unknown;control;2024-02-12 16:15:00+00:00;0.236;;
461101;unknown;control;2024-02-12 16:30:00+00:00;0.096;;
461101;unknown;control;2024-02-12 16:45:00+00:00;0.555;;
461101;unknown;control;2024-02-12 17:00:00+00:00;0.424;;
461101;unknown;control;2024-02-12 17:15:00+00:00;0.302;;
461101;unknown;control;2024-02-12 17:30:00+00:00;0.161;;
461101;unknown;control;2024-02-12 17:45:00+00:00;0.594;;
461101;unknown;control;2024-02-12 18:00:00+00:00;0.616;;
461101;unknown;control;2024-02-12 18:15:00+00:00;0.879;;
461101;unknown;control;2024-02-12 18:30:00+00:00;0.891;;
461101;unknown;control;2024-02-12 18:45:00+00:00;0.37;;
461101;unknown;control;2024-02-12 19:00:00+00:00;0.226;;
461101;unknown;control;2024-02-12 19:15:00+00:00;0.271;;
461101;unknown;control;2024-02-12 19:30:00+00:00;0.786;;
461101;unknown;control;2024-02-12 19:45:00+00:00;0.974;;
461101;unknown;control;2024-02-12 20:00:00+00:00;0.399;;
461101;unknown;control;2024-02-12 20:15:00+00:00;0.994;;
461101;unknown;control;2024-02-12 20:30:00+00:00;0.653;;
461101;unknown;control;2024-02-12 20:45:00+00:00;0.175;;
461101;unknown;control;2024-02-12 21:00:00+00:00;0.378;;
461101;unknown;control;2024-02-12 21:15:00+00:00;0.255;;
461101;unknown;control;2024-02-12 21:30:00+00:00;0.064;;
461101;unknown;control;2024-02-12 21:45:00+00:00;0.901;;
461101;unknown;control;2024-02-12 22:00:00+00:00;0.81;;
461101;unknown;control;2024-02-12 22:15:00+00:00;0.304;;
461101;unknown;control;2024-02-12 22:30:00+00:00;0.869;;
461101;unknown;control;2024-02-12 22:45:00+00:00;0.888;;
461101;unknown;control;2024-02-12 23:00:00+00:00;0.372;;
461101;unknown;control;2024-02-12 23:15:00+00:00;0.055;;
461101;unknown;control;2024-02-12 23:30:00+00:00;0.043;;
461101;unknown;control;2024-02-12 23:45:00+00:00;0.037;;
461101;unknown;control;2024-02-13 00:00:00+00:00;0.253;;
461101;unknown;control;2024-02-13 00:15:00+00:00;0.377;;
461101;unknown;control;2024-02-13 00:30:00+00:00;0.743;;
461101;unknown;control;2024-02-13 00:45:00+00:00;0.733;;
461101;unknown;control;2024-02-13 01:00:00+00:00;0.905;;
461101;unknown;control;2024-02-13 01:15:00+00:00;0.825;;
461101;unknown;control;2024-02-13 01:30:00+00:00;0.049;;
461101;unknown;control;2024-02-13 01:45:00+00:00;0.058;;
461101;unknown;control;2024-02-13 02:00:00+00:00;0.042;;
461101;unknown;control;2024-02-13 02:15:00+00:00;0.354;;
461101;unknown;control;2024-02-13 02:30:00+00:00;0.279;;
461101;unknown;control;2024-02-13 02:45:00+00:00;0.857;;
461101;unknown;control;2024-02-13 03:00:00+00:00;0.678;;
461101;unknown;control;2024-02-13 03:15:00+00:00;0.901;;
461101;unknown;control;2024-02-13 03:30:00+00:00;0.729;;
461101;unknown;control;2024-02-13 03:45:00+00:00;0.061;;
461101;unknown;control;2024-02-13 04:00:00+00:00;0.054;;
461101;unknown;control;2024-02-13 04:15:00+00:00;0.245;;
461101;unknown;control;2024-02-13 04:30:00+00:00;0.102;;
461101;unknown;control;2024-02-13 04:45:00+00:00;0.817;;
461101;unknown;control;2024-02-13 05:00:00+00:00;0.858;;
461101;unknown;control;2024-02-13 05:15:00+00:00;0.726;;
461101;unknown;control;2024-02-13 05:30:00+00:00;0.907;;
461101;unknown;control;2024-02-13 05:45:00+00:00;0.88;;
461101;unknown;control;2024-02-13 06:00:00+00:00;1.021;;
461101;unknown;control;2024-02-13 06:15:00+00:00;0.904;;
461101;unknown;control;2024-02-13 06:30:00+00:00;0.776;;
461101;unknown;control;2024-02-13 06:45:00+00:00;0.419;;
461101;unknown;control;2024-02-13 07:00:00+00:00;0.526;;
461101;unknown;control;2024-02-13 07:15:00+00:00;0.0;;
461101;unknown;control;2024-02-13 07:30:00+00:00;0.0;;
461101;unknown;control;2024-02-13 07:45:00+00:00;0.443;;
461101;unknown;control;2024-02-13 08:00:00+00:00;0.713;;
461101;unknown;control;2024-02-13 08:15:00+00:00;0.71;;
461101;unknown;control;2024-02-13 08:30:00+00:00;0.346;;
461101;unknown;control;2024-02-13 08:45:00+00:00;0.171;;
461101;unknown;control;2024-02-13 09:00:00+00:00;0.004;;
461101;unknown;control;2024-02-13 09:15:00+00:00;0.014;;
461101;unknown;control;2024-02-13 09:30:00+00:00;0.007;;
461101;unknown;control;2024-02-13 09:45:00+00:00;0.007;;
461101;unknown;control;2024-02-13 10:00:00+00:00;0.006;;
461101;unknown;control;2024-02-13 10:15:00+00:00;0.002;;
461101;unknown;control;2024-02-13 10:30:00+00:00;0.008;;
461101;unknown;control;2024-02-13 10:45:00+00:00;0.011;;
461101;unknown;control;2024-02-13 11:00:00+00:00;0.243;;
461101;unknown;control;2024-02-13 11:15:00+00:00;0.824;;
461101;unknown;control;2024-02-13 11:30:00+00:00;0.908;;
461101;unknown;control;2024-02-13 11:45:00+00:00;0.965;;
461101;unknown;control;2024-02-13 12:00:00+00:00;0.754;;
461101;unknown;control;2024-02-13 12:15:00+00:00;0.13;;
461101;unknown;control;2024-02-13 12:30:00+00:00;0.174;;
461101;unknown;control;2024-02-13 12:45:00+00:00;0.005;;
461101;unknown;control;2024-02-13 13:00:00+00:00;0.112;;
461101;unknown;control;2024-02-13 13:15:00+00:00;0.0;;
461101;unknown;control;2024-02-13 13:30:00+00:00;0.119;;
461101;unknown;control;2024-02-13 13:45:00+00:00;0.111;;
461101;unknown;control;2024-02-13 14:00:00+00:00;0.0;;
461101;unknown;control;2024-02-13 14:15:00+00:00;0.0;;
461101;unknown;control;2024-02-13 14:30:00+00:00;0.0;;
461101;unknown;control;2024-02-13 14:45:00+00:00;0.0;;
461101;unknown;control;2024-02-13 15:00:00+00:00;0.07;;
461101;unknown;control;2024-02-13 15:15:00+00:00;0.213;;
461101;unknown;control;2024-02-13 15:30:00+00:00;0.0;;
461101;unknown;control;2024-02-13 15:45:00+00:00;0.0;;
461101;unknown;control;2024-02-13 16:00:00+00:00;0.106;;
461101;unknown;control;2024-02-13 16:15:00+00:00;0.788;;
461101;unknown;control;2024-02-13 16:30:00+00:00;0.067;;
461101;unknown;control;2024-02-13 16:45:00+00:00;0.054;;
461101;unknown;control;2024-02-13 17:00:00+00:00;0.049;;
461101;unknown;control;2024-02-13 17:15:00+00:00;0.056;;
461101;unknown;control;2024-02-13 17:30:00+00:00;0.11;;
461101;unknown;control;2024-02-13 17:45:00+00:00;0.733;;
461101;unknown;control;2024-02-13 18:00:00+00:00;0.633;;
461101;unknown;control;2024-02-13 18:15:00+00:00;0.854;;
461101;unknown;control;2024-02-13 18:30:00+00:00;0.926;;
461101;unknown;control;2024-02-13 18:45:00+00:00;1.089;;
461101;unknown;control;2024-02-13 19:00:00+00:00;0.819;;
461101;unknown;control;2024-02-13 19:15:00+00:00;0.166;;
461101;unknown;control;2024-02-13 19:30:00+00:00;0.188;;
461101;unknown;control;2024-02-13 19:45:00+00:00;0.33;;
461101;unknown;control;2024-02-13 20:00:00+00:00;0.648;;
461101;unknown;control;2024-02-13 20:15:00+00:00;0.831;;
461101;unknown;control;2024-02-13 20:30:00+00:00;0.512;;
461101;unknown;control;2024-02-13 20:45:00+00:00;1.023;;
461101;unknown;control;2024-02-13 21:00:00+00:00;1.029;;
461101;unknown;control;2024-02-13 21:15:00+00:00;0.973;;
461101;unknown;control;2024-02-13 21:30:00+00:00;0.208;;
461101;unknown;control;2024-02-13 21:45:00+00:00;0.163;;
461101;unknown;control;2024-02-13 22:00:00+00:00;0.121;;
461101;unknown;control;2024-02-13 22:15:00+00:00;0.135;;
461101;unknown;control;2024-02-13 22:30:00+00:00;0.801;;
461101;unknown;control;2024-02-13 22:45:00+00:00;0.617;;
461101;unknown;control;2024-02-13 23:00:00+00:00;0.588;;
461101;unknown;control;2024-02-13 23:15:00+00:00;0.928;;
461101;unknown;control;2024-02-13 23:30:00+00:00;0.872;;
461101;unknown;control;2024-02-13 23:45:00+00:00;0.103;;
461101;unknown;control;2024-02-14 00:00:00+00:00;0.101;;
461101;unknown;control;2024-02-14 00:15:00+00:00;0.055;;
461101;unknown;control;2024-02-14 00:30:00+00:00;0.047;;
461101;unknown;control;2024-02-14 00:45:00+00:00;0.76;;
461101;unknown;control;2024-02-14 01:00:00+00:00;0.311;;
461101;unknown;control;2024-02-14 01:15:00+00:00;0.818;;
461101;unknown;control;2024-02-14 01:30:00+00:00;0.897;;
461101;unknown;control;2024-02-14 01:45:00+00:00;0.727;;
461101;unknown;control;2024-02-14 02:00:00+00:00;0.061;;
461101;unknown;control;2024-02-14 02:15:00+00:00;0.057;;
461101;unknown;control;2024-02-14 02:30:00+00:00;0.046;;
461101;unknown;control;2024-02-14 02:45:00+00:00;0.054;;
461101;unknown;control;2024-02-14 03:00:00+00:00;0.411;;
461101;unknown;control;2024-02-14 03:15:00+00:00;0.559;;
461101;unknown;control;2024-02-14 03:30:00+00:00;0.87;;
461101;unknown;control;2024-02-14 03:45:00+00:00;0.897;;
461101;unknown;control;2024-02-14 04:00:00+00:00;0.62;;
461101;unknown;control;2024-02-14 04:15:00+00:00;0.069;;
461101;unknown;control;2024-02-14 04:30:00+00:00;0.084;;
461101;unknown;control;2024-02-14 04:45:00+00:00;0.069;;
461101;unknown;control;2024-02-14 05:00:00+00:00;0.48;;
461101;unknown;control;2024-02-14 05:15:00+00:00;0.701;;
461101;unknown;control;2024-02-14 05:30:00+00:00;0.598;;
461101;unknown;control;2024-02-14 05:45:00+00:00;0.914;;
461101;unknown;control;2024-02-14 06:00:00+00:00;0.891;;
461101;unknown;control;2024-02-14 06:15:00+00:00;0.882;;
461101;unknown;control;2024-02-14 06:30:00+00:00;0.902;;
461101;unknown;control;2024-02-14 06:45:00+00:00;0.888;;
461101;unknown;control;2024-02-14 07:00:00+00:00;0.314;;
461101;unknown;control;2024-02-14 07:15:00+00:00;0.293;;
461101;unknown;control;2024-02-14 07:30:00+00:00;0.058;;
461101;unknown;control;2024-02-14 07:45:00+00:00;0.034;;
461101;unknown;control;2024-02-14 08:00:00+00:00;0.585;;
461101;unknown;control;2024-02-14 08:15:00+00:00;0.383;;
461101;unknown;control;2024-02-14 08:30:00+00:00;0.055;;
461101;unknown;control;2024-02-14 08:45:00+00:00;0.0;;
461101;unknown;control;2024-02-14 09:00:00+00:00;0.0;;
461101;unknown;control;2024-02-14 09:15:00+00:00;0.0;;
461101;unknown;control;2024-02-14 09:30:00+00:00;0.039;;
461101;unknown;control;2024-02-14 09:45:00+00:00;0.145;;
461101;unknown;control;2024-02-14 10:00:00+00:00;0.001;;
461101;unknown;control;2024-02-14 10:15:00+00:00;0.0;;
461101;unknown;control;2024-02-14 10:30:00+00:00;0.0;;
461101;unknown;control;2024-02-14 10:45:00+00:00;0.0;;
461101;unknown;control;2024-02-14 11:00:00+00:00;0.241;;
461101;unknown;control;2024-02-14 11:15:00+00:00;0.303;;
461101;unknown;control;2024-02-14 11:30:00+00:00;0.006;;
461101;unknown;control;2024-02-14 11:45:00+00:00;0.0;;
461101;unknown;control;2024-02-14 12:00:00+00:00;0.0;;
461101;unknown;control;2024-02-14 12:15:00+00:00;0.0;;
461101;unknown;control;2024-02-14 12:30:00+00:00;0.131;;
461101;unknown;control;2024-02-14 12:45:00+00:00;0.002;;
461101;unknown;control;2024-02-14 13:00:00+00:00;0.016;;
461101;unknown;control;2024-02-14 13:15:00+00:00;0.141;;
461101;unknown;control;2024-02-14 13:30:00+00:00;0.001;;
461101;unknown;control;2024-02-14 13:45:00+00:00;0.001;;
461101;unknown;control;2024-02-14 14:00:00+00:00;0.01;;
461101;unknown;control;2024-02-14 14:15:00+00:00;0.059;;
461101;unknown;control;2024-02-14 14:30:00+00:00;0.129;;
461101;unknown;control;2024-02-14 14:45:00+00:00;0.0;;
461101;unknown;control;2024-02-14 15:00:00+00:00;0.074;;
461101;unknown;control;2024-02-14 15:15:00+00:00;0.003;;
461101;unknown;control;2024-02-14 15:30:00+00:00;0.353;;
461101;unknown;control;2024-02-14 15:45:00+00:00;0.518;;
461101;unknown;control;2024-02-14 16:00:00+00:00;0.055;;
461101;unknown;control;2024-02-14 16:15:00+00:00;0.099;;
461101;unknown;control;2024-02-14 16:30:00+00:00;0.018;;
461101;unknown;control;2024-02-14 16:45:00+00:00;0.002;;
461101;unknown;control;2024-02-14 17:00:00+00:00;0.003;;
461101;unknown;control;2024-02-14 17:15:00+00:00;0.077;;
461101;unknown;control;2024-02-14 17:30:00+00:00;0.346;;
461101;unknown;control;2024-02-14 17:45:00+00:00;0.417;;
461101;unknown;control;2024-02-14 18:00:00+00:00;0.365;;
461101;unknown;control;2024-02-14 18:15:00+00:00;0.721;;
461101;unknown;control;2024-02-14 18:30:00+00:00;0.876;;
461101;unknown;control;2024-02-14 18:45:00+00:00;0.748;;
461101;unknown;control;2024-02-14 19:00:00+00:00;0.163;;
461101;unknown;control;2024-02-14 19:15:00+00:00;0.251;;
461101;unknown;control;2024-02-14 19:30:00+00:00;0.403;;
461101;unknown;control;2024-02-14 19:45:00+00:00;0.937;;
461101;unknown;control;2024-02-14 20:00:00+00:00;0.415;;
461101;unknown;control;2024-02-14 20:15:00+00:00;0.934;;
461101;unknown;control;2024-02-14 20:30:00+00:00;0.949;;
461101;unknown;control;2024-02-14 20:45:00+00:00;0.961;;
461101;unknown;control;2024-02-14 21:00:00+00:00;0.348;;
461101;unknown;control;2024-02-14 21:15:00+00:00;0.156;;
461101;unknown;control;2024-02-14 21:30:00+00:00;0.136;;
461101;unknown;control;2024-02-14 21:45:00+00:00;0.493;;
461101;unknown;control;2024-02-14 22:00:00+00:00;0.768;;
461101;unknown;control;2024-02-14 22:15:00+00:00;0.113;;
461101;unknown;control;2024-02-14 22:30:00+00:00;0.076;;
461101;unknown;control;2024-02-14 22:45:00+00:00;0.672;;
461101;unknown;control;2024-02-14 23:00:00+00:00;0.894;;
461101;unknown;control;2024-02-14 23:15:00+00:00;0.759;;
461101;unknown;control;2024-02-14 23:30:00+00:00;0.089;;
461101;unknown;control;2024-02-14 23:45:00+00:00;0.083;;
461101;unknown;control;2024-02-15 00:00:00+00:00;0.275;;
461101;unknown;control;2024-02-15 00:15:00+00:00;0.072;;
461101;unknown;control;2024-02-15 00:30:00+00:00;0.724;;
461101;unknown;control;2024-02-15 00:45:00+00:00;0.341;;
461101;unknown;control;2024-02-15 01:00:00+00:00;0.844;;
461101;unknown;control;2024-02-15 01:15:00+00:00;0.878;;
461101;unknown;control;2024-02-15 01:30:00+00:00;0.513;;
461101;unknown;control;2024-02-15 01:45:00+00:00;0.05;;
461101;unknown;control;2024-02-15 02:00:00+00:00;0.041;;
461101;unknown;control;2024-02-15 02:15:00+00:00;0.034;;
461101;unknown;control;2024-02-15 02:30:00+00:00;0.122;;
461101;unknown;control;2024-02-15 02:45:00+00:00;0.579;;
461101;unknown;control;2024-02-15 03:00:00+00:00;0.593;;
461101;unknown;control;2024-02-15 03:15:00+00:00;0.87;;
461101;unknown;control;2024-02-15 03:30:00+00:00;0.897;;
461101;unknown;control;2024-02-15 03:45:00+00:00;0.457;;
461101;unknown;control;2024-02-15 04:00:00+00:00;0.051;;
461101;unknown;control;2024-02-15 04:15:00+00:00;0.053;;
461101;unknown;control;2024-02-15 04:30:00+00:00;0.62;;
461101;unknown;control;2024-02-15 04:45:00+00:00;0.849;;
461101;unknown;control;2024-02-15 05:00:00+00:00;0.374;;
461101;unknown;control;2024-02-15 05:15:00+00:00;1.003;;
461101;unknown;control;2024-02-15 05:30:00+00:00;0.919;;
461101;unknown;control;2024-02-15 05:45:00+00:00;0.845;;
461101;unknown;control;2024-02-15 06:00:00+00:00;0.912;;
461101;unknown;control;2024-02-15 06:15:00+00:00;0.936;;
461101;unknown;control;2024-02-15 06:30:00+00:00;0.347;;
461101;unknown;control;2024-02-15 06:45:00+00:00;0.073;;
461101;unknown;control;2024-02-15 07:00:00+00:00;0.504;;
461101;unknown;control;2024-02-15 07:15:00+00:00;0.481;;
461101;unknown;control;2024-02-15 07:30:00+00:00;0.671;;
461101;unknown;control;2024-02-15 07:45:00+00:00;0.628;;
461101;unknown;control;2024-02-15 08:00:00+00:00;0.295;;
461101;unknown;control;2024-02-15 08:15:00+00:00;0.0;;
461101;unknown;control;2024-02-15 08:30:00+00:00;0.022;;
461101;unknown;control;2024-02-15 08:45:00+00:00;0.028;;
461101;unknown;control;2024-02-15 09:00:00+00:00;0.0;;
461101;unknown;control;2024-02-15 09:15:00+00:00;0.0;;
461101;unknown;control;2024-02-15 09:30:00+00:00;0.001;;
461101;unknown;control;2024-02-15 09:45:00+00:00;0.0;;
461101;unknown;control;2024-02-15 10:00:00+00:00;0.0;;
461101;unknown;control;2024-02-15 10:15:00+00:00;0.0;;
461101;unknown;control;2024-02-15 10:30:00+00:00;0.0;;
461101;unknown;control;2024-02-15 10:45:00+00:00;0.0;;
461101;unknown;control;2024-02-15 11:00:00+00:00;0.001;;
461101;unknown;control;2024-02-15 11:15:00+00:00;0.0;;
461101;unknown;control;2024-02-15 11:30:00+00:00;0.0;;
461101;unknown;control;2024-02-15 11:45:00+00:00;0.0;;
461101;unknown;control;2024-02-15 12:00:00+00:00;0.0;;
461101;unknown;control;2024-02-15 12:15:00+00:00;0.0;;
461101;unknown;control;2024-02-15 12:30:00+00:00;0.001;;
461101;unknown;control;2024-02-15 12:45:00+00:00;0.0;;
461101;unknown;control;2024-02-15 13:00:00+00:00;0.0;;
461101;unknown;control;2024-02-15 13:15:00+00:00;0.001;;
461101;unknown;control;2024-02-15 13:30:00+00:00;0.0;;
461101;unknown;control;2024-02-15 13:45:00+00:00;0.001;;
461101;unknown;control;2024-02-15 14:00:00+00:00;0.0;;
461101;unknown;control;2024-02-15 14:15:00+00:00;0.016;;
461101;unknown;control;2024-02-15 14:30:00+00:00;0.0;;
461101;unknown;control;2024-02-15 14:45:00+00:00;0.0;;
461101;unknown;control;2024-02-15 15:00:00+00:00;0.0;;
461101;unknown;control;2024-02-15 15:15:00+00:00;0.222;;
461101;unknown;control;2024-02-15 15:30:00+00:00;0.474;;
461101;unknown;control;2024-02-15 15:45:00+00:00;0.073;;
461101;unknown;control;2024-02-15 16:00:00+00:00;0.003;;
461101;unknown;control;2024-02-15 16:15:00+00:00;0.33;;
461101;unknown;control;2024-02-15 16:30:00+00:00;0.02;;
461101;unknown;control;2024-02-15 16:45:00+00:00;0.002;;
461101;unknown;control;2024-02-15 17:00:00+00:00;0.003;;
461101;unknown;control;2024-02-15 17:15:00+00:00;0.003;;
461101;unknown;control;2024-02-15 17:30:00+00:00;0.003;;
461101;unknown;control;2024-02-15 17:45:00+00:00;0.265;;
461101;unknown;control;2024-02-15 18:00:00+00:00;0.337;;
461101;unknown;control;2024-02-15 18:15:00+00:00;0.634;;
461101;unknown;control;2024-02-15 18:30:00+00:00;0.424;;
461101;unknown;control;2024-02-15 18:45:00+00:00;0.038;;
461101;unknown;control;2024-02-15 19:00:00+00:00;0.003;;
461101;unknown;control;2024-02-15 19:15:00+00:00;0.004;;
461101;unknown;control;2024-02-15 19:30:00+00:00;0.136;;
461101;unknown;control;2024-02-15 19:45:00+00:00;0.601;;
461101;unknown;control;2024-02-15 20:00:00+00:00;0.305;;
461101;unknown;control;2024-02-15 20:15:00+00:00;0.906;;
461101;unknown;control;2024-02-15 20:30:00+00:00;0.383;;
461101;unknown;control;2024-02-15 20:45:00+00:00;0.154;;
461101;unknown;control;2024-02-15 21:00:00+00:00;0.135;;
461101;unknown;control;2024-02-15 21:15:00+00:00;0.114;;
461101;unknown;control;2024-02-15 21:30:00+00:00;0.094;;
461101;unknown;control;2024-02-15 21:45:00+00:00;0.463;;
461101;unknown;control;2024-02-15 22:00:00+00:00;0.866;;
461101;unknown;control;2024-02-15 22:15:00+00:00;0.79;;
461101;unknown;control;2024-02-15 22:30:00+00:00;0.88;;
461101;unknown;control;2024-02-15 22:45:00+00:00;0.821;;
461101;unknown;control;2024-02-15 23:00:00+00:00;0.069;;
461101;unknown;control;2024-02-15 23:15:00+00:00;0.361;;
461101;unknown;control;2024-02-15 23:30:00+00:00;0.203;;
461101;unknown;control;2024-02-15 23:45:00+00:00;0.066;;
461101;unknown;control;2024-02-16 00:00:00+00:00;0.118;;
461101;unknown;control;2024-02-16 00:15:00+00:00;0.366;;
461101;unknown;control;2024-02-16 00:30:00+00:00;0.631;;
461101;unknown;control;2024-02-16 00:45:00+00:00;0.788;;
461101;unknown;control;2024-02-16 01:00:00+00:00;0.486;;
461101;unknown;control;2024-02-16 01:15:00+00:00;0.059;;
461101;unknown;control;2024-02-16 01:30:00+00:00;0.051;;
461101;unknown;control;2024-02-16 01:45:00+00:00;0.316;;
461101;unknown;control;2024-02-16 02:00:00+00:00;0.85;;
461101;unknown;control;2024-02-16 02:15:00+00:00;0.597;;
461101;unknown;control;2024-02-16 02:30:00+00:00;0.056;;
461101;unknown;control;2024-02-16 02:45:00+00:00;0.059;;
461101;unknown;control;2024-02-16 03:00:00+00:00;0.057;;
461101;unknown;control;2024-02-16 03:15:00+00:00;0.818;;
461101;unknown;control;2024-02-16 03:30:00+00:00;0.874;;
461101;unknown;control;2024-02-16 03:45:00+00:00;0.532;;
461101;unknown;control;2024-02-16 04:00:00+00:00;0.053;;
461101;unknown;control;2024-02-16 04:15:00+00:00;0.301;;
461101;unknown;control;2024-02-16 04:30:00+00:00;0.058;;
461101;unknown;control;2024-02-16 04:45:00+00:00;0.33;;
461101;unknown;control;2024-02-16 05:00:00+00:00;0.872;;
461101;unknown;control;2024-02-16 05:15:00+00:00;0.881;;
461101;unknown;control;2024-02-16 05:30:00+00:00;1.026;;
461101;unknown;control;2024-02-16 05:45:00+00:00;0.384;;
461101;unknown;control;2024-02-16 06:00:00+00:00;0.085;;
461101;unknown;control;2024-02-16 06:15:00+00:00;0.113;;
461101;unknown;control;2024-02-16 06:30:00+00:00;0.738;;
461101;unknown;control;2024-02-16 06:45:00+00:00;0.401;;
461101;unknown;control;2024-02-16 07:00:00+00:00;0.619;;
461101;unknown;control;2024-02-16 07:15:00+00:00;0.723;;
461101;unknown;control;2024-02-16 07:30:00+00:00;0.23;;
461101;unknown;control;2024-02-16 07:45:00+00:00;0.0;;
461101;unknown;control;2024-02-16 08:00:00+00:00;0.004;;
461101;unknown;control;2024-02-16 08:15:00+00:00;0.035;;
461101;unknown;control;2024-02-16 08:30:00+00:00;0.0;;
461101;unknown;control;2024-02-16 08:45:00+00:00;0.496;;
461101;unknown;control;2024-02-16 09:00:00+00:00;0.023;;
461101;unknown;control;2024-02-16 09:15:00+00:00;0.015;;
461101;unknown;control;2024-02-16 09:30:00+00:00;0.0;;
461101;unknown;control;2024-02-16 09:45:00+00:00;0.0;;
461101;unknown;control;2024-02-16 10:00:00+00:00;0.0;;
461101;unknown;control;2024-02-16 10:15:00+00:00;0.0;;
461101;unknown;control;2024-02-16 10:30:00+00:00;0.0;;
461101;unknown;control;2024-02-16 10:45:00+00:00;0.0;;
461101;unknown;control;2024-02-16 11:00:00+00:00;0.042;;
461101;unknown;control;2024-02-16 11:15:00+00:00;0.002;;
461101;unknown;control;2024-02-16 11:30:00+00:00;0.0;;
461101;unknown;control;2024-02-16 11:45:00+00:00;0.0;;
461101;unknown;control;2024-02-16 12:00:00+00:00;0.004;;
461101;unknown;control;2024-02-16 12:15:00+00:00;0.0;;
461101;unknown;control;2024-02-16 12:30:00+00:00;0.003;;
461101;unknown;control;2024-02-16 12:45:00+00:00;0.038;;
461101;unknown;control;2024-02-16 13:00:00+00:00;0.516;;
461101;unknown;control;2024-02-16 13:15:00+00:00;0.0;;
461101;unknown;control;2024-02-16 13:30:00+00:00;0.0;;
461101;unknown;control;2024-02-16 13:45:00+00:00;0.001;;
461101;unknown;control;2024-02-16 14:00:00+00:00;0.01;;
461101;unknown;control;2024-02-16 14:15:00+00:00;0.006;;
461101;unknown;control;2024-02-16 14:30:00+00:00;0.066;;
461101;unknown;control;2024-02-16 14:45:00+00:00;0.424;;
461101;unknown;control;2024-02-16 15:00:00+00:00;0.081;;
461101;unknown;control;2024-02-16 15:15:00+00:00;0.116;;
461101;unknown;control;2024-02-16 15:30:00+00:00;0.008;;
461101;unknown;control;2024-02-16 15:45:00+00:00;0.002;;
461101;unknown;control;2024-02-16 16:00:00+00:00;0.003;;
461101;unknown;control;2024-02-16 16:15:00+00:00;0.147;;
461101;unknown;control;2024-02-16 16:30:00+00:00;0.017;;
461101;unknown;control;2024-02-16 16:45:00+00:00;0.008;;
461101;unknown;control;2024-02-16 17:00:00+00:00;0.003;;
461101;unknown;control;2024-02-16 17:15:00+00:00;0.078;;
461101;unknown;control;2024-02-16 17:30:00+00:00;0.032;;
461101;unknown;control;2024-02-16 17:45:00+00:00;0.559;;
461101;unknown;control;2024-02-16 18:00:00+00:00;0.729;;
461101;unknown;control;2024-02-16 18:15:00+00:00;0.21;;
461101;unknown;control;2024-02-16 18:30:00+00:00;0.609;;
461101;unknown;control;2024-02-16 18:45:00+00:00;0.964;;
461101;unknown;control;2024-02-16 19:00:00+00:00;0.559;;
461101;unknown;control;2024-02-16 19:15:00+00:00;0.115;;
461101;unknown;control;2024-02-16 19:30:00+00:00;0.125;;
461101;unknown;control;2024-02-16 19:45:00+00:00;0.155;;
461101;unknown;control;2024-02-16 20:00:00+00:00;0.219;;
461101;unknown;control;2024-02-16 20:15:00+00:00;0.683;;
461101;unknown;control;2024-02-16 20:30:00+00:00;0.667;;
461101;unknown;control;2024-02-16 20:45:00+00:00;0.941;;
461101;unknown;control;2024-02-16 21:00:00+00:00;0.99;;
461101;unknown;control;2024-02-16 21:15:00+00:00;0.867;;
461101;unknown;control;2024-02-16 21:30:00+00:00;0.225;;
461101;unknown;control;2024-02-16 21:45:00+00:00;0.188;;
461101;unknown;control;2024-02-16 22:00:00+00:00;0.132;;
461101;unknown;control;2024-02-16 22:15:00+00:00;1.009;;
461101;unknown;control;2024-02-16 22:30:00+00:00;0.548;;
461101;unknown;control;2024-02-16 22:45:00+00:00;0.939;;
461101;unknown;control;2024-02-16 23:00:00+00:00;0.351;;
461101;unknown;control;2024-02-16 23:15:00+00:00;0.401;;
461101;unknown;control;2024-02-16 23:30:00+00:00;0.086;;
461101;unknown;control;2024-02-16 23:45:00+00:00;0.05;;
461101;unknown;control;2024-02-17 00:00:00+00:00;0.047;;
461101;unknown;control;2024-02-17 00:15:00+00:00;0.389;;
461101;unknown;control;2024-02-17 00:30:00+00:00;0.327;;
461101;unknown;control;2024-02-17 00:45:00+00:00;0.864;;
461101;unknown;control;2024-02-17 01:00:00+00:00;0.574;;
461101;unknown;control;2024-02-17 01:15:00+00:00;0.075;;
461101;unknown;control;2024-02-17 01:30:00+00:00;0.077;;
461101;unknown;control;2024-02-17 01:45:00+00:00;0.06;;
461101;unknown;control;2024-02-17 02:00:00+00:00;0.059;;
461101;unknown;control;2024-02-17 02:15:00+00:00;0.334;;
461101;unknown;control;2024-02-17 02:30:00+00:00;0.56;;
461101;unknown;control;2024-02-17 02:45:00+00:00;0.073;;
461101;unknown;control;2024-02-17 03:00:00+00:00;0.072;;
461101;unknown;control;2024-02-17 03:15:00+00:00;0.101;;
461101;unknown;control;2024-02-17 03:30:00+00:00;0.85;;
461101;unknown;control;2024-02-17 03:45:00+00:00;0.801;;
461101;unknown;control;2024-02-17 04:00:00+00:00;0.07;;
461101;unknown;control;2024-02-17 04:15:00+00:00;0.07;;
461101;unknown;control;2024-02-17 04:30:00+00:00;0.296;;
461101;unknown;control;2024-02-17 04:45:00+00:00;0.071;;
461101;unknown;control;2024-02-17 05:00:00+00:00;0.068;;
461101;unknown;control;2024-02-17 05:15:00+00:00;0.522;;
461101;unknown;control;2024-02-17 05:30:00+00:00;0.868;;
461101;unknown;control;2024-02-17 05:45:00+00:00;0.318;;
461101;unknown;control;2024-02-17 06:00:00+00:00;0.075;;
461101;unknown;control;2024-02-17 06:15:00+00:00;0.084;;
461101;unknown;control;2024-02-17 06:30:00+00:00;0.165;;
461101;unknown;control;2024-02-17 06:45:00+00:00;0.247;;
461101;unknown;control;2024-02-17 07:00:00+00:00;0.7;;
461101;unknown;control;2024-02-17 07:15:00+00:00;0.955;;
461101;unknown;control;2024-02-17 07:30:00+00:00;0.505;;
461101;unknown;control;2024-02-17 07:45:00+00:00;0.092;;
461101;unknown;control;2024-02-17 08:00:00+00:00;0.012;;
461101;unknown;control;2024-02-17 08:15:00+00:00;0.008;;
461101;unknown;control;2024-02-17 08:30:00+00:00;0.001;;
461101;unknown;control;2024-02-17 08:45:00+00:00;0.364;;
461101;unknown;control;2024-02-17 09:00:00+00:00;0.4;;
461101;unknown;control;2024-02-17 09:15:00+00:00;0.733;;
461101;unknown;control;2024-02-17 09:30:00+00:00;0.0;;
461101;unknown;control;2024-02-17 09:45:00+00:00;0.001;;
461101;unknown;control;2024-02-17 10:00:00+00:00;0.0;;
461101;unknown;control;2024-02-17 10:15:00+00:00;0.0;;
461101;unknown;control;2024-02-17 10:30:00+00:00;0.0;;
461101;unknown;control;2024-02-17 10:45:00+00:00;0.418;;
461101;unknown;control;2024-02-17 11:00:00+00:00;0.448;;
461101;unknown;control;2024-02-17 11:15:00+00:00;0.125;;
461101;unknown;control;2024-02-17 11:30:00+00:00;0.133;;
461101;unknown;control;2024-02-17 11:45:00+00:00;0.0;;
461101;unknown;control;2024-02-17 12:00:00+00:00;0.0;;
461101;unknown;control;2024-02-17 12:15:00+00:00;0.001;;
461101;unknown;control;2024-02-17 12:30:00+00:00;0.004;;
461101;unknown;control;2024-02-17 12:45:00+00:00;0.002;;
461101;unknown;control;2024-02-17 13:00:00+00:00;0.018;;
461101;unknown;control;2024-02-17 13:15:00+00:00;0.006;;
461101;unknown;control;2024-02-17 13:30:00+00:00;0.0;;
461101;unknown;control;2024-02-17 13:45:00+00:00;0.0;;
461101;unknown;control;2024-02-17 14:00:00+00:00;0.009;;
461101;unknown;control;2024-02-17 14:15:00+00:00;0.383;;
461101;unknown;control;2024-02-17 14:30:00+00:00;0.286;;
461101;unknown;control;2024-02-17 14:45:00+00:00;0.0;;
461101;unknown;control;2024-02-17 15:00:00+00:00;0.0;;
461101;unknown;control;2024-02-17 15:15:00+00:00;0.167;;
461101;unknown;control;2024-02-17 15:30:00+00:00;0.001;;
461101;unknown;control;2024-02-17 15:45:00+00:00;0.001;;
461101;unknown;control;2024-02-17 16:00:00+00:00;0.076;;
461101;unknown;control;2024-02-17 16:15:00+00:00;0.928;;
461101;unknown;control;2024-02-17 16:30:00+00:00;0.636;;
461101;unknown;control;2024-02-17 16:45:00+00:00;0.07;;
461101;unknown;control;2024-02-17 17:00:00+00:00;0.069;;
461101;unknown;control;2024-02-17 17:15:00+00:00;0.389;;
461101;unknown;control;2024-02-17 17:30:00+00:00;0.291;;
461101;unknown;control;2024-02-17 17:45:00+00:00;0.904;;
461101;unknown;control;2024-02-17 18:00:00+00:00;0.49;;
461101;unknown;control;2024-02-17 18:15:00+00:00;0.083;;
461101;unknown;control;2024-02-17 18:30:00+00:00;0.07;;
461101;unknown;control;2024-02-17 18:45:00+00:00;0.062;;
461101;unknown;control;2024-02-17 19:00:00+00:00;0.067;;
461101;unknown;control;2024-02-17 19:15:00+00:00;0.406;;
461101;unknown;control;2024-02-17 19:30:00+00:00;0.248;;
461101;unknown;control;2024-02-17 19:45:00+00:00;0.899;;
461101;unknown;control;2024-02-17 20:00:00+00:00;0.919;;
461101;unknown;control;2024-02-17 20:15:00+00:00;0.193;;
461101;unknown;control;2024-02-17 20:30:00+00:00;0.116;;
461101;unknown;control;2024-02-17 20:45:00+00:00;0.078;;
461101;unknown;control;2024-02-17 21:00:00+00:00;0.033;;
461101;unknown;control;2024-02-17 21:15:00+00:00;0.045;;
461101;unknown;control;2024-02-17 21:30:00+00:00;0.323;;
461101;unknown;control;2024-02-17 21:45:00+00:00;0.534;;
461101;unknown;control;2024-02-17 22:00:00+00:00;0.866;;
461101;unknown;control;2024-02-17 22:15:00+00:00;0.303;;
461101;unknown;control;2024-02-17 22:30:00+00:00;0.051;;
461101;unknown;control;2024-02-17 22:45:00+00:00;0.051;;
461101;unknown;control;2024-02-17 23:00:00+00:00;0.092;;
461101;unknown;control;2024-02-17 23:15:00+00:00;0.07;;
461101;unknown;control;2024-02-17 23:30:00+00:00;0.528;;
461101;unknown;control;2024-02-17 23:45:00+00:00;0.641;;
461101;unknown;control;2024-02-18 00:00:00+00:00;0.404;;
461101;unknown;control;2024-02-18 00:15:00+00:00;0.859;;
461101;unknown;control;2024-02-18 00:30:00+00:00;0.524;;
461101;unknown;control;2024-02-18 00:45:00+00:00;0.054;;
461101;unknown;control;2024-02-18 01:00:00+00:00;0.048;;
461101;unknown;control;2024-02-18 01:15:00+00:00;0.044;;
461101;unknown;control;2024-02-18 01:30:00+00:00;0.043;;
461101;unknown;control;2024-02-18 01:45:00+00:00;0.474;;
461101;unknown;control;2024-02-18 02:00:00+00:00;0.296;;
461101;unknown;control;2024-02-18 02:15:00+00:00;0.85;;
461101;unknown;control;2024-02-18 02:30:00+00:00;0.682;;
461101;unknown;control;2024-02-18 02:45:00+00:00;0.204;;
461101;unknown;control;2024-02-18 03:00:00+00:00;0.057;;
461101;unknown;control;2024-02-18 03:15:00+00:00;0.055;;
461101;unknown;control;2024-02-18 03:30:00+00:00;0.791;;
461101;unknown;control;2024-02-18 03:45:00+00:00;0.858;;
461101;unknown;control;2024-02-18 04:00:00+00:00;0.428;;
461101;unknown;control;2024-02-18 04:15:00+00:00;0.055;;
461101;unknown;control;2024-02-18 04:30:00+00:00;0.055;;
461101;unknown;control;2024-02-18 04:45:00+00:00;0.047;;
461101;unknown;control;2024-02-18 05:00:00+00:00;0.758;;
461101;unknown;control;2024-02-18 05:15:00+00:00;0.838;;
461101;unknown;control;2024-02-18 05:30:00+00:00;0.307;;
461101;unknown;control;2024-02-18 05:45:00+00:00;0.051;;
461101;unknown;control;2024-02-18 06:00:00+00:00;0.294;;
461101;unknown;control;2024-02-18 06:15:00+00:00;0.231;;
461101;unknown;control;2024-02-18 06:30:00+00:00;0.851;;
461101;unknown;control;2024-02-18 06:45:00+00:00;0.841;;
461101;unknown;control;2024-02-18 07:00:00+00:00;0.017;;
461101;unknown;control;2024-02-18 07:15:00+00:00;0.03;;
461101;unknown;control;2024-02-18 07:30:00+00:00;0.086;;
461101;unknown;control;2024-02-18 07:45:00+00:00;0.007;;
461101;unknown;control;2024-02-18 08:00:00+00:00;0.182;;
461101;unknown;control;2024-02-18 08:15:00+00:00;0.267;;
461101;unknown;control;2024-02-18 08:30:00+00:00;0.789;;
461101;unknown;control;2024-02-18 08:45:00+00:00;0.616;;
461101;unknown;control;2024-02-18 09:00:00+00:00;0.615;;
461101;unknown;control;2024-02-18 09:15:00+00:00;0.279;;
461101;unknown;control;2024-02-18 09:30:00+00:00;0.0;;
461101;unknown;control;2024-02-18 09:45:00+00:00;0.0;;
461101;unknown;control;2024-02-18 10:00:00+00:00;0.0;;
461101;unknown;control;2024-02-18 10:15:00+00:00;0.001;;
461101;unknown;control;2024-02-18 10:30:00+00:00;0.0;;
461101;unknown;control;2024-02-18 10:45:00+00:00;0.001;;
461101;unknown;control;2024-02-18 11:00:00+00:00;0.0;;
461101;unknown;control;2024-02-18 11:15:00+00:00;0.0;;
461101;unknown;control;2024-02-18 11:30:00+00:00;0.0;;
461101;unknown;control;2024-02-18 11:45:00+00:00;0.0;;
461101;unknown;control;2024-02-18 12:00:00+00:00;0.0;;
461101;unknown;control;2024-02-18 12:15:00+00:00;0.001;;
461101;unknown;control;2024-02-18 12:30:00+00:00;0.002;;
461101;unknown;control;2024-02-18 12:45:00+00:00;0.001;;
461101;unknown;control;2024-02-18 13:00:00+00:00;0.0;;
461101;unknown;control;2024-02-18 13:15:00+00:00;0.057;;
461101;unknown;control;2024-02-18 13:30:00+00:00;0.033;;
461101;unknown;control;2024-02-18 13:45:00+00:00;0.001;;
461101;unknown;control;2024-02-18 14:00:00+00:00;0.0;;
461101;unknown;control;2024-02-18 14:15:00+00:00;0.012;;
461101;unknown;control;2024-02-18 14:30:00+00:00;0.16;;
461101;unknown;control;2024-02-18 14:45:00+00:00;0.114;;
461101;unknown;control;2024-02-18 15:00:00+00:00;0.259;;
461101;unknown;control;2024-02-18 15:15:00+00:00;0.114;;
461101;unknown;control;2024-02-18 15:30:00+00:00;0.0;;
461101;unknown;control;2024-02-18 15:45:00+00:00;0.0;;
461101;unknown;control;2024-02-18 16:00:00+00:00;0.0;;
461101;unknown;control;2024-02-18 16:15:00+00:00;0.03;;
461101;unknown;control;2024-02-18 16:30:00+00:00;0.487;;
461101;unknown;control;2024-02-18 16:45:00+00:00;0.497;;
461101;unknown;control;2024-02-18 17:00:00+00:00;0.002;;
461101;unknown;control;2024-02-18 17:15:00+00:00;0.003;;
461101;unknown;control;2024-02-18 17:30:00+00:00;0.003;;
461101;unknown;control;2024-02-18 17:45:00+00:00;0.548;;
461101;unknown;control;2024-02-18 18:00:00+00:00;0.668;;
461101;unknown;control;2024-02-18 18:15:00+00:00;0.743;;
461101;unknown;control;2024-02-18 18:30:00+00:00;0.547;;
461101;unknown;control;2024-02-18 18:45:00+00:00;0.196;;
461101;unknown;control;2024-02-18 19:00:00+00:00;0.221;;
461101;unknown;control;2024-02-18 19:15:00+00:00;0.075;;
461101;unknown;control;2024-02-18 19:30:00+00:00;0.239;;
461101;unknown;control;2024-02-18 19:45:00+00:00;0.843;;
461101;unknown;control;2024-02-18 20:00:00+00:00;0.849;;
461101;unknown;control;2024-02-18 20:15:00+00:00;0.232;;
461101;unknown;control;2024-02-18 20:30:00+00:00;0.065;;
461101;unknown;control;2024-02-18 20:45:00+00:00;0.097;;
461101;unknown;control;2024-02-18 21:00:00+00:00;0.84;;
461101;unknown;control;2024-02-18 21:15:00+00:00;0.538;;
461101;unknown;control;2024-02-18 21:30:00+00:00;1.143;;
461101;unknown;control;2024-02-18 21:45:00+00:00;0.428;;
461101;unknown;control;2024-02-18 22:00:00+00:00;0.09;;
461101;unknown;control;2024-02-18 22:15:00+00:00;0.091;;
461101;unknown;control;2024-02-18 22:30:00+00:00;0.547;;
461101;unknown;control;2024-02-18 22:45:00+00:00;0.869;;
461101;unknown;control;2024-02-18 23:00:00+00:00;0.6;;
461101;unknown;control;2024-02-18 23:15:00+00:00;0.211;;
461101;unknown;control;2024-02-18 23:30:00+00:00;0.06;;
461101;unknown;control;2024-02-18 23:45:00+00:00;0.052;;
461101;unknown;control;2024-02-19 00:00:00+00:00;0.042;;
461101;unknown;control;2024-02-19 00:15:00+00:00;0.848;;
461101;unknown;control;2024-02-19 00:30:00+00:00;0.878;;
461101;unknown;control;2024-02-19 00:45:00+00:00;0.4;;
461101;unknown;control;2024-02-19 01:00:00+00:00;0.05;;
461101;unknown;control;2024-02-19 01:15:00+00:00;0.325;;
461101;unknown;control;2024-02-19 01:30:00+00:00;0.058;;
461101;unknown;control;2024-02-19 01:45:00+00:00;0.109;;
461101;unknown;control;2024-02-19 02:00:00+00:00;0.847;;
461101;unknown;control;2024-02-19 02:15:00+00:00;0.713;;
461101;unknown;control;2024-02-19 02:30:00+00:00;0.047;;
461101;unknown;control;2024-02-19 02:45:00+00:00;0.043;;
461101;unknown;control;2024-02-19 03:00:00+00:00;0.033;;
461101;unknown;control;2024-02-19 03:15:00+00:00;0.296;;
461101;unknown;control;2024-02-19 03:30:00+00:00;0.198;;
461101;unknown;control;2024-02-19 03:45:00+00:00;0.859;;
461101;unknown;control;2024-02-19 04:00:00+00:00;0.823;;
461101;unknown;control;2024-02-19 04:15:00+00:00;0.248;;
461101;unknown;control;2024-02-19 04:30:00+00:00;0.046;;
461101;unknown;control;2024-02-19 04:45:00+00:00;0.034;;
461101;unknown;control;2024-02-19 05:00:00+00:00;0.234;;
461101;unknown;control;2024-02-19 05:15:00+00:00;0.896;;
461101;unknown;control;2024-02-19 05:30:00+00:00;0.14;;
461101;unknown;control;2024-02-19 05:45:00+00:00;0.062;;
461101;unknown;control;2024-02-19 06:00:00+00:00;0.055;;
461101;unknown;control;2024-02-19 06:15:00+00:00;0.576;;
461101;unknown;control;2024-02-19 06:30:00+00:00;0.856;;
461101;unknown;control;2024-02-19 06:45:00+00:00;0.51;;
461101;unknown;control;2024-02-19 07:00:00+00:00;0.049;;
461101;unknown;control;2024-02-19 07:15:00+00:00;0.031;;
461101;unknown;control;2024-02-19 07:30:00+00:00;0.267;;
461101;unknown;control;2024-02-19 07:45:00+00:00;0.0;;
461101;unknown;control;2024-02-19 08:00:00+00:00;0.0;;
461101;unknown;control;2024-02-19 08:15:00+00:00;0.454;;
461101;unknown;control;2024-02-19 08:30:00+00:00;0.58;;
461101;unknown;control;2024-02-19 08:45:00+00:00;0.419;;
461101;unknown;control;2024-02-19 09:00:00+00:00;0.0;;
461101;unknown;control;2024-02-19 09:15:00+00:00;0.0;;
461101;unknown;control;2024-02-19 09:30:00+00:00;0.042;;
461101;unknown;control;2024-02-19 09:45:00+00:00;0.0;;
461101;unknown;control;2024-02-19 10:00:00+00:00;0.0;;
461101;unknown;control;2024-02-19 10:15:00+00:00;0.0;;
461101;unknown;control;2024-02-19 10:30:00+00:00;0.0;;
461101;unknown;control;2024-02-19 10:45:00+00:00;0.0;;
461101;unknown;control;2024-02-19 11:00:00+00:00;0.027;;
461101;unknown;control;2024-02-19 11:15:00+00:00;0.056;;
461101;unknown;control;2024-02-19 11:30:00+00:00;0.154;;
461101;unknown;control;2024-02-19 11:45:00+00:00;0.0;;
461101;unknown;control;2024-02-19 12:00:00+00:00;0.0;;
461101;unknown;control;2024-02-19 12:15:00+00:00;0.0;;
461101;unknown;control;2024-02-19 12:30:00+00:00;0.0;;
461101;unknown;control;2024-02-19 12:45:00+00:00;0.113;;
461101;unknown;control;2024-02-19 13:00:00+00:00;0.112;;
461101;unknown;control;2024-02-19 13:15:00+00:00;0.0;;
461101;unknown;control;2024-02-19 13:30:00+00:00;0.002;;
461101;unknown;control;2024-02-19 13:45:00+00:00;0.126;;
461101;unknown;control;2024-02-19 14:00:00+00:00;0.039;;
461101;unknown;control;2024-02-19 14:15:00+00:00;0.246;;
461101;unknown;control;2024-02-19 14:30:00+00:00;0.068;;
461101;unknown;control;2024-02-19 14:45:00+00:00;0.0;;
461101;unknown;control;2024-02-19 15:00:00+00:00;0.0;;
461101;unknown;control;2024-02-19 15:15:00+00:00;0.0;;
461101;unknown;control;2024-02-19 15:30:00+00:00;0.0;;
461101;unknown;control;2024-02-19 15:45:00+00:00;0.177;;
461101;unknown;control;2024-02-19 16:00:00+00:00;0.53;;
461101;unknown;control;2024-02-19 16:15:00+00:00;1.296;;
461101;unknown;control;2024-02-19 16:30:00+00:00;0.584;;
461101;unknown;control;2024-02-19 16:45:00+00:00;0.668;;
461101;unknown;control;2024-02-19 17:00:00+00:00;0.667;;
461101;unknown;control;2024-02-19 17:15:00+00:00;0.802;;
461101;unknown;control;2024-02-19 17:30:00+00:00;0.675;;
461101;unknown;control;2024-02-19 17:45:00+00:00;1.375;;
461101;unknown;control;2024-02-19 18:00:00+00:00;1.056;;
461101;unknown;control;2024-02-19 18:15:00+00:00;1.695;;
461101;unknown;control;2024-02-19 18:30:00+00:00;1.35;;
461101;unknown;control;2024-02-19 18:45:00+00:00;0.902;;
461101;unknown;control;2024-02-19 19:00:00+00:00;0.909;;
461101;unknown;control;2024-02-19 19:15:00+00:00;1.242;;
461101;unknown;control;2024-02-19 19:30:00+00:00;1.709;;
461101;unknown;control;2024-02-19 19:45:00+00:00;1.498;;
461101;unknown;control;2024-02-19 20:00:00+00:00;0.817;;
461101;unknown;control;2024-02-19 20:15:00+00:00;0.428;;
461101;unknown;control;2024-02-19 20:30:00+00:00;0.356;;
461101;unknown;control;2024-02-19 20:45:00+00:00;0.295;;
461101;unknown;control;2024-02-19 21:00:00+00:00;0.67;;
461101;unknown;control;2024-02-19 21:15:00+00:00;0.879;;
461101;unknown;control;2024-02-19 21:30:00+00:00;0.618;;
461101;unknown;control;2024-02-19 21:45:00+00:00;0.052;;
461101;unknown;control;2024-02-19 22:00:00+00:00;0.295;;
461101;unknown;control;2024-02-19 22:15:00+00:00;0.055;;
461101;unknown;control;2024-02-19 22:30:00+00:00;0.05;;
461101;unknown;control;2024-02-19 22:45:00+00:00;0.837;;
461101;unknown;control;2024-02-19 23:00:00+00:00;0.87;;
461101;unknown;control;2024-02-19 23:15:00+00:00;0.07;;
461101;unknown;control;2024-02-19 23:30:00+00:00;0.054;;
461101;unknown;control;2024-02-19 23:45:00+00:00;0.032;;
461101;unknown;control;2024-02-20 00:00:00+00:00;0.245;;
461101;unknown;control;2024-02-20 00:15:00+00:00;0.085;;
461101;unknown;control;2024-02-20 00:30:00+00:00;0.785;;
461101;unknown;control;2024-02-20 00:45:00+00:00;0.883;;
461101;unknown;control;2024-02-20 01:00:00+00:00;0.343;;
461101;unknown;control;2024-02-20 01:15:00+00:00;0.072;;
461101;unknown;control;2024-02-20 01:30:00+00:00;0.052;;
461101;unknown;control;2024-02-20 01:45:00+00:00;0.284;;
461101;unknown;control;2024-02-20 02:00:00+00:00;0.852;;
461101;unknown;control;2024-02-20 02:15:00+00:00;0.289;;
461101;unknown;control;2024-02-20 02:30:00+00:00;0.049;;
461101;unknown;control;2024-02-20 02:45:00+00:00;0.048;;
461101;unknown;control;2024-02-20 03:00:00+00:00;0.306;;
461101;unknown;control;2024-02-20 03:15:00+00:00;0.855;;
461101;unknown;control;2024-02-20 03:30:00+00:00;0.881;;
461101;unknown;control;2024-02-20 03:45:00+00:00;0.073;;
461101;unknown;control;2024-02-20 04:00:00+00:00;0.051;;
461101;unknown;control;2024-02-20 04:15:00+00:00;0.593;;
461101;unknown;control;2024-02-20 04:30:00+00:00;0.499;;
461101;unknown;control;2024-02-20 04:45:00+00:00;0.047;;
461101;unknown;control;2024-02-20 05:00:00+00:00;0.297;;
461101;unknown;control;2024-02-20 05:15:00+00:00;0.812;;
461101;unknown;control;2024-02-20 05:30:00+00:00;0.832;;
461101;unknown;control;2024-02-20 05:45:00+00:00;0.856;;
461101;unknown;control;2024-02-20 06:00:00+00:00;0.836;;
461101;unknown;control;2024-02-20 06:15:00+00:00;0.285;;
461101;unknown;control;2024-02-20 06:30:00+00:00;0.302;;
461101;unknown;control;2024-02-20 06:45:00+00:00;0.027;;
461101;unknown;control;2024-02-20 07:00:00+00:00;0.76;;
461101;unknown;control;2024-02-20 07:15:00+00:00;0.741;;
461101;unknown;control;2024-02-20 07:30:00+00:00;0.478;;
461101;unknown;control;2024-02-20 07:45:00+00:00;0.0;;
461101;unknown;control;2024-02-20 08:00:00+00:00;0.0;;
461101;unknown;control;2024-02-20 08:15:00+00:00;0.0;;
461101;unknown;control;2024-02-20 08:30:00+00:00;0.003;;
461101;unknown;control;2024-02-20 08:45:00+00:00;0.126;;
461101;unknown;control;2024-02-20 09:00:00+00:00;0.0;;
461101;unknown;control;2024-02-20 09:15:00+00:00;0.076;;
461101;unknown;control;2024-02-20 09:30:00+00:00;0.028;;
461101;unknown;control;2024-02-20 09:45:00+00:00;0.0;;
461101;unknown;control;2024-02-20 10:00:00+00:00;0.0;;
461101;unknown;control;2024-02-20 10:15:00+00:00;0.0;;
461101;unknown;control;2024-02-20 10:30:00+00:00;0.0;;
461101;unknown;control;2024-02-20 10:45:00+00:00;0.0;;
461101;unknown;control;2024-02-20 11:00:00+00:00;0.009;;
461101;unknown;control;2024-02-20 11:15:00+00:00;0.054;;
461101;unknown;control;2024-02-20 11:30:00+00:00;0.017;;
461101;unknown;control;2024-02-20 11:45:00+00:00;0.026;;
461101;unknown;control;2024-02-20 12:00:00+00:00;0.0;;
461101;unknown;control;2024-02-20 12:15:00+00:00;0.0;;
461101;unknown;control;2024-02-20 12:30:00+00:00;0.0;;
461101;unknown;control;2024-02-20 12:45:00+00:00;0.0;;
461101;unknown;control;2024-02-20 13:00:00+00:00;0.045;;
461101;unknown;control;2024-02-20 13:15:00+00:00;0.042;;
461101;unknown;control;2024-02-20 13:30:00+00:00;0.092;;
461101;unknown;control;2024-02-20 13:45:00+00:00;0.033;;
461101;unknown;control;2024-02-20 14:00:00+00:00;0.0;;
461101;unknown;control;2024-02-20 14:15:00+00:00;0.0;;
461101;unknown;control;2024-02-20 14:30:00+00:00;0.0;;
461101;unknown;control;2024-02-20 14:45:00+00:00;0.0;;
461101;unknown;control;2024-02-20 15:00:00+00:00;0.027;;
461101;unknown;control;2024-02-20 15:15:00+00:00;0.098;;
461101;unknown;control;2024-02-20 15:30:00+00:00;0.21;;
461101;unknown;control;2024-02-20 15:45:00+00:00;0.373;;
461101;unknown;control;2024-02-20 16:00:00+00:00;0.098;;
461101;unknown;control;2024-02-20 16:15:00+00:00;0.0;;
461101;unknown;control;2024-02-20 16:30:00+00:00;0.001;;
461101;unknown;control;2024-02-20 16:45:00+00:00;0.001;;
461101;unknown;control;2024-02-20 17:00:00+00:00;0.002;;
461101;unknown;control;2024-02-20 17:15:00+00:00;0.002;;
461101;unknown;control;2024-02-20 17:30:00+00:00;0.002;;
461101;unknown;control;2024-02-20 17:45:00+00:00;0.384;;
461101;unknown;control;2024-02-20 18:00:00+00:00;0.227;;
461101;unknown;control;2024-02-20 18:15:00+00:00;0.509;;
461101;unknown;control;2024-02-20 18:30:00+00:00;0.57;;
461101;unknown;control;2024-02-20 18:45:00+00:00;0.494;;
461101;unknown;control;2024-02-20 19:00:00+00:00;0.014;;
461101;unknown;control;2024-02-20 19:15:00+00:00;0.055;;
461101;unknown;control;2024-02-20 19:30:00+00:00;0.033;;
461101;unknown;control;2024-02-20 19:45:00+00:00;0.035;;
461101;unknown;control;2024-02-20 20:00:00+00:00;0.381;;
461101;unknown;control;2024-02-20 20:15:00+00:00;0.345;;
461101;unknown;control;2024-02-20 20:30:00+00:00;0.839;;
461101;unknown;control;2024-02-20 20:45:00+00:00;1.688;;
461101;unknown;control;2024-02-20 21:00:00+00:00;1.298;;
461101;unknown;control;2024-02-20 21:15:00+00:00;0.975;;
461101;unknown;control;2024-02-20 21:30:00+00:00;1.161;;
461101;unknown;control;2024-02-20 21:45:00+00:00;1.466;;
461101;unknown;control;2024-02-20 22:00:00+00:00;1.291;;
461101;unknown;control;2024-02-20 22:15:00+00:00;0.346;;
461101;unknown;control;2024-02-20 22:30:00+00:00;0.274;;
461101;unknown;control;2024-02-20 22:45:00+00:00;0.494;;
461101;unknown;control;2024-02-20 23:00:00+00:00;0.889;;
461101;unknown;control;2024-02-20 23:15:00+00:00;1.249;;
461101;unknown;control;2024-02-20 23:30:00+00:00;0.299;;
461101;unknown;control;2024-02-20 23:45:00+00:00;0.264;;
461101;unknown;control;2024-02-21 00:00:00+00:00;0.787;;
461101;unknown;control;2024-02-21 00:15:00+00:00;0.357;;
461101;unknown;control;2024-02-21 00:30:00+00:00;0.819;;
461101;unknown;control;2024-02-21 00:45:00+00:00;0.895;;
461101;unknown;control;2024-02-21 01:00:00+00:00;0.737;;
461101;unknown;control;2024-02-21 01:15:00+00:00;0.06;;
461101;unknown;control;2024-02-21 01:30:00+00:00;0.045;;
461101;unknown;control;2024-02-21 01:45:00+00:00;0.026;;
461101;unknown;control;2024-02-21 02:00:00+00:00;0.038;;
461101;unknown;control;2024-02-21 02:15:00+00:00;0.705;;
461101;unknown;control;2024-02-21 02:30:00+00:00;0.586;;
461101;unknown;control;2024-02-21 02:45:00+00:00;0.434;;
461101;unknown;control;2024-02-21 03:00:00+00:00;0.875;;
461101;unknown;control;2024-02-21 03:15:00+00:00;0.894;;
461101;unknown;control;2024-02-21 03:30:00+00:00;0.456;;
461101;unknown;control;2024-02-21 03:45:00+00:00;0.051;;
461101;unknown;control;2024-02-21 04:00:00+00:00;0.041;;
461101;unknown;control;2024-02-21 04:15:00+00:00;0.032;;
461101;unknown;control;2024-02-21 04:30:00+00:00;0.17;;
461101;unknown;control;2024-02-21 04:45:00+00:00;0.236;;
461101;unknown;control;2024-02-21 05:00:00+00:00;0.704;;
461101;unknown;control;2024-02-21 05:15:00+00:00;0.647;;
461101;unknown;control;2024-02-21 05:30:00+00:00;0.833;;
461101;unknown;control;2024-02-21 05:45:00+00:00;0.837;;
461101;unknown;control;2024-02-21 06:00:00+00:00;0.849;;
461101;unknown;control;2024-02-21 06:15:00+00:00;0.856;;
461101;unknown;control;2024-02-21 06:30:00+00:00;0.63;;
461101;unknown;control;2024-02-21 06:45:00+00:00;0.403;;
461101;unknown;control;2024-02-21 07:00:00+00:00;0.591;;
461101;unknown;control;2024-02-21 07:15:00+00:00;0.691;;
461101;unknown;control;2024-02-21 07:30:00+00:00;0.671;;
461101;unknown;control;2024-02-21 07:45:00+00:00;0.57;;
461101;unknown;control;2024-02-21 08:00:00+00:00;0.581;;
461101;unknown;control;2024-02-21 08:15:00+00:00;0.0;;
461101;unknown;control;2024-02-21 08:30:00+00:00;0.0;;
461101;unknown;control;2024-02-21 08:45:00+00:00;0.015;;
461101;unknown;control;2024-02-21 09:00:00+00:00;0.0;;
461101;unknown;control;2024-02-21 09:15:00+00:00;0.0;;
461101;unknown;control;2024-02-21 09:30:00+00:00;0.0;;
461101;unknown;control;2024-02-21 09:45:00+00:00;0.001;;
461101;unknown;control;2024-02-21 10:00:00+00:00;0.004;;
461101;unknown;control;2024-02-21 10:15:00+00:00;0.0;;
461101;unknown;control;2024-02-21 10:30:00+00:00;0.0;;
461101;unknown;control;2024-02-21 10:45:00+00:00;0.0;;
461101;unknown;control;2024-02-21 11:00:00+00:00;0.001;;
461101;unknown;control;2024-02-21 11:15:00+00:00;0.0;;
461101;unknown;control;2024-02-21 11:30:00+00:00;0.001;;
461101;unknown;control;2024-02-21 11:45:00+00:00;0.0;;
461101;unknown;control;2024-02-21 12:00:00+00:00;0.0;;
461101;unknown;control;2024-02-21 12:15:00+00:00;0.0;;
461101;unknown;control;2024-02-21 12:30:00+00:00;0.0;;
461101;unknown;control;2024-02-21 12:45:00+00:00;0.0;;
461101;unknown;control;2024-02-21 13:00:00+00:00;0.0;;
461101;unknown;control;2024-02-21 13:15:00+00:00;0.0;;
461101;unknown;control;2024-02-21 13:30:00+00:00;0.001;;
461101;unknown;control;2024-02-21 13:45:00+00:00;0.0;;
461101;unknown;control;2024-02-21 14:00:00+00:00;0.0;;
461101;unknown;control;2024-02-21 14:15:00+00:00;0.0;;
461101;unknown;control;2024-02-21 14:30:00+00:00;0.0;;
461101;unknown;control;2024-02-21 14:45:00+00:00;0.0;;
461101;unknown;control;2024-02-21 15:00:00+00:00;0.0;;
461101;unknown;control;2024-02-21 15:15:00+00:00;0.019;;
461101;unknown;control;2024-02-21 15:30:00+00:00;0.221;;
461101;unknown;control;2024-02-21 15:45:00+00:00;0.013;;
461101;unknown;control;2024-02-21 16:00:00+00:00;0.246;;
461101;unknown;control;2024-02-21 16:15:00+00:00;0.546;;
461101;unknown;control;2024-02-21 16:30:00+00:00;0.571;;
461101;unknown;control;2024-02-21 16:45:00+00:00;0.638;;
461101;unknown;control;2024-02-21 17:00:00+00:00;0.6;;
461101;unknown;control;2024-02-21 17:15:00+00:00;0.316;;
461101;unknown;control;2024-02-21 17:30:00+00:00;0.154;;
461101;unknown;control;2024-02-21 17:45:00+00:00;0.456;;
461101;unknown;control;2024-02-21 18:00:00+00:00;0.501;;
461101;unknown;control;2024-02-21 18:15:00+00:00;0.624;;
461101;unknown;control;2024-02-21 18:30:00+00:00;0.759;;
461101;unknown;control;2024-02-21 18:45:00+00:00;0.518;;
461101;unknown;control;2024-02-21 19:00:00+00:00;0.002;;
461101;unknown;control;2024-02-21 19:15:00+00:00;0.002;;
461101;unknown;control;2024-02-21 19:30:00+00:00;0.003;;
461101;unknown;control;2024-02-21 19:45:00+00:00;0.24;;
461101;unknown;control;2024-02-21 20:00:00+00:00;0.11;;
461101;unknown;control;2024-02-21 20:15:00+00:00;0.828;;
461101;unknown;control;2024-02-21 20:30:00+00:00;0.885;;
461101;unknown;control;2024-02-21 20:45:00+00:00;0.082;;
461101;unknown;control;2024-02-21 21:00:00+00:00;0.066;;
461101;unknown;control;2024-02-21 21:15:00+00:00;0.044;;
461101;unknown;control;2024-02-21 21:30:00+00:00;0.044;;
461101;unknown;control;2024-02-21 21:45:00+00:00;0.182;;
461101;unknown;control;2024-02-21 22:00:00+00:00;0.287;;
461101;unknown;control;2024-02-21 22:15:00+00:00;0.731;;
461101;unknown;control;2024-02-21 22:30:00+00:00;0.9;;
461101;unknown;control;2024-02-21 22:45:00+00:00;0.27;;
461101;unknown;control;2024-02-21 23:00:00+00:00;0.091;;
461101;unknown;control;2024-02-21 23:15:00+00:00;0.081;;
461101;unknown;control;2024-02-21 23:30:00+00:00;0.068;;
461101;unknown;control;2024-02-21 23:45:00+00:00;0.056;;
461101;unknown;control;2024-02-22 00:00:00+00:00;0.351;;
461101;unknown;control;2024-02-22 00:15:00+00:00;0.395;;
461101;unknown;control;2024-02-22 00:30:00+00:00;0.851;;
461101;unknown;control;2024-02-22 00:45:00+00:00;0.5;;
461101;unknown;control;2024-02-22 01:00:00+00:00;0.046;;
461101;unknown;control;2024-02-22 01:15:00+00:00;0.041;;
461101;unknown;control;2024-02-22 01:30:00+00:00;0.037;;
461101;unknown;control;2024-02-22 01:45:00+00:00;0.04;;
461101;unknown;control;2024-02-22 02:00:00+00:00;0.305;;
461101;unknown;control;2024-02-22 02:15:00+00:00;0.115;;
461101;unknown;control;2024-02-22 02:30:00+00:00;0.84;;
461101;unknown;control;2024-02-22 02:45:00+00:00;0.659;;
461101;unknown;control;2024-02-22 03:00:00+00:00;0.049;;
461101;unknown;control;2024-02-22 03:15:00+00:00;0.048;;
461101;unknown;control;2024-02-22 03:30:00+00:00;0.037;;
461101;unknown;control;2024-02-22 03:45:00+00:00;0.039;;
461101;unknown;control;2024-02-22 04:00:00+00:00;0.321;;
461101;unknown;control;2024-02-22 04:15:00+00:00;0.189;;
461101;unknown;control;2024-02-22 04:30:00+00:00;0.704;;
461101;unknown;control;2024-02-22 04:45:00+00:00;0.291;;
461101;unknown;control;2024-02-22 05:00:00+00:00;0.233;;
461101;unknown;control;2024-02-22 05:15:00+00:00;0.839;;
461101;unknown;control;2024-02-22 05:30:00+00:00;0.852;;
461101;unknown;control;2024-02-22 05:45:00+00:00;0.869;;
461101;unknown;control;2024-02-22 06:00:00+00:00;0.063;;
461101;unknown;control;2024-02-22 06:15:00+00:00;0.048;;
461101;unknown;control;2024-02-22 06:30:00+00:00;0.032;;
461101;unknown;control;2024-02-22 06:45:00+00:00;0.365;;
461101;unknown;control;2024-02-22 07:00:00+00:00;0.32;;
461101;unknown;control;2024-02-22 07:15:00+00:00;0.724;;
461101;unknown;control;2024-02-22 07:30:00+00:00;0.81;;
461101;unknown;control;2024-02-22 07:45:00+00:00;0.798;;
461101;unknown;control;2024-02-22 08:00:00+00:00;0.039;;
461101;unknown;control;2024-02-22 08:15:00+00:00;0.0;;
461101;unknown;control;2024-02-22 08:30:00+00:00;0.0;;
461101;unknown;control;2024-02-22 08:45:00+00:00;0.226;;
461101;unknown;control;2024-02-22 09:00:00+00:00;0.034;;
461101;unknown;control;2024-02-22 09:15:00+00:00;0.646;;
461101;unknown;control;2024-02-22 09:30:00+00:00;0.582;;
461101;unknown;control;2024-02-22 09:45:00+00:00;0.0;;
461101;unknown;control;2024-02-22 10:00:00+00:00;0.0;;
461101;unknown;control;2024-02-22 10:15:00+00:00;0.0;;
461101;unknown;control;2024-02-22 10:30:00+00:00;0.0;;
461101;unknown;control;2024-02-22 10:45:00+00:00;0.0;;
461101;unknown;control;2024-02-22 11:00:00+00:00;0.239;;
461101;unknown;control;2024-02-22 11:15:00+00:00;0.415;;
461101;unknown;control;2024-02-22 11:30:00+00:00;0.599;;
461101;unknown;control;2024-02-22 11:45:00+00:00;0.195;;
461101;unknown;control;2024-02-22 12:00:00+00:00;0.0;;
461101;unknown;control;2024-02-22 12:15:00+00:00;0.0;;
461101;unknown;control;2024-02-22 12:30:00+00:00;0.0;;
461101;unknown;control;2024-02-22 12:45:00+00:00;0.325;;
461101;unknown;control;2024-02-22 13:00:00+00:00;0.329;;
461101;unknown;control;2024-02-22 13:15:00+00:00;0.0;;
461101;unknown;control;2024-02-22 13:30:00+00:00;0.0;;
461101;unknown;control;2024-02-22 13:45:00+00:00;0.0;;
461101;unknown;control;2024-02-22 14:00:00+00:00;0.396;;
461101;unknown;control;2024-02-22 14:15:00+00:00;0.813;;
461101;unknown;control;2024-02-22 14:30:00+00:00;0.325;;
461101;unknown;control;2024-02-22 14:45:00+00:00;0.016;;
461101;unknown;control;2024-02-22 15:00:00+00:00;0.236;;
461101;unknown;control;2024-02-22 15:15:00+00:00;0.008;;
461101;unknown;control;2024-02-22 15:30:00+00:00;0.01;;
461101;unknown;control;2024-02-22 15:45:00+00:00;0.063;;
461101;unknown;control;2024-02-22 16:00:00+00:00;0.641;;
461101;unknown;control;2024-02-22 16:15:00+00:00;0.752;;
461101;unknown;control;2024-02-22 16:30:00+00:00;0.083;;
461101;unknown;control;2024-02-22 16:45:00+00:00;0.069;;
461101;unknown;control;2024-02-22 17:00:00+00:00;0.048;;
461101;unknown;control;2024-02-22 17:15:00+00:00;0.064;;
461101;unknown;control;2024-02-22 17:30:00+00:00;0.086;;
461101;unknown;control;2024-02-22 17:45:00+00:00;0.361;;
461101;unknown;control;2024-02-22 18:00:00+00:00;0.563;;
461101;unknown;control;2024-02-22 18:15:00+00:00;1.001;;
461101;unknown;control;2024-02-22 18:30:00+00:00;0.91;;
461101;unknown;control;2024-02-22 18:45:00+00:00;0.258;;
461101;unknown;control;2024-02-22 19:00:00+00:00;0.083;;
461101;unknown;control;2024-02-22 19:15:00+00:00;0.247;;
461101;unknown;control;2024-02-22 19:30:00+00:00;0.103;;
461101;unknown;control;2024-02-22 19:45:00+00:00;0.331;;
461101;unknown;control;2024-02-22 20:00:00+00:00;0.598;;
461101;unknown;control;2024-02-22 20:15:00+00:00;0.781;;
461101;unknown;control;2024-02-22 20:30:00+00:00;0.316;;
461101;unknown;control;2024-02-22 20:45:00+00:00;0.863;;
461101;unknown;control;2024-02-22 21:00:00+00:00;0.849;;
461101;unknown;control;2024-02-22 21:15:00+00:00;0.881;;
461101;unknown;control;2024-02-22 21:30:00+00:00;0.134;;
461101;unknown;control;2024-02-22 21:45:00+00:00;0.07;;
461101;unknown;control;2024-02-22 22:00:00+00:00;0.054;;
461101;unknown;control;2024-02-22 22:15:00+00:00;0.051;;
461101;unknown;control;2024-02-22 22:30:00+00:00;0.328;;
461101;unknown;control;2024-02-22 22:45:00+00:00;0.537;;
461101;unknown;control;2024-02-22 23:00:00+00:00;0.794;;
461101;unknown;control;2024-02-22 23:15:00+00:00;0.892;;
461101;unknown;control;2024-02-22 23:30:00+00:00;0.076;;
461101;unknown;control;2024-02-22 23:45:00+00:00;0.066;;
461101;unknown;control;2024-02-23 00:00:00+00:00;0.049;;
461101;unknown;control;2024-02-23 00:15:00+00:00;0.047;;
461101;unknown;control;2024-02-23 00:30:00+00:00;0.363;;
461101;unknown;control;2024-02-23 00:45:00+00:00;0.278;;
461101;unknown;control;2024-02-23 01:00:00+00:00;0.863;;
461101;unknown;control;2024-02-23 01:15:00+00:00;0.887;;
461101;unknown;control;2024-02-23 01:30:00+00:00;0.466;;
461101;unknown;control;2024-02-23 01:45:00+00:00;0.056;;
461101;unknown;control;2024-02-23 02:00:00+00:00;0.059;;
461101;unknown;control;2024-02-23 02:15:00+00:00;0.049;;
461101;unknown;control;2024-02-23 02:30:00+00:00;0.25;;
461101;unknown;control;2024-02-23 02:45:00+00:00;0.182;;
461101;unknown;control;2024-02-23 03:00:00+00:00;0.781;;
461101;unknown;control;2024-02-23 03:15:00+00:00;0.687;;
461101;unknown;control;2024-02-23 03:30:00+00:00;0.891;;
461101;unknown;control;2024-02-23 03:45:00+00:00;0.907;;
461101;unknown;control;2024-02-23 04:00:00+00:00;0.092;;
461101;unknown;control;2024-02-23 04:15:00+00:00;0.069;;
461101;unknown;control;2024-02-23 04:30:00+00:00;0.043;;
461101;unknown;control;2024-02-23 04:45:00+00:00;0.305;;
461101;unknown;control;2024-02-23 05:00:00+00:00;0.466;;
461101;unknown;control;2024-02-23 05:15:00+00:00;0.853;;
461101;unknown;control;2024-02-23 05:30:00+00:00;0.697;;
461101;unknown;control;2024-02-23 05:45:00+00:00;0.847;;
461101;unknown;control;2024-02-23 06:00:00+00:00;0.865;;
461101;unknown;control;2024-02-23 06:15:00+00:00;0.845;;
461101;unknown;control;2024-02-23 06:30:00+00:00;0.821;;
461101;unknown;control;2024-02-23 06:45:00+00:00;0.652;;
461101;unknown;control;2024-02-23 07:00:00+00:00;0.357;;
461101;unknown;control;2024-02-23 07:15:00+00:00;0.636;;
461101;unknown;control;2024-02-23 07:30:00+00:00;0.747;;
461101;unknown;control;2024-02-23 07:45:00+00:00;0.729;;
461101;unknown;control;2024-02-23 08:00:00+00:00;0.692;;
461101;unknown;control;2024-02-23 08:15:00+00:00;0.427;;
461101;unknown;control;2024-02-23 08:30:00+00:00;0.0;;
461101;unknown;control;2024-02-23 08:45:00+00:00;0.0;;
461101;unknown;control;2024-02-23 09:00:00+00:00;0.195;;
461101;unknown;control;2024-02-23 09:15:00+00:00;0.017;;
461101;unknown;control;2024-02-23 09:30:00+00:00;0.18;;
461101;unknown;control;2024-02-23 09:45:00+00:00;0.376;;
461101;unknown;control;2024-02-23 10:00:00+00:00;0.009;;
461101;unknown;control;2024-02-23 10:15:00+00:00;0.0;;
461101;unknown;control;2024-02-23 10:30:00+00:00;0.0;;
461101;unknown;control;2024-02-23 10:45:00+00:00;0.0;;
461101;unknown;control;2024-02-23 11:00:00+00:00;0.0;;
461101;unknown;control;2024-02-23 11:15:00+00:00;0.0;;
461101;unknown;control;2024-02-23 11:30:00+00:00;0.001;;
461101;unknown;control;2024-02-23 11:45:00+00:00;0.001;;
461101;unknown;control;2024-02-23 12:00:00+00:00;0.0;;
461101;unknown;control;2024-02-23 12:15:00+00:00;0.0;;
461101;unknown;control;2024-02-23 12:30:00+00:00;0.0;;
461101;unknown;control;2024-02-23 12:45:00+00:00;0.001;;
461101;unknown;control;2024-02-23 13:00:00+00:00;0.015;;
461101;unknown;control;2024-02-23 13:15:00+00:00;0.002;;
461101;unknown;control;2024-02-23 13:30:00+00:00;0.0;;
461101;unknown;control;2024-02-23 13:45:00+00:00;0.0;;
461101;unknown;control;2024-02-23 14:00:00+00:00;0.003;;
461101;unknown;control;2024-02-23 14:15:00+00:00;0.133;;
461101;unknown;control;2024-02-23 14:30:00+00:00;0.35;;
461101;unknown;control;2024-02-23 14:45:00+00:00;0.014;;
461101;unknown;control;2024-02-23 15:00:00+00:00;0.0;;
461101;unknown;control;2024-02-23 15:15:00+00:00;0.101;;
461101;unknown;control;2024-02-23 15:30:00+00:00;0.0;;
461101;unknown;control;2024-02-23 15:45:00+00:00;0.0;;
461101;unknown;control;2024-02-23 16:00:00+00:00;0.008;;
461101;unknown;control;2024-02-23 16:15:00+00:00;1.302;;
461101;unknown;control;2024-02-23 16:30:00+00:00;0.621;;
461101;unknown;control;2024-02-23 16:45:00+00:00;0.848;;
461101;unknown;control;2024-02-23 17:00:00+00:00;0.669;;
461101;unknown;control;2024-02-23 17:15:00+00:00;0.324;;
461101;unknown;control;2024-02-23 17:30:00+00:00;0.167;;
461101;unknown;control;2024-02-23 17:45:00+00:00;0.493;;
461101;unknown;control;2024-02-23 18:00:00+00:00;0.523;;
461101;unknown;control;2024-02-23 18:15:00+00:00;0.622;;
461101;unknown;control;2024-02-23 18:30:00+00:00;0.833;;
461101;unknown;control;2024-02-23 18:45:00+00:00;0.9;;
461101;unknown;control;2024-02-23 19:00:00+00:00;0.405;;
461101;unknown;control;2024-02-23 19:15:00+00:00;0.083;;
461101;unknown;control;2024-02-23 19:30:00+00:00;0.116;;
461101;unknown;control;2024-02-23 19:45:00+00:00;0.628;;
461101;unknown;control;2024-02-23 20:00:00+00:00;0.869;;
461101;unknown;control;2024-02-23 20:15:00+00:00;0.984;;
461101;unknown;control;2024-02-23 20:30:00+00:00;0.368;;
461101;unknown;control;2024-02-23 20:45:00+00:00;0.757;;
461101;unknown;control;2024-02-23 21:00:00+00:00;0.935;;
461101;unknown;control;2024-02-23 21:15:00+00:00;1.17;;
461101;unknown;control;2024-02-23 21:30:00+00:00;1.156;;
461101;unknown;control;2024-02-23 21:45:00+00:00;0.414;;
461101;unknown;control;2024-02-23 22:00:00+00:00;0.167;;
461101;unknown;control;2024-02-23 22:15:00+00:00;0.272;;
461101;unknown;control;2024-02-23 22:30:00+00:00;0.414;;
461101;unknown;control;2024-02-23 22:45:00+00:00;0.502;;
461101;unknown;control;2024-02-23 23:00:00+00:00;0.418;;
461101;unknown;control;2024-02-23 23:15:00+00:00;0.72;;
461101;unknown;control;2024-02-23 23:30:00+00:00;0.876;;
461101;unknown;control;2024-02-23 23:45:00+00:00;0.795;;
461101;unknown;control;2024-02-24 00:00:00+00:00;0.051;;
461101;unknown;control;2024-02-24 00:15:00+00:00;0.044;;
461101;unknown;control;2024-02-24 00:30:00+00:00;0.026;;
461101;unknown;control;2024-02-24 00:45:00+00:00;0.065;;
461101;unknown;control;2024-02-24 01:00:00+00:00;0.704;;
461101;unknown;control;2024-02-24 01:15:00+00:00;0.468;;
461101;unknown;control;2024-02-24 01:30:00+00:00;0.873;;
461101;unknown;control;2024-02-24 01:45:00+00:00;0.897;;
461101;unknown;control;2024-02-24 02:00:00+00:00;0.464;;
461101;unknown;control;2024-02-24 02:15:00+00:00;0.046;;
461101;unknown;control;2024-02-24 02:30:00+00:00;0.041;;
461101;unknown;control;2024-02-24 02:45:00+00:00;0.04;;
461101;unknown;control;2024-02-24 03:00:00+00:00;0.728;;
461101;unknown;control;2024-02-24 03:15:00+00:00;0.306;;
461101;unknown;control;2024-02-24 03:30:00+00:00;0.874;;
461101;unknown;control;2024-02-24 03:45:00+00:00;0.887;;
461101;unknown;control;2024-02-24 04:00:00+00:00;0.745;;
461101;unknown;control;2024-02-24 04:15:00+00:00;0.046;;
461101;unknown;control;2024-02-24 04:30:00+00:00;0.048;;
461101;unknown;control;2024-02-24 04:45:00+00:00;0.032;;
461101;unknown;control;2024-02-24 05:00:00+00:00;0.068;;
461101;unknown;control;2024-02-24 05:15:00+00:00;0.384;;
461101;unknown;control;2024-02-24 05:30:00+00:00;0.536;;
461101;unknown;control;2024-02-24 05:45:00+00:00;0.788;;
461101;unknown;control;2024-02-24 06:00:00+00:00;0.89;;
461101;unknown;control;2024-02-24 06:15:00+00:00;0.518;;
461101;unknown;control;2024-02-24 06:30:00+00:00;0.033;;
461101;unknown;control;2024-02-24 06:45:00+00:00;0.028;;
461101;unknown;control;2024-02-24 07:00:00+00:00;0.0;;
461101;unknown;control;2024-02-24 07:15:00+00:00;0.296;;
461101;unknown;control;2024-02-24 07:30:00+00:00;0.128;;
461101;unknown;control;2024-02-24 07:45:00+00:00;0.568;;
461101;unknown;control;2024-02-24 08:00:00+00:00;0.636;;
461101;unknown;control;2024-02-24 08:15:00+00:00;0.697;;
461101;unknown;control;2024-02-24 08:30:00+00:00;0.527;;
461101;unknown;control;2024-02-24 08:45:00+00:00;0.029;;
461101;unknown;control;2024-02-24 09:00:00+00:00;0.0;;
461101;unknown;control;2024-02-24 09:15:00+00:00;0.0;;
461101;unknown;control;2024-02-24 09:30:00+00:00;0.0;;
461101;unknown;control;2024-02-24 09:45:00+00:00;0.01;;
461101;unknown;control;2024-02-24 10:00:00+00:00;0.023;;
461101;unknown;control;2024-02-24 10:15:00+00:00;0.0;;
461101;unknown;control;2024-02-24 10:30:00+00:00;0.0;;
461101;unknown;control;2024-02-24 10:45:00+00:00;0.0;;
461101;unknown;control;2024-02-24 11:00:00+00:00;0.0;;
461101;unknown;control;2024-02-24 11:15:00+00:00;0.0;;
461101;unknown;control;2024-02-24 11:30:00+00:00;0.001;;
461101;unknown;control;2024-02-24 11:45:00+00:00;0.0;;
461101;unknown;control;2024-02-24 12:00:00+00:00;0.0;;
461101;unknown;control;2024-02-24 12:15:00+00:00;0.0;;
461101;unknown;control;2024-02-24 12:30:00+00:00;0.0;;
461101;unknown;control;2024-02-24 12:45:00+00:00;0.0;;
461101;unknown;control;2024-02-24 13:00:00+00:00;0.0;;
461101;unknown;control;2024-02-24 13:15:00+00:00;0.0;;
461101;unknown;control;2024-02-24 13:30:00+00:00;0.0;;
461101;unknown;control;2024-02-24 13:45:00+00:00;0.0;;
461101;unknown;control;2024-02-24 14:00:00+00:00;0.0;;
461101;unknown;control;2024-02-24 14:15:00+00:00;0.0;;
461101;unknown;control;2024-02-24 14:30:00+00:00;0.05;;
461101;unknown;control;2024-02-24 14:45:00+00:00;0.103;;
461101;unknown;control;2024-02-24 15:00:00+00:00;0.117;;
461101;unknown;control;2024-02-24 15:15:00+00:00;0.0;;
461101;unknown;control;2024-02-24 15:30:00+00:00;0.106;;
461101;unknown;control;2024-02-24 15:45:00+00:00;0.31;;
461101;unknown;control;2024-02-24 16:00:00+00:00;0.006;;
461101;unknown;control;2024-02-24 16:15:00+00:00;0.0;;
461101;unknown;control;2024-02-24 16:30:00+00:00;0.002;;
461101;unknown;control;2024-02-24 16:45:00+00:00;0.427;;
461101;unknown;control;2024-02-24 17:00:00+00:00;0.553;;
461101;unknown;control;2024-02-24 17:15:00+00:00;0.301;;
461101;unknown;control;2024-02-24 17:30:00+00:00;0.005;;
461101;unknown;control;2024-02-24 17:45:00+00:00;0.174;;
461101;unknown;control;2024-02-24 18:00:00+00:00;0.006;;
461101;unknown;control;2024-02-24 18:15:00+00:00;0.006;;
461101;unknown;control;2024-02-24 18:30:00+00:00;0.286;;
461101;unknown;control;2024-02-24 18:45:00+00:00;0.564;;
461101;unknown;control;2024-02-24 19:00:00+00:00;0.538;;
461101;unknown;control;2024-02-24 19:15:00+00:00;0.006;;
461101;unknown;control;2024-02-24 19:30:00+00:00;0.006;;
461101;unknown;control;2024-02-24 19:45:00+00:00;0.009;;
461101;unknown;control;2024-02-24 20:00:00+00:00;0.185;;
461101;unknown;control;2024-02-24 20:15:00+00:00;0.399;;
461101;unknown;control;2024-02-24 20:30:00+00:00;0.468;;
461101;unknown;control;2024-02-24 20:45:00+00:00;0.806;;
461101;unknown;control;2024-02-24 21:00:00+00:00;0.413;;
461101;unknown;control;2024-02-24 21:15:00+00:00;0.834;;
461101;unknown;control;2024-02-24 21:30:00+00:00;0.896;;
461101;unknown;control;2024-02-24 21:45:00+00:00;0.891;;
461101;unknown;control;2024-02-24 22:00:00+00:00;1.266;;
461101;unknown;control;2024-02-24 22:15:00+00:00;1.269;;
461101;unknown;control;2024-02-24 22:30:00+00:00;1.797;;
461101;unknown;control;2024-02-24 22:45:00+00:00;1.786;;
461101;unknown;control;2024-02-24 23:00:00+00:00;1.209;;
461101;unknown;control;2024-02-24 23:15:00+00:00;0.774;;
461101;unknown;control;2024-02-24 23:30:00+00:00;0.556;;
461101;unknown;control;2024-02-24 23:45:00+00:00;1.118;;
461101;unknown;control;2024-02-25 00:00:00+00:00;1.147;;
461101;unknown;control;2024-02-25 00:15:00+00:00;0.489;;
461101;unknown;control;2024-02-25 00:30:00+00:00;0.905;;
461101;unknown;control;2024-02-25 00:45:00+00:00;0.909;;
461101;unknown;control;2024-02-25 01:00:00+00:00;0.575;;
461101;unknown;control;2024-02-25 01:15:00+00:00;0.057;;
461101;unknown;control;2024-02-25 01:30:00+00:00;0.057;;
461101;unknown;control;2024-02-25 01:45:00+00:00;0.386;;
461101;unknown;control;2024-02-25 02:00:00+00:00;0.864;;
461101;unknown;control;2024-02-25 02:15:00+00:00;0.338;;
461101;unknown;control;2024-02-25 02:30:00+00:00;0.855;;
461101;unknown;control;2024-02-25 02:45:00+00:00;0.907;;
461101;unknown;control;2024-02-25 03:00:00+00:00;0.829;;
461101;unknown;control;2024-02-25 03:15:00+00:00;0.078;;
461101;unknown;control;2024-02-25 03:30:00+00:00;0.053;;
461101;unknown;control;2024-02-25 03:45:00+00:00;0.034;;
461101;unknown;control;2024-02-25 04:00:00+00:00;0.378;;
461101;unknown;control;2024-02-25 04:15:00+00:00;0.596;;
461101;unknown;control;2024-02-25 04:30:00+00:00;0.582;;
461101;unknown;control;2024-02-25 04:45:00+00:00;0.887;;
461101;unknown;control;2024-02-25 05:00:00+00:00;0.903;;
461101;unknown;control;2024-02-25 05:15:00+00:00;0.865;;
461101;unknown;control;2024-02-25 05:30:00+00:00;0.063;;
461101;unknown;control;2024-02-25 05:45:00+00:00;0.06;;
461101;unknown;control;2024-02-25 06:00:00+00:00;0.037;;
461101;unknown;control;2024-02-25 06:15:00+00:00;0.322;;
461101;unknown;control;2024-02-25 06:30:00+00:00;0.092;;
461101;unknown;control;2024-02-25 06:45:00+00:00;0.82;;
461101;unknown;control;2024-02-25 07:00:00+00:00;0.622;;
461101;unknown;control;2024-02-25 07:15:00+00:00;0.655;;
461101;unknown;control;2024-02-25 07:30:00+00:00;0.562;;
461101;unknown;control;2024-02-25 07:45:00+00:00;0.467;;
461101;unknown;control;2024-02-25 08:00:00+00:00;0.312;;
461101;unknown;control;2024-02-25 08:15:00+00:00;0.301;;
461101;unknown;control;2024-02-25 08:30:00+00:00;0.124;;
461101;unknown;control;2024-02-25 08:45:00+00:00;0.251;;
461101;unknown;control;2024-02-25 09:00:00+00:00;0.0;;
461101;unknown;control;2024-02-25 09:15:00+00:00;0.001;;
461101;unknown;control;2024-02-25 09:30:00+00:00;0.005;;
461101;unknown;control;2024-02-25 09:45:00+00:00;0.0;;
461101;unknown;control;2024-02-25 10:00:00+00:00;0.0;;
461101;unknown;control;2024-02-25 10:15:00+00:00;0.0;;
461101;unknown;control;2024-02-25 10:30:00+00:00;0.0;;
461101;unknown;control;2024-02-25 10:45:00+00:00;0.0;;
461101;unknown;control;2024-02-25 11:00:00+00:00;0.0;;
461101;unknown;control;2024-02-25 11:15:00+00:00;0.0;;
461101;unknown;control;2024-02-25 11:30:00+00:00;0.0;;
461101;unknown;control;2024-02-25 11:45:00+00:00;0.006;;
461101;unknown;control;2024-02-25 12:00:00+00:00;0.001;;
461101;unknown;control;2024-02-25 12:15:00+00:00;0.0;;
461101;unknown;control;2024-02-25 12:30:00+00:00;0.001;;
461101;unknown;control;2024-02-25 12:45:00+00:00;0.0;;
461101;unknown;control;2024-02-25 13:00:00+00:00;0.0;;
461101;unknown;control;2024-02-25 13:15:00+00:00;0.0;;
461101;unknown;control;2024-02-25 13:30:00+00:00;0.0;;
461101;unknown;control;2024-02-25 13:45:00+00:00;0.0;;
461101;unknown;control;2024-02-25 14:00:00+00:00;0.003;;
461101;unknown;control;2024-02-25 14:15:00+00:00;0.001;;
461101;unknown;control;2024-02-25 14:30:00+00:00;0.036;;
461101;unknown;control;2024-02-25 14:45:00+00:00;0.045;;
461101;unknown;control;2024-02-25 15:00:00+00:00;0.185;;
461101;unknown;control;2024-02-25 15:15:00+00:00;0.044;;
461101;unknown;control;2024-02-25 15:30:00+00:00;0.0;;
461101;unknown;control;2024-02-25 15:45:00+00:00;0.0;;
461101;unknown;control;2024-02-25 16:00:00+00:00;0.488;;
461101;unknown;control;2024-02-25 16:15:00+00:00;0.912;;
461101;unknown;control;2024-02-25 16:30:00+00:00;0.286;;
461101;unknown;control;2024-02-25 16:45:00+00:00;0.003;;
461101;unknown;control;2024-02-25 17:00:00+00:00;0.003;;
461101;unknown;control;2024-02-25 17:15:00+00:00;0.187;;
461101;unknown;control;2024-02-25 17:30:00+00:00;0.356;;
461101;unknown;control;2024-02-25 17:45:00+00:00;0.343;;
461101;unknown;control;2024-02-25 18:00:00+00:00;0.566;;
461101;unknown;control;2024-02-25 18:15:00+00:00;0.867;;
461101;unknown;control;2024-02-25 18:30:00+00:00;0.295;;
461101;unknown;control;2024-02-25 18:45:00+00:00;0.137;;
461101;unknown;control;2024-02-25 19:00:00+00:00;0.005;;
461101;unknown;control;2024-02-25 19:15:00+00:00;0.005;;
461101;unknown;control;2024-02-25 19:30:00+00:00;0.22;;
461101;unknown;control;2024-02-25 19:45:00+00:00;0.834;;
461101;unknown;control;2024-02-25 20:00:00+00:00;0.572;;
461101;unknown;control;2024-02-25 20:15:00+00:00;1.325;;
461101;unknown;control;2024-02-25 20:30:00+00:00;0.528;;
461101;unknown;control;2024-02-25 20:45:00+00:00;0.177;;
461101;unknown;control;2024-02-25 21:00:00+00:00;0.358;;
461101;unknown;control;2024-02-25 21:15:00+00:00;0.086;;
461101;unknown;control;2024-02-25 21:30:00+00:00;0.083;;
461101;unknown;control;2024-02-25 21:45:00+00:00;0.628;;
461101;unknown;control;2024-02-25 22:00:00+00:00;0.797;;
461101;unknown;control;2024-02-25 22:15:00+00:00;0.109;;
461101;unknown;control;2024-02-25 22:30:00+00:00;0.055;;
461101;unknown;control;2024-02-25 22:45:00+00:00;0.426;;
461101;unknown;control;2024-02-25 23:00:00+00:00;0.858;;
461101;unknown;control;2024-02-25 23:15:00+00:00;0.741;;
461101;unknown;control;2024-02-25 23:30:00+00:00;0.063;;
461101;unknown;control;2024-02-25 23:45:00+00:00;0.054;;
461101;unknown;control;2024-02-26 00:00:00+00:00;0.035;;
461101;unknown;control;2024-02-26 00:15:00+00:00;0.349;;
461101;unknown;control;2024-02-26 00:30:00+00:00;0.535;;
461101;unknown;control;2024-02-26 00:45:00+00:00;0.833;;
461101;unknown;control;2024-02-26 01:00:00+00:00;0.725;;
461101;unknown;control;2024-02-26 01:15:00+00:00;0.061;;
461101;unknown;control;2024-02-26 01:30:00+00:00;0.061;;
461101;unknown;control;2024-02-26 01:45:00+00:00;0.038;;
461101;unknown;control;2024-02-26 02:00:00+00:00;0.335;;
461101;unknown;control;2024-02-26 02:15:00+00:00;0.628;;
461101;unknown;control;2024-02-26 02:30:00+00:00;0.523;;
461101;unknown;control;2024-02-26 02:45:00+00:00;0.877;;
461101;unknown;control;2024-02-26 03:00:00+00:00;0.334;;
461101;unknown;control;2024-02-26 03:15:00+00:00;0.06;;
461101;unknown;control;2024-02-26 03:30:00+00:00;0.049;;
461101;unknown;control;2024-02-26 03:45:00+00:00;0.039;;
461101;unknown;control;2024-02-26 04:00:00+00:00;0.169;;
461101;unknown;control;2024-02-26 04:15:00+00:00;0.812;;
461101;unknown;control;2024-02-26 04:30:00+00:00;0.562;;
461101;unknown;control;2024-02-26 04:45:00+00:00;0.225;;
461101;unknown;control;2024-02-26 05:00:00+00:00;0.606;;
461101;unknown;control;2024-02-26 05:15:00+00:00;0.891;;
461101;unknown;control;2024-02-26 05:30:00+00:00;0.923;;
461101;unknown;control;2024-02-26 05:45:00+00:00;0.161;;
461101;unknown;control;2024-02-26 06:00:00+00:00;0.609;;
461101;unknown;control;2024-02-26 06:15:00+00:00;0.385;;
461101;unknown;control;2024-02-26 06:30:00+00:00;0.273;;
461101;unknown;control;2024-02-26 06:45:00+00:00;0.721;;
461101;unknown;control;2024-02-26 07:00:00+00:00;0.584;;
461101;unknown;control;2024-02-26 07:15:00+00:00;1.023;;
461101;unknown;control;2024-02-26 07:30:00+00:00;0.215;;
461101;unknown;control;2024-02-26 07:45:00+00:00;0.679;;
461101;unknown;control;2024-02-26 08:00:00+00:00;0.435;;
461101;unknown;control;2024-02-26 08:15:00+00:00;0.011;;
461101;unknown;control;2024-02-26 08:30:00+00:00;0.0;;
461101;unknown;control;2024-02-26 08:45:00+00:00;0.0;;
461101;unknown;control;2024-02-26 09:00:00+00:00;0.002;;
461101;unknown;control;2024-02-26 09:15:00+00:00;0.001;;
461101;unknown;control;2024-02-26 09:30:00+00:00;0.022;;
461101;unknown;control;2024-02-26 09:45:00+00:00;0.0;;
461101;unknown;control;2024-02-26 10:00:00+00:00;0.0;;
461101;unknown;control;2024-02-26 10:15:00+00:00;0.0;;
461101;unknown;control;2024-02-26 10:30:00+00:00;0.0;;
461101;unknown;control;2024-02-26 10:45:00+00:00;0.0;;
461101;unknown;control;2024-02-26 11:00:00+00:00;0.001;;
461101;unknown;control;2024-02-26 11:15:00+00:00;0.002;;
461101;unknown;control;2024-02-26 11:30:00+00:00;0.099;;
461101;unknown;control;2024-02-26 11:45:00+00:00;0.0;;
461101;unknown;control;2024-02-26 12:00:00+00:00;0.0;;
461101;unknown;control;2024-02-26 12:15:00+00:00;0.0;;
461101;unknown;control;2024-02-26 12:30:00+00:00;0.0;;
461101;unknown;control;2024-02-26 12:45:00+00:00;0.0;;
461101;unknown;control;2024-02-26 13:00:00+00:00;0.053;;
461101;unknown;control;2024-02-26 13:15:00+00:00;0.034;;
461101;unknown;control;2024-02-26 13:30:00+00:00;0.049;;
461101;unknown;control;2024-02-26 13:45:00+00:00;0.014;;
461101;unknown;control;2024-02-26 14:00:00+00:00;0.0;;
461101;unknown;control;2024-02-26 14:15:00+00:00;0.0;;
461101;unknown;control;2024-02-26 14:30:00+00:00;0.159;;
461101;unknown;control;2024-02-26 14:45:00+00:00;0.497;;
461101;unknown;control;2024-02-26 15:00:00+00:00;0.314;;
461101;unknown;control;2024-02-26 15:15:00+00:00;0.0;;
461101;unknown;control;2024-02-26 15:30:00+00:00;0.167;;
461101;unknown;control;2024-02-26 15:45:00+00:00;0.442;;
461101;unknown;control;2024-02-26 16:00:00+00:00;0.02;;
461101;unknown;control;2024-02-26 16:15:00+00:00;0.055;;
461101;unknown;control;2024-02-26 16:30:00+00:00;0.018;;
461101;unknown;control;2024-02-26 16:45:00+00:00;0.002;;
461101;unknown;control;2024-02-26 17:00:00+00:00;0.003;;
461101;unknown;control;2024-02-26 17:15:00+00:00;0.003;;
461101;unknown;control;2024-02-26 17:30:00+00:00;0.117;;
461101;unknown;control;2024-02-26 17:45:00+00:00;0.658;;
461101;unknown;control;2024-02-26 18:00:00+00:00;0.518;;
461101;unknown;control;2024-02-26 18:15:00+00:00;1.146;;
461101;unknown;control;2024-02-26 18:30:00+00:00;1.012;;
461101;unknown;control;2024-02-26 18:45:00+00:00;0.978;;
461101;unknown;control;2024-02-26 19:00:00+00:00;0.257;;
461101;unknown;control;2024-02-26 19:15:00+00:00;0.282;;
461101;unknown;control;2024-02-26 19:30:00+00:00;0.16;;
461101;unknown;control;2024-02-26 19:45:00+00:00;0.157;;
461101;unknown;control;2024-02-26 20:00:00+00:00;0.648;;
461101;unknown;control;2024-02-26 20:15:00+00:00;0.411;;
461101;unknown;control;2024-02-26 20:30:00+00:00;0.95;;
461101;unknown;control;2024-02-26 20:45:00+00:00;1.515;;
461101;unknown;control;2024-02-26 21:00:00+00:00;1.348;;
461101;unknown;control;2024-02-26 21:15:00+00:00;1.172;;
461101;unknown;control;2024-02-26 21:30:00+00:00;1.298;;
461101;unknown;control;2024-02-26 21:45:00+00:00;1.368;;
461101;unknown;control;2024-02-26 22:00:00+00:00;1.718;;
461101;unknown;control;2024-02-26 22:15:00+00:00;1.262;;
461101;unknown;control;2024-02-26 22:30:00+00:00;1.319;;
461101;unknown;control;2024-02-26 22:45:00+00:00;0.945;;
461101;unknown;control;2024-02-26 23:00:00+00:00;1.17;;
461101;unknown;control;2024-02-26 23:15:00+00:00;1.626;;
461101;unknown;control;2024-02-26 23:30:00+00:00;1.373;;
461101;unknown;control;2024-02-26 23:45:00+00:00;0.787;;
461101;unknown;control;2024-02-27 00:00:00+00:00;0.296;;
461101;unknown;control;2024-02-27 00:15:00+00:00;0.54;;
461101;unknown;control;2024-02-27 00:30:00+00:00;0.267;;
461101;unknown;control;2024-02-27 00:45:00+00:00;0.862;;
461101;unknown;control;2024-02-27 01:00:00+00:00;0.879;;
461101;unknown;control;2024-02-27 01:15:00+00:00;0.208;;
461101;unknown;control;2024-02-27 01:30:00+00:00;0.05;;
461101;unknown;control;2024-02-27 01:45:00+00:00;0.034;;
461101;unknown;control;2024-02-27 02:00:00+00:00;0.035;;
461101;unknown;control;2024-02-27 02:15:00+00:00;0.233;;
461101;unknown;control;2024-02-27 02:30:00+00:00;0.209;;
461101;unknown;control;2024-02-27 02:45:00+00:00;0.76;;
461101;unknown;control;2024-02-27 03:00:00+00:00;0.681;;
461101;unknown;control;2024-02-27 03:15:00+00:00;0.876;;
461101;unknown;control;2024-02-27 03:30:00+00:00;0.776;;
461101;unknown;control;2024-02-27 03:45:00+00:00;0.057;;
461101;unknown;control;2024-02-27 04:00:00+00:00;0.058;;
461101;unknown;control;2024-02-27 04:15:00+00:00;0.035;;
461101;unknown;control;2024-02-27 04:30:00+00:00;0.307;;
461101;unknown;control;2024-02-27 04:45:00+00:00;0.481;;
461101;unknown;control;2024-02-27 05:00:00+00:00;0.934;;
461101;unknown;control;2024-02-27 05:15:00+00:00;0.859;;
461101;unknown;control;2024-02-27 05:30:00+00:00;0.328;;
461101;unknown;control;2024-02-27 05:45:00+00:00;0.182;;
461101;unknown;control;2024-02-27 06:00:00+00:00;0.078;;
461101;unknown;control;2024-02-27 06:15:00+00:00;0.852;;
461101;unknown;control;2024-02-27 06:30:00+00:00;0.824;;
461101;unknown;control;2024-02-27 06:45:00+00:00;0.247;;
461101;unknown;control;2024-02-27 07:00:00+00:00;0.78;;
461101;unknown;control;2024-02-27 07:15:00+00:00;0.413;;
461101;unknown;control;2024-02-27 07:30:00+00:00;0.0;;
461101;unknown;control;2024-02-27 07:45:00+00:00;0.007;;
461101;unknown;control;2024-02-27 08:00:00+00:00;0.0;;
461101;unknown;control;2024-02-27 08:15:00+00:00;0.0;;
461101;unknown;control;2024-02-27 08:30:00+00:00;0.039;;
461101;unknown;control;2024-02-27 08:45:00+00:00;0.159;;
461101;unknown;control;2024-02-27 09:00:00+00:00;0.053;;
461101;unknown;control;2024-02-27 09:15:00+00:00;0.003;;
461101;unknown;control;2024-02-27 09:30:00+00:00;0.002;;
461101;unknown;control;2024-02-27 09:45:00+00:00;0.195;;
461101;unknown;control;2024-02-27 10:00:00+00:00;0.007;;
461101;unknown;control;2024-02-27 10:15:00+00:00;0.0;;
461101;unknown;control;2024-02-27 10:30:00+00:00;0.0;;
461101;unknown;control;2024-02-27 10:45:00+00:00;0.0;;
461101;unknown;control;2024-02-27 11:00:00+00:00;0.066;;
461101;unknown;control;2024-02-27 11:15:00+00:00;0.039;;
461101;unknown;control;2024-02-27 11:30:00+00:00;0.299;;
461101;unknown;control;2024-02-27 11:45:00+00:00;0.044;;
461101;unknown;control;2024-02-27 12:00:00+00:00;0.004;;
461101;unknown;control;2024-02-27 12:15:00+00:00;0.029;;
461101;unknown;control;2024-02-27 12:30:00+00:00;0.0;;
461101;unknown;control;2024-02-27 12:45:00+00:00;0.001;;
461101;unknown;control;2024-02-27 13:00:00+00:00;0.039;;
461101;unknown;control;2024-02-27 13:15:00+00:00;0.033;;
461101;unknown;control;2024-02-27 13:30:00+00:00;0.05;;
461101;unknown;control;2024-02-27 13:45:00+00:00;0.007;;
461101;unknown;control;2024-02-27 14:00:00+00:00;0.012;;
461101;unknown;control;2024-02-27 14:15:00+00:00;0.251;;
461101;unknown;control;2024-02-27 14:30:00+00:00;1.039;;
461101;unknown;control;2024-02-27 14:45:00+00:00;1.473;;
461101;unknown;control;2024-02-27 15:00:00+00:00;0.863;;
461101;unknown;control;2024-02-27 15:15:00+00:00;0.604;;
461101;unknown;control;2024-02-27 15:30:00+00:00;0.337;;
461101;unknown;control;2024-02-27 15:45:00+00:00;0.279;;
461101;unknown;control;2024-02-27 16:00:00+00:00;0.207;;
461101;unknown;control;2024-02-27 16:15:00+00:00;0.534;;
461101;unknown;control;2024-02-27 16:30:00+00:00;0.077;;
461101;unknown;control;2024-02-27 16:45:00+00:00;0.105;;
461101;unknown;control;2024-02-27 17:00:00+00:00;0.36;;
461101;unknown;control;2024-02-27 17:15:00+00:00;0.352;;
461101;unknown;control;2024-02-27 17:30:00+00:00;0.42;;
461101;unknown;control;2024-02-27 17:45:00+00:00;0.963;;
461101;unknown;control;2024-02-27 18:00:00+00:00;0.657;;
461101;unknown;control;2024-02-27 18:15:00+00:00;0.713;;
461101;unknown;control;2024-02-27 18:30:00+00:00;0.91;;
461101;unknown;control;2024-02-27 18:45:00+00:00;1.029;;
461101;unknown;control;2024-02-27 19:00:00+00:00;0.261;;
461101;unknown;control;2024-02-27 19:15:00+00:00;0.145;;
461101;unknown;control;2024-02-27 19:30:00+00:00;0.64;;
461101;unknown;control;2024-02-27 19:45:00+00:00;0.638;;
461101;unknown;control;2024-02-27 20:00:00+00:00;0.675;;
461101;unknown;control;2024-02-27 20:15:00+00:00;0.755;;
461101;unknown;control;2024-02-27 20:30:00+00:00;1.136;;
461101;unknown;control;2024-02-27 20:45:00+00:00;0.977;;
461101;unknown;control;2024-02-27 21:00:00+00:00;0.498;;
461101;unknown;control;2024-02-27 21:15:00+00:00;0.085;;
461101;unknown;control;2024-02-27 21:30:00+00:00;0.061;;
461101;unknown;control;2024-02-27 21:45:00+00:00;0.051;;
461101;unknown;control;2024-02-27 22:00:00+00:00;0.399;;
461101;unknown;control;2024-02-27 22:15:00+00:00;0.192;;
461101;unknown;control;2024-02-27 22:30:00+00:00;0.86;;
461101;unknown;control;2024-02-27 22:45:00+00:00;0.884;;
461101;unknown;control;2024-02-27 23:00:00+00:00;0.54;;
461101;unknown;control;2024-02-27 23:15:00+00:00;0.057;;
461101;unknown;control;2024-02-27 23:30:00+00:00;0.06;;
461101;unknown;control;2024-02-27 23:45:00+00:00;0.049;;
