Household_ID;AffectsTimePoint;Group;Timestamp;kWh_received_Total;kWh_received_HeatPump;kWh_received_Other
654611;unknown;control;2021-02-07 00:00:00+00:00;0.304;;
654611;unknown;control;2021-02-07 00:15:00+00:00;0.386;;
654611;unknown;control;2021-02-07 00:30:00+00:00;0.361;;
654611;unknown;control;2021-02-07 00:45:00+00:00;0.231;;
654611;unknown;control;2021-02-07 01:00:00+00:00;0.279;;
654611;unknown;control;2021-02-07 01:15:00+00:00;0.266;;
654611;unknown;control;2021-02-07 01:30:00+00:00;0.291;;
654611;unknown;control;2021-02-07 01:45:00+00:00;0.268;;
654611;unknown;control;2021-02-07 02:00:00+00:00;0.302;;
654611;unknown;control;2021-02-07 02:15:00+00:00;0.396;;
654611;unknown;control;2021-02-07 02:30:00+00:00;0.289;;
654611;unknown;control;2021-02-07 02:45:00+00:00;0.207;;
654611;unknown;control;2021-02-07 03:00:00+00:00;0.282;;
654611;unknown;control;2021-02-07 03:15:00+00:00;0.459;;
654611;unknown;control;2021-02-07 03:30:00+00:00;0.292;;
654611;unknown;control;2021-02-07 03:45:00+00:00;0.334;;
654611;unknown;control;2021-02-07 04:00:00+00:00;0.349;;
654611;unknown;control;2021-02-07 04:15:00+00:00;0.393;;
654611;unknown;control;2021-02-07 04:30:00+00:00;0.233;;
654611;unknown;control;2021-02-07 04:45:00+00:00;0.399;;
654611;unknown;control;2021-02-07 05:00:00+00:00;0.265;;
654611;unknown;control;2021-02-07 05:15:00+00:00;0.427;;
654611;unknown;control;2021-02-07 05:30:00+00:00;0.284;;
654611;unknown;control;2021-02-07 05:45:00+00:00;0.267;;
654611;unknown;control;2021-02-07 06:00:00+00:00;0.243;;
654611;unknown;control;2021-02-07 06:15:00+00:00;0.224;;
654611;unknown;control;2021-02-07 06:30:00+00:00;0.244;;
654611;unknown;control;2021-02-07 06:45:00+00:00;0.228;;
654611;unknown;control;2021-02-07 07:00:00+00:00;0.329;;
654611;unknown;control;2021-02-07 07:15:00+00:00;0.274;;
654611;unknown;control;2021-02-07 07:30:00+00:00;0.25;;
654611;unknown;control;2021-02-07 07:45:00+00:00;0.323;;
654611;unknown;control;2021-02-07 08:00:00+00:00;0.571;;
654611;unknown;control;2021-02-07 08:15:00+00:00;0.117;;
654611;unknown;control;2021-02-07 08:30:00+00:00;0.093;;
654611;unknown;control;2021-02-07 08:45:00+00:00;0.346;;
654611;unknown;control;2021-02-07 09:00:00+00:00;0.147;;
654611;unknown;control;2021-02-07 09:15:00+00:00;0.136;;
654611;unknown;control;2021-02-07 09:30:00+00:00;0.124;;
654611;unknown;control;2021-02-07 09:45:00+00:00;0.241;;
654611;unknown;control;2021-02-07 10:00:00+00:00;0.207;;
654611;unknown;control;2021-02-07 10:15:00+00:00;0.149;;
654611;unknown;control;2021-02-07 10:30:00+00:00;0.082;;
654611;unknown;control;2021-02-07 10:45:00+00:00;0.282;;
654611;unknown;control;2021-02-07 11:00:00+00:00;0.083;;
654611;unknown;control;2021-02-07 11:15:00+00:00;0.194;;
654611;unknown;control;2021-02-07 11:30:00+00:00;0.049;;
654611;unknown;control;2021-02-07 11:45:00+00:00;0.074;;
654611;unknown;control;2021-02-07 12:00:00+00:00;0.086;;
654611;unknown;control;2021-02-07 12:15:00+00:00;0.188;;
654611;unknown;control;2021-02-07 12:30:00+00:00;0.119;;
654611;unknown;control;2021-02-07 12:45:00+00:00;0.334;;
654611;unknown;control;2021-02-07 13:00:00+00:00;0.187;;
654611;unknown;control;2021-02-07 13:15:00+00:00;0.522;;
654611;unknown;control;2021-02-07 13:30:00+00:00;0.675;;
654611;unknown;control;2021-02-07 13:45:00+00:00;0.408;;
654611;unknown;control;2021-02-07 14:00:00+00:00;0.866;;
654611;unknown;control;2021-02-07 14:15:00+00:00;0.628;;
654611;unknown;control;2021-02-07 14:30:00+00:00;0.674;;
654611;unknown;control;2021-02-07 14:45:00+00:00;0.482;;
654611;unknown;control;2021-02-07 15:00:00+00:00;0.511;;
654611;unknown;control;2021-02-07 15:15:00+00:00;0.352;;
654611;unknown;control;2021-02-07 15:30:00+00:00;0.418;;
654611;unknown;control;2021-02-07 15:45:00+00:00;0.488;;
654611;unknown;control;2021-02-07 16:00:00+00:00;0.506;;
654611;unknown;control;2021-02-07 16:15:00+00:00;0.821;;
654611;unknown;control;2021-02-07 16:30:00+00:00;0.755;;
654611;unknown;control;2021-02-07 16:45:00+00:00;0.549;;
654611;unknown;control;2021-02-07 17:00:00+00:00;0.657;;
654611;unknown;control;2021-02-07 17:15:00+00:00;0.892;;
654611;unknown;control;2021-02-07 17:30:00+00:00;1.426;;
654611;unknown;control;2021-02-07 17:45:00+00:00;0.769;;
654611;unknown;control;2021-02-07 18:00:00+00:00;0.429;;
654611;unknown;control;2021-02-07 18:15:00+00:00;0.482;;
654611;unknown;control;2021-02-07 18:30:00+00:00;0.843;;
654611;unknown;control;2021-02-07 18:45:00+00:00;0.532;;
654611;unknown;control;2021-02-07 19:00:00+00:00;0.66;;
654611;unknown;control;2021-02-07 19:15:00+00:00;0.619;;
654611;unknown;control;2021-02-07 19:30:00+00:00;0.48;;
654611;unknown;control;2021-02-07 19:45:00+00:00;0.431;;
654611;unknown;control;2021-02-07 20:00:00+00:00;0.363;;
654611;unknown;control;2021-02-07 20:15:00+00:00;0.405;;
654611;unknown;control;2021-02-07 20:30:00+00:00;0.636;;
654611;unknown;control;2021-02-07 20:45:00+00:00;0.566;;
654611;unknown;control;2021-02-07 21:00:00+00:00;0.626;;
654611;unknown;control;2021-02-07 21:15:00+00:00;0.56;;
654611;unknown;control;2021-02-07 21:30:00+00:00;0.322;;
654611;unknown;control;2021-02-07 21:45:00+00:00;0.398;;
654611;unknown;control;2021-02-07 22:00:00+00:00;0.355;;
654611;unknown;control;2021-02-07 22:15:00+00:00;0.406;;
654611;unknown;control;2021-02-07 22:30:00+00:00;0.312;;
654611;unknown;control;2021-02-07 22:45:00+00:00;0.412;;
654611;unknown;control;2021-02-07 23:00:00+00:00;0.277;;
654611;unknown;control;2021-02-07 23:15:00+00:00;0.383;;
654611;unknown;control;2021-02-07 23:30:00+00:00;0.323;;
654611;unknown;control;2021-02-07 23:45:00+00:00;0.284;;
654611;unknown;control;2021-02-09 00:00:00+00:00;0.419;;
654611;unknown;control;2021-02-09 00:15:00+00:00;0.409;;
654611;unknown;control;2021-02-09 00:30:00+00:00;0.415;;
654611;unknown;control;2021-02-09 00:45:00+00:00;0.45;;
654611;unknown;control;2021-02-09 01:00:00+00:00;0.49;;
654611;unknown;control;2021-02-09 01:15:00+00:00;0.45;;
654611;unknown;control;2021-02-09 01:30:00+00:00;0.394;;
654611;unknown;control;2021-02-09 01:45:00+00:00;0.407;;
654611;unknown;control;2021-02-09 02:00:00+00:00;0.378;;
654611;unknown;control;2021-02-09 02:15:00+00:00;0.373;;
654611;unknown;control;2021-02-09 02:30:00+00:00;0.398;;
654611;unknown;control;2021-02-09 02:45:00+00:00;0.322;;
654611;unknown;control;2021-02-09 03:00:00+00:00;0.521;;
654611;unknown;control;2021-02-09 03:15:00+00:00;0.467;;
654611;unknown;control;2021-02-09 03:30:00+00:00;0.509;;
654611;unknown;control;2021-02-09 03:45:00+00:00;0.5;;
654611;unknown;control;2021-02-09 04:00:00+00:00;0.491;;
654611;unknown;control;2021-02-09 04:15:00+00:00;0.518;;
654611;unknown;control;2021-02-09 04:30:00+00:00;0.559;;
654611;unknown;control;2021-02-09 04:45:00+00:00;0.575;;
654611;unknown;control;2021-02-09 05:00:00+00:00;1.11;;
654611;unknown;control;2021-02-09 05:15:00+00:00;0.375;;
654611;unknown;control;2021-02-09 05:30:00+00:00;0.346;;
654611;unknown;control;2021-02-09 05:45:00+00:00;0.575;;
654611;unknown;control;2021-02-09 06:00:00+00:00;0.163;;
654611;unknown;control;2021-02-09 06:15:00+00:00;0.094;;
654611;unknown;control;2021-02-09 06:30:00+00:00;0.078;;
654611;unknown;control;2021-02-09 06:45:00+00:00;0.07;;
654611;unknown;control;2021-02-09 07:00:00+00:00;0.082;;
654611;unknown;control;2021-02-09 07:15:00+00:00;0.086;;
654611;unknown;control;2021-02-09 07:30:00+00:00;0.088;;
654611;unknown;control;2021-02-09 07:45:00+00:00;0.096;;
654611;unknown;control;2021-02-09 08:00:00+00:00;0.082;;
654611;unknown;control;2021-02-09 08:15:00+00:00;0.079;;
654611;unknown;control;2021-02-09 08:30:00+00:00;0.097;;
654611;unknown;control;2021-02-09 08:45:00+00:00;0.1;;
654611;unknown;control;2021-02-09 09:00:00+00:00;0.086;;
654611;unknown;control;2021-02-09 09:15:00+00:00;0.084;;
654611;unknown;control;2021-02-09 09:30:00+00:00;0.083;;
654611;unknown;control;2021-02-09 09:45:00+00:00;0.104;;
654611;unknown;control;2021-02-09 10:00:00+00:00;0.065;;
654611;unknown;control;2021-02-09 10:15:00+00:00;0.058;;
654611;unknown;control;2021-02-09 10:30:00+00:00;0.07;;
654611;unknown;control;2021-02-09 10:45:00+00:00;0.125;;
654611;unknown;control;2021-02-09 11:00:00+00:00;0.143;;
654611;unknown;control;2021-02-09 11:15:00+00:00;0.068;;
654611;unknown;control;2021-02-09 11:30:00+00:00;0.092;;
654611;unknown;control;2021-02-09 11:45:00+00:00;0.041;;
654611;unknown;control;2021-02-09 12:00:00+00:00;0.044;;
654611;unknown;control;2021-02-09 12:15:00+00:00;0.146;;
654611;unknown;control;2021-02-09 12:30:00+00:00;0.042;;
654611;unknown;control;2021-02-09 12:45:00+00:00;0.061;;
654611;unknown;control;2021-02-09 13:00:00+00:00;0.064;;
654611;unknown;control;2021-02-09 13:15:00+00:00;0.061;;
654611;unknown;control;2021-02-09 13:30:00+00:00;0.062;;
654611;unknown;control;2021-02-09 13:45:00+00:00;0.047;;
654611;unknown;control;2021-02-09 14:00:00+00:00;0.771;;
654611;unknown;control;2021-02-09 14:15:00+00:00;0.543;;
654611;unknown;control;2021-02-09 14:30:00+00:00;0.43;;
654611;unknown;control;2021-02-09 14:45:00+00:00;0.361;;
654611;unknown;control;2021-02-09 15:00:00+00:00;0.596;;
654611;unknown;control;2021-02-09 15:15:00+00:00;0.336;;
654611;unknown;control;2021-02-09 15:30:00+00:00;0.329;;
654611;unknown;control;2021-02-09 15:45:00+00:00;0.329;;
654611;unknown;control;2021-02-09 16:00:00+00:00;0.447;;
654611;unknown;control;2021-02-09 16:15:00+00:00;0.305;;
654611;unknown;control;2021-02-09 16:30:00+00:00;0.325;;
654611;unknown;control;2021-02-09 16:45:00+00:00;0.348;;
654611;unknown;control;2021-02-09 17:00:00+00:00;0.444;;
654611;unknown;control;2021-02-09 17:15:00+00:00;0.396;;
654611;unknown;control;2021-02-09 17:30:00+00:00;0.347;;
654611;unknown;control;2021-02-09 17:45:00+00:00;0.34;;
654611;unknown;control;2021-02-09 18:00:00+00:00;0.306;;
654611;unknown;control;2021-02-09 18:15:00+00:00;0.48;;
654611;unknown;control;2021-02-09 18:30:00+00:00;0.483;;
654611;unknown;control;2021-02-09 18:45:00+00:00;0.238;;
654611;unknown;control;2021-02-09 19:00:00+00:00;0.579;;
654611;unknown;control;2021-02-09 19:15:00+00:00;0.615;;
654611;unknown;control;2021-02-09 19:30:00+00:00;0.518;;
654611;unknown;control;2021-02-09 19:45:00+00:00;0.536;;
654611;unknown;control;2021-02-09 20:00:00+00:00;0.549;;
654611;unknown;control;2021-02-09 20:15:00+00:00;0.537;;
654611;unknown;control;2021-02-09 20:30:00+00:00;0.532;;
654611;unknown;control;2021-02-09 20:45:00+00:00;0.423;;
654611;unknown;control;2021-02-09 21:00:00+00:00;0.613;;
654611;unknown;control;2021-02-09 21:15:00+00:00;0.605;;
654611;unknown;control;2021-02-09 21:30:00+00:00;0.547;;
654611;unknown;control;2021-02-09 21:45:00+00:00;0.486;;
654611;unknown;control;2021-02-09 22:00:00+00:00;0.46;;
654611;unknown;control;2021-02-09 22:15:00+00:00;0.45;;
654611;unknown;control;2021-02-09 22:30:00+00:00;0.468;;
654611;unknown;control;2021-02-09 22:45:00+00:00;0.468;;
654611;unknown;control;2021-02-09 23:00:00+00:00;0.403;;
654611;unknown;control;2021-02-09 23:15:00+00:00;0.467;;
654611;unknown;control;2021-02-09 23:30:00+00:00;0.478;;
654611;unknown;control;2021-02-09 23:45:00+00:00;0.441;;
654611;unknown;control;2021-02-10 00:00:00+00:00;0.414;;
654611;unknown;control;2021-02-10 00:15:00+00:00;0.428;;
654611;unknown;control;2021-02-10 00:30:00+00:00;0.454;;
654611;unknown;control;2021-02-10 00:45:00+00:00;0.43;;
654611;unknown;control;2021-02-10 01:00:00+00:00;0.3;;
654611;unknown;control;2021-02-10 01:15:00+00:00;0.536;;
654611;unknown;control;2021-02-10 01:30:00+00:00;0.471;;
654611;unknown;control;2021-02-10 01:45:00+00:00;0.417;;
654611;unknown;control;2021-02-10 02:00:00+00:00;0.38;;
654611;unknown;control;2021-02-10 02:15:00+00:00;0.386;;
654611;unknown;control;2021-02-10 02:30:00+00:00;0.393;;
654611;unknown;control;2021-02-10 02:45:00+00:00;0.389;;
654611;unknown;control;2021-02-10 03:00:00+00:00;0.4;;
654611;unknown;control;2021-02-10 03:15:00+00:00;0.379;;
654611;unknown;control;2021-02-10 03:30:00+00:00;0.509;;
654611;unknown;control;2021-02-10 03:45:00+00:00;0.471;;
654611;unknown;control;2021-02-10 04:00:00+00:00;0.455;;
654611;unknown;control;2021-02-10 04:15:00+00:00;0.454;;
654611;unknown;control;2021-02-10 04:30:00+00:00;0.458;;
654611;unknown;control;2021-02-10 04:45:00+00:00;0.484;;
654611;unknown;control;2021-02-10 05:00:00+00:00;0.605;;
654611;unknown;control;2021-02-10 05:15:00+00:00;0.984;;
654611;unknown;control;2021-02-10 05:30:00+00:00;0.553;;
654611;unknown;control;2021-02-10 05:45:00+00:00;0.49;;
654611;unknown;control;2021-02-10 06:00:00+00:00;0.082;;
654611;unknown;control;2021-02-10 06:15:00+00:00;0.11;;
654611;unknown;control;2021-02-10 06:30:00+00:00;0.162;;
654611;unknown;control;2021-02-10 06:45:00+00:00;0.073;;
654611;unknown;control;2021-02-10 07:00:00+00:00;0.081;;
654611;unknown;control;2021-02-10 07:15:00+00:00;0.094;;
654611;unknown;control;2021-02-10 07:30:00+00:00;0.08;;
654611;unknown;control;2021-02-10 07:45:00+00:00;0.085;;
654611;unknown;control;2021-02-10 08:00:00+00:00;0.074;;
654611;unknown;control;2021-02-10 08:15:00+00:00;0.08;;
654611;unknown;control;2021-02-10 08:30:00+00:00;0.067;;
654611;unknown;control;2021-02-10 08:45:00+00:00;0.125;;
654611;unknown;control;2021-02-10 09:00:00+00:00;0.092;;
654611;unknown;control;2021-02-10 09:15:00+00:00;0.093;;
654611;unknown;control;2021-02-10 09:30:00+00:00;0.09;;
654611;unknown;control;2021-02-10 09:45:00+00:00;0.079;;
654611;unknown;control;2021-02-10 10:00:00+00:00;0.079;;
654611;unknown;control;2021-02-10 10:15:00+00:00;0.061;;
654611;unknown;control;2021-02-10 10:30:00+00:00;0.076;;
654611;unknown;control;2021-02-10 10:45:00+00:00;0.094;;
654611;unknown;control;2021-02-10 11:00:00+00:00;0.407;;
654611;unknown;control;2021-02-10 11:15:00+00:00;0.243;;
654611;unknown;control;2021-02-10 11:30:00+00:00;0.106;;
654611;unknown;control;2021-02-10 11:45:00+00:00;0.088;;
654611;unknown;control;2021-02-10 12:00:00+00:00;0.07;;
654611;unknown;control;2021-02-10 12:15:00+00:00;0.072;;
654611;unknown;control;2021-02-10 12:30:00+00:00;0.08;;
654611;unknown;control;2021-02-10 12:45:00+00:00;0.068;;
654611;unknown;control;2021-02-10 13:00:00+00:00;0.048;;
654611;unknown;control;2021-02-10 13:15:00+00:00;0.068;;
654611;unknown;control;2021-02-10 13:30:00+00:00;0.075;;
654611;unknown;control;2021-02-10 13:45:00+00:00;0.05;;
654611;unknown;control;2021-02-10 14:00:00+00:00;0.762;;
654611;unknown;control;2021-02-10 14:15:00+00:00;0.531;;
654611;unknown;control;2021-02-10 14:30:00+00:00;0.372;;
654611;unknown;control;2021-02-10 14:45:00+00:00;0.617;;
654611;unknown;control;2021-02-10 15:00:00+00:00;0.588;;
654611;unknown;control;2021-02-10 15:15:00+00:00;0.699;;
654611;unknown;control;2021-02-10 15:30:00+00:00;0.784;;
654611;unknown;control;2021-02-10 15:45:00+00:00;0.512;;
654611;unknown;control;2021-02-10 16:00:00+00:00;0.497;;
654611;unknown;control;2021-02-10 16:15:00+00:00;0.476;;
654611;unknown;control;2021-02-10 16:30:00+00:00;0.446;;
654611;unknown;control;2021-02-10 16:45:00+00:00;0.471;;
654611;unknown;control;2021-02-10 17:00:00+00:00;0.552;;
654611;unknown;control;2021-02-10 17:15:00+00:00;0.515;;
654611;unknown;control;2021-02-10 17:30:00+00:00;0.977;;
654611;unknown;control;2021-02-10 17:45:00+00:00;0.567;;
654611;unknown;control;2021-02-10 18:00:00+00:00;0.529;;
654611;unknown;control;2021-02-10 18:15:00+00:00;0.657;;
654611;unknown;control;2021-02-10 18:30:00+00:00;0.459;;
654611;unknown;control;2021-02-10 18:45:00+00:00;0.482;;
654611;unknown;control;2021-02-10 19:00:00+00:00;0.92;;
654611;unknown;control;2021-02-10 19:15:00+00:00;1.084;;
654611;unknown;control;2021-02-10 19:30:00+00:00;1.569;;
654611;unknown;control;2021-02-10 19:45:00+00:00;1.104;;
654611;unknown;control;2021-02-10 20:00:00+00:00;1.002;;
654611;unknown;control;2021-02-10 20:15:00+00:00;0.891;;
654611;unknown;control;2021-02-10 20:30:00+00:00;0.721;;
654611;unknown;control;2021-02-10 20:45:00+00:00;0.711;;
654611;unknown;control;2021-02-10 21:00:00+00:00;0.869;;
654611;unknown;control;2021-02-10 21:15:00+00:00;0.715;;
654611;unknown;control;2021-02-10 21:30:00+00:00;0.767;;
654611;unknown;control;2021-02-10 21:45:00+00:00;1.136;;
654611;unknown;control;2021-02-10 22:00:00+00:00;0.735;;
654611;unknown;control;2021-02-10 22:15:00+00:00;0.699;;
654611;unknown;control;2021-02-10 22:30:00+00:00;0.678;;
654611;unknown;control;2021-02-10 22:45:00+00:00;0.651;;
654611;unknown;control;2021-02-10 23:00:00+00:00;0.695;;
654611;unknown;control;2021-02-10 23:15:00+00:00;0.744;;
654611;unknown;control;2021-02-10 23:30:00+00:00;0.761;;
654611;unknown;control;2021-02-10 23:45:00+00:00;1.12;;
654611;unknown;control;2021-02-11 00:00:00+00:00;0.839;;
654611;unknown;control;2021-02-11 00:15:00+00:00;0.755;;
654611;unknown;control;2021-02-11 00:30:00+00:00;0.68;;
654611;unknown;control;2021-02-11 00:45:00+00:00;0.683;;
654611;unknown;control;2021-02-11 01:00:00+00:00;0.671;;
654611;unknown;control;2021-02-11 01:15:00+00:00;0.675;;
654611;unknown;control;2021-02-11 01:30:00+00:00;0.686;;
654611;unknown;control;2021-02-11 01:45:00+00:00;0.684;;
654611;unknown;control;2021-02-11 02:00:00+00:00;1.077;;
654611;unknown;control;2021-02-11 02:15:00+00:00;0.773;;
654611;unknown;control;2021-02-11 02:30:00+00:00;0.737;;
654611;unknown;control;2021-02-11 02:45:00+00:00;0.703;;
654611;unknown;control;2021-02-11 03:00:00+00:00;0.7;;
654611;unknown;control;2021-02-11 03:15:00+00:00;0.716;;
654611;unknown;control;2021-02-11 03:30:00+00:00;0.717;;
654611;unknown;control;2021-02-11 03:45:00+00:00;0.702;;
654611;unknown;control;2021-02-11 04:00:00+00:00;0.885;;
654611;unknown;control;2021-02-11 04:15:00+00:00;0.976;;
654611;unknown;control;2021-02-11 04:30:00+00:00;0.74;;
654611;unknown;control;2021-02-11 04:45:00+00:00;0.671;;
654611;unknown;control;2021-02-11 05:00:00+00:00;0.67;;
654611;unknown;control;2021-02-11 05:15:00+00:00;0.682;;
654611;unknown;control;2021-02-11 05:30:00+00:00;0.707;;
654611;unknown;control;2021-02-11 05:45:00+00:00;0.688;;
654611;unknown;control;2021-02-11 06:00:00+00:00;0.13;;
654611;unknown;control;2021-02-11 06:15:00+00:00;0.321;;
654611;unknown;control;2021-02-11 06:30:00+00:00;0.126;;
654611;unknown;control;2021-02-11 06:45:00+00:00;0.108;;
654611;unknown;control;2021-02-11 07:00:00+00:00;0.121;;
654611;unknown;control;2021-02-11 07:15:00+00:00;0.125;;
654611;unknown;control;2021-02-11 07:30:00+00:00;0.104;;
654611;unknown;control;2021-02-11 07:45:00+00:00;0.105;;
654611;unknown;control;2021-02-11 08:00:00+00:00;0.111;;
654611;unknown;control;2021-02-11 08:15:00+00:00;0.114;;
654611;unknown;control;2021-02-11 08:30:00+00:00;0.11;;
654611;unknown;control;2021-02-11 08:45:00+00:00;0.104;;
654611;unknown;control;2021-02-11 09:00:00+00:00;0.156;;
654611;unknown;control;2021-02-11 09:15:00+00:00;0.123;;
654611;unknown;control;2021-02-11 09:30:00+00:00;0.11;;
654611;unknown;control;2021-02-11 09:45:00+00:00;0.112;;
654611;unknown;control;2021-02-11 10:00:00+00:00;0.126;;
654611;unknown;control;2021-02-11 10:15:00+00:00;0.117;;
654611;unknown;control;2021-02-11 10:30:00+00:00;0.1;;
654611;unknown;control;2021-02-11 10:45:00+00:00;0.45;;
654611;unknown;control;2021-02-11 11:00:00+00:00;0.11;;
654611;unknown;control;2021-02-11 11:15:00+00:00;0.098;;
654611;unknown;control;2021-02-11 11:30:00+00:00;0.071;;
654611;unknown;control;2021-02-11 11:45:00+00:00;0.18;;
654611;unknown;control;2021-02-11 12:00:00+00:00;0.108;;
654611;unknown;control;2021-02-11 12:15:00+00:00;0.087;;
654611;unknown;control;2021-02-11 12:30:00+00:00;0.062;;
654611;unknown;control;2021-02-11 12:45:00+00:00;0.082;;
654611;unknown;control;2021-02-11 13:00:00+00:00;0.099;;
654611;unknown;control;2021-02-11 13:15:00+00:00;0.079;;
654611;unknown;control;2021-02-11 13:30:00+00:00;0.08;;
654611;unknown;control;2021-02-11 13:45:00+00:00;0.12;;
654611;unknown;control;2021-02-11 14:00:00+00:00;0.862;;
654611;unknown;control;2021-02-11 14:15:00+00:00;0.537;;
654611;unknown;control;2021-02-11 14:30:00+00:00;0.714;;
654611;unknown;control;2021-02-11 14:45:00+00:00;0.546;;
654611;unknown;control;2021-02-11 15:00:00+00:00;0.857;;
654611;unknown;control;2021-02-11 15:15:00+00:00;0.724;;
654611;unknown;control;2021-02-11 15:30:00+00:00;0.737;;
654611;unknown;control;2021-02-11 15:45:00+00:00;0.702;;
654611;unknown;control;2021-02-11 16:00:00+00:00;0.667;;
654611;unknown;control;2021-02-11 16:15:00+00:00;0.518;;
654611;unknown;control;2021-02-11 16:30:00+00:00;0.775;;
654611;unknown;control;2021-02-11 16:45:00+00:00;0.698;;
654611;unknown;control;2021-02-11 17:00:00+00:00;1.093;;
654611;unknown;control;2021-02-11 17:15:00+00:00;0.998;;
654611;unknown;control;2021-02-11 17:30:00+00:00;0.754;;
654611;unknown;control;2021-02-11 17:45:00+00:00;0.747;;
654611;unknown;control;2021-02-11 18:00:00+00:00;0.61;;
654611;unknown;control;2021-02-11 18:15:00+00:00;0.72;;
654611;unknown;control;2021-02-11 18:30:00+00:00;0.807;;
654611;unknown;control;2021-02-11 18:45:00+00:00;0.639;;
654611;unknown;control;2021-02-11 19:00:00+00:00;1.088;;
654611;unknown;control;2021-02-11 19:15:00+00:00;0.952;;
654611;unknown;control;2021-02-11 19:30:00+00:00;1.152;;
654611;unknown;control;2021-02-11 19:45:00+00:00;0.838;;
654611;unknown;control;2021-02-11 20:00:00+00:00;0.85;;
654611;unknown;control;2021-02-11 20:15:00+00:00;0.858;;
654611;unknown;control;2021-02-11 20:30:00+00:00;1.113;;
654611;unknown;control;2021-02-11 20:45:00+00:00;1.243;;
654611;unknown;control;2021-02-11 21:00:00+00:00;1.046;;
654611;unknown;control;2021-02-11 21:15:00+00:00;0.811;;
654611;unknown;control;2021-02-11 21:30:00+00:00;0.811;;
654611;unknown;control;2021-02-11 21:45:00+00:00;0.81;;
654611;unknown;control;2021-02-11 22:00:00+00:00;0.802;;
654611;unknown;control;2021-02-11 22:15:00+00:00;0.803;;
654611;unknown;control;2021-02-11 22:30:00+00:00;0.971;;
654611;unknown;control;2021-02-11 22:45:00+00:00;0.989;;
654611;unknown;control;2021-02-11 23:00:00+00:00;0.879;;
654611;unknown;control;2021-02-11 23:15:00+00:00;0.761;;
654611;unknown;control;2021-02-11 23:30:00+00:00;0.773;;
654611;unknown;control;2021-02-11 23:45:00+00:00;0.767;;
654611;unknown;control;2021-02-12 00:00:00+00:00;0.759;;
654611;unknown;control;2021-02-12 00:15:00+00:00;0.772;;
654611;unknown;control;2021-02-12 00:30:00+00:00;0.756;;
654611;unknown;control;2021-02-12 00:45:00+00:00;1.075;;
654611;unknown;control;2021-02-12 01:00:00+00:00;0.904;;
654611;unknown;control;2021-02-12 01:15:00+00:00;0.798;;
654611;unknown;control;2021-02-12 01:30:00+00:00;0.698;;
654611;unknown;control;2021-02-12 01:45:00+00:00;0.696;;
654611;unknown;control;2021-02-12 02:00:00+00:00;0.725;;
654611;unknown;control;2021-02-12 02:15:00+00:00;0.71;;
654611;unknown;control;2021-02-12 02:30:00+00:00;0.696;;
654611;unknown;control;2021-02-12 02:45:00+00:00;0.827;;
654611;unknown;control;2021-02-12 03:00:00+00:00;1.039;;
654611;unknown;control;2021-02-12 03:15:00+00:00;0.797;;
654611;unknown;control;2021-02-12 03:30:00+00:00;0.8;;
654611;unknown;control;2021-02-12 03:45:00+00:00;0.772;;
654611;unknown;control;2021-02-12 04:00:00+00:00;0.747;;
654611;unknown;control;2021-02-12 04:15:00+00:00;0.811;;
654611;unknown;control;2021-02-12 04:30:00+00:00;0.796;;
654611;unknown;control;2021-02-12 04:45:00+00:00;0.798;;
654611;unknown;control;2021-02-12 05:00:00+00:00;1.103;;
654611;unknown;control;2021-02-12 05:15:00+00:00;0.979;;
654611;unknown;control;2021-02-12 05:30:00+00:00;0.531;;
654611;unknown;control;2021-02-12 05:45:00+00:00;0.997;;
654611;unknown;control;2021-02-12 06:00:00+00:00;0.098;;
654611;unknown;control;2021-02-12 06:15:00+00:00;0.092;;
654611;unknown;control;2021-02-12 06:30:00+00:00;0.104;;
654611;unknown;control;2021-02-12 06:45:00+00:00;0.089;;
654611;unknown;control;2021-02-12 07:00:00+00:00;0.254;;
654611;unknown;control;2021-02-12 07:15:00+00:00;0.11;;
654611;unknown;control;2021-02-12 07:30:00+00:00;0.105;;
654611;unknown;control;2021-02-12 07:45:00+00:00;0.123;;
654611;unknown;control;2021-02-12 08:00:00+00:00;0.106;;
654611;unknown;control;2021-02-12 08:15:00+00:00;0.099;;
654611;unknown;control;2021-02-12 08:30:00+00:00;0.107;;
654611;unknown;control;2021-02-12 08:45:00+00:00;0.144;;
654611;unknown;control;2021-02-12 09:00:00+00:00;0.11;;
654611;unknown;control;2021-02-12 09:15:00+00:00;0.098;;
654611;unknown;control;2021-02-12 09:30:00+00:00;0.106;;
654611;unknown;control;2021-02-12 09:45:00+00:00;0.103;;
654611;unknown;control;2021-02-12 10:00:00+00:00;0.101;;
654611;unknown;control;2021-02-12 10:15:00+00:00;0.09;;
654611;unknown;control;2021-02-12 10:30:00+00:00;0.088;;
654611;unknown;control;2021-02-12 10:45:00+00:00;0.18;;
654611;unknown;control;2021-02-12 11:00:00+00:00;0.474;;
654611;unknown;control;2021-02-12 11:15:00+00:00;0.217;;
654611;unknown;control;2021-02-12 11:30:00+00:00;0.094;;
654611;unknown;control;2021-02-12 11:45:00+00:00;0.056;;
654611;unknown;control;2021-02-12 12:00:00+00:00;0.163;;
654611;unknown;control;2021-02-12 12:15:00+00:00;0.068;;
654611;unknown;control;2021-02-12 12:30:00+00:00;0.068;;
654611;unknown;control;2021-02-12 12:45:00+00:00;0.059;;
654611;unknown;control;2021-02-12 13:00:00+00:00;0.071;;
654611;unknown;control;2021-02-12 13:15:00+00:00;0.078;;
654611;unknown;control;2021-02-12 13:30:00+00:00;0.067;;
654611;unknown;control;2021-02-12 13:45:00+00:00;0.062;;
654611;unknown;control;2021-02-12 14:00:00+00:00;0.848;;
654611;unknown;control;2021-02-12 14:15:00+00:00;0.795;;
654611;unknown;control;2021-02-12 14:30:00+00:00;0.395;;
654611;unknown;control;2021-02-12 14:45:00+00:00;0.734;;
654611;unknown;control;2021-02-12 15:00:00+00:00;0.596;;
654611;unknown;control;2021-02-12 15:15:00+00:00;0.621;;
654611;unknown;control;2021-02-12 15:30:00+00:00;0.657;;
654611;unknown;control;2021-02-12 15:45:00+00:00;0.575;;
654611;unknown;control;2021-02-12 16:00:00+00:00;0.579;;
654611;unknown;control;2021-02-12 16:15:00+00:00;0.577;;
654611;unknown;control;2021-02-12 16:30:00+00:00;0.529;;
654611;unknown;control;2021-02-12 16:45:00+00:00;0.523;;
654611;unknown;control;2021-02-12 17:00:00+00:00;0.516;;
654611;unknown;control;2021-02-12 17:15:00+00:00;0.729;;
654611;unknown;control;2021-02-12 17:30:00+00:00;0.601;;
654611;unknown;control;2021-02-12 17:45:00+00:00;0.609;;
654611;unknown;control;2021-02-12 18:00:00+00:00;0.724;;
654611;unknown;control;2021-02-12 18:15:00+00:00;0.839;;
654611;unknown;control;2021-02-12 18:30:00+00:00;0.557;;
654611;unknown;control;2021-02-12 18:45:00+00:00;0.547;;
654611;unknown;control;2021-02-12 19:00:00+00:00;0.813;;
654611;unknown;control;2021-02-12 19:15:00+00:00;0.939;;
654611;unknown;control;2021-02-12 19:30:00+00:00;0.829;;
654611;unknown;control;2021-02-12 19:45:00+00:00;0.811;;
654611;unknown;control;2021-02-12 20:00:00+00:00;0.721;;
654611;unknown;control;2021-02-12 20:15:00+00:00;0.724;;
654611;unknown;control;2021-02-12 20:30:00+00:00;0.717;;
654611;unknown;control;2021-02-12 20:45:00+00:00;0.675;;
654611;unknown;control;2021-02-12 21:00:00+00:00;0.668;;
654611;unknown;control;2021-02-12 21:15:00+00:00;0.788;;
654611;unknown;control;2021-02-12 21:30:00+00:00;0.819;;
654611;unknown;control;2021-02-12 21:45:00+00:00;0.786;;
654611;unknown;control;2021-02-12 22:00:00+00:00;0.74;;
654611;unknown;control;2021-02-12 22:15:00+00:00;0.705;;
654611;unknown;control;2021-02-12 22:30:00+00:00;0.698;;
654611;unknown;control;2021-02-12 22:45:00+00:00;0.666;;
654611;unknown;control;2021-02-12 23:00:00+00:00;0.672;;
654611;unknown;control;2021-02-12 23:15:00+00:00;0.657;;
654611;unknown;control;2021-02-12 23:30:00+00:00;0.903;;
654611;unknown;control;2021-02-12 23:45:00+00:00;0.742;;
654611;unknown;control;2021-02-13 00:00:00+00:00;0.645;;
654611;unknown;control;2021-02-13 00:15:00+00:00;0.628;;
654611;unknown;control;2021-02-13 00:30:00+00:00;0.623;;
654611;unknown;control;2021-02-13 00:45:00+00:00;0.592;;
654611;unknown;control;2021-02-13 01:00:00+00:00;0.629;;
654611;unknown;control;2021-02-13 01:15:00+00:00;0.695;;
654611;unknown;control;2021-02-13 01:30:00+00:00;0.819;;
654611;unknown;control;2021-02-13 01:45:00+00:00;0.754;;
654611;unknown;control;2021-02-13 02:00:00+00:00;0.713;;
654611;unknown;control;2021-02-13 02:15:00+00:00;0.7;;
654611;unknown;control;2021-02-13 02:30:00+00:00;0.645;;
654611;unknown;control;2021-02-13 02:45:00+00:00;0.643;;
654611;unknown;control;2021-02-13 03:00:00+00:00;0.643;;
654611;unknown;control;2021-02-13 03:15:00+00:00;0.647;;
654611;unknown;control;2021-02-13 03:30:00+00:00;0.771;;
654611;unknown;control;2021-02-13 03:45:00+00:00;0.786;;
654611;unknown;control;2021-02-13 04:00:00+00:00;0.749;;
654611;unknown;control;2021-02-13 04:15:00+00:00;0.705;;
654611;unknown;control;2021-02-13 04:30:00+00:00;0.655;;
654611;unknown;control;2021-02-13 04:45:00+00:00;0.641;;
654611;unknown;control;2021-02-13 05:00:00+00:00;0.65;;
654611;unknown;control;2021-02-13 05:15:00+00:00;0.643;;
654611;unknown;control;2021-02-13 05:30:00+00:00;0.722;;
654611;unknown;control;2021-02-13 05:45:00+00:00;0.847;;
654611;unknown;control;2021-02-13 06:00:00+00:00;0.068;;
654611;unknown;control;2021-02-13 06:15:00+00:00;0.067;;
654611;unknown;control;2021-02-13 06:30:00+00:00;0.069;;
654611;unknown;control;2021-02-13 06:45:00+00:00;0.146;;
654611;unknown;control;2021-02-13 07:00:00+00:00;0.1;;
654611;unknown;control;2021-02-13 07:15:00+00:00;0.156;;
654611;unknown;control;2021-02-13 07:30:00+00:00;0.126;;
654611;unknown;control;2021-02-13 07:45:00+00:00;0.36;;
654611;unknown;control;2021-02-13 08:00:00+00:00;0.262;;
654611;unknown;control;2021-02-13 08:15:00+00:00;0.242;;
654611;unknown;control;2021-02-13 08:30:00+00:00;0.284;;
654611;unknown;control;2021-02-13 08:45:00+00:00;0.238;;
654611;unknown;control;2021-02-13 09:00:00+00:00;0.103;;
654611;unknown;control;2021-02-13 09:15:00+00:00;0.082;;
654611;unknown;control;2021-02-13 09:30:00+00:00;0.172;;
654611;unknown;control;2021-02-13 09:45:00+00:00;0.2;;
654611;unknown;control;2021-02-13 10:00:00+00:00;0.129;;
654611;unknown;control;2021-02-13 10:15:00+00:00;0.073;;
654611;unknown;control;2021-02-13 10:30:00+00:00;0.02;;
654611;unknown;control;2021-02-13 10:45:00+00:00;0.033;;
654611;unknown;control;2021-02-13 11:00:00+00:00;0.025;;
654611;unknown;control;2021-02-13 11:15:00+00:00;0.094;;
654611;unknown;control;2021-02-13 11:30:00+00:00;0.466;;
654611;unknown;control;2021-02-13 11:45:00+00:00;0.008;;
654611;unknown;control;2021-02-13 12:00:00+00:00;0.569;;
654611;unknown;control;2021-02-13 12:15:00+00:00;0.617;;
654611;unknown;control;2021-02-13 12:30:00+00:00;0.482;;
654611;unknown;control;2021-02-13 12:45:00+00:00;0.451;;
654611;unknown;control;2021-02-13 13:00:00+00:00;0.572;;
654611;unknown;control;2021-02-13 13:15:00+00:00;0.981;;
654611;unknown;control;2021-02-13 13:30:00+00:00;0.665;;
654611;unknown;control;2021-02-13 13:45:00+00:00;0.643;;
654611;unknown;control;2021-02-13 14:00:00+00:00;0.921;;
654611;unknown;control;2021-02-13 14:15:00+00:00;0.916;;
654611;unknown;control;2021-02-13 14:30:00+00:00;0.674;;
654611;unknown;control;2021-02-13 14:45:00+00:00;0.924;;
654611;unknown;control;2021-02-13 15:00:00+00:00;0.832;;
654611;unknown;control;2021-02-13 15:15:00+00:00;0.515;;
654611;unknown;control;2021-02-13 15:30:00+00:00;0.506;;
654611;unknown;control;2021-02-13 15:45:00+00:00;0.651;;
654611;unknown;control;2021-02-13 16:00:00+00:00;0.613;;
654611;unknown;control;2021-02-13 16:15:00+00:00;0.574;;
654611;unknown;control;2021-02-13 16:30:00+00:00;0.55;;
654611;unknown;control;2021-02-13 16:45:00+00:00;0.629;;
654611;unknown;control;2021-02-13 17:00:00+00:00;0.626;;
654611;unknown;control;2021-02-13 17:15:00+00:00;0.767;;
654611;unknown;control;2021-02-13 17:30:00+00:00;1.149;;
654611;unknown;control;2021-02-13 17:45:00+00:00;1.361;;
654611;unknown;control;2021-02-13 18:00:00+00:00;1.103;;
654611;unknown;control;2021-02-13 18:15:00+00:00;0.807;;
654611;unknown;control;2021-02-13 18:30:00+00:00;0.798;;
654611;unknown;control;2021-02-13 18:45:00+00:00;1.07;;
654611;unknown;control;2021-02-13 19:00:00+00:00;0.905;;
654611;unknown;control;2021-02-13 19:15:00+00:00;0.889;;
654611;unknown;control;2021-02-13 19:30:00+00:00;0.768;;
654611;unknown;control;2021-02-13 19:45:00+00:00;1.038;;
654611;unknown;control;2021-02-13 20:00:00+00:00;0.794;;
654611;unknown;control;2021-02-13 20:15:00+00:00;0.696;;
654611;unknown;control;2021-02-13 20:30:00+00:00;0.679;;
654611;unknown;control;2021-02-13 20:45:00+00:00;0.695;;
654611;unknown;control;2021-02-13 21:00:00+00:00;0.659;;
654611;unknown;control;2021-02-13 21:15:00+00:00;0.665;;
654611;unknown;control;2021-02-13 21:30:00+00:00;0.92;;
654611;unknown;control;2021-02-13 21:45:00+00:00;0.988;;
654611;unknown;control;2021-02-13 22:00:00+00:00;0.887;;
654611;unknown;control;2021-02-13 22:15:00+00:00;0.805;;
654611;unknown;control;2021-02-13 22:30:00+00:00;0.774;;
654611;unknown;control;2021-02-13 22:45:00+00:00;0.761;;
654611;unknown;control;2021-02-13 23:00:00+00:00;1.165;;
654611;unknown;control;2021-02-13 23:15:00+00:00;0.761;;
654611;unknown;control;2021-02-13 23:30:00+00:00;0.748;;
654611;unknown;control;2021-02-13 23:45:00+00:00;0.825;;
654611;unknown;control;2021-11-12 00:00:00+00:00;0.32;;
654611;unknown;control;2021-11-12 00:15:00+00:00;0.266;;
654611;unknown;control;2021-11-12 00:30:00+00:00;0.377;;
654611;unknown;control;2021-11-12 00:45:00+00:00;0.301;;
654611;unknown;control;2021-11-12 01:00:00+00:00;0.271;;
654611;unknown;control;2021-11-12 01:15:00+00:00;0.274;;
654611;unknown;control;2021-11-12 01:30:00+00:00;0.292;;
654611;unknown;control;2021-11-12 01:45:00+00:00;0.262;;
654611;unknown;control;2021-11-12 02:00:00+00:00;0.384;;
654611;unknown;control;2021-11-12 02:15:00+00:00;0.34;;
654611;unknown;control;2021-11-12 02:30:00+00:00;0.296;;
654611;unknown;control;2021-11-12 02:45:00+00:00;0.284;;
654611;unknown;control;2021-11-12 03:00:00+00:00;0.296;;
654611;unknown;control;2021-11-12 03:15:00+00:00;0.205;;
654611;unknown;control;2021-11-12 03:30:00+00:00;0.329;;
654611;unknown;control;2021-11-12 03:45:00+00:00;0.278;;
654611;unknown;control;2021-11-12 04:00:00+00:00;0.439;;
654611;unknown;control;2021-11-12 04:15:00+00:00;0.272;;
654611;unknown;control;2021-11-12 04:30:00+00:00;0.413;;
654611;unknown;control;2021-11-12 04:45:00+00:00;0.374;;
654611;unknown;control;2021-11-12 05:00:00+00:00;0.469;;
654611;unknown;control;2021-11-12 05:15:00+00:00;0.305;;
654611;unknown;control;2021-11-12 05:30:00+00:00;0.325;;
654611;unknown;control;2021-11-12 05:45:00+00:00;0.516;;
654611;unknown;control;2021-11-12 06:00:00+00:00;0.125;;
654611;unknown;control;2021-11-12 06:15:00+00:00;0.097;;
654611;unknown;control;2021-11-12 06:30:00+00:00;0.161;;
654611;unknown;control;2021-11-12 06:45:00+00:00;0.108;;
654611;unknown;control;2021-11-12 07:00:00+00:00;0.128;;
654611;unknown;control;2021-11-12 07:15:00+00:00;0.162;;
654611;unknown;control;2021-11-12 07:30:00+00:00;0.102;;
654611;unknown;control;2021-11-12 07:45:00+00:00;0.087;;
654611;unknown;control;2021-11-12 08:00:00+00:00;0.06;;
654611;unknown;control;2021-11-12 08:15:00+00:00;0.058;;
654611;unknown;control;2021-11-12 08:30:00+00:00;0.03;;
654611;unknown;control;2021-11-12 08:45:00+00:00;0.02;;
654611;unknown;control;2021-11-12 09:00:00+00:00;0.025;;
654611;unknown;control;2021-11-12 09:15:00+00:00;0.032;;
654611;unknown;control;2021-11-12 09:30:00+00:00;0.152;;
654611;unknown;control;2021-11-12 09:45:00+00:00;0.046;;
654611;unknown;control;2021-11-12 10:00:00+00:00;0.045;;
654611;unknown;control;2021-11-12 10:15:00+00:00;0.039;;
654611;unknown;control;2021-11-12 10:30:00+00:00;0.072;;
654611;unknown;control;2021-11-12 10:45:00+00:00;0.039;;
654611;unknown;control;2021-11-12 11:00:00+00:00;0.035;;
654611;unknown;control;2021-11-12 11:15:00+00:00;0.048;;
654611;unknown;control;2021-11-12 11:30:00+00:00;0.041;;
654611;unknown;control;2021-11-12 11:45:00+00:00;0.405;;
654611;unknown;control;2021-11-12 12:00:00+00:00;0.074;;
654611;unknown;control;2021-11-12 12:15:00+00:00;0.056;;
654611;unknown;control;2021-11-12 12:30:00+00:00;0.048;;
654611;unknown;control;2021-11-12 12:45:00+00:00;0.061;;
654611;unknown;control;2021-11-12 13:00:00+00:00;0.048;;
654611;unknown;control;2021-11-12 13:15:00+00:00;0.083;;
654611;unknown;control;2021-11-12 13:30:00+00:00;0.137;;
654611;unknown;control;2021-11-12 13:45:00+00:00;0.122;;
654611;unknown;control;2021-11-12 14:00:00+00:00;0.768;;
654611;unknown;control;2021-11-12 14:15:00+00:00;0.696;;
654611;unknown;control;2021-11-12 14:30:00+00:00;0.669;;
654611;unknown;control;2021-11-12 14:45:00+00:00;0.598;;
654611;unknown;control;2021-11-12 15:00:00+00:00;0.405;;
654611;unknown;control;2021-11-12 15:15:00+00:00;0.637;;
654611;unknown;control;2021-11-12 15:30:00+00:00;0.433;;
654611;unknown;control;2021-11-12 15:45:00+00:00;0.365;;
654611;unknown;control;2021-11-12 16:00:00+00:00;0.363;;
654611;unknown;control;2021-11-12 16:15:00+00:00;0.426;;
654611;unknown;control;2021-11-12 16:30:00+00:00;0.33;;
654611;unknown;control;2021-11-12 16:45:00+00:00;0.43;;
654611;unknown;control;2021-11-12 17:00:00+00:00;0.548;;
654611;unknown;control;2021-11-12 17:15:00+00:00;0.092;;
654611;unknown;control;2021-11-12 17:30:00+00:00;0.07;;
654611;unknown;control;2021-11-12 17:45:00+00:00;0.086;;
654611;unknown;control;2021-11-12 18:00:00+00:00;0.057;;
654611;unknown;control;2021-11-12 18:15:00+00:00;0.047;;
654611;unknown;control;2021-11-12 18:30:00+00:00;0.157;;
654611;unknown;control;2021-11-12 18:45:00+00:00;0.155;;
654611;unknown;control;2021-11-12 19:00:00+00:00;0.437;;
654611;unknown;control;2021-11-12 19:15:00+00:00;0.535;;
654611;unknown;control;2021-11-12 19:30:00+00:00;0.407;;
654611;unknown;control;2021-11-12 19:45:00+00:00;0.363;;
654611;unknown;control;2021-11-12 20:00:00+00:00;0.298;;
654611;unknown;control;2021-11-12 20:15:00+00:00;0.335;;
654611;unknown;control;2021-11-12 20:30:00+00:00;0.461;;
654611;unknown;control;2021-11-12 20:45:00+00:00;0.261;;
654611;unknown;control;2021-11-12 21:00:00+00:00;0.371;;
654611;unknown;control;2021-11-12 21:15:00+00:00;0.38;;
654611;unknown;control;2021-11-12 21:30:00+00:00;0.287;;
654611;unknown;control;2021-11-12 21:45:00+00:00;0.307;;
654611;unknown;control;2021-11-12 22:00:00+00:00;0.435;;
654611;unknown;control;2021-11-12 22:15:00+00:00;0.298;;
654611;unknown;control;2021-11-12 22:30:00+00:00;0.272;;
654611;unknown;control;2021-11-12 22:45:00+00:00;0.44;;
654611;unknown;control;2021-11-12 23:00:00+00:00;0.276;;
654611;unknown;control;2021-11-12 23:15:00+00:00;0.415;;
654611;unknown;control;2021-11-12 23:30:00+00:00;0.285;;
654611;unknown;control;2021-11-12 23:45:00+00:00;0.289;;
654611;unknown;control;2021-11-14 00:00:00+00:00;0.23;;
654611;unknown;control;2021-11-14 00:15:00+00:00;0.226;;
654611;unknown;control;2021-11-14 00:30:00+00:00;0.212;;
654611;unknown;control;2021-11-14 00:45:00+00:00;0.179;;
654611;unknown;control;2021-11-14 01:00:00+00:00;0.222;;
654611;unknown;control;2021-11-14 01:15:00+00:00;0.243;;
654611;unknown;control;2021-11-14 01:30:00+00:00;0.215;;
654611;unknown;control;2021-11-14 01:45:00+00:00;0.231;;
654611;unknown;control;2021-11-14 02:00:00+00:00;0.239;;
654611;unknown;control;2021-11-14 02:15:00+00:00;0.222;;
654611;unknown;control;2021-11-14 02:30:00+00:00;0.182;;
654611;unknown;control;2021-11-14 02:45:00+00:00;0.219;;
654611;unknown;control;2021-11-14 03:00:00+00:00;0.215;;
654611;unknown;control;2021-11-14 03:15:00+00:00;0.228;;
654611;unknown;control;2021-11-14 03:30:00+00:00;0.257;;
654611;unknown;control;2021-11-14 03:45:00+00:00;0.232;;
654611;unknown;control;2021-11-14 04:00:00+00:00;0.251;;
654611;unknown;control;2021-11-14 04:15:00+00:00;0.247;;
654611;unknown;control;2021-11-14 04:30:00+00:00;0.209;;
654611;unknown;control;2021-11-14 04:45:00+00:00;0.189;;
654611;unknown;control;2021-11-14 05:00:00+00:00;0.208;;
654611;unknown;control;2021-11-14 05:15:00+00:00;0.226;;
654611;unknown;control;2021-11-14 05:30:00+00:00;0.241;;
654611;unknown;control;2021-11-14 05:45:00+00:00;0.241;;
654611;unknown;control;2021-11-14 06:00:00+00:00;0.077;;
654611;unknown;control;2021-11-14 06:15:00+00:00;0.072;;
654611;unknown;control;2021-11-14 06:30:00+00:00;0.074;;
654611;unknown;control;2021-11-14 06:45:00+00:00;0.083;;
654611;unknown;control;2021-11-14 07:00:00+00:00;0.164;;
654611;unknown;control;2021-11-14 07:15:00+00:00;0.21;;
654611;unknown;control;2021-11-14 07:30:00+00:00;0.087;;
654611;unknown;control;2021-11-14 07:45:00+00:00;0.214;;
654611;unknown;control;2021-11-14 08:00:00+00:00;0.095;;
654611;unknown;control;2021-11-14 08:15:00+00:00;0.321;;
654611;unknown;control;2021-11-14 08:30:00+00:00;0.493;;
654611;unknown;control;2021-11-14 08:45:00+00:00;0.092;;
654611;unknown;control;2021-11-14 09:00:00+00:00;0.06;;
654611;unknown;control;2021-11-14 09:15:00+00:00;0.103;;
654611;unknown;control;2021-11-14 09:30:00+00:00;0.14;;
654611;unknown;control;2021-11-14 09:45:00+00:00;0.154;;
654611;unknown;control;2021-11-14 10:00:00+00:00;0.161;;
654611;unknown;control;2021-11-14 10:15:00+00:00;0.121;;
654611;unknown;control;2021-11-14 10:30:00+00:00;0.305;;
654611;unknown;control;2021-11-14 10:45:00+00:00;0.305;;
654611;unknown;control;2021-11-14 11:00:00+00:00;0.33;;
654611;unknown;control;2021-11-14 11:15:00+00:00;0.358;;
654611;unknown;control;2021-11-14 11:30:00+00:00;0.168;;
654611;unknown;control;2021-11-14 11:45:00+00:00;0.055;;
654611;unknown;control;2021-11-14 12:00:00+00:00;0.125;;
654611;unknown;control;2021-11-14 12:15:00+00:00;0.092;;
654611;unknown;control;2021-11-14 12:30:00+00:00;0.16;;
654611;unknown;control;2021-11-14 12:45:00+00:00;0.273;;
654611;unknown;control;2021-11-14 13:00:00+00:00;0.194;;
654611;unknown;control;2021-11-14 13:15:00+00:00;0.364;;
654611;unknown;control;2021-11-14 13:30:00+00:00;0.403;;
654611;unknown;control;2021-11-14 13:45:00+00:00;0.393;;
654611;unknown;control;2021-11-14 14:00:00+00:00;0.869;;
654611;unknown;control;2021-11-14 14:15:00+00:00;0.627;;
654611;unknown;control;2021-11-14 14:30:00+00:00;0.543;;
654611;unknown;control;2021-11-14 14:45:00+00:00;0.427;;
654611;unknown;control;2021-11-14 15:00:00+00:00;0.335;;
654611;unknown;control;2021-11-14 15:15:00+00:00;0.452;;
654611;unknown;control;2021-11-14 15:30:00+00:00;0.921;;
654611;unknown;control;2021-11-14 15:45:00+00:00;0.767;;
654611;unknown;control;2021-11-14 16:00:00+00:00;0.375;;
654611;unknown;control;2021-11-14 16:15:00+00:00;0.299;;
654611;unknown;control;2021-11-14 16:30:00+00:00;0.248;;
654611;unknown;control;2021-11-14 16:45:00+00:00;0.243;;
654611;unknown;control;2021-11-14 17:00:00+00:00;0.332;;
654611;unknown;control;2021-11-14 17:15:00+00:00;0.247;;
654611;unknown;control;2021-11-14 17:30:00+00:00;0.713;;
654611;unknown;control;2021-11-14 17:45:00+00:00;0.748;;
654611;unknown;control;2021-11-14 18:00:00+00:00;0.207;;
654611;unknown;control;2021-11-14 18:15:00+00:00;0.212;;
654611;unknown;control;2021-11-14 18:30:00+00:00;0.303;;
654611;unknown;control;2021-11-14 18:45:00+00:00;0.276;;
654611;unknown;control;2021-11-14 19:00:00+00:00;0.291;;
654611;unknown;control;2021-11-14 19:15:00+00:00;0.332;;
654611;unknown;control;2021-11-14 19:30:00+00:00;0.324;;
654611;unknown;control;2021-11-14 19:45:00+00:00;0.424;;
654611;unknown;control;2021-11-14 20:00:00+00:00;0.619;;
654611;unknown;control;2021-11-14 20:15:00+00:00;0.51;;
654611;unknown;control;2021-11-14 20:30:00+00:00;0.434;;
654611;unknown;control;2021-11-14 20:45:00+00:00;0.225;;
654611;unknown;control;2021-11-14 21:00:00+00:00;0.274;;
654611;unknown;control;2021-11-14 21:15:00+00:00;0.274;;
654611;unknown;control;2021-11-14 21:30:00+00:00;0.256;;
654611;unknown;control;2021-11-14 21:45:00+00:00;0.253;;
654611;unknown;control;2021-11-14 22:00:00+00:00;0.21;;
654611;unknown;control;2021-11-14 22:15:00+00:00;0.235;;
654611;unknown;control;2021-11-14 22:30:00+00:00;0.253;;
654611;unknown;control;2021-11-14 22:45:00+00:00;0.806;;
654611;unknown;control;2021-11-14 23:00:00+00:00;0.838;;
654611;unknown;control;2021-11-14 23:15:00+00:00;0.765;;
654611;unknown;control;2021-11-14 23:30:00+00:00;0.699;;
654611;unknown;control;2021-11-14 23:45:00+00:00;0.711;;
654611;unknown;control;2021-11-15 00:00:00+00:00;0.726;;
654611;unknown;control;2021-11-15 00:15:00+00:00;0.731;;
654611;unknown;control;2021-11-15 00:30:00+00:00;0.78;;
654611;unknown;control;2021-11-15 00:45:00+00:00;0.799;;
654611;unknown;control;2021-11-15 01:00:00+00:00;0.709;;
654611;unknown;control;2021-11-15 01:15:00+00:00;0.723;;
654611;unknown;control;2021-11-15 01:30:00+00:00;0.725;;
654611;unknown;control;2021-11-15 01:45:00+00:00;0.728;;
654611;unknown;control;2021-11-15 02:00:00+00:00;0.731;;
654611;unknown;control;2021-11-15 02:15:00+00:00;0.734;;
654611;unknown;control;2021-11-15 02:30:00+00:00;0.711;;
654611;unknown;control;2021-11-15 02:45:00+00:00;0.742;;
654611;unknown;control;2021-11-15 03:00:00+00:00;0.496;;
654611;unknown;control;2021-11-15 03:15:00+00:00;0.248;;
654611;unknown;control;2021-11-15 03:30:00+00:00;0.268;;
654611;unknown;control;2021-11-15 03:45:00+00:00;0.239;;
654611;unknown;control;2021-11-15 04:00:00+00:00;0.244;;
654611;unknown;control;2021-11-15 04:15:00+00:00;0.268;;
654611;unknown;control;2021-11-15 04:30:00+00:00;0.212;;
654611;unknown;control;2021-11-15 04:45:00+00:00;0.253;;
654611;unknown;control;2021-11-15 05:00:00+00:00;0.261;;
654611;unknown;control;2021-11-15 05:15:00+00:00;0.217;;
654611;unknown;control;2021-11-15 05:30:00+00:00;0.329;;
654611;unknown;control;2021-11-15 05:45:00+00:00;0.554;;
654611;unknown;control;2021-11-15 06:00:00+00:00;0.112;;
654611;unknown;control;2021-11-15 06:15:00+00:00;0.129;;
654611;unknown;control;2021-11-15 06:30:00+00:00;0.111;;
654611;unknown;control;2021-11-15 06:45:00+00:00;0.079;;
654611;unknown;control;2021-11-15 07:00:00+00:00;0.1;;
654611;unknown;control;2021-11-15 07:15:00+00:00;0.147;;
654611;unknown;control;2021-11-15 07:30:00+00:00;0.121;;
654611;unknown;control;2021-11-15 07:45:00+00:00;0.094;;
654611;unknown;control;2021-11-15 08:00:00+00:00;0.075;;
654611;unknown;control;2021-11-15 08:15:00+00:00;0.057;;
654611;unknown;control;2021-11-15 08:30:00+00:00;0.051;;
654611;unknown;control;2021-11-15 08:45:00+00:00;0.044;;
654611;unknown;control;2021-11-15 09:00:00+00:00;0.139;;
654611;unknown;control;2021-11-15 09:15:00+00:00;0.064;;
654611;unknown;control;2021-11-15 09:30:00+00:00;0.055;;
654611;unknown;control;2021-11-15 09:45:00+00:00;0.035;;
654611;unknown;control;2021-11-15 10:00:00+00:00;0.051;;
654611;unknown;control;2021-11-15 10:15:00+00:00;0.048;;
654611;unknown;control;2021-11-15 10:30:00+00:00;0.004;;
654611;unknown;control;2021-11-15 10:45:00+00:00;0.011;;
654611;unknown;control;2021-11-15 11:00:00+00:00;0.006;;
654611;unknown;control;2021-11-15 11:15:00+00:00;0.017;;
654611;unknown;control;2021-11-15 11:30:00+00:00;0.227;;
654611;unknown;control;2021-11-15 11:45:00+00:00;0.161;;
654611;unknown;control;2021-11-15 12:00:00+00:00;0.013;;
654611;unknown;control;2021-11-15 12:15:00+00:00;0.004;;
654611;unknown;control;2021-11-15 12:30:00+00:00;0.01;;
654611;unknown;control;2021-11-15 12:45:00+00:00;0.019;;
654611;unknown;control;2021-11-15 13:00:00+00:00;0.032;;
654611;unknown;control;2021-11-15 13:15:00+00:00;0.084;;
654611;unknown;control;2021-11-15 13:30:00+00:00;0.059;;
654611;unknown;control;2021-11-15 13:45:00+00:00;0.059;;
654611;unknown;control;2021-11-15 14:00:00+00:00;0.07;;
654611;unknown;control;2021-11-15 14:15:00+00:00;0.311;;
654611;unknown;control;2021-11-15 14:30:00+00:00;0.286;;
654611;unknown;control;2021-11-15 14:45:00+00:00;0.394;;
654611;unknown;control;2021-11-15 15:00:00+00:00;0.37;;
654611;unknown;control;2021-11-15 15:15:00+00:00;0.255;;
654611;unknown;control;2021-11-15 15:30:00+00:00;0.345;;
654611;unknown;control;2021-11-15 15:45:00+00:00;0.395;;
654611;unknown;control;2021-11-15 16:00:00+00:00;0.319;;
654611;unknown;control;2021-11-15 16:15:00+00:00;0.301;;
654611;unknown;control;2021-11-15 16:30:00+00:00;0.285;;
654611;unknown;control;2021-11-15 16:45:00+00:00;0.238;;
654611;unknown;control;2021-11-15 17:00:00+00:00;0.241;;
654611;unknown;control;2021-11-15 17:15:00+00:00;0.745;;
654611;unknown;control;2021-11-15 17:30:00+00:00;0.634;;
654611;unknown;control;2021-11-15 17:45:00+00:00;0.275;;
654611;unknown;control;2021-11-15 18:00:00+00:00;0.243;;
654611;unknown;control;2021-11-15 18:15:00+00:00;0.231;;
654611;unknown;control;2021-11-15 18:30:00+00:00;0.25;;
654611;unknown;control;2021-11-15 18:45:00+00:00;0.561;;
654611;unknown;control;2021-11-15 19:00:00+00:00;0.516;;
654611;unknown;control;2021-11-15 19:15:00+00:00;0.411;;
654611;unknown;control;2021-11-15 19:30:00+00:00;0.419;;
654611;unknown;control;2021-11-15 19:45:00+00:00;0.384;;
654611;unknown;control;2021-11-15 20:00:00+00:00;0.337;;
654611;unknown;control;2021-11-15 20:15:00+00:00;0.322;;
654611;unknown;control;2021-11-15 20:30:00+00:00;0.297;;
654611;unknown;control;2021-11-15 20:45:00+00:00;0.333;;
654611;unknown;control;2021-11-15 21:00:00+00:00;0.347;;
654611;unknown;control;2021-11-15 21:15:00+00:00;0.256;;
654611;unknown;control;2021-11-15 21:30:00+00:00;0.287;;
654611;unknown;control;2021-11-15 21:45:00+00:00;0.293;;
654611;unknown;control;2021-11-15 22:00:00+00:00;0.364;;
654611;unknown;control;2021-11-15 22:15:00+00:00;0.27;;
654611;unknown;control;2021-11-15 22:30:00+00:00;0.251;;
654611;unknown;control;2021-11-15 22:45:00+00:00;0.31;;
654611;unknown;control;2021-11-15 23:00:00+00:00;0.268;;
654611;unknown;control;2021-11-15 23:15:00+00:00;0.276;;
654611;unknown;control;2021-11-15 23:30:00+00:00;0.32;;
654611;unknown;control;2021-11-15 23:45:00+00:00;0.231;;
654611;unknown;control;2021-11-16 00:00:00+00:00;0.363;;
654611;unknown;control;2021-11-16 00:15:00+00:00;0.249;;
654611;unknown;control;2021-11-16 00:30:00+00:00;0.253;;
654611;unknown;control;2021-11-16 00:45:00+00:00;0.266;;
654611;unknown;control;2021-11-16 01:00:00+00:00;0.315;;
654611;unknown;control;2021-11-16 01:15:00+00:00;0.261;;
654611;unknown;control;2021-11-16 01:30:00+00:00;0.229;;
654611;unknown;control;2021-11-16 01:45:00+00:00;0.281;;
654611;unknown;control;2021-11-16 02:00:00+00:00;0.255;;
654611;unknown;control;2021-11-16 02:15:00+00:00;0.268;;
654611;unknown;control;2021-11-16 02:30:00+00:00;0.343;;
654611;unknown;control;2021-11-16 02:45:00+00:00;0.27;;
654611;unknown;control;2021-11-16 03:00:00+00:00;0.233;;
654611;unknown;control;2021-11-16 03:15:00+00:00;0.214;;
654611;unknown;control;2021-11-16 03:30:00+00:00;0.326;;
654611;unknown;control;2021-11-16 03:45:00+00:00;0.296;;
654611;unknown;control;2021-11-16 04:00:00+00:00;0.292;;
654611;unknown;control;2021-11-16 04:15:00+00:00;0.246;;
654611;unknown;control;2021-11-16 04:30:00+00:00;0.262;;
654611;unknown;control;2021-11-16 04:45:00+00:00;0.3;;
654611;unknown;control;2021-11-16 05:00:00+00:00;0.293;;
654611;unknown;control;2021-11-16 05:15:00+00:00;0.286;;
654611;unknown;control;2021-11-16 05:30:00+00:00;0.452;;
654611;unknown;control;2021-11-16 05:45:00+00:00;0.448;;
654611;unknown;control;2021-11-16 06:00:00+00:00;0.139;;
654611;unknown;control;2021-11-16 06:15:00+00:00;0.097;;
654611;unknown;control;2021-11-16 06:30:00+00:00;0.094;;
654611;unknown;control;2021-11-16 06:45:00+00:00;0.15;;
654611;unknown;control;2021-11-16 07:00:00+00:00;0.137;;
654611;unknown;control;2021-11-16 07:15:00+00:00;0.107;;
654611;unknown;control;2021-11-16 07:30:00+00:00;0.107;;
654611;unknown;control;2021-11-16 07:45:00+00:00;0.096;;
654611;unknown;control;2021-11-16 08:00:00+00:00;0.089;;
654611;unknown;control;2021-11-16 08:15:00+00:00;0.066;;
654611;unknown;control;2021-11-16 08:30:00+00:00;0.074;;
654611;unknown;control;2021-11-16 08:45:00+00:00;0.071;;
654611;unknown;control;2021-11-16 09:00:00+00:00;0.059;;
654611;unknown;control;2021-11-16 09:15:00+00:00;0.046;;
654611;unknown;control;2021-11-16 09:30:00+00:00;0.052;;
654611;unknown;control;2021-11-16 09:45:00+00:00;0.043;;
654611;unknown;control;2021-11-16 10:00:00+00:00;0.047;;
654611;unknown;control;2021-11-16 10:15:00+00:00;0.071;;
654611;unknown;control;2021-11-16 10:30:00+00:00;0.056;;
654611;unknown;control;2021-11-16 10:45:00+00:00;0.037;;
654611;unknown;control;2021-11-16 11:00:00+00:00;0.015;;
654611;unknown;control;2021-11-16 11:15:00+00:00;0.065;;
654611;unknown;control;2021-11-16 11:30:00+00:00;0.065;;
654611;unknown;control;2021-11-16 11:45:00+00:00;0.159;;
654611;unknown;control;2021-11-16 12:00:00+00:00;0.05;;
654611;unknown;control;2021-11-16 12:15:00+00:00;0.06;;
654611;unknown;control;2021-11-16 12:30:00+00:00;0.038;;
654611;unknown;control;2021-11-16 12:45:00+00:00;0.061;;
654611;unknown;control;2021-11-16 13:00:00+00:00;0.08;;
654611;unknown;control;2021-11-16 13:15:00+00:00;0.083;;
654611;unknown;control;2021-11-16 13:30:00+00:00;0.082;;
654611;unknown;control;2021-11-16 13:45:00+00:00;0.096;;
654611;unknown;control;2021-11-16 14:00:00+00:00;0.116;;
654611;unknown;control;2021-11-16 14:15:00+00:00;0.318;;
654611;unknown;control;2021-11-16 14:30:00+00:00;0.355;;
654611;unknown;control;2021-11-16 14:45:00+00:00;0.261;;
654611;unknown;control;2021-11-16 15:00:00+00:00;0.227;;
654611;unknown;control;2021-11-16 15:15:00+00:00;0.35;;
654611;unknown;control;2021-11-16 15:30:00+00:00;0.35;;
654611;unknown;control;2021-11-16 15:45:00+00:00;0.27;;
654611;unknown;control;2021-11-16 16:00:00+00:00;0.245;;
654611;unknown;control;2021-11-16 16:15:00+00:00;0.286;;
654611;unknown;control;2021-11-16 16:30:00+00:00;0.303;;
654611;unknown;control;2021-11-16 16:45:00+00:00;0.348;;
654611;unknown;control;2021-11-16 17:00:00+00:00;0.439;;
654611;unknown;control;2021-11-16 17:15:00+00:00;0.539;;
654611;unknown;control;2021-11-16 17:30:00+00:00;0.247;;
654611;unknown;control;2021-11-16 17:45:00+00:00;0.208;;
654611;unknown;control;2021-11-16 18:00:00+00:00;0.213;;
654611;unknown;control;2021-11-16 18:15:00+00:00;0.226;;
654611;unknown;control;2021-11-16 18:30:00+00:00;0.384;;
654611;unknown;control;2021-11-16 18:45:00+00:00;0.267;;
654611;unknown;control;2021-11-16 19:00:00+00:00;0.404;;
654611;unknown;control;2021-11-16 19:15:00+00:00;0.28;;
654611;unknown;control;2021-11-16 19:30:00+00:00;0.303;;
654611;unknown;control;2021-11-16 19:45:00+00:00;0.336;;
654611;unknown;control;2021-11-16 20:00:00+00:00;0.309;;
654611;unknown;control;2021-11-16 20:15:00+00:00;0.537;;
654611;unknown;control;2021-11-16 20:30:00+00:00;0.482;;
654611;unknown;control;2021-11-16 20:45:00+00:00;0.436;;
654611;unknown;control;2021-11-16 21:00:00+00:00;0.261;;
654611;unknown;control;2021-11-16 21:15:00+00:00;0.345;;
654611;unknown;control;2021-11-16 21:30:00+00:00;0.298;;
654611;unknown;control;2021-11-16 21:45:00+00:00;0.715;;
654611;unknown;control;2021-11-16 22:00:00+00:00;0.361;;
654611;unknown;control;2021-11-16 22:15:00+00:00;0.259;;
654611;unknown;control;2021-11-16 22:30:00+00:00;0.245;;
654611;unknown;control;2021-11-16 22:45:00+00:00;0.241;;
654611;unknown;control;2021-11-16 23:00:00+00:00;0.402;;
654611;unknown;control;2021-11-16 23:15:00+00:00;0.254;;
654611;unknown;control;2021-11-16 23:30:00+00:00;0.242;;
654611;unknown;control;2021-11-16 23:45:00+00:00;0.308;;
654611;unknown;control;2021-11-20 00:00:00+00:00;0.296;;
654611;unknown;control;2021-11-20 00:15:00+00:00;0.286;;
654611;unknown;control;2021-11-20 00:30:00+00:00;0.443;;
654611;unknown;control;2021-11-20 00:45:00+00:00;0.373;;
654611;unknown;control;2021-11-20 01:00:00+00:00;0.385;;
654611;unknown;control;2021-11-20 01:15:00+00:00;0.357;;
654611;unknown;control;2021-11-20 01:30:00+00:00;0.276;;
654611;unknown;control;2021-11-20 01:45:00+00:00;0.294;;
654611;unknown;control;2021-11-20 02:00:00+00:00;0.326;;
654611;unknown;control;2021-11-20 02:15:00+00:00;0.357;;
654611;unknown;control;2021-11-20 02:30:00+00:00;0.294;;
654611;unknown;control;2021-11-20 02:45:00+00:00;0.363;;
654611;unknown;control;2021-11-20 03:00:00+00:00;0.23;;
654611;unknown;control;2021-11-20 03:15:00+00:00;0.331;;
654611;unknown;control;2021-11-20 03:30:00+00:00;0.342;;
654611;unknown;control;2021-11-20 03:45:00+00:00;0.397;;
654611;unknown;control;2021-11-20 04:00:00+00:00;0.342;;
654611;unknown;control;2021-11-20 04:15:00+00:00;0.301;;
654611;unknown;control;2021-11-20 04:30:00+00:00;0.299;;
654611;unknown;control;2021-11-20 04:45:00+00:00;0.427;;
654611;unknown;control;2021-11-20 05:00:00+00:00;0.314;;
654611;unknown;control;2021-11-20 05:15:00+00:00;0.281;;
654611;unknown;control;2021-11-20 05:30:00+00:00;0.33;;
654611;unknown;control;2021-11-20 05:45:00+00:00;0.424;;
654611;unknown;control;2021-11-20 06:00:00+00:00;0.096;;
654611;unknown;control;2021-11-20 06:15:00+00:00;0.064;;
654611;unknown;control;2021-11-20 06:30:00+00:00;0.099;;
654611;unknown;control;2021-11-20 06:45:00+00:00;0.108;;
654611;unknown;control;2021-11-20 07:00:00+00:00;0.088;;
654611;unknown;control;2021-11-20 07:15:00+00:00;0.102;;
654611;unknown;control;2021-11-20 07:30:00+00:00;0.168;;
654611;unknown;control;2021-11-20 07:45:00+00:00;0.445;;
654611;unknown;control;2021-11-20 08:00:00+00:00;0.317;;
654611;unknown;control;2021-11-20 08:15:00+00:00;0.088;;
654611;unknown;control;2021-11-20 08:30:00+00:00;0.055;;
654611;unknown;control;2021-11-20 08:45:00+00:00;0.1;;
654611;unknown;control;2021-11-20 09:00:00+00:00;0.126;;
654611;unknown;control;2021-11-20 09:15:00+00:00;0.098;;
654611;unknown;control;2021-11-20 09:30:00+00:00;0.095;;
654611;unknown;control;2021-11-20 09:45:00+00:00;0.104;;
654611;unknown;control;2021-11-20 10:00:00+00:00;0.066;;
654611;unknown;control;2021-11-20 10:15:00+00:00;0.066;;
654611;unknown;control;2021-11-20 10:30:00+00:00;0.113;;
654611;unknown;control;2021-11-20 10:45:00+00:00;0.081;;
654611;unknown;control;2021-11-20 11:00:00+00:00;0.08;;
654611;unknown;control;2021-11-20 11:15:00+00:00;0.103;;
654611;unknown;control;2021-11-20 11:30:00+00:00;0.095;;
654611;unknown;control;2021-11-20 11:45:00+00:00;0.088;;
654611;unknown;control;2021-11-20 12:00:00+00:00;0.555;;
654611;unknown;control;2021-11-20 12:15:00+00:00;0.682;;
654611;unknown;control;2021-11-20 12:30:00+00:00;0.616;;
654611;unknown;control;2021-11-20 12:45:00+00:00;0.546;;
654611;unknown;control;2021-11-20 13:00:00+00:00;0.531;;
654611;unknown;control;2021-11-20 13:15:00+00:00;0.369;;
654611;unknown;control;2021-11-20 13:30:00+00:00;0.61;;
654611;unknown;control;2021-11-20 13:45:00+00:00;0.367;;
654611;unknown;control;2021-11-20 14:00:00+00:00;0.61;;
654611;unknown;control;2021-11-20 14:15:00+00:00;0.695;;
654611;unknown;control;2021-11-20 14:30:00+00:00;0.532;;
654611;unknown;control;2021-11-20 14:45:00+00:00;0.413;;
654611;unknown;control;2021-11-20 15:00:00+00:00;0.521;;
654611;unknown;control;2021-11-20 15:15:00+00:00;0.495;;
654611;unknown;control;2021-11-20 15:30:00+00:00;0.496;;
654611;unknown;control;2021-11-20 15:45:00+00:00;0.475;;
654611;unknown;control;2021-11-20 16:00:00+00:00;0.424;;
654611;unknown;control;2021-11-20 16:15:00+00:00;0.572;;
654611;unknown;control;2021-11-20 16:30:00+00:00;0.964;;
654611;unknown;control;2021-11-20 16:45:00+00:00;0.619;;
654611;unknown;control;2021-11-20 17:00:00+00:00;0.435;;
654611;unknown;control;2021-11-20 17:15:00+00:00;0.564;;
654611;unknown;control;2021-11-20 17:30:00+00:00;1.001;;
654611;unknown;control;2021-11-20 17:45:00+00:00;0.47;;
654611;unknown;control;2021-11-20 18:00:00+00:00;0.52;;
654611;unknown;control;2021-11-20 18:15:00+00:00;0.402;;
654611;unknown;control;2021-11-20 18:30:00+00:00;0.607;;
654611;unknown;control;2021-11-20 18:45:00+00:00;0.416;;
654611;unknown;control;2021-11-20 19:00:00+00:00;0.418;;
654611;unknown;control;2021-11-20 19:15:00+00:00;0.338;;
654611;unknown;control;2021-11-20 19:30:00+00:00;0.555;;
654611;unknown;control;2021-11-20 19:45:00+00:00;0.358;;
654611;unknown;control;2021-11-20 20:00:00+00:00;0.377;;
654611;unknown;control;2021-11-20 20:15:00+00:00;0.478;;
654611;unknown;control;2021-11-20 20:30:00+00:00;0.551;;
654611;unknown;control;2021-11-20 20:45:00+00:00;0.508;;
654611;unknown;control;2021-11-20 21:00:00+00:00;0.504;;
654611;unknown;control;2021-11-20 21:15:00+00:00;0.636;;
654611;unknown;control;2021-11-20 21:30:00+00:00;0.411;;
654611;unknown;control;2021-11-20 21:45:00+00:00;0.44;;
654611;unknown;control;2021-11-20 22:00:00+00:00;0.482;;
654611;unknown;control;2021-11-20 22:15:00+00:00;0.377;;
654611;unknown;control;2021-11-20 22:30:00+00:00;0.329;;
654611;unknown;control;2021-11-20 22:45:00+00:00;0.339;;
654611;unknown;control;2021-11-20 23:00:00+00:00;0.37;;
654611;unknown;control;2021-11-20 23:15:00+00:00;0.358;;
654611;unknown;control;2021-11-20 23:30:00+00:00;0.341;;
654611;unknown;control;2021-11-20 23:45:00+00:00;0.325;;
654611;unknown;control;2021-11-22 00:00:00+00:00;0.368;;
654611;unknown;control;2021-11-22 00:15:00+00:00;0.243;;
654611;unknown;control;2021-11-22 00:30:00+00:00;0.253;;
654611;unknown;control;2021-11-22 00:45:00+00:00;0.327;;
654611;unknown;control;2021-11-22 01:00:00+00:00;0.321;;
654611;unknown;control;2021-11-22 01:15:00+00:00;0.358;;
654611;unknown;control;2021-11-22 01:30:00+00:00;0.259;;
654611;unknown;control;2021-11-22 01:45:00+00:00;0.304;;
654611;unknown;control;2021-11-22 02:00:00+00:00;0.325;;
654611;unknown;control;2021-11-22 02:15:00+00:00;0.215;;
654611;unknown;control;2021-11-22 02:30:00+00:00;0.402;;
654611;unknown;control;2021-11-22 02:45:00+00:00;0.288;;
654611;unknown;control;2021-11-22 03:00:00+00:00;0.301;;
654611;unknown;control;2021-11-22 03:15:00+00:00;0.287;;
654611;unknown;control;2021-11-22 03:30:00+00:00;0.385;;
654611;unknown;control;2021-11-22 03:45:00+00:00;0.322;;
654611;unknown;control;2021-11-22 04:00:00+00:00;0.253;;
654611;unknown;control;2021-11-22 04:15:00+00:00;0.384;;
654611;unknown;control;2021-11-22 04:30:00+00:00;0.336;;
654611;unknown;control;2021-11-22 04:45:00+00:00;0.433;;
654611;unknown;control;2021-11-22 05:00:00+00:00;0.566;;
654611;unknown;control;2021-11-22 05:15:00+00:00;0.383;;
654611;unknown;control;2021-11-22 05:30:00+00:00;0.449;;
654611;unknown;control;2021-11-22 05:45:00+00:00;0.285;;
654611;unknown;control;2021-11-22 06:00:00+00:00;0.14;;
654611;unknown;control;2021-11-22 06:15:00+00:00;0.076;;
654611;unknown;control;2021-11-22 06:30:00+00:00;0.079;;
654611;unknown;control;2021-11-22 06:45:00+00:00;0.073;;
654611;unknown;control;2021-11-22 07:00:00+00:00;0.08;;
654611;unknown;control;2021-11-22 07:15:00+00:00;0.097;;
654611;unknown;control;2021-11-22 07:30:00+00:00;0.096;;
654611;unknown;control;2021-11-22 07:45:00+00:00;0.088;;
654611;unknown;control;2021-11-22 08:00:00+00:00;0.086;;
654611;unknown;control;2021-11-22 08:15:00+00:00;0.08;;
654611;unknown;control;2021-11-22 08:30:00+00:00;0.08;;
654611;unknown;control;2021-11-22 08:45:00+00:00;0.094;;
654611;unknown;control;2021-11-22 09:00:00+00:00;0.077;;
654611;unknown;control;2021-11-22 09:15:00+00:00;0.05;;
654611;unknown;control;2021-11-22 09:30:00+00:00;0.116;;
654611;unknown;control;2021-11-22 09:45:00+00:00;0.031;;
654611;unknown;control;2021-11-22 10:00:00+00:00;0.042;;
654611;unknown;control;2021-11-22 10:15:00+00:00;0.007;;
654611;unknown;control;2021-11-22 10:30:00+00:00;0.404;;
654611;unknown;control;2021-11-22 10:45:00+00:00;0.799;;
654611;unknown;control;2021-11-22 11:00:00+00:00;0.056;;
654611;unknown;control;2021-11-22 11:15:00+00:00;0.031;;
654611;unknown;control;2021-11-22 11:30:00+00:00;0.098;;
654611;unknown;control;2021-11-22 11:45:00+00:00;0.038;;
654611;unknown;control;2021-11-22 12:00:00+00:00;0.051;;
654611;unknown;control;2021-11-22 12:15:00+00:00;0.069;;
654611;unknown;control;2021-11-22 12:30:00+00:00;0.046;;
654611;unknown;control;2021-11-22 12:45:00+00:00;0.062;;
654611;unknown;control;2021-11-22 13:00:00+00:00;0.07;;
654611;unknown;control;2021-11-22 13:15:00+00:00;0.084;;
654611;unknown;control;2021-11-22 13:30:00+00:00;0.113;;
654611;unknown;control;2021-11-22 13:45:00+00:00;0.096;;
654611;unknown;control;2021-11-22 14:00:00+00:00;0.757;;
654611;unknown;control;2021-11-22 14:15:00+00:00;0.556;;
654611;unknown;control;2021-11-22 14:30:00+00:00;0.49;;
654611;unknown;control;2021-11-22 14:45:00+00:00;0.386;;
654611;unknown;control;2021-11-22 15:00:00+00:00;0.391;;
654611;unknown;control;2021-11-22 15:15:00+00:00;0.306;;
654611;unknown;control;2021-11-22 15:30:00+00:00;0.441;;
654611;unknown;control;2021-11-22 15:45:00+00:00;0.325;;
654611;unknown;control;2021-11-22 16:00:00+00:00;0.292;;
654611;unknown;control;2021-11-22 16:15:00+00:00;0.388;;
654611;unknown;control;2021-11-22 16:30:00+00:00;0.328;;
654611;unknown;control;2021-11-22 16:45:00+00:00;0.257;;
654611;unknown;control;2021-11-22 17:00:00+00:00;0.281;;
654611;unknown;control;2021-11-22 17:15:00+00:00;0.396;;
654611;unknown;control;2021-11-22 17:30:00+00:00;0.54;;
654611;unknown;control;2021-11-22 17:45:00+00:00;0.285;;
654611;unknown;control;2021-11-22 18:00:00+00:00;0.27;;
654611;unknown;control;2021-11-22 18:15:00+00:00;0.266;;
654611;unknown;control;2021-11-22 18:30:00+00:00;0.267;;
654611;unknown;control;2021-11-22 18:45:00+00:00;0.267;;
654611;unknown;control;2021-11-22 19:00:00+00:00;0.319;;
654611;unknown;control;2021-11-22 19:15:00+00:00;0.583;;
654611;unknown;control;2021-11-22 19:30:00+00:00;0.579;;
654611;unknown;control;2021-11-22 19:45:00+00:00;0.326;;
654611;unknown;control;2021-11-22 20:00:00+00:00;0.366;;
654611;unknown;control;2021-11-22 20:15:00+00:00;0.326;;
654611;unknown;control;2021-11-22 20:30:00+00:00;0.336;;
654611;unknown;control;2021-11-22 20:45:00+00:00;0.584;;
654611;unknown;control;2021-11-22 21:00:00+00:00;0.479;;
654611;unknown;control;2021-11-22 21:15:00+00:00;0.308;;
654611;unknown;control;2021-11-22 21:30:00+00:00;0.336;;
654611;unknown;control;2021-11-22 21:45:00+00:00;0.273;;
654611;unknown;control;2021-11-22 22:00:00+00:00;0.266;;
654611;unknown;control;2021-11-22 22:15:00+00:00;0.284;;
654611;unknown;control;2021-11-22 22:30:00+00:00;0.248;;
654611;unknown;control;2021-11-22 22:45:00+00:00;0.282;;
654611;unknown;control;2021-11-22 23:00:00+00:00;0.289;;
654611;unknown;control;2021-11-22 23:15:00+00:00;0.287;;
654611;unknown;control;2021-11-22 23:30:00+00:00;0.327;;
654611;unknown;control;2021-11-22 23:45:00+00:00;0.379;;
654611;unknown;control;2021-11-23 00:00:00+00:00;0.369;;
654611;unknown;control;2021-11-23 00:15:00+00:00;0.372;;
654611;unknown;control;2021-11-23 00:30:00+00:00;0.371;;
654611;unknown;control;2021-11-23 00:45:00+00:00;0.34;;
654611;unknown;control;2021-11-23 01:00:00+00:00;0.328;;
654611;unknown;control;2021-11-23 01:15:00+00:00;0.34;;
654611;unknown;control;2021-11-23 01:30:00+00:00;0.352;;
654611;unknown;control;2021-11-23 01:45:00+00:00;0.33;;
654611;unknown;control;2021-11-23 02:00:00+00:00;0.467;;
654611;unknown;control;2021-11-23 02:15:00+00:00;0.346;;
654611;unknown;control;2021-11-23 02:30:00+00:00;0.378;;
654611;unknown;control;2021-11-23 02:45:00+00:00;0.327;;
654611;unknown;control;2021-11-23 03:00:00+00:00;0.348;;
654611;unknown;control;2021-11-23 03:15:00+00:00;0.374;;
654611;unknown;control;2021-11-23 03:30:00+00:00;0.263;;
654611;unknown;control;2021-11-23 03:45:00+00:00;0.438;;
654611;unknown;control;2021-11-23 04:00:00+00:00;0.287;;
654611;unknown;control;2021-11-23 04:15:00+00:00;0.272;;
654611;unknown;control;2021-11-23 04:30:00+00:00;0.29;;
654611;unknown;control;2021-11-23 04:45:00+00:00;0.461;;
654611;unknown;control;2021-11-23 05:00:00+00:00;0.426;;
654611;unknown;control;2021-11-23 05:15:00+00:00;0.217;;
654611;unknown;control;2021-11-23 05:30:00+00:00;0.368;;
654611;unknown;control;2021-11-23 05:45:00+00:00;0.386;;
654611;unknown;control;2021-11-23 06:00:00+00:00;0.131;;
654611;unknown;control;2021-11-23 06:15:00+00:00;0.104;;
654611;unknown;control;2021-11-23 06:30:00+00:00;0.103;;
654611;unknown;control;2021-11-23 06:45:00+00:00;0.105;;
654611;unknown;control;2021-11-23 07:00:00+00:00;0.223;;
654611;unknown;control;2021-11-23 07:15:00+00:00;0.088;;
654611;unknown;control;2021-11-23 07:30:00+00:00;0.094;;
654611;unknown;control;2021-11-23 07:45:00+00:00;0.067;;
654611;unknown;control;2021-11-23 08:00:00+00:00;0.061;;
654611;unknown;control;2021-11-23 08:15:00+00:00;0.08;;
654611;unknown;control;2021-11-23 08:30:00+00:00;0.072;;
654611;unknown;control;2021-11-23 08:45:00+00:00;0.058;;
654611;unknown;control;2021-11-23 09:00:00+00:00;0.062;;
654611;unknown;control;2021-11-23 09:15:00+00:00;0.074;;
654611;unknown;control;2021-11-23 09:30:00+00:00;0.053;;
654611;unknown;control;2021-11-23 09:45:00+00:00;0.058;;
654611;unknown;control;2021-11-23 10:00:00+00:00;0.036;;
654611;unknown;control;2021-11-23 10:15:00+00:00;0.029;;
654611;unknown;control;2021-11-23 10:30:00+00:00;0.058;;
654611;unknown;control;2021-11-23 10:45:00+00:00;0.423;;
654611;unknown;control;2021-11-23 11:00:00+00:00;0.063;;
654611;unknown;control;2021-11-23 11:15:00+00:00;0.123;;
654611;unknown;control;2021-11-23 11:30:00+00:00;0.026;;
654611;unknown;control;2021-11-23 11:45:00+00:00;0.135;;
654611;unknown;control;2021-11-23 12:00:00+00:00;0.087;;
654611;unknown;control;2021-11-23 12:15:00+00:00;0.034;;
654611;unknown;control;2021-11-23 12:30:00+00:00;0.089;;
654611;unknown;control;2021-11-23 12:45:00+00:00;0.112;;
654611;unknown;control;2021-11-23 13:00:00+00:00;0.037;;
654611;unknown;control;2021-11-23 13:15:00+00:00;0.104;;
654611;unknown;control;2021-11-23 13:30:00+00:00;0.073;;
654611;unknown;control;2021-11-23 13:45:00+00:00;0.058;;
654611;unknown;control;2021-11-23 14:00:00+00:00;0.792;;
654611;unknown;control;2021-11-23 14:15:00+00:00;0.568;;
654611;unknown;control;2021-11-23 14:30:00+00:00;0.471;;
654611;unknown;control;2021-11-23 14:45:00+00:00;0.375;;
654611;unknown;control;2021-11-23 15:00:00+00:00;0.534;;
654611;unknown;control;2021-11-23 15:15:00+00:00;0.391;;
654611;unknown;control;2021-11-23 15:30:00+00:00;0.548;;
654611;unknown;control;2021-11-23 15:45:00+00:00;0.478;;
654611;unknown;control;2021-11-23 16:00:00+00:00;0.296;;
654611;unknown;control;2021-11-23 16:15:00+00:00;0.428;;
654611;unknown;control;2021-11-23 16:30:00+00:00;0.37;;
654611;unknown;control;2021-11-23 16:45:00+00:00;0.304;;
654611;unknown;control;2021-11-23 17:00:00+00:00;0.337;;
654611;unknown;control;2021-11-23 17:15:00+00:00;0.588;;
654611;unknown;control;2021-11-23 17:30:00+00:00;0.345;;
654611;unknown;control;2021-11-23 17:45:00+00:00;0.353;;
654611;unknown;control;2021-11-23 18:00:00+00:00;0.393;;
654611;unknown;control;2021-11-23 18:15:00+00:00;0.302;;
654611;unknown;control;2021-11-23 18:30:00+00:00;0.305;;
654611;unknown;control;2021-11-23 18:45:00+00:00;0.4;;
654611;unknown;control;2021-11-23 19:00:00+00:00;0.535;;
654611;unknown;control;2021-11-23 19:15:00+00:00;0.515;;
654611;unknown;control;2021-11-23 19:30:00+00:00;0.459;;
654611;unknown;control;2021-11-23 19:45:00+00:00;0.444;;
654611;unknown;control;2021-11-23 20:00:00+00:00;0.454;;
654611;unknown;control;2021-11-23 20:15:00+00:00;0.42;;
654611;unknown;control;2021-11-23 20:30:00+00:00;0.418;;
654611;unknown;control;2021-11-23 20:45:00+00:00;0.276;;
654611;unknown;control;2021-11-23 21:00:00+00:00;0.249;;
654611;unknown;control;2021-11-23 21:15:00+00:00;0.504;;
654611;unknown;control;2021-11-23 21:30:00+00:00;0.282;;
654611;unknown;control;2021-11-23 21:45:00+00:00;0.396;;
654611;unknown;control;2021-11-23 22:00:00+00:00;0.382;;
654611;unknown;control;2021-11-23 22:15:00+00:00;0.385;;
654611;unknown;control;2021-11-23 22:30:00+00:00;0.36;;
654611;unknown;control;2021-11-23 22:45:00+00:00;0.358;;
654611;unknown;control;2021-11-23 23:00:00+00:00;0.312;;
654611;unknown;control;2021-11-23 23:15:00+00:00;0.298;;
654611;unknown;control;2021-11-23 23:30:00+00:00;0.336;;
654611;unknown;control;2021-11-23 23:45:00+00:00;0.396;;
654611;unknown;control;2021-11-25 00:00:00+00:00;0.304;;
654611;unknown;control;2021-11-25 00:15:00+00:00;0.329;;
654611;unknown;control;2021-11-25 00:30:00+00:00;0.438;;
654611;unknown;control;2021-11-25 00:45:00+00:00;0.231;;
654611;unknown;control;2021-11-25 01:00:00+00:00;0.505;;
654611;unknown;control;2021-11-25 01:15:00+00:00;0.288;;
654611;unknown;control;2021-11-25 01:30:00+00:00;0.362;;
654611;unknown;control;2021-11-25 01:45:00+00:00;0.422;;
654611;unknown;control;2021-11-25 02:00:00+00:00;0.293;;
654611;unknown;control;2021-11-25 02:15:00+00:00;0.427;;
654611;unknown;control;2021-11-25 02:30:00+00:00;0.307;;
654611;unknown;control;2021-11-25 02:45:00+00:00;0.459;;
654611;unknown;control;2021-11-25 03:00:00+00:00;0.286;;
654611;unknown;control;2021-11-25 03:15:00+00:00;0.425;;
654611;unknown;control;2021-11-25 03:30:00+00:00;0.369;;
654611;unknown;control;2021-11-25 03:45:00+00:00;0.267;;
654611;unknown;control;2021-11-25 04:00:00+00:00;0.433;;
654611;unknown;control;2021-11-25 04:15:00+00:00;0.344;;
654611;unknown;control;2021-11-25 04:30:00+00:00;0.409;;
654611;unknown;control;2021-11-25 04:45:00+00:00;0.516;;
654611;unknown;control;2021-11-25 05:00:00+00:00;0.504;;
654611;unknown;control;2021-11-25 05:15:00+00:00;0.316;;
654611;unknown;control;2021-11-25 05:30:00+00:00;0.496;;
654611;unknown;control;2021-11-25 05:45:00+00:00;0.457;;
654611;unknown;control;2021-11-25 06:00:00+00:00;0.111;;
654611;unknown;control;2021-11-25 06:15:00+00:00;0.114;;
654611;unknown;control;2021-11-25 06:30:00+00:00;0.093;;
654611;unknown;control;2021-11-25 06:45:00+00:00;0.1;;
654611;unknown;control;2021-11-25 07:00:00+00:00;0.106;;
654611;unknown;control;2021-11-25 07:15:00+00:00;0.099;;
654611;unknown;control;2021-11-25 07:30:00+00:00;0.108;;
654611;unknown;control;2021-11-25 07:45:00+00:00;0.114;;
654611;unknown;control;2021-11-25 08:00:00+00:00;0.065;;
654611;unknown;control;2021-11-25 08:15:00+00:00;0.057;;
654611;unknown;control;2021-11-25 08:30:00+00:00;0.057;;
654611;unknown;control;2021-11-25 08:45:00+00:00;0.088;;
654611;unknown;control;2021-11-25 09:00:00+00:00;0.061;;
654611;unknown;control;2021-11-25 09:15:00+00:00;0.061;;
654611;unknown;control;2021-11-25 09:30:00+00:00;0.07;;
654611;unknown;control;2021-11-25 09:45:00+00:00;0.033;;
654611;unknown;control;2021-11-25 10:00:00+00:00;0.048;;
654611;unknown;control;2021-11-25 10:15:00+00:00;0.07;;
654611;unknown;control;2021-11-25 10:30:00+00:00;0.08;;
654611;unknown;control;2021-11-25 10:45:00+00:00;0.057;;
654611;unknown;control;2021-11-25 11:00:00+00:00;0.029;;
654611;unknown;control;2021-11-25 11:15:00+00:00;0.028;;
654611;unknown;control;2021-11-25 11:30:00+00:00;0.051;;
654611;unknown;control;2021-11-25 11:45:00+00:00;0.047;;
654611;unknown;control;2021-11-25 12:00:00+00:00;0.121;;
654611;unknown;control;2021-11-25 12:15:00+00:00;0.059;;
654611;unknown;control;2021-11-25 12:30:00+00:00;0.044;;
654611;unknown;control;2021-11-25 12:45:00+00:00;0.079;;
654611;unknown;control;2021-11-25 13:00:00+00:00;0.091;;
654611;unknown;control;2021-11-25 13:15:00+00:00;0.075;;
654611;unknown;control;2021-11-25 13:30:00+00:00;0.078;;
654611;unknown;control;2021-11-25 13:45:00+00:00;0.053;;
654611;unknown;control;2021-11-25 14:00:00+00:00;0.708;;
654611;unknown;control;2021-11-25 14:15:00+00:00;0.756;;
654611;unknown;control;2021-11-25 14:30:00+00:00;0.496;;
654611;unknown;control;2021-11-25 14:45:00+00:00;0.537;;
654611;unknown;control;2021-11-25 15:00:00+00:00;0.579;;
654611;unknown;control;2021-11-25 15:15:00+00:00;0.327;;
654611;unknown;control;2021-11-25 15:30:00+00:00;0.303;;
654611;unknown;control;2021-11-25 15:45:00+00:00;0.448;;
654611;unknown;control;2021-11-25 16:00:00+00:00;0.342;;
654611;unknown;control;2021-11-25 16:15:00+00:00;0.302;;
654611;unknown;control;2021-11-25 16:30:00+00:00;0.462;;
654611;unknown;control;2021-11-25 16:45:00+00:00;0.316;;
654611;unknown;control;2021-11-25 17:00:00+00:00;0.428;;
654611;unknown;control;2021-11-25 17:15:00+00:00;0.876;;
654611;unknown;control;2021-11-25 17:30:00+00:00;0.289;;
654611;unknown;control;2021-11-25 17:45:00+00:00;0.441;;
654611;unknown;control;2021-11-25 18:00:00+00:00;0.417;;
654611;unknown;control;2021-11-25 18:15:00+00:00;0.295;;
654611;unknown;control;2021-11-25 18:30:00+00:00;0.459;;
654611;unknown;control;2021-11-25 18:45:00+00:00;0.274;;
654611;unknown;control;2021-11-25 19:00:00+00:00;0.569;;
654611;unknown;control;2021-11-25 19:15:00+00:00;0.631;;
654611;unknown;control;2021-11-25 19:30:00+00:00;0.619;;
654611;unknown;control;2021-11-25 19:45:00+00:00;0.591;;
654611;unknown;control;2021-11-25 20:00:00+00:00;0.554;;
654611;unknown;control;2021-11-25 20:15:00+00:00;0.464;;
654611;unknown;control;2021-11-25 20:30:00+00:00;0.517;;
654611;unknown;control;2021-11-25 20:45:00+00:00;0.559;;
654611;unknown;control;2021-11-25 21:00:00+00:00;0.493;;
654611;unknown;control;2021-11-25 21:15:00+00:00;0.48;;
654611;unknown;control;2021-11-25 21:30:00+00:00;0.492;;
654611;unknown;control;2021-11-25 21:45:00+00:00;0.511;;
654611;unknown;control;2021-11-25 22:00:00+00:00;0.55;;
654611;unknown;control;2021-11-25 22:15:00+00:00;0.515;;
654611;unknown;control;2021-11-25 22:30:00+00:00;0.473;;
654611;unknown;control;2021-11-25 22:45:00+00:00;0.535;;
654611;unknown;control;2021-11-25 23:00:00+00:00;0.471;;
654611;unknown;control;2021-11-25 23:15:00+00:00;0.447;;
654611;unknown;control;2021-11-25 23:30:00+00:00;0.465;;
654611;unknown;control;2021-11-25 23:45:00+00:00;0.449;;
654611;unknown;control;2021-11-26 00:00:00+00:00;0.447;;
654611;unknown;control;2021-11-26 00:15:00+00:00;0.501;;
654611;unknown;control;2021-11-26 00:30:00+00:00;0.352;;
654611;unknown;control;2021-11-26 00:45:00+00:00;0.526;;
654611;unknown;control;2021-11-26 01:00:00+00:00;0.488;;
654611;unknown;control;2021-11-26 01:15:00+00:00;0.418;;
654611;unknown;control;2021-11-26 01:30:00+00:00;0.398;;
654611;unknown;control;2021-11-26 01:45:00+00:00;0.493;;
654611;unknown;control;2021-11-26 02:00:00+00:00;0.466;;
654611;unknown;control;2021-11-26 02:15:00+00:00;0.467;;
654611;unknown;control;2021-11-26 02:30:00+00:00;0.453;;
654611;unknown;control;2021-11-26 02:45:00+00:00;0.418;;
654611;unknown;control;2021-11-26 03:00:00+00:00;0.507;;
654611;unknown;control;2021-11-26 03:15:00+00:00;0.481;;
654611;unknown;control;2021-11-26 03:30:00+00:00;0.431;;
654611;unknown;control;2021-11-26 03:45:00+00:00;0.388;;
654611;unknown;control;2021-11-26 04:00:00+00:00;0.452;;
654611;unknown;control;2021-11-26 04:15:00+00:00;0.484;;
654611;unknown;control;2021-11-26 04:30:00+00:00;0.524;;
654611;unknown;control;2021-11-26 04:45:00+00:00;0.984;;
654611;unknown;control;2021-11-26 05:00:00+00:00;0.659;;
654611;unknown;control;2021-11-26 05:15:00+00:00;0.482;;
654611;unknown;control;2021-11-26 05:30:00+00:00;0.455;;
654611;unknown;control;2021-11-26 05:45:00+00:00;0.52;;
654611;unknown;control;2021-11-26 06:00:00+00:00;0.165;;
654611;unknown;control;2021-11-26 06:15:00+00:00;0.171;;
654611;unknown;control;2021-11-26 06:30:00+00:00;0.107;;
654611;unknown;control;2021-11-26 06:45:00+00:00;0.097;;
654611;unknown;control;2021-11-26 07:00:00+00:00;0.126;;
654611;unknown;control;2021-11-26 07:15:00+00:00;0.128;;
654611;unknown;control;2021-11-26 07:30:00+00:00;0.137;;
654611;unknown;control;2021-11-26 07:45:00+00:00;0.132;;
654611;unknown;control;2021-11-26 08:00:00+00:00;0.121;;
654611;unknown;control;2021-11-26 08:15:00+00:00;0.113;;
654611;unknown;control;2021-11-26 08:30:00+00:00;0.087;;
654611;unknown;control;2021-11-26 08:45:00+00:00;0.089;;
654611;unknown;control;2021-11-26 09:00:00+00:00;0.094;;
654611;unknown;control;2021-11-26 09:15:00+00:00;0.102;;
654611;unknown;control;2021-11-26 09:30:00+00:00;0.16;;
654611;unknown;control;2021-11-26 09:45:00+00:00;0.115;;
654611;unknown;control;2021-11-26 10:00:00+00:00;0.097;;
654611;unknown;control;2021-11-26 10:15:00+00:00;0.145;;
654611;unknown;control;2021-11-26 10:30:00+00:00;0.134;;
654611;unknown;control;2021-11-26 10:45:00+00:00;0.136;;
654611;unknown;control;2021-11-26 11:00:00+00:00;0.64;;
654611;unknown;control;2021-11-26 11:15:00+00:00;0.255;;
654611;unknown;control;2021-11-26 11:30:00+00:00;0.175;;
654611;unknown;control;2021-11-26 11:45:00+00:00;0.17;;
654611;unknown;control;2021-11-26 12:00:00+00:00;0.549;;
654611;unknown;control;2021-11-26 12:15:00+00:00;0.215;;
654611;unknown;control;2021-11-26 12:30:00+00:00;0.157;;
654611;unknown;control;2021-11-26 12:45:00+00:00;0.167;;
654611;unknown;control;2021-11-26 13:00:00+00:00;0.153;;
654611;unknown;control;2021-11-26 13:15:00+00:00;0.204;;
654611;unknown;control;2021-11-26 13:30:00+00:00;0.565;;
654611;unknown;control;2021-11-26 13:45:00+00:00;0.159;;
654611;unknown;control;2021-11-26 14:00:00+00:00;0.8;;
654611;unknown;control;2021-11-26 14:15:00+00:00;0.768;;
654611;unknown;control;2021-11-26 14:30:00+00:00;0.563;;
654611;unknown;control;2021-11-26 14:45:00+00:00;0.646;;
654611;unknown;control;2021-11-26 15:00:00+00:00;0.73;;
654611;unknown;control;2021-11-26 15:15:00+00:00;0.632;;
654611;unknown;control;2021-11-26 15:30:00+00:00;0.561;;
654611;unknown;control;2021-11-26 15:45:00+00:00;0.544;;
654611;unknown;control;2021-11-26 16:00:00+00:00;0.575;;
654611;unknown;control;2021-11-26 16:15:00+00:00;0.587;;
654611;unknown;control;2021-11-26 16:30:00+00:00;0.598;;
654611;unknown;control;2021-11-26 16:45:00+00:00;0.661;;
654611;unknown;control;2021-11-26 17:00:00+00:00;0.494;;
654611;unknown;control;2021-11-26 17:15:00+00:00;0.616;;
654611;unknown;control;2021-11-26 17:30:00+00:00;0.381;;
654611;unknown;control;2021-11-26 17:45:00+00:00;1.33;;
654611;unknown;control;2021-11-26 18:00:00+00:00;0.876;;
654611;unknown;control;2021-11-26 18:15:00+00:00;0.942;;
654611;unknown;control;2021-11-26 18:30:00+00:00;0.881;;
654611;unknown;control;2021-11-26 18:45:00+00:00;0.584;;
654611;unknown;control;2021-11-26 19:00:00+00:00;0.784;;
654611;unknown;control;2021-11-26 19:15:00+00:00;0.594;;
654611;unknown;control;2021-11-26 19:30:00+00:00;0.596;;
654611;unknown;control;2021-11-26 19:45:00+00:00;0.406;;
654611;unknown;control;2021-11-26 20:00:00+00:00;0.541;;
654611;unknown;control;2021-11-26 20:15:00+00:00;0.537;;
654611;unknown;control;2021-11-26 20:30:00+00:00;0.434;;
654611;unknown;control;2021-11-26 20:45:00+00:00;0.544;;
654611;unknown;control;2021-11-26 21:00:00+00:00;0.595;;
654611;unknown;control;2021-11-26 21:15:00+00:00;0.398;;
654611;unknown;control;2021-11-26 21:30:00+00:00;0.472;;
654611;unknown;control;2021-11-26 21:45:00+00:00;0.425;;
654611;unknown;control;2021-11-26 22:00:00+00:00;0.314;;
654611;unknown;control;2021-11-26 22:15:00+00:00;0.304;;
654611;unknown;control;2021-11-26 22:30:00+00:00;0.377;;
654611;unknown;control;2021-11-26 22:45:00+00:00;0.33;;
654611;unknown;control;2021-11-26 23:00:00+00:00;0.323;;
654611;unknown;control;2021-11-26 23:15:00+00:00;0.446;;
654611;unknown;control;2021-11-26 23:30:00+00:00;0.306;;
654611;unknown;control;2021-11-26 23:45:00+00:00;0.291;;
654611;unknown;control;2021-11-30 00:00:00+00:00;0.467;;
654611;unknown;control;2021-11-30 00:15:00+00:00;0.471;;
654611;unknown;control;2021-11-30 00:30:00+00:00;0.413;;
654611;unknown;control;2021-11-30 00:45:00+00:00;0.408;;
654611;unknown;control;2021-11-30 01:00:00+00:00;0.413;;
654611;unknown;control;2021-11-30 01:15:00+00:00;0.41;;
654611;unknown;control;2021-11-30 01:30:00+00:00;0.41;;
654611;unknown;control;2021-11-30 01:45:00+00:00;0.384;;
654611;unknown;control;2021-11-30 02:00:00+00:00;0.524;;
654611;unknown;control;2021-11-30 02:15:00+00:00;0.458;;
654611;unknown;control;2021-11-30 02:30:00+00:00;0.291;;
654611;unknown;control;2021-11-30 02:45:00+00:00;0.488;;
654611;unknown;control;2021-11-30 03:00:00+00:00;0.432;;
654611;unknown;control;2021-11-30 03:15:00+00:00;0.428;;
654611;unknown;control;2021-11-30 03:30:00+00:00;0.383;;
654611;unknown;control;2021-11-30 03:45:00+00:00;0.354;;
654611;unknown;control;2021-11-30 04:00:00+00:00;0.438;;
654611;unknown;control;2021-11-30 04:15:00+00:00;0.359;;
654611;unknown;control;2021-11-30 04:30:00+00:00;0.459;;
654611;unknown;control;2021-11-30 04:45:00+00:00;0.41;;
654611;unknown;control;2021-11-30 05:00:00+00:00;0.399;;
654611;unknown;control;2021-11-30 05:15:00+00:00;0.404;;
654611;unknown;control;2021-11-30 05:30:00+00:00;0.611;;
654611;unknown;control;2021-11-30 05:45:00+00:00;0.428;;
654611;unknown;control;2021-11-30 06:00:00+00:00;0.148;;
654611;unknown;control;2021-11-30 06:15:00+00:00;0.184;;
654611;unknown;control;2021-11-30 06:30:00+00:00;0.069;;
654611;unknown;control;2021-11-30 06:45:00+00:00;0.087;;
654611;unknown;control;2021-11-30 07:00:00+00:00;0.09;;
654611;unknown;control;2021-11-30 07:15:00+00:00;0.094;;
654611;unknown;control;2021-11-30 07:30:00+00:00;0.096;;
654611;unknown;control;2021-11-30 07:45:00+00:00;0.07;;
654611;unknown;control;2021-11-30 08:00:00+00:00;0.074;;
654611;unknown;control;2021-11-30 08:15:00+00:00;0.112;;
654611;unknown;control;2021-11-30 08:30:00+00:00;0.112;;
654611;unknown;control;2021-11-30 08:45:00+00:00;0.061;;
654611;unknown;control;2021-11-30 09:00:00+00:00;0.084;;
654611;unknown;control;2021-11-30 09:15:00+00:00;0.166;;
654611;unknown;control;2021-11-30 09:30:00+00:00;0.037;;
654611;unknown;control;2021-11-30 09:45:00+00:00;0.029;;
654611;unknown;control;2021-11-30 10:00:00+00:00;0.085;;
654611;unknown;control;2021-11-30 10:15:00+00:00;0.017;;
654611;unknown;control;2021-11-30 10:30:00+00:00;0.03;;
654611;unknown;control;2021-11-30 10:45:00+00:00;0.144;;
654611;unknown;control;2021-11-30 11:00:00+00:00;0.36;;
654611;unknown;control;2021-11-30 11:15:00+00:00;0.18;;
654611;unknown;control;2021-11-30 11:30:00+00:00;0.002;;
654611;unknown;control;2021-11-30 11:45:00+00:00;0.004;;
654611;unknown;control;2021-11-30 12:00:00+00:00;0.012;;
654611;unknown;control;2021-11-30 12:15:00+00:00;0.018;;
654611;unknown;control;2021-11-30 12:30:00+00:00;0.114;;
654611;unknown;control;2021-11-30 12:45:00+00:00;0.069;;
654611;unknown;control;2021-11-30 13:00:00+00:00;0.022;;
654611;unknown;control;2021-11-30 13:15:00+00:00;0.034;;
654611;unknown;control;2021-11-30 13:30:00+00:00;0.029;;
654611;unknown;control;2021-11-30 13:45:00+00:00;0.111;;
654611;unknown;control;2021-11-30 14:00:00+00:00;0.704;;
654611;unknown;control;2021-11-30 14:15:00+00:00;0.546;;
654611;unknown;control;2021-11-30 14:30:00+00:00;0.48;;
654611;unknown;control;2021-11-30 14:45:00+00:00;0.456;;
654611;unknown;control;2021-11-30 15:00:00+00:00;0.44;;
654611;unknown;control;2021-11-30 15:15:00+00:00;0.471;;
654611;unknown;control;2021-11-30 15:30:00+00:00;0.37;;
654611;unknown;control;2021-11-30 15:45:00+00:00;0.86;;
654611;unknown;control;2021-11-30 16:00:00+00:00;0.546;;
654611;unknown;control;2021-11-30 16:15:00+00:00;0.361;;
654611;unknown;control;2021-11-30 16:30:00+00:00;0.341;;
654611;unknown;control;2021-11-30 16:45:00+00:00;0.54;;
654611;unknown;control;2021-11-30 17:00:00+00:00;0.486;;
654611;unknown;control;2021-11-30 17:15:00+00:00;0.292;;
654611;unknown;control;2021-11-30 17:30:00+00:00;0.349;;
654611;unknown;control;2021-11-30 17:45:00+00:00;0.547;;
654611;unknown;control;2021-11-30 18:00:00+00:00;0.282;;
654611;unknown;control;2021-11-30 18:15:00+00:00;0.326;;
654611;unknown;control;2021-11-30 18:30:00+00:00;0.408;;
654611;unknown;control;2021-11-30 18:45:00+00:00;0.268;;
654611;unknown;control;2021-11-30 19:00:00+00:00;0.586;;
654611;unknown;control;2021-11-30 19:15:00+00:00;0.513;;
654611;unknown;control;2021-11-30 19:30:00+00:00;0.387;;
654611;unknown;control;2021-11-30 19:45:00+00:00;0.548;;
654611;unknown;control;2021-11-30 20:00:00+00:00;0.45;;
654611;unknown;control;2021-11-30 20:15:00+00:00;0.354;;
654611;unknown;control;2021-11-30 20:30:00+00:00;0.304;;
654611;unknown;control;2021-11-30 20:45:00+00:00;0.4;;
654611;unknown;control;2021-11-30 21:00:00+00:00;0.397;;
654611;unknown;control;2021-11-30 21:15:00+00:00;0.384;;
654611;unknown;control;2021-11-30 21:30:00+00:00;0.298;;
654611;unknown;control;2021-11-30 21:45:00+00:00;0.393;;
654611;unknown;control;2021-11-30 22:00:00+00:00;0.389;;
654611;unknown;control;2021-11-30 22:15:00+00:00;0.277;;
654611;unknown;control;2021-11-30 22:30:00+00:00;0.286;;
654611;unknown;control;2021-11-30 22:45:00+00:00;0.298;;
654611;unknown;control;2021-11-30 23:00:00+00:00;0.398;;
654611;unknown;control;2021-11-30 23:15:00+00:00;0.202;;
654611;unknown;control;2021-11-30 23:30:00+00:00;0.373;;
654611;unknown;control;2021-11-30 23:45:00+00:00;0.276;;
654611;unknown;control;2021-12-04 00:00:00+00:00;0.41;;
654611;unknown;control;2021-12-04 00:15:00+00:00;0.397;;
654611;unknown;control;2021-12-04 00:30:00+00:00;0.387;;
654611;unknown;control;2021-12-04 00:45:00+00:00;0.391;;
654611;unknown;control;2021-12-04 01:00:00+00:00;0.384;;
654611;unknown;control;2021-12-04 01:15:00+00:00;0.385;;
654611;unknown;control;2021-12-04 01:30:00+00:00;0.489;;
654611;unknown;control;2021-12-04 01:45:00+00:00;0.315;;
654611;unknown;control;2021-12-04 02:00:00+00:00;0.448;;
654611;unknown;control;2021-12-04 02:15:00+00:00;0.423;;
654611;unknown;control;2021-12-04 02:30:00+00:00;0.285;;
654611;unknown;control;2021-12-04 02:45:00+00:00;0.418;;
654611;unknown;control;2021-12-04 03:00:00+00:00;0.306;;
654611;unknown;control;2021-12-04 03:15:00+00:00;0.3;;
654611;unknown;control;2021-12-04 03:30:00+00:00;0.344;;
654611;unknown;control;2021-12-04 03:45:00+00:00;0.41;;
654611;unknown;control;2021-12-04 04:00:00+00:00;0.288;;
654611;unknown;control;2021-12-04 04:15:00+00:00;0.285;;
654611;unknown;control;2021-12-04 04:30:00+00:00;0.289;;
654611;unknown;control;2021-12-04 04:45:00+00:00;0.3;;
654611;unknown;control;2021-12-04 05:00:00+00:00;0.269;;
654611;unknown;control;2021-12-04 05:15:00+00:00;0.228;;
654611;unknown;control;2021-12-04 05:30:00+00:00;0.44;;
654611;unknown;control;2021-12-04 05:45:00+00:00;0.247;;
654611;unknown;control;2021-12-04 06:00:00+00:00;0.051;;
654611;unknown;control;2021-12-04 06:15:00+00:00;0.062;;
654611;unknown;control;2021-12-04 06:30:00+00:00;0.053;;
654611;unknown;control;2021-12-04 06:45:00+00:00;0.048;;
654611;unknown;control;2021-12-04 07:00:00+00:00;0.079;;
654611;unknown;control;2021-12-04 07:15:00+00:00;0.075;;
654611;unknown;control;2021-12-04 07:30:00+00:00;0.1;;
654611;unknown;control;2021-12-04 07:45:00+00:00;0.137;;
654611;unknown;control;2021-12-04 08:00:00+00:00;0.074;;
654611;unknown;control;2021-12-04 08:15:00+00:00;0.103;;
654611;unknown;control;2021-12-04 08:30:00+00:00;0.131;;
654611;unknown;control;2021-12-04 08:45:00+00:00;0.009;;
654611;unknown;control;2021-12-04 09:00:00+00:00;0.002;;
654611;unknown;control;2021-12-04 09:15:00+00:00;0.002;;
654611;unknown;control;2021-12-04 09:30:00+00:00;0.092;;
654611;unknown;control;2021-12-04 09:45:00+00:00;0.393;;
654611;unknown;control;2021-12-04 10:00:00+00:00;0.315;;
654611;unknown;control;2021-12-04 10:15:00+00:00;0.047;;
654611;unknown;control;2021-12-04 10:30:00+00:00;0.045;;
654611;unknown;control;2021-12-04 10:45:00+00:00;0.058;;
654611;unknown;control;2021-12-04 11:00:00+00:00;0.047;;
654611;unknown;control;2021-12-04 11:15:00+00:00;0.104;;
654611;unknown;control;2021-12-04 11:30:00+00:00;0.114;;
654611;unknown;control;2021-12-04 11:45:00+00:00;0.118;;
654611;unknown;control;2021-12-04 12:00:00+00:00;0.641;;
654611;unknown;control;2021-12-04 12:15:00+00:00;0.391;;
654611;unknown;control;2021-12-04 12:30:00+00:00;0.416;;
654611;unknown;control;2021-12-04 12:45:00+00:00;0.439;;
654611;unknown;control;2021-12-04 13:00:00+00:00;0.334;;
654611;unknown;control;2021-12-04 13:15:00+00:00;0.319;;
654611;unknown;control;2021-12-04 13:30:00+00:00;0.317;;
654611;unknown;control;2021-12-04 13:45:00+00:00;0.445;;
654611;unknown;control;2021-12-04 14:00:00+00:00;0.672;;
654611;unknown;control;2021-12-04 14:15:00+00:00;0.809;;
654611;unknown;control;2021-12-04 14:30:00+00:00;0.716;;
654611;unknown;control;2021-12-04 14:45:00+00:00;0.544;;
654611;unknown;control;2021-12-04 15:00:00+00:00;0.565;;
654611;unknown;control;2021-12-04 15:15:00+00:00;0.378;;
654611;unknown;control;2021-12-04 15:30:00+00:00;0.311;;
654611;unknown;control;2021-12-04 15:45:00+00:00;0.297;;
654611;unknown;control;2021-12-04 16:00:00+00:00;0.355;;
654611;unknown;control;2021-12-04 16:15:00+00:00;0.356;;
654611;unknown;control;2021-12-04 16:30:00+00:00;0.375;;
654611;unknown;control;2021-12-04 16:45:00+00:00;0.382;;
654611;unknown;control;2021-12-04 17:00:00+00:00;0.327;;
654611;unknown;control;2021-12-04 17:15:00+00:00;0.771;;
654611;unknown;control;2021-12-04 17:30:00+00:00;0.794;;
654611;unknown;control;2021-12-04 17:45:00+00:00;0.417;;
654611;unknown;control;2021-12-04 18:00:00+00:00;0.572;;
654611;unknown;control;2021-12-04 18:15:00+00:00;0.442;;
654611;unknown;control;2021-12-04 18:30:00+00:00;0.324;;
654611;unknown;control;2021-12-04 18:45:00+00:00;0.26;;
654611;unknown;control;2021-12-04 19:00:00+00:00;0.349;;
654611;unknown;control;2021-12-04 19:15:00+00:00;0.337;;
654611;unknown;control;2021-12-04 19:30:00+00:00;0.399;;
654611;unknown;control;2021-12-04 19:45:00+00:00;0.412;;
654611;unknown;control;2021-12-04 20:00:00+00:00;0.525;;
654611;unknown;control;2021-12-04 20:15:00+00:00;0.396;;
654611;unknown;control;2021-12-04 20:30:00+00:00;0.385;;
654611;unknown;control;2021-12-04 20:45:00+00:00;0.368;;
654611;unknown;control;2021-12-04 21:00:00+00:00;0.443;;
654611;unknown;control;2021-12-04 21:15:00+00:00;0.379;;
654611;unknown;control;2021-12-04 21:30:00+00:00;0.3;;
654611;unknown;control;2021-12-04 21:45:00+00:00;0.48;;
654611;unknown;control;2021-12-04 22:00:00+00:00;0.298;;
654611;unknown;control;2021-12-04 22:15:00+00:00;0.252;;
654611;unknown;control;2021-12-04 22:30:00+00:00;0.271;;
654611;unknown;control;2021-12-04 22:45:00+00:00;0.319;;
654611;unknown;control;2021-12-04 23:00:00+00:00;0.387;;
654611;unknown;control;2021-12-04 23:15:00+00:00;0.4;;
654611;unknown;control;2021-12-04 23:30:00+00:00;0.388;;
654611;unknown;control;2021-12-04 23:45:00+00:00;0.232;;
654611;unknown;control;2021-12-08 00:00:00+00:00;0.442;;
654611;unknown;control;2021-12-08 00:15:00+00:00;0.416;;
654611;unknown;control;2021-12-08 00:30:00+00:00;0.393;;
654611;unknown;control;2021-12-08 00:45:00+00:00;0.401;;
654611;unknown;control;2021-12-08 01:00:00+00:00;0.439;;
654611;unknown;control;2021-12-08 01:15:00+00:00;0.431;;
654611;unknown;control;2021-12-08 01:30:00+00:00;0.43;;
654611;unknown;control;2021-12-08 01:45:00+00:00;0.485;;
654611;unknown;control;2021-12-08 02:00:00+00:00;0.463;;
654611;unknown;control;2021-12-08 02:15:00+00:00;0.449;;
654611;unknown;control;2021-12-08 02:30:00+00:00;0.434;;
654611;unknown;control;2021-12-08 02:45:00+00:00;0.434;;
654611;unknown;control;2021-12-08 03:00:00+00:00;0.432;;
654611;unknown;control;2021-12-08 03:15:00+00:00;0.445;;
654611;unknown;control;2021-12-08 03:30:00+00:00;0.312;;
654611;unknown;control;2021-12-08 03:45:00+00:00;0.444;;
654611;unknown;control;2021-12-08 04:00:00+00:00;0.35;;
654611;unknown;control;2021-12-08 04:15:00+00:00;0.288;;
654611;unknown;control;2021-12-08 04:30:00+00:00;0.442;;
654611;unknown;control;2021-12-08 04:45:00+00:00;0.448;;
654611;unknown;control;2021-12-08 05:00:00+00:00;0.301;;
654611;unknown;control;2021-12-08 05:15:00+00:00;0.313;;
654611;unknown;control;2021-12-08 05:30:00+00:00;0.377;;
654611;unknown;control;2021-12-08 05:45:00+00:00;0.329;;
654611;unknown;control;2021-12-08 06:00:00+00:00;0.175;;
654611;unknown;control;2021-12-08 06:15:00+00:00;0.107;;
654611;unknown;control;2021-12-08 06:30:00+00:00;0.081;;
654611;unknown;control;2021-12-08 06:45:00+00:00;0.083;;
654611;unknown;control;2021-12-08 07:00:00+00:00;0.108;;
654611;unknown;control;2021-12-08 07:15:00+00:00;0.092;;
654611;unknown;control;2021-12-08 07:30:00+00:00;0.079;;
654611;unknown;control;2021-12-08 07:45:00+00:00;0.095;;
654611;unknown;control;2021-12-08 08:00:00+00:00;0.087;;
654611;unknown;control;2021-12-08 08:15:00+00:00;0.106;;
654611;unknown;control;2021-12-08 08:30:00+00:00;0.119;;
654611;unknown;control;2021-12-08 08:45:00+00:00;0.076;;
654611;unknown;control;2021-12-08 09:00:00+00:00;0.079;;
654611;unknown;control;2021-12-08 09:15:00+00:00;0.1;;
654611;unknown;control;2021-12-08 09:30:00+00:00;0.099;;
654611;unknown;control;2021-12-08 09:45:00+00:00;0.131;;
654611;unknown;control;2021-12-08 10:00:00+00:00;0.096;;
654611;unknown;control;2021-12-08 10:15:00+00:00;0.021;;
654611;unknown;control;2021-12-08 10:30:00+00:00;0.012;;
654611;unknown;control;2021-12-08 10:45:00+00:00;0.152;;
654611;unknown;control;2021-12-08 11:00:00+00:00;0.229;;
654611;unknown;control;2021-12-08 11:15:00+00:00;0.135;;
654611;unknown;control;2021-12-08 11:30:00+00:00;0.035;;
654611;unknown;control;2021-12-08 11:45:00+00:00;0.034;;
654611;unknown;control;2021-12-08 12:00:00+00:00;0.042;;
654611;unknown;control;2021-12-08 12:15:00+00:00;0.07;;
654611;unknown;control;2021-12-08 12:30:00+00:00;0.052;;
654611;unknown;control;2021-12-08 12:45:00+00:00;0.063;;
654611;unknown;control;2021-12-08 13:00:00+00:00;0.058;;
654611;unknown;control;2021-12-08 13:15:00+00:00;0.047;;
654611;unknown;control;2021-12-08 13:30:00+00:00;0.066;;
654611;unknown;control;2021-12-08 13:45:00+00:00;0.102;;
654611;unknown;control;2021-12-08 14:00:00+00:00;0.64;;
654611;unknown;control;2021-12-08 14:15:00+00:00;0.489;;
654611;unknown;control;2021-12-08 14:30:00+00:00;0.466;;
654611;unknown;control;2021-12-08 14:45:00+00:00;0.441;;
654611;unknown;control;2021-12-08 15:00:00+00:00;0.332;;
654611;unknown;control;2021-12-08 15:15:00+00:00;0.503;;
654611;unknown;control;2021-12-08 15:30:00+00:00;0.518;;
654611;unknown;control;2021-12-08 15:45:00+00:00;0.353;;
654611;unknown;control;2021-12-08 16:00:00+00:00;0.316;;
654611;unknown;control;2021-12-08 16:15:00+00:00;0.391;;
654611;unknown;control;2021-12-08 16:30:00+00:00;0.439;;
654611;unknown;control;2021-12-08 16:45:00+00:00;0.319;;
654611;unknown;control;2021-12-08 17:00:00+00:00;0.456;;
654611;unknown;control;2021-12-08 17:15:00+00:00;0.245;;
654611;unknown;control;2021-12-08 17:30:00+00:00;0.519;;
654611;unknown;control;2021-12-08 17:45:00+00:00;0.298;;
654611;unknown;control;2021-12-08 18:00:00+00:00;0.34;;
654611;unknown;control;2021-12-08 18:15:00+00:00;0.309;;
654611;unknown;control;2021-12-08 18:30:00+00:00;0.301;;
654611;unknown;control;2021-12-08 18:45:00+00:00;0.33;;
654611;unknown;control;2021-12-08 19:00:00+00:00;0.497;;
654611;unknown;control;2021-12-08 19:15:00+00:00;0.61;;
654611;unknown;control;2021-12-08 19:30:00+00:00;1.072;;
654611;unknown;control;2021-12-08 19:45:00+00:00;0.625;;
654611;unknown;control;2021-12-08 20:00:00+00:00;0.6;;
654611;unknown;control;2021-12-08 20:15:00+00:00;0.688;;
654611;unknown;control;2021-12-08 20:30:00+00:00;0.712;;
654611;unknown;control;2021-12-08 20:45:00+00:00;0.456;;
654611;unknown;control;2021-12-08 21:00:00+00:00;1.033;;
654611;unknown;control;2021-12-08 21:15:00+00:00;0.53;;
654611;unknown;control;2021-12-08 21:30:00+00:00;0.545;;
654611;unknown;control;2021-12-08 21:45:00+00:00;0.554;;
654611;unknown;control;2021-12-08 22:00:00+00:00;0.556;;
654611;unknown;control;2021-12-08 22:15:00+00:00;0.559;;
654611;unknown;control;2021-12-08 22:30:00+00:00;1.014;;
654611;unknown;control;2021-12-08 22:45:00+00:00;0.514;;
654611;unknown;control;2021-12-08 23:00:00+00:00;0.484;;
654611;unknown;control;2021-12-08 23:15:00+00:00;0.496;;
654611;unknown;control;2021-12-08 23:30:00+00:00;0.504;;
654611;unknown;control;2021-12-08 23:45:00+00:00;0.503;;
654611;unknown;control;2021-12-10 00:00:00+00:00;0.563;;
654611;unknown;control;2021-12-10 00:15:00+00:00;0.625;;
654611;unknown;control;2021-12-10 00:30:00+00:00;1.01;;
654611;unknown;control;2021-12-10 00:45:00+00:00;0.637;;
654611;unknown;control;2021-12-10 01:00:00+00:00;0.503;;
654611;unknown;control;2021-12-10 01:15:00+00:00;0.496;;
654611;unknown;control;2021-12-10 01:30:00+00:00;0.499;;
654611;unknown;control;2021-12-10 01:45:00+00:00;0.478;;
654611;unknown;control;2021-12-10 02:00:00+00:00;0.479;;
654611;unknown;control;2021-12-10 02:15:00+00:00;0.526;;
654611;unknown;control;2021-12-10 02:30:00+00:00;0.606;;
654611;unknown;control;2021-12-10 02:45:00+00:00;1.136;;
654611;unknown;control;2021-12-10 03:00:00+00:00;0.583;;
654611;unknown;control;2021-12-10 03:15:00+00:00;0.497;;
654611;unknown;control;2021-12-10 03:30:00+00:00;0.495;;
654611;unknown;control;2021-12-10 03:45:00+00:00;0.488;;
654611;unknown;control;2021-12-10 04:00:00+00:00;0.496;;
654611;unknown;control;2021-12-10 04:15:00+00:00;0.541;;
654611;unknown;control;2021-12-10 04:30:00+00:00;0.576;;
654611;unknown;control;2021-12-10 04:45:00+00:00;0.629;;
654611;unknown;control;2021-12-10 05:00:00+00:00;1.158;;
654611;unknown;control;2021-12-10 05:15:00+00:00;0.558;;
654611;unknown;control;2021-12-10 05:30:00+00:00;0.524;;
654611;unknown;control;2021-12-10 05:45:00+00:00;0.634;;
654611;unknown;control;2021-12-10 06:00:00+00:00;0.148;;
654611;unknown;control;2021-12-10 06:15:00+00:00;0.218;;
654611;unknown;control;2021-12-10 06:30:00+00:00;0.13;;
654611;unknown;control;2021-12-10 06:45:00+00:00;0.119;;
654611;unknown;control;2021-12-10 07:00:00+00:00;0.118;;
654611;unknown;control;2021-12-10 07:15:00+00:00;0.227;;
654611;unknown;control;2021-12-10 07:30:00+00:00;0.133;;
654611;unknown;control;2021-12-10 07:45:00+00:00;0.179;;
654611;unknown;control;2021-12-10 08:00:00+00:00;0.143;;
654611;unknown;control;2021-12-10 08:15:00+00:00;0.123;;
654611;unknown;control;2021-12-10 08:30:00+00:00;0.079;;
654611;unknown;control;2021-12-10 08:45:00+00:00;0.083;;
654611;unknown;control;2021-12-10 09:00:00+00:00;0.057;;
654611;unknown;control;2021-12-10 09:15:00+00:00;0.056;;
654611;unknown;control;2021-12-10 09:30:00+00:00;0.222;;
654611;unknown;control;2021-12-10 09:45:00+00:00;0.241;;
654611;unknown;control;2021-12-10 10:00:00+00:00;0.191;;
654611;unknown;control;2021-12-10 10:15:00+00:00;0.2;;
654611;unknown;control;2021-12-10 10:30:00+00:00;0.243;;
654611;unknown;control;2021-12-10 10:45:00+00:00;0.232;;
654611;unknown;control;2021-12-10 11:00:00+00:00;0.207;;
654611;unknown;control;2021-12-10 11:15:00+00:00;0.232;;
654611;unknown;control;2021-12-10 11:30:00+00:00;0.354;;
654611;unknown;control;2021-12-10 11:45:00+00:00;0.139;;
654611;unknown;control;2021-12-10 12:00:00+00:00;0.131;;
654611;unknown;control;2021-12-10 12:15:00+00:00;0.136;;
654611;unknown;control;2021-12-10 12:30:00+00:00;0.141;;
654611;unknown;control;2021-12-10 12:45:00+00:00;0.118;;
654611;unknown;control;2021-12-10 13:00:00+00:00;0.127;;
654611;unknown;control;2021-12-10 13:15:00+00:00;0.265;;
654611;unknown;control;2021-12-10 13:30:00+00:00;0.171;;
654611;unknown;control;2021-12-10 13:45:00+00:00;0.147;;
654611;unknown;control;2021-12-10 14:00:00+00:00;0.816;;
654611;unknown;control;2021-12-10 14:15:00+00:00;0.677;;
654611;unknown;control;2021-12-10 14:30:00+00:00;0.535;;
654611;unknown;control;2021-12-10 14:45:00+00:00;0.527;;
654611;unknown;control;2021-12-10 15:00:00+00:00;0.746;;
654611;unknown;control;2021-12-10 15:15:00+00:00;0.661;;
654611;unknown;control;2021-12-10 15:30:00+00:00;0.623;;
654611;unknown;control;2021-12-10 15:45:00+00:00;0.606;;
654611;unknown;control;2021-12-10 16:00:00+00:00;0.683;;
654611;unknown;control;2021-12-10 16:15:00+00:00;0.595;;
654611;unknown;control;2021-12-10 16:30:00+00:00;0.589;;
654611;unknown;control;2021-12-10 16:45:00+00:00;0.61;;
654611;unknown;control;2021-12-10 17:00:00+00:00;0.497;;
654611;unknown;control;2021-12-10 17:15:00+00:00;0.551;;
654611;unknown;control;2021-12-10 17:30:00+00:00;0.38;;
654611;unknown;control;2021-12-10 17:45:00+00:00;0.364;;
654611;unknown;control;2021-12-10 18:00:00+00:00;0.482;;
654611;unknown;control;2021-12-10 18:15:00+00:00;0.812;;
654611;unknown;control;2021-12-10 18:30:00+00:00;0.618;;
654611;unknown;control;2021-12-10 18:45:00+00:00;0.335;;
654611;unknown;control;2021-12-10 19:00:00+00:00;0.372;;
654611;unknown;control;2021-12-10 19:15:00+00:00;0.638;;
654611;unknown;control;2021-12-10 19:30:00+00:00;0.986;;
654611;unknown;control;2021-12-10 19:45:00+00:00;0.708;;
654611;unknown;control;2021-12-10 20:00:00+00:00;0.802;;
654611;unknown;control;2021-12-10 20:15:00+00:00;0.546;;
654611;unknown;control;2021-12-10 20:30:00+00:00;0.626;;
654611;unknown;control;2021-12-10 20:45:00+00:00;0.571;;
654611;unknown;control;2021-12-10 21:00:00+00:00;0.525;;
654611;unknown;control;2021-12-10 21:15:00+00:00;0.534;;
654611;unknown;control;2021-12-10 21:30:00+00:00;0.762;;
654611;unknown;control;2021-12-10 21:45:00+00:00;0.384;;
654611;unknown;control;2021-12-10 22:00:00+00:00;0.474;;
654611;unknown;control;2021-12-10 22:15:00+00:00;0.445;;
654611;unknown;control;2021-12-10 22:30:00+00:00;0.419;;
654611;unknown;control;2021-12-10 22:45:00+00:00;0.404;;
654611;unknown;control;2021-12-10 23:00:00+00:00;0.287;;
654611;unknown;control;2021-12-10 23:15:00+00:00;0.437;;
654611;unknown;control;2021-12-10 23:30:00+00:00;0.325;;
654611;unknown;control;2021-12-10 23:45:00+00:00;0.464;;
654611;unknown;control;2021-12-12 00:00:00+00:00;0.289;;
654611;unknown;control;2021-12-12 00:15:00+00:00;0.345;;
654611;unknown;control;2021-12-12 00:30:00+00:00;0.436;;
654611;unknown;control;2021-12-12 00:45:00+00:00;0.303;;
654611;unknown;control;2021-12-12 01:00:00+00:00;0.307;;
654611;unknown;control;2021-12-12 01:15:00+00:00;0.404;;
654611;unknown;control;2021-12-12 01:30:00+00:00;0.316;;
654611;unknown;control;2021-12-12 01:45:00+00:00;0.446;;
654611;unknown;control;2021-12-12 02:00:00+00:00;0.302;;
654611;unknown;control;2021-12-12 02:15:00+00:00;0.274;;
654611;unknown;control;2021-12-12 02:30:00+00:00;0.479;;
654611;unknown;control;2021-12-12 02:45:00+00:00;0.323;;
654611;unknown;control;2021-12-12 03:00:00+00:00;0.356;;
654611;unknown;control;2021-12-12 03:15:00+00:00;0.514;;
654611;unknown;control;2021-12-12 03:30:00+00:00;0.301;;
654611;unknown;control;2021-12-12 03:45:00+00:00;0.508;;
654611;unknown;control;2021-12-12 04:00:00+00:00;0.464;;
654611;unknown;control;2021-12-12 04:15:00+00:00;0.479;;
654611;unknown;control;2021-12-12 04:30:00+00:00;0.447;;
654611;unknown;control;2021-12-12 04:45:00+00:00;0.447;;
654611;unknown;control;2021-12-12 05:00:00+00:00;0.725;;
654611;unknown;control;2021-12-12 05:15:00+00:00;0.612;;
654611;unknown;control;2021-12-12 05:30:00+00:00;0.517;;
654611;unknown;control;2021-12-12 05:45:00+00:00;0.52;;
654611;unknown;control;2021-12-12 06:00:00+00:00;0.098;;
654611;unknown;control;2021-12-12 06:15:00+00:00;0.238;;
654611;unknown;control;2021-12-12 06:30:00+00:00;0.276;;
654611;unknown;control;2021-12-12 06:45:00+00:00;0.26;;
654611;unknown;control;2021-12-12 07:00:00+00:00;0.274;;
654611;unknown;control;2021-12-12 07:15:00+00:00;0.664;;
654611;unknown;control;2021-12-12 07:30:00+00:00;0.347;;
654611;unknown;control;2021-12-12 07:45:00+00:00;0.243;;
654611;unknown;control;2021-12-12 08:00:00+00:00;0.267;;
654611;unknown;control;2021-12-12 08:15:00+00:00;0.252;;
654611;unknown;control;2021-12-12 08:30:00+00:00;0.227;;
654611;unknown;control;2021-12-12 08:45:00+00:00;0.107;;
654611;unknown;control;2021-12-12 09:00:00+00:00;0.429;;
654611;unknown;control;2021-12-12 09:15:00+00:00;0.226;;
654611;unknown;control;2021-12-12 09:30:00+00:00;0.172;;
654611;unknown;control;2021-12-12 09:45:00+00:00;0.196;;
654611;unknown;control;2021-12-12 10:00:00+00:00;0.176;;
654611;unknown;control;2021-12-12 10:15:00+00:00;0.129;;
654611;unknown;control;2021-12-12 10:30:00+00:00;0.085;;
654611;unknown;control;2021-12-12 10:45:00+00:00;0.267;;
654611;unknown;control;2021-12-12 11:00:00+00:00;0.061;;
654611;unknown;control;2021-12-12 11:15:00+00:00;0.094;;
654611;unknown;control;2021-12-12 11:30:00+00:00;0.111;;
654611;unknown;control;2021-12-12 11:45:00+00:00;0.124;;
654611;unknown;control;2021-12-12 12:00:00+00:00;0.111;;
654611;unknown;control;2021-12-12 12:15:00+00:00;0.011;;
654611;unknown;control;2021-12-12 12:30:00+00:00;0.01;;
654611;unknown;control;2021-12-12 12:45:00+00:00;0.113;;
654611;unknown;control;2021-12-12 13:00:00+00:00;0.099;;
654611;unknown;control;2021-12-12 13:15:00+00:00;0.085;;
654611;unknown;control;2021-12-12 13:30:00+00:00;0.101;;
654611;unknown;control;2021-12-12 13:45:00+00:00;0.13;;
654611;unknown;control;2021-12-12 14:00:00+00:00;0.437;;
654611;unknown;control;2021-12-12 14:15:00+00:00;0.552;;
654611;unknown;control;2021-12-12 14:30:00+00:00;0.434;;
654611;unknown;control;2021-12-12 14:45:00+00:00;0.445;;
654611;unknown;control;2021-12-12 15:00:00+00:00;0.736;;
654611;unknown;control;2021-12-12 15:15:00+00:00;0.712;;
654611;unknown;control;2021-12-12 15:30:00+00:00;0.539;;
654611;unknown;control;2021-12-12 15:45:00+00:00;0.52;;
654611;unknown;control;2021-12-12 16:00:00+00:00;0.304;;
654611;unknown;control;2021-12-12 16:15:00+00:00;0.533;;
654611;unknown;control;2021-12-12 16:30:00+00:00;0.344;;
654611;unknown;control;2021-12-12 16:45:00+00:00;0.503;;
654611;unknown;control;2021-12-12 17:00:00+00:00;0.503;;
654611;unknown;control;2021-12-12 17:15:00+00:00;0.321;;
654611;unknown;control;2021-12-12 17:30:00+00:00;0.462;;
654611;unknown;control;2021-12-12 17:45:00+00:00;0.293;;
654611;unknown;control;2021-12-12 18:00:00+00:00;0.456;;
654611;unknown;control;2021-12-12 18:15:00+00:00;0.483;;
654611;unknown;control;2021-12-12 18:30:00+00:00;0.472;;
654611;unknown;control;2021-12-12 18:45:00+00:00;0.316;;
654611;unknown;control;2021-12-12 19:00:00+00:00;0.347;;
654611;unknown;control;2021-12-12 19:15:00+00:00;0.565;;
654611;unknown;control;2021-12-12 19:30:00+00:00;0.487;;
654611;unknown;control;2021-12-12 19:45:00+00:00;0.653;;
654611;unknown;control;2021-12-12 20:00:00+00:00;0.448;;
654611;unknown;control;2021-12-12 20:15:00+00:00;0.607;;
654611;unknown;control;2021-12-12 20:30:00+00:00;0.32;;
654611;unknown;control;2021-12-12 20:45:00+00:00;0.398;;
654611;unknown;control;2021-12-12 21:00:00+00:00;0.423;;
654611;unknown;control;2021-12-12 21:15:00+00:00;0.297;;
654611;unknown;control;2021-12-12 21:30:00+00:00;0.471;;
654611;unknown;control;2021-12-12 21:45:00+00:00;0.229;;
654611;unknown;control;2021-12-12 22:00:00+00:00;0.505;;
654611;unknown;control;2021-12-12 22:15:00+00:00;0.302;;
654611;unknown;control;2021-12-12 22:30:00+00:00;0.441;;
654611;unknown;control;2021-12-12 22:45:00+00:00;0.297;;
654611;unknown;control;2021-12-12 23:00:00+00:00;0.325;;
654611;unknown;control;2021-12-12 23:15:00+00:00;0.314;;
654611;unknown;control;2021-12-12 23:30:00+00:00;0.437;;
654611;unknown;control;2021-12-12 23:45:00+00:00;0.262;;
654611;unknown;control;2021-12-15 00:00:00+00:00;0.367;;
654611;unknown;control;2021-12-15 00:15:00+00:00;0.521;;
654611;unknown;control;2021-12-15 00:30:00+00:00;0.317;;
654611;unknown;control;2021-12-15 00:45:00+00:00;0.463;;
654611;unknown;control;2021-12-15 01:00:00+00:00;0.341;;
654611;unknown;control;2021-12-15 01:15:00+00:00;0.317;;
654611;unknown;control;2021-12-15 01:30:00+00:00;0.517;;
654611;unknown;control;2021-12-15 01:45:00+00:00;0.294;;
654611;unknown;control;2021-12-15 02:00:00+00:00;0.422;;
654611;unknown;control;2021-12-15 02:15:00+00:00;0.474;;
654611;unknown;control;2021-12-15 02:30:00+00:00;0.447;;
654611;unknown;control;2021-12-15 02:45:00+00:00;0.462;;
654611;unknown;control;2021-12-15 03:00:00+00:00;0.461;;
654611;unknown;control;2021-12-15 03:15:00+00:00;0.444;;
654611;unknown;control;2021-12-15 03:30:00+00:00;0.474;;
654611;unknown;control;2021-12-15 03:45:00+00:00;0.522;;
654611;unknown;control;2021-12-15 04:00:00+00:00;0.319;;
654611;unknown;control;2021-12-15 04:15:00+00:00;0.542;;
654611;unknown;control;2021-12-15 04:30:00+00:00;0.318;;
654611;unknown;control;2021-12-15 04:45:00+00:00;0.51;;
654611;unknown;control;2021-12-15 05:00:00+00:00;0.537;;
654611;unknown;control;2021-12-15 05:15:00+00:00;0.321;;
654611;unknown;control;2021-12-15 05:30:00+00:00;0.479;;
654611;unknown;control;2021-12-15 05:45:00+00:00;0.502;;
654611;unknown;control;2021-12-15 06:00:00+00:00;0.229;;
654611;unknown;control;2021-12-15 06:15:00+00:00;0.102;;
654611;unknown;control;2021-12-15 06:30:00+00:00;0.095;;
654611;unknown;control;2021-12-15 06:45:00+00:00;0.087;;
654611;unknown;control;2021-12-15 07:00:00+00:00;0.081;;
654611;unknown;control;2021-12-15 07:15:00+00:00;0.086;;
654611;unknown;control;2021-12-15 07:30:00+00:00;0.087;;
654611;unknown;control;2021-12-15 07:45:00+00:00;0.088;;
654611;unknown;control;2021-12-15 08:00:00+00:00;0.1;;
654611;unknown;control;2021-12-15 08:15:00+00:00;0.086;;
654611;unknown;control;2021-12-15 08:30:00+00:00;0.056;;
654611;unknown;control;2021-12-15 08:45:00+00:00;0.062;;
654611;unknown;control;2021-12-15 09:00:00+00:00;0.104;;
654611;unknown;control;2021-12-15 09:15:00+00:00;0.051;;
654611;unknown;control;2021-12-15 09:30:00+00:00;0.061;;
654611;unknown;control;2021-12-15 09:45:00+00:00;0.05;;
654611;unknown;control;2021-12-15 10:00:00+00:00;0.033;;
654611;unknown;control;2021-12-15 10:15:00+00:00;0.111;;
654611;unknown;control;2021-12-15 10:30:00+00:00;0.079;;
654611;unknown;control;2021-12-15 10:45:00+00:00;0.011;;
654611;unknown;control;2021-12-15 11:00:00+00:00;0.037;;
654611;unknown;control;2021-12-15 11:15:00+00:00;0.033;;
654611;unknown;control;2021-12-15 11:30:00+00:00;0.009;;
654611;unknown;control;2021-12-15 11:45:00+00:00;0.029;;
654611;unknown;control;2021-12-15 12:00:00+00:00;0.016;;
654611;unknown;control;2021-12-15 12:15:00+00:00;0.026;;
654611;unknown;control;2021-12-15 12:30:00+00:00;0.047;;
654611;unknown;control;2021-12-15 12:45:00+00:00;0.041;;
654611;unknown;control;2021-12-15 13:00:00+00:00;0.042;;
654611;unknown;control;2021-12-15 13:15:00+00:00;0.055;;
654611;unknown;control;2021-12-15 13:30:00+00:00;0.042;;
654611;unknown;control;2021-12-15 13:45:00+00:00;0.047;;
654611;unknown;control;2021-12-15 14:00:00+00:00;0.646;;
654611;unknown;control;2021-12-15 14:15:00+00:00;0.504;;
654611;unknown;control;2021-12-15 14:30:00+00:00;0.55;;
654611;unknown;control;2021-12-15 14:45:00+00:00;0.414;;
654611;unknown;control;2021-12-15 15:00:00+00:00;0.316;;
654611;unknown;control;2021-12-15 15:15:00+00:00;0.462;;
654611;unknown;control;2021-12-15 15:30:00+00:00;0.309;;
654611;unknown;control;2021-12-15 15:45:00+00:00;0.314;;
654611;unknown;control;2021-12-15 16:00:00+00:00;0.376;;
654611;unknown;control;2021-12-15 16:15:00+00:00;0.517;;
654611;unknown;control;2021-12-15 16:30:00+00:00;0.418;;
654611;unknown;control;2021-12-15 16:45:00+00:00;0.405;;
654611;unknown;control;2021-12-15 17:00:00+00:00;0.435;;
654611;unknown;control;2021-12-15 17:15:00+00:00;0.834;;
654611;unknown;control;2021-12-15 17:30:00+00:00;0.609;;
654611;unknown;control;2021-12-15 17:45:00+00:00;0.499;;
654611;unknown;control;2021-12-15 18:00:00+00:00;0.299;;
654611;unknown;control;2021-12-15 18:15:00+00:00;0.349;;
654611;unknown;control;2021-12-15 18:30:00+00:00;0.297;;
654611;unknown;control;2021-12-15 18:45:00+00:00;0.266;;
654611;unknown;control;2021-12-15 19:00:00+00:00;0.606;;
654611;unknown;control;2021-12-15 19:15:00+00:00;0.936;;
654611;unknown;control;2021-12-15 19:30:00+00:00;0.461;;
654611;unknown;control;2021-12-15 19:45:00+00:00;0.419;;
654611;unknown;control;2021-12-15 20:00:00+00:00;0.421;;
654611;unknown;control;2021-12-15 20:15:00+00:00;0.517;;
654611;unknown;control;2021-12-15 20:30:00+00:00;0.495;;
654611;unknown;control;2021-12-15 20:45:00+00:00;0.834;;
654611;unknown;control;2021-12-15 21:00:00+00:00;0.458;;
654611;unknown;control;2021-12-15 21:15:00+00:00;0.335;;
654611;unknown;control;2021-12-15 21:30:00+00:00;0.439;;
654611;unknown;control;2021-12-15 21:45:00+00:00;0.255;;
654611;unknown;control;2021-12-15 22:00:00+00:00;0.46;;
654611;unknown;control;2021-12-15 22:15:00+00:00;0.302;;
654611;unknown;control;2021-12-15 22:30:00+00:00;0.276;;
654611;unknown;control;2021-12-15 22:45:00+00:00;0.435;;
654611;unknown;control;2021-12-15 23:00:00+00:00;0.418;;
654611;unknown;control;2021-12-15 23:15:00+00:00;0.315;;
654611;unknown;control;2021-12-15 23:30:00+00:00;0.207;;
654611;unknown;control;2021-12-15 23:45:00+00:00;0.458;;
654611;unknown;control;2021-12-17 00:00:00+00:00;0.228;;
654611;unknown;control;2021-12-17 00:15:00+00:00;0.304;;
654611;unknown;control;2021-12-17 00:30:00+00:00;0.432;;
654611;unknown;control;2021-12-17 00:45:00+00:00;0.302;;
654611;unknown;control;2021-12-17 01:00:00+00:00;0.265;;
654611;unknown;control;2021-12-17 01:15:00+00:00;0.446;;
654611;unknown;control;2021-12-17 01:30:00+00:00;0.329;;
654611;unknown;control;2021-12-17 01:45:00+00:00;0.252;;
654611;unknown;control;2021-12-17 02:00:00+00:00;0.264;;
654611;unknown;control;2021-12-17 02:15:00+00:00;0.353;;
654611;unknown;control;2021-12-17 02:30:00+00:00;0.385;;
654611;unknown;control;2021-12-17 02:45:00+00:00;0.292;;
654611;unknown;control;2021-12-17 03:00:00+00:00;0.341;;
654611;unknown;control;2021-12-17 03:15:00+00:00;0.373;;
654611;unknown;control;2021-12-17 03:30:00+00:00;0.243;;
654611;unknown;control;2021-12-17 03:45:00+00:00;0.283;;
654611;unknown;control;2021-12-17 04:00:00+00:00;0.277;;
654611;unknown;control;2021-12-17 04:15:00+00:00;0.38;;
654611;unknown;control;2021-12-17 04:30:00+00:00;0.297;;
654611;unknown;control;2021-12-17 04:45:00+00:00;0.339;;
654611;unknown;control;2021-12-17 05:00:00+00:00;0.325;;
654611;unknown;control;2021-12-17 05:15:00+00:00;0.408;;
654611;unknown;control;2021-12-17 05:30:00+00:00;0.306;;
654611;unknown;control;2021-12-17 05:45:00+00:00;0.299;;
654611;unknown;control;2021-12-17 06:00:00+00:00;0.108;;
654611;unknown;control;2021-12-17 06:15:00+00:00;0.178;;
654611;unknown;control;2021-12-17 06:30:00+00:00;0.126;;
654611;unknown;control;2021-12-17 06:45:00+00:00;0.107;;
654611;unknown;control;2021-12-17 07:00:00+00:00;0.123;;
654611;unknown;control;2021-12-17 07:15:00+00:00;0.205;;
654611;unknown;control;2021-12-17 07:30:00+00:00;0.102;;
654611;unknown;control;2021-12-17 07:45:00+00:00;0.152;;
654611;unknown;control;2021-12-17 08:00:00+00:00;0.18;;
654611;unknown;control;2021-12-17 08:15:00+00:00;0.148;;
654611;unknown;control;2021-12-17 08:30:00+00:00;0.16;;
654611;unknown;control;2021-12-17 08:45:00+00:00;0.279;;
654611;unknown;control;2021-12-17 09:00:00+00:00;0.136;;
654611;unknown;control;2021-12-17 09:15:00+00:00;0.198;;
654611;unknown;control;2021-12-17 09:30:00+00:00;0.152;;
654611;unknown;control;2021-12-17 09:45:00+00:00;0.124;;
654611;unknown;control;2021-12-17 10:00:00+00:00;0.147;;
654611;unknown;control;2021-12-17 10:15:00+00:00;0.153;;
654611;unknown;control;2021-12-17 10:30:00+00:00;0.12;;
654611;unknown;control;2021-12-17 10:45:00+00:00;0.358;;
654611;unknown;control;2021-12-17 11:00:00+00:00;0.555;;
654611;unknown;control;2021-12-17 11:15:00+00:00;0.1;;
654611;unknown;control;2021-12-17 11:30:00+00:00;0.095;;
654611;unknown;control;2021-12-17 11:45:00+00:00;0.461;;
654611;unknown;control;2021-12-17 12:00:00+00:00;0.227;;
654611;unknown;control;2021-12-17 12:15:00+00:00;0.279;;
654611;unknown;control;2021-12-17 12:30:00+00:00;0.436;;
654611;unknown;control;2021-12-17 12:45:00+00:00;0.133;;
654611;unknown;control;2021-12-17 13:00:00+00:00;0.454;;
654611;unknown;control;2021-12-17 13:15:00+00:00;0.218;;
654611;unknown;control;2021-12-17 13:30:00+00:00;0.071;;
654611;unknown;control;2021-12-17 13:45:00+00:00;0.061;;
654611;unknown;control;2021-12-17 14:00:00+00:00;0.744;;
654611;unknown;control;2021-12-17 14:15:00+00:00;0.859;;
654611;unknown;control;2021-12-17 14:30:00+00:00;0.523;;
654611;unknown;control;2021-12-17 14:45:00+00:00;0.453;;
654611;unknown;control;2021-12-17 15:00:00+00:00;0.528;;
654611;unknown;control;2021-12-17 15:15:00+00:00;0.096;;
654611;unknown;control;2021-12-17 15:30:00+00:00;0.076;;
654611;unknown;control;2021-12-17 15:45:00+00:00;0.07;;
654611;unknown;control;2021-12-17 16:00:00+00:00;0.078;;
654611;unknown;control;2021-12-17 16:15:00+00:00;0.08;;
654611;unknown;control;2021-12-17 16:30:00+00:00;0.06;;
654611;unknown;control;2021-12-17 16:45:00+00:00;0.074;;
654611;unknown;control;2021-12-17 17:00:00+00:00;0.088;;
654611;unknown;control;2021-12-17 17:15:00+00:00;0.089;;
654611;unknown;control;2021-12-17 17:30:00+00:00;0.081;;
654611;unknown;control;2021-12-17 17:45:00+00:00;0.081;;
654611;unknown;control;2021-12-17 18:00:00+00:00;0.067;;
654611;unknown;control;2021-12-17 18:15:00+00:00;0.063;;
654611;unknown;control;2021-12-17 18:30:00+00:00;0.055;;
654611;unknown;control;2021-12-17 18:45:00+00:00;0.075;;
654611;unknown;control;2021-12-17 19:00:00+00:00;0.509;;
654611;unknown;control;2021-12-17 19:15:00+00:00;0.626;;
654611;unknown;control;2021-12-17 19:30:00+00:00;0.546;;
654611;unknown;control;2021-12-17 19:45:00+00:00;0.509;;
654611;unknown;control;2021-12-17 20:00:00+00:00;0.484;;
654611;unknown;control;2021-12-17 20:15:00+00:00;0.489;;
654611;unknown;control;2021-12-17 20:30:00+00:00;0.478;;
654611;unknown;control;2021-12-17 20:45:00+00:00;0.484;;
654611;unknown;control;2021-12-17 21:00:00+00:00;0.474;;
654611;unknown;control;2021-12-17 21:15:00+00:00;0.457;;
654611;unknown;control;2021-12-17 21:30:00+00:00;0.351;;
654611;unknown;control;2021-12-17 21:45:00+00:00;0.518;;
654611;unknown;control;2021-12-17 22:00:00+00:00;0.452;;
654611;unknown;control;2021-12-17 22:15:00+00:00;0.454;;
654611;unknown;control;2021-12-17 22:30:00+00:00;0.423;;
654611;unknown;control;2021-12-17 22:45:00+00:00;0.386;;
654611;unknown;control;2021-12-17 23:00:00+00:00;0.403;;
654611;unknown;control;2021-12-17 23:15:00+00:00;0.401;;
654611;unknown;control;2021-12-17 23:30:00+00:00;0.407;;
654611;unknown;control;2021-12-17 23:45:00+00:00;0.248;;
654611;unknown;control;2021-12-19 00:00:00+00:00;0.458;;
654611;unknown;control;2021-12-19 00:15:00+00:00;0.416;;
654611;unknown;control;2021-12-19 00:30:00+00:00;0.408;;
654611;unknown;control;2021-12-19 00:45:00+00:00;0.385;;
654611;unknown;control;2021-12-19 01:00:00+00:00;0.378;;
654611;unknown;control;2021-12-19 01:15:00+00:00;0.385;;
654611;unknown;control;2021-12-19 01:30:00+00:00;0.394;;
654611;unknown;control;2021-12-19 01:45:00+00:00;0.493;;
654611;unknown;control;2021-12-19 02:00:00+00:00;0.473;;
654611;unknown;control;2021-12-19 02:15:00+00:00;0.434;;
654611;unknown;control;2021-12-19 02:30:00+00:00;0.403;;
654611;unknown;control;2021-12-19 02:45:00+00:00;0.422;;
654611;unknown;control;2021-12-19 03:00:00+00:00;0.434;;
654611;unknown;control;2021-12-19 03:15:00+00:00;0.419;;
654611;unknown;control;2021-12-19 03:30:00+00:00;0.351;;
654611;unknown;control;2021-12-19 03:45:00+00:00;0.502;;
654611;unknown;control;2021-12-19 04:00:00+00:00;0.465;;
654611;unknown;control;2021-12-19 04:15:00+00:00;0.448;;
654611;unknown;control;2021-12-19 04:30:00+00:00;0.458;;
654611;unknown;control;2021-12-19 04:45:00+00:00;0.448;;
654611;unknown;control;2021-12-19 05:00:00+00:00;0.376;;
654611;unknown;control;2021-12-19 05:15:00+00:00;0.415;;
654611;unknown;control;2021-12-19 05:30:00+00:00;0.41;;
654611;unknown;control;2021-12-19 05:45:00+00:00;0.386;;
654611;unknown;control;2021-12-19 06:00:00+00:00;0.183;;
654611;unknown;control;2021-12-19 06:15:00+00:00;0.254;;
654611;unknown;control;2021-12-19 06:30:00+00:00;0.25;;
654611;unknown;control;2021-12-19 06:45:00+00:00;0.257;;
654611;unknown;control;2021-12-19 07:00:00+00:00;0.25;;
654611;unknown;control;2021-12-19 07:15:00+00:00;0.26;;
654611;unknown;control;2021-12-19 07:30:00+00:00;0.397;;
654611;unknown;control;2021-12-19 07:45:00+00:00;0.31;;
654611;unknown;control;2021-12-19 08:00:00+00:00;0.286;;
654611;unknown;control;2021-12-19 08:15:00+00:00;0.313;;
654611;unknown;control;2021-12-19 08:30:00+00:00;0.228;;
654611;unknown;control;2021-12-19 08:45:00+00:00;0.229;;
654611;unknown;control;2021-12-19 09:00:00+00:00;0.257;;
654611;unknown;control;2021-12-19 09:15:00+00:00;0.394;;
654611;unknown;control;2021-12-19 09:30:00+00:00;0.271;;
654611;unknown;control;2021-12-19 09:45:00+00:00;0.178;;
654611;unknown;control;2021-12-19 10:00:00+00:00;0.173;;
654611;unknown;control;2021-12-19 10:15:00+00:00;0.283;;
654611;unknown;control;2021-12-19 10:30:00+00:00;0.198;;
654611;unknown;control;2021-12-19 10:45:00+00:00;0.194;;
654611;unknown;control;2021-12-19 11:00:00+00:00;0.444;;
654611;unknown;control;2021-12-19 11:15:00+00:00;0.244;;
654611;unknown;control;2021-12-19 11:30:00+00:00;0.177;;
654611;unknown;control;2021-12-19 11:45:00+00:00;0.198;;
654611;unknown;control;2021-12-19 12:00:00+00:00;0.223;;
654611;unknown;control;2021-12-19 12:15:00+00:00;0.175;;
654611;unknown;control;2021-12-19 12:30:00+00:00;0.15;;
654611;unknown;control;2021-12-19 12:45:00+00:00;0.149;;
654611;unknown;control;2021-12-19 13:00:00+00:00;0.265;;
654611;unknown;control;2021-12-19 13:15:00+00:00;0.206;;
654611;unknown;control;2021-12-19 13:30:00+00:00;0.237;;
654611;unknown;control;2021-12-19 13:45:00+00:00;0.262;;
654611;unknown;control;2021-12-19 14:00:00+00:00;0.583;;
654611;unknown;control;2021-12-19 14:15:00+00:00;0.489;;
654611;unknown;control;2021-12-19 14:30:00+00:00;0.467;;
654611;unknown;control;2021-12-19 14:45:00+00:00;0.675;;
654611;unknown;control;2021-12-19 15:00:00+00:00;0.629;;
654611;unknown;control;2021-12-19 15:15:00+00:00;0.553;;
654611;unknown;control;2021-12-19 15:30:00+00:00;0.534;;
654611;unknown;control;2021-12-19 15:45:00+00:00;0.487;;
654611;unknown;control;2021-12-19 16:00:00+00:00;0.48;;
654611;unknown;control;2021-12-19 16:15:00+00:00;0.493;;
654611;unknown;control;2021-12-19 16:30:00+00:00;0.497;;
654611;unknown;control;2021-12-19 16:45:00+00:00;0.424;;
654611;unknown;control;2021-12-19 17:00:00+00:00;0.574;;
654611;unknown;control;2021-12-19 17:15:00+00:00;0.513;;
654611;unknown;control;2021-12-19 17:30:00+00:00;0.481;;
654611;unknown;control;2021-12-19 17:45:00+00:00;0.488;;
654611;unknown;control;2021-12-19 18:00:00+00:00;0.511;;
654611;unknown;control;2021-12-19 18:15:00+00:00;0.515;;
654611;unknown;control;2021-12-19 18:30:00+00:00;0.514;;
654611;unknown;control;2021-12-19 18:45:00+00:00;0.97;;
654611;unknown;control;2021-12-19 19:00:00+00:00;0.538;;
654611;unknown;control;2021-12-19 19:15:00+00:00;0.51;;
654611;unknown;control;2021-12-19 19:30:00+00:00;0.484;;
654611;unknown;control;2021-12-19 19:45:00+00:00;0.511;;
654611;unknown;control;2021-12-19 20:00:00+00:00;0.51;;
654611;unknown;control;2021-12-19 20:15:00+00:00;0.502;;
654611;unknown;control;2021-12-19 20:30:00+00:00;0.518;;
654611;unknown;control;2021-12-19 20:45:00+00:00;0.674;;
654611;unknown;control;2021-12-19 21:00:00+00:00;1.085;;
654611;unknown;control;2021-12-19 21:15:00+00:00;0.566;;
654611;unknown;control;2021-12-19 21:30:00+00:00;0.521;;
654611;unknown;control;2021-12-19 21:45:00+00:00;0.478;;
654611;unknown;control;2021-12-19 22:00:00+00:00;0.481;;
654611;unknown;control;2021-12-19 22:15:00+00:00;0.479;;
654611;unknown;control;2021-12-19 22:30:00+00:00;0.509;;
654611;unknown;control;2021-12-19 22:45:00+00:00;0.578;;
654611;unknown;control;2021-12-19 23:00:00+00:00;0.731;;
654611;unknown;control;2021-12-19 23:15:00+00:00;0.846;;
654611;unknown;control;2021-12-19 23:30:00+00:00;0.503;;
654611;unknown;control;2021-12-19 23:45:00+00:00;0.478;;
654611;unknown;control;2021-12-24 00:00:00+00:00;0.238;;
654611;unknown;control;2021-12-24 00:15:00+00:00;0.225;;
654611;unknown;control;2021-12-24 00:30:00+00:00;0.241;;
654611;unknown;control;2021-12-24 00:45:00+00:00;0.26;;
654611;unknown;control;2021-12-24 01:00:00+00:00;0.352;;
654611;unknown;control;2021-12-24 01:15:00+00:00;0.23;;
654611;unknown;control;2021-12-24 01:30:00+00:00;0.414;;
654611;unknown;control;2021-12-24 01:45:00+00:00;0.263;;
654611;unknown;control;2021-12-24 02:00:00+00:00;0.266;;
654611;unknown;control;2021-12-24 02:15:00+00:00;0.33;;
654611;unknown;control;2021-12-24 02:30:00+00:00;0.278;;
654611;unknown;control;2021-12-24 02:45:00+00:00;0.267;;
654611;unknown;control;2021-12-24 03:00:00+00:00;0.242;;
654611;unknown;control;2021-12-24 03:15:00+00:00;0.367;;
654611;unknown;control;2021-12-24 03:30:00+00:00;0.356;;
654611;unknown;control;2021-12-24 03:45:00+00:00;0.261;;
654611;unknown;control;2021-12-24 04:00:00+00:00;0.256;;
654611;unknown;control;2021-12-24 04:15:00+00:00;0.397;;
654611;unknown;control;2021-12-24 04:30:00+00:00;0.299;;
654611;unknown;control;2021-12-24 04:45:00+00:00;0.238;;
654611;unknown;control;2021-12-24 05:00:00+00:00;0.394;;
654611;unknown;control;2021-12-24 05:15:00+00:00;0.311;;
654611;unknown;control;2021-12-24 05:30:00+00:00;0.276;;
654611;unknown;control;2021-12-24 05:45:00+00:00;0.601;;
654611;unknown;control;2021-12-24 06:00:00+00:00;0.19;;
654611;unknown;control;2021-12-24 06:15:00+00:00;0.189;;
654611;unknown;control;2021-12-24 06:30:00+00:00;0.105;;
654611;unknown;control;2021-12-24 06:45:00+00:00;0.188;;
654611;unknown;control;2021-12-24 07:00:00+00:00;0.131;;
654611;unknown;control;2021-12-24 07:15:00+00:00;0.344;;
654611;unknown;control;2021-12-24 07:30:00+00:00;0.81;;
654611;unknown;control;2021-12-24 07:45:00+00:00;0.133;;
654611;unknown;control;2021-12-24 08:00:00+00:00;0.482;;
654611;unknown;control;2021-12-24 08:15:00+00:00;0.395;;
654611;unknown;control;2021-12-24 08:30:00+00:00;0.24;;
654611;unknown;control;2021-12-24 08:45:00+00:00;0.34;;
654611;unknown;control;2021-12-24 09:00:00+00:00;0.199;;
654611;unknown;control;2021-12-24 09:15:00+00:00;0.103;;
654611;unknown;control;2021-12-24 09:30:00+00:00;0.088;;
654611;unknown;control;2021-12-24 09:45:00+00:00;0.197;;
654611;unknown;control;2021-12-24 10:00:00+00:00;0.143;;
654611;unknown;control;2021-12-24 10:15:00+00:00;0.007;;
654611;unknown;control;2021-12-24 10:30:00+00:00;0.001;;
654611;unknown;control;2021-12-24 10:45:00+00:00;0.001;;
654611;unknown;control;2021-12-24 11:00:00+00:00;0.001;;
654611;unknown;control;2021-12-24 11:15:00+00:00;0.029;;
654611;unknown;control;2021-12-24 11:30:00+00:00;0.052;;
654611;unknown;control;2021-12-24 11:45:00+00:00;0.007;;
654611;unknown;control;2021-12-24 12:00:00+00:00;0.014;;
654611;unknown;control;2021-12-24 12:15:00+00:00;0.062;;
654611;unknown;control;2021-12-24 12:30:00+00:00;0.049;;
654611;unknown;control;2021-12-24 12:45:00+00:00;0.349;;
654611;unknown;control;2021-12-24 13:00:00+00:00;0.37;;
654611;unknown;control;2021-12-24 13:15:00+00:00;0.339;;
654611;unknown;control;2021-12-24 13:30:00+00:00;0.206;;
654611;unknown;control;2021-12-24 13:45:00+00:00;0.284;;
654611;unknown;control;2021-12-24 14:00:00+00:00;0.968;;
654611;unknown;control;2021-12-24 14:15:00+00:00;0.898;;
654611;unknown;control;2021-12-24 14:30:00+00:00;0.719;;
654611;unknown;control;2021-12-24 14:45:00+00:00;0.601;;
654611;unknown;control;2021-12-24 15:00:00+00:00;0.513;;
654611;unknown;control;2021-12-24 15:15:00+00:00;0.481;;
654611;unknown;control;2021-12-24 15:30:00+00:00;0.497;;
654611;unknown;control;2021-12-24 15:45:00+00:00;0.314;;
654611;unknown;control;2021-12-24 16:00:00+00:00;0.323;;
654611;unknown;control;2021-12-24 16:15:00+00:00;0.426;;
654611;unknown;control;2021-12-24 16:30:00+00:00;0.288;;
654611;unknown;control;2021-12-24 16:45:00+00:00;0.305;;
654611;unknown;control;2021-12-24 17:00:00+00:00;0.517;;
654611;unknown;control;2021-12-24 17:15:00+00:00;0.528;;
654611;unknown;control;2021-12-24 17:30:00+00:00;0.461;;
654611;unknown;control;2021-12-24 17:45:00+00:00;1.266;;
654611;unknown;control;2021-12-24 18:00:00+00:00;0.787;;
654611;unknown;control;2021-12-24 18:15:00+00:00;0.596;;
654611;unknown;control;2021-12-24 18:30:00+00:00;0.695;;
654611;unknown;control;2021-12-24 18:45:00+00:00;0.353;;
654611;unknown;control;2021-12-24 19:00:00+00:00;0.383;;
654611;unknown;control;2021-12-24 19:15:00+00:00;0.423;;
654611;unknown;control;2021-12-24 19:30:00+00:00;0.715;;
654611;unknown;control;2021-12-24 19:45:00+00:00;0.31;;
654611;unknown;control;2021-12-24 20:00:00+00:00;0.515;;
654611;unknown;control;2021-12-24 20:15:00+00:00;0.5;;
654611;unknown;control;2021-12-24 20:30:00+00:00;0.293;;
654611;unknown;control;2021-12-24 20:45:00+00:00;0.306;;
654611;unknown;control;2021-12-24 21:00:00+00:00;0.344;;
654611;unknown;control;2021-12-24 21:15:00+00:00;0.282;;
654611;unknown;control;2021-12-24 21:30:00+00:00;0.57;;
654611;unknown;control;2021-12-24 21:45:00+00:00;0.616;;
654611;unknown;control;2021-12-24 22:00:00+00:00;0.575;;
654611;unknown;control;2021-12-24 22:15:00+00:00;0.5;;
654611;unknown;control;2021-12-24 22:30:00+00:00;0.489;;
654611;unknown;control;2021-12-24 22:45:00+00:00;0.875;;
654611;unknown;control;2021-12-24 23:00:00+00:00;0.762;;
654611;unknown;control;2021-12-24 23:15:00+00:00;0.913;;
654611;unknown;control;2021-12-24 23:30:00+00:00;0.75;;
654611;unknown;control;2021-12-24 23:45:00+00:00;0.825;;
654611;unknown;control;2021-12-25 00:00:00+00:00;0.827;;
654611;unknown;control;2021-12-25 00:15:00+00:00;0.765;;
654611;unknown;control;2021-12-25 00:30:00+00:00;0.801;;
654611;unknown;control;2021-12-25 00:45:00+00:00;0.782;;
654611;unknown;control;2021-12-25 01:00:00+00:00;0.685;;
654611;unknown;control;2021-12-25 01:15:00+00:00;0.832;;
654611;unknown;control;2021-12-25 01:30:00+00:00;0.68;;
654611;unknown;control;2021-12-25 01:45:00+00:00;0.839;;
654611;unknown;control;2021-12-25 02:00:00+00:00;0.776;;
654611;unknown;control;2021-12-25 02:15:00+00:00;0.741;;
654611;unknown;control;2021-12-25 02:30:00+00:00;0.804;;
654611;unknown;control;2021-12-25 02:45:00+00:00;0.727;;
654611;unknown;control;2021-12-25 03:00:00+00:00;0.719;;
654611;unknown;control;2021-12-25 03:15:00+00:00;0.681;;
654611;unknown;control;2021-12-25 03:30:00+00:00;0.387;;
654611;unknown;control;2021-12-25 03:45:00+00:00;0.25;;
654611;unknown;control;2021-12-25 04:00:00+00:00;0.236;;
654611;unknown;control;2021-12-25 04:15:00+00:00;0.261;;
654611;unknown;control;2021-12-25 04:30:00+00:00;0.262;;
654611;unknown;control;2021-12-25 04:45:00+00:00;0.257;;
654611;unknown;control;2021-12-25 05:00:00+00:00;0.252;;
654611;unknown;control;2021-12-25 05:15:00+00:00;0.392;;
654611;unknown;control;2021-12-25 05:30:00+00:00;0.25;;
654611;unknown;control;2021-12-25 05:45:00+00:00;0.26;;
654611;unknown;control;2021-12-25 06:00:00+00:00;0.087;;
654611;unknown;control;2021-12-25 06:15:00+00:00;0.057;;
654611;unknown;control;2021-12-25 06:30:00+00:00;0.061;;
654611;unknown;control;2021-12-25 06:45:00+00:00;0.069;;
654611;unknown;control;2021-12-25 07:00:00+00:00;0.062;;
654611;unknown;control;2021-12-25 07:15:00+00:00;0.074;;
654611;unknown;control;2021-12-25 07:30:00+00:00;0.07;;
654611;unknown;control;2021-12-25 07:45:00+00:00;0.049;;
654611;unknown;control;2021-12-25 08:00:00+00:00;0.063;;
654611;unknown;control;2021-12-25 08:15:00+00:00;0.064;;
654611;unknown;control;2021-12-25 08:30:00+00:00;0.065;;
654611;unknown;control;2021-12-25 08:45:00+00:00;0.133;;
654611;unknown;control;2021-12-25 09:00:00+00:00;0.078;;
654611;unknown;control;2021-12-25 09:15:00+00:00;0.113;;
654611;unknown;control;2021-12-25 09:30:00+00:00;0.056;;
654611;unknown;control;2021-12-25 09:45:00+00:00;0.007;;
654611;unknown;control;2021-12-25 10:00:00+00:00;0.022;;
654611;unknown;control;2021-12-25 10:15:00+00:00;0.051;;
654611;unknown;control;2021-12-25 10:30:00+00:00;0.081;;
654611;unknown;control;2021-12-25 10:45:00+00:00;0.08;;
654611;unknown;control;2021-12-25 11:00:00+00:00;0.065;;
654611;unknown;control;2021-12-25 11:15:00+00:00;0.017;;
654611;unknown;control;2021-12-25 11:30:00+00:00;0.056;;
654611;unknown;control;2021-12-25 11:45:00+00:00;0.045;;
654611;unknown;control;2021-12-25 12:00:00+00:00;0.332;;
654611;unknown;control;2021-12-25 12:15:00+00:00;0.224;;
654611;unknown;control;2021-12-25 12:30:00+00:00;0.277;;
654611;unknown;control;2021-12-25 12:45:00+00:00;0.345;;
654611;unknown;control;2021-12-25 13:00:00+00:00;0.167;;
654611;unknown;control;2021-12-25 13:15:00+00:00;0.043;;
654611;unknown;control;2021-12-25 13:30:00+00:00;0.075;;
654611;unknown;control;2021-12-25 13:45:00+00:00;0.195;;
654611;unknown;control;2021-12-25 14:00:00+00:00;0.037;;
654611;unknown;control;2021-12-25 14:15:00+00:00;0.22;;
654611;unknown;control;2021-12-25 14:30:00+00:00;0.305;;
654611;unknown;control;2021-12-25 14:45:00+00:00;0.227;;
654611;unknown;control;2021-12-25 15:00:00+00:00;0.361;;
654611;unknown;control;2021-12-25 15:15:00+00:00;0.374;;
654611;unknown;control;2021-12-25 15:30:00+00:00;0.373;;
654611;unknown;control;2021-12-25 15:45:00+00:00;0.296;;
654611;unknown;control;2021-12-25 16:00:00+00:00;0.433;;
654611;unknown;control;2021-12-25 16:15:00+00:00;0.28;;
654611;unknown;control;2021-12-25 16:30:00+00:00;0.426;;
654611;unknown;control;2021-12-25 16:45:00+00:00;0.254;;
654611;unknown;control;2021-12-25 17:00:00+00:00;0.422;;
654611;unknown;control;2021-12-25 17:15:00+00:00;0.348;;
654611;unknown;control;2021-12-25 17:30:00+00:00;0.36;;
654611;unknown;control;2021-12-25 17:45:00+00:00;1.039;;
654611;unknown;control;2021-12-25 18:00:00+00:00;0.789;;
654611;unknown;control;2021-12-25 18:15:00+00:00;0.475;;
654611;unknown;control;2021-12-25 18:30:00+00:00;0.345;;
654611;unknown;control;2021-12-25 18:45:00+00:00;0.288;;
654611;unknown;control;2021-12-25 19:00:00+00:00;0.329;;
654611;unknown;control;2021-12-25 19:15:00+00:00;0.369;;
654611;unknown;control;2021-12-25 19:30:00+00:00;0.395;;
654611;unknown;control;2021-12-25 19:45:00+00:00;0.422;;
654611;unknown;control;2021-12-25 20:00:00+00:00;0.686;;
654611;unknown;control;2021-12-25 20:15:00+00:00;0.302;;
654611;unknown;control;2021-12-25 20:30:00+00:00;0.33;;
654611;unknown;control;2021-12-25 20:45:00+00:00;0.462;;
654611;unknown;control;2021-12-25 21:00:00+00:00;0.363;;
654611;unknown;control;2021-12-25 21:15:00+00:00;0.699;;
654611;unknown;control;2021-12-25 21:30:00+00:00;0.456;;
654611;unknown;control;2021-12-25 21:45:00+00:00;0.286;;
654611;unknown;control;2021-12-25 22:00:00+00:00;0.265;;
654611;unknown;control;2021-12-25 22:15:00+00:00;0.236;;
654611;unknown;control;2021-12-25 22:30:00+00:00;0.222;;
654611;unknown;control;2021-12-25 22:45:00+00:00;0.225;;
654611;unknown;control;2021-12-25 23:00:00+00:00;0.207;;
654611;unknown;control;2021-12-25 23:15:00+00:00;0.241;;
654611;unknown;control;2021-12-25 23:30:00+00:00;0.253;;
654611;unknown;control;2021-12-25 23:45:00+00:00;0.251;;
654611;unknown;control;2021-12-26 00:00:00+00:00;0.276;;
654611;unknown;control;2021-12-26 00:15:00+00:00;0.27;;
654611;unknown;control;2021-12-26 00:30:00+00:00;0.245;;
654611;unknown;control;2021-12-26 00:45:00+00:00;0.264;;
654611;unknown;control;2021-12-26 01:00:00+00:00;0.247;;
654611;unknown;control;2021-12-26 01:15:00+00:00;0.234;;
654611;unknown;control;2021-12-26 01:30:00+00:00;0.264;;
654611;unknown;control;2021-12-26 01:45:00+00:00;0.262;;
654611;unknown;control;2021-12-26 02:00:00+00:00;0.242;;
654611;unknown;control;2021-12-26 02:15:00+00:00;0.256;;
654611;unknown;control;2021-12-26 02:30:00+00:00;0.249;;
654611;unknown;control;2021-12-26 02:45:00+00:00;0.213;;
654611;unknown;control;2021-12-26 03:00:00+00:00;0.199;;
654611;unknown;control;2021-12-26 03:15:00+00:00;0.353;;
654611;unknown;control;2021-12-26 03:30:00+00:00;0.248;;
654611;unknown;control;2021-12-26 03:45:00+00:00;0.248;;
654611;unknown;control;2021-12-26 04:00:00+00:00;0.222;;
654611;unknown;control;2021-12-26 04:15:00+00:00;0.211;;
654611;unknown;control;2021-12-26 04:30:00+00:00;0.238;;
654611;unknown;control;2021-12-26 04:45:00+00:00;0.242;;
654611;unknown;control;2021-12-26 05:00:00+00:00;0.306;;
654611;unknown;control;2021-12-26 05:15:00+00:00;0.285;;
654611;unknown;control;2021-12-26 05:30:00+00:00;0.23;;
654611;unknown;control;2021-12-26 05:45:00+00:00;0.208;;
654611;unknown;control;2021-12-26 06:00:00+00:00;0.129;;
654611;unknown;control;2021-12-26 06:15:00+00:00;0.086;;
654611;unknown;control;2021-12-26 06:30:00+00:00;0.084;;
654611;unknown;control;2021-12-26 06:45:00+00:00;0.102;;
654611;unknown;control;2021-12-26 07:00:00+00:00;0.077;;
654611;unknown;control;2021-12-26 07:15:00+00:00;0.211;;
654611;unknown;control;2021-12-26 07:30:00+00:00;0.157;;
654611;unknown;control;2021-12-26 07:45:00+00:00;0.21;;
654611;unknown;control;2021-12-26 08:00:00+00:00;0.226;;
654611;unknown;control;2021-12-26 08:15:00+00:00;0.123;;
654611;unknown;control;2021-12-26 08:30:00+00:00;0.248;;
654611;unknown;control;2021-12-26 08:45:00+00:00;0.221;;
654611;unknown;control;2021-12-26 09:00:00+00:00;0.363;;
654611;unknown;control;2021-12-26 09:15:00+00:00;0.176;;
654611;unknown;control;2021-12-26 09:30:00+00:00;0.191;;
654611;unknown;control;2021-12-26 09:45:00+00:00;0.185;;
654611;unknown;control;2021-12-26 10:00:00+00:00;0.168;;
654611;unknown;control;2021-12-26 10:15:00+00:00;0.029;;
654611;unknown;control;2021-12-26 10:30:00+00:00;0.087;;
654611;unknown;control;2021-12-26 10:45:00+00:00;0.052;;
654611;unknown;control;2021-12-26 11:00:00+00:00;0.277;;
654611;unknown;control;2021-12-26 11:15:00+00:00;0.396;;
654611;unknown;control;2021-12-26 11:30:00+00:00;0.321;;
654611;unknown;control;2021-12-26 11:45:00+00:00;0.354;;
654611;unknown;control;2021-12-26 12:00:00+00:00;0.265;;
654611;unknown;control;2021-12-26 12:15:00+00:00;0.194;;
654611;unknown;control;2021-12-26 12:30:00+00:00;0.131;;
654611;unknown;control;2021-12-26 12:45:00+00:00;0.285;;
654611;unknown;control;2021-12-26 13:00:00+00:00;0.138;;
654611;unknown;control;2021-12-26 13:15:00+00:00;0.151;;
654611;unknown;control;2021-12-26 13:30:00+00:00;0.185;;
654611;unknown;control;2021-12-26 13:45:00+00:00;0.159;;
654611;unknown;control;2021-12-26 14:00:00+00:00;0.486;;
654611;unknown;control;2021-12-26 14:15:00+00:00;0.338;;
654611;unknown;control;2021-12-26 14:30:00+00:00;0.377;;
654611;unknown;control;2021-12-26 14:45:00+00:00;0.264;;
654611;unknown;control;2021-12-26 15:00:00+00:00;0.276;;
654611;unknown;control;2021-12-26 15:15:00+00:00;0.42;;
654611;unknown;control;2021-12-26 15:30:00+00:00;0.288;;
654611;unknown;control;2021-12-26 15:45:00+00:00;0.294;;
654611;unknown;control;2021-12-26 16:00:00+00:00;0.302;;
654611;unknown;control;2021-12-26 16:15:00+00:00;0.371;;
654611;unknown;control;2021-12-26 16:30:00+00:00;0.314;;
654611;unknown;control;2021-12-26 16:45:00+00:00;0.768;;
654611;unknown;control;2021-12-26 17:00:00+00:00;0.716;;
654611;unknown;control;2021-12-26 17:15:00+00:00;0.476;;
654611;unknown;control;2021-12-26 17:30:00+00:00;0.404;;
654611;unknown;control;2021-12-26 17:45:00+00:00;0.331;;
654611;unknown;control;2021-12-26 18:00:00+00:00;0.288;;
654611;unknown;control;2021-12-26 18:15:00+00:00;0.296;;
654611;unknown;control;2021-12-26 18:30:00+00:00;0.299;;
654611;unknown;control;2021-12-26 18:45:00+00:00;0.303;;
654611;unknown;control;2021-12-26 19:00:00+00:00;0.3;;
654611;unknown;control;2021-12-26 19:15:00+00:00;0.276;;
654611;unknown;control;2021-12-26 19:30:00+00:00;0.222;;
654611;unknown;control;2021-12-26 19:45:00+00:00;0.42;;
654611;unknown;control;2021-12-26 20:00:00+00:00;0.252;;
654611;unknown;control;2021-12-26 20:15:00+00:00;0.291;;
654611;unknown;control;2021-12-26 20:30:00+00:00;0.277;;
654611;unknown;control;2021-12-26 20:45:00+00:00;0.236;;
654611;unknown;control;2021-12-26 21:00:00+00:00;0.382;;
654611;unknown;control;2021-12-26 21:15:00+00:00;0.276;;
654611;unknown;control;2021-12-26 21:30:00+00:00;0.242;;
654611;unknown;control;2021-12-26 21:45:00+00:00;0.245;;
654611;unknown;control;2021-12-26 22:00:00+00:00;0.257;;
654611;unknown;control;2021-12-26 22:15:00+00:00;0.238;;
654611;unknown;control;2021-12-26 22:30:00+00:00;0.225;;
654611;unknown;control;2021-12-26 22:45:00+00:00;0.22;;
654611;unknown;control;2021-12-26 23:00:00+00:00;0.228;;
654611;unknown;control;2021-12-26 23:15:00+00:00;0.231;;
654611;unknown;control;2021-12-26 23:30:00+00:00;0.33;;
654611;unknown;control;2021-12-26 23:45:00+00:00;0.276;;
654611;unknown;control;2021-12-29 00:00:00+00:00;0.224;;
654611;unknown;control;2021-12-29 00:15:00+00:00;0.218;;
654611;unknown;control;2021-12-29 00:30:00+00:00;0.226;;
654611;unknown;control;2021-12-29 00:45:00+00:00;0.198;;
654611;unknown;control;2021-12-29 01:00:00+00:00;0.213;;
654611;unknown;control;2021-12-29 01:15:00+00:00;0.208;;
654611;unknown;control;2021-12-29 01:30:00+00:00;0.307;;
654611;unknown;control;2021-12-29 01:45:00+00:00;0.237;;
654611;unknown;control;2021-12-29 02:00:00+00:00;0.248;;
654611;unknown;control;2021-12-29 02:15:00+00:00;0.224;;
654611;unknown;control;2021-12-29 02:30:00+00:00;0.19;;
654611;unknown;control;2021-12-29 02:45:00+00:00;0.215;;
654611;unknown;control;2021-12-29 03:00:00+00:00;0.259;;
654611;unknown;control;2021-12-29 03:15:00+00:00;0.214;;
654611;unknown;control;2021-12-29 03:30:00+00:00;0.217;;
654611;unknown;control;2021-12-29 03:45:00+00:00;0.238;;
654611;unknown;control;2021-12-29 04:00:00+00:00;0.226;;
654611;unknown;control;2021-12-29 04:15:00+00:00;0.245;;
654611;unknown;control;2021-12-29 04:30:00+00:00;0.322;;
654611;unknown;control;2021-12-29 04:45:00+00:00;0.23;;
654611;unknown;control;2021-12-29 05:00:00+00:00;0.249;;
654611;unknown;control;2021-12-29 05:15:00+00:00;0.246;;
654611;unknown;control;2021-12-29 05:30:00+00:00;0.252;;
654611;unknown;control;2021-12-29 05:45:00+00:00;0.316;;
654611;unknown;control;2021-12-29 06:00:00+00:00;0.095;;
654611;unknown;control;2021-12-29 06:15:00+00:00;0.071;;
654611;unknown;control;2021-12-29 06:30:00+00:00;0.228;;
654611;unknown;control;2021-12-29 06:45:00+00:00;0.107;;
654611;unknown;control;2021-12-29 07:00:00+00:00;0.117;;
654611;unknown;control;2021-12-29 07:15:00+00:00;0.11;;
654611;unknown;control;2021-12-29 07:30:00+00:00;0.139;;
654611;unknown;control;2021-12-29 07:45:00+00:00;0.264;;
654611;unknown;control;2021-12-29 08:00:00+00:00;0.129;;
654611;unknown;control;2021-12-29 08:15:00+00:00;0.155;;
654611;unknown;control;2021-12-29 08:30:00+00:00;0.106;;
654611;unknown;control;2021-12-29 08:45:00+00:00;0.087;;
654611;unknown;control;2021-12-29 09:00:00+00:00;0.078;;
654611;unknown;control;2021-12-29 09:15:00+00:00;0.106;;
654611;unknown;control;2021-12-29 09:30:00+00:00;0.12;;
654611;unknown;control;2021-12-29 09:45:00+00:00;0.092;;
654611;unknown;control;2021-12-29 10:00:00+00:00;0.11;;
654611;unknown;control;2021-12-29 10:15:00+00:00;0.094;;
654611;unknown;control;2021-12-29 10:30:00+00:00;0.085;;
654611;unknown;control;2021-12-29 10:45:00+00:00;0.11;;
654611;unknown;control;2021-12-29 11:00:00+00:00;0.212;;
654611;unknown;control;2021-12-29 11:15:00+00:00;0.577;;
654611;unknown;control;2021-12-29 11:30:00+00:00;0.074;;
654611;unknown;control;2021-12-29 11:45:00+00:00;0.034;;
654611;unknown;control;2021-12-29 12:00:00+00:00;0.127;;
654611;unknown;control;2021-12-29 12:15:00+00:00;0.074;;
654611;unknown;control;2021-12-29 12:30:00+00:00;0.048;;
654611;unknown;control;2021-12-29 12:45:00+00:00;0.047;;
654611;unknown;control;2021-12-29 13:00:00+00:00;0.057;;
654611;unknown;control;2021-12-29 13:15:00+00:00;0.07;;
654611;unknown;control;2021-12-29 13:30:00+00:00;0.081;;
654611;unknown;control;2021-12-29 13:45:00+00:00;0.095;;
654611;unknown;control;2021-12-29 14:00:00+00:00;0.718;;
654611;unknown;control;2021-12-29 14:15:00+00:00;0.572;;
654611;unknown;control;2021-12-29 14:30:00+00:00;0.474;;
654611;unknown;control;2021-12-29 14:45:00+00:00;0.384;;
654611;unknown;control;2021-12-29 15:00:00+00:00;0.269;;
654611;unknown;control;2021-12-29 15:15:00+00:00;0.373;;
654611;unknown;control;2021-12-29 15:30:00+00:00;0.257;;
654611;unknown;control;2021-12-29 15:45:00+00:00;0.237;;
654611;unknown;control;2021-12-29 16:00:00+00:00;0.261;;
654611;unknown;control;2021-12-29 16:15:00+00:00;0.274;;
654611;unknown;control;2021-12-29 16:30:00+00:00;0.33;;
654611;unknown;control;2021-12-29 16:45:00+00:00;0.368;;
654611;unknown;control;2021-12-29 17:00:00+00:00;0.27;;
654611;unknown;control;2021-12-29 17:15:00+00:00;0.287;;
654611;unknown;control;2021-12-29 17:30:00+00:00;0.257;;
654611;unknown;control;2021-12-29 17:45:00+00:00;0.152;;
654611;unknown;control;2021-12-29 18:00:00+00:00;0.232;;
654611;unknown;control;2021-12-29 18:15:00+00:00;0.397;;
654611;unknown;control;2021-12-29 18:30:00+00:00;0.205;;
654611;unknown;control;2021-12-29 18:45:00+00:00;0.213;;
654611;unknown;control;2021-12-29 19:00:00+00:00;0.221;;
654611;unknown;control;2021-12-29 19:15:00+00:00;0.247;;
654611;unknown;control;2021-12-29 19:30:00+00:00;0.274;;
654611;unknown;control;2021-12-29 19:45:00+00:00;0.339;;
654611;unknown;control;2021-12-29 20:00:00+00:00;0.182;;
654611;unknown;control;2021-12-29 20:15:00+00:00;0.193;;
654611;unknown;control;2021-12-29 20:30:00+00:00;0.166;;
654611;unknown;control;2021-12-29 20:45:00+00:00;0.199;;
654611;unknown;control;2021-12-29 21:00:00+00:00;0.161;;
654611;unknown;control;2021-12-29 21:15:00+00:00;0.183;;
654611;unknown;control;2021-12-29 21:30:00+00:00;0.285;;
654611;unknown;control;2021-12-29 21:45:00+00:00;0.172;;
654611;unknown;control;2021-12-29 22:00:00+00:00;0.141;;
654611;unknown;control;2021-12-29 22:15:00+00:00;0.172;;
654611;unknown;control;2021-12-29 22:30:00+00:00;0.203;;
654611;unknown;control;2021-12-29 22:45:00+00:00;0.133;;
654611;unknown;control;2021-12-29 23:00:00+00:00;0.149;;
654611;unknown;control;2021-12-29 23:15:00+00:00;0.149;;
654611;unknown;control;2021-12-29 23:30:00+00:00;0.297;;
654611;unknown;control;2021-12-29 23:45:00+00:00;0.159;;
654611;unknown;control;2022-01-10 00:00:00+00:00;0.532;;
654611;unknown;control;2022-01-10 00:15:00+00:00;0.509;;
654611;unknown;control;2022-01-10 00:30:00+00:00;0.527;;
654611;unknown;control;2022-01-10 00:45:00+00:00;0.542;;
654611;unknown;control;2022-01-10 01:00:00+00:00;0.93;;
654611;unknown;control;2022-01-10 01:15:00+00:00;0.598;;
654611;unknown;control;2022-01-10 01:30:00+00:00;0.325;;
654611;unknown;control;2022-01-10 01:45:00+00:00;0.464;;
654611;unknown;control;2022-01-10 02:00:00+00:00;0.428;;
654611;unknown;control;2022-01-10 02:15:00+00:00;0.439;;
654611;unknown;control;2022-01-10 02:30:00+00:00;0.428;;
654611;unknown;control;2022-01-10 02:45:00+00:00;0.446;;
654611;unknown;control;2022-01-10 03:00:00+00:00;0.469;;
654611;unknown;control;2022-01-10 03:15:00+00:00;0.382;;
654611;unknown;control;2022-01-10 03:30:00+00:00;0.495;;
654611;unknown;control;2022-01-10 03:45:00+00:00;0.473;;
654611;unknown;control;2022-01-10 04:00:00+00:00;0.423;;
654611;unknown;control;2022-01-10 04:15:00+00:00;0.402;;
654611;unknown;control;2022-01-10 04:30:00+00:00;0.438;;
654611;unknown;control;2022-01-10 04:45:00+00:00;0.62;;
654611;unknown;control;2022-01-10 05:00:00+00:00;0.57;;
654611;unknown;control;2022-01-10 05:15:00+00:00;0.959;;
654611;unknown;control;2022-01-10 05:30:00+00:00;0.809;;
654611;unknown;control;2022-01-10 05:45:00+00:00;0.663;;
654611;unknown;control;2022-01-10 06:00:00+00:00;0.095;;
654611;unknown;control;2022-01-10 06:15:00+00:00;0.143;;
654611;unknown;control;2022-01-10 06:30:00+00:00;0.078;;
654611;unknown;control;2022-01-10 06:45:00+00:00;0.088;;
654611;unknown;control;2022-01-10 07:00:00+00:00;0.118;;
654611;unknown;control;2022-01-10 07:15:00+00:00;0.092;;
654611;unknown;control;2022-01-10 07:30:00+00:00;0.083;;
654611;unknown;control;2022-01-10 07:45:00+00:00;0.096;;
654611;unknown;control;2022-01-10 08:00:00+00:00;0.081;;
654611;unknown;control;2022-01-10 08:15:00+00:00;0.112;;
654611;unknown;control;2022-01-10 08:30:00+00:00;0.103;;
654611;unknown;control;2022-01-10 08:45:00+00:00;0.073;;
654611;unknown;control;2022-01-10 09:00:00+00:00;0.083;;
654611;unknown;control;2022-01-10 09:15:00+00:00;0.091;;
654611;unknown;control;2022-01-10 09:30:00+00:00;0.074;;
654611;unknown;control;2022-01-10 09:45:00+00:00;0.1;;
654611;unknown;control;2022-01-10 10:00:00+00:00;0.094;;
654611;unknown;control;2022-01-10 10:15:00+00:00;0.063;;
654611;unknown;control;2022-01-10 10:30:00+00:00;0.089;;
654611;unknown;control;2022-01-10 10:45:00+00:00;0.076;;
654611;unknown;control;2022-01-10 11:00:00+00:00;0.166;;
654611;unknown;control;2022-01-10 11:15:00+00:00;0.099;;
654611;unknown;control;2022-01-10 11:30:00+00:00;0.379;;
654611;unknown;control;2022-01-10 11:45:00+00:00;0.171;;
654611;unknown;control;2022-01-10 12:00:00+00:00;0.103;;
654611;unknown;control;2022-01-10 12:15:00+00:00;0.063;;
654611;unknown;control;2022-01-10 12:30:00+00:00;0.077;;
654611;unknown;control;2022-01-10 12:45:00+00:00;0.11;;
654611;unknown;control;2022-01-10 13:00:00+00:00;0.483;;
654611;unknown;control;2022-01-10 13:15:00+00:00;0.073;;
654611;unknown;control;2022-01-10 13:30:00+00:00;0.049;;
654611;unknown;control;2022-01-10 13:45:00+00:00;0.056;;
654611;unknown;control;2022-01-10 14:00:00+00:00;0.685;;
654611;unknown;control;2022-01-10 14:15:00+00:00;0.566;;
654611;unknown;control;2022-01-10 14:30:00+00:00;0.496;;
654611;unknown;control;2022-01-10 14:45:00+00:00;0.401;;
654611;unknown;control;2022-01-10 15:00:00+00:00;0.591;;
654611;unknown;control;2022-01-10 15:15:00+00:00;0.484;;
654611;unknown;control;2022-01-10 15:30:00+00:00;0.494;;
654611;unknown;control;2022-01-10 15:45:00+00:00;0.502;;
654611;unknown;control;2022-01-10 16:00:00+00:00;0.477;;
654611;unknown;control;2022-01-10 16:15:00+00:00;0.436;;
654611;unknown;control;2022-01-10 16:30:00+00:00;0.417;;
654611;unknown;control;2022-01-10 16:45:00+00:00;0.504;;
654611;unknown;control;2022-01-10 17:00:00+00:00;0.733;;
654611;unknown;control;2022-01-10 17:15:00+00:00;0.428;;
654611;unknown;control;2022-01-10 17:30:00+00:00;0.366;;
654611;unknown;control;2022-01-10 17:45:00+00:00;0.512;;
654611;unknown;control;2022-01-10 18:00:00+00:00;0.323;;
654611;unknown;control;2022-01-10 18:15:00+00:00;0.435;;
654611;unknown;control;2022-01-10 18:30:00+00:00;0.621;;
654611;unknown;control;2022-01-10 18:45:00+00:00;0.388;;
654611;unknown;control;2022-01-10 19:00:00+00:00;0.479;;
654611;unknown;control;2022-01-10 19:15:00+00:00;0.474;;
654611;unknown;control;2022-01-10 19:30:00+00:00;0.421;;
654611;unknown;control;2022-01-10 19:45:00+00:00;0.528;;
654611;unknown;control;2022-01-10 20:00:00+00:00;0.58;;
654611;unknown;control;2022-01-10 20:15:00+00:00;0.424;;
654611;unknown;control;2022-01-10 20:30:00+00:00;0.417;;
654611;unknown;control;2022-01-10 20:45:00+00:00;0.42;;
654611;unknown;control;2022-01-10 21:00:00+00:00;0.416;;
654611;unknown;control;2022-01-10 21:15:00+00:00;0.417;;
654611;unknown;control;2022-01-10 21:30:00+00:00;0.34;;
654611;unknown;control;2022-01-10 21:45:00+00:00;0.577;;
654611;unknown;control;2022-01-10 22:00:00+00:00;0.498;;
654611;unknown;control;2022-01-10 22:15:00+00:00;0.439;;
654611;unknown;control;2022-01-10 22:30:00+00:00;0.408;;
654611;unknown;control;2022-01-10 22:45:00+00:00;0.409;;
654611;unknown;control;2022-01-10 23:00:00+00:00;0.426;;
654611;unknown;control;2022-01-10 23:15:00+00:00;0.43;;
654611;unknown;control;2022-01-10 23:30:00+00:00;0.405;;
654611;unknown;control;2022-01-10 23:45:00+00:00;0.435;;
654611;unknown;control;2022-02-02 00:00:00+00:00;0.318;;
654611;unknown;control;2022-02-02 00:15:00+00:00;0.504;;
654611;unknown;control;2022-02-02 00:30:00+00:00;0.35;;
654611;unknown;control;2022-02-02 00:45:00+00:00;0.457;;
654611;unknown;control;2022-02-02 01:00:00+00:00;0.35;;
654611;unknown;control;2022-02-02 01:15:00+00:00;0.397;;
654611;unknown;control;2022-02-02 01:30:00+00:00;0.305;;
654611;unknown;control;2022-02-02 01:45:00+00:00;0.262;;
654611;unknown;control;2022-02-02 02:00:00+00:00;0.336;;
654611;unknown;control;2022-02-02 02:15:00+00:00;0.414;;
654611;unknown;control;2022-02-02 02:30:00+00:00;0.312;;
654611;unknown;control;2022-02-02 02:45:00+00:00;0.325;;
654611;unknown;control;2022-02-02 03:00:00+00:00;0.306;;
654611;unknown;control;2022-02-02 03:15:00+00:00;0.318;;
654611;unknown;control;2022-02-02 03:30:00+00:00;0.292;;
654611;unknown;control;2022-02-02 03:45:00+00:00;0.391;;
654611;unknown;control;2022-02-02 04:00:00+00:00;0.253;;
654611;unknown;control;2022-02-02 04:15:00+00:00;0.271;;
654611;unknown;control;2022-02-02 04:30:00+00:00;0.271;;
654611;unknown;control;2022-02-02 04:45:00+00:00;0.281;;
654611;unknown;control;2022-02-02 05:00:00+00:00;0.454;;
654611;unknown;control;2022-02-02 05:15:00+00:00;0.348;;
654611;unknown;control;2022-02-02 05:30:00+00:00;0.286;;
654611;unknown;control;2022-02-02 05:45:00+00:00;0.396;;
654611;unknown;control;2022-02-02 06:00:00+00:00;0.143;;
654611;unknown;control;2022-02-02 06:15:00+00:00;0.092;;
654611;unknown;control;2022-02-02 06:30:00+00:00;0.105;;
654611;unknown;control;2022-02-02 06:45:00+00:00;0.096;;
654611;unknown;control;2022-02-02 07:00:00+00:00;0.101;;
654611;unknown;control;2022-02-02 07:15:00+00:00;0.088;;
654611;unknown;control;2022-02-02 07:30:00+00:00;0.082;;
654611;unknown;control;2022-02-02 07:45:00+00:00;0.096;;
654611;unknown;control;2022-02-02 08:00:00+00:00;0.103;;
654611;unknown;control;2022-02-02 08:15:00+00:00;0.086;;
654611;unknown;control;2022-02-02 08:30:00+00:00;0.07;;
654611;unknown;control;2022-02-02 08:45:00+00:00;0.063;;
654611;unknown;control;2022-02-02 09:00:00+00:00;0.046;;
654611;unknown;control;2022-02-02 09:15:00+00:00;0.05;;
654611;unknown;control;2022-02-02 09:30:00+00:00;0.063;;
654611;unknown;control;2022-02-02 09:45:00+00:00;0.055;;
654611;unknown;control;2022-02-02 10:00:00+00:00;0.064;;
654611;unknown;control;2022-02-02 10:15:00+00:00;0.033;;
654611;unknown;control;2022-02-02 10:30:00+00:00;0.034;;
654611;unknown;control;2022-02-02 10:45:00+00:00;0.005;;
654611;unknown;control;2022-02-02 11:00:00+00:00;0.415;;
654611;unknown;control;2022-02-02 11:15:00+00:00;0.059;;
654611;unknown;control;2022-02-02 11:30:00+00:00;0.006;;
654611;unknown;control;2022-02-02 11:45:00+00:00;0.293;;
654611;unknown;control;2022-02-02 12:00:00+00:00;0.425;;
654611;unknown;control;2022-02-02 12:15:00+00:00;0.5;;
654611;unknown;control;2022-02-02 12:30:00+00:00;0.03;;
654611;unknown;control;2022-02-02 12:45:00+00:00;0.019;;
654611;unknown;control;2022-02-02 13:00:00+00:00;0.041;;
654611;unknown;control;2022-02-02 13:15:00+00:00;0.366;;
654611;unknown;control;2022-02-02 13:30:00+00:00;0.11;;
654611;unknown;control;2022-02-02 13:45:00+00:00;0.051;;
654611;unknown;control;2022-02-02 14:00:00+00:00;0.662;;
654611;unknown;control;2022-02-02 14:15:00+00:00;0.403;;
654611;unknown;control;2022-02-02 14:30:00+00:00;0.427;;
654611;unknown;control;2022-02-02 14:45:00+00:00;0.242;;
654611;unknown;control;2022-02-02 15:00:00+00:00;0.254;;
654611;unknown;control;2022-02-02 15:15:00+00:00;0.547;;
654611;unknown;control;2022-02-02 15:30:00+00:00;0.396;;
654611;unknown;control;2022-02-02 15:45:00+00:00;0.39;;
654611;unknown;control;2022-02-02 16:00:00+00:00;0.433;;
654611;unknown;control;2022-02-02 16:15:00+00:00;0.423;;
654611;unknown;control;2022-02-02 16:30:00+00:00;0.358;;
654611;unknown;control;2022-02-02 16:45:00+00:00;0.208;;
654611;unknown;control;2022-02-02 17:00:00+00:00;0.34;;
654611;unknown;control;2022-02-02 17:15:00+00:00;0.268;;
654611;unknown;control;2022-02-02 17:30:00+00:00;0.261;;
654611;unknown;control;2022-02-02 17:45:00+00:00;0.217;;
654611;unknown;control;2022-02-02 18:00:00+00:00;0.336;;
654611;unknown;control;2022-02-02 18:15:00+00:00;0.266;;
654611;unknown;control;2022-02-02 18:30:00+00:00;0.337;;
654611;unknown;control;2022-02-02 18:45:00+00:00;0.248;;
654611;unknown;control;2022-02-02 19:00:00+00:00;0.362;;
654611;unknown;control;2022-02-02 19:15:00+00:00;0.285;;
654611;unknown;control;2022-02-02 19:30:00+00:00;0.29;;
654611;unknown;control;2022-02-02 19:45:00+00:00;0.312;;
654611;unknown;control;2022-02-02 20:00:00+00:00;0.379;;
654611;unknown;control;2022-02-02 20:15:00+00:00;0.355;;
654611;unknown;control;2022-02-02 20:30:00+00:00;0.387;;
654611;unknown;control;2022-02-02 20:45:00+00:00;0.478;;
654611;unknown;control;2022-02-02 21:00:00+00:00;0.333;;
654611;unknown;control;2022-02-02 21:15:00+00:00;0.313;;
654611;unknown;control;2022-02-02 21:30:00+00:00;0.378;;
654611;unknown;control;2022-02-02 21:45:00+00:00;0.26;;
654611;unknown;control;2022-02-02 22:00:00+00:00;0.213;;
654611;unknown;control;2022-02-02 22:15:00+00:00;0.257;;
654611;unknown;control;2022-02-02 22:30:00+00:00;0.267;;
654611;unknown;control;2022-02-02 22:45:00+00:00;0.251;;
654611;unknown;control;2022-02-02 23:00:00+00:00;0.234;;
654611;unknown;control;2022-02-02 23:15:00+00:00;0.261;;
654611;unknown;control;2022-02-02 23:30:00+00:00;0.254;;
654611;unknown;control;2022-02-02 23:45:00+00:00;0.236;;
654611;unknown;control;2022-04-02 00:00:00+00:00;0.469;;
654611;unknown;control;2022-04-02 00:15:00+00:00;0.492;;
654611;unknown;control;2022-04-02 00:30:00+00:00;0.469;;
654611;unknown;control;2022-04-02 00:45:00+00:00;0.462;;
654611;unknown;control;2022-04-02 01:00:00+00:00;0.456;;
654611;unknown;control;2022-04-02 01:15:00+00:00;0.398;;
654611;unknown;control;2022-04-02 01:30:00+00:00;0.467;;
654611;unknown;control;2022-04-02 01:45:00+00:00;0.463;;
654611;unknown;control;2022-04-02 02:00:00+00:00;0.406;;
654611;unknown;control;2022-04-02 02:15:00+00:00;0.405;;
654611;unknown;control;2022-04-02 02:30:00+00:00;0.408;;
654611;unknown;control;2022-04-02 02:45:00+00:00;0.428;;
654611;unknown;control;2022-04-02 03:00:00+00:00;0.444;;
654611;unknown;control;2022-04-02 03:15:00+00:00;0.721;;
654611;unknown;control;2022-04-02 03:30:00+00:00;0.494;;
654611;unknown;control;2022-04-02 03:45:00+00:00;0.494;;
654611;unknown;control;2022-04-02 04:00:00+00:00;0.476;;
654611;unknown;control;2022-04-02 04:15:00+00:00;0.474;;
654611;unknown;control;2022-04-02 04:30:00+00:00;0.453;;
654611;unknown;control;2022-04-02 04:45:00+00:00;0.391;;
654611;unknown;control;2022-04-02 05:00:00+00:00;0.048;;
654611;unknown;control;2022-04-02 05:15:00+00:00;0.046;;
654611;unknown;control;2022-04-02 05:30:00+00:00;0.124;;
654611;unknown;control;2022-04-02 05:45:00+00:00;0.11;;
654611;unknown;control;2022-04-02 06:00:00+00:00;0.12;;
654611;unknown;control;2022-04-02 06:15:00+00:00;0.219;;
654611;unknown;control;2022-04-02 06:30:00+00:00;0.1;;
654611;unknown;control;2022-04-02 06:45:00+00:00;0.281;;
654611;unknown;control;2022-04-02 07:00:00+00:00;0.371;;
654611;unknown;control;2022-04-02 07:15:00+00:00;0.127;;
654611;unknown;control;2022-04-02 07:30:00+00:00;0.076;;
654611;unknown;control;2022-04-02 07:45:00+00:00;0.487;;
654611;unknown;control;2022-04-02 08:00:00+00:00;0.358;;
654611;unknown;control;2022-04-02 08:15:00+00:00;0.288;;
654611;unknown;control;2022-04-02 08:30:00+00:00;0.175;;
654611;unknown;control;2022-04-02 08:45:00+00:00;0.167;;
654611;unknown;control;2022-04-02 09:00:00+00:00;0.423;;
654611;unknown;control;2022-04-02 09:15:00+00:00;0.35;;
654611;unknown;control;2022-04-02 09:30:00+00:00;0.185;;
654611;unknown;control;2022-04-02 09:45:00+00:00;0.189;;
654611;unknown;control;2022-04-02 10:00:00+00:00;0.113;;
654611;unknown;control;2022-04-02 10:15:00+00:00;0.196;;
654611;unknown;control;2022-04-02 10:30:00+00:00;0.527;;
654611;unknown;control;2022-04-02 10:45:00+00:00;0.507;;
654611;unknown;control;2022-04-02 11:00:00+00:00;0.308;;
654611;unknown;control;2022-04-02 11:15:00+00:00;0.304;;
654611;unknown;control;2022-04-02 11:30:00+00:00;0.281;;
654611;unknown;control;2022-04-02 11:45:00+00:00;0.173;;
654611;unknown;control;2022-04-02 12:00:00+00:00;0.191;;
654611;unknown;control;2022-04-02 12:15:00+00:00;0.167;;
654611;unknown;control;2022-04-02 12:30:00+00:00;0.109;;
654611;unknown;control;2022-04-02 12:45:00+00:00;0.134;;
654611;unknown;control;2022-04-02 13:00:00+00:00;0.136;;
654611;unknown;control;2022-04-02 13:15:00+00:00;0.797;;
654611;unknown;control;2022-04-02 13:30:00+00:00;0.675;;
654611;unknown;control;2022-04-02 13:45:00+00:00;0.698;;
654611;unknown;control;2022-04-02 14:00:00+00:00;0.591;;
654611;unknown;control;2022-04-02 14:15:00+00:00;0.573;;
654611;unknown;control;2022-04-02 14:30:00+00:00;0.537;;
654611;unknown;control;2022-04-02 14:45:00+00:00;0.349;;
654611;unknown;control;2022-04-02 15:00:00+00:00;0.99;;
654611;unknown;control;2022-04-02 15:15:00+00:00;0.783;;
654611;unknown;control;2022-04-02 15:30:00+00:00;0.893;;
654611;unknown;control;2022-04-02 15:45:00+00:00;0.591;;
654611;unknown;control;2022-04-02 16:00:00+00:00;0.462;;
654611;unknown;control;2022-04-02 16:15:00+00:00;0.645;;
654611;unknown;control;2022-04-02 16:30:00+00:00;0.543;;
654611;unknown;control;2022-04-02 16:45:00+00:00;0.509;;
654611;unknown;control;2022-04-02 17:00:00+00:00;0.762;;
654611;unknown;control;2022-04-02 17:15:00+00:00;0.944;;
654611;unknown;control;2022-04-02 17:30:00+00:00;1.153;;
654611;unknown;control;2022-04-02 17:45:00+00:00;0.934;;
654611;unknown;control;2022-04-02 18:00:00+00:00;0.557;;
654611;unknown;control;2022-04-02 18:15:00+00:00;0.533;;
654611;unknown;control;2022-04-02 18:30:00+00:00;0.529;;
654611;unknown;control;2022-04-02 18:45:00+00:00;0.495;;
654611;unknown;control;2022-04-02 19:00:00+00:00;0.51;;
654611;unknown;control;2022-04-02 19:15:00+00:00;0.548;;
654611;unknown;control;2022-04-02 19:30:00+00:00;0.486;;
654611;unknown;control;2022-04-02 19:45:00+00:00;0.437;;
654611;unknown;control;2022-04-02 20:00:00+00:00;0.572;;
654611;unknown;control;2022-04-02 20:15:00+00:00;0.561;;
654611;unknown;control;2022-04-02 20:30:00+00:00;0.53;;
654611;unknown;control;2022-04-02 20:45:00+00:00;0.58;;
654611;unknown;control;2022-04-02 21:00:00+00:00;0.856;;
654611;unknown;control;2022-04-02 21:15:00+00:00;0.508;;
654611;unknown;control;2022-04-02 21:30:00+00:00;0.511;;
654611;unknown;control;2022-04-02 21:45:00+00:00;0.497;;
654611;unknown;control;2022-04-02 22:00:00+00:00;0.885;;
654611;unknown;control;2022-04-02 22:15:00+00:00;0.801;;
654611;unknown;control;2022-04-02 22:30:00+00:00;0.672;;
654611;unknown;control;2022-04-02 22:45:00+00:00;0.454;;
654611;unknown;control;2022-04-02 23:00:00+00:00;0.456;;
654611;unknown;control;2022-04-02 23:15:00+00:00;0.458;;
654611;unknown;control;2022-04-02 23:30:00+00:00;0.321;;
654611;unknown;control;2022-04-02 23:45:00+00:00;0.527;;
654611;unknown;control;2022-05-24 00:00:00+00:00;0.084;;
654611;unknown;control;2022-05-24 00:15:00+00:00;0.092;;
654611;unknown;control;2022-05-24 00:30:00+00:00;0.076;;
654611;unknown;control;2022-05-24 00:45:00+00:00;0.066;;
654611;unknown;control;2022-05-24 01:00:00+00:00;0.102;;
654611;unknown;control;2022-05-24 01:15:00+00:00;0.092;;
654611;unknown;control;2022-05-24 01:30:00+00:00;0.085;;
654611;unknown;control;2022-05-24 01:45:00+00:00;0.115;;
654611;unknown;control;2022-05-24 02:00:00+00:00;0.109;;
654611;unknown;control;2022-05-24 02:15:00+00:00;0.107;;
654611;unknown;control;2022-05-24 02:30:00+00:00;0.092;;
654611;unknown;control;2022-05-24 02:45:00+00:00;0.085;;
654611;unknown;control;2022-05-24 03:00:00+00:00;0.061;;
654611;unknown;control;2022-05-24 03:15:00+00:00;0.087;;
654611;unknown;control;2022-05-24 03:30:00+00:00;0.101;;
654611;unknown;control;2022-05-24 03:45:00+00:00;0.235;;
654611;unknown;control;2022-05-24 04:00:00+00:00;0.451;;
654611;unknown;control;2022-05-24 04:15:00+00:00;0.174;;
654611;unknown;control;2022-05-24 04:30:00+00:00;0.069;;
654611;unknown;control;2022-05-24 04:45:00+00:00;0.084;;
654611;unknown;control;2022-05-24 05:00:00+00:00;0.072;;
654611;unknown;control;2022-05-24 05:15:00+00:00;0.046;;
654611;unknown;control;2022-05-24 05:30:00+00:00;0.057;;
654611;unknown;control;2022-05-24 05:45:00+00:00;0.014;;
654611;unknown;control;2022-05-24 06:00:00+00:00;0.03;;
654611;unknown;control;2022-05-24 06:15:00+00:00;0.05;;
654611;unknown;control;2022-05-24 06:30:00+00:00;0.046;;
654611;unknown;control;2022-05-24 06:45:00+00:00;0.024;;
654611;unknown;control;2022-05-24 07:00:00+00:00;0.015;;
654611;unknown;control;2022-05-24 07:15:00+00:00;0.053;;
654611;unknown;control;2022-05-24 07:30:00+00:00;0.019;;
654611;unknown;control;2022-05-24 07:45:00+00:00;0.007;;
654611;unknown;control;2022-05-24 08:00:00+00:00;0.01;;
654611;unknown;control;2022-05-24 08:15:00+00:00;0.01;;
654611;unknown;control;2022-05-24 08:30:00+00:00;0.005;;
654611;unknown;control;2022-05-24 08:45:00+00:00;0.007;;
654611;unknown;control;2022-05-24 09:00:00+00:00;0.009;;
654611;unknown;control;2022-05-24 09:15:00+00:00;0.005;;
654611;unknown;control;2022-05-24 09:30:00+00:00;0.005;;
654611;unknown;control;2022-05-24 09:45:00+00:00;0.006;;
654611;unknown;control;2022-05-24 10:00:00+00:00;0.005;;
654611;unknown;control;2022-05-24 10:15:00+00:00;0.007;;
654611;unknown;control;2022-05-24 10:30:00+00:00;0.006;;
654611;unknown;control;2022-05-24 10:45:00+00:00;0.003;;
654611;unknown;control;2022-05-24 11:00:00+00:00;0.003;;
654611;unknown;control;2022-05-24 11:15:00+00:00;0.007;;
654611;unknown;control;2022-05-24 11:30:00+00:00;0.007;;
654611;unknown;control;2022-05-24 11:45:00+00:00;0.008;;
654611;unknown;control;2022-05-24 12:00:00+00:00;0.009;;
654611;unknown;control;2022-05-24 12:15:00+00:00;0.009;;
654611;unknown;control;2022-05-24 12:30:00+00:00;0.012;;
654611;unknown;control;2022-05-24 12:45:00+00:00;0.005;;
654611;unknown;control;2022-05-24 13:00:00+00:00;0.004;;
654611;unknown;control;2022-05-24 13:15:00+00:00;0.005;;
654611;unknown;control;2022-05-24 13:30:00+00:00;0.006;;
654611;unknown;control;2022-05-24 13:45:00+00:00;0.006;;
654611;unknown;control;2022-05-24 14:00:00+00:00;0.004;;
654611;unknown;control;2022-05-24 14:15:00+00:00;0.001;;
654611;unknown;control;2022-05-24 14:30:00+00:00;0.008;;
654611;unknown;control;2022-05-24 14:45:00+00:00;0.01;;
654611;unknown;control;2022-05-24 15:00:00+00:00;0.007;;
654611;unknown;control;2022-05-24 15:15:00+00:00;0.012;;
654611;unknown;control;2022-05-24 15:30:00+00:00;0.088;;
654611;unknown;control;2022-05-24 15:45:00+00:00;0.021;;
654611;unknown;control;2022-05-24 16:00:00+00:00;0.028;;
654611;unknown;control;2022-05-24 16:15:00+00:00;0.016;;
654611;unknown;control;2022-05-24 16:30:00+00:00;0.018;;
654611;unknown;control;2022-05-24 16:45:00+00:00;0.019;;
654611;unknown;control;2022-05-24 17:00:00+00:00;0.029;;
654611;unknown;control;2022-05-24 17:15:00+00:00;0.054;;
654611;unknown;control;2022-05-24 17:30:00+00:00;0.057;;
654611;unknown;control;2022-05-24 17:45:00+00:00;0.054;;
654611;unknown;control;2022-05-24 18:00:00+00:00;0.106;;
654611;unknown;control;2022-05-24 18:15:00+00:00;0.092;;
654611;unknown;control;2022-05-24 18:30:00+00:00;0.082;;
654611;unknown;control;2022-05-24 18:45:00+00:00;0.48;;
654611;unknown;control;2022-05-24 19:00:00+00:00;0.166;;
654611;unknown;control;2022-05-24 19:15:00+00:00;0.132;;
654611;unknown;control;2022-05-24 19:30:00+00:00;0.12;;
654611;unknown;control;2022-05-24 19:45:00+00:00;0.141;;
654611;unknown;control;2022-05-24 20:00:00+00:00;0.216;;
654611;unknown;control;2022-05-24 20:15:00+00:00;0.323;;
654611;unknown;control;2022-05-24 20:30:00+00:00;0.091;;
654611;unknown;control;2022-05-24 20:45:00+00:00;0.092;;
654611;unknown;control;2022-05-24 21:00:00+00:00;0.1;;
654611;unknown;control;2022-05-24 21:15:00+00:00;0.089;;
654611;unknown;control;2022-05-24 21:30:00+00:00;0.077;;
654611;unknown;control;2022-05-24 21:45:00+00:00;0.067;;
654611;unknown;control;2022-05-24 22:00:00+00:00;0.072;;
654611;unknown;control;2022-05-24 22:15:00+00:00;0.064;;
654611;unknown;control;2022-05-24 22:30:00+00:00;0.063;;
654611;unknown;control;2022-05-24 22:45:00+00:00;0.079;;
654611;unknown;control;2022-05-24 23:00:00+00:00;0.078;;
654611;unknown;control;2022-05-24 23:15:00+00:00;0.074;;
654611;unknown;control;2022-05-24 23:30:00+00:00;0.078;;
654611;unknown;control;2022-05-24 23:45:00+00:00;0.073;;
654611;unknown;control;2022-11-12 00:00:00+00:00;0.236;;
654611;unknown;control;2022-11-12 00:15:00+00:00;0.237;;
654611;unknown;control;2022-11-12 00:30:00+00:00;0.251;;
654611;unknown;control;2022-11-12 00:45:00+00:00;0.29;;
654611;unknown;control;2022-11-12 01:00:00+00:00;0.299;;
654611;unknown;control;2022-11-12 01:15:00+00:00;0.256;;
654611;unknown;control;2022-11-12 01:30:00+00:00;0.239;;
654611;unknown;control;2022-11-12 01:45:00+00:00;0.235;;
654611;unknown;control;2022-11-12 02:00:00+00:00;0.2;;
654611;unknown;control;2022-11-12 02:15:00+00:00;0.2;;
654611;unknown;control;2022-11-12 02:30:00+00:00;0.297;;
654611;unknown;control;2022-11-12 02:45:00+00:00;0.318;;
654611;unknown;control;2022-11-12 03:00:00+00:00;0.213;;
654611;unknown;control;2022-11-12 03:15:00+00:00;0.218;;
654611;unknown;control;2022-11-12 03:30:00+00:00;0.179;;
654611;unknown;control;2022-11-12 03:45:00+00:00;0.229;;
654611;unknown;control;2022-11-12 04:00:00+00:00;0.242;;
654611;unknown;control;2022-11-12 04:15:00+00:00;0.233;;
654611;unknown;control;2022-11-12 04:30:00+00:00;0.242;;
654611;unknown;control;2022-11-12 04:45:00+00:00;0.237;;
654611;unknown;control;2022-11-12 05:00:00+00:00;0.31;;
654611;unknown;control;2022-11-12 05:15:00+00:00;0.226;;
654611;unknown;control;2022-11-12 05:30:00+00:00;0.224;;
654611;unknown;control;2022-11-12 05:45:00+00:00;0.194;;
654611;unknown;control;2022-11-12 06:00:00+00:00;0.081;;
654611;unknown;control;2022-11-12 06:15:00+00:00;0.08;;
654611;unknown;control;2022-11-12 06:30:00+00:00;0.139;;
654611;unknown;control;2022-11-12 06:45:00+00:00;0.292;;
654611;unknown;control;2022-11-12 07:00:00+00:00;0.187;;
654611;unknown;control;2022-11-12 07:15:00+00:00;0.084;;
654611;unknown;control;2022-11-12 07:30:00+00:00;0.056;;
654611;unknown;control;2022-11-12 07:45:00+00:00;0.071;;
654611;unknown;control;2022-11-12 08:00:00+00:00;0.032;;
654611;unknown;control;2022-11-12 08:15:00+00:00;0.042;;
654611;unknown;control;2022-11-12 08:30:00+00:00;0.044;;
654611;unknown;control;2022-11-12 08:45:00+00:00;0.065;;
654611;unknown;control;2022-11-12 09:00:00+00:00;0.085;;
654611;unknown;control;2022-11-12 09:15:00+00:00;0.124;;
654611;unknown;control;2022-11-12 09:30:00+00:00;0.03;;
654611;unknown;control;2022-11-12 09:45:00+00:00;0.21;;
654611;unknown;control;2022-11-12 10:00:00+00:00;0.346;;
654611;unknown;control;2022-11-12 10:15:00+00:00;0.061;;
654611;unknown;control;2022-11-12 10:30:00+00:00;0.014;;
654611;unknown;control;2022-11-12 10:45:00+00:00;0.044;;
654611;unknown;control;2022-11-12 11:00:00+00:00;0.068;;
654611;unknown;control;2022-11-12 11:15:00+00:00;0.034;;
654611;unknown;control;2022-11-12 11:30:00+00:00;0.061;;
654611;unknown;control;2022-11-12 11:45:00+00:00;0.036;;
654611;unknown;control;2022-11-12 12:00:00+00:00;0.003;;
654611;unknown;control;2022-11-12 12:15:00+00:00;0.024;;
654611;unknown;control;2022-11-12 12:30:00+00:00;0.041;;
654611;unknown;control;2022-11-12 12:45:00+00:00;0.03;;
654611;unknown;control;2022-11-12 13:00:00+00:00;0.06;;
654611;unknown;control;2022-11-12 13:15:00+00:00;0.085;;
654611;unknown;control;2022-11-12 13:30:00+00:00;0.078;;
654611;unknown;control;2022-11-12 13:45:00+00:00;0.077;;
654611;unknown;control;2022-11-12 14:00:00+00:00;0.547;;
654611;unknown;control;2022-11-12 14:15:00+00:00;0.469;;
654611;unknown;control;2022-11-12 14:30:00+00:00;0.495;;
654611;unknown;control;2022-11-12 14:45:00+00:00;0.349;;
654611;unknown;control;2022-11-12 15:00:00+00:00;0.326;;
654611;unknown;control;2022-11-12 15:15:00+00:00;0.334;;
654611;unknown;control;2022-11-12 15:30:00+00:00;0.341;;
654611;unknown;control;2022-11-12 15:45:00+00:00;0.406;;
654611;unknown;control;2022-11-12 16:00:00+00:00;0.407;;
654611;unknown;control;2022-11-12 16:15:00+00:00;0.379;;
654611;unknown;control;2022-11-12 16:30:00+00:00;0.357;;
654611;unknown;control;2022-11-12 16:45:00+00:00;0.279;;
654611;unknown;control;2022-11-12 17:00:00+00:00;0.348;;
654611;unknown;control;2022-11-12 17:15:00+00:00;0.287;;
654611;unknown;control;2022-11-12 17:30:00+00:00;0.377;;
654611;unknown;control;2022-11-12 17:45:00+00:00;0.362;;
654611;unknown;control;2022-11-12 18:00:00+00:00;0.274;;
654611;unknown;control;2022-11-12 18:15:00+00:00;0.278;;
654611;unknown;control;2022-11-12 18:30:00+00:00;0.281;;
654611;unknown;control;2022-11-12 18:45:00+00:00;0.266;;
654611;unknown;control;2022-11-12 19:00:00+00:00;0.214;;
654611;unknown;control;2022-11-12 19:15:00+00:00;0.305;;
654611;unknown;control;2022-11-12 19:30:00+00:00;0.224;;
654611;unknown;control;2022-11-12 19:45:00+00:00;0.246;;
654611;unknown;control;2022-11-12 20:00:00+00:00;0.227;;
654611;unknown;control;2022-11-12 20:15:00+00:00;0.245;;
654611;unknown;control;2022-11-12 20:30:00+00:00;0.238;;
654611;unknown;control;2022-11-12 20:45:00+00:00;0.214;;
654611;unknown;control;2022-11-12 21:00:00+00:00;0.375;;
654611;unknown;control;2022-11-12 21:15:00+00:00;0.286;;
654611;unknown;control;2022-11-12 21:30:00+00:00;0.202;;
654611;unknown;control;2022-11-12 21:45:00+00:00;0.287;;
654611;unknown;control;2022-11-12 22:00:00+00:00;0.335;;
654611;unknown;control;2022-11-12 22:15:00+00:00;0.333;;
654611;unknown;control;2022-11-12 22:30:00+00:00;0.303;;
654611;unknown;control;2022-11-12 22:45:00+00:00;0.217;;
654611;unknown;control;2022-11-12 23:00:00+00:00;0.252;;
654611;unknown;control;2022-11-12 23:15:00+00:00;0.345;;
654611;unknown;control;2022-11-12 23:30:00+00:00;0.241;;
654611;unknown;control;2022-11-12 23:45:00+00:00;0.226;;
654611;unknown;control;2022-12-04 00:00:00+00:00;0.436;;
654611;unknown;control;2022-12-04 00:15:00+00:00;0.469;;
654611;unknown;control;2022-12-04 00:30:00+00:00;0.478;;
654611;unknown;control;2022-12-04 00:45:00+00:00;0.412;;
654611;unknown;control;2022-12-04 01:00:00+00:00;0.4;;
654611;unknown;control;2022-12-04 01:15:00+00:00;0.405;;
654611;unknown;control;2022-12-04 01:30:00+00:00;0.401;;
654611;unknown;control;2022-12-04 01:45:00+00:00;0.416;;
654611;unknown;control;2022-12-04 02:00:00+00:00;0.334;;
654611;unknown;control;2022-12-04 02:15:00+00:00;0.495;;
654611;unknown;control;2022-12-04 02:30:00+00:00;0.294;;
654611;unknown;control;2022-12-04 02:45:00+00:00;0.455;;
654611;unknown;control;2022-12-04 03:00:00+00:00;0.303;;
654611;unknown;control;2022-12-04 03:15:00+00:00;0.459;;
654611;unknown;control;2022-12-04 03:30:00+00:00;0.409;;
654611;unknown;control;2022-12-04 03:45:00+00:00;0.412;;
654611;unknown;control;2022-12-04 04:00:00+00:00;0.313;;
654611;unknown;control;2022-12-04 04:15:00+00:00;0.331;;
654611;unknown;control;2022-12-04 04:30:00+00:00;0.483;;
654611;unknown;control;2022-12-04 04:45:00+00:00;0.425;;
654611;unknown;control;2022-12-04 05:00:00+00:00;0.421;;
654611;unknown;control;2022-12-04 05:15:00+00:00;0.42;;
654611;unknown;control;2022-12-04 05:30:00+00:00;0.416;;
654611;unknown;control;2022-12-04 05:45:00+00:00;0.428;;
654611;unknown;control;2022-12-04 06:00:00+00:00;0.103;;
654611;unknown;control;2022-12-04 06:15:00+00:00;0.062;;
654611;unknown;control;2022-12-04 06:30:00+00:00;0.073;;
654611;unknown;control;2022-12-04 06:45:00+00:00;0.133;;
654611;unknown;control;2022-12-04 07:00:00+00:00;0.272;;
654611;unknown;control;2022-12-04 07:15:00+00:00;0.251;;
654611;unknown;control;2022-12-04 07:30:00+00:00;0.176;;
654611;unknown;control;2022-12-04 07:45:00+00:00;0.289;;
654611;unknown;control;2022-12-04 08:00:00+00:00;0.171;;
654611;unknown;control;2022-12-04 08:15:00+00:00;0.093;;
654611;unknown;control;2022-12-04 08:30:00+00:00;0.082;;
654611;unknown;control;2022-12-04 08:45:00+00:00;0.063;;
654611;unknown;control;2022-12-04 09:00:00+00:00;0.069;;
654611;unknown;control;2022-12-04 09:15:00+00:00;0.088;;
654611;unknown;control;2022-12-04 09:30:00+00:00;0.06;;
654611;unknown;control;2022-12-04 09:45:00+00:00;0.054;;
654611;unknown;control;2022-12-04 10:00:00+00:00;0.067;;
654611;unknown;control;2022-12-04 10:15:00+00:00;0.054;;
654611;unknown;control;2022-12-04 10:30:00+00:00;0.03;;
654611;unknown;control;2022-12-04 10:45:00+00:00;0.026;;
654611;unknown;control;2022-12-04 11:00:00+00:00;0.015;;
654611;unknown;control;2022-12-04 11:15:00+00:00;0.043;;
654611;unknown;control;2022-12-04 11:30:00+00:00;0.04;;
654611;unknown;control;2022-12-04 11:45:00+00:00;0.002;;
654611;unknown;control;2022-12-04 12:00:00+00:00;0.007;;
654611;unknown;control;2022-12-04 12:15:00+00:00;0.091;;
654611;unknown;control;2022-12-04 12:30:00+00:00;0.302;;
654611;unknown;control;2022-12-04 12:45:00+00:00;0.072;;
654611;unknown;control;2022-12-04 13:00:00+00:00;0.022;;
654611;unknown;control;2022-12-04 13:15:00+00:00;0.055;;
654611;unknown;control;2022-12-04 13:30:00+00:00;0.056;;
654611;unknown;control;2022-12-04 13:45:00+00:00;0.024;;
654611;unknown;control;2022-12-04 14:00:00+00:00;0.662;;
654611;unknown;control;2022-12-04 14:15:00+00:00;0.674;;
654611;unknown;control;2022-12-04 14:30:00+00:00;0.523;;
654611;unknown;control;2022-12-04 14:45:00+00:00;0.391;;
654611;unknown;control;2022-12-04 15:00:00+00:00;0.823;;
654611;unknown;control;2022-12-04 15:15:00+00:00;0.65;;
654611;unknown;control;2022-12-04 15:30:00+00:00;0.66;;
654611;unknown;control;2022-12-04 15:45:00+00:00;0.66;;
654611;unknown;control;2022-12-04 16:00:00+00:00;0.75;;
654611;unknown;control;2022-12-04 16:15:00+00:00;0.603;;
654611;unknown;control;2022-12-04 16:30:00+00:00;1.534;;
654611;unknown;control;2022-12-04 16:45:00+00:00;0.6;;
654611;unknown;control;2022-12-04 17:00:00+00:00;0.765;;
654611;unknown;control;2022-12-04 17:15:00+00:00;0.733;;
654611;unknown;control;2022-12-04 17:30:00+00:00;0.57;;
654611;unknown;control;2022-12-04 17:45:00+00:00;0.559;;
654611;unknown;control;2022-12-04 18:00:00+00:00;0.695;;
654611;unknown;control;2022-12-04 18:15:00+00:00;0.604;;
654611;unknown;control;2022-12-04 18:30:00+00:00;0.891;;
654611;unknown;control;2022-12-04 18:45:00+00:00;0.639;;
654611;unknown;control;2022-12-04 19:00:00+00:00;0.685;;
654611;unknown;control;2022-12-04 19:15:00+00:00;0.549;;
654611;unknown;control;2022-12-04 19:30:00+00:00;0.525;;
654611;unknown;control;2022-12-04 19:45:00+00:00;0.519;;
654611;unknown;control;2022-12-04 20:00:00+00:00;0.502;;
654611;unknown;control;2022-12-04 20:15:00+00:00;0.48;;
654611;unknown;control;2022-12-04 20:30:00+00:00;0.37;;
654611;unknown;control;2022-12-04 20:45:00+00:00;0.539;;
654611;unknown;control;2022-12-04 21:00:00+00:00;0.5;;
654611;unknown;control;2022-12-04 21:15:00+00:00;0.458;;
654611;unknown;control;2022-12-04 21:30:00+00:00;0.451;;
654611;unknown;control;2022-12-04 21:45:00+00:00;0.439;;
654611;unknown;control;2022-12-04 22:00:00+00:00;0.295;;
654611;unknown;control;2022-12-04 22:15:00+00:00;0.379;;
654611;unknown;control;2022-12-04 22:30:00+00:00;0.404;;
654611;unknown;control;2022-12-04 22:45:00+00:00;0.39;;
654611;unknown;control;2022-12-04 23:00:00+00:00;0.369;;
654611;unknown;control;2022-12-04 23:15:00+00:00;0.444;;
654611;unknown;control;2022-12-04 23:30:00+00:00;0.427;;
654611;unknown;control;2022-12-04 23:45:00+00:00;0.397;;
654611;unknown;control;2022-12-09 00:00:00+00:00;0.434;;
654611;unknown;control;2022-12-09 00:15:00+00:00;0.424;;
654611;unknown;control;2022-12-09 00:30:00+00:00;0.444;;
654611;unknown;control;2022-12-09 00:45:00+00:00;0.497;;
654611;unknown;control;2022-12-09 01:00:00+00:00;0.549;;
654611;unknown;control;2022-12-09 01:15:00+00:00;0.437;;
654611;unknown;control;2022-12-09 01:30:00+00:00;0.433;;
654611;unknown;control;2022-12-09 01:45:00+00:00;0.441;;
654611;unknown;control;2022-12-09 02:00:00+00:00;0.435;;
654611;unknown;control;2022-12-09 02:15:00+00:00;0.433;;
654611;unknown;control;2022-12-09 02:30:00+00:00;0.436;;
654611;unknown;control;2022-12-09 02:45:00+00:00;0.749;;
654611;unknown;control;2022-12-09 03:00:00+00:00;0.514;;
654611;unknown;control;2022-12-09 03:15:00+00:00;0.487;;
654611;unknown;control;2022-12-09 03:30:00+00:00;0.397;;
654611;unknown;control;2022-12-09 03:45:00+00:00;0.422;;
654611;unknown;control;2022-12-09 04:00:00+00:00;0.435;;
654611;unknown;control;2022-12-09 04:15:00+00:00;0.439;;
654611;unknown;control;2022-12-09 04:30:00+00:00;0.592;;
654611;unknown;control;2022-12-09 04:45:00+00:00;1.206;;
654611;unknown;control;2022-12-09 05:00:00+00:00;0.658;;
654611;unknown;control;2022-12-09 05:15:00+00:00;0.555;;
654611;unknown;control;2022-12-09 05:30:00+00:00;0.518;;
654611;unknown;control;2022-12-09 05:45:00+00:00;0.618;;
654611;unknown;control;2022-12-09 06:00:00+00:00;0.148;;
654611;unknown;control;2022-12-09 06:15:00+00:00;0.181;;
654611;unknown;control;2022-12-09 06:30:00+00:00;0.106;;
654611;unknown;control;2022-12-09 06:45:00+00:00;0.097;;
654611;unknown;control;2022-12-09 07:00:00+00:00;0.109;;
654611;unknown;control;2022-12-09 07:15:00+00:00;0.105;;
654611;unknown;control;2022-12-09 07:30:00+00:00;0.105;;
654611;unknown;control;2022-12-09 07:45:00+00:00;0.095;;
654611;unknown;control;2022-12-09 08:00:00+00:00;0.085;;
654611;unknown;control;2022-12-09 08:15:00+00:00;0.108;;
654611;unknown;control;2022-12-09 08:30:00+00:00;0.085;;
654611;unknown;control;2022-12-09 08:45:00+00:00;0.077;;
654611;unknown;control;2022-12-09 09:00:00+00:00;0.09;;
654611;unknown;control;2022-12-09 09:15:00+00:00;0.106;;
654611;unknown;control;2022-12-09 09:30:00+00:00;0.085;;
654611;unknown;control;2022-12-09 09:45:00+00:00;0.086;;
654611;unknown;control;2022-12-09 10:00:00+00:00;0.078;;
654611;unknown;control;2022-12-09 10:15:00+00:00;0.087;;
654611;unknown;control;2022-12-09 10:30:00+00:00;0.088;;
654611;unknown;control;2022-12-09 10:45:00+00:00;0.08;;
654611;unknown;control;2022-12-09 11:00:00+00:00;0.281;;
654611;unknown;control;2022-12-09 11:15:00+00:00;0.132;;
654611;unknown;control;2022-12-09 11:30:00+00:00;0.105;;
654611;unknown;control;2022-12-09 11:45:00+00:00;0.098;;
654611;unknown;control;2022-12-09 12:00:00+00:00;0.077;;
654611;unknown;control;2022-12-09 12:15:00+00:00;0.091;;
654611;unknown;control;2022-12-09 12:30:00+00:00;0.474;;
654611;unknown;control;2022-12-09 12:45:00+00:00;0.164;;
654611;unknown;control;2022-12-09 13:00:00+00:00;0.102;;
654611;unknown;control;2022-12-09 13:15:00+00:00;0.099;;
654611;unknown;control;2022-12-09 13:30:00+00:00;0.115;;
654611;unknown;control;2022-12-09 13:45:00+00:00;0.142;;
654611;unknown;control;2022-12-09 14:00:00+00:00;1.124;;
654611;unknown;control;2022-12-09 14:15:00+00:00;0.544;;
654611;unknown;control;2022-12-09 14:30:00+00:00;0.447;;
654611;unknown;control;2022-12-09 14:45:00+00:00;0.698;;
654611;unknown;control;2022-12-09 15:00:00+00:00;0.591;;
654611;unknown;control;2022-12-09 15:15:00+00:00;0.52;;
654611;unknown;control;2022-12-09 15:30:00+00:00;0.514;;
654611;unknown;control;2022-12-09 15:45:00+00:00;0.516;;
654611;unknown;control;2022-12-09 16:00:00+00:00;0.507;;
654611;unknown;control;2022-12-09 16:15:00+00:00;0.622;;
654611;unknown;control;2022-12-09 16:30:00+00:00;0.393;;
654611;unknown;control;2022-12-09 16:45:00+00:00;0.393;;
654611;unknown;control;2022-12-09 17:00:00+00:00;0.866;;
654611;unknown;control;2022-12-09 17:15:00+00:00;0.563;;
654611;unknown;control;2022-12-09 17:30:00+00:00;0.628;;
654611;unknown;control;2022-12-09 17:45:00+00:00;0.474;;
654611;unknown;control;2022-12-09 18:00:00+00:00;0.605;;
654611;unknown;control;2022-12-09 18:15:00+00:00;0.557;;
654611;unknown;control;2022-12-09 18:30:00+00:00;0.469;;
654611;unknown;control;2022-12-09 18:45:00+00:00;0.371;;
654611;unknown;control;2022-12-09 19:00:00+00:00;0.72;;
654611;unknown;control;2022-12-09 19:15:00+00:00;0.667;;
654611;unknown;control;2022-12-09 19:30:00+00:00;0.63;;
654611;unknown;control;2022-12-09 19:45:00+00:00;0.679;;
654611;unknown;control;2022-12-09 20:00:00+00:00;0.662;;
654611;unknown;control;2022-12-09 20:15:00+00:00;0.635;;
654611;unknown;control;2022-12-09 20:30:00+00:00;0.548;;
654611;unknown;control;2022-12-09 20:45:00+00:00;0.604;;
654611;unknown;control;2022-12-09 21:00:00+00:00;0.54;;
654611;unknown;control;2022-12-09 21:15:00+00:00;0.578;;
654611;unknown;control;2022-12-09 21:30:00+00:00;0.594;;
654611;unknown;control;2022-12-09 21:45:00+00:00;0.603;;
654611;unknown;control;2022-12-09 22:00:00+00:00;0.64;;
654611;unknown;control;2022-12-09 22:15:00+00:00;0.544;;
654611;unknown;control;2022-12-09 22:30:00+00:00;0.557;;
654611;unknown;control;2022-12-09 22:45:00+00:00;0.56;;
654611;unknown;control;2022-12-09 23:00:00+00:00;0.478;;
654611;unknown;control;2022-12-09 23:15:00+00:00;0.473;;
654611;unknown;control;2022-12-09 23:30:00+00:00;0.46;;
654611;unknown;control;2022-12-09 23:45:00+00:00;0.522;;
654611;unknown;control;2022-12-10 00:00:00+00:00;0.538;;
654611;unknown;control;2022-12-10 00:15:00+00:00;0.479;;
654611;unknown;control;2022-12-10 00:30:00+00:00;0.449;;
654611;unknown;control;2022-12-10 00:45:00+00:00;0.519;;
654611;unknown;control;2022-12-10 01:00:00+00:00;0.456;;
654611;unknown;control;2022-12-10 01:15:00+00:00;0.384;;
654611;unknown;control;2022-12-10 01:30:00+00:00;0.392;;
654611;unknown;control;2022-12-10 01:45:00+00:00;0.415;;
654611;unknown;control;2022-12-10 02:00:00+00:00;0.442;;
654611;unknown;control;2022-12-10 02:15:00+00:00;0.46;;
654611;unknown;control;2022-12-10 02:30:00+00:00;0.309;;
654611;unknown;control;2022-12-10 02:45:00+00:00;0.561;;
654611;unknown;control;2022-12-10 03:00:00+00:00;0.465;;
654611;unknown;control;2022-12-10 03:15:00+00:00;0.431;;
654611;unknown;control;2022-12-10 03:30:00+00:00;0.388;;
654611;unknown;control;2022-12-10 03:45:00+00:00;0.387;;
654611;unknown;control;2022-12-10 04:00:00+00:00;0.402;;
654611;unknown;control;2022-12-10 04:15:00+00:00;0.432;;
654611;unknown;control;2022-12-10 04:30:00+00:00;0.448;;
654611;unknown;control;2022-12-10 04:45:00+00:00;0.396;;
654611;unknown;control;2022-12-10 05:00:00+00:00;0.512;;
654611;unknown;control;2022-12-10 05:15:00+00:00;0.454;;
654611;unknown;control;2022-12-10 05:30:00+00:00;0.442;;
654611;unknown;control;2022-12-10 05:45:00+00:00;0.39;;
654611;unknown;control;2022-12-10 06:00:00+00:00;0.094;;
654611;unknown;control;2022-12-10 06:15:00+00:00;0.087;;
654611;unknown;control;2022-12-10 06:30:00+00:00;0.064;;
654611;unknown;control;2022-12-10 06:45:00+00:00;0.278;;
654611;unknown;control;2022-12-10 07:00:00+00:00;0.244;;
654611;unknown;control;2022-12-10 07:15:00+00:00;0.464;;
654611;unknown;control;2022-12-10 07:30:00+00:00;0.149;;
654611;unknown;control;2022-12-10 07:45:00+00:00;0.11;;
654611;unknown;control;2022-12-10 08:00:00+00:00;0.107;;
654611;unknown;control;2022-12-10 08:15:00+00:00;0.104;;
654611;unknown;control;2022-12-10 08:30:00+00:00;0.093;;
654611;unknown;control;2022-12-10 08:45:00+00:00;0.108;;
654611;unknown;control;2022-12-10 09:00:00+00:00;0.153;;
654611;unknown;control;2022-12-10 09:15:00+00:00;0.075;;
654611;unknown;control;2022-12-10 09:30:00+00:00;0.097;;
654611;unknown;control;2022-12-10 09:45:00+00:00;0.102;;
654611;unknown;control;2022-12-10 10:00:00+00:00;0.104;;
654611;unknown;control;2022-12-10 10:15:00+00:00;0.112;;
654611;unknown;control;2022-12-10 10:30:00+00:00;0.107;;
654611;unknown;control;2022-12-10 10:45:00+00:00;0.116;;
654611;unknown;control;2022-12-10 11:00:00+00:00;0.124;;
654611;unknown;control;2022-12-10 11:15:00+00:00;0.217;;
654611;unknown;control;2022-12-10 11:30:00+00:00;0.249;;
654611;unknown;control;2022-12-10 11:45:00+00:00;0.24;;
654611;unknown;control;2022-12-10 12:00:00+00:00;0.264;;
654611;unknown;control;2022-12-10 12:15:00+00:00;0.163;;
654611;unknown;control;2022-12-10 12:30:00+00:00;0.08;;
654611;unknown;control;2022-12-10 12:45:00+00:00;0.1;;
654611;unknown;control;2022-12-10 13:00:00+00:00;0.105;;
654611;unknown;control;2022-12-10 13:15:00+00:00;0.101;;
654611;unknown;control;2022-12-10 13:30:00+00:00;0.116;;
654611;unknown;control;2022-12-10 13:45:00+00:00;0.106;;
654611;unknown;control;2022-12-10 14:00:00+00:00;1.105;;
654611;unknown;control;2022-12-10 14:15:00+00:00;1.206;;
654611;unknown;control;2022-12-10 14:30:00+00:00;0.562;;
654611;unknown;control;2022-12-10 14:45:00+00:00;1.182;;
654611;unknown;control;2022-12-10 15:00:00+00:00;0.914;;
654611;unknown;control;2022-12-10 15:15:00+00:00;0.805;;
654611;unknown;control;2022-12-10 15:30:00+00:00;0.867;;
654611;unknown;control;2022-12-10 15:45:00+00:00;1.097;;
654611;unknown;control;2022-12-10 16:00:00+00:00;0.925;;
654611;unknown;control;2022-12-10 16:15:00+00:00;0.74;;
654611;unknown;control;2022-12-10 16:30:00+00:00;0.713;;
654611;unknown;control;2022-12-10 16:45:00+00:00;1.032;;
654611;unknown;control;2022-12-10 17:00:00+00:00;1.169;;
654611;unknown;control;2022-12-10 17:15:00+00:00;1.467;;
654611;unknown;control;2022-12-10 17:30:00+00:00;1.443;;
654611;unknown;control;2022-12-10 17:45:00+00:00;0.849;;
654611;unknown;control;2022-12-10 18:00:00+00:00;0.428;;
654611;unknown;control;2022-12-10 18:15:00+00:00;0.641;;
654611;unknown;control;2022-12-10 18:30:00+00:00;0.847;;
654611;unknown;control;2022-12-10 18:45:00+00:00;0.869;;
654611;unknown;control;2022-12-10 19:00:00+00:00;0.821;;
654611;unknown;control;2022-12-10 19:15:00+00:00;0.734;;
654611;unknown;control;2022-12-10 19:30:00+00:00;0.709;;
654611;unknown;control;2022-12-10 19:45:00+00:00;1.151;;
654611;unknown;control;2022-12-10 20:00:00+00:00;0.642;;
654611;unknown;control;2022-12-10 20:15:00+00:00;0.608;;
654611;unknown;control;2022-12-10 20:30:00+00:00;0.591;;
654611;unknown;control;2022-12-10 20:45:00+00:00;0.589;;
654611;unknown;control;2022-12-10 21:00:00+00:00;0.539;;
654611;unknown;control;2022-12-10 21:15:00+00:00;0.492;;
654611;unknown;control;2022-12-10 21:30:00+00:00;0.544;;
654611;unknown;control;2022-12-10 21:45:00+00:00;0.93;;
654611;unknown;control;2022-12-10 22:00:00+00:00;0.633;;
654611;unknown;control;2022-12-10 22:15:00+00:00;0.57;;
654611;unknown;control;2022-12-10 22:30:00+00:00;0.498;;
654611;unknown;control;2022-12-10 22:45:00+00:00;0.487;;
654611;unknown;control;2022-12-10 23:00:00+00:00;0.493;;
654611;unknown;control;2022-12-10 23:15:00+00:00;0.558;;
654611;unknown;control;2022-12-10 23:30:00+00:00;0.615;;
654611;unknown;control;2022-12-10 23:45:00+00:00;0.638;;
654611;unknown;control;2022-12-11 00:00:00+00:00;1.116;;
654611;unknown;control;2022-12-11 00:15:00+00:00;0.596;;
654611;unknown;control;2022-12-11 00:30:00+00:00;0.571;;
654611;unknown;control;2022-12-11 00:45:00+00:00;0.547;;
654611;unknown;control;2022-12-11 01:00:00+00:00;0.522;;
654611;unknown;control;2022-12-11 01:15:00+00:00;0.535;;
654611;unknown;control;2022-12-11 01:30:00+00:00;0.574;;
654611;unknown;control;2022-12-11 01:45:00+00:00;0.625;;
654611;unknown;control;2022-12-11 02:00:00+00:00;0.875;;
654611;unknown;control;2022-12-11 02:15:00+00:00;1.009;;
654611;unknown;control;2022-12-11 02:30:00+00:00;0.682;;
654611;unknown;control;2022-12-11 02:45:00+00:00;0.598;;
654611;unknown;control;2022-12-11 03:00:00+00:00;0.58;;
654611;unknown;control;2022-12-11 03:15:00+00:00;0.603;;
654611;unknown;control;2022-12-11 03:30:00+00:00;0.584;;
654611;unknown;control;2022-12-11 03:45:00+00:00;0.658;;
654611;unknown;control;2022-12-11 04:00:00+00:00;0.733;;
654611;unknown;control;2022-12-11 04:15:00+00:00;1.169;;
654611;unknown;control;2022-12-11 04:30:00+00:00;0.814;;
654611;unknown;control;2022-12-11 04:45:00+00:00;0.632;;
654611;unknown;control;2022-12-11 05:00:00+00:00;0.536;;
654611;unknown;control;2022-12-11 05:15:00+00:00;0.54;;
654611;unknown;control;2022-12-11 05:30:00+00:00;0.541;;
654611;unknown;control;2022-12-11 05:45:00+00:00;0.561;;
654611;unknown;control;2022-12-11 06:00:00+00:00;0.129;;
654611;unknown;control;2022-12-11 06:15:00+00:00;0.058;;
654611;unknown;control;2022-12-11 06:30:00+00:00;0.163;;
654611;unknown;control;2022-12-11 06:45:00+00:00;0.277;;
654611;unknown;control;2022-12-11 07:00:00+00:00;0.161;;
654611;unknown;control;2022-12-11 07:15:00+00:00;0.138;;
654611;unknown;control;2022-12-11 07:30:00+00:00;0.105;;
654611;unknown;control;2022-12-11 07:45:00+00:00;0.339;;
654611;unknown;control;2022-12-11 08:00:00+00:00;0.122;;
654611;unknown;control;2022-12-11 08:15:00+00:00;0.122;;
654611;unknown;control;2022-12-11 08:30:00+00:00;0.151;;
654611;unknown;control;2022-12-11 08:45:00+00:00;0.131;;
654611;unknown;control;2022-12-11 09:00:00+00:00;0.121;;
654611;unknown;control;2022-12-11 09:15:00+00:00;0.129;;
654611;unknown;control;2022-12-11 09:30:00+00:00;0.291;;
654611;unknown;control;2022-12-11 09:45:00+00:00;0.456;;
654611;unknown;control;2022-12-11 10:00:00+00:00;0.343;;
654611;unknown;control;2022-12-11 10:15:00+00:00;0.237;;
654611;unknown;control;2022-12-11 10:30:00+00:00;0.283;;
654611;unknown;control;2022-12-11 10:45:00+00:00;0.227;;
654611;unknown;control;2022-12-11 11:00:00+00:00;0.223;;
654611;unknown;control;2022-12-11 11:15:00+00:00;0.181;;
654611;unknown;control;2022-12-11 11:30:00+00:00;0.031;;
654611;unknown;control;2022-12-11 11:45:00+00:00;0.04;;
654611;unknown;control;2022-12-11 12:00:00+00:00;0.023;;
654611;unknown;control;2022-12-11 12:15:00+00:00;0.022;;
654611;unknown;control;2022-12-11 12:30:00+00:00;0.045;;
654611;unknown;control;2022-12-11 12:45:00+00:00;0.039;;
654611;unknown;control;2022-12-11 13:00:00+00:00;0.055;;
654611;unknown;control;2022-12-11 13:15:00+00:00;0.056;;
654611;unknown;control;2022-12-11 13:30:00+00:00;0.056;;
654611;unknown;control;2022-12-11 13:45:00+00:00;0.054;;
654611;unknown;control;2022-12-11 14:00:00+00:00;0.705;;
654611;unknown;control;2022-12-11 14:15:00+00:00;0.654;;
654611;unknown;control;2022-12-11 14:30:00+00:00;0.573;;
654611;unknown;control;2022-12-11 14:45:00+00:00;0.658;;
654611;unknown;control;2022-12-11 15:00:00+00:00;1.154;;
654611;unknown;control;2022-12-11 15:15:00+00:00;0.976;;
654611;unknown;control;2022-12-11 15:30:00+00:00;0.99;;
654611;unknown;control;2022-12-11 15:45:00+00:00;0.91;;
654611;unknown;control;2022-12-11 16:00:00+00:00;0.911;;
654611;unknown;control;2022-12-11 16:15:00+00:00;0.981;;
654611;unknown;control;2022-12-11 16:30:00+00:00;1.211;;
654611;unknown;control;2022-12-11 16:45:00+00:00;0.94;;
654611;unknown;control;2022-12-11 17:00:00+00:00;0.842;;
654611;unknown;control;2022-12-11 17:15:00+00:00;0.814;;
654611;unknown;control;2022-12-11 17:30:00+00:00;0.791;;
654611;unknown;control;2022-12-11 17:45:00+00:00;0.795;;
654611;unknown;control;2022-12-11 18:00:00+00:00;0.957;;
654611;unknown;control;2022-12-11 18:15:00+00:00;1.254;;
654611;unknown;control;2022-12-11 18:30:00+00:00;0.872;;
654611;unknown;control;2022-12-11 18:45:00+00:00;0.842;;
654611;unknown;control;2022-12-11 19:00:00+00:00;0.926;;
654611;unknown;control;2022-12-11 19:15:00+00:00;0.915;;
654611;unknown;control;2022-12-11 19:30:00+00:00;0.71;;
654611;unknown;control;2022-12-11 19:45:00+00:00;0.666;;
654611;unknown;control;2022-12-11 20:00:00+00:00;0.689;;
654611;unknown;control;2022-12-11 20:15:00+00:00;0.964;;
654611;unknown;control;2022-12-11 20:30:00+00:00;1.336;;
654611;unknown;control;2022-12-11 20:45:00+00:00;0.99;;
654611;unknown;control;2022-12-11 21:00:00+00:00;0.634;;
654611;unknown;control;2022-12-11 21:15:00+00:00;0.593;;
654611;unknown;control;2022-12-11 21:30:00+00:00;0.606;;
654611;unknown;control;2022-12-11 21:45:00+00:00;0.609;;
654611;unknown;control;2022-12-11 22:00:00+00:00;0.685;;
654611;unknown;control;2022-12-11 22:15:00+00:00;0.666;;
654611;unknown;control;2022-12-11 22:30:00+00:00;0.709;;
654611;unknown;control;2022-12-11 22:45:00+00:00;0.597;;
654611;unknown;control;2022-12-11 23:00:00+00:00;0.519;;
654611;unknown;control;2022-12-11 23:15:00+00:00;0.462;;
654611;unknown;control;2022-12-11 23:30:00+00:00;0.476;;
654611;unknown;control;2022-12-11 23:45:00+00:00;0.512;;
654611;unknown;control;2022-12-12 00:00:00+00:00;0.553;;
654611;unknown;control;2022-12-12 00:15:00+00:00;0.553;;
654611;unknown;control;2022-12-12 00:30:00+00:00;0.622;;
654611;unknown;control;2022-12-12 00:45:00+00:00;1.078;;
654611;unknown;control;2022-12-12 01:00:00+00:00;0.54;;
654611;unknown;control;2022-12-12 01:15:00+00:00;0.516;;
654611;unknown;control;2022-12-12 01:30:00+00:00;0.512;;
654611;unknown;control;2022-12-12 01:45:00+00:00;0.513;;
654611;unknown;control;2022-12-12 02:00:00+00:00;0.516;;
654611;unknown;control;2022-12-12 02:15:00+00:00;0.491;;
654611;unknown;control;2022-12-12 02:30:00+00:00;0.516;;
654611;unknown;control;2022-12-12 02:45:00+00:00;0.948;;
654611;unknown;control;2022-12-12 03:00:00+00:00;0.647;;
654611;unknown;control;2022-12-12 03:15:00+00:00;0.536;;
654611;unknown;control;2022-12-12 03:30:00+00:00;0.481;;
654611;unknown;control;2022-12-12 03:45:00+00:00;0.465;;
654611;unknown;control;2022-12-12 04:00:00+00:00;0.481;;
654611;unknown;control;2022-12-12 04:15:00+00:00;0.465;;
654611;unknown;control;2022-12-12 04:30:00+00:00;0.584;;
654611;unknown;control;2022-12-12 04:45:00+00:00;0.784;;
654611;unknown;control;2022-12-12 05:00:00+00:00;1.038;;
654611;unknown;control;2022-12-12 05:15:00+00:00;0.622;;
654611;unknown;control;2022-12-12 05:30:00+00:00;0.534;;
654611;unknown;control;2022-12-12 05:45:00+00:00;0.862;;
654611;unknown;control;2022-12-12 06:00:00+00:00;0.284;;
654611;unknown;control;2022-12-12 06:15:00+00:00;0.131;;
654611;unknown;control;2022-12-12 06:30:00+00:00;0.143;;
654611;unknown;control;2022-12-12 06:45:00+00:00;0.138;;
654611;unknown;control;2022-12-12 07:00:00+00:00;0.112;;
654611;unknown;control;2022-12-12 07:15:00+00:00;0.582;;
654611;unknown;control;2022-12-12 07:30:00+00:00;0.095;;
654611;unknown;control;2022-12-12 07:45:00+00:00;0.096;;
654611;unknown;control;2022-12-12 08:00:00+00:00;0.1;;
654611;unknown;control;2022-12-12 08:15:00+00:00;0.086;;
654611;unknown;control;2022-12-12 08:30:00+00:00;0.099;;
654611;unknown;control;2022-12-12 08:45:00+00:00;0.087;;
654611;unknown;control;2022-12-12 09:00:00+00:00;0.086;;
654611;unknown;control;2022-12-12 09:15:00+00:00;0.102;;
654611;unknown;control;2022-12-12 09:30:00+00:00;0.082;;
654611;unknown;control;2022-12-12 09:45:00+00:00;0.086;;
654611;unknown;control;2022-12-12 10:00:00+00:00;0.073;;
654611;unknown;control;2022-12-12 10:15:00+00:00;0.069;;
654611;unknown;control;2022-12-12 10:30:00+00:00;0.09;;
654611;unknown;control;2022-12-12 10:45:00+00:00;0.063;;
654611;unknown;control;2022-12-12 11:00:00+00:00;0.05;;
654611;unknown;control;2022-12-12 11:15:00+00:00;0.067;;
654611;unknown;control;2022-12-12 11:30:00+00:00;0.061;;
654611;unknown;control;2022-12-12 11:45:00+00:00;0.059;;
654611;unknown;control;2022-12-12 12:00:00+00:00;0.067;;
654611;unknown;control;2022-12-12 12:15:00+00:00;0.051;;
654611;unknown;control;2022-12-12 12:30:00+00:00;0.07;;
654611;unknown;control;2022-12-12 12:45:00+00:00;0.089;;
654611;unknown;control;2022-12-12 13:00:00+00:00;0.097;;
654611;unknown;control;2022-12-12 13:15:00+00:00;0.099;;
654611;unknown;control;2022-12-12 13:30:00+00:00;0.09;;
654611;unknown;control;2022-12-12 13:45:00+00:00;0.101;;
654611;unknown;control;2022-12-12 14:00:00+00:00;0.73;;
654611;unknown;control;2022-12-12 14:15:00+00:00;0.84;;
654611;unknown;control;2022-12-12 14:30:00+00:00;0.435;;
654611;unknown;control;2022-12-12 14:45:00+00:00;0.825;;
654611;unknown;control;2022-12-12 15:00:00+00:00;1.092;;
654611;unknown;control;2022-12-12 15:15:00+00:00;0.793;;
654611;unknown;control;2022-12-12 15:30:00+00:00;0.716;;
654611;unknown;control;2022-12-12 15:45:00+00:00;0.668;;
654611;unknown;control;2022-12-12 16:00:00+00:00;0.628;;
654611;unknown;control;2022-12-12 16:15:00+00:00;0.593;;
654611;unknown;control;2022-12-12 16:30:00+00:00;0.622;;
654611;unknown;control;2022-12-12 16:45:00+00:00;0.62;;
654611;unknown;control;2022-12-12 17:00:00+00:00;0.652;;
654611;unknown;control;2022-12-12 17:15:00+00:00;1.03;;
654611;unknown;control;2022-12-12 17:30:00+00:00;0.679;;
654611;unknown;control;2022-12-12 17:45:00+00:00;0.576;;
654611;unknown;control;2022-12-12 18:00:00+00:00;0.557;;
654611;unknown;control;2022-12-12 18:15:00+00:00;0.583;;
654611;unknown;control;2022-12-12 18:30:00+00:00;0.57;;
654611;unknown;control;2022-12-12 18:45:00+00:00;0.585;;
654611;unknown;control;2022-12-12 19:00:00+00:00;0.719;;
654611;unknown;control;2022-12-12 19:15:00+00:00;1.115;;
654611;unknown;control;2022-12-12 19:30:00+00:00;0.756;;
654611;unknown;control;2022-12-12 19:45:00+00:00;0.688;;
654611;unknown;control;2022-12-12 20:00:00+00:00;0.623;;
654611;unknown;control;2022-12-12 20:15:00+00:00;0.608;;
654611;unknown;control;2022-12-12 20:30:00+00:00;0.618;;
654611;unknown;control;2022-12-12 20:45:00+00:00;0.618;;
654611;unknown;control;2022-12-12 21:00:00+00:00;0.603;;
654611;unknown;control;2022-12-12 21:15:00+00:00;0.616;;
654611;unknown;control;2022-12-12 21:30:00+00:00;1.127;;
654611;unknown;control;2022-12-12 21:45:00+00:00;0.701;;
654611;unknown;control;2022-12-12 22:00:00+00:00;0.693;;
654611;unknown;control;2022-12-12 22:15:00+00:00;0.673;;
654611;unknown;control;2022-12-12 22:30:00+00:00;0.685;;
654611;unknown;control;2022-12-12 22:45:00+00:00;0.663;;
654611;unknown;control;2022-12-12 23:00:00+00:00;0.63;;
654611;unknown;control;2022-12-12 23:15:00+00:00;0.645;;
654611;unknown;control;2022-12-12 23:30:00+00:00;0.941;;
654611;unknown;control;2022-12-12 23:45:00+00:00;0.833;;
654611;unknown;control;2022-12-13 00:00:00+00:00;0.732;;
654611;unknown;control;2022-12-13 00:15:00+00:00;0.627;;
654611;unknown;control;2022-12-13 00:30:00+00:00;0.599;;
654611;unknown;control;2022-12-13 00:45:00+00:00;0.601;;
654611;unknown;control;2022-12-13 01:00:00+00:00;0.591;;
654611;unknown;control;2022-12-13 01:15:00+00:00;0.611;;
654611;unknown;control;2022-12-13 01:30:00+00:00;0.615;;
654611;unknown;control;2022-12-13 01:45:00+00:00;1.069;;
654611;unknown;control;2022-12-13 02:00:00+00:00;0.741;;
654611;unknown;control;2022-12-13 02:15:00+00:00;0.692;;
654611;unknown;control;2022-12-13 02:30:00+00:00;0.723;;
654611;unknown;control;2022-12-13 02:45:00+00:00;0.723;;
654611;unknown;control;2022-12-13 03:00:00+00:00;0.717;;
654611;unknown;control;2022-12-13 03:15:00+00:00;0.724;;
654611;unknown;control;2022-12-13 03:30:00+00:00;0.719;;
654611;unknown;control;2022-12-13 03:45:00+00:00;0.87;;
654611;unknown;control;2022-12-13 04:00:00+00:00;0.944;;
654611;unknown;control;2022-12-13 04:15:00+00:00;0.763;;
654611;unknown;control;2022-12-13 04:30:00+00:00;0.793;;
654611;unknown;control;2022-12-13 04:45:00+00:00;0.978;;
654611;unknown;control;2022-12-13 05:00:00+00:00;0.764;;
654611;unknown;control;2022-12-13 05:15:00+00:00;0.749;;
654611;unknown;control;2022-12-13 05:30:00+00:00;0.754;;
654611;unknown;control;2022-12-13 05:45:00+00:00;0.747;;
654611;unknown;control;2022-12-13 06:00:00+00:00;0.187;;
654611;unknown;control;2022-12-13 06:15:00+00:00;0.109;;
654611;unknown;control;2022-12-13 06:30:00+00:00;0.16;;
654611;unknown;control;2022-12-13 06:45:00+00:00;0.108;;
654611;unknown;control;2022-12-13 07:00:00+00:00;0.084;;
654611;unknown;control;2022-12-13 07:15:00+00:00;0.113;;
654611;unknown;control;2022-12-13 07:30:00+00:00;0.106;;
654611;unknown;control;2022-12-13 07:45:00+00:00;0.1;;
654611;unknown;control;2022-12-13 08:00:00+00:00;0.114;;
654611;unknown;control;2022-12-13 08:15:00+00:00;0.103;;
654611;unknown;control;2022-12-13 08:30:00+00:00;0.106;;
654611;unknown;control;2022-12-13 08:45:00+00:00;0.114;;
654611;unknown;control;2022-12-13 09:00:00+00:00;0.123;;
654611;unknown;control;2022-12-13 09:15:00+00:00;0.087;;
654611;unknown;control;2022-12-13 09:30:00+00:00;0.089;;
654611;unknown;control;2022-12-13 09:45:00+00:00;0.069;;
654611;unknown;control;2022-12-13 10:00:00+00:00;0.083;;
654611;unknown;control;2022-12-13 10:15:00+00:00;0.084;;
654611;unknown;control;2022-12-13 10:30:00+00:00;0.227;;
654611;unknown;control;2022-12-13 10:45:00+00:00;0.311;;
654611;unknown;control;2022-12-13 11:00:00+00:00;0.13;;
654611;unknown;control;2022-12-13 11:15:00+00:00;0.075;;
654611;unknown;control;2022-12-13 11:30:00+00:00;0.074;;
654611;unknown;control;2022-12-13 11:45:00+00:00;0.077;;
654611;unknown;control;2022-12-13 12:00:00+00:00;0.082;;
654611;unknown;control;2022-12-13 12:15:00+00:00;0.088;;
654611;unknown;control;2022-12-13 12:30:00+00:00;0.089;;
654611;unknown;control;2022-12-13 12:45:00+00:00;0.083;;
654611;unknown;control;2022-12-13 13:00:00+00:00;0.085;;
654611;unknown;control;2022-12-13 13:15:00+00:00;0.084;;
654611;unknown;control;2022-12-13 13:30:00+00:00;0.085;;
654611;unknown;control;2022-12-13 13:45:00+00:00;0.092;;
654611;unknown;control;2022-12-13 14:00:00+00:00;0.279;;
654611;unknown;control;2022-12-13 14:15:00+00:00;1.008;;
654611;unknown;control;2022-12-13 14:30:00+00:00;0.686;;
654611;unknown;control;2022-12-13 14:45:00+00:00;0.668;;
654611;unknown;control;2022-12-13 15:00:00+00:00;0.813;;
654611;unknown;control;2022-12-13 15:15:00+00:00;0.747;;
654611;unknown;control;2022-12-13 15:30:00+00:00;0.697;;
654611;unknown;control;2022-12-13 15:45:00+00:00;0.689;;
654611;unknown;control;2022-12-13 16:00:00+00:00;0.979;;
654611;unknown;control;2022-12-13 16:15:00+00:00;0.674;;
654611;unknown;control;2022-12-13 16:30:00+00:00;0.697;;
654611;unknown;control;2022-12-13 16:45:00+00:00;0.608;;
654611;unknown;control;2022-12-13 17:00:00+00:00;0.616;;
654611;unknown;control;2022-12-13 17:15:00+00:00;0.621;;
654611;unknown;control;2022-12-13 17:30:00+00:00;0.608;;
654611;unknown;control;2022-12-13 17:45:00+00:00;0.638;;
654611;unknown;control;2022-12-13 18:00:00+00:00;0.688;;
654611;unknown;control;2022-12-13 18:15:00+00:00;1.127;;
654611;unknown;control;2022-12-13 18:30:00+00:00;0.654;;
654611;unknown;control;2022-12-13 18:45:00+00:00;0.609;;
654611;unknown;control;2022-12-13 19:00:00+00:00;0.697;;
654611;unknown;control;2022-12-13 19:15:00+00:00;0.746;;
654611;unknown;control;2022-12-13 19:30:00+00:00;0.647;;
654611;unknown;control;2022-12-13 19:45:00+00:00;0.68;;
654611;unknown;control;2022-12-13 20:00:00+00:00;0.815;;
654611;unknown;control;2022-12-13 20:15:00+00:00;1.011;;
654611;unknown;control;2022-12-13 20:30:00+00:00;0.958;;
654611;unknown;control;2022-12-13 20:45:00+00:00;0.645;;
654611;unknown;control;2022-12-13 21:00:00+00:00;0.62;;
654611;unknown;control;2022-12-13 21:15:00+00:00;0.558;;
654611;unknown;control;2022-12-13 21:30:00+00:00;0.564;;
654611;unknown;control;2022-12-13 21:45:00+00:00;0.584;;
654611;unknown;control;2022-12-13 22:00:00+00:00;0.608;;
654611;unknown;control;2022-12-13 22:15:00+00:00;0.671;;
654611;unknown;control;2022-12-13 22:30:00+00:00;1.159;;
654611;unknown;control;2022-12-13 22:45:00+00:00;0.688;;
654611;unknown;control;2022-12-13 23:00:00+00:00;0.66;;
654611;unknown;control;2022-12-13 23:15:00+00:00;0.595;;
654611;unknown;control;2022-12-13 23:30:00+00:00;0.592;;
654611;unknown;control;2022-12-13 23:45:00+00:00;0.595;;
654611;unknown;control;2022-12-14 00:00:00+00:00;0.586;;
654611;unknown;control;2022-12-14 00:15:00+00:00;0.603;;
654611;unknown;control;2022-12-14 00:30:00+00:00;0.607;;
654611;unknown;control;2022-12-14 00:45:00+00:00;1.148;;
654611;unknown;control;2022-12-14 01:00:00+00:00;0.631;;
654611;unknown;control;2022-12-14 01:15:00+00:00;0.587;;
654611;unknown;control;2022-12-14 01:30:00+00:00;0.566;;
654611;unknown;control;2022-12-14 01:45:00+00:00;0.574;;
654611;unknown;control;2022-12-14 02:00:00+00:00;0.56;;
654611;unknown;control;2022-12-14 02:15:00+00:00;0.588;;
654611;unknown;control;2022-12-14 02:30:00+00:00;0.602;;
654611;unknown;control;2022-12-14 02:45:00+00:00;0.914;;
654611;unknown;control;2022-12-14 03:00:00+00:00;0.811;;
654611;unknown;control;2022-12-14 03:15:00+00:00;0.598;;
654611;unknown;control;2022-12-14 03:30:00+00:00;0.538;;
654611;unknown;control;2022-12-14 03:45:00+00:00;0.544;;
654611;unknown;control;2022-12-14 04:00:00+00:00;0.527;;
654611;unknown;control;2022-12-14 04:15:00+00:00;0.537;;
654611;unknown;control;2022-12-14 04:30:00+00:00;0.644;;
654611;unknown;control;2022-12-14 04:45:00+00:00;0.825;;
654611;unknown;control;2022-12-14 05:00:00+00:00;1.188;;
654611;unknown;control;2022-12-14 05:15:00+00:00;0.677;;
654611;unknown;control;2022-12-14 05:30:00+00:00;0.56;;
654611;unknown;control;2022-12-14 05:45:00+00:00;0.527;;
654611;unknown;control;2022-12-14 06:00:00+00:00;0.116;;
654611;unknown;control;2022-12-14 06:15:00+00:00;0.087;;
654611;unknown;control;2022-12-14 06:30:00+00:00;0.074;;
654611;unknown;control;2022-12-14 06:45:00+00:00;0.068;;
654611;unknown;control;2022-12-14 07:00:00+00:00;0.106;;
654611;unknown;control;2022-12-14 07:15:00+00:00;0.088;;
654611;unknown;control;2022-12-14 07:30:00+00:00;0.093;;
654611;unknown;control;2022-12-14 07:45:00+00:00;0.103;;
654611;unknown;control;2022-12-14 08:00:00+00:00;0.094;;
654611;unknown;control;2022-12-14 08:15:00+00:00;0.1;;
654611;unknown;control;2022-12-14 08:30:00+00:00;0.122;;
654611;unknown;control;2022-12-14 08:45:00+00:00;0.12;;
654611;unknown;control;2022-12-14 09:00:00+00:00;0.127;;
654611;unknown;control;2022-12-14 09:15:00+00:00;0.089;;
654611;unknown;control;2022-12-14 09:30:00+00:00;0.081;;
654611;unknown;control;2022-12-14 09:45:00+00:00;0.082;;
654611;unknown;control;2022-12-14 10:00:00+00:00;0.081;;
654611;unknown;control;2022-12-14 10:15:00+00:00;0.074;;
654611;unknown;control;2022-12-14 10:30:00+00:00;0.068;;
654611;unknown;control;2022-12-14 10:45:00+00:00;0.061;;
654611;unknown;control;2022-12-14 11:00:00+00:00;0.186;;
654611;unknown;control;2022-12-14 11:15:00+00:00;0.063;;
654611;unknown;control;2022-12-14 11:30:00+00:00;0.08;;
654611;unknown;control;2022-12-14 11:45:00+00:00;0.102;;
654611;unknown;control;2022-12-14 12:00:00+00:00;0.097;;
654611;unknown;control;2022-12-14 12:15:00+00:00;0.087;;
654611;unknown;control;2022-12-14 12:30:00+00:00;0.081;;
654611;unknown;control;2022-12-14 12:45:00+00:00;0.102;;
654611;unknown;control;2022-12-14 13:00:00+00:00;0.083;;
654611;unknown;control;2022-12-14 13:15:00+00:00;0.084;;
654611;unknown;control;2022-12-14 13:30:00+00:00;0.096;;
654611;unknown;control;2022-12-14 13:45:00+00:00;0.071;;
654611;unknown;control;2022-12-14 14:00:00+00:00;0.739;;
654611;unknown;control;2022-12-14 14:15:00+00:00;0.62;;
654611;unknown;control;2022-12-14 14:30:00+00:00;0.456;;
654611;unknown;control;2022-12-14 14:45:00+00:00;0.539;;
654611;unknown;control;2022-12-14 15:00:00+00:00;0.531;;
654611;unknown;control;2022-12-14 15:15:00+00:00;0.388;;
654611;unknown;control;2022-12-14 15:30:00+00:00;0.298;;
654611;unknown;control;2022-12-14 15:45:00+00:00;0.289;;
654611;unknown;control;2022-12-14 16:00:00+00:00;0.336;;
654611;unknown;control;2022-12-14 16:15:00+00:00;0.316;;
654611;unknown;control;2022-12-14 16:30:00+00:00;0.317;;
654611;unknown;control;2022-12-14 16:45:00+00:00;0.231;;
654611;unknown;control;2022-12-14 17:00:00+00:00;0.41;;
654611;unknown;control;2022-12-14 17:15:00+00:00;0.323;;
654611;unknown;control;2022-12-14 17:30:00+00:00;0.292;;
654611;unknown;control;2022-12-14 17:45:00+00:00;0.285;;
654611;unknown;control;2022-12-14 18:00:00+00:00;0.393;;
654611;unknown;control;2022-12-14 18:15:00+00:00;0.315;;
654611;unknown;control;2022-12-14 18:30:00+00:00;0.296;;
654611;unknown;control;2022-12-14 18:45:00+00:00;0.394;;
654611;unknown;control;2022-12-14 19:00:00+00:00;0.45;;
654611;unknown;control;2022-12-14 19:15:00+00:00;0.596;;
654611;unknown;control;2022-12-14 19:30:00+00:00;0.545;;
654611;unknown;control;2022-12-14 19:45:00+00:00;0.53;;
654611;unknown;control;2022-12-14 20:00:00+00:00;0.504;;
654611;unknown;control;2022-12-14 20:15:00+00:00;0.474;;
654611;unknown;control;2022-12-14 20:30:00+00:00;0.39;;
654611;unknown;control;2022-12-14 20:45:00+00:00;0.512;;
654611;unknown;control;2022-12-14 21:00:00+00:00;0.484;;
654611;unknown;control;2022-12-14 21:15:00+00:00;0.439;;
654611;unknown;control;2022-12-14 21:30:00+00:00;0.371;;
654611;unknown;control;2022-12-14 21:45:00+00:00;0.399;;
654611;unknown;control;2022-12-14 22:00:00+00:00;0.4;;
654611;unknown;control;2022-12-14 22:15:00+00:00;0.394;;
654611;unknown;control;2022-12-14 22:30:00+00:00;0.331;;
654611;unknown;control;2022-12-14 22:45:00+00:00;0.46;;
654611;unknown;control;2022-12-14 23:00:00+00:00;0.479;;
654611;unknown;control;2022-12-14 23:15:00+00:00;0.438;;
654611;unknown;control;2022-12-14 23:30:00+00:00;0.375;;
654611;unknown;control;2022-12-14 23:45:00+00:00;0.37;;
654611;unknown;control;2022-12-15 00:00:00+00:00;0.4;;
654611;unknown;control;2022-12-15 00:15:00+00:00;0.376;;
654611;unknown;control;2022-12-15 00:30:00+00:00;0.386;;
654611;unknown;control;2022-12-15 00:45:00+00:00;0.278;;
654611;unknown;control;2022-12-15 01:00:00+00:00;0.434;;
654611;unknown;control;2022-12-15 01:15:00+00:00;0.372;;
654611;unknown;control;2022-12-15 01:30:00+00:00;0.284;;
654611;unknown;control;2022-12-15 01:45:00+00:00;0.296;;
654611;unknown;control;2022-12-15 02:00:00+00:00;0.377;;
654611;unknown;control;2022-12-15 02:15:00+00:00;0.4;;
654611;unknown;control;2022-12-15 02:30:00+00:00;0.232;;
654611;unknown;control;2022-12-15 02:45:00+00:00;0.48;;
654611;unknown;control;2022-12-15 03:00:00+00:00;0.329;;
654611;unknown;control;2022-12-15 03:15:00+00:00;0.441;;
654611;unknown;control;2022-12-15 03:30:00+00:00;0.308;;
654611;unknown;control;2022-12-15 03:45:00+00:00;0.317;;
654611;unknown;control;2022-12-15 04:00:00+00:00;0.393;;
654611;unknown;control;2022-12-15 04:15:00+00:00;0.287;;
654611;unknown;control;2022-12-15 04:30:00+00:00;0.512;;
654611;unknown;control;2022-12-15 04:45:00+00:00;0.709;;
654611;unknown;control;2022-12-15 05:00:00+00:00;0.46;;
654611;unknown;control;2022-12-15 05:15:00+00:00;0.398;;
654611;unknown;control;2022-12-15 05:30:00+00:00;0.793;;
654611;unknown;control;2022-12-15 05:45:00+00:00;0.45;;
654611;unknown;control;2022-12-15 06:00:00+00:00;0.151;;
654611;unknown;control;2022-12-15 06:15:00+00:00;0.091;;
654611;unknown;control;2022-12-15 06:30:00+00:00;0.093;;
654611;unknown;control;2022-12-15 06:45:00+00:00;0.397;;
654611;unknown;control;2022-12-15 07:00:00+00:00;0.226;;
654611;unknown;control;2022-12-15 07:15:00+00:00;0.085;;
654611;unknown;control;2022-12-15 07:30:00+00:00;0.076;;
654611;unknown;control;2022-12-15 07:45:00+00:00;0.07;;
654611;unknown;control;2022-12-15 08:00:00+00:00;0.061;;
654611;unknown;control;2022-12-15 08:15:00+00:00;0.062;;
654611;unknown;control;2022-12-15 08:30:00+00:00;0.053;;
654611;unknown;control;2022-12-15 08:45:00+00:00;0.051;;
654611;unknown;control;2022-12-15 09:00:00+00:00;0.058;;
654611;unknown;control;2022-12-15 09:15:00+00:00;0.052;;
654611;unknown;control;2022-12-15 09:30:00+00:00;0.057;;
654611;unknown;control;2022-12-15 09:45:00+00:00;0.027;;
654611;unknown;control;2022-12-15 10:00:00+00:00;0.024;;
654611;unknown;control;2022-12-15 10:15:00+00:00;0.035;;
654611;unknown;control;2022-12-15 10:30:00+00:00;0.036;;
654611;unknown;control;2022-12-15 10:45:00+00:00;0.026;;
654611;unknown;control;2022-12-15 11:00:00+00:00;0.035;;
654611;unknown;control;2022-12-15 11:15:00+00:00;0.055;;
654611;unknown;control;2022-12-15 11:30:00+00:00;0.039;;
654611;unknown;control;2022-12-15 11:45:00+00:00;0.045;;
654611;unknown;control;2022-12-15 12:00:00+00:00;0.031;;
654611;unknown;control;2022-12-15 12:15:00+00:00;0.034;;
654611;unknown;control;2022-12-15 12:30:00+00:00;0.057;;
654611;unknown;control;2022-12-15 12:45:00+00:00;0.039;;
654611;unknown;control;2022-12-15 13:00:00+00:00;0.055;;
654611;unknown;control;2022-12-15 13:15:00+00:00;0.047;;
654611;unknown;control;2022-12-15 13:30:00+00:00;0.029;;
654611;unknown;control;2022-12-15 13:45:00+00:00;0.045;;
654611;unknown;control;2022-12-15 14:00:00+00:00;0.693;;
654611;unknown;control;2022-12-15 14:15:00+00:00;0.728;;
654611;unknown;control;2022-12-15 14:30:00+00:00;0.477;;
654611;unknown;control;2022-12-15 14:45:00+00:00;0.571;;
654611;unknown;control;2022-12-15 15:00:00+00:00;0.589;;
654611;unknown;control;2022-12-15 15:15:00+00:00;0.531;;
654611;unknown;control;2022-12-15 15:30:00+00:00;0.505;;
654611;unknown;control;2022-12-15 15:45:00+00:00;0.546;;
654611;unknown;control;2022-12-15 16:00:00+00:00;0.586;;
654611;unknown;control;2022-12-15 16:15:00+00:00;0.674;;
654611;unknown;control;2022-12-15 16:30:00+00:00;1.018;;
654611;unknown;control;2022-12-15 16:45:00+00:00;0.391;;
654611;unknown;control;2022-12-15 17:00:00+00:00;0.506;;
654611;unknown;control;2022-12-15 17:15:00+00:00;0.336;;
654611;unknown;control;2022-12-15 17:30:00+00:00;0.558;;
654611;unknown;control;2022-12-15 17:45:00+00:00;0.543;;
654611;unknown;control;2022-12-15 18:00:00+00:00;0.595;;
654611;unknown;control;2022-12-15 18:15:00+00:00;0.501;;
654611;unknown;control;2022-12-15 18:30:00+00:00;0.395;;
654611;unknown;control;2022-12-15 18:45:00+00:00;0.357;;
654611;unknown;control;2022-12-15 19:00:00+00:00;0.665;;
654611;unknown;control;2022-12-15 19:15:00+00:00;0.605;;
654611;unknown;control;2022-12-15 19:30:00+00:00;0.598;;
654611;unknown;control;2022-12-15 19:45:00+00:00;0.53;;
654611;unknown;control;2022-12-15 20:00:00+00:00;0.566;;
654611;unknown;control;2022-12-15 20:15:00+00:00;1.0;;
654611;unknown;control;2022-12-15 20:30:00+00:00;0.657;;
654611;unknown;control;2022-12-15 20:45:00+00:00;0.491;;
654611;unknown;control;2022-12-15 21:00:00+00:00;0.448;;
654611;unknown;control;2022-12-15 21:15:00+00:00;0.413;;
654611;unknown;control;2022-12-15 21:30:00+00:00;0.404;;
654611;unknown;control;2022-12-15 21:45:00+00:00;0.44;;
654611;unknown;control;2022-12-15 22:00:00+00:00;0.516;;
654611;unknown;control;2022-12-15 22:15:00+00:00;0.548;;
654611;unknown;control;2022-12-15 22:30:00+00:00;0.365;;
654611;unknown;control;2022-12-15 22:45:00+00:00;0.585;;
654611;unknown;control;2022-12-15 23:00:00+00:00;0.51;;
654611;unknown;control;2022-12-15 23:15:00+00:00;0.462;;
654611;unknown;control;2022-12-15 23:30:00+00:00;0.421;;
654611;unknown;control;2022-12-15 23:45:00+00:00;0.449;;
654611;unknown;control;2022-12-16 00:00:00+00:00;0.502;;
654611;unknown;control;2022-12-16 00:15:00+00:00;0.554;;
654611;unknown;control;2022-12-16 00:30:00+00:00;0.658;;
654611;unknown;control;2022-12-16 00:45:00+00:00;1.07;;
654611;unknown;control;2022-12-16 01:00:00+00:00;0.497;;
654611;unknown;control;2022-12-16 01:15:00+00:00;0.484;;
654611;unknown;control;2022-12-16 01:30:00+00:00;0.441;;
654611;unknown;control;2022-12-16 01:45:00+00:00;0.44;;
654611;unknown;control;2022-12-16 02:00:00+00:00;0.458;;
654611;unknown;control;2022-12-16 02:15:00+00:00;0.485;;
654611;unknown;control;2022-12-16 02:30:00+00:00;0.573;;
654611;unknown;control;2022-12-16 02:45:00+00:00;0.969;;
654611;unknown;control;2022-12-16 03:00:00+00:00;0.601;;
654611;unknown;control;2022-12-16 03:15:00+00:00;0.499;;
654611;unknown;control;2022-12-16 03:30:00+00:00;0.476;;
654611;unknown;control;2022-12-16 03:45:00+00:00;0.441;;
654611;unknown;control;2022-12-16 04:00:00+00:00;0.457;;
654611;unknown;control;2022-12-16 04:15:00+00:00;0.46;;
654611;unknown;control;2022-12-16 04:30:00+00:00;0.617;;
654611;unknown;control;2022-12-16 04:45:00+00:00;0.868;;
654611;unknown;control;2022-12-16 05:00:00+00:00;1.077;;
654611;unknown;control;2022-12-16 05:15:00+00:00;0.578;;
654611;unknown;control;2022-12-16 05:30:00+00:00;0.538;;
654611;unknown;control;2022-12-16 05:45:00+00:00;0.473;;
654611;unknown;control;2022-12-16 06:00:00+00:00;0.102;;
654611;unknown;control;2022-12-16 06:15:00+00:00;0.063;;
654611;unknown;control;2022-12-16 06:30:00+00:00;0.062;;
654611;unknown;control;2022-12-16 06:45:00+00:00;0.071;;
654611;unknown;control;2022-12-16 07:00:00+00:00;0.073;;
654611;unknown;control;2022-12-16 07:15:00+00:00;0.062;;
654611;unknown;control;2022-12-16 07:30:00+00:00;0.061;;
654611;unknown;control;2022-12-16 07:45:00+00:00;0.062;;
654611;unknown;control;2022-12-16 08:00:00+00:00;0.065;;
654611;unknown;control;2022-12-16 08:15:00+00:00;0.069;;
654611;unknown;control;2022-12-16 08:30:00+00:00;0.061;;
654611;unknown;control;2022-12-16 08:45:00+00:00;0.087;;
654611;unknown;control;2022-12-16 09:00:00+00:00;0.074;;
654611;unknown;control;2022-12-16 09:15:00+00:00;0.059;;
654611;unknown;control;2022-12-16 09:30:00+00:00;0.048;;
654611;unknown;control;2022-12-16 09:45:00+00:00;0.067;;
654611;unknown;control;2022-12-16 10:00:00+00:00;0.062;;
654611;unknown;control;2022-12-16 10:15:00+00:00;0.053;;
654611;unknown;control;2022-12-16 10:30:00+00:00;0.065;;
654611;unknown;control;2022-12-16 10:45:00+00:00;0.048;;
654611;unknown;control;2022-12-16 11:00:00+00:00;0.057;;
654611;unknown;control;2022-12-16 11:15:00+00:00;0.058;;
654611;unknown;control;2022-12-16 11:30:00+00:00;0.062;;
654611;unknown;control;2022-12-16 11:45:00+00:00;0.084;;
654611;unknown;control;2022-12-16 12:00:00+00:00;0.061;;
654611;unknown;control;2022-12-16 12:15:00+00:00;0.068;;
654611;unknown;control;2022-12-16 12:30:00+00:00;0.073;;
654611;unknown;control;2022-12-16 12:45:00+00:00;0.052;;
654611;unknown;control;2022-12-16 13:00:00+00:00;0.067;;
654611;unknown;control;2022-12-16 13:15:00+00:00;0.07;;
654611;unknown;control;2022-12-16 13:30:00+00:00;0.065;;
654611;unknown;control;2022-12-16 13:45:00+00:00;0.067;;
654611;unknown;control;2022-12-16 14:00:00+00:00;0.711;;
654611;unknown;control;2022-12-16 14:15:00+00:00;0.594;;
654611;unknown;control;2022-12-16 14:30:00+00:00;0.381;;
654611;unknown;control;2022-12-16 14:45:00+00:00;0.684;;
654611;unknown;control;2022-12-16 15:00:00+00:00;1.077;;
654611;unknown;control;2022-12-16 15:15:00+00:00;0.594;;
654611;unknown;control;2022-12-16 15:30:00+00:00;0.598;;
654611;unknown;control;2022-12-16 15:45:00+00:00;0.554;;
654611;unknown;control;2022-12-16 16:00:00+00:00;0.536;;
654611;unknown;control;2022-12-16 16:15:00+00:00;0.547;;
654611;unknown;control;2022-12-16 16:30:00+00:00;0.575;;
654611;unknown;control;2022-12-16 16:45:00+00:00;0.614;;
654611;unknown;control;2022-12-16 17:00:00+00:00;0.857;;
654611;unknown;control;2022-12-16 17:15:00+00:00;0.889;;
654611;unknown;control;2022-12-16 17:30:00+00:00;0.572;;
654611;unknown;control;2022-12-16 17:45:00+00:00;0.528;;
654611;unknown;control;2022-12-16 18:00:00+00:00;0.412;;
654611;unknown;control;2022-12-16 18:15:00+00:00;0.891;;
654611;unknown;control;2022-12-16 18:30:00+00:00;0.468;;
654611;unknown;control;2022-12-16 18:45:00+00:00;0.325;;
654611;unknown;control;2022-12-16 19:00:00+00:00;1.035;;
654611;unknown;control;2022-12-16 19:15:00+00:00;0.557;;
654611;unknown;control;2022-12-16 19:30:00+00:00;0.63;;
654611;unknown;control;2022-12-16 19:45:00+00:00;0.381;;
654611;unknown;control;2022-12-16 20:00:00+00:00;0.482;;
654611;unknown;control;2022-12-16 20:15:00+00:00;0.506;;
654611;unknown;control;2022-12-16 20:30:00+00:00;0.563;;
654611;unknown;control;2022-12-16 20:45:00+00:00;0.494;;
654611;unknown;control;2022-12-16 21:00:00+00:00;0.891;;
654611;unknown;control;2022-12-16 21:15:00+00:00;0.399;;
654611;unknown;control;2022-12-16 21:30:00+00:00;0.55;;
654611;unknown;control;2022-12-16 21:45:00+00:00;0.34;;
654611;unknown;control;2022-12-16 22:00:00+00:00;0.71;;
654611;unknown;control;2022-12-16 22:15:00+00:00;0.656;;
654611;unknown;control;2022-12-16 22:30:00+00:00;0.651;;
654611;unknown;control;2022-12-16 22:45:00+00:00;0.644;;
654611;unknown;control;2022-12-16 23:00:00+00:00;1.06;;
654611;unknown;control;2022-12-16 23:15:00+00:00;0.664;;
654611;unknown;control;2022-12-16 23:30:00+00:00;0.612;;
654611;unknown;control;2022-12-16 23:45:00+00:00;0.58;;
654611;unknown;control;2022-12-17 00:00:00+00:00;0.593;;
654611;unknown;control;2022-12-17 00:15:00+00:00;0.589;;
654611;unknown;control;2022-12-17 00:30:00+00:00;0.594;;
654611;unknown;control;2022-12-17 00:45:00+00:00;0.599;;
654611;unknown;control;2022-12-17 01:00:00+00:00;0.713;;
654611;unknown;control;2022-12-17 01:15:00+00:00;0.847;;
654611;unknown;control;2022-12-17 01:30:00+00:00;0.611;;
654611;unknown;control;2022-12-17 01:45:00+00:00;0.532;;
654611;unknown;control;2022-12-17 02:00:00+00:00;0.52;;
654611;unknown;control;2022-12-17 02:15:00+00:00;0.517;;
654611;unknown;control;2022-12-17 02:30:00+00:00;0.526;;
654611;unknown;control;2022-12-17 02:45:00+00:00;0.582;;
654611;unknown;control;2022-12-17 03:00:00+00:00;0.591;;
654611;unknown;control;2022-12-17 03:15:00+00:00;1.105;;
654611;unknown;control;2022-12-17 03:30:00+00:00;0.769;;
654611;unknown;control;2022-12-17 03:45:00+00:00;0.415;;
654611;unknown;control;2022-12-17 04:00:00+00:00;0.732;;
654611;unknown;control;2022-12-17 04:15:00+00:00;0.56;;
654611;unknown;control;2022-12-17 04:30:00+00:00;0.533;;
654611;unknown;control;2022-12-17 04:45:00+00:00;0.537;;
654611;unknown;control;2022-12-17 05:00:00+00:00;0.5;;
654611;unknown;control;2022-12-17 05:15:00+00:00;0.662;;
654611;unknown;control;2022-12-17 05:30:00+00:00;0.801;;
654611;unknown;control;2022-12-17 05:45:00+00:00;0.585;;
654611;unknown;control;2022-12-17 06:00:00+00:00;0.088;;
654611;unknown;control;2022-12-17 06:15:00+00:00;0.056;;
654611;unknown;control;2022-12-17 06:30:00+00:00;0.169;;
654611;unknown;control;2022-12-17 06:45:00+00:00;0.254;;
654611;unknown;control;2022-12-17 07:00:00+00:00;0.154;;
654611;unknown;control;2022-12-17 07:15:00+00:00;0.092;;
654611;unknown;control;2022-12-17 07:30:00+00:00;0.083;;
654611;unknown;control;2022-12-17 07:45:00+00:00;0.099;;
654611;unknown;control;2022-12-17 08:00:00+00:00;0.106;;
654611;unknown;control;2022-12-17 08:15:00+00:00;0.097;;
654611;unknown;control;2022-12-17 08:30:00+00:00;0.121;;
654611;unknown;control;2022-12-17 08:45:00+00:00;0.111;;
654611;unknown;control;2022-12-17 09:00:00+00:00;0.123;;
654611;unknown;control;2022-12-17 09:15:00+00:00;0.165;;
654611;unknown;control;2022-12-17 09:30:00+00:00;0.138;;
654611;unknown;control;2022-12-17 09:45:00+00:00;0.147;;
654611;unknown;control;2022-12-17 10:00:00+00:00;0.147;;
654611;unknown;control;2022-12-17 10:15:00+00:00;0.135;;
654611;unknown;control;2022-12-17 10:30:00+00:00;0.136;;
654611;unknown;control;2022-12-17 10:45:00+00:00;0.148;;
654611;unknown;control;2022-12-17 11:00:00+00:00;0.178;;
654611;unknown;control;2022-12-17 11:15:00+00:00;0.162;;
654611;unknown;control;2022-12-17 11:30:00+00:00;0.083;;
654611;unknown;control;2022-12-17 11:45:00+00:00;0.163;;
654611;unknown;control;2022-12-17 12:00:00+00:00;0.123;;
654611;unknown;control;2022-12-17 12:15:00+00:00;0.47;;
654611;unknown;control;2022-12-17 12:30:00+00:00;0.22;;
654611;unknown;control;2022-12-17 12:45:00+00:00;0.183;;
654611;unknown;control;2022-12-17 13:00:00+00:00;0.087;;
654611;unknown;control;2022-12-17 13:15:00+00:00;0.292;;
654611;unknown;control;2022-12-17 13:30:00+00:00;0.472;;
654611;unknown;control;2022-12-17 13:45:00+00:00;0.167;;
654611;unknown;control;2022-12-17 14:00:00+00:00;1.17;;
654611;unknown;control;2022-12-17 14:15:00+00:00;1.101;;
654611;unknown;control;2022-12-17 14:30:00+00:00;0.877;;
654611;unknown;control;2022-12-17 14:45:00+00:00;1.236;;
654611;unknown;control;2022-12-17 15:00:00+00:00;1.186;;
654611;unknown;control;2022-12-17 15:15:00+00:00;0.903;;
654611;unknown;control;2022-12-17 15:30:00+00:00;1.051;;
654611;unknown;control;2022-12-17 15:45:00+00:00;0.776;;
654611;unknown;control;2022-12-17 16:00:00+00:00;0.699;;
654611;unknown;control;2022-12-17 16:15:00+00:00;0.691;;
654611;unknown;control;2022-12-17 16:30:00+00:00;0.683;;
654611;unknown;control;2022-12-17 16:45:00+00:00;0.697;;
654611;unknown;control;2022-12-17 17:00:00+00:00;0.679;;
654611;unknown;control;2022-12-17 17:15:00+00:00;0.737;;
654611;unknown;control;2022-12-17 17:30:00+00:00;1.078;;
654611;unknown;control;2022-12-17 17:45:00+00:00;0.797;;
654611;unknown;control;2022-12-17 18:00:00+00:00;0.869;;
654611;unknown;control;2022-12-17 18:15:00+00:00;0.623;;
654611;unknown;control;2022-12-17 18:30:00+00:00;0.63;;
654611;unknown;control;2022-12-17 18:45:00+00:00;0.633;;
654611;unknown;control;2022-12-17 19:00:00+00:00;0.627;;
654611;unknown;control;2022-12-17 19:15:00+00:00;1.103;;
654611;unknown;control;2022-12-17 19:30:00+00:00;0.877;;
654611;unknown;control;2022-12-17 19:45:00+00:00;1.506;;
654611;unknown;control;2022-12-17 20:00:00+00:00;0.981;;
654611;unknown;control;2022-12-17 20:15:00+00:00;0.639;;
654611;unknown;control;2022-12-17 20:30:00+00:00;0.521;;
654611;unknown;control;2022-12-17 20:45:00+00:00;0.51;;
654611;unknown;control;2022-12-17 21:00:00+00:00;0.506;;
654611;unknown;control;2022-12-17 21:15:00+00:00;0.493;;
654611;unknown;control;2022-12-17 21:30:00+00:00;0.48;;
654611;unknown;control;2022-12-17 21:45:00+00:00;0.85;;
654611;unknown;control;2022-12-17 22:00:00+00:00;0.686;;
654611;unknown;control;2022-12-17 22:15:00+00:00;0.607;;
654611;unknown;control;2022-12-17 22:30:00+00:00;0.561;;
654611;unknown;control;2022-12-17 22:45:00+00:00;0.558;;
654611;unknown;control;2022-12-17 23:00:00+00:00;0.559;;
654611;unknown;control;2022-12-17 23:15:00+00:00;0.565;;
654611;unknown;control;2022-12-17 23:30:00+00:00;0.584;;
654611;unknown;control;2022-12-17 23:45:00+00:00;0.589;;
654611;unknown;control;2022-12-18 00:00:00+00:00;1.084;;
654611;unknown;control;2022-12-18 00:15:00+00:00;0.605;;
654611;unknown;control;2022-12-18 00:30:00+00:00;0.559;;
654611;unknown;control;2022-12-18 00:45:00+00:00;0.521;;
654611;unknown;control;2022-12-18 01:00:00+00:00;0.499;;
654611;unknown;control;2022-12-18 01:15:00+00:00;0.5;;
654611;unknown;control;2022-12-18 01:30:00+00:00;0.502;;
654611;unknown;control;2022-12-18 01:45:00+00:00;0.537;;
654611;unknown;control;2022-12-18 02:00:00+00:00;0.758;;
654611;unknown;control;2022-12-18 02:15:00+00:00;0.875;;
654611;unknown;control;2022-12-18 02:30:00+00:00;0.603;;
654611;unknown;control;2022-12-18 02:45:00+00:00;0.52;;
654611;unknown;control;2022-12-18 03:00:00+00:00;0.487;;
654611;unknown;control;2022-12-18 03:15:00+00:00;0.501;;
654611;unknown;control;2022-12-18 03:30:00+00:00;0.489;;
654611;unknown;control;2022-12-18 03:45:00+00:00;0.52;;
654611;unknown;control;2022-12-18 04:00:00+00:00;0.557;;
654611;unknown;control;2022-12-18 04:15:00+00:00;1.01;;
654611;unknown;control;2022-12-18 04:30:00+00:00;0.63;;
654611;unknown;control;2022-12-18 04:45:00+00:00;0.658;;
654611;unknown;control;2022-12-18 05:00:00+00:00;0.712;;
654611;unknown;control;2022-12-18 05:15:00+00:00;0.592;;
654611;unknown;control;2022-12-18 05:30:00+00:00;0.623;;
654611;unknown;control;2022-12-18 05:45:00+00:00;0.597;;
654611;unknown;control;2022-12-18 06:00:00+00:00;0.138;;
654611;unknown;control;2022-12-18 06:15:00+00:00;0.242;;
654611;unknown;control;2022-12-18 06:30:00+00:00;0.459;;
654611;unknown;control;2022-12-18 06:45:00+00:00;0.33;;
654611;unknown;control;2022-12-18 07:00:00+00:00;0.491;;
654611;unknown;control;2022-12-18 07:15:00+00:00;0.21;;
654611;unknown;control;2022-12-18 07:30:00+00:00;0.309;;
654611;unknown;control;2022-12-18 07:45:00+00:00;0.536;;
654611;unknown;control;2022-12-18 08:00:00+00:00;0.17;;
654611;unknown;control;2022-12-18 08:15:00+00:00;0.116;;
654611;unknown;control;2022-12-18 08:30:00+00:00;0.12;;
654611;unknown;control;2022-12-18 08:45:00+00:00;0.116;;
654611;unknown;control;2022-12-18 09:00:00+00:00;0.122;;
654611;unknown;control;2022-12-18 09:15:00+00:00;0.118;;
654611;unknown;control;2022-12-18 09:30:00+00:00;0.151;;
654611;unknown;control;2022-12-18 09:45:00+00:00;0.419;;
654611;unknown;control;2022-12-18 10:00:00+00:00;0.427;;
654611;unknown;control;2022-12-18 10:15:00+00:00;0.345;;
654611;unknown;control;2022-12-18 10:30:00+00:00;0.378;;
654611;unknown;control;2022-12-18 10:45:00+00:00;0.347;;
654611;unknown;control;2022-12-18 11:00:00+00:00;0.273;;
654611;unknown;control;2022-12-18 11:15:00+00:00;0.176;;
654611;unknown;control;2022-12-18 11:30:00+00:00;0.156;;
654611;unknown;control;2022-12-18 11:45:00+00:00;0.138;;
654611;unknown;control;2022-12-18 12:00:00+00:00;0.099;;
654611;unknown;control;2022-12-18 12:15:00+00:00;0.304;;
654611;unknown;control;2022-12-18 12:30:00+00:00;0.466;;
654611;unknown;control;2022-12-18 12:45:00+00:00;0.261;;
654611;unknown;control;2022-12-18 13:00:00+00:00;0.118;;
654611;unknown;control;2022-12-18 13:15:00+00:00;0.157;;
654611;unknown;control;2022-12-18 13:30:00+00:00;0.523;;
654611;unknown;control;2022-12-18 13:45:00+00:00;0.41;;
654611;unknown;control;2022-12-18 14:00:00+00:00;0.762;;
654611;unknown;control;2022-12-18 14:15:00+00:00;1.188;;
654611;unknown;control;2022-12-18 14:30:00+00:00;0.609;;
654611;unknown;control;2022-12-18 14:45:00+00:00;0.593;;
654611;unknown;control;2022-12-18 15:00:00+00:00;1.029;;
654611;unknown;control;2022-12-18 15:15:00+00:00;0.828;;
654611;unknown;control;2022-12-18 15:30:00+00:00;0.788;;
654611;unknown;control;2022-12-18 15:45:00+00:00;0.807;;
654611;unknown;control;2022-12-18 16:00:00+00:00;1.11;;
654611;unknown;control;2022-12-18 16:15:00+00:00;0.869;;
654611;unknown;control;2022-12-18 16:30:00+00:00;0.704;;
654611;unknown;control;2022-12-18 16:45:00+00:00;0.665;;
654611;unknown;control;2022-12-18 17:00:00+00:00;0.59;;
654611;unknown;control;2022-12-18 17:15:00+00:00;0.582;;
654611;unknown;control;2022-12-18 17:30:00+00:00;0.604;;
654611;unknown;control;2022-12-18 17:45:00+00:00;0.711;;
654611;unknown;control;2022-12-18 18:00:00+00:00;1.207;;
654611;unknown;control;2022-12-18 18:15:00+00:00;0.629;;
654611;unknown;control;2022-12-18 18:30:00+00:00;0.592;;
654611;unknown;control;2022-12-18 18:45:00+00:00;0.571;;
654611;unknown;control;2022-12-18 19:00:00+00:00;0.574;;
654611;unknown;control;2022-12-18 19:15:00+00:00;0.58;;
654611;unknown;control;2022-12-18 19:30:00+00:00;0.588;;
654611;unknown;control;2022-12-18 19:45:00+00:00;0.672;;
654611;unknown;control;2022-12-18 20:00:00+00:00;0.941;;
654611;unknown;control;2022-12-18 20:15:00+00:00;0.82;;
654611;unknown;control;2022-12-18 20:30:00+00:00;0.625;;
654611;unknown;control;2022-12-18 20:45:00+00:00;0.556;;
654611;unknown;control;2022-12-18 21:00:00+00:00;0.586;;
654611;unknown;control;2022-12-18 21:15:00+00:00;0.561;;
654611;unknown;control;2022-12-18 21:30:00+00:00;0.479;;
654611;unknown;control;2022-12-18 21:45:00+00:00;0.5;;
654611;unknown;control;2022-12-18 22:00:00+00:00;0.53;;
654611;unknown;control;2022-12-18 22:15:00+00:00;1.069;;
654611;unknown;control;2022-12-18 22:30:00+00:00;0.588;;
654611;unknown;control;2022-12-18 22:45:00+00:00;0.424;;
654611;unknown;control;2022-12-18 23:00:00+00:00;0.423;;
654611;unknown;control;2022-12-18 23:15:00+00:00;0.518;;
654611;unknown;control;2022-12-18 23:30:00+00:00;0.499;;
654611;unknown;control;2022-12-18 23:45:00+00:00;0.516;;
654611;unknown;control;2022-12-21 00:00:00+00:00;0.334;;
654611;unknown;control;2022-12-21 00:15:00+00:00;0.291;;
654611;unknown;control;2022-12-21 00:30:00+00:00;0.283;;
654611;unknown;control;2022-12-21 00:45:00+00:00;0.292;;
654611;unknown;control;2022-12-21 01:00:00+00:00;0.275;;
654611;unknown;control;2022-12-21 01:15:00+00:00;0.226;;
654611;unknown;control;2022-12-21 01:30:00+00:00;0.285;;
654611;unknown;control;2022-12-21 01:45:00+00:00;0.256;;
654611;unknown;control;2022-12-21 02:00:00+00:00;0.363;;
654611;unknown;control;2022-12-21 02:15:00+00:00;0.308;;
654611;unknown;control;2022-12-21 02:30:00+00:00;0.339;;
654611;unknown;control;2022-12-21 02:45:00+00:00;0.268;;
654611;unknown;control;2022-12-21 03:00:00+00:00;0.334;;
654611;unknown;control;2022-12-21 03:15:00+00:00;0.371;;
654611;unknown;control;2022-12-21 03:30:00+00:00;0.392;;
654611;unknown;control;2022-12-21 03:45:00+00:00;0.307;;
654611;unknown;control;2022-12-21 04:00:00+00:00;0.287;;
654611;unknown;control;2022-12-21 04:15:00+00:00;0.288;;
654611;unknown;control;2022-12-21 04:30:00+00:00;0.378;;
654611;unknown;control;2022-12-21 04:45:00+00:00;0.58;;
654611;unknown;control;2022-12-21 05:00:00+00:00;0.372;;
654611;unknown;control;2022-12-21 05:15:00+00:00;0.323;;
654611;unknown;control;2022-12-21 05:30:00+00:00;0.292;;
654611;unknown;control;2022-12-21 05:45:00+00:00;0.218;;
654611;unknown;control;2022-12-21 06:00:00+00:00;0.127;;
654611;unknown;control;2022-12-21 06:15:00+00:00;0.092;;
654611;unknown;control;2022-12-21 06:30:00+00:00;0.086;;
654611;unknown;control;2022-12-21 06:45:00+00:00;0.098;;
654611;unknown;control;2022-12-21 07:00:00+00:00;0.111;;
654611;unknown;control;2022-12-21 07:15:00+00:00;0.139;;
654611;unknown;control;2022-12-21 07:30:00+00:00;0.109;;
654611;unknown;control;2022-12-21 07:45:00+00:00;0.108;;
654611;unknown;control;2022-12-21 08:00:00+00:00;0.087;;
654611;unknown;control;2022-12-21 08:15:00+00:00;0.099;;
654611;unknown;control;2022-12-21 08:30:00+00:00;0.098;;
654611;unknown;control;2022-12-21 08:45:00+00:00;0.126;;
654611;unknown;control;2022-12-21 09:00:00+00:00;0.096;;
654611;unknown;control;2022-12-21 09:15:00+00:00;0.065;;
654611;unknown;control;2022-12-21 09:30:00+00:00;0.075;;
654611;unknown;control;2022-12-21 09:45:00+00:00;0.056;;
654611;unknown;control;2022-12-21 10:00:00+00:00;0.047;;
654611;unknown;control;2022-12-21 10:15:00+00:00;0.039;;
654611;unknown;control;2022-12-21 10:30:00+00:00;0.063;;
654611;unknown;control;2022-12-21 10:45:00+00:00;0.017;;
654611;unknown;control;2022-12-21 11:00:00+00:00;0.148;;
654611;unknown;control;2022-12-21 11:15:00+00:00;0.243;;
654611;unknown;control;2022-12-21 11:30:00+00:00;0.11;;
654611;unknown;control;2022-12-21 11:45:00+00:00;0.032;;
654611;unknown;control;2022-12-21 12:00:00+00:00;0.014;;
654611;unknown;control;2022-12-21 12:15:00+00:00;0.004;;
654611;unknown;control;2022-12-21 12:30:00+00:00;0.004;;
654611;unknown;control;2022-12-21 12:45:00+00:00;0.01;;
654611;unknown;control;2022-12-21 13:00:00+00:00;0.042;;
654611;unknown;control;2022-12-21 13:15:00+00:00;0.049;;
654611;unknown;control;2022-12-21 13:30:00+00:00;0.047;;
654611;unknown;control;2022-12-21 13:45:00+00:00;0.024;;
654611;unknown;control;2022-12-21 14:00:00+00:00;0.541;;
654611;unknown;control;2022-12-21 14:15:00+00:00;0.467;;
654611;unknown;control;2022-12-21 14:30:00+00:00;0.396;;
654611;unknown;control;2022-12-21 14:45:00+00:00;0.209;;
654611;unknown;control;2022-12-21 15:00:00+00:00;0.349;;
654611;unknown;control;2022-12-21 15:15:00+00:00;0.231;;
654611;unknown;control;2022-12-21 15:30:00+00:00;0.225;;
654611;unknown;control;2022-12-21 15:45:00+00:00;0.217;;
654611;unknown;control;2022-12-21 16:00:00+00:00;0.219;;
654611;unknown;control;2022-12-21 16:15:00+00:00;0.215;;
654611;unknown;control;2022-12-21 16:30:00+00:00;0.327;;
654611;unknown;control;2022-12-21 16:45:00+00:00;0.209;;
654611;unknown;control;2022-12-21 17:00:00+00:00;0.231;;
654611;unknown;control;2022-12-21 17:15:00+00:00;0.225;;
654611;unknown;control;2022-12-21 17:30:00+00:00;0.585;;
654611;unknown;control;2022-12-21 17:45:00+00:00;0.295;;
654611;unknown;control;2022-12-21 18:00:00+00:00;0.712;;
654611;unknown;control;2022-12-21 18:15:00+00:00;0.563;;
654611;unknown;control;2022-12-21 18:30:00+00:00;0.192;;
654611;unknown;control;2022-12-21 18:45:00+00:00;0.264;;
654611;unknown;control;2022-12-21 19:00:00+00:00;0.242;;
654611;unknown;control;2022-12-21 19:15:00+00:00;0.734;;
654611;unknown;control;2022-12-21 19:30:00+00:00;0.538;;
654611;unknown;control;2022-12-21 19:45:00+00:00;0.399;;
654611;unknown;control;2022-12-21 20:00:00+00:00;0.347;;
654611;unknown;control;2022-12-21 20:15:00+00:00;0.3;;
654611;unknown;control;2022-12-21 20:30:00+00:00;0.514;;
654611;unknown;control;2022-12-21 20:45:00+00:00;0.494;;
654611;unknown;control;2022-12-21 21:00:00+00:00;0.221;;
654611;unknown;control;2022-12-21 21:15:00+00:00;0.271;;
654611;unknown;control;2022-12-21 21:30:00+00:00;0.338;;
654611;unknown;control;2022-12-21 21:45:00+00:00;0.216;;
654611;unknown;control;2022-12-21 22:00:00+00:00;0.219;;
654611;unknown;control;2022-12-21 22:15:00+00:00;0.192;;
654611;unknown;control;2022-12-21 22:30:00+00:00;0.232;;
654611;unknown;control;2022-12-21 22:45:00+00:00;0.175;;
654611;unknown;control;2022-12-21 23:00:00+00:00;0.302;;
654611;unknown;control;2022-12-21 23:15:00+00:00;0.217;;
654611;unknown;control;2022-12-21 23:30:00+00:00;0.198;;
654611;unknown;control;2022-12-21 23:45:00+00:00;0.154;;
654611;unknown;control;2022-12-23 00:00:00+00:00;0.166;;
654611;unknown;control;2022-12-23 00:15:00+00:00;0.148;;
654611;unknown;control;2022-12-23 00:30:00+00:00;0.212;;
654611;unknown;control;2022-12-23 00:45:00+00:00;0.135;;
654611;unknown;control;2022-12-23 01:00:00+00:00;0.315;;
654611;unknown;control;2022-12-23 01:15:00+00:00;0.157;;
654611;unknown;control;2022-12-23 01:30:00+00:00;0.154;;
654611;unknown;control;2022-12-23 01:45:00+00:00;0.185;;
654611;unknown;control;2022-12-23 02:00:00+00:00;0.154;;
654611;unknown;control;2022-12-23 02:15:00+00:00;0.192;;
654611;unknown;control;2022-12-23 02:30:00+00:00;0.3;;
654611;unknown;control;2022-12-23 02:45:00+00:00;0.166;;
654611;unknown;control;2022-12-23 03:00:00+00:00;0.161;;
654611;unknown;control;2022-12-23 03:15:00+00:00;0.172;;
654611;unknown;control;2022-12-23 03:30:00+00:00;0.189;;
654611;unknown;control;2022-12-23 03:45:00+00:00;0.143;;
654611;unknown;control;2022-12-23 04:00:00+00:00;0.225;;
654611;unknown;control;2022-12-23 04:15:00+00:00;0.292;;
654611;unknown;control;2022-12-23 04:30:00+00:00;0.256;;
654611;unknown;control;2022-12-23 04:45:00+00:00;0.472;;
654611;unknown;control;2022-12-23 05:00:00+00:00;0.227;;
654611;unknown;control;2022-12-23 05:15:00+00:00;0.21;;
654611;unknown;control;2022-12-23 05:30:00+00:00;0.173;;
654611;unknown;control;2022-12-23 05:45:00+00:00;0.349;;
654611;unknown;control;2022-12-23 06:00:00+00:00;0.107;;
654611;unknown;control;2022-12-23 06:15:00+00:00;0.079;;
654611;unknown;control;2022-12-23 06:30:00+00:00;0.093;;
654611;unknown;control;2022-12-23 06:45:00+00:00;0.149;;
654611;unknown;control;2022-12-23 07:00:00+00:00;0.081;;
654611;unknown;control;2022-12-23 07:15:00+00:00;0.111;;
654611;unknown;control;2022-12-23 07:30:00+00:00;0.098;;
654611;unknown;control;2022-12-23 07:45:00+00:00;0.11;;
654611;unknown;control;2022-12-23 08:00:00+00:00;0.119;;
654611;unknown;control;2022-12-23 08:15:00+00:00;0.1;;
654611;unknown;control;2022-12-23 08:30:00+00:00;0.101;;
654611;unknown;control;2022-12-23 08:45:00+00:00;0.06;;
654611;unknown;control;2022-12-23 09:00:00+00:00;0.042;;
654611;unknown;control;2022-12-23 09:15:00+00:00;0.034;;
654611;unknown;control;2022-12-23 09:30:00+00:00;0.011;;
654611;unknown;control;2022-12-23 09:45:00+00:00;0.038;;
654611;unknown;control;2022-12-23 10:00:00+00:00;0.037;;
654611;unknown;control;2022-12-23 10:15:00+00:00;0.039;;
654611;unknown;control;2022-12-23 10:30:00+00:00;0.144;;
654611;unknown;control;2022-12-23 10:45:00+00:00;0.043;;
654611;unknown;control;2022-12-23 11:00:00+00:00;0.011;;
654611;unknown;control;2022-12-23 11:15:00+00:00;0.039;;
654611;unknown;control;2022-12-23 11:30:00+00:00;0.04;;
654611;unknown;control;2022-12-23 11:45:00+00:00;0.012;;
654611;unknown;control;2022-12-23 12:00:00+00:00;0.022;;
654611;unknown;control;2022-12-23 12:15:00+00:00;0.065;;
654611;unknown;control;2022-12-23 12:30:00+00:00;0.07;;
654611;unknown;control;2022-12-23 12:45:00+00:00;0.051;;
654611;unknown;control;2022-12-23 13:00:00+00:00;0.105;;
654611;unknown;control;2022-12-23 13:15:00+00:00;0.09;;
654611;unknown;control;2022-12-23 13:30:00+00:00;0.097;;
654611;unknown;control;2022-12-23 13:45:00+00:00;0.092;;
654611;unknown;control;2022-12-23 14:00:00+00:00;0.508;;
654611;unknown;control;2022-12-23 14:15:00+00:00;0.503;;
654611;unknown;control;2022-12-23 14:30:00+00:00;0.348;;
654611;unknown;control;2022-12-23 14:45:00+00:00;0.236;;
654611;unknown;control;2022-12-23 15:00:00+00:00;0.228;;
654611;unknown;control;2022-12-23 15:15:00+00:00;0.294;;
654611;unknown;control;2022-12-23 15:30:00+00:00;0.291;;
654611;unknown;control;2022-12-23 15:45:00+00:00;0.293;;
654611;unknown;control;2022-12-23 16:00:00+00:00;0.279;;
654611;unknown;control;2022-12-23 16:15:00+00:00;0.225;;
654611;unknown;control;2022-12-23 16:30:00+00:00;0.259;;
654611;unknown;control;2022-12-23 16:45:00+00:00;0.286;;
654611;unknown;control;2022-12-23 17:00:00+00:00;0.226;;
654611;unknown;control;2022-12-23 17:15:00+00:00;0.365;;
654611;unknown;control;2022-12-23 17:30:00+00:00;0.288;;
654611;unknown;control;2022-12-23 17:45:00+00:00;0.195;;
654611;unknown;control;2022-12-23 18:00:00+00:00;0.221;;
654611;unknown;control;2022-12-23 18:15:00+00:00;0.476;;
654611;unknown;control;2022-12-23 18:30:00+00:00;0.517;;
654611;unknown;control;2022-12-23 18:45:00+00:00;0.695;;
654611;unknown;control;2022-12-23 19:00:00+00:00;0.172;;
654611;unknown;control;2022-12-23 19:15:00+00:00;0.161;;
654611;unknown;control;2022-12-23 19:30:00+00:00;0.146;;
654611;unknown;control;2022-12-23 19:45:00+00:00;0.659;;
654611;unknown;control;2022-12-23 20:00:00+00:00;0.564;;
654611;unknown;control;2022-12-23 20:15:00+00:00;0.611;;
654611;unknown;control;2022-12-23 20:30:00+00:00;0.176;;
654611;unknown;control;2022-12-23 20:45:00+00:00;0.157;;
654611;unknown;control;2022-12-23 21:00:00+00:00;0.147;;
654611;unknown;control;2022-12-23 21:15:00+00:00;0.365;;
654611;unknown;control;2022-12-23 21:30:00+00:00;0.391;;
654611;unknown;control;2022-12-23 21:45:00+00:00;0.354;;
654611;unknown;control;2022-12-23 22:00:00+00:00;0.405;;
654611;unknown;control;2022-12-23 22:15:00+00:00;0.408;;
654611;unknown;control;2022-12-23 22:30:00+00:00;0.369;;
654611;unknown;control;2022-12-23 22:45:00+00:00;0.894;;
654611;unknown;control;2022-12-23 23:00:00+00:00;0.83;;
654611;unknown;control;2022-12-23 23:15:00+00:00;0.882;;
654611;unknown;control;2022-12-23 23:30:00+00:00;0.826;;
654611;unknown;control;2022-12-23 23:45:00+00:00;0.844;;
654611;unknown;control;2022-12-24 00:00:00+00:00;0.83;;
654611;unknown;control;2022-12-24 00:15:00+00:00;0.86;;
654611;unknown;control;2022-12-24 00:30:00+00:00;0.745;;
654611;unknown;control;2022-12-24 00:45:00+00:00;0.74;;
654611;unknown;control;2022-12-24 01:00:00+00:00;0.813;;
654611;unknown;control;2022-12-24 01:15:00+00:00;0.765;;
654611;unknown;control;2022-12-24 01:30:00+00:00;0.762;;
654611;unknown;control;2022-12-24 01:45:00+00:00;0.763;;
654611;unknown;control;2022-12-24 02:00:00+00:00;0.762;;
654611;unknown;control;2022-12-24 02:15:00+00:00;0.788;;
654611;unknown;control;2022-12-24 02:30:00+00:00;0.464;;
654611;unknown;control;2022-12-24 02:45:00+00:00;0.217;;
654611;unknown;control;2022-12-24 03:00:00+00:00;0.282;;
654611;unknown;control;2022-12-24 03:15:00+00:00;0.218;;
654611;unknown;control;2022-12-24 03:30:00+00:00;0.328;;
654611;unknown;control;2022-12-24 03:45:00+00:00;0.252;;
654611;unknown;control;2022-12-24 04:00:00+00:00;0.229;;
654611;unknown;control;2022-12-24 04:15:00+00:00;0.291;;
654611;unknown;control;2022-12-24 04:30:00+00:00;0.28;;
654611;unknown;control;2022-12-24 04:45:00+00:00;0.184;;
654611;unknown;control;2022-12-24 05:00:00+00:00;0.275;;
654611;unknown;control;2022-12-24 05:15:00+00:00;0.337;;
654611;unknown;control;2022-12-24 05:30:00+00:00;0.254;;
654611;unknown;control;2022-12-24 05:45:00+00:00;0.332;;
654611;unknown;control;2022-12-24 06:00:00+00:00;0.066;;
654611;unknown;control;2022-12-24 06:15:00+00:00;0.051;;
654611;unknown;control;2022-12-24 06:30:00+00:00;0.158;;
654611;unknown;control;2022-12-24 06:45:00+00:00;0.25;;
654611;unknown;control;2022-12-24 07:00:00+00:00;0.137;;
654611;unknown;control;2022-12-24 07:15:00+00:00;0.063;;
654611;unknown;control;2022-12-24 07:30:00+00:00;0.051;;
654611;unknown;control;2022-12-24 07:45:00+00:00;0.047;;
654611;unknown;control;2022-12-24 08:00:00+00:00;0.046;;
654611;unknown;control;2022-12-24 08:15:00+00:00;0.06;;
654611;unknown;control;2022-12-24 08:30:00+00:00;0.08;;
654611;unknown;control;2022-12-24 08:45:00+00:00;0.074;;
654611;unknown;control;2022-12-24 09:00:00+00:00;0.084;;
654611;unknown;control;2022-12-24 09:15:00+00:00;0.038;;
654611;unknown;control;2022-12-24 09:30:00+00:00;0.054;;
654611;unknown;control;2022-12-24 09:45:00+00:00;0.044;;
654611;unknown;control;2022-12-24 10:00:00+00:00;0.074;;
654611;unknown;control;2022-12-24 10:15:00+00:00;0.037;;
654611;unknown;control;2022-12-24 10:30:00+00:00;0.003;;
654611;unknown;control;2022-12-24 10:45:00+00:00;0.013;;
654611;unknown;control;2022-12-24 11:00:00+00:00;0.083;;
654611;unknown;control;2022-12-24 11:15:00+00:00;0.558;;
654611;unknown;control;2022-12-24 11:30:00+00:00;0.074;;
654611;unknown;control;2022-12-24 11:45:00+00:00;0.018;;
654611;unknown;control;2022-12-24 12:00:00+00:00;0.027;;
654611;unknown;control;2022-12-24 12:15:00+00:00;0.027;;
654611;unknown;control;2022-12-24 12:30:00+00:00;0.071;;
654611;unknown;control;2022-12-24 12:45:00+00:00;0.055;;
654611;unknown;control;2022-12-24 13:00:00+00:00;0.063;;
654611;unknown;control;2022-12-24 13:15:00+00:00;0.415;;
654611;unknown;control;2022-12-24 13:30:00+00:00;0.386;;
654611;unknown;control;2022-12-24 13:45:00+00:00;0.404;;
654611;unknown;control;2022-12-24 14:00:00+00:00;0.452;;
654611;unknown;control;2022-12-24 14:15:00+00:00;1.018;;
654611;unknown;control;2022-12-24 14:30:00+00:00;1.163;;
654611;unknown;control;2022-12-24 14:45:00+00:00;0.627;;
654611;unknown;control;2022-12-24 15:00:00+00:00;0.48;;
654611;unknown;control;2022-12-24 15:15:00+00:00;0.461;;
654611;unknown;control;2022-12-24 15:30:00+00:00;0.336;;
654611;unknown;control;2022-12-24 15:45:00+00:00;0.463;;
654611;unknown;control;2022-12-24 16:00:00+00:00;0.442;;
654611;unknown;control;2022-12-24 16:15:00+00:00;0.396;;
654611;unknown;control;2022-12-24 16:30:00+00:00;0.371;;
654611;unknown;control;2022-12-24 16:45:00+00:00;0.293;;
654611;unknown;control;2022-12-24 17:00:00+00:00;0.38;;
654611;unknown;control;2022-12-24 17:15:00+00:00;0.293;;
654611;unknown;control;2022-12-24 17:30:00+00:00;0.389;;
654611;unknown;control;2022-12-24 17:45:00+00:00;0.366;;
654611;unknown;control;2022-12-24 18:00:00+00:00;0.36;;
654611;unknown;control;2022-12-24 18:15:00+00:00;0.344;;
654611;unknown;control;2022-12-24 18:30:00+00:00;0.352;;
654611;unknown;control;2022-12-24 18:45:00+00:00;0.27;;
654611;unknown;control;2022-12-24 19:00:00+00:00;0.367;;
654611;unknown;control;2022-12-24 19:15:00+00:00;0.272;;
654611;unknown;control;2022-12-24 19:30:00+00:00;0.403;;
654611;unknown;control;2022-12-24 19:45:00+00:00;0.381;;
654611;unknown;control;2022-12-24 20:00:00+00:00;0.38;;
654611;unknown;control;2022-12-24 20:15:00+00:00;0.257;;
654611;unknown;control;2022-12-24 20:30:00+00:00;0.375;;
654611;unknown;control;2022-12-24 20:45:00+00:00;0.362;;
654611;unknown;control;2022-12-24 21:00:00+00:00;0.315;;
654611;unknown;control;2022-12-24 21:15:00+00:00;0.327;;
654611;unknown;control;2022-12-24 21:30:00+00:00;0.263;;
654611;unknown;control;2022-12-24 21:45:00+00:00;0.356;;
654611;unknown;control;2022-12-24 22:00:00+00:00;0.254;;
654611;unknown;control;2022-12-24 22:15:00+00:00;0.35;;
654611;unknown;control;2022-12-24 22:30:00+00:00;0.24;;
654611;unknown;control;2022-12-24 22:45:00+00:00;0.358;;
654611;unknown;control;2022-12-24 23:00:00+00:00;0.307;;
654611;unknown;control;2022-12-24 23:15:00+00:00;0.33;;
654611;unknown;control;2022-12-24 23:30:00+00:00;0.291;;
654611;unknown;control;2022-12-24 23:45:00+00:00;0.336;;
654611;unknown;control;2022-12-26 00:00:00+00:00;0.303;;
654611;unknown;control;2022-12-26 00:15:00+00:00;0.227;;
654611;unknown;control;2022-12-26 00:30:00+00:00;0.284;;
654611;unknown;control;2022-12-26 00:45:00+00:00;0.243;;
654611;unknown;control;2022-12-26 01:00:00+00:00;0.366;;
654611;unknown;control;2022-12-26 01:15:00+00:00;0.256;;
654611;unknown;control;2022-12-26 01:30:00+00:00;0.217;;
654611;unknown;control;2022-12-26 01:45:00+00:00;0.353;;
654611;unknown;control;2022-12-26 02:00:00+00:00;0.197;;
654611;unknown;control;2022-12-26 02:15:00+00:00;0.313;;
654611;unknown;control;2022-12-26 02:30:00+00:00;0.297;;
654611;unknown;control;2022-12-26 02:45:00+00:00;0.304;;
654611;unknown;control;2022-12-26 03:00:00+00:00;0.289;;
654611;unknown;control;2022-12-26 03:15:00+00:00;0.289;;
654611;unknown;control;2022-12-26 03:30:00+00:00;0.298;;
654611;unknown;control;2022-12-26 03:45:00+00:00;0.247;;
654611;unknown;control;2022-12-26 04:00:00+00:00;0.256;;
654611;unknown;control;2022-12-26 04:15:00+00:00;0.283;;
654611;unknown;control;2022-12-26 04:30:00+00:00;0.39;;
654611;unknown;control;2022-12-26 04:45:00+00:00;0.469;;
654611;unknown;control;2022-12-26 05:00:00+00:00;0.313;;
654611;unknown;control;2022-12-26 05:15:00+00:00;0.298;;
654611;unknown;control;2022-12-26 05:30:00+00:00;0.335;;
654611;unknown;control;2022-12-26 05:45:00+00:00;0.288;;
654611;unknown;control;2022-12-26 06:00:00+00:00;0.121;;
654611;unknown;control;2022-12-26 06:15:00+00:00;0.094;;
654611;unknown;control;2022-12-26 06:30:00+00:00;0.086;;
654611;unknown;control;2022-12-26 06:45:00+00:00;0.108;;
654611;unknown;control;2022-12-26 07:00:00+00:00;0.123;;
654611;unknown;control;2022-12-26 07:15:00+00:00;0.115;;
654611;unknown;control;2022-12-26 07:30:00+00:00;0.065;;
654611;unknown;control;2022-12-26 07:45:00+00:00;0.117;;
654611;unknown;control;2022-12-26 08:00:00+00:00;0.042;;
654611;unknown;control;2022-12-26 08:15:00+00:00;0.001;;
654611;unknown;control;2022-12-26 08:30:00+00:00;0.001;;
654611;unknown;control;2022-12-26 08:45:00+00:00;0.004;;
654611;unknown;control;2022-12-26 09:00:00+00:00;0.007;;
654611;unknown;control;2022-12-26 09:15:00+00:00;0.031;;
654611;unknown;control;2022-12-26 09:30:00+00:00;0.049;;
654611;unknown;control;2022-12-26 09:45:00+00:00;0.07;;
654611;unknown;control;2022-12-26 10:00:00+00:00;0.071;;
654611;unknown;control;2022-12-26 10:15:00+00:00;0.026;;
654611;unknown;control;2022-12-26 10:30:00+00:00;0.023;;
654611;unknown;control;2022-12-26 10:45:00+00:00;0.087;;
654611;unknown;control;2022-12-26 11:00:00+00:00;0.033;;
654611;unknown;control;2022-12-26 11:15:00+00:00;0.024;;
654611;unknown;control;2022-12-26 11:30:00+00:00;0.037;;
654611;unknown;control;2022-12-26 11:45:00+00:00;0.179;;
654611;unknown;control;2022-12-26 12:00:00+00:00;0.199;;
654611;unknown;control;2022-12-26 12:15:00+00:00;0.159;;
654611;unknown;control;2022-12-26 12:30:00+00:00;0.216;;
654611;unknown;control;2022-12-26 12:45:00+00:00;0.377;;
654611;unknown;control;2022-12-26 13:00:00+00:00;0.307;;
654611;unknown;control;2022-12-26 13:15:00+00:00;0.477;;
654611;unknown;control;2022-12-26 13:30:00+00:00;0.206;;
654611;unknown;control;2022-12-26 13:45:00+00:00;0.156;;
654611;unknown;control;2022-12-26 14:00:00+00:00;0.783;;
654611;unknown;control;2022-12-26 14:15:00+00:00;0.671;;
654611;unknown;control;2022-12-26 14:30:00+00:00;0.545;;
654611;unknown;control;2022-12-26 14:45:00+00:00;0.543;;
654611;unknown;control;2022-12-26 15:00:00+00:00;0.324;;
654611;unknown;control;2022-12-26 15:15:00+00:00;0.428;;
654611;unknown;control;2022-12-26 15:30:00+00:00;0.516;;
654611;unknown;control;2022-12-26 15:45:00+00:00;0.493;;
654611;unknown;control;2022-12-26 16:00:00+00:00;0.478;;
654611;unknown;control;2022-12-26 16:15:00+00:00;0.304;;
654611;unknown;control;2022-12-26 16:30:00+00:00;0.296;;
654611;unknown;control;2022-12-26 16:45:00+00:00;0.286;;
654611;unknown;control;2022-12-26 17:00:00+00:00;0.262;;
654611;unknown;control;2022-12-26 17:15:00+00:00;0.352;;
654611;unknown;control;2022-12-26 17:30:00+00:00;0.678;;
654611;unknown;control;2022-12-26 17:45:00+00:00;1.077;;
654611;unknown;control;2022-12-26 18:00:00+00:00;0.421;;
654611;unknown;control;2022-12-26 18:15:00+00:00;0.346;;
654611;unknown;control;2022-12-26 18:30:00+00:00;0.308;;
654611;unknown;control;2022-12-26 18:45:00+00:00;0.34;;
654611;unknown;control;2022-12-26 19:00:00+00:00;0.356;;
654611;unknown;control;2022-12-26 19:15:00+00:00;0.534;;
654611;unknown;control;2022-12-26 19:30:00+00:00;0.547;;
654611;unknown;control;2022-12-26 19:45:00+00:00;0.414;;
654611;unknown;control;2022-12-26 20:00:00+00:00;0.502;;
654611;unknown;control;2022-12-26 20:15:00+00:00;0.668;;
654611;unknown;control;2022-12-26 20:30:00+00:00;0.51;;
654611;unknown;control;2022-12-26 20:45:00+00:00;0.44;;
654611;unknown;control;2022-12-26 21:00:00+00:00;0.396;;
654611;unknown;control;2022-12-26 21:15:00+00:00;0.324;;
654611;unknown;control;2022-12-26 21:30:00+00:00;0.442;;
654611;unknown;control;2022-12-26 21:45:00+00:00;0.408;;
654611;unknown;control;2022-12-26 22:00:00+00:00;0.399;;
654611;unknown;control;2022-12-26 22:15:00+00:00;0.394;;
654611;unknown;control;2022-12-26 22:30:00+00:00;0.314;;
654611;unknown;control;2022-12-26 22:45:00+00:00;0.288;;
654611;unknown;control;2022-12-26 23:00:00+00:00;0.386;;
654611;unknown;control;2022-12-26 23:15:00+00:00;0.414;;
654611;unknown;control;2022-12-26 23:30:00+00:00;0.305;;
654611;unknown;control;2022-12-26 23:45:00+00:00;0.393;;
654611;unknown;control;2023-01-11 00:00:00+00:00;0.256;;
654611;unknown;control;2023-01-11 00:15:00+00:00;0.24;;
654611;unknown;control;2023-01-11 00:30:00+00:00;0.25;;
654611;unknown;control;2023-01-11 00:45:00+00:00;0.339;;
654611;unknown;control;2023-01-11 01:00:00+00:00;0.24;;
654611;unknown;control;2023-01-11 01:15:00+00:00;0.224;;
654611;unknown;control;2023-01-11 01:30:00+00:00;0.304;;
654611;unknown;control;2023-01-11 01:45:00+00:00;0.289;;
654611;unknown;control;2023-01-11 02:00:00+00:00;0.194;;
654611;unknown;control;2023-01-11 02:15:00+00:00;0.269;;
654611;unknown;control;2023-01-11 02:30:00+00:00;0.256;;
654611;unknown;control;2023-01-11 02:45:00+00:00;0.235;;
654611;unknown;control;2023-01-11 03:00:00+00:00;0.246;;
654611;unknown;control;2023-01-11 03:15:00+00:00;0.246;;
654611;unknown;control;2023-01-11 03:30:00+00:00;0.321;;
654611;unknown;control;2023-01-11 03:45:00+00:00;0.245;;
654611;unknown;control;2023-01-11 04:00:00+00:00;0.245;;
654611;unknown;control;2023-01-11 04:15:00+00:00;0.266;;
654611;unknown;control;2023-01-11 04:30:00+00:00;0.426;;
654611;unknown;control;2023-01-11 04:45:00+00:00;0.514;;
654611;unknown;control;2023-01-11 05:00:00+00:00;0.328;;
654611;unknown;control;2023-01-11 05:15:00+00:00;0.378;;
654611;unknown;control;2023-01-11 05:30:00+00:00;0.266;;
654611;unknown;control;2023-01-11 05:45:00+00:00;0.305;;
654611;unknown;control;2023-01-11 06:00:00+00:00;0.096;;
654611;unknown;control;2023-01-11 06:15:00+00:00;0.098;;
654611;unknown;control;2023-01-11 06:30:00+00:00;0.086;;
654611;unknown;control;2023-01-11 06:45:00+00:00;0.066;;
654611;unknown;control;2023-01-11 07:00:00+00:00;0.086;;
654611;unknown;control;2023-01-11 07:15:00+00:00;0.084;;
654611;unknown;control;2023-01-11 07:30:00+00:00;0.081;;
654611;unknown;control;2023-01-11 07:45:00+00:00;0.107;;
654611;unknown;control;2023-01-11 08:00:00+00:00;0.085;;
654611;unknown;control;2023-01-11 08:15:00+00:00;0.049;;
654611;unknown;control;2023-01-11 08:30:00+00:00;0.024;;
654611;unknown;control;2023-01-11 08:45:00+00:00;0.037;;
654611;unknown;control;2023-01-11 09:00:00+00:00;0.036;;
654611;unknown;control;2023-01-11 09:15:00+00:00;0.033;;
654611;unknown;control;2023-01-11 09:30:00+00:00;0.022;;
654611;unknown;control;2023-01-11 09:45:00+00:00;0.028;;
654611;unknown;control;2023-01-11 10:00:00+00:00;0.049;;
654611;unknown;control;2023-01-11 10:15:00+00:00;0.024;;
654611;unknown;control;2023-01-11 10:30:00+00:00;0.022;;
654611;unknown;control;2023-01-11 10:45:00+00:00;0.113;;
654611;unknown;control;2023-01-11 11:00:00+00:00;0.632;;
654611;unknown;control;2023-01-11 11:15:00+00:00;0.256;;
654611;unknown;control;2023-01-11 11:30:00+00:00;0.023;;
654611;unknown;control;2023-01-11 11:45:00+00:00;0.031;;
654611;unknown;control;2023-01-11 12:00:00+00:00;0.039;;
654611;unknown;control;2023-01-11 12:15:00+00:00;0.032;;
654611;unknown;control;2023-01-11 12:30:00+00:00;0.027;;
654611;unknown;control;2023-01-11 12:45:00+00:00;0.035;;
654611;unknown;control;2023-01-11 13:00:00+00:00;0.018;;
654611;unknown;control;2023-01-11 13:15:00+00:00;0.006;;
654611;unknown;control;2023-01-11 13:30:00+00:00;0.004;;
654611;unknown;control;2023-01-11 13:45:00+00:00;0.021;;
654611;unknown;control;2023-01-11 14:00:00+00:00;0.525;;
654611;unknown;control;2023-01-11 14:15:00+00:00;0.433;;
654611;unknown;control;2023-01-11 14:30:00+00:00;0.373;;
654611;unknown;control;2023-01-11 14:45:00+00:00;0.245;;
654611;unknown;control;2023-01-11 15:00:00+00:00;0.276;;
654611;unknown;control;2023-01-11 15:15:00+00:00;0.372;;
654611;unknown;control;2023-01-11 15:30:00+00:00;0.306;;
654611;unknown;control;2023-01-11 15:45:00+00:00;0.291;;
654611;unknown;control;2023-01-11 16:00:00+00:00;0.213;;
654611;unknown;control;2023-01-11 16:15:00+00:00;0.201;;
654611;unknown;control;2023-01-11 16:30:00+00:00;0.187;;
654611;unknown;control;2023-01-11 16:45:00+00:00;0.218;;
654611;unknown;control;2023-01-11 17:00:00+00:00;0.206;;
654611;unknown;control;2023-01-11 17:15:00+00:00;0.311;;
654611;unknown;control;2023-01-11 17:30:00+00:00;0.244;;
654611;unknown;control;2023-01-11 17:45:00+00:00;0.226;;
654611;unknown;control;2023-01-11 18:00:00+00:00;0.23;;
654611;unknown;control;2023-01-11 18:15:00+00:00;0.214;;
654611;unknown;control;2023-01-11 18:30:00+00:00;0.185;;
654611;unknown;control;2023-01-11 18:45:00+00:00;0.338;;
654611;unknown;control;2023-01-11 19:00:00+00:00;0.376;;
654611;unknown;control;2023-01-11 19:15:00+00:00;0.399;;
654611;unknown;control;2023-01-11 19:30:00+00:00;0.351;;
654611;unknown;control;2023-01-11 19:45:00+00:00;0.341;;
654611;unknown;control;2023-01-11 20:00:00+00:00;0.363;;
654611;unknown;control;2023-01-11 20:15:00+00:00;0.234;;
654611;unknown;control;2023-01-11 20:30:00+00:00;0.369;;
654611;unknown;control;2023-01-11 20:45:00+00:00;0.255;;
654611;unknown;control;2023-01-11 21:00:00+00:00;0.272;;
654611;unknown;control;2023-01-11 21:15:00+00:00;0.272;;
654611;unknown;control;2023-01-11 21:30:00+00:00;0.351;;
654611;unknown;control;2023-01-11 21:45:00+00:00;0.296;;
654611;unknown;control;2023-01-11 22:00:00+00:00;0.332;;
654611;unknown;control;2023-01-11 22:15:00+00:00;0.256;;
654611;unknown;control;2023-01-11 22:30:00+00:00;0.261;;
654611;unknown;control;2023-01-11 22:45:00+00:00;0.255;;
654611;unknown;control;2023-01-11 23:00:00+00:00;0.253;;
654611;unknown;control;2023-01-11 23:15:00+00:00;0.255;;
654611;unknown;control;2023-01-11 23:30:00+00:00;0.315;;
654611;unknown;control;2023-01-11 23:45:00+00:00;0.266;;
654611;unknown;control;2023-01-15 00:00:00+00:00;0.233;;
654611;unknown;control;2023-01-15 00:15:00+00:00;0.239;;
654611;unknown;control;2023-01-15 00:30:00+00:00;0.233;;
654611;unknown;control;2023-01-15 00:45:00+00:00;0.173;;
654611;unknown;control;2023-01-15 01:00:00+00:00;0.177;;
654611;unknown;control;2023-01-15 01:15:00+00:00;0.203;;
654611;unknown;control;2023-01-15 01:30:00+00:00;0.21;;
654611;unknown;control;2023-01-15 01:45:00+00:00;0.198;;
654611;unknown;control;2023-01-15 02:00:00+00:00;0.204;;
654611;unknown;control;2023-01-15 02:15:00+00:00;0.205;;
654611;unknown;control;2023-01-15 02:30:00+00:00;0.213;;
654611;unknown;control;2023-01-15 02:45:00+00:00;0.211;;
654611;unknown;control;2023-01-15 03:00:00+00:00;0.221;;
654611;unknown;control;2023-01-15 03:15:00+00:00;0.237;;
654611;unknown;control;2023-01-15 03:30:00+00:00;0.246;;
654611;unknown;control;2023-01-15 03:45:00+00:00;0.217;;
654611;unknown;control;2023-01-15 04:00:00+00:00;0.231;;
654611;unknown;control;2023-01-15 04:15:00+00:00;0.232;;
654611;unknown;control;2023-01-15 04:30:00+00:00;0.226;;
654611;unknown;control;2023-01-15 04:45:00+00:00;0.314;;
654611;unknown;control;2023-01-15 05:00:00+00:00;0.227;;
654611;unknown;control;2023-01-15 05:15:00+00:00;0.227;;
654611;unknown;control;2023-01-15 05:30:00+00:00;0.185;;
654611;unknown;control;2023-01-15 05:45:00+00:00;0.297;;
654611;unknown;control;2023-01-15 06:00:00+00:00;0.063;;
654611;unknown;control;2023-01-15 06:15:00+00:00;0.068;;
654611;unknown;control;2023-01-15 06:30:00+00:00;0.135;;
654611;unknown;control;2023-01-15 06:45:00+00:00;0.081;;
654611;unknown;control;2023-01-15 07:00:00+00:00;0.167;;
654611;unknown;control;2023-01-15 07:15:00+00:00;0.301;;
654611;unknown;control;2023-01-15 07:30:00+00:00;0.149;;
654611;unknown;control;2023-01-15 07:45:00+00:00;0.223;;
654611;unknown;control;2023-01-15 08:00:00+00:00;0.138;;
654611;unknown;control;2023-01-15 08:15:00+00:00;0.113;;
654611;unknown;control;2023-01-15 08:30:00+00:00;0.161;;
654611;unknown;control;2023-01-15 08:45:00+00:00;0.138;;
654611;unknown;control;2023-01-15 09:00:00+00:00;0.144;;
654611;unknown;control;2023-01-15 09:15:00+00:00;0.148;;
654611;unknown;control;2023-01-15 09:30:00+00:00;0.09;;
654611;unknown;control;2023-01-15 09:45:00+00:00;0.133;;
654611;unknown;control;2023-01-15 10:00:00+00:00;0.215;;
654611;unknown;control;2023-01-15 10:15:00+00:00;0.123;;
654611;unknown;control;2023-01-15 10:30:00+00:00;0.14;;
654611;unknown;control;2023-01-15 10:45:00+00:00;0.133;;
654611;unknown;control;2023-01-15 11:00:00+00:00;0.142;;
654611;unknown;control;2023-01-15 11:15:00+00:00;0.259;;
654611;unknown;control;2023-01-15 11:30:00+00:00;0.14;;
654611;unknown;control;2023-01-15 11:45:00+00:00;0.167;;
654611;unknown;control;2023-01-15 12:00:00+00:00;0.173;;
654611;unknown;control;2023-01-15 12:15:00+00:00;0.245;;
654611;unknown;control;2023-01-15 12:30:00+00:00;0.281;;
654611;unknown;control;2023-01-15 12:45:00+00:00;0.561;;
654611;unknown;control;2023-01-15 13:00:00+00:00;0.505;;
654611;unknown;control;2023-01-15 13:15:00+00:00;0.906;;
654611;unknown;control;2023-01-15 13:30:00+00:00;0.461;;
654611;unknown;control;2023-01-15 13:45:00+00:00;0.547;;
654611;unknown;control;2023-01-15 14:00:00+00:00;0.861;;
654611;unknown;control;2023-01-15 14:15:00+00:00;0.659;;
654611;unknown;control;2023-01-15 14:30:00+00:00;0.681;;
654611;unknown;control;2023-01-15 14:45:00+00:00;0.72;;
654611;unknown;control;2023-01-15 15:00:00+00:00;0.902;;
654611;unknown;control;2023-01-15 15:15:00+00:00;0.636;;
654611;unknown;control;2023-01-15 15:30:00+00:00;0.873;;
654611;unknown;control;2023-01-15 15:45:00+00:00;0.72;;
654611;unknown;control;2023-01-15 16:00:00+00:00;0.65;;
654611;unknown;control;2023-01-15 16:15:00+00:00;0.638;;
654611;unknown;control;2023-01-15 16:30:00+00:00;0.779;;
654611;unknown;control;2023-01-15 16:45:00+00:00;0.775;;
654611;unknown;control;2023-01-15 17:00:00+00:00;0.815;;
654611;unknown;control;2023-01-15 17:15:00+00:00;0.837;;
654611;unknown;control;2023-01-15 17:30:00+00:00;0.705;;
654611;unknown;control;2023-01-15 17:45:00+00:00;1.169;;
654611;unknown;control;2023-01-15 18:00:00+00:00;0.626;;
654611;unknown;control;2023-01-15 18:15:00+00:00;0.572;;
654611;unknown;control;2023-01-15 18:30:00+00:00;0.585;;
654611;unknown;control;2023-01-15 18:45:00+00:00;0.513;;
654611;unknown;control;2023-01-15 19:00:00+00:00;0.56;;
654611;unknown;control;2023-01-15 19:15:00+00:00;0.542;;
654611;unknown;control;2023-01-15 19:30:00+00:00;0.496;;
654611;unknown;control;2023-01-15 19:45:00+00:00;0.625;;
654611;unknown;control;2023-01-15 20:00:00+00:00;0.584;;
654611;unknown;control;2023-01-15 20:15:00+00:00;0.536;;
654611;unknown;control;2023-01-15 20:30:00+00:00;0.514;;
654611;unknown;control;2023-01-15 20:45:00+00:00;0.548;;
654611;unknown;control;2023-01-15 21:00:00+00:00;0.526;;
654611;unknown;control;2023-01-15 21:15:00+00:00;0.535;;
654611;unknown;control;2023-01-15 21:30:00+00:00;0.515;;
654611;unknown;control;2023-01-15 21:45:00+00:00;0.477;;
654611;unknown;control;2023-01-15 22:00:00+00:00;0.273;;
654611;unknown;control;2023-01-15 22:15:00+00:00;0.409;;
654611;unknown;control;2023-01-15 22:30:00+00:00;0.41;;
654611;unknown;control;2023-01-15 22:45:00+00:00;0.404;;
654611;unknown;control;2023-01-15 23:00:00+00:00;0.389;;
654611;unknown;control;2023-01-15 23:15:00+00:00;0.386;;
654611;unknown;control;2023-01-15 23:30:00+00:00;0.387;;
654611;unknown;control;2023-01-15 23:45:00+00:00;0.245;;
654611;unknown;control;2023-01-18 00:00:00+00:00;0.505;;
654611;unknown;control;2023-01-18 00:15:00+00:00;0.463;;
654611;unknown;control;2023-01-18 00:30:00+00:00;0.471;;
654611;unknown;control;2023-01-18 00:45:00+00:00;0.457;;
654611;unknown;control;2023-01-18 01:00:00+00:00;0.465;;
654611;unknown;control;2023-01-18 01:15:00+00:00;0.45;;
654611;unknown;control;2023-01-18 01:30:00+00:00;0.585;;
654611;unknown;control;2023-01-18 01:45:00+00:00;0.545;;
654611;unknown;control;2023-01-18 02:00:00+00:00;0.496;;
654611;unknown;control;2023-01-18 02:15:00+00:00;0.427;;
654611;unknown;control;2023-01-18 02:30:00+00:00;0.416;;
654611;unknown;control;2023-01-18 02:45:00+00:00;0.4;;
654611;unknown;control;2023-01-18 03:00:00+00:00;0.422;;
654611;unknown;control;2023-01-18 03:15:00+00:00;0.439;;
654611;unknown;control;2023-01-18 03:30:00+00:00;0.39;;
654611;unknown;control;2023-01-18 03:45:00+00:00;0.468;;
654611;unknown;control;2023-01-18 04:00:00+00:00;0.45;;
654611;unknown;control;2023-01-18 04:15:00+00:00;0.431;;
654611;unknown;control;2023-01-18 04:30:00+00:00;0.465;;
654611;unknown;control;2023-01-18 04:45:00+00:00;0.576;;
654611;unknown;control;2023-01-18 05:00:00+00:00;0.524;;
654611;unknown;control;2023-01-18 05:15:00+00:00;0.568;;
654611;unknown;control;2023-01-18 05:30:00+00:00;0.452;;
654611;unknown;control;2023-01-18 05:45:00+00:00;0.433;;
654611;unknown;control;2023-01-18 06:00:00+00:00;0.138;;
654611;unknown;control;2023-01-18 06:15:00+00:00;0.085;;
654611;unknown;control;2023-01-18 06:30:00+00:00;0.097;;
654611;unknown;control;2023-01-18 06:45:00+00:00;0.086;;
654611;unknown;control;2023-01-18 07:00:00+00:00;0.097;;
654611;unknown;control;2023-01-18 07:15:00+00:00;0.088;;
654611;unknown;control;2023-01-18 07:30:00+00:00;0.092;;
654611;unknown;control;2023-01-18 07:45:00+00:00;0.091;;
654611;unknown;control;2023-01-18 08:00:00+00:00;0.078;;
654611;unknown;control;2023-01-18 08:15:00+00:00;0.068;;
654611;unknown;control;2023-01-18 08:30:00+00:00;0.083;;
654611;unknown;control;2023-01-18 08:45:00+00:00;0.067;;
654611;unknown;control;2023-01-18 09:00:00+00:00;0.08;;
654611;unknown;control;2023-01-18 09:15:00+00:00;0.078;;
654611;unknown;control;2023-01-18 09:30:00+00:00;0.071;;
654611;unknown;control;2023-01-18 09:45:00+00:00;0.091;;
654611;unknown;control;2023-01-18 10:00:00+00:00;0.072;;
654611;unknown;control;2023-01-18 10:15:00+00:00;0.072;;
654611;unknown;control;2023-01-18 10:30:00+00:00;0.092;;
654611;unknown;control;2023-01-18 10:45:00+00:00;0.079;;
654611;unknown;control;2023-01-18 11:00:00+00:00;0.271;;
654611;unknown;control;2023-01-18 11:15:00+00:00;0.093;;
654611;unknown;control;2023-01-18 11:30:00+00:00;0.069;;
654611;unknown;control;2023-01-18 11:45:00+00:00;0.101;;
654611;unknown;control;2023-01-18 12:00:00+00:00;0.082;;
654611;unknown;control;2023-01-18 12:15:00+00:00;0.076;;
654611;unknown;control;2023-01-18 12:30:00+00:00;0.071;;
654611;unknown;control;2023-01-18 12:45:00+00:00;0.068;;
654611;unknown;control;2023-01-18 13:00:00+00:00;0.077;;
654611;unknown;control;2023-01-18 13:15:00+00:00;0.071;;
654611;unknown;control;2023-01-18 13:30:00+00:00;0.009;;
654611;unknown;control;2023-01-18 13:45:00+00:00;0.03;;
654611;unknown;control;2023-01-18 14:00:00+00:00;0.721;;
654611;unknown;control;2023-01-18 14:15:00+00:00;0.575;;
654611;unknown;control;2023-01-18 14:30:00+00:00;0.464;;
654611;unknown;control;2023-01-18 14:45:00+00:00;0.44;;
654611;unknown;control;2023-01-18 15:00:00+00:00;0.604;;
654611;unknown;control;2023-01-18 15:15:00+00:00;0.539;;
654611;unknown;control;2023-01-18 15:30:00+00:00;0.526;;
654611;unknown;control;2023-01-18 15:45:00+00:00;0.687;;
654611;unknown;control;2023-01-18 16:00:00+00:00;0.558;;
654611;unknown;control;2023-01-18 16:15:00+00:00;0.513;;
654611;unknown;control;2023-01-18 16:30:00+00:00;0.505;;
654611;unknown;control;2023-01-18 16:45:00+00:00;0.333;;
654611;unknown;control;2023-01-18 17:00:00+00:00;0.468;;
654611;unknown;control;2023-01-18 17:15:00+00:00;0.469;;
654611;unknown;control;2023-01-18 17:30:00+00:00;0.456;;
654611;unknown;control;2023-01-18 17:45:00+00:00;0.354;;
654611;unknown;control;2023-01-18 18:00:00+00:00;0.525;;
654611;unknown;control;2023-01-18 18:15:00+00:00;0.516;;
654611;unknown;control;2023-01-18 18:30:00+00:00;0.53;;
654611;unknown;control;2023-01-18 18:45:00+00:00;0.291;;
654611;unknown;control;2023-01-18 19:00:00+00:00;0.745;;
654611;unknown;control;2023-01-18 19:15:00+00:00;0.661;;
654611;unknown;control;2023-01-18 19:30:00+00:00;0.673;;
654611;unknown;control;2023-01-18 19:45:00+00:00;0.475;;
654611;unknown;control;2023-01-18 20:00:00+00:00;0.757;;
654611;unknown;control;2023-01-18 20:15:00+00:00;0.678;;
654611;unknown;control;2023-01-18 20:30:00+00:00;0.623;;
654611;unknown;control;2023-01-18 20:45:00+00:00;0.617;;
654611;unknown;control;2023-01-18 21:00:00+00:00;0.631;;
654611;unknown;control;2023-01-18 21:15:00+00:00;0.647;;
654611;unknown;control;2023-01-18 21:30:00+00:00;0.604;;
654611;unknown;control;2023-01-18 21:45:00+00:00;0.606;;
654611;unknown;control;2023-01-18 22:00:00+00:00;0.954;;
654611;unknown;control;2023-01-18 22:15:00+00:00;0.543;;
654611;unknown;control;2023-01-18 22:30:00+00:00;0.521;;
654611;unknown;control;2023-01-18 22:45:00+00:00;0.476;;
654611;unknown;control;2023-01-18 23:00:00+00:00;0.494;;
654611;unknown;control;2023-01-18 23:15:00+00:00;0.479;;
654611;unknown;control;2023-01-18 23:30:00+00:00;0.484;;
654611;unknown;control;2023-01-18 23:45:00+00:00;0.495;;
654611;unknown;control;2023-01-23 00:00:00+00:00;0.426;;
654611;unknown;control;2023-01-23 00:15:00+00:00;0.427;;
654611;unknown;control;2023-01-23 00:30:00+00:00;0.432;;
654611;unknown;control;2023-01-23 00:45:00+00:00;0.447;;
654611;unknown;control;2023-01-23 01:00:00+00:00;0.445;;
654611;unknown;control;2023-01-23 01:15:00+00:00;0.704;;
654611;unknown;control;2023-01-23 01:30:00+00:00;0.501;;
654611;unknown;control;2023-01-23 01:45:00+00:00;0.505;;
654611;unknown;control;2023-01-23 02:00:00+00:00;0.477;;
654611;unknown;control;2023-01-23 02:15:00+00:00;0.469;;
654611;unknown;control;2023-01-23 02:30:00+00:00;0.484;;
654611;unknown;control;2023-01-23 02:45:00+00:00;0.475;;
654611;unknown;control;2023-01-23 03:00:00+00:00;0.485;;
654611;unknown;control;2023-01-23 03:15:00+00:00;0.565;;
654611;unknown;control;2023-01-23 03:30:00+00:00;0.528;;
654611;unknown;control;2023-01-23 03:45:00+00:00;0.506;;
654611;unknown;control;2023-01-23 04:00:00+00:00;0.457;;
654611;unknown;control;2023-01-23 04:15:00+00:00;0.458;;
654611;unknown;control;2023-01-23 04:30:00+00:00;0.572;;
654611;unknown;control;2023-01-23 04:45:00+00:00;0.649;;
654611;unknown;control;2023-01-23 05:00:00+00:00;0.525;;
654611;unknown;control;2023-01-23 05:15:00+00:00;0.496;;
654611;unknown;control;2023-01-23 05:30:00+00:00;0.738;;
654611;unknown;control;2023-01-23 05:45:00+00:00;0.599;;
654611;unknown;control;2023-01-23 06:00:00+00:00;0.088;;
654611;unknown;control;2023-01-23 06:15:00+00:00;0.069;;
654611;unknown;control;2023-01-23 06:30:00+00:00;0.064;;
654611;unknown;control;2023-01-23 06:45:00+00:00;0.058;;
654611;unknown;control;2023-01-23 07:00:00+00:00;0.085;;
654611;unknown;control;2023-01-23 07:15:00+00:00;0.071;;
654611;unknown;control;2023-01-23 07:30:00+00:00;0.077;;
654611;unknown;control;2023-01-23 07:45:00+00:00;0.187;;
654611;unknown;control;2023-01-23 08:00:00+00:00;0.084;;
654611;unknown;control;2023-01-23 08:15:00+00:00;0.099;;
654611;unknown;control;2023-01-23 08:30:00+00:00;0.087;;
654611;unknown;control;2023-01-23 08:45:00+00:00;0.086;;
654611;unknown;control;2023-01-23 09:00:00+00:00;0.079;;
654611;unknown;control;2023-01-23 09:15:00+00:00;0.085;;
654611;unknown;control;2023-01-23 09:30:00+00:00;0.08;;
654611;unknown;control;2023-01-23 09:45:00+00:00;0.068;;
654611;unknown;control;2023-01-23 10:00:00+00:00;0.081;;
654611;unknown;control;2023-01-23 10:15:00+00:00;0.069;;
654611;unknown;control;2023-01-23 10:30:00+00:00;0.046;;
654611;unknown;control;2023-01-23 10:45:00+00:00;0.053;;
654611;unknown;control;2023-01-23 11:00:00+00:00;0.043;;
654611;unknown;control;2023-01-23 11:15:00+00:00;0.039;;
654611;unknown;control;2023-01-23 11:30:00+00:00;0.065;;
654611;unknown;control;2023-01-23 11:45:00+00:00;0.052;;
654611;unknown;control;2023-01-23 12:00:00+00:00;0.087;;
654611;unknown;control;2023-01-23 12:15:00+00:00;0.061;;
654611;unknown;control;2023-01-23 12:30:00+00:00;0.085;;
654611;unknown;control;2023-01-23 12:45:00+00:00;0.077;;
654611;unknown;control;2023-01-23 13:00:00+00:00;0.094;;
654611;unknown;control;2023-01-23 13:15:00+00:00;0.08;;
654611;unknown;control;2023-01-23 13:30:00+00:00;0.096;;
654611;unknown;control;2023-01-23 13:45:00+00:00;0.104;;
654611;unknown;control;2023-01-23 14:00:00+00:00;0.742;;
654611;unknown;control;2023-01-23 14:15:00+00:00;0.597;;
654611;unknown;control;2023-01-23 14:30:00+00:00;0.443;;
654611;unknown;control;2023-01-23 14:45:00+00:00;0.609;;
654611;unknown;control;2023-01-23 15:00:00+00:00;0.617;;
654611;unknown;control;2023-01-23 15:15:00+00:00;0.54;;
654611;unknown;control;2023-01-23 15:30:00+00:00;0.672;;
654611;unknown;control;2023-01-23 15:45:00+00:00;0.561;;
654611;unknown;control;2023-01-23 16:00:00+00:00;0.495;;
654611;unknown;control;2023-01-23 16:15:00+00:00;0.467;;
654611;unknown;control;2023-01-23 16:30:00+00:00;0.471;;
654611;unknown;control;2023-01-23 16:45:00+00:00;0.316;;
654611;unknown;control;2023-01-23 17:00:00+00:00;0.447;;
654611;unknown;control;2023-01-23 17:15:00+00:00;0.294;;
654611;unknown;control;2023-01-23 17:30:00+00:00;0.41;;
654611;unknown;control;2023-01-23 17:45:00+00:00;0.338;;
654611;unknown;control;2023-01-23 18:00:00+00:00;0.48;;
654611;unknown;control;2023-01-23 18:15:00+00:00;0.452;;
654611;unknown;control;2023-01-23 18:30:00+00:00;0.558;;
654611;unknown;control;2023-01-23 18:45:00+00:00;0.477;;
654611;unknown;control;2023-01-23 19:00:00+00:00;0.637;;
654611;unknown;control;2023-01-23 19:15:00+00:00;0.633;;
654611;unknown;control;2023-01-23 19:30:00+00:00;0.492;;
654611;unknown;control;2023-01-23 19:45:00+00:00;0.612;;
654611;unknown;control;2023-01-23 20:00:00+00:00;0.559;;
654611;unknown;control;2023-01-23 20:15:00+00:00;0.508;;
654611;unknown;control;2023-01-23 20:30:00+00:00;0.504;;
654611;unknown;control;2023-01-23 20:45:00+00:00;0.498;;
654611;unknown;control;2023-01-23 21:00:00+00:00;0.504;;
654611;unknown;control;2023-01-23 21:15:00+00:00;0.529;;
654611;unknown;control;2023-01-23 21:30:00+00:00;0.372;;
654611;unknown;control;2023-01-23 21:45:00+00:00;0.554;;
654611;unknown;control;2023-01-23 22:00:00+00:00;0.291;;
654611;unknown;control;2023-01-23 22:15:00+00:00;0.48;;
654611;unknown;control;2023-01-23 22:30:00+00:00;0.467;;
654611;unknown;control;2023-01-23 22:45:00+00:00;0.464;;
654611;unknown;control;2023-01-23 23:00:00+00:00;0.432;;
654611;unknown;control;2023-01-23 23:15:00+00:00;0.434;;
654611;unknown;control;2023-01-23 23:30:00+00:00;0.423;;
654611;unknown;control;2023-01-23 23:45:00+00:00;0.438;;
654611;unknown;control;2023-01-24 00:00:00+00:00;0.464;;
654611;unknown;control;2023-01-24 00:15:00+00:00;0.453;;
654611;unknown;control;2023-01-24 00:30:00+00:00;0.419;;
654611;unknown;control;2023-01-24 00:45:00+00:00;0.436;;
654611;unknown;control;2023-01-24 01:00:00+00:00;0.413;;
654611;unknown;control;2023-01-24 01:15:00+00:00;0.393;;
654611;unknown;control;2023-01-24 01:30:00+00:00;0.38;;
654611;unknown;control;2023-01-24 01:45:00+00:00;0.364;;
654611;unknown;control;2023-01-24 02:00:00+00:00;0.47;;
654611;unknown;control;2023-01-24 02:15:00+00:00;0.433;;
654611;unknown;control;2023-01-24 02:30:00+00:00;0.412;;
654611;unknown;control;2023-01-24 02:45:00+00:00;0.372;;
654611;unknown;control;2023-01-24 03:00:00+00:00;0.365;;
654611;unknown;control;2023-01-24 03:15:00+00:00;0.367;;
654611;unknown;control;2023-01-24 03:30:00+00:00;0.387;;
654611;unknown;control;2023-01-24 03:45:00+00:00;0.352;;
654611;unknown;control;2023-01-24 04:00:00+00:00;0.498;;
654611;unknown;control;2023-01-24 04:15:00+00:00;0.447;;
654611;unknown;control;2023-01-24 04:30:00+00:00;0.531;;
654611;unknown;control;2023-01-24 04:45:00+00:00;0.614;;
654611;unknown;control;2023-01-24 05:00:00+00:00;0.439;;
654611;unknown;control;2023-01-24 05:15:00+00:00;0.428;;
654611;unknown;control;2023-01-24 05:30:00+00:00;0.402;;
654611;unknown;control;2023-01-24 05:45:00+00:00;0.365;;
654611;unknown;control;2023-01-24 06:00:00+00:00;0.075;;
654611;unknown;control;2023-01-24 06:15:00+00:00;0.048;;
654611;unknown;control;2023-01-24 06:30:00+00:00;0.042;;
654611;unknown;control;2023-01-24 06:45:00+00:00;0.06;;
654611;unknown;control;2023-01-24 07:00:00+00:00;0.042;;
654611;unknown;control;2023-01-24 07:15:00+00:00;0.051;;
654611;unknown;control;2023-01-24 07:30:00+00:00;0.062;;
654611;unknown;control;2023-01-24 07:45:00+00:00;0.043;;
654611;unknown;control;2023-01-24 08:00:00+00:00;0.074;;
654611;unknown;control;2023-01-24 08:15:00+00:00;0.083;;
654611;unknown;control;2023-01-24 08:30:00+00:00;0.061;;
654611;unknown;control;2023-01-24 08:45:00+00:00;0.078;;
654611;unknown;control;2023-01-24 09:00:00+00:00;0.062;;
654611;unknown;control;2023-01-24 09:15:00+00:00;0.05;;
654611;unknown;control;2023-01-24 09:30:00+00:00;0.055;;
654611;unknown;control;2023-01-24 09:45:00+00:00;0.039;;
654611;unknown;control;2023-01-24 10:00:00+00:00;0.054;;
654611;unknown;control;2023-01-24 10:15:00+00:00;0.069;;
654611;unknown;control;2023-01-24 10:30:00+00:00;0.034;;
654611;unknown;control;2023-01-24 10:45:00+00:00;0.026;;
654611;unknown;control;2023-01-24 11:00:00+00:00;0.02;;
654611;unknown;control;2023-01-24 11:15:00+00:00;0.021;;
654611;unknown;control;2023-01-24 11:30:00+00:00;0.035;;
654611;unknown;control;2023-01-24 11:45:00+00:00;0.086;;
654611;unknown;control;2023-01-24 12:00:00+00:00;0.078;;
654611;unknown;control;2023-01-24 12:15:00+00:00;0.056;;
654611;unknown;control;2023-01-24 12:30:00+00:00;0.028;;
654611;unknown;control;2023-01-24 12:45:00+00:00;0.061;;
654611;unknown;control;2023-01-24 13:00:00+00:00;0.082;;
654611;unknown;control;2023-01-24 13:15:00+00:00;0.075;;
654611;unknown;control;2023-01-24 13:30:00+00:00;0.084;;
654611;unknown;control;2023-01-24 13:45:00+00:00;0.066;;
654611;unknown;control;2023-01-24 14:00:00+00:00;0.586;;
654611;unknown;control;2023-01-24 14:15:00+00:00;0.601;;
654611;unknown;control;2023-01-24 14:30:00+00:00;0.564;;
654611;unknown;control;2023-01-24 14:45:00+00:00;0.448;;
654611;unknown;control;2023-01-24 15:00:00+00:00;0.602;;
654611;unknown;control;2023-01-24 15:15:00+00:00;0.516;;
654611;unknown;control;2023-01-24 15:30:00+00:00;0.506;;
654611;unknown;control;2023-01-24 15:45:00+00:00;0.473;;
654611;unknown;control;2023-01-24 16:00:00+00:00;0.272;;
654611;unknown;control;2023-01-24 16:15:00+00:00;0.524;;
654611;unknown;control;2023-01-24 16:30:00+00:00;0.33;;
654611;unknown;control;2023-01-24 16:45:00+00:00;0.487;;
654611;unknown;control;2023-01-24 17:00:00+00:00;0.326;;
654611;unknown;control;2023-01-24 17:15:00+00:00;0.478;;
654611;unknown;control;2023-01-24 17:30:00+00:00;0.364;;
654611;unknown;control;2023-01-24 17:45:00+00:00;0.364;;
654611;unknown;control;2023-01-24 18:00:00+00:00;0.362;;
654611;unknown;control;2023-01-24 18:15:00+00:00;0.368;;
654611;unknown;control;2023-01-24 18:30:00+00:00;0.382;;
654611;unknown;control;2023-01-24 18:45:00+00:00;0.287;;
654611;unknown;control;2023-01-24 19:00:00+00:00;0.698;;
654611;unknown;control;2023-01-24 19:15:00+00:00;0.624;;
654611;unknown;control;2023-01-24 19:30:00+00:00;0.562;;
654611;unknown;control;2023-01-24 19:45:00+00:00;0.472;;
654611;unknown;control;2023-01-24 20:00:00+00:00;0.641;;
654611;unknown;control;2023-01-24 20:15:00+00:00;0.589;;
654611;unknown;control;2023-01-24 20:30:00+00:00;0.565;;
654611;unknown;control;2023-01-24 20:45:00+00:00;0.545;;
654611;unknown;control;2023-01-24 21:00:00+00:00;0.498;;
654611;unknown;control;2023-01-24 21:15:00+00:00;0.324;;
654611;unknown;control;2023-01-24 21:30:00+00:00;0.412;;
654611;unknown;control;2023-01-24 21:45:00+00:00;0.247;;
654611;unknown;control;2023-01-24 22:00:00+00:00;0.417;;
654611;unknown;control;2023-01-24 22:15:00+00:00;0.268;;
654611;unknown;control;2023-01-24 22:30:00+00:00;0.414;;
654611;unknown;control;2023-01-24 22:45:00+00:00;0.346;;
654611;unknown;control;2023-01-24 23:00:00+00:00;0.263;;
654611;unknown;control;2023-01-24 23:15:00+00:00;0.455;;
654611;unknown;control;2023-01-24 23:30:00+00:00;0.226;;
654611;unknown;control;2023-01-24 23:45:00+00:00;0.514;;
654611;unknown;control;2023-01-25 00:00:00+00:00;0.313;;
654611;unknown;control;2023-01-25 00:15:00+00:00;0.298;;
654611;unknown;control;2023-01-25 00:30:00+00:00;0.446;;
654611;unknown;control;2023-01-25 00:45:00+00:00;0.334;;
654611;unknown;control;2023-01-25 01:00:00+00:00;0.34;;
654611;unknown;control;2023-01-25 01:15:00+00:00;0.397;;
654611;unknown;control;2023-01-25 01:30:00+00:00;0.451;;
654611;unknown;control;2023-01-25 01:45:00+00:00;0.452;;
654611;unknown;control;2023-01-25 02:00:00+00:00;0.443;;
654611;unknown;control;2023-01-25 02:15:00+00:00;0.347;;
654611;unknown;control;2023-01-25 02:30:00+00:00;0.347;;
654611;unknown;control;2023-01-25 02:45:00+00:00;0.363;;
654611;unknown;control;2023-01-25 03:00:00+00:00;0.354;;
654611;unknown;control;2023-01-25 03:15:00+00:00;0.37;;
654611;unknown;control;2023-01-25 03:30:00+00:00;0.331;;
654611;unknown;control;2023-01-25 03:45:00+00:00;0.483;;
654611;unknown;control;2023-01-25 04:00:00+00:00;0.408;;
654611;unknown;control;2023-01-25 04:15:00+00:00;0.343;;
654611;unknown;control;2023-01-25 04:30:00+00:00;0.385;;
654611;unknown;control;2023-01-25 04:45:00+00:00;0.657;;
654611;unknown;control;2023-01-25 05:00:00+00:00;0.39;;
654611;unknown;control;2023-01-25 05:15:00+00:00;0.387;;
654611;unknown;control;2023-01-25 05:30:00+00:00;0.497;;
654611;unknown;control;2023-01-25 05:45:00+00:00;0.445;;
654611;unknown;control;2023-01-25 06:00:00+00:00;0.094;;
654611;unknown;control;2023-01-25 06:15:00+00:00;0.063;;
654611;unknown;control;2023-01-25 06:30:00+00:00;0.071;;
654611;unknown;control;2023-01-25 06:45:00+00:00;0.053;;
654611;unknown;control;2023-01-25 07:00:00+00:00;0.048;;
654611;unknown;control;2023-01-25 07:15:00+00:00;0.065;;
654611;unknown;control;2023-01-25 07:30:00+00:00;0.06;;
654611;unknown;control;2023-01-25 07:45:00+00:00;0.055;;
654611;unknown;control;2023-01-25 08:00:00+00:00;0.066;;
654611;unknown;control;2023-01-25 08:15:00+00:00;0.047;;
654611;unknown;control;2023-01-25 08:30:00+00:00;0.055;;
654611;unknown;control;2023-01-25 08:45:00+00:00;0.06;;
654611;unknown;control;2023-01-25 09:00:00+00:00;0.047;;
654611;unknown;control;2023-01-25 09:15:00+00:00;0.064;;
654611;unknown;control;2023-01-25 09:30:00+00:00;0.073;;
654611;unknown;control;2023-01-25 09:45:00+00:00;0.054;;
654611;unknown;control;2023-01-25 10:00:00+00:00;0.058;;
654611;unknown;control;2023-01-25 10:15:00+00:00;0.05;;
654611;unknown;control;2023-01-25 10:30:00+00:00;0.051;;
654611;unknown;control;2023-01-25 10:45:00+00:00;0.038;;
654611;unknown;control;2023-01-25 11:00:00+00:00;0.022;;
654611;unknown;control;2023-01-25 11:15:00+00:00;0.027;;
654611;unknown;control;2023-01-25 11:30:00+00:00;0.044;;
654611;unknown;control;2023-01-25 11:45:00+00:00;0.031;;
654611;unknown;control;2023-01-25 12:00:00+00:00;0.031;;
654611;unknown;control;2023-01-25 12:15:00+00:00;0.025;;
654611;unknown;control;2023-01-25 12:30:00+00:00;0.027;;
654611;unknown;control;2023-01-25 12:45:00+00:00;0.046;;
654611;unknown;control;2023-01-25 13:00:00+00:00;0.026;;
654611;unknown;control;2023-01-25 13:15:00+00:00;0.03;;
654611;unknown;control;2023-01-25 13:30:00+00:00;0.058;;
654611;unknown;control;2023-01-25 13:45:00+00:00;0.049;;
654611;unknown;control;2023-01-25 14:00:00+00:00;0.713;;
654611;unknown;control;2023-01-25 14:15:00+00:00;0.556;;
654611;unknown;control;2023-01-25 14:30:00+00:00;0.464;;
654611;unknown;control;2023-01-25 14:45:00+00:00;0.483;;
654611;unknown;control;2023-01-25 15:00:00+00:00;0.614;;
654611;unknown;control;2023-01-25 15:15:00+00:00;0.554;;
654611;unknown;control;2023-01-25 15:30:00+00:00;0.72;;
654611;unknown;control;2023-01-25 15:45:00+00:00;0.578;;
654611;unknown;control;2023-01-25 16:00:00+00:00;0.54;;
654611;unknown;control;2023-01-25 16:15:00+00:00;0.516;;
654611;unknown;control;2023-01-25 16:30:00+00:00;0.504;;
654611;unknown;control;2023-01-25 16:45:00+00:00;0.485;;
654611;unknown;control;2023-01-25 17:00:00+00:00;0.455;;
654611;unknown;control;2023-01-25 17:15:00+00:00;0.453;;
654611;unknown;control;2023-01-25 17:30:00+00:00;0.412;;
654611;unknown;control;2023-01-25 17:45:00+00:00;0.426;;
654611;unknown;control;2023-01-25 18:00:00+00:00;0.49;;
654611;unknown;control;2023-01-25 18:15:00+00:00;0.455;;
654611;unknown;control;2023-01-25 18:30:00+00:00;0.374;;
654611;unknown;control;2023-01-25 18:45:00+00:00;0.381;;
654611;unknown;control;2023-01-25 19:00:00+00:00;0.701;;
654611;unknown;control;2023-01-25 19:15:00+00:00;0.744;;
654611;unknown;control;2023-01-25 19:30:00+00:00;0.626;;
654611;unknown;control;2023-01-25 19:45:00+00:00;0.416;;
654611;unknown;control;2023-01-25 20:00:00+00:00;0.75;;
654611;unknown;control;2023-01-25 20:15:00+00:00;0.633;;
654611;unknown;control;2023-01-25 20:30:00+00:00;0.601;;
654611;unknown;control;2023-01-25 20:45:00+00:00;0.605;;
654611;unknown;control;2023-01-25 21:00:00+00:00;0.34;;
654611;unknown;control;2023-01-25 21:15:00+00:00;0.49;;
654611;unknown;control;2023-01-25 21:30:00+00:00;0.458;;
654611;unknown;control;2023-01-25 21:45:00+00:00;0.369;;
654611;unknown;control;2023-01-25 22:00:00+00:00;0.51;;
654611;unknown;control;2023-01-25 22:15:00+00:00;0.447;;
654611;unknown;control;2023-01-25 22:30:00+00:00;0.448;;
654611;unknown;control;2023-01-25 22:45:00+00:00;0.407;;
654611;unknown;control;2023-01-25 23:00:00+00:00;0.4;;
654611;unknown;control;2023-01-25 23:15:00+00:00;0.414;;
654611;unknown;control;2023-01-25 23:30:00+00:00;0.406;;
654611;unknown;control;2023-01-25 23:45:00+00:00;0.414;;
654611;unknown;control;2023-01-26 00:00:00+00:00;0.399;;
654611;unknown;control;2023-01-26 00:15:00+00:00;0.495;;
654611;unknown;control;2023-01-26 00:30:00+00:00;0.469;;
654611;unknown;control;2023-01-26 00:45:00+00:00;0.408;;
654611;unknown;control;2023-01-26 01:00:00+00:00;0.386;;
654611;unknown;control;2023-01-26 01:15:00+00:00;0.403;;
654611;unknown;control;2023-01-26 01:30:00+00:00;0.391;;
654611;unknown;control;2023-01-26 01:45:00+00:00;0.397;;
654611;unknown;control;2023-01-26 02:00:00+00:00;0.357;;
654611;unknown;control;2023-01-26 02:15:00+00:00;0.529;;
654611;unknown;control;2023-01-26 02:30:00+00:00;0.499;;
654611;unknown;control;2023-01-26 02:45:00+00:00;0.447;;
654611;unknown;control;2023-01-26 03:00:00+00:00;0.377;;
654611;unknown;control;2023-01-26 03:15:00+00:00;0.389;;
654611;unknown;control;2023-01-26 03:30:00+00:00;0.385;;
654611;unknown;control;2023-01-26 03:45:00+00:00;0.366;;
654611;unknown;control;2023-01-26 04:00:00+00:00;0.375;;
654611;unknown;control;2023-01-26 04:15:00+00:00;0.395;;
654611;unknown;control;2023-01-26 04:30:00+00:00;0.588;;
654611;unknown;control;2023-01-26 04:45:00+00:00;0.631;;
654611;unknown;control;2023-01-26 05:00:00+00:00;0.429;;
654611;unknown;control;2023-01-26 05:15:00+00:00;0.47;;
654611;unknown;control;2023-01-26 05:30:00+00:00;0.475;;
654611;unknown;control;2023-01-26 05:45:00+00:00;0.472;;
654611;unknown;control;2023-01-26 06:00:00+00:00;0.156;;
654611;unknown;control;2023-01-26 06:15:00+00:00;0.082;;
654611;unknown;control;2023-01-26 06:30:00+00:00;0.109;;
654611;unknown;control;2023-01-26 06:45:00+00:00;0.28;;
654611;unknown;control;2023-01-26 07:00:00+00:00;0.088;;
654611;unknown;control;2023-01-26 07:15:00+00:00;0.105;;
654611;unknown;control;2023-01-26 07:30:00+00:00;0.109;;
654611;unknown;control;2023-01-26 07:45:00+00:00;0.112;;
654611;unknown;control;2023-01-26 08:00:00+00:00;0.12;;
654611;unknown;control;2023-01-26 08:15:00+00:00;0.104;;
654611;unknown;control;2023-01-26 08:30:00+00:00;0.138;;
654611;unknown;control;2023-01-26 08:45:00+00:00;0.123;;
654611;unknown;control;2023-01-26 09:00:00+00:00;0.161;;
654611;unknown;control;2023-01-26 09:15:00+00:00;0.269;;
654611;unknown;control;2023-01-26 09:30:00+00:00;0.213;;
654611;unknown;control;2023-01-26 09:45:00+00:00;0.113;;
654611;unknown;control;2023-01-26 10:00:00+00:00;0.162;;
654611;unknown;control;2023-01-26 10:15:00+00:00;0.022;;
654611;unknown;control;2023-01-26 10:30:00+00:00;0.032;;
654611;unknown;control;2023-01-26 10:45:00+00:00;0.047;;
654611;unknown;control;2023-01-26 11:00:00+00:00;0.023;;
654611;unknown;control;2023-01-26 11:15:00+00:00;0.031;;
654611;unknown;control;2023-01-26 11:30:00+00:00;0.025;;
654611;unknown;control;2023-01-26 11:45:00+00:00;0.014;;
654611;unknown;control;2023-01-26 12:00:00+00:00;0.042;;
654611;unknown;control;2023-01-26 12:15:00+00:00;0.033;;
654611;unknown;control;2023-01-26 12:30:00+00:00;0.041;;
654611;unknown;control;2023-01-26 12:45:00+00:00;0.049;;
654611;unknown;control;2023-01-26 13:00:00+00:00;0.018;;
654611;unknown;control;2023-01-26 13:15:00+00:00;0.082;;
654611;unknown;control;2023-01-26 13:30:00+00:00;0.044;;
654611;unknown;control;2023-01-26 13:45:00+00:00;0.046;;
654611;unknown;control;2023-01-26 14:00:00+00:00;0.761;;
654611;unknown;control;2023-01-26 14:15:00+00:00;0.598;;
654611;unknown;control;2023-01-26 14:30:00+00:00;0.62;;
654611;unknown;control;2023-01-26 14:45:00+00:00;0.51;;
654611;unknown;control;2023-01-26 15:00:00+00:00;0.668;;
654611;unknown;control;2023-01-26 15:15:00+00:00;0.59;;
654611;unknown;control;2023-01-26 15:30:00+00:00;0.575;;
654611;unknown;control;2023-01-26 15:45:00+00:00;0.571;;
654611;unknown;control;2023-01-26 16:00:00+00:00;0.578;;
654611;unknown;control;2023-01-26 16:15:00+00:00;0.674;;
654611;unknown;control;2023-01-26 16:30:00+00:00;0.589;;
654611;unknown;control;2023-01-26 16:45:00+00:00;0.556;;
654611;unknown;control;2023-01-26 17:00:00+00:00;0.539;;
654611;unknown;control;2023-01-26 17:15:00+00:00;0.51;;
654611;unknown;control;2023-01-26 17:30:00+00:00;0.502;;
654611;unknown;control;2023-01-26 17:45:00+00:00;0.847;;
654611;unknown;control;2023-01-26 18:00:00+00:00;0.485;;
654611;unknown;control;2023-01-26 18:15:00+00:00;0.46;;
654611;unknown;control;2023-01-26 18:30:00+00:00;0.724;;
654611;unknown;control;2023-01-26 18:45:00+00:00;0.496;;
654611;unknown;control;2023-01-26 19:00:00+00:00;0.945;;
654611;unknown;control;2023-01-26 19:15:00+00:00;0.962;;
654611;unknown;control;2023-01-26 19:30:00+00:00;1.016;;
654611;unknown;control;2023-01-26 19:45:00+00:00;0.891;;
654611;unknown;control;2023-01-26 20:00:00+00:00;0.821;;
654611;unknown;control;2023-01-26 20:15:00+00:00;0.936;;
654611;unknown;control;2023-01-26 20:30:00+00:00;1.573;;
654611;unknown;control;2023-01-26 20:45:00+00:00;0.856;;
654611;unknown;control;2023-01-26 21:00:00+00:00;0.468;;
654611;unknown;control;2023-01-26 21:15:00+00:00;0.508;;
654611;unknown;control;2023-01-26 21:30:00+00:00;0.489;;
654611;unknown;control;2023-01-26 21:45:00+00:00;0.444;;
654611;unknown;control;2023-01-26 22:00:00+00:00;0.413;;
654611;unknown;control;2023-01-26 22:15:00+00:00;0.404;;
654611;unknown;control;2023-01-26 22:30:00+00:00;0.741;;
654611;unknown;control;2023-01-26 22:45:00+00:00;0.514;;
654611;unknown;control;2023-01-26 23:00:00+00:00;0.497;;
654611;unknown;control;2023-01-26 23:15:00+00:00;0.437;;
654611;unknown;control;2023-01-26 23:30:00+00:00;0.378;;
654611;unknown;control;2023-01-26 23:45:00+00:00;0.395;;
654611;unknown;control;2023-10-20 00:00:00+00:00;0.079;;
654611;unknown;control;2023-10-20 00:15:00+00:00;0.078;;
654611;unknown;control;2023-10-20 00:30:00+00:00;0.05;;
654611;unknown;control;2023-10-20 00:45:00+00:00;0.052;;
654611;unknown;control;2023-10-20 01:00:00+00:00;0.049;;
654611;unknown;control;2023-10-20 01:15:00+00:00;0.072;;
654611;unknown;control;2023-10-20 01:30:00+00:00;0.058;;
654611;unknown;control;2023-10-20 01:45:00+00:00;0.064;;
654611;unknown;control;2023-10-20 02:00:00+00:00;0.066;;
654611;unknown;control;2023-10-20 02:15:00+00:00;0.063;;
654611;unknown;control;2023-10-20 02:30:00+00:00;0.06;;
654611;unknown;control;2023-10-20 02:45:00+00:00;0.057;;
654611;unknown;control;2023-10-20 03:00:00+00:00;0.044;;
654611;unknown;control;2023-10-20 03:15:00+00:00;0.075;;
654611;unknown;control;2023-10-20 03:30:00+00:00;0.071;;
654611;unknown;control;2023-10-20 03:45:00+00:00;0.059;;
654611;unknown;control;2023-10-20 04:00:00+00:00;0.067;;
654611;unknown;control;2023-10-20 04:15:00+00:00;0.059;;
654611;unknown;control;2023-10-20 04:30:00+00:00;0.057;;
654611;unknown;control;2023-10-20 04:45:00+00:00;0.072;;
654611;unknown;control;2023-10-20 05:00:00+00:00;0.072;;
654611;unknown;control;2023-10-20 05:15:00+00:00;0.061;;
654611;unknown;control;2023-10-20 05:30:00+00:00;0.044;;
654611;unknown;control;2023-10-20 05:45:00+00:00;0.05;;
654611;unknown;control;2023-10-20 06:00:00+00:00;0.064;;
654611;unknown;control;2023-10-20 06:15:00+00:00;0.059;;
654611;unknown;control;2023-10-20 06:30:00+00:00;0.074;;
654611;unknown;control;2023-10-20 06:45:00+00:00;0.014;;
654611;unknown;control;2023-10-20 07:00:00+00:00;0.016;;
654611;unknown;control;2023-10-20 07:15:00+00:00;0.041;;
654611;unknown;control;2023-10-20 07:30:00+00:00;0.037;;
654611;unknown;control;2023-10-20 07:45:00+00:00;0.007;;
654611;unknown;control;2023-10-20 08:00:00+00:00;0.3;;
654611;unknown;control;2023-10-20 08:15:00+00:00;0.186;;
654611;unknown;control;2023-10-20 08:30:00+00:00;0.113;;
654611;unknown;control;2023-10-20 08:45:00+00:00;0.044;;
654611;unknown;control;2023-10-20 09:00:00+00:00;0.007;;
654611;unknown;control;2023-10-20 09:15:00+00:00;0.006;;
654611;unknown;control;2023-10-20 09:30:00+00:00;0.017;;
654611;unknown;control;2023-10-20 09:45:00+00:00;0.014;;
654611;unknown;control;2023-10-20 10:00:00+00:00;0.16;;
654611;unknown;control;2023-10-20 10:15:00+00:00;0.141;;
654611;unknown;control;2023-10-20 10:30:00+00:00;0.149;;
654611;unknown;control;2023-10-20 10:45:00+00:00;0.122;;
654611;unknown;control;2023-10-20 11:00:00+00:00;0.265;;
654611;unknown;control;2023-10-20 11:15:00+00:00;0.153;;
654611;unknown;control;2023-10-20 11:30:00+00:00;0.116;;
654611;unknown;control;2023-10-20 11:45:00+00:00;0.067;;
654611;unknown;control;2023-10-20 12:00:00+00:00;0.064;;
654611;unknown;control;2023-10-20 12:15:00+00:00;0.135;;
654611;unknown;control;2023-10-20 12:30:00+00:00;0.238;;
654611;unknown;control;2023-10-20 12:45:00+00:00;0.142;;
654611;unknown;control;2023-10-20 13:00:00+00:00;0.114;;
654611;unknown;control;2023-10-20 13:15:00+00:00;0.144;;
654611;unknown;control;2023-10-20 13:30:00+00:00;0.109;;
654611;unknown;control;2023-10-20 13:45:00+00:00;0.149;;
654611;unknown;control;2023-10-20 14:00:00+00:00;0.257;;
654611;unknown;control;2023-10-20 14:15:00+00:00;0.106;;
654611;unknown;control;2023-10-20 14:30:00+00:00;0.131;;
654611;unknown;control;2023-10-20 14:45:00+00:00;0.073;;
654611;unknown;control;2023-10-20 15:00:00+00:00;0.14;;
654611;unknown;control;2023-10-20 15:15:00+00:00;0.15;;
654611;unknown;control;2023-10-20 15:30:00+00:00;0.154;;
654611;unknown;control;2023-10-20 15:45:00+00:00;0.335;;
654611;unknown;control;2023-10-20 16:00:00+00:00;0.149;;
654611;unknown;control;2023-10-20 16:15:00+00:00;0.193;;
654611;unknown;control;2023-10-20 16:30:00+00:00;0.141;;
654611;unknown;control;2023-10-20 16:45:00+00:00;0.168;;
654611;unknown;control;2023-10-20 17:00:00+00:00;0.148;;
654611;unknown;control;2023-10-20 17:15:00+00:00;0.323;;
654611;unknown;control;2023-10-20 17:30:00+00:00;0.204;;
654611;unknown;control;2023-10-20 17:45:00+00:00;0.137;;
654611;unknown;control;2023-10-20 18:00:00+00:00;0.185;;
654611;unknown;control;2023-10-20 18:15:00+00:00;0.156;;
654611;unknown;control;2023-10-20 18:30:00+00:00;0.179;;
654611;unknown;control;2023-10-20 18:45:00+00:00;0.337;;
654611;unknown;control;2023-10-20 19:00:00+00:00;0.177;;
654611;unknown;control;2023-10-20 19:15:00+00:00;0.192;;
654611;unknown;control;2023-10-20 19:30:00+00:00;0.151;;
654611;unknown;control;2023-10-20 19:45:00+00:00;0.164;;
654611;unknown;control;2023-10-20 20:00:00+00:00;0.067;;
654611;unknown;control;2023-10-20 20:15:00+00:00;0.06;;
654611;unknown;control;2023-10-20 20:30:00+00:00;0.063;;
654611;unknown;control;2023-10-20 20:45:00+00:00;0.066;;
654611;unknown;control;2023-10-20 21:00:00+00:00;0.065;;
654611;unknown;control;2023-10-20 21:15:00+00:00;0.067;;
654611;unknown;control;2023-10-20 21:30:00+00:00;0.057;;
654611;unknown;control;2023-10-20 21:45:00+00:00;0.05;;
654611;unknown;control;2023-10-20 22:00:00+00:00;0.058;;
654611;unknown;control;2023-10-20 22:15:00+00:00;0.077;;
654611;unknown;control;2023-10-20 22:30:00+00:00;0.074;;
654611;unknown;control;2023-10-20 22:45:00+00:00;0.068;;
654611;unknown;control;2023-10-20 23:00:00+00:00;0.058;;
654611;unknown;control;2023-10-20 23:15:00+00:00;0.057;;
654611;unknown;control;2023-10-20 23:30:00+00:00;0.071;;
654611;unknown;control;2023-10-20 23:45:00+00:00;0.08;;
654611;unknown;control;2023-10-21 00:00:00+00:00;0.065;;
654611;unknown;control;2023-10-21 00:15:00+00:00;0.061;;
654611;unknown;control;2023-10-21 00:30:00+00:00;0.058;;
654611;unknown;control;2023-10-21 00:45:00+00:00;0.055;;
654611;unknown;control;2023-10-21 01:00:00+00:00;0.076;;
654611;unknown;control;2023-10-21 01:15:00+00:00;0.08;;
654611;unknown;control;2023-10-21 01:30:00+00:00;0.061;;
654611;unknown;control;2023-10-21 01:45:00+00:00;0.055;;
654611;unknown;control;2023-10-21 02:00:00+00:00;0.069;;
654611;unknown;control;2023-10-21 02:15:00+00:00;0.078;;
654611;unknown;control;2023-10-21 02:30:00+00:00;0.079;;
654611;unknown;control;2023-10-21 02:45:00+00:00;0.067;;
654611;unknown;control;2023-10-21 03:00:00+00:00;0.068;;
654611;unknown;control;2023-10-21 03:15:00+00:00;0.075;;
654611;unknown;control;2023-10-21 03:30:00+00:00;0.044;;
654611;unknown;control;2023-10-21 03:45:00+00:00;0.055;;
654611;unknown;control;2023-10-21 04:00:00+00:00;0.061;;
654611;unknown;control;2023-10-21 04:15:00+00:00;0.053;;
654611;unknown;control;2023-10-21 04:30:00+00:00;0.079;;
654611;unknown;control;2023-10-21 04:45:00+00:00;0.062;;
654611;unknown;control;2023-10-21 05:00:00+00:00;0.06;;
654611;unknown;control;2023-10-21 05:15:00+00:00;0.052;;
654611;unknown;control;2023-10-21 05:30:00+00:00;0.054;;
654611;unknown;control;2023-10-21 05:45:00+00:00;0.061;;
654611;unknown;control;2023-10-21 06:00:00+00:00;0.064;;
654611;unknown;control;2023-10-21 06:15:00+00:00;0.065;;
654611;unknown;control;2023-10-21 06:30:00+00:00;0.055;;
654611;unknown;control;2023-10-21 06:45:00+00:00;0.047;;
654611;unknown;control;2023-10-21 07:00:00+00:00;0.046;;
654611;unknown;control;2023-10-21 07:15:00+00:00;0.066;;
654611;unknown;control;2023-10-21 07:30:00+00:00;0.032;;
654611;unknown;control;2023-10-21 07:45:00+00:00;0.025;;
654611;unknown;control;2023-10-21 08:00:00+00:00;0.315;;
654611;unknown;control;2023-10-21 08:15:00+00:00;0.141;;
654611;unknown;control;2023-10-21 08:30:00+00:00;0.204;;
654611;unknown;control;2023-10-21 08:45:00+00:00;0.118;;
654611;unknown;control;2023-10-21 09:00:00+00:00;0.05;;
654611;unknown;control;2023-10-21 09:15:00+00:00;0.127;;
654611;unknown;control;2023-10-21 09:30:00+00:00;0.034;;
654611;unknown;control;2023-10-21 09:45:00+00:00;0.026;;
654611;unknown;control;2023-10-21 10:00:00+00:00;0.02;;
654611;unknown;control;2023-10-21 10:15:00+00:00;0.021;;
654611;unknown;control;2023-10-21 10:30:00+00:00;0.057;;
654611;unknown;control;2023-10-21 10:45:00+00:00;0.049;;
654611;unknown;control;2023-10-21 11:00:00+00:00;0.184;;
654611;unknown;control;2023-10-21 11:15:00+00:00;0.05;;
654611;unknown;control;2023-10-21 11:30:00+00:00;0.018;;
654611;unknown;control;2023-10-21 11:45:00+00:00;0.054;;
654611;unknown;control;2023-10-21 12:00:00+00:00;0.031;;
654611;unknown;control;2023-10-21 12:15:00+00:00;0.053;;
654611;unknown;control;2023-10-21 12:30:00+00:00;0.231;;
654611;unknown;control;2023-10-21 12:45:00+00:00;0.089;;
654611;unknown;control;2023-10-21 13:00:00+00:00;0.064;;
654611;unknown;control;2023-10-21 13:15:00+00:00;0.086;;
654611;unknown;control;2023-10-21 13:30:00+00:00;0.09;;
654611;unknown;control;2023-10-21 13:45:00+00:00;0.08;;
654611;unknown;control;2023-10-21 14:00:00+00:00;0.069;;
654611;unknown;control;2023-10-21 14:15:00+00:00;0.161;;
654611;unknown;control;2023-10-21 14:30:00+00:00;0.397;;
654611;unknown;control;2023-10-21 14:45:00+00:00;0.334;;
654611;unknown;control;2023-10-21 15:00:00+00:00;0.218;;
654611;unknown;control;2023-10-21 15:15:00+00:00;0.126;;
654611;unknown;control;2023-10-21 15:30:00+00:00;0.201;;
654611;unknown;control;2023-10-21 15:45:00+00:00;0.356;;
654611;unknown;control;2023-10-21 16:00:00+00:00;0.241;;
654611;unknown;control;2023-10-21 16:15:00+00:00;0.538;;
654611;unknown;control;2023-10-21 16:30:00+00:00;0.403;;
654611;unknown;control;2023-10-21 16:45:00+00:00;0.225;;
654611;unknown;control;2023-10-21 17:00:00+00:00;0.212;;
654611;unknown;control;2023-10-21 17:15:00+00:00;0.357;;
654611;unknown;control;2023-10-21 17:30:00+00:00;0.237;;
654611;unknown;control;2023-10-21 17:45:00+00:00;0.232;;
654611;unknown;control;2023-10-21 18:00:00+00:00;0.192;;
654611;unknown;control;2023-10-21 18:15:00+00:00;0.258;;
654611;unknown;control;2023-10-21 18:30:00+00:00;0.217;;
654611;unknown;control;2023-10-21 18:45:00+00:00;0.347;;
654611;unknown;control;2023-10-21 19:00:00+00:00;0.26;;
654611;unknown;control;2023-10-21 19:15:00+00:00;0.233;;
654611;unknown;control;2023-10-21 19:30:00+00:00;0.194;;
654611;unknown;control;2023-10-21 19:45:00+00:00;0.233;;
654611;unknown;control;2023-10-21 20:00:00+00:00;0.087;;
654611;unknown;control;2023-10-21 20:15:00+00:00;0.095;;
654611;unknown;control;2023-10-21 20:30:00+00:00;0.085;;
654611;unknown;control;2023-10-21 20:45:00+00:00;0.081;;
654611;unknown;control;2023-10-21 21:00:00+00:00;0.058;;
654611;unknown;control;2023-10-21 21:15:00+00:00;0.054;;
654611;unknown;control;2023-10-21 21:30:00+00:00;0.078;;
654611;unknown;control;2023-10-21 21:45:00+00:00;0.066;;
654611;unknown;control;2023-10-21 22:00:00+00:00;0.064;;
654611;unknown;control;2023-10-21 22:15:00+00:00;0.059;;
654611;unknown;control;2023-10-21 22:30:00+00:00;0.051;;
654611;unknown;control;2023-10-21 22:45:00+00:00;0.06;;
654611;unknown;control;2023-10-21 23:00:00+00:00;0.05;;
654611;unknown;control;2023-10-21 23:15:00+00:00;0.064;;
654611;unknown;control;2023-10-21 23:30:00+00:00;0.076;;
654611;unknown;control;2023-10-21 23:45:00+00:00;0.065;;
654611;unknown;control;2023-10-24 00:00:00+00:00;0.077;;
654611;unknown;control;2023-10-24 00:15:00+00:00;0.056;;
654611;unknown;control;2023-10-24 00:30:00+00:00;0.063;;
654611;unknown;control;2023-10-24 00:45:00+00:00;0.071;;
654611;unknown;control;2023-10-24 01:00:00+00:00;0.051;;
654611;unknown;control;2023-10-24 01:15:00+00:00;0.064;;
654611;unknown;control;2023-10-24 01:30:00+00:00;0.062;;
654611;unknown;control;2023-10-24 01:45:00+00:00;0.065;;
654611;unknown;control;2023-10-24 02:00:00+00:00;0.05;;
654611;unknown;control;2023-10-24 02:15:00+00:00;0.104;;
654611;unknown;control;2023-10-24 02:30:00+00:00;0.089;;
654611;unknown;control;2023-10-24 02:45:00+00:00;0.072;;
654611;unknown;control;2023-10-24 03:00:00+00:00;0.074;;
654611;unknown;control;2023-10-24 03:15:00+00:00;0.054;;
654611;unknown;control;2023-10-24 03:30:00+00:00;0.058;;
654611;unknown;control;2023-10-24 03:45:00+00:00;0.355;;
654611;unknown;control;2023-10-24 04:00:00+00:00;0.16;;
654611;unknown;control;2023-10-24 04:15:00+00:00;0.148;;
654611;unknown;control;2023-10-24 04:30:00+00:00;0.201;;
654611;unknown;control;2023-10-24 04:45:00+00:00;0.145;;
654611;unknown;control;2023-10-24 05:00:00+00:00;0.21;;
654611;unknown;control;2023-10-24 05:15:00+00:00;0.571;;
654611;unknown;control;2023-10-24 05:30:00+00:00;0.1;;
654611;unknown;control;2023-10-24 05:45:00+00:00;0.205;;
654611;unknown;control;2023-10-24 06:00:00+00:00;0.363;;
654611;unknown;control;2023-10-24 06:15:00+00:00;0.163;;
654611;unknown;control;2023-10-24 06:30:00+00:00;0.165;;
654611;unknown;control;2023-10-24 06:45:00+00:00;0.289;;
654611;unknown;control;2023-10-24 07:00:00+00:00;0.57;;
654611;unknown;control;2023-10-24 07:15:00+00:00;0.481;;
654611;unknown;control;2023-10-24 07:30:00+00:00;0.529;;
654611;unknown;control;2023-10-24 07:45:00+00:00;0.396;;
654611;unknown;control;2023-10-24 08:00:00+00:00;0.758;;
654611;unknown;control;2023-10-24 08:15:00+00:00;0.586;;
654611;unknown;control;2023-10-24 08:30:00+00:00;0.289;;
654611;unknown;control;2023-10-24 08:45:00+00:00;0.698;;
654611;unknown;control;2023-10-24 09:00:00+00:00;0.23;;
654611;unknown;control;2023-10-24 09:15:00+00:00;0.093;;
654611;unknown;control;2023-10-24 09:30:00+00:00;0.456;;
654611;unknown;control;2023-10-24 09:45:00+00:00;0.232;;
654611;unknown;control;2023-10-24 10:00:00+00:00;0.196;;
654611;unknown;control;2023-10-24 10:15:00+00:00;0.184;;
654611;unknown;control;2023-10-24 10:30:00+00:00;0.235;;
654611;unknown;control;2023-10-24 10:45:00+00:00;0.12;;
654611;unknown;control;2023-10-24 11:00:00+00:00;0.251;;
654611;unknown;control;2023-10-24 11:15:00+00:00;0.133;;
654611;unknown;control;2023-10-24 11:30:00+00:00;0.097;;
654611;unknown;control;2023-10-24 11:45:00+00:00;0.131;;
654611;unknown;control;2023-10-24 12:00:00+00:00;0.109;;
654611;unknown;control;2023-10-24 12:15:00+00:00;0.158;;
654611;unknown;control;2023-10-24 12:30:00+00:00;0.122;;
654611;unknown;control;2023-10-24 12:45:00+00:00;0.185;;
654611;unknown;control;2023-10-24 13:00:00+00:00;0.003;;
654611;unknown;control;2023-10-24 13:15:00+00:00;0.011;;
654611;unknown;control;2023-10-24 13:30:00+00:00;0.141;;
654611;unknown;control;2023-10-24 13:45:00+00:00;0.154;;
654611;unknown;control;2023-10-24 14:00:00+00:00;0.132;;
654611;unknown;control;2023-10-24 14:15:00+00:00;0.095;;
654611;unknown;control;2023-10-24 14:30:00+00:00;0.298;;
654611;unknown;control;2023-10-24 14:45:00+00:00;0.16;;
654611;unknown;control;2023-10-24 15:00:00+00:00;0.132;;
654611;unknown;control;2023-10-24 15:15:00+00:00;0.087;;
654611;unknown;control;2023-10-24 15:30:00+00:00;0.122;;
654611;unknown;control;2023-10-24 15:45:00+00:00;0.135;;
654611;unknown;control;2023-10-24 16:00:00+00:00;0.188;;
654611;unknown;control;2023-10-24 16:15:00+00:00;0.22;;
654611;unknown;control;2023-10-24 16:30:00+00:00;0.401;;
654611;unknown;control;2023-10-24 16:45:00+00:00;0.24;;
654611;unknown;control;2023-10-24 17:00:00+00:00;0.19;;
654611;unknown;control;2023-10-24 17:15:00+00:00;0.221;;
654611;unknown;control;2023-10-24 17:30:00+00:00;0.359;;
654611;unknown;control;2023-10-24 17:45:00+00:00;0.198;;
654611;unknown;control;2023-10-24 18:00:00+00:00;0.1;;
654611;unknown;control;2023-10-24 18:15:00+00:00;0.132;;
654611;unknown;control;2023-10-24 18:30:00+00:00;0.173;;
654611;unknown;control;2023-10-24 18:45:00+00:00;0.21;;
654611;unknown;control;2023-10-24 19:00:00+00:00;0.402;;
654611;unknown;control;2023-10-24 19:15:00+00:00;0.228;;
654611;unknown;control;2023-10-24 19:30:00+00:00;0.516;;
654611;unknown;control;2023-10-24 19:45:00+00:00;0.227;;
654611;unknown;control;2023-10-24 20:00:00+00:00;0.243;;
654611;unknown;control;2023-10-24 20:15:00+00:00;0.191;;
654611;unknown;control;2023-10-24 20:30:00+00:00;0.191;;
654611;unknown;control;2023-10-24 20:45:00+00:00;0.303;;
654611;unknown;control;2023-10-24 21:00:00+00:00;0.072;;
654611;unknown;control;2023-10-24 21:15:00+00:00;0.069;;
654611;unknown;control;2023-10-24 21:30:00+00:00;0.076;;
654611;unknown;control;2023-10-24 21:45:00+00:00;0.082;;
654611;unknown;control;2023-10-24 22:00:00+00:00;0.082;;
654611;unknown;control;2023-10-24 22:15:00+00:00;0.074;;
654611;unknown;control;2023-10-24 22:30:00+00:00;0.064;;
654611;unknown;control;2023-10-24 22:45:00+00:00;0.081;;
654611;unknown;control;2023-10-24 23:00:00+00:00;0.092;;
654611;unknown;control;2023-10-24 23:15:00+00:00;0.074;;
654611;unknown;control;2023-10-24 23:30:00+00:00;0.072;;
654611;unknown;control;2023-10-24 23:45:00+00:00;0.068;;
654611;unknown;control;2023-11-02 00:00:00+00:00;0.068;;
654611;unknown;control;2023-11-02 00:15:00+00:00;0.071;;
654611;unknown;control;2023-11-02 00:30:00+00:00;0.054;;
654611;unknown;control;2023-11-02 00:45:00+00:00;0.058;;
654611;unknown;control;2023-11-02 01:00:00+00:00;0.046;;
654611;unknown;control;2023-11-02 01:15:00+00:00;0.056;;
654611;unknown;control;2023-11-02 01:30:00+00:00;0.058;;
654611;unknown;control;2023-11-02 01:45:00+00:00;0.065;;
654611;unknown;control;2023-11-02 02:00:00+00:00;0.077;;
654611;unknown;control;2023-11-02 02:15:00+00:00;0.06;;
654611;unknown;control;2023-11-02 02:30:00+00:00;0.049;;
654611;unknown;control;2023-11-02 02:45:00+00:00;0.06;;
654611;unknown;control;2023-11-02 03:00:00+00:00;0.059;;
654611;unknown;control;2023-11-02 03:15:00+00:00;0.056;;
654611;unknown;control;2023-11-02 03:30:00+00:00;0.081;;
654611;unknown;control;2023-11-02 03:45:00+00:00;0.078;;
654611;unknown;control;2023-11-02 04:00:00+00:00;0.052;;
654611;unknown;control;2023-11-02 04:15:00+00:00;0.054;;
654611;unknown;control;2023-11-02 04:30:00+00:00;0.156;;
654611;unknown;control;2023-11-02 04:45:00+00:00;0.358;;
654611;unknown;control;2023-11-02 05:00:00+00:00;0.135;;
654611;unknown;control;2023-11-02 05:15:00+00:00;0.095;;
654611;unknown;control;2023-11-02 05:30:00+00:00;0.099;;
654611;unknown;control;2023-11-02 05:45:00+00:00;0.066;;
654611;unknown;control;2023-11-02 06:00:00+00:00;0.073;;
654611;unknown;control;2023-11-02 06:15:00+00:00;0.11;;
654611;unknown;control;2023-11-02 06:30:00+00:00;0.081;;
654611;unknown;control;2023-11-02 06:45:00+00:00;0.051;;
654611;unknown;control;2023-11-02 07:00:00+00:00;0.053;;
654611;unknown;control;2023-11-02 07:15:00+00:00;0.084;;
654611;unknown;control;2023-11-02 07:30:00+00:00;0.063;;
654611;unknown;control;2023-11-02 07:45:00+00:00;0.081;;
654611;unknown;control;2023-11-02 08:00:00+00:00;0.059;;
654611;unknown;control;2023-11-02 08:15:00+00:00;0.051;;
654611;unknown;control;2023-11-02 08:30:00+00:00;0.051;;
654611;unknown;control;2023-11-02 08:45:00+00:00;0.053;;
654611;unknown;control;2023-11-02 09:00:00+00:00;0.605;;
654611;unknown;control;2023-11-02 09:15:00+00:00;0.517;;
654611;unknown;control;2023-11-02 09:30:00+00:00;0.463;;
654611;unknown;control;2023-11-02 09:45:00+00:00;0.378;;
654611;unknown;control;2023-11-02 10:00:00+00:00;0.013;;
654611;unknown;control;2023-11-02 10:15:00+00:00;0.009;;
654611;unknown;control;2023-11-02 10:30:00+00:00;0.02;;
654611;unknown;control;2023-11-02 10:45:00+00:00;0.027;;
654611;unknown;control;2023-11-02 11:00:00+00:00;0.302;;
654611;unknown;control;2023-11-02 11:15:00+00:00;0.425;;
654611;unknown;control;2023-11-02 11:30:00+00:00;0.347;;
654611;unknown;control;2023-11-02 11:45:00+00:00;0.233;;
654611;unknown;control;2023-11-02 12:00:00+00:00;0.193;;
654611;unknown;control;2023-11-02 12:15:00+00:00;0.411;;
654611;unknown;control;2023-11-02 12:30:00+00:00;0.374;;
654611;unknown;control;2023-11-02 12:45:00+00:00;0.349;;
654611;unknown;control;2023-11-02 13:00:00+00:00;0.238;;
654611;unknown;control;2023-11-02 13:15:00+00:00;0.354;;
654611;unknown;control;2023-11-02 13:30:00+00:00;0.348;;
654611;unknown;control;2023-11-02 13:45:00+00:00;0.396;;
654611;unknown;control;2023-11-02 14:00:00+00:00;0.54;;
654611;unknown;control;2023-11-02 14:15:00+00:00;0.397;;
654611;unknown;control;2023-11-02 14:30:00+00:00;0.154;;
654611;unknown;control;2023-11-02 14:45:00+00:00;0.21;;
654611;unknown;control;2023-11-02 15:00:00+00:00;0.218;;
654611;unknown;control;2023-11-02 15:15:00+00:00;0.227;;
654611;unknown;control;2023-11-02 15:30:00+00:00;0.249;;
654611;unknown;control;2023-11-02 15:45:00+00:00;0.25;;
654611;unknown;control;2023-11-02 16:00:00+00:00;0.249;;
654611;unknown;control;2023-11-02 16:15:00+00:00;0.241;;
654611;unknown;control;2023-11-02 16:30:00+00:00;0.282;;
654611;unknown;control;2023-11-02 16:45:00+00:00;0.311;;
654611;unknown;control;2023-11-02 17:00:00+00:00;0.24;;
654611;unknown;control;2023-11-02 17:15:00+00:00;0.247;;
654611;unknown;control;2023-11-02 17:30:00+00:00;0.52;;
654611;unknown;control;2023-11-02 17:45:00+00:00;0.455;;
654611;unknown;control;2023-11-02 18:00:00+00:00;0.22;;
654611;unknown;control;2023-11-02 18:15:00+00:00;0.245;;
654611;unknown;control;2023-11-02 18:30:00+00:00;0.254;;
654611;unknown;control;2023-11-02 18:45:00+00:00;0.228;;
654611;unknown;control;2023-11-02 19:00:00+00:00;0.218;;
654611;unknown;control;2023-11-02 19:15:00+00:00;0.217;;
654611;unknown;control;2023-11-02 19:30:00+00:00;0.229;;
654611;unknown;control;2023-11-02 19:45:00+00:00;0.234;;
654611;unknown;control;2023-11-02 20:00:00+00:00;0.287;;
654611;unknown;control;2023-11-02 20:15:00+00:00;0.31;;
654611;unknown;control;2023-11-02 20:30:00+00:00;0.252;;
654611;unknown;control;2023-11-02 20:45:00+00:00;0.232;;
654611;unknown;control;2023-11-02 21:00:00+00:00;0.296;;
654611;unknown;control;2023-11-02 21:15:00+00:00;0.221;;
654611;unknown;control;2023-11-02 21:30:00+00:00;0.292;;
654611;unknown;control;2023-11-02 21:45:00+00:00;0.189;;
654611;unknown;control;2023-11-02 22:00:00+00:00;0.062;;
654611;unknown;control;2023-11-02 22:15:00+00:00;0.059;;
654611;unknown;control;2023-11-02 22:30:00+00:00;0.046;;
654611;unknown;control;2023-11-02 22:45:00+00:00;0.055;;
654611;unknown;control;2023-11-02 23:00:00+00:00;0.058;;
654611;unknown;control;2023-11-02 23:15:00+00:00;0.056;;
654611;unknown;control;2023-11-02 23:30:00+00:00;0.079;;
654611;unknown;control;2023-11-02 23:45:00+00:00;0.081;;
654611;unknown;control;2023-11-09 00:00:00+00:00;0.069;;
654611;unknown;control;2023-11-09 00:15:00+00:00;0.063;;
654611;unknown;control;2023-11-09 00:30:00+00:00;0.067;;
654611;unknown;control;2023-11-09 00:45:00+00:00;0.055;;
654611;unknown;control;2023-11-09 01:00:00+00:00;0.055;;
654611;unknown;control;2023-11-09 01:15:00+00:00;0.054;;
654611;unknown;control;2023-11-09 01:30:00+00:00;0.062;;
654611;unknown;control;2023-11-09 01:45:00+00:00;0.07;;
654611;unknown;control;2023-11-09 02:00:00+00:00;0.053;;
654611;unknown;control;2023-11-09 02:15:00+00:00;0.071;;
654611;unknown;control;2023-11-09 02:30:00+00:00;0.057;;
654611;unknown;control;2023-11-09 02:45:00+00:00;0.067;;
654611;unknown;control;2023-11-09 03:00:00+00:00;0.062;;
654611;unknown;control;2023-11-09 03:15:00+00:00;0.066;;
654611;unknown;control;2023-11-09 03:30:00+00:00;0.053;;
654611;unknown;control;2023-11-09 03:45:00+00:00;0.053;;
654611;unknown;control;2023-11-09 04:00:00+00:00;0.052;;
654611;unknown;control;2023-11-09 04:15:00+00:00;0.061;;
654611;unknown;control;2023-11-09 04:30:00+00:00;0.062;;
654611;unknown;control;2023-11-09 04:45:00+00:00;0.179;;
654611;unknown;control;2023-11-09 05:00:00+00:00;0.243;;
654611;unknown;control;2023-11-09 05:15:00+00:00;0.169;;
654611;unknown;control;2023-11-09 05:30:00+00:00;0.196;;
654611;unknown;control;2023-11-09 05:45:00+00:00;0.087;;
654611;unknown;control;2023-11-09 06:00:00+00:00;0.126;;
654611;unknown;control;2023-11-09 06:15:00+00:00;0.114;;
654611;unknown;control;2023-11-09 06:30:00+00:00;0.089;;
654611;unknown;control;2023-11-09 06:45:00+00:00;0.081;;
654611;unknown;control;2023-11-09 07:00:00+00:00;0.045;;
654611;unknown;control;2023-11-09 07:15:00+00:00;0.056;;
654611;unknown;control;2023-11-09 07:30:00+00:00;0.057;;
654611;unknown;control;2023-11-09 07:45:00+00:00;0.135;;
654611;unknown;control;2023-11-09 08:00:00+00:00;0.043;;
654611;unknown;control;2023-11-09 08:15:00+00:00;0.039;;
654611;unknown;control;2023-11-09 08:30:00+00:00;0.045;;
654611;unknown;control;2023-11-09 08:45:00+00:00;0.058;;
654611;unknown;control;2023-11-09 09:00:00+00:00;0.649;;
654611;unknown;control;2023-11-09 09:15:00+00:00;0.447;;
654611;unknown;control;2023-11-09 09:30:00+00:00;0.395;;
654611;unknown;control;2023-11-09 09:45:00+00:00;0.269;;
654611;unknown;control;2023-11-09 10:00:00+00:00;0.004;;
654611;unknown;control;2023-11-09 10:15:00+00:00;0.011;;
654611;unknown;control;2023-11-09 10:30:00+00:00;0.029;;
654611;unknown;control;2023-11-09 10:45:00+00:00;0.036;;
654611;unknown;control;2023-11-09 11:00:00+00:00;0.368;;
654611;unknown;control;2023-11-09 11:15:00+00:00;0.516;;
654611;unknown;control;2023-11-09 11:30:00+00:00;0.399;;
654611;unknown;control;2023-11-09 11:45:00+00:00;0.391;;
654611;unknown;control;2023-11-09 12:00:00+00:00;0.331;;
654611;unknown;control;2023-11-09 12:15:00+00:00;0.299;;
654611;unknown;control;2023-11-09 12:30:00+00:00;0.336;;
654611;unknown;control;2023-11-09 12:45:00+00:00;0.33;;
654611;unknown;control;2023-11-09 13:00:00+00:00;0.208;;
654611;unknown;control;2023-11-09 13:15:00+00:00;0.231;;
654611;unknown;control;2023-11-09 13:30:00+00:00;0.404;;
654611;unknown;control;2023-11-09 13:45:00+00:00;0.271;;
654611;unknown;control;2023-11-09 14:00:00+00:00;0.05;;
654611;unknown;control;2023-11-09 14:15:00+00:00;0.097;;
654611;unknown;control;2023-11-09 14:30:00+00:00;0.257;;
654611;unknown;control;2023-11-09 14:45:00+00:00;0.255;;
654611;unknown;control;2023-11-09 15:00:00+00:00;0.294;;
654611;unknown;control;2023-11-09 15:15:00+00:00;0.268;;
654611;unknown;control;2023-11-09 15:30:00+00:00;0.259;;
654611;unknown;control;2023-11-09 15:45:00+00:00;0.235;;
654611;unknown;control;2023-11-09 16:00:00+00:00;0.244;;
654611;unknown;control;2023-11-09 16:15:00+00:00;0.24;;
654611;unknown;control;2023-11-09 16:30:00+00:00;0.246;;
654611;unknown;control;2023-11-09 16:45:00+00:00;0.242;;
654611;unknown;control;2023-11-09 17:00:00+00:00;0.247;;
654611;unknown;control;2023-11-09 17:15:00+00:00;0.352;;
654611;unknown;control;2023-11-09 17:30:00+00:00;0.474;;
654611;unknown;control;2023-11-09 17:45:00+00:00;0.234;;
654611;unknown;control;2023-11-09 18:00:00+00:00;0.24;;
654611;unknown;control;2023-11-09 18:15:00+00:00;0.248;;
654611;unknown;control;2023-11-09 18:30:00+00:00;0.24;;
654611;unknown;control;2023-11-09 18:45:00+00:00;0.251;;
654611;unknown;control;2023-11-09 19:00:00+00:00;0.396;;
654611;unknown;control;2023-11-09 19:15:00+00:00;0.604;;
654611;unknown;control;2023-11-09 19:30:00+00:00;0.368;;
654611;unknown;control;2023-11-09 19:45:00+00:00;0.23;;
654611;unknown;control;2023-11-09 20:00:00+00:00;0.213;;
654611;unknown;control;2023-11-09 20:15:00+00:00;0.183;;
654611;unknown;control;2023-11-09 20:30:00+00:00;0.34;;
654611;unknown;control;2023-11-09 20:45:00+00:00;0.252;;
654611;unknown;control;2023-11-09 21:00:00+00:00;0.258;;
654611;unknown;control;2023-11-09 21:15:00+00:00;0.257;;
654611;unknown;control;2023-11-09 21:30:00+00:00;0.221;;
654611;unknown;control;2023-11-09 21:45:00+00:00;0.176;;
654611;unknown;control;2023-11-09 22:00:00+00:00;0.046;;
654611;unknown;control;2023-11-09 22:15:00+00:00;0.059;;
654611;unknown;control;2023-11-09 22:30:00+00:00;0.049;;
654611;unknown;control;2023-11-09 22:45:00+00:00;0.047;;
654611;unknown;control;2023-11-09 23:00:00+00:00;0.065;;
654611;unknown;control;2023-11-09 23:15:00+00:00;0.079;;
654611;unknown;control;2023-11-09 23:30:00+00:00;0.062;;
654611;unknown;control;2023-11-09 23:45:00+00:00;0.129;;
654611;unknown;control;2023-11-12 00:00:00+00:00;0.05;;
654611;unknown;control;2023-11-12 00:15:00+00:00;0.051;;
654611;unknown;control;2023-11-12 00:30:00+00:00;0.057;;
654611;unknown;control;2023-11-12 00:45:00+00:00;0.049;;
654611;unknown;control;2023-11-12 01:00:00+00:00;0.052;;
654611;unknown;control;2023-11-12 01:15:00+00:00;0.055;;
654611;unknown;control;2023-11-12 01:30:00+00:00;0.055;;
654611;unknown;control;2023-11-12 01:45:00+00:00;0.066;;
654611;unknown;control;2023-11-12 02:00:00+00:00;0.094;;
654611;unknown;control;2023-11-12 02:15:00+00:00;0.09;;
654611;unknown;control;2023-11-12 02:30:00+00:00;0.061;;
654611;unknown;control;2023-11-12 02:45:00+00:00;0.054;;
654611;unknown;control;2023-11-12 03:00:00+00:00;0.045;;
654611;unknown;control;2023-11-12 03:15:00+00:00;0.051;;
654611;unknown;control;2023-11-12 03:30:00+00:00;0.057;;
654611;unknown;control;2023-11-12 03:45:00+00:00;0.064;;
654611;unknown;control;2023-11-12 04:00:00+00:00;0.064;;
654611;unknown;control;2023-11-12 04:15:00+00:00;0.081;;
654611;unknown;control;2023-11-12 04:30:00+00:00;0.06;;
654611;unknown;control;2023-11-12 04:45:00+00:00;0.068;;
654611;unknown;control;2023-11-12 05:00:00+00:00;0.076;;
654611;unknown;control;2023-11-12 05:15:00+00:00;0.067;;
654611;unknown;control;2023-11-12 05:30:00+00:00;0.062;;
654611;unknown;control;2023-11-12 05:45:00+00:00;0.054;;
654611;unknown;control;2023-11-12 06:00:00+00:00;0.045;;
654611;unknown;control;2023-11-12 06:15:00+00:00;0.053;;
654611;unknown;control;2023-11-12 06:30:00+00:00;0.066;;
654611;unknown;control;2023-11-12 06:45:00+00:00;0.076;;
654611;unknown;control;2023-11-12 07:00:00+00:00;0.183;;
654611;unknown;control;2023-11-12 07:15:00+00:00;0.255;;
654611;unknown;control;2023-11-12 07:30:00+00:00;0.154;;
654611;unknown;control;2023-11-12 07:45:00+00:00;0.088;;
654611;unknown;control;2023-11-12 08:00:00+00:00;0.103;;
654611;unknown;control;2023-11-12 08:15:00+00:00;0.384;;
654611;unknown;control;2023-11-12 08:30:00+00:00;0.456;;
654611;unknown;control;2023-11-12 08:45:00+00:00;0.285;;
654611;unknown;control;2023-11-12 09:00:00+00:00;1.249;;
654611;unknown;control;2023-11-12 09:15:00+00:00;1.118;;
654611;unknown;control;2023-11-12 09:30:00+00:00;0.954;;
654611;unknown;control;2023-11-12 09:45:00+00:00;1.213;;
654611;unknown;control;2023-11-12 10:00:00+00:00;0.928;;
654611;unknown;control;2023-11-12 10:15:00+00:00;0.548;;
654611;unknown;control;2023-11-12 10:30:00+00:00;0.752;;
654611;unknown;control;2023-11-12 10:45:00+00:00;0.737;;
654611;unknown;control;2023-11-12 11:00:00+00:00;0.686;;
654611;unknown;control;2023-11-12 11:15:00+00:00;0.877;;
654611;unknown;control;2023-11-12 11:30:00+00:00;0.557;;
654611;unknown;control;2023-11-12 11:45:00+00:00;0.901;;
654611;unknown;control;2023-11-12 12:00:00+00:00;0.714;;
654611;unknown;control;2023-11-12 12:15:00+00:00;0.552;;
654611;unknown;control;2023-11-12 12:30:00+00:00;0.713;;
654611;unknown;control;2023-11-12 12:45:00+00:00;0.702;;
654611;unknown;control;2023-11-12 13:00:00+00:00;0.649;;
654611;unknown;control;2023-11-12 13:15:00+00:00;1.231;;
654611;unknown;control;2023-11-12 13:30:00+00:00;0.768;;
654611;unknown;control;2023-11-12 13:45:00+00:00;1.149;;
654611;unknown;control;2023-11-12 14:00:00+00:00;0.708;;
654611;unknown;control;2023-11-12 14:15:00+00:00;0.5;;
654611;unknown;control;2023-11-12 14:30:00+00:00;0.382;;
654611;unknown;control;2023-11-12 14:45:00+00:00;0.54;;
654611;unknown;control;2023-11-12 15:00:00+00:00;0.424;;
654611;unknown;control;2023-11-12 15:15:00+00:00;0.397;;
654611;unknown;control;2023-11-12 15:30:00+00:00;0.303;;
654611;unknown;control;2023-11-12 15:45:00+00:00;0.417;;
654611;unknown;control;2023-11-12 16:00:00+00:00;0.279;;
654611;unknown;control;2023-11-12 16:15:00+00:00;0.275;;
654611;unknown;control;2023-11-12 16:30:00+00:00;0.456;;
654611;unknown;control;2023-11-12 16:45:00+00:00;0.561;;
654611;unknown;control;2023-11-12 17:00:00+00:00;0.67;;
654611;unknown;control;2023-11-12 17:15:00+00:00;0.49;;
654611;unknown;control;2023-11-12 17:30:00+00:00;0.23;;
654611;unknown;control;2023-11-12 17:45:00+00:00;0.202;;
654611;unknown;control;2023-11-12 18:00:00+00:00;0.197;;
654611;unknown;control;2023-11-12 18:15:00+00:00;0.217;;
654611;unknown;control;2023-11-12 18:30:00+00:00;0.206;;
654611;unknown;control;2023-11-12 18:45:00+00:00;0.225;;
654611;unknown;control;2023-11-12 19:00:00+00:00;0.182;;
654611;unknown;control;2023-11-12 19:15:00+00:00;0.227;;
654611;unknown;control;2023-11-12 19:30:00+00:00;0.229;;
654611;unknown;control;2023-11-12 19:45:00+00:00;0.235;;
654611;unknown;control;2023-11-12 20:00:00+00:00;0.176;;
654611;unknown;control;2023-11-12 20:15:00+00:00;0.238;;
654611;unknown;control;2023-11-12 20:30:00+00:00;0.197;;
654611;unknown;control;2023-11-12 20:45:00+00:00;0.261;;
654611;unknown;control;2023-11-12 21:00:00+00:00;0.207;;
654611;unknown;control;2023-11-12 21:15:00+00:00;0.231;;
654611;unknown;control;2023-11-12 21:30:00+00:00;0.209;;
654611;unknown;control;2023-11-12 21:45:00+00:00;0.19;;
654611;unknown;control;2023-11-12 22:00:00+00:00;0.06;;
654611;unknown;control;2023-11-12 22:15:00+00:00;0.066;;
654611;unknown;control;2023-11-12 22:30:00+00:00;0.093;;
654611;unknown;control;2023-11-12 22:45:00+00:00;0.066;;
654611;unknown;control;2023-11-12 23:00:00+00:00;0.063;;
654611;unknown;control;2023-11-12 23:15:00+00:00;0.07;;
654611;unknown;control;2023-11-12 23:30:00+00:00;0.068;;
654611;unknown;control;2023-11-12 23:45:00+00:00;0.074;;
654611;unknown;control;2023-11-13 00:00:00+00:00;0.094;;
654611;unknown;control;2023-11-13 00:15:00+00:00;0.12;;
654611;unknown;control;2023-11-13 00:30:00+00:00;0.084;;
654611;unknown;control;2023-11-13 00:45:00+00:00;0.068;;
654611;unknown;control;2023-11-13 01:00:00+00:00;0.059;;
654611;unknown;control;2023-11-13 01:15:00+00:00;0.071;;
654611;unknown;control;2023-11-13 01:30:00+00:00;0.069;;
654611;unknown;control;2023-11-13 01:45:00+00:00;0.069;;
654611;unknown;control;2023-11-13 02:00:00+00:00;0.071;;
654611;unknown;control;2023-11-13 02:15:00+00:00;0.077;;
654611;unknown;control;2023-11-13 02:30:00+00:00;0.084;;
654611;unknown;control;2023-11-13 02:45:00+00:00;0.077;;
654611;unknown;control;2023-11-13 03:00:00+00:00;0.077;;
654611;unknown;control;2023-11-13 03:15:00+00:00;0.087;;
654611;unknown;control;2023-11-13 03:30:00+00:00;0.075;;
654611;unknown;control;2023-11-13 03:45:00+00:00;0.065;;
654611;unknown;control;2023-11-13 04:00:00+00:00;0.059;;
654611;unknown;control;2023-11-13 04:15:00+00:00;0.072;;
654611;unknown;control;2023-11-13 04:30:00+00:00;0.081;;
654611;unknown;control;2023-11-13 04:45:00+00:00;0.397;;
654611;unknown;control;2023-11-13 05:00:00+00:00;0.187;;
654611;unknown;control;2023-11-13 05:15:00+00:00;0.105;;
654611;unknown;control;2023-11-13 05:30:00+00:00;0.08;;
654611;unknown;control;2023-11-13 05:45:00+00:00;0.068;;
654611;unknown;control;2023-11-13 06:00:00+00:00;0.069;;
654611;unknown;control;2023-11-13 06:15:00+00:00;0.07;;
654611;unknown;control;2023-11-13 06:30:00+00:00;0.049;;
654611;unknown;control;2023-11-13 06:45:00+00:00;0.055;;
654611;unknown;control;2023-11-13 07:00:00+00:00;0.05;;
654611;unknown;control;2023-11-13 07:15:00+00:00;0.056;;
654611;unknown;control;2023-11-13 07:30:00+00:00;0.039;;
654611;unknown;control;2023-11-13 07:45:00+00:00;0.037;;
654611;unknown;control;2023-11-13 08:00:00+00:00;0.029;;
654611;unknown;control;2023-11-13 08:15:00+00:00;0.02;;
654611;unknown;control;2023-11-13 08:30:00+00:00;0.006;;
654611;unknown;control;2023-11-13 08:45:00+00:00;0.056;;
654611;unknown;control;2023-11-13 09:00:00+00:00;0.404;;
654611;unknown;control;2023-11-13 09:15:00+00:00;0.178;;
654611;unknown;control;2023-11-13 09:30:00+00:00;0.281;;
654611;unknown;control;2023-11-13 09:45:00+00:00;0.207;;
654611;unknown;control;2023-11-13 10:00:00+00:00;0.035;;
654611;unknown;control;2023-11-13 10:15:00+00:00;0.018;;
654611;unknown;control;2023-11-13 10:30:00+00:00;0.024;;
654611;unknown;control;2023-11-13 10:45:00+00:00;0.011;;
654611;unknown;control;2023-11-13 11:00:00+00:00;0.197;;
654611;unknown;control;2023-11-13 11:15:00+00:00;0.274;;
654611;unknown;control;2023-11-13 11:30:00+00:00;0.175;;
654611;unknown;control;2023-11-13 11:45:00+00:00;0.169;;
654611;unknown;control;2023-11-13 12:00:00+00:00;0.152;;
654611;unknown;control;2023-11-13 12:15:00+00:00;0.205;;
654611;unknown;control;2023-11-13 12:30:00+00:00;0.193;;
654611;unknown;control;2023-11-13 12:45:00+00:00;0.201;;
654611;unknown;control;2023-11-13 13:00:00+00:00;0.234;;
654611;unknown;control;2023-11-13 13:15:00+00:00;0.144;;
654611;unknown;control;2023-11-13 13:30:00+00:00;0.206;;
654611;unknown;control;2023-11-13 13:45:00+00:00;0.211;;
654611;unknown;control;2023-11-13 14:00:00+00:00;0.475;;
654611;unknown;control;2023-11-13 14:15:00+00:00;0.461;;
654611;unknown;control;2023-11-13 14:30:00+00:00;0.118;;
654611;unknown;control;2023-11-13 14:45:00+00:00;0.185;;
654611;unknown;control;2023-11-13 15:00:00+00:00;0.307;;
654611;unknown;control;2023-11-13 15:15:00+00:00;0.189;;
654611;unknown;control;2023-11-13 15:30:00+00:00;0.199;;
654611;unknown;control;2023-11-13 15:45:00+00:00;0.159;;
654611;unknown;control;2023-11-13 16:00:00+00:00;0.153;;
654611;unknown;control;2023-11-13 16:15:00+00:00;0.189;;
654611;unknown;control;2023-11-13 16:30:00+00:00;0.235;;
654611;unknown;control;2023-11-13 16:45:00+00:00;0.164;;
654611;unknown;control;2023-11-13 17:00:00+00:00;0.327;;
654611;unknown;control;2023-11-13 17:15:00+00:00;0.143;;
654611;unknown;control;2023-11-13 17:30:00+00:00;0.192;;
654611;unknown;control;2023-11-13 17:45:00+00:00;0.171;;
654611;unknown;control;2023-11-13 18:00:00+00:00;0.185;;
654611;unknown;control;2023-11-13 18:15:00+00:00;0.176;;
654611;unknown;control;2023-11-13 18:30:00+00:00;0.218;;
654611;unknown;control;2023-11-13 18:45:00+00:00;0.183;;
654611;unknown;control;2023-11-13 19:00:00+00:00;0.075;;
654611;unknown;control;2023-11-13 19:15:00+00:00;0.279;;
654611;unknown;control;2023-11-13 19:30:00+00:00;0.152;;
654611;unknown;control;2023-11-13 19:45:00+00:00;0.152;;
654611;unknown;control;2023-11-13 20:00:00+00:00;0.163;;
654611;unknown;control;2023-11-13 20:15:00+00:00;0.186;;
654611;unknown;control;2023-11-13 20:30:00+00:00;0.19;;
654611;unknown;control;2023-11-13 20:45:00+00:00;0.176;;
654611;unknown;control;2023-11-13 21:00:00+00:00;0.164;;
654611;unknown;control;2023-11-13 21:15:00+00:00;0.157;;
654611;unknown;control;2023-11-13 21:30:00+00:00;0.155;;
654611;unknown;control;2023-11-13 21:45:00+00:00;0.081;;
654611;unknown;control;2023-11-13 22:00:00+00:00;0.057;;
654611;unknown;control;2023-11-13 22:15:00+00:00;0.064;;
654611;unknown;control;2023-11-13 22:30:00+00:00;0.079;;
654611;unknown;control;2023-11-13 22:45:00+00:00;0.079;;
654611;unknown;control;2023-11-13 23:00:00+00:00;0.064;;
654611;unknown;control;2023-11-13 23:15:00+00:00;0.054;;
654611;unknown;control;2023-11-13 23:30:00+00:00;0.042;;
654611;unknown;control;2023-11-13 23:45:00+00:00;0.054;;
654611;unknown;control;2023-11-14 00:00:00+00:00;0.065;;
654611;unknown;control;2023-11-14 00:15:00+00:00;0.068;;
654611;unknown;control;2023-11-14 00:30:00+00:00;0.078;;
654611;unknown;control;2023-11-14 00:45:00+00:00;0.07;;
654611;unknown;control;2023-11-14 01:00:00+00:00;0.05;;
654611;unknown;control;2023-11-14 01:15:00+00:00;0.056;;
654611;unknown;control;2023-11-14 01:30:00+00:00;0.058;;
654611;unknown;control;2023-11-14 01:45:00+00:00;0.05;;
654611;unknown;control;2023-11-14 02:00:00+00:00;0.051;;
654611;unknown;control;2023-11-14 02:15:00+00:00;0.064;;
654611;unknown;control;2023-11-14 02:30:00+00:00;0.059;;
654611;unknown;control;2023-11-14 02:45:00+00:00;0.061;;
654611;unknown;control;2023-11-14 03:00:00+00:00;0.063;;
654611;unknown;control;2023-11-14 03:15:00+00:00;0.065;;
654611;unknown;control;2023-11-14 03:30:00+00:00;0.047;;
654611;unknown;control;2023-11-14 03:45:00+00:00;0.043;;
654611;unknown;control;2023-11-14 04:00:00+00:00;0.042;;
654611;unknown;control;2023-11-14 04:15:00+00:00;0.06;;
654611;unknown;control;2023-11-14 04:30:00+00:00;0.069;;
654611;unknown;control;2023-11-14 04:45:00+00:00;0.392;;
654611;unknown;control;2023-11-14 05:00:00+00:00;0.158;;
654611;unknown;control;2023-11-14 05:15:00+00:00;0.096;;
654611;unknown;control;2023-11-14 05:30:00+00:00;0.075;;
654611;unknown;control;2023-11-14 05:45:00+00:00;0.068;;
654611;unknown;control;2023-11-14 06:00:00+00:00;0.056;;
654611;unknown;control;2023-11-14 06:15:00+00:00;0.07;;
654611;unknown;control;2023-11-14 06:30:00+00:00;0.057;;
654611;unknown;control;2023-11-14 06:45:00+00:00;0.057;;
654611;unknown;control;2023-11-14 07:00:00+00:00;0.063;;
654611;unknown;control;2023-11-14 07:15:00+00:00;0.066;;
654611;unknown;control;2023-11-14 07:30:00+00:00;0.058;;
654611;unknown;control;2023-11-14 07:45:00+00:00;0.074;;
654611;unknown;control;2023-11-14 08:00:00+00:00;0.064;;
654611;unknown;control;2023-11-14 08:15:00+00:00;0.036;;
654611;unknown;control;2023-11-14 08:30:00+00:00;0.008;;
654611;unknown;control;2023-11-14 08:45:00+00:00;0.033;;
654611;unknown;control;2023-11-14 09:00:00+00:00;0.516;;
654611;unknown;control;2023-11-14 09:15:00+00:00;0.426;;
654611;unknown;control;2023-11-14 09:30:00+00:00;0.383;;
654611;unknown;control;2023-11-14 09:45:00+00:00;0.341;;
654611;unknown;control;2023-11-14 10:00:00+00:00;0.038;;
654611;unknown;control;2023-11-14 10:15:00+00:00;0.048;;
654611;unknown;control;2023-11-14 10:30:00+00:00;0.04;;
654611;unknown;control;2023-11-14 10:45:00+00:00;0.077;;
654611;unknown;control;2023-11-14 11:00:00+00:00;0.257;;
654611;unknown;control;2023-11-14 11:15:00+00:00;0.337;;
654611;unknown;control;2023-11-14 11:30:00+00:00;0.346;;
654611;unknown;control;2023-11-14 11:45:00+00:00;0.271;;
654611;unknown;control;2023-11-14 12:00:00+00:00;0.236;;
654611;unknown;control;2023-11-14 12:15:00+00:00;0.283;;
654611;unknown;control;2023-11-14 12:30:00+00:00;0.332;;
654611;unknown;control;2023-11-14 12:45:00+00:00;0.3;;
654611;unknown;control;2023-11-14 13:00:00+00:00;0.28;;
654611;unknown;control;2023-11-14 13:15:00+00:00;0.297;;
654611;unknown;control;2023-11-14 13:30:00+00:00;0.213;;
654611;unknown;control;2023-11-14 13:45:00+00:00;0.298;;
654611;unknown;control;2023-11-14 14:00:00+00:00;0.613;;
654611;unknown;control;2023-11-14 14:15:00+00:00;0.442;;
654611;unknown;control;2023-11-14 14:30:00+00:00;0.38;;
654611;unknown;control;2023-11-14 14:45:00+00:00;0.175;;
654611;unknown;control;2023-11-14 15:00:00+00:00;0.216;;
654611;unknown;control;2023-11-14 15:15:00+00:00;0.264;;
654611;unknown;control;2023-11-14 15:30:00+00:00;0.276;;
654611;unknown;control;2023-11-14 15:45:00+00:00;0.355;;
654611;unknown;control;2023-11-14 16:00:00+00:00;0.257;;
654611;unknown;control;2023-11-14 16:15:00+00:00;0.252;;
654611;unknown;control;2023-11-14 16:30:00+00:00;0.24;;
654611;unknown;control;2023-11-14 16:45:00+00:00;0.266;;
654611;unknown;control;2023-11-14 17:00:00+00:00;0.25;;
654611;unknown;control;2023-11-14 17:15:00+00:00;0.309;;
654611;unknown;control;2023-11-14 17:30:00+00:00;0.244;;
654611;unknown;control;2023-11-14 17:45:00+00:00;0.223;;
654611;unknown;control;2023-11-14 18:00:00+00:00;0.229;;
654611;unknown;control;2023-11-14 18:15:00+00:00;0.318;;
654611;unknown;control;2023-11-14 18:30:00+00:00;0.201;;
654611;unknown;control;2023-11-14 18:45:00+00:00;0.227;;
654611;unknown;control;2023-11-14 19:00:00+00:00;0.143;;
654611;unknown;control;2023-11-14 19:15:00+00:00;0.201;;
654611;unknown;control;2023-11-14 19:30:00+00:00;0.177;;
654611;unknown;control;2023-11-14 19:45:00+00:00;0.19;;
654611;unknown;control;2023-11-14 20:00:00+00:00;0.161;;
654611;unknown;control;2023-11-14 20:15:00+00:00;0.356;;
654611;unknown;control;2023-11-14 20:30:00+00:00;0.149;;
654611;unknown;control;2023-11-14 20:45:00+00:00;0.249;;
654611;unknown;control;2023-11-14 21:00:00+00:00;0.161;;
654611;unknown;control;2023-11-14 21:15:00+00:00;0.169;;
654611;unknown;control;2023-11-14 21:30:00+00:00;0.158;;
654611;unknown;control;2023-11-14 21:45:00+00:00;0.132;;
654611;unknown;control;2023-11-14 22:00:00+00:00;0.057;;
654611;unknown;control;2023-11-14 22:15:00+00:00;0.068;;
654611;unknown;control;2023-11-14 22:30:00+00:00;0.072;;
654611;unknown;control;2023-11-14 22:45:00+00:00;0.082;;
654611;unknown;control;2023-11-14 23:00:00+00:00;0.076;;
654611;unknown;control;2023-11-14 23:15:00+00:00;0.126;;
654611;unknown;control;2023-11-14 23:30:00+00:00;0.13;;
654611;unknown;control;2023-11-14 23:45:00+00:00;0.133;;
654611;unknown;control;2023-11-19 00:00:00+00:00;0.048;;
654611;unknown;control;2023-11-19 00:15:00+00:00;0.051;;
654611;unknown;control;2023-11-19 00:30:00+00:00;0.063;;
654611;unknown;control;2023-11-19 00:45:00+00:00;0.056;;
654611;unknown;control;2023-11-19 01:00:00+00:00;0.072;;
654611;unknown;control;2023-11-19 01:15:00+00:00;0.062;;
654611;unknown;control;2023-11-19 01:30:00+00:00;0.056;;
654611;unknown;control;2023-11-19 01:45:00+00:00;0.057;;
654611;unknown;control;2023-11-19 02:00:00+00:00;0.085;;
654611;unknown;control;2023-11-19 02:15:00+00:00;0.058;;
654611;unknown;control;2023-11-19 02:30:00+00:00;0.049;;
654611;unknown;control;2023-11-19 02:45:00+00:00;0.054;;
654611;unknown;control;2023-11-19 03:00:00+00:00;0.049;;
654611;unknown;control;2023-11-19 03:15:00+00:00;0.049;;
654611;unknown;control;2023-11-19 03:30:00+00:00;0.069;;
654611;unknown;control;2023-11-19 03:45:00+00:00;0.066;;
654611;unknown;control;2023-11-19 04:00:00+00:00;0.076;;
654611;unknown;control;2023-11-19 04:15:00+00:00;0.081;;
654611;unknown;control;2023-11-19 04:30:00+00:00;0.065;;
654611;unknown;control;2023-11-19 04:45:00+00:00;0.05;;
654611;unknown;control;2023-11-19 05:00:00+00:00;0.061;;
654611;unknown;control;2023-11-19 05:15:00+00:00;0.054;;
654611;unknown;control;2023-11-19 05:30:00+00:00;0.049;;
654611;unknown;control;2023-11-19 05:45:00+00:00;0.066;;
654611;unknown;control;2023-11-19 06:00:00+00:00;0.072;;
654611;unknown;control;2023-11-19 06:15:00+00:00;0.066;;
654611;unknown;control;2023-11-19 06:30:00+00:00;0.068;;
654611;unknown;control;2023-11-19 06:45:00+00:00;0.064;;
654611;unknown;control;2023-11-19 07:00:00+00:00;0.055;;
654611;unknown;control;2023-11-19 07:15:00+00:00;0.045;;
654611;unknown;control;2023-11-19 07:30:00+00:00;0.046;;
654611;unknown;control;2023-11-19 07:45:00+00:00;0.021;;
654611;unknown;control;2023-11-19 08:00:00+00:00;0.026;;
654611;unknown;control;2023-11-19 08:15:00+00:00;0.038;;
654611;unknown;control;2023-11-19 08:30:00+00:00;0.022;;
654611;unknown;control;2023-11-19 08:45:00+00:00;0.048;;
654611;unknown;control;2023-11-19 09:00:00+00:00;0.451;;
654611;unknown;control;2023-11-19 09:15:00+00:00;0.178;;
654611;unknown;control;2023-11-19 09:30:00+00:00;0.26;;
654611;unknown;control;2023-11-19 09:45:00+00:00;0.238;;
654611;unknown;control;2023-11-19 10:00:00+00:00;0.274;;
654611;unknown;control;2023-11-19 10:15:00+00:00;0.167;;
654611;unknown;control;2023-11-19 10:30:00+00:00;0.147;;
654611;unknown;control;2023-11-19 10:45:00+00:00;0.122;;
654611;unknown;control;2023-11-19 11:00:00+00:00;0.008;;
654611;unknown;control;2023-11-19 11:15:00+00:00;0.034;;
654611;unknown;control;2023-11-19 11:30:00+00:00;0.027;;
654611;unknown;control;2023-11-19 11:45:00+00:00;0.06;;
654611;unknown;control;2023-11-19 12:00:00+00:00;0.051;;
654611;unknown;control;2023-11-19 12:15:00+00:00;0.045;;
654611;unknown;control;2023-11-19 12:30:00+00:00;0.086;;
654611;unknown;control;2023-11-19 12:45:00+00:00;0.095;;
654611;unknown;control;2023-11-19 13:00:00+00:00;0.041;;
654611;unknown;control;2023-11-19 13:15:00+00:00;0.084;;
654611;unknown;control;2023-11-19 13:30:00+00:00;0.154;;
654611;unknown;control;2023-11-19 13:45:00+00:00;0.273;;
654611;unknown;control;2023-11-19 14:00:00+00:00;0.475;;
654611;unknown;control;2023-11-19 14:15:00+00:00;0.476;;
654611;unknown;control;2023-11-19 14:30:00+00:00;0.163;;
654611;unknown;control;2023-11-19 14:45:00+00:00;0.23;;
654611;unknown;control;2023-11-19 15:00:00+00:00;0.235;;
654611;unknown;control;2023-11-19 15:15:00+00:00;0.284;;
654611;unknown;control;2023-11-19 15:30:00+00:00;0.225;;
654611;unknown;control;2023-11-19 15:45:00+00:00;0.197;;
654611;unknown;control;2023-11-19 16:00:00+00:00;0.252;;
654611;unknown;control;2023-11-19 16:15:00+00:00;0.288;;
654611;unknown;control;2023-11-19 16:30:00+00:00;0.28;;
654611;unknown;control;2023-11-19 16:45:00+00:00;0.279;;
654611;unknown;control;2023-11-19 17:00:00+00:00;0.286;;
654611;unknown;control;2023-11-19 17:15:00+00:00;0.845;;
654611;unknown;control;2023-11-19 17:30:00+00:00;0.638;;
654611;unknown;control;2023-11-19 17:45:00+00:00;0.518;;
654611;unknown;control;2023-11-19 18:00:00+00:00;0.456;;
654611;unknown;control;2023-11-19 18:15:00+00:00;0.274;;
654611;unknown;control;2023-11-19 18:30:00+00:00;0.322;;
654611;unknown;control;2023-11-19 18:45:00+00:00;0.31;;
654611;unknown;control;2023-11-19 19:00:00+00:00;0.279;;
654611;unknown;control;2023-11-19 19:15:00+00:00;0.249;;
654611;unknown;control;2023-11-19 19:30:00+00:00;0.256;;
654611;unknown;control;2023-11-19 19:45:00+00:00;0.274;;
654611;unknown;control;2023-11-19 20:00:00+00:00;0.275;;
654611;unknown;control;2023-11-19 20:15:00+00:00;0.278;;
654611;unknown;control;2023-11-19 20:30:00+00:00;0.426;;
654611;unknown;control;2023-11-19 20:45:00+00:00;0.342;;
654611;unknown;control;2023-11-19 21:00:00+00:00;0.278;;
654611;unknown;control;2023-11-19 21:15:00+00:00;0.272;;
654611;unknown;control;2023-11-19 21:30:00+00:00;0.274;;
654611;unknown;control;2023-11-19 21:45:00+00:00;0.2;;
654611;unknown;control;2023-11-19 22:00:00+00:00;0.139;;
654611;unknown;control;2023-11-19 22:15:00+00:00;0.122;;
654611;unknown;control;2023-11-19 22:30:00+00:00;0.127;;
654611;unknown;control;2023-11-19 22:45:00+00:00;0.115;;
654611;unknown;control;2023-11-19 23:00:00+00:00;0.136;;
654611;unknown;control;2023-11-19 23:15:00+00:00;0.068;;
654611;unknown;control;2023-11-19 23:30:00+00:00;0.061;;
654611;unknown;control;2023-11-19 23:45:00+00:00;0.055;;
654611;unknown;control;2023-11-22 00:00:00+00:00;0.046;;
654611;unknown;control;2023-11-22 00:15:00+00:00;0.046;;
654611;unknown;control;2023-11-22 00:30:00+00:00;0.057;;
654611;unknown;control;2023-11-22 00:45:00+00:00;0.086;;
654611;unknown;control;2023-11-22 01:00:00+00:00;0.067;;
654611;unknown;control;2023-11-22 01:15:00+00:00;0.065;;
654611;unknown;control;2023-11-22 01:30:00+00:00;0.048;;
654611;unknown;control;2023-11-22 01:45:00+00:00;0.053;;
654611;unknown;control;2023-11-22 02:00:00+00:00;0.056;;
654611;unknown;control;2023-11-22 02:15:00+00:00;0.07;;
654611;unknown;control;2023-11-22 02:30:00+00:00;0.073;;
654611;unknown;control;2023-11-22 02:45:00+00:00;0.059;;
654611;unknown;control;2023-11-22 03:00:00+00:00;0.071;;
654611;unknown;control;2023-11-22 03:15:00+00:00;0.056;;
654611;unknown;control;2023-11-22 03:30:00+00:00;0.052;;
654611;unknown;control;2023-11-22 03:45:00+00:00;0.066;;
654611;unknown;control;2023-11-22 04:00:00+00:00;0.05;;
654611;unknown;control;2023-11-22 04:15:00+00:00;0.066;;
654611;unknown;control;2023-11-22 04:30:00+00:00;0.166;;
654611;unknown;control;2023-11-22 04:45:00+00:00;0.354;;
654611;unknown;control;2023-11-22 05:00:00+00:00;0.117;;
654611;unknown;control;2023-11-22 05:15:00+00:00;0.172;;
654611;unknown;control;2023-11-22 05:30:00+00:00;0.219;;
654611;unknown;control;2023-11-22 05:45:00+00:00;0.137;;
654611;unknown;control;2023-11-22 06:00:00+00:00;0.199;;
654611;unknown;control;2023-11-22 06:15:00+00:00;0.568;;
654611;unknown;control;2023-11-22 06:30:00+00:00;0.114;;
654611;unknown;control;2023-11-22 06:45:00+00:00;0.114;;
654611;unknown;control;2023-11-22 07:00:00+00:00;0.104;;
654611;unknown;control;2023-11-22 07:15:00+00:00;0.1;;
654611;unknown;control;2023-11-22 07:30:00+00:00;0.234;;
654611;unknown;control;2023-11-22 07:45:00+00:00;0.087;;
654611;unknown;control;2023-11-22 08:00:00+00:00;0.102;;
654611;unknown;control;2023-11-22 08:15:00+00:00;0.031;;
654611;unknown;control;2023-11-22 08:30:00+00:00;0.005;;
654611;unknown;control;2023-11-22 08:45:00+00:00;0.197;;
654611;unknown;control;2023-11-22 09:00:00+00:00;1.236;;
654611;unknown;control;2023-11-22 09:15:00+00:00;0.99;;
654611;unknown;control;2023-11-22 09:30:00+00:00;0.653;;
654611;unknown;control;2023-11-22 09:45:00+00:00;0.588;;
654611;unknown;control;2023-11-22 10:00:00+00:00;0.045;;
654611;unknown;control;2023-11-22 10:15:00+00:00;0.036;;
654611;unknown;control;2023-11-22 10:30:00+00:00;0.221;;
654611;unknown;control;2023-11-22 10:45:00+00:00;0.226;;
654611;unknown;control;2023-11-22 11:00:00+00:00;0.586;;
654611;unknown;control;2023-11-22 11:15:00+00:00;1.234;;
654611;unknown;control;2023-11-22 11:30:00+00:00;0.649;;
654611;unknown;control;2023-11-22 11:45:00+00:00;0.647;;
654611;unknown;control;2023-11-22 12:00:00+00:00;0.51;;
654611;unknown;control;2023-11-22 12:15:00+00:00;0.48;;
654611;unknown;control;2023-11-22 12:30:00+00:00;0.515;;
654611;unknown;control;2023-11-22 12:45:00+00:00;0.536;;
654611;unknown;control;2023-11-22 13:00:00+00:00;0.51;;
654611;unknown;control;2023-11-22 13:15:00+00:00;0.527;;
654611;unknown;control;2023-11-22 13:30:00+00:00;0.526;;
654611;unknown;control;2023-11-22 13:45:00+00:00;0.402;;
654611;unknown;control;2023-11-22 14:00:00+00:00;0.729;;
654611;unknown;control;2023-11-22 14:15:00+00:00;0.521;;
654611;unknown;control;2023-11-22 14:30:00+00:00;0.419;;
654611;unknown;control;2023-11-22 14:45:00+00:00;0.517;;
654611;unknown;control;2023-11-22 15:00:00+00:00;0.456;;
654611;unknown;control;2023-11-22 15:15:00+00:00;0.381;;
654611;unknown;control;2023-11-22 15:30:00+00:00;0.405;;
654611;unknown;control;2023-11-22 15:45:00+00:00;0.49;;
654611;unknown;control;2023-11-22 16:00:00+00:00;0.449;;
654611;unknown;control;2023-11-22 16:15:00+00:00;0.398;;
654611;unknown;control;2023-11-22 16:30:00+00:00;0.395;;
654611;unknown;control;2023-11-22 16:45:00+00:00;0.388;;
654611;unknown;control;2023-11-22 17:00:00+00:00;0.301;;
654611;unknown;control;2023-11-22 17:15:00+00:00;0.23;;
654611;unknown;control;2023-11-22 17:30:00+00:00;0.482;;
654611;unknown;control;2023-11-22 17:45:00+00:00;0.434;;
654611;unknown;control;2023-11-22 18:00:00+00:00;0.407;;
654611;unknown;control;2023-11-22 18:15:00+00:00;0.398;;
654611;unknown;control;2023-11-22 18:30:00+00:00;0.624;;
654611;unknown;control;2023-11-22 18:45:00+00:00;0.45;;
654611;unknown;control;2023-11-22 19:00:00+00:00;0.375;;
654611;unknown;control;2023-11-22 19:15:00+00:00;0.224;;
654611;unknown;control;2023-11-22 19:30:00+00:00;0.329;;
654611;unknown;control;2023-11-22 19:45:00+00:00;0.359;;
654611;unknown;control;2023-11-22 20:00:00+00:00;0.295;;
654611;unknown;control;2023-11-22 20:15:00+00:00;0.345;;
654611;unknown;control;2023-11-22 20:30:00+00:00;0.4;;
654611;unknown;control;2023-11-22 20:45:00+00:00;0.351;;
654611;unknown;control;2023-11-22 21:00:00+00:00;0.281;;
654611;unknown;control;2023-11-22 21:15:00+00:00;0.427;;
654611;unknown;control;2023-11-22 21:30:00+00:00;0.282;;
654611;unknown;control;2023-11-22 21:45:00+00:00;0.298;;
654611;unknown;control;2023-11-22 22:00:00+00:00;0.059;;
654611;unknown;control;2023-11-22 22:15:00+00:00;0.066;;
654611;unknown;control;2023-11-22 22:30:00+00:00;0.05;;
654611;unknown;control;2023-11-22 22:45:00+00:00;0.057;;
654611;unknown;control;2023-11-22 23:00:00+00:00;0.058;;
654611;unknown;control;2023-11-22 23:15:00+00:00;0.057;;
654611;unknown;control;2023-11-22 23:30:00+00:00;0.052;;
654611;unknown;control;2023-11-22 23:45:00+00:00;0.063;;
654611;unknown;control;2023-11-24 00:00:00+00:00;0.059;;
654611;unknown;control;2023-11-24 00:15:00+00:00;0.07;;
654611;unknown;control;2023-11-24 00:30:00+00:00;0.06;;
654611;unknown;control;2023-11-24 00:45:00+00:00;0.063;;
654611;unknown;control;2023-11-24 01:00:00+00:00;0.056;;
654611;unknown;control;2023-11-24 01:15:00+00:00;0.054;;
654611;unknown;control;2023-11-24 01:30:00+00:00;0.058;;
654611;unknown;control;2023-11-24 01:45:00+00:00;0.066;;
654611;unknown;control;2023-11-24 02:00:00+00:00;0.057;;
654611;unknown;control;2023-11-24 02:15:00+00:00;0.083;;
654611;unknown;control;2023-11-24 02:30:00+00:00;0.07;;
654611;unknown;control;2023-11-24 02:45:00+00:00;0.057;;
654611;unknown;control;2023-11-24 03:00:00+00:00;0.058;;
654611;unknown;control;2023-11-24 03:15:00+00:00;0.057;;
654611;unknown;control;2023-11-24 03:30:00+00:00;0.054;;
654611;unknown;control;2023-11-24 03:45:00+00:00;0.06;;
654611;unknown;control;2023-11-24 04:00:00+00:00;0.057;;
654611;unknown;control;2023-11-24 04:15:00+00:00;0.057;;
654611;unknown;control;2023-11-24 04:30:00+00:00;0.063;;
654611;unknown;control;2023-11-24 04:45:00+00:00;0.375;;
654611;unknown;control;2023-11-24 05:00:00+00:00;0.17;;
654611;unknown;control;2023-11-24 05:15:00+00:00;0.137;;
654611;unknown;control;2023-11-24 05:30:00+00:00;0.128;;
654611;unknown;control;2023-11-24 05:45:00+00:00;0.11;;
654611;unknown;control;2023-11-24 06:00:00+00:00;0.095;;
654611;unknown;control;2023-11-24 06:15:00+00:00;0.196;;
654611;unknown;control;2023-11-24 06:30:00+00:00;0.144;;
654611;unknown;control;2023-11-24 06:45:00+00:00;0.547;;
654611;unknown;control;2023-11-24 07:00:00+00:00;0.125;;
654611;unknown;control;2023-11-24 07:15:00+00:00;0.144;;
654611;unknown;control;2023-11-24 07:30:00+00:00;0.122;;
654611;unknown;control;2023-11-24 07:45:00+00:00;0.111;;
654611;unknown;control;2023-11-24 08:00:00+00:00;0.212;;
654611;unknown;control;2023-11-24 08:15:00+00:00;0.012;;
654611;unknown;control;2023-11-24 08:30:00+00:00;0.004;;
654611;unknown;control;2023-11-24 08:45:00+00:00;0.024;;
654611;unknown;control;2023-11-24 09:00:00+00:00;0.559;;
654611;unknown;control;2023-11-24 09:15:00+00:00;0.389;;
654611;unknown;control;2023-11-24 09:30:00+00:00;0.207;;
654611;unknown;control;2023-11-24 09:45:00+00:00;0.211;;
654611;unknown;control;2023-11-24 10:00:00+00:00;0.128;;
654611;unknown;control;2023-11-24 10:15:00+00:00;0.209;;
654611;unknown;control;2023-11-24 10:30:00+00:00;0.171;;
654611;unknown;control;2023-11-24 10:45:00+00:00;0.091;;
654611;unknown;control;2023-11-24 11:00:00+00:00;0.256;;
654611;unknown;control;2023-11-24 11:15:00+00:00;0.496;;
654611;unknown;control;2023-11-24 11:30:00+00:00;0.549;;
654611;unknown;control;2023-11-24 11:45:00+00:00;0.492;;
654611;unknown;control;2023-11-24 12:00:00+00:00;0.443;;
654611;unknown;control;2023-11-24 12:15:00+00:00;0.37;;
654611;unknown;control;2023-11-24 12:30:00+00:00;0.329;;
654611;unknown;control;2023-11-24 12:45:00+00:00;0.368;;
654611;unknown;control;2023-11-24 13:00:00+00:00;0.411;;
654611;unknown;control;2023-11-24 13:15:00+00:00;0.264;;
654611;unknown;control;2023-11-24 13:30:00+00:00;0.483;;
654611;unknown;control;2023-11-24 13:45:00+00:00;0.312;;
654611;unknown;control;2023-11-24 14:00:00+00:00;0.773;;
654611;unknown;control;2023-11-24 14:15:00+00:00;0.697;;
654611;unknown;control;2023-11-24 14:30:00+00:00;0.475;;
654611;unknown;control;2023-11-24 14:45:00+00:00;0.369;;
654611;unknown;control;2023-11-24 15:00:00+00:00;0.234;;
654611;unknown;control;2023-11-24 15:15:00+00:00;0.448;;
654611;unknown;control;2023-11-24 15:30:00+00:00;0.513;;
654611;unknown;control;2023-11-24 15:45:00+00:00;0.431;;
654611;unknown;control;2023-11-24 16:00:00+00:00;0.411;;
654611;unknown;control;2023-11-24 16:15:00+00:00;0.398;;
654611;unknown;control;2023-11-24 16:30:00+00:00;0.383;;
654611;unknown;control;2023-11-24 16:45:00+00:00;0.343;;
654611;unknown;control;2023-11-24 17:00:00+00:00;0.225;;
654611;unknown;control;2023-11-24 17:15:00+00:00;0.431;;
654611;unknown;control;2023-11-24 17:30:00+00:00;0.416;;
654611;unknown;control;2023-11-24 17:45:00+00:00;0.412;;
654611;unknown;control;2023-11-24 18:00:00+00:00;0.402;;
654611;unknown;control;2023-11-24 18:15:00+00:00;0.276;;
654611;unknown;control;2023-11-24 18:30:00+00:00;0.352;;
654611;unknown;control;2023-11-24 18:45:00+00:00;0.356;;
654611;unknown;control;2023-11-24 19:00:00+00:00;0.346;;
654611;unknown;control;2023-11-24 19:15:00+00:00;0.305;;
654611;unknown;control;2023-11-24 19:30:00+00:00;0.46;;
654611;unknown;control;2023-11-24 19:45:00+00:00;0.294;;
654611;unknown;control;2023-11-24 20:00:00+00:00;0.36;;
654611;unknown;control;2023-11-24 20:15:00+00:00;0.368;;
654611;unknown;control;2023-11-24 20:30:00+00:00;0.402;;
654611;unknown;control;2023-11-24 20:45:00+00:00;0.344;;
654611;unknown;control;2023-11-24 21:00:00+00:00;0.327;;
654611;unknown;control;2023-11-24 21:15:00+00:00;0.339;;
654611;unknown;control;2023-11-24 21:30:00+00:00;0.401;;
654611;unknown;control;2023-11-24 21:45:00+00:00;0.153;;
654611;unknown;control;2023-11-24 22:00:00+00:00;0.059;;
654611;unknown;control;2023-11-24 22:15:00+00:00;0.066;;
654611;unknown;control;2023-11-24 22:30:00+00:00;0.067;;
654611;unknown;control;2023-11-24 22:45:00+00:00;0.052;;
654611;unknown;control;2023-11-24 23:00:00+00:00;0.064;;
654611;unknown;control;2023-11-24 23:15:00+00:00;0.054;;
654611;unknown;control;2023-11-24 23:30:00+00:00;0.042;;
654611;unknown;control;2023-11-24 23:45:00+00:00;0.051;;
654611;unknown;control;2023-11-26 00:00:00+00:00;0.068;;
654611;unknown;control;2023-11-26 00:15:00+00:00;0.059;;
654611;unknown;control;2023-11-26 00:30:00+00:00;0.057;;
654611;unknown;control;2023-11-26 00:45:00+00:00;0.053;;
654611;unknown;control;2023-11-26 01:00:00+00:00;0.044;;
654611;unknown;control;2023-11-26 01:15:00+00:00;0.055;;
654611;unknown;control;2023-11-26 01:30:00+00:00;0.079;;
654611;unknown;control;2023-11-26 01:45:00+00:00;0.086;;
654611;unknown;control;2023-11-26 02:00:00+00:00;0.065;;
654611;unknown;control;2023-11-26 02:15:00+00:00;0.057;;
654611;unknown;control;2023-11-26 02:30:00+00:00;0.05;;
654611;unknown;control;2023-11-26 02:45:00+00:00;0.047;;
654611;unknown;control;2023-11-26 03:00:00+00:00;0.056;;
654611;unknown;control;2023-11-26 03:15:00+00:00;0.056;;
654611;unknown;control;2023-11-26 03:30:00+00:00;0.065;;
654611;unknown;control;2023-11-26 03:45:00+00:00;0.056;;
654611;unknown;control;2023-11-26 04:00:00+00:00;0.068;;
654611;unknown;control;2023-11-26 04:15:00+00:00;0.044;;
654611;unknown;control;2023-11-26 04:30:00+00:00;0.056;;
654611;unknown;control;2023-11-26 04:45:00+00:00;0.058;;
654611;unknown;control;2023-11-26 05:00:00+00:00;0.059;;
654611;unknown;control;2023-11-26 05:15:00+00:00;0.071;;
654611;unknown;control;2023-11-26 05:30:00+00:00;0.065;;
654611;unknown;control;2023-11-26 05:45:00+00:00;0.057;;
654611;unknown;control;2023-11-26 06:00:00+00:00;0.055;;
654611;unknown;control;2023-11-26 06:15:00+00:00;0.055;;
654611;unknown;control;2023-11-26 06:30:00+00:00;0.057;;
654611;unknown;control;2023-11-26 06:45:00+00:00;0.307;;
654611;unknown;control;2023-11-26 07:00:00+00:00;0.646;;
654611;unknown;control;2023-11-26 07:15:00+00:00;0.433;;
654611;unknown;control;2023-11-26 07:30:00+00:00;0.272;;
654611;unknown;control;2023-11-26 07:45:00+00:00;0.206;;
654611;unknown;control;2023-11-26 08:00:00+00:00;0.072;;
654611;unknown;control;2023-11-26 08:15:00+00:00;0.204;;
654611;unknown;control;2023-11-26 08:30:00+00:00;0.392;;
654611;unknown;control;2023-11-26 08:45:00+00:00;0.037;;
654611;unknown;control;2023-11-26 09:00:00+00:00;0.357;;
654611;unknown;control;2023-11-26 09:15:00+00:00;0.724;;
654611;unknown;control;2023-11-26 09:30:00+00:00;0.619;;
654611;unknown;control;2023-11-26 09:45:00+00:00;0.539;;
654611;unknown;control;2023-11-26 10:00:00+00:00;0.429;;
654611;unknown;control;2023-11-26 10:15:00+00:00;0.602;;
654611;unknown;control;2023-11-26 10:30:00+00:00;0.565;;
654611;unknown;control;2023-11-26 10:45:00+00:00;0.523;;
654611;unknown;control;2023-11-26 11:00:00+00:00;0.544;;
654611;unknown;control;2023-11-26 11:15:00+00:00;0.536;;
654611;unknown;control;2023-11-26 11:30:00+00:00;0.514;;
654611;unknown;control;2023-11-26 11:45:00+00:00;0.364;;
654611;unknown;control;2023-11-26 12:00:00+00:00;0.292;;
654611;unknown;control;2023-11-26 12:15:00+00:00;0.523;;
654611;unknown;control;2023-11-26 12:30:00+00:00;0.459;;
654611;unknown;control;2023-11-26 12:45:00+00:00;0.443;;
654611;unknown;control;2023-11-26 13:00:00+00:00;0.378;;
654611;unknown;control;2023-11-26 13:15:00+00:00;0.417;;
654611;unknown;control;2023-11-26 13:30:00+00:00;0.361;;
654611;unknown;control;2023-11-26 13:45:00+00:00;0.306;;
654611;unknown;control;2023-11-26 14:00:00+00:00;0.667;;
654611;unknown;control;2023-11-26 14:15:00+00:00;0.568;;
654611;unknown;control;2023-11-26 14:30:00+00:00;0.448;;
654611;unknown;control;2023-11-26 14:45:00+00:00;0.37;;
654611;unknown;control;2023-11-26 15:00:00+00:00;0.598;;
654611;unknown;control;2023-11-26 15:15:00+00:00;0.436;;
654611;unknown;control;2023-11-26 15:30:00+00:00;0.471;;
654611;unknown;control;2023-11-26 15:45:00+00:00;0.489;;
654611;unknown;control;2023-11-26 16:00:00+00:00;0.456;;
654611;unknown;control;2023-11-26 16:15:00+00:00;0.545;;
654611;unknown;control;2023-11-26 16:30:00+00:00;0.548;;
654611;unknown;control;2023-11-26 16:45:00+00:00;0.55;;
654611;unknown;control;2023-11-26 17:00:00+00:00;0.573;;
654611;unknown;control;2023-11-26 17:15:00+00:00;1.028;;
654611;unknown;control;2023-11-26 17:30:00+00:00;0.897;;
654611;unknown;control;2023-11-26 17:45:00+00:00;0.589;;
654611;unknown;control;2023-11-26 18:00:00+00:00;0.528;;
654611;unknown;control;2023-11-26 18:15:00+00:00;0.629;;
654611;unknown;control;2023-11-26 18:30:00+00:00;0.998;;
654611;unknown;control;2023-11-26 18:45:00+00:00;0.557;;
654611;unknown;control;2023-11-26 19:00:00+00:00;0.339;;
654611;unknown;control;2023-11-26 19:15:00+00:00;0.509;;
654611;unknown;control;2023-11-26 19:30:00+00:00;0.495;;
654611;unknown;control;2023-11-26 19:45:00+00:00;0.532;;
654611;unknown;control;2023-11-26 20:00:00+00:00;0.433;;
654611;unknown;control;2023-11-26 20:15:00+00:00;0.828;;
654611;unknown;control;2023-11-26 20:30:00+00:00;0.595;;
654611;unknown;control;2023-11-26 20:45:00+00:00;0.545;;
654611;unknown;control;2023-11-26 21:00:00+00:00;0.51;;
654611;unknown;control;2023-11-26 21:15:00+00:00;0.478;;
654611;unknown;control;2023-11-26 21:30:00+00:00;0.451;;
654611;unknown;control;2023-11-26 21:45:00+00:00;0.445;;
654611;unknown;control;2023-11-26 22:00:00+00:00;0.071;;
654611;unknown;control;2023-11-26 22:15:00+00:00;0.048;;
654611;unknown;control;2023-11-26 22:30:00+00:00;0.053;;
654611;unknown;control;2023-11-26 22:45:00+00:00;0.056;;
654611;unknown;control;2023-11-26 23:00:00+00:00;0.063;;
654611;unknown;control;2023-11-26 23:15:00+00:00;0.072;;
654611;unknown;control;2023-11-26 23:30:00+00:00;0.062;;
654611;unknown;control;2023-11-26 23:45:00+00:00;0.056;;
654611;unknown;control;2023-11-30 00:00:00+00:00;0.062;;
654611;unknown;control;2023-11-30 00:15:00+00:00;0.059;;
654611;unknown;control;2023-11-30 00:30:00+00:00;0.054;;
654611;unknown;control;2023-11-30 00:45:00+00:00;0.056;;
654611;unknown;control;2023-11-30 01:00:00+00:00;0.072;;
654611;unknown;control;2023-11-30 01:15:00+00:00;0.063;;
654611;unknown;control;2023-11-30 01:30:00+00:00;0.061;;
654611;unknown;control;2023-11-30 01:45:00+00:00;0.061;;
654611;unknown;control;2023-11-30 02:00:00+00:00;0.077;;
654611;unknown;control;2023-11-30 02:15:00+00:00;0.07;;
654611;unknown;control;2023-11-30 02:30:00+00:00;0.062;;
654611;unknown;control;2023-11-30 02:45:00+00:00;0.064;;
654611;unknown;control;2023-11-30 03:00:00+00:00;0.05;;
654611;unknown;control;2023-11-30 03:15:00+00:00;0.053;;
654611;unknown;control;2023-11-30 03:30:00+00:00;0.061;;
654611;unknown;control;2023-11-30 03:45:00+00:00;0.071;;
654611;unknown;control;2023-11-30 04:00:00+00:00;0.062;;
654611;unknown;control;2023-11-30 04:15:00+00:00;0.06;;
654611;unknown;control;2023-11-30 04:30:00+00:00;0.187;;
654611;unknown;control;2023-11-30 04:45:00+00:00;0.359;;
654611;unknown;control;2023-11-30 05:00:00+00:00;0.145;;
654611;unknown;control;2023-11-30 05:15:00+00:00;0.097;;
654611;unknown;control;2023-11-30 05:30:00+00:00;0.107;;
654611;unknown;control;2023-11-30 05:45:00+00:00;0.073;;
654611;unknown;control;2023-11-30 06:00:00+00:00;0.078;;
654611;unknown;control;2023-11-30 06:15:00+00:00;0.07;;
654611;unknown;control;2023-11-30 06:30:00+00:00;0.062;;
654611;unknown;control;2023-11-30 06:45:00+00:00;0.066;;
654611;unknown;control;2023-11-30 07:00:00+00:00;0.057;;
654611;unknown;control;2023-11-30 07:15:00+00:00;0.058;;
654611;unknown;control;2023-11-30 07:30:00+00:00;0.102;;
654611;unknown;control;2023-11-30 07:45:00+00:00;0.123;;
654611;unknown;control;2023-11-30 08:00:00+00:00;0.116;;
654611;unknown;control;2023-11-30 08:15:00+00:00;0.07;;
654611;unknown;control;2023-11-30 08:30:00+00:00;0.066;;
654611;unknown;control;2023-11-30 08:45:00+00:00;0.069;;
654611;unknown;control;2023-11-30 09:00:00+00:00;0.831;;
654611;unknown;control;2023-11-30 09:15:00+00:00;1.377;;
654611;unknown;control;2023-11-30 09:30:00+00:00;1.381;;
654611;unknown;control;2023-11-30 09:45:00+00:00;1.378;;
654611;unknown;control;2023-11-30 10:00:00+00:00;0.093;;
654611;unknown;control;2023-11-30 10:15:00+00:00;0.067;;
654611;unknown;control;2023-11-30 10:30:00+00:00;0.078;;
654611;unknown;control;2023-11-30 10:45:00+00:00;0.083;;
654611;unknown;control;2023-11-30 11:00:00+00:00;0.579;;
654611;unknown;control;2023-11-30 11:15:00+00:00;1.079;;
654611;unknown;control;2023-11-30 11:30:00+00:00;0.967;;
654611;unknown;control;2023-11-30 11:45:00+00:00;1.004;;
654611;unknown;control;2023-11-30 12:00:00+00:00;0.834;;
654611;unknown;control;2023-11-30 12:15:00+00:00;0.743;;
654611;unknown;control;2023-11-30 12:30:00+00:00;0.768;;
654611;unknown;control;2023-11-30 12:45:00+00:00;1.089;;
654611;unknown;control;2023-11-30 13:00:00+00:00;0.723;;
654611;unknown;control;2023-11-30 13:15:00+00:00;0.67;;
654611;unknown;control;2023-11-30 13:30:00+00:00;0.676;;
654611;unknown;control;2023-11-30 13:45:00+00:00;0.83;;
654611;unknown;control;2023-11-30 14:00:00+00:00;0.664;;
654611;unknown;control;2023-11-30 14:15:00+00:00;0.628;;
654611;unknown;control;2023-11-30 14:30:00+00:00;0.508;;
654611;unknown;control;2023-11-30 14:45:00+00:00;0.845;;
654611;unknown;control;2023-11-30 15:00:00+00:00;0.655;;
654611;unknown;control;2023-11-30 15:15:00+00:00;0.671;;
654611;unknown;control;2023-11-30 15:30:00+00:00;0.67;;
654611;unknown;control;2023-11-30 15:45:00+00:00;0.646;;
654611;unknown;control;2023-11-30 16:00:00+00:00;0.716;;
654611;unknown;control;2023-11-30 16:15:00+00:00;0.66;;
654611;unknown;control;2023-11-30 16:30:00+00:00;0.532;;
654611;unknown;control;2023-11-30 16:45:00+00:00;0.555;;
654611;unknown;control;2023-11-30 17:00:00+00:00;0.576;;
654611;unknown;control;2023-11-30 17:15:00+00:00;0.553;;
654611;unknown;control;2023-11-30 17:30:00+00:00;0.683;;
654611;unknown;control;2023-11-30 17:45:00+00:00;0.821;;
654611;unknown;control;2023-11-30 18:00:00+00:00;0.621;;
654611;unknown;control;2023-11-30 18:15:00+00:00;0.496;;
654611;unknown;control;2023-11-30 18:30:00+00:00;0.6;;
654611;unknown;control;2023-11-30 18:45:00+00:00;0.537;;
654611;unknown;control;2023-11-30 19:00:00+00:00;0.31;;
654611;unknown;control;2023-11-30 19:15:00+00:00;0.305;;
654611;unknown;control;2023-11-30 19:30:00+00:00;0.5;;
654611;unknown;control;2023-11-30 19:45:00+00:00;0.332;;
654611;unknown;control;2023-11-30 20:00:00+00:00;0.386;;
654611;unknown;control;2023-11-30 20:15:00+00:00;0.413;;
654611;unknown;control;2023-11-30 20:30:00+00:00;0.41;;
654611;unknown;control;2023-11-30 20:45:00+00:00;0.455;;
654611;unknown;control;2023-11-30 21:00:00+00:00;0.41;;
654611;unknown;control;2023-11-30 21:15:00+00:00;0.506;;
654611;unknown;control;2023-11-30 21:30:00+00:00;0.321;;
654611;unknown;control;2023-11-30 21:45:00+00:00;0.405;;
654611;unknown;control;2023-11-30 22:00:00+00:00;0.045;;
654611;unknown;control;2023-11-30 22:15:00+00:00;0.052;;
654611;unknown;control;2023-11-30 22:30:00+00:00;0.055;;
654611;unknown;control;2023-11-30 22:45:00+00:00;0.059;;
654611;unknown;control;2023-11-30 23:00:00+00:00;0.077;;
654611;unknown;control;2023-11-30 23:15:00+00:00;0.083;;
654611;unknown;control;2023-11-30 23:30:00+00:00;0.061;;
654611;unknown;control;2023-11-30 23:45:00+00:00;0.055;;
654611;unknown;control;2023-12-01 00:00:00+00:00;0.049;;
654611;unknown;control;2023-12-01 00:15:00+00:00;0.056;;
654611;unknown;control;2023-12-01 00:30:00+00:00;0.061;;
654611;unknown;control;2023-12-01 00:45:00+00:00;0.056;;
654611;unknown;control;2023-12-01 01:00:00+00:00;0.057;;
654611;unknown;control;2023-12-01 01:15:00+00:00;0.062;;
654611;unknown;control;2023-12-01 01:30:00+00:00;0.057;;
654611;unknown;control;2023-12-01 01:45:00+00:00;0.059;;
654611;unknown;control;2023-12-01 02:00:00+00:00;0.061;;
654611;unknown;control;2023-12-01 02:15:00+00:00;0.055;;
654611;unknown;control;2023-12-01 02:30:00+00:00;0.063;;
654611;unknown;control;2023-12-01 02:45:00+00:00;0.073;;
654611;unknown;control;2023-12-01 03:00:00+00:00;0.06;;
654611;unknown;control;2023-12-01 03:15:00+00:00;0.061;;
654611;unknown;control;2023-12-01 03:30:00+00:00;0.068;;
654611;unknown;control;2023-12-01 03:45:00+00:00;0.067;;
654611;unknown;control;2023-12-01 04:00:00+00:00;0.057;;
654611;unknown;control;2023-12-01 04:15:00+00:00;0.052;;
654611;unknown;control;2023-12-01 04:30:00+00:00;0.149;;
654611;unknown;control;2023-12-01 04:45:00+00:00;0.373;;
654611;unknown;control;2023-12-01 05:00:00+00:00;0.273;;
654611;unknown;control;2023-12-01 05:15:00+00:00;0.175;;
654611;unknown;control;2023-12-01 05:30:00+00:00;0.173;;
654611;unknown;control;2023-12-01 05:45:00+00:00;0.152;;
654611;unknown;control;2023-12-01 06:00:00+00:00;0.159;;
654611;unknown;control;2023-12-01 06:15:00+00:00;0.146;;
654611;unknown;control;2023-12-01 06:30:00+00:00;0.097;;
654611;unknown;control;2023-12-01 06:45:00+00:00;0.085;;
654611;unknown;control;2023-12-01 07:00:00+00:00;0.095;;
654611;unknown;control;2023-12-01 07:15:00+00:00;0.11;;
654611;unknown;control;2023-12-01 07:30:00+00:00;0.479;;
654611;unknown;control;2023-12-01 07:45:00+00:00;0.117;;
654611;unknown;control;2023-12-01 08:00:00+00:00;0.116;;
654611;unknown;control;2023-12-01 08:15:00+00:00;0.119;;
654611;unknown;control;2023-12-01 08:30:00+00:00;0.114;;
654611;unknown;control;2023-12-01 08:45:00+00:00;0.113;;
654611;unknown;control;2023-12-01 09:00:00+00:00;0.812;;
654611;unknown;control;2023-12-01 09:15:00+00:00;1.166;;
654611;unknown;control;2023-12-01 09:30:00+00:00;1.058;;
654611;unknown;control;2023-12-01 09:45:00+00:00;0.951;;
654611;unknown;control;2023-12-01 10:00:00+00:00;0.111;;
654611;unknown;control;2023-12-01 10:15:00+00:00;0.098;;
654611;unknown;control;2023-12-01 10:30:00+00:00;0.133;;
654611;unknown;control;2023-12-01 10:45:00+00:00;0.319;;
654611;unknown;control;2023-12-01 11:00:00+00:00;1.046;;
654611;unknown;control;2023-12-01 11:15:00+00:00;1.269;;
654611;unknown;control;2023-12-01 11:30:00+00:00;1.118;;
654611;unknown;control;2023-12-01 11:45:00+00:00;1.216;;
654611;unknown;control;2023-12-01 12:00:00+00:00;0.858;;
654611;unknown;control;2023-12-01 12:15:00+00:00;0.725;;
654611;unknown;control;2023-12-01 12:30:00+00:00;0.775;;
654611;unknown;control;2023-12-01 12:45:00+00:00;0.868;;
654611;unknown;control;2023-12-01 13:00:00+00:00;0.63;;
654611;unknown;control;2023-12-01 13:15:00+00:00;0.765;;
654611;unknown;control;2023-12-01 13:30:00+00:00;0.699;;
654611;unknown;control;2023-12-01 13:45:00+00:00;0.639;;
654611;unknown;control;2023-12-01 14:00:00+00:00;0.67;;
654611;unknown;control;2023-12-01 14:15:00+00:00;0.709;;
654611;unknown;control;2023-12-01 14:30:00+00:00;0.639;;
654611;unknown;control;2023-12-01 14:45:00+00:00;0.467;;
654611;unknown;control;2023-12-01 15:00:00+00:00;0.819;;
654611;unknown;control;2023-12-01 15:15:00+00:00;0.674;;
654611;unknown;control;2023-12-01 15:30:00+00:00;0.623;;
654611;unknown;control;2023-12-01 15:45:00+00:00;0.653;;
654611;unknown;control;2023-12-01 16:00:00+00:00;0.624;;
654611;unknown;control;2023-12-01 16:15:00+00:00;0.68;;
654611;unknown;control;2023-12-01 16:30:00+00:00;0.635;;
654611;unknown;control;2023-12-01 16:45:00+00:00;0.372;;
654611;unknown;control;2023-12-01 17:00:00+00:00;0.615;;
654611;unknown;control;2023-12-01 17:15:00+00:00;0.535;;
654611;unknown;control;2023-12-01 17:30:00+00:00;0.558;;
654611;unknown;control;2023-12-01 17:45:00+00:00;0.559;;
654611;unknown;control;2023-12-01 18:00:00+00:00;0.597;;
654611;unknown;control;2023-12-01 18:15:00+00:00;0.595;;
654611;unknown;control;2023-12-01 18:30:00+00:00;0.449;;
654611;unknown;control;2023-12-01 18:45:00+00:00;0.575;;
654611;unknown;control;2023-12-01 19:00:00+00:00;0.327;;
654611;unknown;control;2023-12-01 19:15:00+00:00;0.538;;
654611;unknown;control;2023-12-01 19:30:00+00:00;0.548;;
654611;unknown;control;2023-12-01 19:45:00+00:00;0.544;;
654611;unknown;control;2023-12-01 20:00:00+00:00;0.501;;
654611;unknown;control;2023-12-01 20:15:00+00:00;0.473;;
654611;unknown;control;2023-12-01 20:30:00+00:00;0.349;;
654611;unknown;control;2023-12-01 20:45:00+00:00;0.578;;
654611;unknown;control;2023-12-01 21:00:00+00:00;0.501;;
654611;unknown;control;2023-12-01 21:15:00+00:00;0.486;;
654611;unknown;control;2023-12-01 21:30:00+00:00;0.486;;
654611;unknown;control;2023-12-01 21:45:00+00:00;0.485;;
654611;unknown;control;2023-12-01 22:00:00+00:00;0.182;;
654611;unknown;control;2023-12-01 22:15:00+00:00;0.066;;
654611;unknown;control;2023-12-01 22:30:00+00:00;0.052;;
654611;unknown;control;2023-12-01 22:45:00+00:00;0.063;;
654611;unknown;control;2023-12-01 23:00:00+00:00;0.064;;
654611;unknown;control;2023-12-01 23:15:00+00:00;0.055;;
654611;unknown;control;2023-12-01 23:30:00+00:00;0.069;;
654611;unknown;control;2023-12-01 23:45:00+00:00;0.055;;
654611;unknown;control;2023-12-02 00:00:00+00:00;0.05;;
654611;unknown;control;2023-12-02 00:15:00+00:00;0.056;;
654611;unknown;control;2023-12-02 00:30:00+00:00;0.07;;
654611;unknown;control;2023-12-02 00:45:00+00:00;0.065;;
654611;unknown;control;2023-12-02 01:00:00+00:00;0.067;;
654611;unknown;control;2023-12-02 01:15:00+00:00;0.068;;
654611;unknown;control;2023-12-02 01:30:00+00:00;0.057;;
654611;unknown;control;2023-12-02 01:45:00+00:00;0.055;;
654611;unknown;control;2023-12-02 02:00:00+00:00;0.042;;
654611;unknown;control;2023-12-02 02:15:00+00:00;0.047;;
654611;unknown;control;2023-12-02 02:30:00+00:00;0.062;;
654611;unknown;control;2023-12-02 02:45:00+00:00;0.051;;
654611;unknown;control;2023-12-02 03:00:00+00:00;0.062;;
654611;unknown;control;2023-12-02 03:15:00+00:00;0.064;;
654611;unknown;control;2023-12-02 03:30:00+00:00;0.05;;
654611;unknown;control;2023-12-02 03:45:00+00:00;0.05;;
654611;unknown;control;2023-12-02 04:00:00+00:00;0.057;;
654611;unknown;control;2023-12-02 04:15:00+00:00;0.05;;
654611;unknown;control;2023-12-02 04:30:00+00:00;0.049;;
654611;unknown;control;2023-12-02 04:45:00+00:00;0.075;;
654611;unknown;control;2023-12-02 05:00:00+00:00;0.052;;
654611;unknown;control;2023-12-02 05:15:00+00:00;0.058;;
654611;unknown;control;2023-12-02 05:30:00+00:00;0.066;;
654611;unknown;control;2023-12-02 05:45:00+00:00;0.071;;
654611;unknown;control;2023-12-02 06:00:00+00:00;0.06;;
654611;unknown;control;2023-12-02 06:15:00+00:00;0.279;;
654611;unknown;control;2023-12-02 06:30:00+00:00;0.143;;
654611;unknown;control;2023-12-02 06:45:00+00:00;0.172;;
654611;unknown;control;2023-12-02 07:00:00+00:00;0.072;;
654611;unknown;control;2023-12-02 07:15:00+00:00;0.084;;
654611;unknown;control;2023-12-02 07:30:00+00:00;0.131;;
654611;unknown;control;2023-12-02 07:45:00+00:00;0.181;;
654611;unknown;control;2023-12-02 08:00:00+00:00;0.133;;
654611;unknown;control;2023-12-02 08:15:00+00:00;0.133;;
654611;unknown;control;2023-12-02 08:30:00+00:00;0.135;;
654611;unknown;control;2023-12-02 08:45:00+00:00;0.097;;
654611;unknown;control;2023-12-02 09:00:00+00:00;0.846;;
654611;unknown;control;2023-12-02 09:15:00+00:00;1.398;;
654611;unknown;control;2023-12-02 09:30:00+00:00;1.406;;
654611;unknown;control;2023-12-02 09:45:00+00:00;1.006;;
654611;unknown;control;2023-12-02 10:00:00+00:00;0.942;;
654611;unknown;control;2023-12-02 10:15:00+00:00;0.972;;
654611;unknown;control;2023-12-02 10:30:00+00:00;1.191;;
654611;unknown;control;2023-12-02 10:45:00+00:00;1.135;;
654611;unknown;control;2023-12-02 11:00:00+00:00;0.822;;
654611;unknown;control;2023-12-02 11:15:00+00:00;0.921;;
654611;unknown;control;2023-12-02 11:30:00+00:00;1.2;;
654611;unknown;control;2023-12-02 11:45:00+00:00;0.981;;
654611;unknown;control;2023-12-02 12:00:00+00:00;0.918;;
654611;unknown;control;2023-12-02 12:15:00+00:00;0.825;;
654611;unknown;control;2023-12-02 12:30:00+00:00;0.633;;
654611;unknown;control;2023-12-02 12:45:00+00:00;1.398;;
654611;unknown;control;2023-12-02 13:00:00+00:00;0.823;;
654611;unknown;control;2023-12-02 13:15:00+00:00;0.783;;
654611;unknown;control;2023-12-02 13:30:00+00:00;0.762;;
654611;unknown;control;2023-12-02 13:45:00+00:00;0.783;;
654611;unknown;control;2023-12-02 14:00:00+00:00;1.232;;
654611;unknown;control;2023-12-02 14:15:00+00:00;0.867;;
654611;unknown;control;2023-12-02 14:30:00+00:00;0.654;;
654611;unknown;control;2023-12-02 14:45:00+00:00;0.51;;
654611;unknown;control;2023-12-02 15:00:00+00:00;1.371;;
654611;unknown;control;2023-12-02 15:15:00+00:00;1.027;;
654611;unknown;control;2023-12-02 15:30:00+00:00;0.853;;
654611;unknown;control;2023-12-02 15:45:00+00:00;0.782;;
654611;unknown;control;2023-12-02 16:00:00+00:00;0.836;;
654611;unknown;control;2023-12-02 16:15:00+00:00;0.922;;
654611;unknown;control;2023-12-02 16:30:00+00:00;0.918;;
654611;unknown;control;2023-12-02 16:45:00+00:00;0.744;;
654611;unknown;control;2023-12-02 17:00:00+00:00;1.375;;
654611;unknown;control;2023-12-02 17:15:00+00:00;1.694;;
654611;unknown;control;2023-12-02 17:30:00+00:00;1.356;;
654611;unknown;control;2023-12-02 17:45:00+00:00;1.303;;
654611;unknown;control;2023-12-02 18:00:00+00:00;0.718;;
654611;unknown;control;2023-12-02 18:15:00+00:00;0.62;;
654611;unknown;control;2023-12-02 18:30:00+00:00;0.645;;
654611;unknown;control;2023-12-02 18:45:00+00:00;0.621;;
654611;unknown;control;2023-12-02 19:00:00+00:00;0.603;;
654611;unknown;control;2023-12-02 19:15:00+00:00;0.985;;
654611;unknown;control;2023-12-02 19:30:00+00:00;0.619;;
654611;unknown;control;2023-12-02 19:45:00+00:00;0.578;;
654611;unknown;control;2023-12-02 20:00:00+00:00;0.722;;
654611;unknown;control;2023-12-02 20:15:00+00:00;0.581;;
654611;unknown;control;2023-12-02 20:30:00+00:00;0.493;;
654611;unknown;control;2023-12-02 20:45:00+00:00;0.479;;
654611;unknown;control;2023-12-02 21:00:00+00:00;0.468;;
654611;unknown;control;2023-12-02 21:15:00+00:00;0.487;;
654611;unknown;control;2023-12-02 21:30:00+00:00;1.115;;
654611;unknown;control;2023-12-02 21:45:00+00:00;0.534;;
654611;unknown;control;2023-12-02 22:00:00+00:00;0.066;;
654611;unknown;control;2023-12-02 22:15:00+00:00;0.06;;
654611;unknown;control;2023-12-02 22:30:00+00:00;0.062;;
654611;unknown;control;2023-12-02 22:45:00+00:00;0.05;;
654611;unknown;control;2023-12-02 23:00:00+00:00;0.057;;
654611;unknown;control;2023-12-02 23:15:00+00:00;0.065;;
654611;unknown;control;2023-12-02 23:30:00+00:00;0.056;;
654611;unknown;control;2023-12-02 23:45:00+00:00;0.047;;
654611;unknown;control;2023-12-03 00:00:00+00:00;0.058;;
654611;unknown;control;2023-12-03 00:15:00+00:00;0.056;;
654611;unknown;control;2023-12-03 00:30:00+00:00;0.065;;
654611;unknown;control;2023-12-03 00:45:00+00:00;0.079;;
654611;unknown;control;2023-12-03 01:00:00+00:00;0.068;;
654611;unknown;control;2023-12-03 01:15:00+00:00;0.073;;
654611;unknown;control;2023-12-03 01:30:00+00:00;0.075;;
654611;unknown;control;2023-12-03 01:45:00+00:00;0.077;;
654611;unknown;control;2023-12-03 02:00:00+00:00;0.084;;
654611;unknown;control;2023-12-03 02:15:00+00:00;0.066;;
654611;unknown;control;2023-12-03 02:30:00+00:00;0.053;;
654611;unknown;control;2023-12-03 02:45:00+00:00;0.059;;
654611;unknown;control;2023-12-03 03:00:00+00:00;0.061;;
654611;unknown;control;2023-12-03 03:15:00+00:00;0.068;;
654611;unknown;control;2023-12-03 03:30:00+00:00;0.074;;
654611;unknown;control;2023-12-03 03:45:00+00:00;0.067;;
654611;unknown;control;2023-12-03 04:00:00+00:00;0.062;;
654611;unknown;control;2023-12-03 04:15:00+00:00;0.059;;
654611;unknown;control;2023-12-03 04:30:00+00:00;0.059;;
654611;unknown;control;2023-12-03 04:45:00+00:00;0.064;;
654611;unknown;control;2023-12-03 05:00:00+00:00;0.062;;
654611;unknown;control;2023-12-03 05:15:00+00:00;0.057;;
654611;unknown;control;2023-12-03 05:30:00+00:00;0.075;;
654611;unknown;control;2023-12-03 05:45:00+00:00;0.068;;
654611;unknown;control;2023-12-03 06:00:00+00:00;0.06;;
654611;unknown;control;2023-12-03 06:15:00+00:00;0.068;;
654611;unknown;control;2023-12-03 06:30:00+00:00;0.058;;
654611;unknown;control;2023-12-03 06:45:00+00:00;0.057;;
654611;unknown;control;2023-12-03 07:00:00+00:00;0.071;;
654611;unknown;control;2023-12-03 07:15:00+00:00;0.315;;
654611;unknown;control;2023-12-03 07:30:00+00:00;0.2;;
654611;unknown;control;2023-12-03 07:45:00+00:00;0.083;;
654611;unknown;control;2023-12-03 08:00:00+00:00;0.084;;
654611;unknown;control;2023-12-03 08:15:00+00:00;0.161;;
654611;unknown;control;2023-12-03 08:30:00+00:00;0.096;;
654611;unknown;control;2023-12-03 08:45:00+00:00;0.08;;
654611;unknown;control;2023-12-03 09:00:00+00:00;0.89;;
654611;unknown;control;2023-12-03 09:15:00+00:00;2.253;;
654611;unknown;control;2023-12-03 09:30:00+00:00;1.77;;
654611;unknown;control;2023-12-03 09:45:00+00:00;2.135;;
654611;unknown;control;2023-12-03 10:00:00+00:00;1.659;;
654611;unknown;control;2023-12-03 10:15:00+00:00;1.526;;
654611;unknown;control;2023-12-03 10:30:00+00:00;1.601;;
654611;unknown;control;2023-12-03 10:45:00+00:00;1.508;;
654611;unknown;control;2023-12-03 11:00:00+00:00;1.02;;
654611;unknown;control;2023-12-03 11:15:00+00:00;1.02;;
654611;unknown;control;2023-12-03 11:30:00+00:00;1.03;;
654611;unknown;control;2023-12-03 11:45:00+00:00;0.879;;
654611;unknown;control;2023-12-03 12:00:00+00:00;1.012;;
654611;unknown;control;2023-12-03 12:15:00+00:00;0.825;;
654611;unknown;control;2023-12-03 12:30:00+00:00;0.854;;
654611;unknown;control;2023-12-03 12:45:00+00:00;0.894;;
654611;unknown;control;2023-12-03 13:00:00+00:00;0.926;;
654611;unknown;control;2023-12-03 13:15:00+00:00;1.035;;
654611;unknown;control;2023-12-03 13:30:00+00:00;0.959;;
654611;unknown;control;2023-12-03 13:45:00+00:00;0.985;;
654611;unknown;control;2023-12-03 14:00:00+00:00;1.096;;
654611;unknown;control;2023-12-03 14:15:00+00:00;0.616;;
654611;unknown;control;2023-12-03 14:30:00+00:00;0.503;;
654611;unknown;control;2023-12-03 14:45:00+00:00;0.38;;
654611;unknown;control;2023-12-03 15:00:00+00:00;1.335;;
654611;unknown;control;2023-12-03 15:15:00+00:00;1.015;;
654611;unknown;control;2023-12-03 15:30:00+00:00;1.259;;
654611;unknown;control;2023-12-03 15:45:00+00:00;1.167;;
654611;unknown;control;2023-12-03 16:00:00+00:00;1.011;;
654611;unknown;control;2023-12-03 16:15:00+00:00;0.996;;
654611;unknown;control;2023-12-03 16:30:00+00:00;1.154;;
654611;unknown;control;2023-12-03 16:45:00+00:00;1.284;;
654611;unknown;control;2023-12-03 17:00:00+00:00;1.03;;
654611;unknown;control;2023-12-03 17:15:00+00:00;1.232;;
654611;unknown;control;2023-12-03 17:30:00+00:00;0.951;;
654611;unknown;control;2023-12-03 17:45:00+00:00;0.911;;
654611;unknown;control;2023-12-03 18:00:00+00:00;1.256;;
654611;unknown;control;2023-12-03 18:15:00+00:00;1.101;;
654611;unknown;control;2023-12-03 18:30:00+00:00;1.152;;
654611;unknown;control;2023-12-03 18:45:00+00:00;1.334;;
654611;unknown;control;2023-12-03 19:00:00+00:00;0.804;;
654611;unknown;control;2023-12-03 19:15:00+00:00;0.778;;
654611;unknown;control;2023-12-03 19:30:00+00:00;0.748;;
654611;unknown;control;2023-12-03 19:45:00+00:00;0.752;;
654611;unknown;control;2023-12-03 20:00:00+00:00;0.778;;
654611;unknown;control;2023-12-03 20:15:00+00:00;0.781;;
654611;unknown;control;2023-12-03 20:30:00+00:00;0.839;;
654611;unknown;control;2023-12-03 20:45:00+00:00;1.17;;
654611;unknown;control;2023-12-03 21:00:00+00:00;0.74;;
654611;unknown;control;2023-12-03 21:15:00+00:00;0.709;;
654611;unknown;control;2023-12-03 21:30:00+00:00;0.712;;
654611;unknown;control;2023-12-03 21:45:00+00:00;0.734;;
654611;unknown;control;2023-12-03 22:00:00+00:00;0.123;;
654611;unknown;control;2023-12-03 22:15:00+00:00;0.139;;
654611;unknown;control;2023-12-03 22:30:00+00:00;0.252;;
654611;unknown;control;2023-12-03 22:45:00+00:00;0.12;;
654611;unknown;control;2023-12-03 23:00:00+00:00;0.126;;
654611;unknown;control;2023-12-03 23:15:00+00:00;0.11;;
654611;unknown;control;2023-12-03 23:30:00+00:00;0.117;;
654611;unknown;control;2023-12-03 23:45:00+00:00;0.113;;
654611;unknown;control;2023-12-04 00:00:00+00:00;0.1;;
654611;unknown;control;2023-12-04 00:15:00+00:00;0.113;;
654611;unknown;control;2023-12-04 00:30:00+00:00;0.11;;
654611;unknown;control;2023-12-04 00:45:00+00:00;0.091;;
654611;unknown;control;2023-12-04 01:00:00+00:00;0.107;;
654611;unknown;control;2023-12-04 01:15:00+00:00;0.095;;
654611;unknown;control;2023-12-04 01:30:00+00:00;0.101;;
654611;unknown;control;2023-12-04 01:45:00+00:00;0.123;;
654611;unknown;control;2023-12-04 02:00:00+00:00;0.089;;
654611;unknown;control;2023-12-04 02:15:00+00:00;0.069;;
654611;unknown;control;2023-12-04 02:30:00+00:00;0.062;;
654611;unknown;control;2023-12-04 02:45:00+00:00;0.068;;
654611;unknown;control;2023-12-04 03:00:00+00:00;0.09;;
654611;unknown;control;2023-12-04 03:15:00+00:00;0.085;;
654611;unknown;control;2023-12-04 03:30:00+00:00;0.083;;
654611;unknown;control;2023-12-04 03:45:00+00:00;0.075;;
654611;unknown;control;2023-12-04 04:00:00+00:00;0.073;;
654611;unknown;control;2023-12-04 04:15:00+00:00;0.095;;
654611;unknown;control;2023-12-04 04:30:00+00:00;0.079;;
654611;unknown;control;2023-12-04 04:45:00+00:00;0.085;;
654611;unknown;control;2023-12-04 05:00:00+00:00;0.451;;
654611;unknown;control;2023-12-04 05:15:00+00:00;0.212;;
654611;unknown;control;2023-12-04 05:30:00+00:00;0.115;;
654611;unknown;control;2023-12-04 05:45:00+00:00;0.097;;
654611;unknown;control;2023-12-04 06:00:00+00:00;0.069;;
654611;unknown;control;2023-12-04 06:15:00+00:00;0.062;;
654611;unknown;control;2023-12-04 06:30:00+00:00;0.07;;
654611;unknown;control;2023-12-04 06:45:00+00:00;0.067;;
654611;unknown;control;2023-12-04 07:00:00+00:00;0.068;;
654611;unknown;control;2023-12-04 07:15:00+00:00;0.071;;
654611;unknown;control;2023-12-04 07:30:00+00:00;0.066;;
654611;unknown;control;2023-12-04 07:45:00+00:00;0.063;;
654611;unknown;control;2023-12-04 08:00:00+00:00;0.059;;
654611;unknown;control;2023-12-04 08:15:00+00:00;0.056;;
654611;unknown;control;2023-12-04 08:30:00+00:00;0.061;;
654611;unknown;control;2023-12-04 08:45:00+00:00;0.058;;
654611;unknown;control;2023-12-04 09:00:00+00:00;0.917;;
654611;unknown;control;2023-12-04 09:15:00+00:00;2.068;;
654611;unknown;control;2023-12-04 09:30:00+00:00;1.734;;
654611;unknown;control;2023-12-04 09:45:00+00:00;1.397;;
654611;unknown;control;2023-12-04 10:00:00+00:00;0.126;;
654611;unknown;control;2023-12-04 10:15:00+00:00;0.067;;
654611;unknown;control;2023-12-04 10:30:00+00:00;0.066;;
654611;unknown;control;2023-12-04 10:45:00+00:00;0.074;;
654611;unknown;control;2023-12-04 11:00:00+00:00;0.536;;
654611;unknown;control;2023-12-04 11:15:00+00:00;1.528;;
654611;unknown;control;2023-12-04 11:30:00+00:00;1.412;;
654611;unknown;control;2023-12-04 11:45:00+00:00;1.418;;
654611;unknown;control;2023-12-04 12:00:00+00:00;1.507;;
654611;unknown;control;2023-12-04 12:15:00+00:00;1.249;;
654611;unknown;control;2023-12-04 12:30:00+00:00;0.899;;
654611;unknown;control;2023-12-04 12:45:00+00:00;0.842;;
654611;unknown;control;2023-12-04 13:00:00+00:00;0.854;;
654611;unknown;control;2023-12-04 13:15:00+00:00;0.93;;
654611;unknown;control;2023-12-04 13:30:00+00:00;1.261;;
654611;unknown;control;2023-12-04 13:45:00+00:00;0.827;;
654611;unknown;control;2023-12-04 14:00:00+00:00;0.619;;
654611;unknown;control;2023-12-04 14:15:00+00:00;0.635;;
654611;unknown;control;2023-12-04 14:30:00+00:00;0.5;;
654611;unknown;control;2023-12-04 14:45:00+00:00;0.408;;
654611;unknown;control;2023-12-04 15:00:00+00:00;0.777;;
654611;unknown;control;2023-12-04 15:15:00+00:00;0.824;;
654611;unknown;control;2023-12-04 15:30:00+00:00;0.785;;
654611;unknown;control;2023-12-04 15:45:00+00:00;0.673;;
654611;unknown;control;2023-12-04 16:00:00+00:00;0.662;;
654611;unknown;control;2023-12-04 16:15:00+00:00;0.659;;
654611;unknown;control;2023-12-04 16:30:00+00:00;0.63;;
654611;unknown;control;2023-12-04 16:45:00+00:00;0.701;;
654611;unknown;control;2023-12-04 17:00:00+00:00;1.039;;
654611;unknown;control;2023-12-04 17:15:00+00:00;0.824;;
654611;unknown;control;2023-12-04 17:30:00+00:00;0.618;;
654611;unknown;control;2023-12-04 17:45:00+00:00;0.557;;
654611;unknown;control;2023-12-04 18:00:00+00:00;0.534;;
654611;unknown;control;2023-12-04 18:15:00+00:00;0.549;;
654611;unknown;control;2023-12-04 18:30:00+00:00;0.614;;
654611;unknown;control;2023-12-04 18:45:00+00:00;0.702;;
654611;unknown;control;2023-12-04 19:00:00+00:00;0.701;;
654611;unknown;control;2023-12-04 19:15:00+00:00;1.102;;
654611;unknown;control;2023-12-04 19:30:00+00:00;0.668;;
654611;unknown;control;2023-12-04 19:45:00+00:00;0.576;;
654611;unknown;control;2023-12-04 20:00:00+00:00;0.518;;
654611;unknown;control;2023-12-04 20:15:00+00:00;0.511;;
654611;unknown;control;2023-12-04 20:30:00+00:00;0.526;;
654611;unknown;control;2023-12-04 20:45:00+00:00;0.648;;
654611;unknown;control;2023-12-04 21:00:00+00:00;0.656;;
654611;unknown;control;2023-12-04 21:15:00+00:00;0.762;;
654611;unknown;control;2023-12-04 21:30:00+00:00;0.98;;
654611;unknown;control;2023-12-04 21:45:00+00:00;0.576;;
654611;unknown;control;2023-12-04 22:00:00+00:00;0.084;;
654611;unknown;control;2023-12-04 22:15:00+00:00;0.066;;
654611;unknown;control;2023-12-04 22:30:00+00:00;0.06;;
654611;unknown;control;2023-12-04 22:45:00+00:00;0.065;;
654611;unknown;control;2023-12-04 23:00:00+00:00;0.074;;
654611;unknown;control;2023-12-04 23:15:00+00:00;0.065;;
654611;unknown;control;2023-12-04 23:30:00+00:00;0.06;;
654611;unknown;control;2023-12-04 23:45:00+00:00;0.067;;
654611;unknown;control;2023-12-05 00:00:00+00:00;0.052;;
654611;unknown;control;2023-12-05 00:15:00+00:00;0.051;;
654611;unknown;control;2023-12-05 00:30:00+00:00;0.058;;
654611;unknown;control;2023-12-05 00:45:00+00:00;0.057;;
654611;unknown;control;2023-12-05 01:00:00+00:00;0.062;;
654611;unknown;control;2023-12-05 01:15:00+00:00;0.078;;
654611;unknown;control;2023-12-05 01:30:00+00:00;0.065;;
654611;unknown;control;2023-12-05 01:45:00+00:00;0.05;;
654611;unknown;control;2023-12-05 02:00:00+00:00;0.055;;
654611;unknown;control;2023-12-05 02:15:00+00:00;0.049;;
654611;unknown;control;2023-12-05 02:30:00+00:00;0.057;;
654611;unknown;control;2023-12-05 02:45:00+00:00;0.068;;
654611;unknown;control;2023-12-05 03:00:00+00:00;0.062;;
654611;unknown;control;2023-12-05 03:15:00+00:00;0.073;;
654611;unknown;control;2023-12-05 03:30:00+00:00;0.059;;
654611;unknown;control;2023-12-05 03:45:00+00:00;0.05;;
654611;unknown;control;2023-12-05 04:00:00+00:00;0.049;;
654611;unknown;control;2023-12-05 04:15:00+00:00;0.057;;
654611;unknown;control;2023-12-05 04:30:00+00:00;0.064;;
654611;unknown;control;2023-12-05 04:45:00+00:00;0.428;;
654611;unknown;control;2023-12-05 05:00:00+00:00;0.135;;
654611;unknown;control;2023-12-05 05:15:00+00:00;0.103;;
654611;unknown;control;2023-12-05 05:30:00+00:00;0.094;;
654611;unknown;control;2023-12-05 05:45:00+00:00;0.078;;
654611;unknown;control;2023-12-05 06:00:00+00:00;0.056;;
654611;unknown;control;2023-12-05 06:15:00+00:00;0.064;;
654611;unknown;control;2023-12-05 06:30:00+00:00;0.075;;
654611;unknown;control;2023-12-05 06:45:00+00:00;0.062;;
654611;unknown;control;2023-12-05 07:00:00+00:00;0.069;;
654611;unknown;control;2023-12-05 07:15:00+00:00;0.069;;
654611;unknown;control;2023-12-05 07:30:00+00:00;0.054;;
654611;unknown;control;2023-12-05 07:45:00+00:00;0.054;;
654611;unknown;control;2023-12-05 08:00:00+00:00;0.063;;
654611;unknown;control;2023-12-05 08:15:00+00:00;0.068;;
654611;unknown;control;2023-12-05 08:30:00+00:00;0.068;;
654611;unknown;control;2023-12-05 08:45:00+00:00;0.067;;
654611;unknown;control;2023-12-05 09:00:00+00:00;0.541;;
654611;unknown;control;2023-12-05 09:15:00+00:00;0.807;;
654611;unknown;control;2023-12-05 09:30:00+00:00;0.691;;
654611;unknown;control;2023-12-05 09:45:00+00:00;0.618;;
654611;unknown;control;2023-12-05 10:00:00+00:00;0.08;;
654611;unknown;control;2023-12-05 10:15:00+00:00;0.085;;
654611;unknown;control;2023-12-05 10:30:00+00:00;0.084;;
654611;unknown;control;2023-12-05 10:45:00+00:00;0.067;;
654611;unknown;control;2023-12-05 11:00:00+00:00;0.397;;
654611;unknown;control;2023-12-05 11:15:00+00:00;0.616;;
654611;unknown;control;2023-12-05 11:30:00+00:00;0.495;;
654611;unknown;control;2023-12-05 11:45:00+00:00;0.287;;
654611;unknown;control;2023-12-05 12:00:00+00:00;0.539;;
654611;unknown;control;2023-12-05 12:15:00+00:00;0.451;;
654611;unknown;control;2023-12-05 12:30:00+00:00;0.45;;
654611;unknown;control;2023-12-05 12:45:00+00:00;0.354;;
654611;unknown;control;2023-12-05 13:00:00+00:00;0.338;;
654611;unknown;control;2023-12-05 13:15:00+00:00;0.452;;
654611;unknown;control;2023-12-05 13:30:00+00:00;0.283;;
654611;unknown;control;2023-12-05 13:45:00+00:00;0.506;;
654611;unknown;control;2023-12-05 14:00:00+00:00;0.826;;
654611;unknown;control;2023-12-05 14:15:00+00:00;0.516;;
654611;unknown;control;2023-12-05 14:30:00+00:00;0.469;;
654611;unknown;control;2023-12-05 14:45:00+00:00;0.363;;
654611;unknown;control;2023-12-05 15:00:00+00:00;0.476;;
654611;unknown;control;2023-12-05 15:15:00+00:00;0.396;;
654611;unknown;control;2023-12-05 15:30:00+00:00;0.296;;
654611;unknown;control;2023-12-05 15:45:00+00:00;0.416;;
654611;unknown;control;2023-12-05 16:00:00+00:00;0.459;;
654611;unknown;control;2023-12-05 16:15:00+00:00;0.37;;
654611;unknown;control;2023-12-05 16:30:00+00:00;0.378;;
654611;unknown;control;2023-12-05 16:45:00+00:00;0.389;;
654611;unknown;control;2023-12-05 17:00:00+00:00;0.471;;
654611;unknown;control;2023-12-05 17:15:00+00:00;0.407;;
654611;unknown;control;2023-12-05 17:30:00+00:00;0.455;;
654611;unknown;control;2023-12-05 17:45:00+00:00;0.507;;
654611;unknown;control;2023-12-05 18:00:00+00:00;0.678;;
654611;unknown;control;2023-12-05 18:15:00+00:00;0.829;;
654611;unknown;control;2023-12-05 18:30:00+00:00;0.465;;
654611;unknown;control;2023-12-05 18:45:00+00:00;0.487;;
654611;unknown;control;2023-12-05 19:00:00+00:00;0.33;;
654611;unknown;control;2023-12-05 19:15:00+00:00;0.337;;
654611;unknown;control;2023-12-05 19:30:00+00:00;0.389;;
654611;unknown;control;2023-12-05 19:45:00+00:00;0.536;;
654611;unknown;control;2023-12-05 20:00:00+00:00;0.328;;
654611;unknown;control;2023-12-05 20:15:00+00:00;0.328;;
654611;unknown;control;2023-12-05 20:30:00+00:00;0.345;;
654611;unknown;control;2023-12-05 20:45:00+00:00;0.385;;
654611;unknown;control;2023-12-05 21:00:00+00:00;0.456;;
654611;unknown;control;2023-12-05 21:15:00+00:00;0.246;;
654611;unknown;control;2023-12-05 21:30:00+00:00;0.34;;
654611;unknown;control;2023-12-05 21:45:00+00:00;0.279;;
654611;unknown;control;2023-12-05 22:00:00+00:00;0.064;;
654611;unknown;control;2023-12-05 22:15:00+00:00;0.048;;
654611;unknown;control;2023-12-05 22:30:00+00:00;0.064;;
654611;unknown;control;2023-12-05 22:45:00+00:00;0.066;;
654611;unknown;control;2023-12-05 23:00:00+00:00;0.063;;
654611;unknown;control;2023-12-05 23:15:00+00:00;0.056;;
654611;unknown;control;2023-12-05 23:30:00+00:00;0.049;;
654611;unknown;control;2023-12-05 23:45:00+00:00;0.064;;
654611;unknown;control;2023-12-06 00:00:00+00:00;0.063;;
654611;unknown;control;2023-12-06 00:15:00+00:00;0.052;;
654611;unknown;control;2023-12-06 00:30:00+00:00;0.063;;
654611;unknown;control;2023-12-06 00:45:00+00:00;0.057;;
654611;unknown;control;2023-12-06 01:00:00+00:00;0.056;;
654611;unknown;control;2023-12-06 01:15:00+00:00;0.057;;
654611;unknown;control;2023-12-06 01:30:00+00:00;0.05;;
654611;unknown;control;2023-12-06 01:45:00+00:00;0.056;;
654611;unknown;control;2023-12-06 02:00:00+00:00;0.059;;
654611;unknown;control;2023-12-06 02:15:00+00:00;0.057;;
654611;unknown;control;2023-12-06 02:30:00+00:00;0.05;;
654611;unknown;control;2023-12-06 02:45:00+00:00;0.055;;
654611;unknown;control;2023-12-06 03:00:00+00:00;0.052;;
654611;unknown;control;2023-12-06 03:15:00+00:00;0.05;;
654611;unknown;control;2023-12-06 03:30:00+00:00;0.052;;
654611;unknown;control;2023-12-06 03:45:00+00:00;0.05;;
654611;unknown;control;2023-12-06 04:00:00+00:00;0.056;;
654611;unknown;control;2023-12-06 04:15:00+00:00;0.072;;
654611;unknown;control;2023-12-06 04:30:00+00:00;0.071;;
654611;unknown;control;2023-12-06 04:45:00+00:00;0.062;;
654611;unknown;control;2023-12-06 05:00:00+00:00;0.065;;
654611;unknown;control;2023-12-06 05:15:00+00:00;0.274;;
654611;unknown;control;2023-12-06 05:30:00+00:00;0.17;;
654611;unknown;control;2023-12-06 05:45:00+00:00;0.315;;
654611;unknown;control;2023-12-06 06:00:00+00:00;0.12;;
654611;unknown;control;2023-12-06 06:15:00+00:00;0.137;;
654611;unknown;control;2023-12-06 06:30:00+00:00;0.117;;
654611;unknown;control;2023-12-06 06:45:00+00:00;0.099;;
654611;unknown;control;2023-12-06 07:00:00+00:00;0.234;;
654611;unknown;control;2023-12-06 07:15:00+00:00;0.103;;
654611;unknown;control;2023-12-06 07:30:00+00:00;0.11;;
654611;unknown;control;2023-12-06 07:45:00+00:00;0.114;;
654611;unknown;control;2023-12-06 08:00:00+00:00;0.1;;
654611;unknown;control;2023-12-06 08:15:00+00:00;0.033;;
654611;unknown;control;2023-12-06 08:30:00+00:00;0.014;;
654611;unknown;control;2023-12-06 08:45:00+00:00;0.044;;
654611;unknown;control;2023-12-06 09:00:00+00:00;0.487;;
654611;unknown;control;2023-12-06 09:15:00+00:00;0.824;;
654611;unknown;control;2023-12-06 09:30:00+00:00;0.696;;
654611;unknown;control;2023-12-06 09:45:00+00:00;0.618;;
654611;unknown;control;2023-12-06 10:00:00+00:00;0.054;;
654611;unknown;control;2023-12-06 10:15:00+00:00;0.046;;
654611;unknown;control;2023-12-06 10:30:00+00:00;0.03;;
654611;unknown;control;2023-12-06 10:45:00+00:00;0.041;;
654611;unknown;control;2023-12-06 11:00:00+00:00;0.909;;
654611;unknown;control;2023-12-06 11:15:00+00:00;1.138;;
654611;unknown;control;2023-12-06 11:30:00+00:00;0.624;;
654611;unknown;control;2023-12-06 11:45:00+00:00;0.461;;
654611;unknown;control;2023-12-06 12:00:00+00:00;0.607;;
654611;unknown;control;2023-12-06 12:15:00+00:00;0.552;;
654611;unknown;control;2023-12-06 12:30:00+00:00;0.545;;
654611;unknown;control;2023-12-06 12:45:00+00:00;0.544;;
654611;unknown;control;2023-12-06 13:00:00+00:00;0.425;;
654611;unknown;control;2023-12-06 13:15:00+00:00;0.505;;
654611;unknown;control;2023-12-06 13:30:00+00:00;0.514;;
654611;unknown;control;2023-12-06 13:45:00+00:00;0.416;;
654611;unknown;control;2023-12-06 14:00:00+00:00;0.747;;
654611;unknown;control;2023-12-06 14:15:00+00:00;0.524;;
654611;unknown;control;2023-12-06 14:30:00+00:00;0.472;;
654611;unknown;control;2023-12-06 14:45:00+00:00;0.38;;
654611;unknown;control;2023-12-06 15:00:00+00:00;0.53;;
654611;unknown;control;2023-12-06 15:15:00+00:00;0.43;;
654611;unknown;control;2023-12-06 15:30:00+00:00;0.421;;
654611;unknown;control;2023-12-06 15:45:00+00:00;0.379;;
654611;unknown;control;2023-12-06 16:00:00+00:00;0.359;;
654611;unknown;control;2023-12-06 16:15:00+00:00;0.536;;
654611;unknown;control;2023-12-06 16:30:00+00:00;0.421;;
654611;unknown;control;2023-12-06 16:45:00+00:00;0.404;;
654611;unknown;control;2023-12-06 17:00:00+00:00;0.416;;
654611;unknown;control;2023-12-06 17:15:00+00:00;0.405;;
654611;unknown;control;2023-12-06 17:30:00+00:00;0.412;;
654611;unknown;control;2023-12-06 17:45:00+00:00;0.367;;
654611;unknown;control;2023-12-06 18:00:00+00:00;0.505;;
654611;unknown;control;2023-12-06 18:15:00+00:00;0.478;;
654611;unknown;control;2023-12-06 18:30:00+00:00;0.494;;
654611;unknown;control;2023-12-06 18:45:00+00:00;0.574;;
654611;unknown;control;2023-12-06 19:00:00+00:00;0.321;;
654611;unknown;control;2023-12-06 19:15:00+00:00;0.315;;
654611;unknown;control;2023-12-06 19:30:00+00:00;0.307;;
654611;unknown;control;2023-12-06 19:45:00+00:00;0.302;;
654611;unknown;control;2023-12-06 20:00:00+00:00;0.534;;
654611;unknown;control;2023-12-06 20:15:00+00:00;0.363;;
654611;unknown;control;2023-12-06 20:30:00+00:00;0.438;;
654611;unknown;control;2023-12-06 20:45:00+00:00;0.325;;
654611;unknown;control;2023-12-06 21:00:00+00:00;0.288;;
654611;unknown;control;2023-12-06 21:15:00+00:00;0.374;;
654611;unknown;control;2023-12-06 21:30:00+00:00;0.229;;
654611;unknown;control;2023-12-06 21:45:00+00:00;0.409;;
654611;unknown;control;2023-12-06 22:00:00+00:00;0.072;;
654611;unknown;control;2023-12-06 22:15:00+00:00;0.052;;
654611;unknown;control;2023-12-06 22:30:00+00:00;0.047;;
654611;unknown;control;2023-12-06 22:45:00+00:00;0.051;;
654611;unknown;control;2023-12-06 23:00:00+00:00;0.057;;
654611;unknown;control;2023-12-06 23:15:00+00:00;0.051;;
654611;unknown;control;2023-12-06 23:30:00+00:00;0.053;;
654611;unknown;control;2023-12-06 23:45:00+00:00;0.049;;
654611;unknown;control;2023-12-07 00:00:00+00:00;0.05;;
654611;unknown;control;2023-12-07 00:15:00+00:00;0.055;;
654611;unknown;control;2023-12-07 00:30:00+00:00;0.049;;
654611;unknown;control;2023-12-07 00:45:00+00:00;0.056;;
654611;unknown;control;2023-12-07 01:00:00+00:00;0.058;;
654611;unknown;control;2023-12-07 01:15:00+00:00;0.05;;
654611;unknown;control;2023-12-07 01:30:00+00:00;0.073;;
654611;unknown;control;2023-12-07 01:45:00+00:00;0.062;;
654611;unknown;control;2023-12-07 02:00:00+00:00;0.05;;
654611;unknown;control;2023-12-07 02:15:00+00:00;0.043;;
654611;unknown;control;2023-12-07 02:30:00+00:00;0.051;;
654611;unknown;control;2023-12-07 02:45:00+00:00;0.05;;
654611;unknown;control;2023-12-07 03:00:00+00:00;0.046;;
654611;unknown;control;2023-12-07 03:15:00+00:00;0.065;;
654611;unknown;control;2023-12-07 03:30:00+00:00;0.114;;
654611;unknown;control;2023-12-07 03:45:00+00:00;0.063;;
654611;unknown;control;2023-12-07 04:00:00+00:00;0.063;;
654611;unknown;control;2023-12-07 04:15:00+00:00;0.059;;
654611;unknown;control;2023-12-07 04:30:00+00:00;0.055;;
654611;unknown;control;2023-12-07 04:45:00+00:00;0.392;;
654611;unknown;control;2023-12-07 05:00:00+00:00;0.18;;
654611;unknown;control;2023-12-07 05:15:00+00:00;0.1;;
654611;unknown;control;2023-12-07 05:30:00+00:00;0.098;;
654611;unknown;control;2023-12-07 05:45:00+00:00;0.072;;
654611;unknown;control;2023-12-07 06:00:00+00:00;0.051;;
654611;unknown;control;2023-12-07 06:15:00+00:00;0.056;;
654611;unknown;control;2023-12-07 06:30:00+00:00;0.056;;
654611;unknown;control;2023-12-07 06:45:00+00:00;0.049;;
654611;unknown;control;2023-12-07 07:00:00+00:00;0.072;;
654611;unknown;control;2023-12-07 07:15:00+00:00;0.063;;
654611;unknown;control;2023-12-07 07:30:00+00:00;0.052;;
654611;unknown;control;2023-12-07 07:45:00+00:00;0.055;;
654611;unknown;control;2023-12-07 08:00:00+00:00;0.033;;
654611;unknown;control;2023-12-07 08:15:00+00:00;0.024;;
654611;unknown;control;2023-12-07 08:30:00+00:00;0.044;;
654611;unknown;control;2023-12-07 08:45:00+00:00;0.037;;
654611;unknown;control;2023-12-07 09:00:00+00:00;0.764;;
654611;unknown;control;2023-12-07 09:15:00+00:00;1.214;;
654611;unknown;control;2023-12-07 09:30:00+00:00;0.869;;
654611;unknown;control;2023-12-07 09:45:00+00:00;1.108;;
654611;unknown;control;2023-12-07 10:00:00+00:00;0.01;;
654611;unknown;control;2023-12-07 10:15:00+00:00;0.006;;
654611;unknown;control;2023-12-07 10:30:00+00:00;0.054;;
654611;unknown;control;2023-12-07 10:45:00+00:00;0.036;;
654611;unknown;control;2023-12-07 11:00:00+00:00;0.293;;
654611;unknown;control;2023-12-07 11:15:00+00:00;0.615;;
654611;unknown;control;2023-12-07 11:30:00+00:00;0.171;;
654611;unknown;control;2023-12-07 11:45:00+00:00;0.189;;
654611;unknown;control;2023-12-07 12:00:00+00:00;0.159;;
654611;unknown;control;2023-12-07 12:15:00+00:00;0.039;;
654611;unknown;control;2023-12-07 12:30:00+00:00;0.013;;
654611;unknown;control;2023-12-07 12:45:00+00:00;0.092;;
654611;unknown;control;2023-12-07 13:00:00+00:00;0.197;;
654611;unknown;control;2023-12-07 13:15:00+00:00;0.569;;
654611;unknown;control;2023-12-07 13:30:00+00:00;0.498;;
654611;unknown;control;2023-12-07 13:45:00+00:00;0.47;;
654611;unknown;control;2023-12-07 14:00:00+00:00;0.535;;
654611;unknown;control;2023-12-07 14:15:00+00:00;0.574;;
654611;unknown;control;2023-12-07 14:30:00+00:00;0.481;;
654611;unknown;control;2023-12-07 14:45:00+00:00;0.409;;
654611;unknown;control;2023-12-07 15:00:00+00:00;0.692;;
654611;unknown;control;2023-12-07 15:15:00+00:00;0.674;;
654611;unknown;control;2023-12-07 15:30:00+00:00;0.718;;
654611;unknown;control;2023-12-07 15:45:00+00:00;0.66;;
654611;unknown;control;2023-12-07 16:00:00+00:00;0.68;;
654611;unknown;control;2023-12-07 16:15:00+00:00;0.585;;
654611;unknown;control;2023-12-07 16:30:00+00:00;0.511;;
654611;unknown;control;2023-12-07 16:45:00+00:00;0.597;;
654611;unknown;control;2023-12-07 17:00:00+00:00;0.829;;
654611;unknown;control;2023-12-07 17:15:00+00:00;0.632;;
654611;unknown;control;2023-12-07 17:30:00+00:00;0.585;;
654611;unknown;control;2023-12-07 17:45:00+00:00;0.525;;
654611;unknown;control;2023-12-07 18:00:00+00:00;0.496;;
654611;unknown;control;2023-12-07 18:15:00+00:00;0.527;;
654611;unknown;control;2023-12-07 18:30:00+00:00;0.523;;
654611;unknown;control;2023-12-07 18:45:00+00:00;0.54;;
654611;unknown;control;2023-12-07 19:00:00+00:00;0.513;;
654611;unknown;control;2023-12-07 19:15:00+00:00;0.96;;
654611;unknown;control;2023-12-07 19:30:00+00:00;0.557;;
654611;unknown;control;2023-12-07 19:45:00+00:00;0.515;;
654611;unknown;control;2023-12-07 20:00:00+00:00;0.492;;
654611;unknown;control;2023-12-07 20:15:00+00:00;0.432;;
654611;unknown;control;2023-12-07 20:30:00+00:00;0.437;;
654611;unknown;control;2023-12-07 20:45:00+00:00;0.459;;
654611;unknown;control;2023-12-07 21:00:00+00:00;0.463;;
654611;unknown;control;2023-12-07 21:15:00+00:00;0.881;;
654611;unknown;control;2023-12-07 21:30:00+00:00;0.597;;
654611;unknown;control;2023-12-07 21:45:00+00:00;0.469;;
654611;unknown;control;2023-12-07 22:00:00+00:00;0.071;;
654611;unknown;control;2023-12-07 22:15:00+00:00;0.053;;
654611;unknown;control;2023-12-07 22:30:00+00:00;0.098;;
654611;unknown;control;2023-12-07 22:45:00+00:00;0.074;;
654611;unknown;control;2023-12-07 23:00:00+00:00;0.058;;
654611;unknown;control;2023-12-07 23:15:00+00:00;0.062;;
654611;unknown;control;2023-12-07 23:30:00+00:00;0.069;;
654611;unknown;control;2023-12-07 23:45:00+00:00;0.059;;
654611;unknown;control;2023-12-08 00:00:00+00:00;0.066;;
654611;unknown;control;2023-12-08 00:15:00+00:00;0.066;;
654611;unknown;control;2023-12-08 00:30:00+00:00;0.062;;
654611;unknown;control;2023-12-08 00:45:00+00:00;0.057;;
654611;unknown;control;2023-12-08 01:00:00+00:00;0.051;;
654611;unknown;control;2023-12-08 01:15:00+00:00;0.05;;
654611;unknown;control;2023-12-08 01:30:00+00:00;0.052;;
654611;unknown;control;2023-12-08 01:45:00+00:00;0.072;;
654611;unknown;control;2023-12-08 02:00:00+00:00;0.065;;
654611;unknown;control;2023-12-08 02:15:00+00:00;0.058;;
654611;unknown;control;2023-12-08 02:30:00+00:00;0.059;;
654611;unknown;control;2023-12-08 02:45:00+00:00;0.052;;
654611;unknown;control;2023-12-08 03:00:00+00:00;0.055;;
654611;unknown;control;2023-12-08 03:15:00+00:00;0.058;;
654611;unknown;control;2023-12-08 03:30:00+00:00;0.056;;
654611;unknown;control;2023-12-08 03:45:00+00:00;0.057;;
654611;unknown;control;2023-12-08 04:00:00+00:00;0.059;;
654611;unknown;control;2023-12-08 04:15:00+00:00;0.061;;
654611;unknown;control;2023-12-08 04:30:00+00:00;0.151;;
654611;unknown;control;2023-12-08 04:45:00+00:00;0.36;;
654611;unknown;control;2023-12-08 05:00:00+00:00;0.143;;
654611;unknown;control;2023-12-08 05:15:00+00:00;0.143;;
654611;unknown;control;2023-12-08 05:30:00+00:00;0.157;;
654611;unknown;control;2023-12-08 05:45:00+00:00;0.159;;
654611;unknown;control;2023-12-08 06:00:00+00:00;0.123;;
654611;unknown;control;2023-12-08 06:15:00+00:00;0.1;;
654611;unknown;control;2023-12-08 06:30:00+00:00;0.094;;
654611;unknown;control;2023-12-08 06:45:00+00:00;0.081;;
654611;unknown;control;2023-12-08 07:00:00+00:00;0.078;;
654611;unknown;control;2023-12-08 07:15:00+00:00;0.084;;
654611;unknown;control;2023-12-08 07:30:00+00:00;0.157;;
654611;unknown;control;2023-12-08 07:45:00+00:00;0.084;;
654611;unknown;control;2023-12-08 08:00:00+00:00;0.079;;
654611;unknown;control;2023-12-08 08:15:00+00:00;0.071;;
654611;unknown;control;2023-12-08 08:30:00+00:00;0.058;;
654611;unknown;control;2023-12-08 08:45:00+00:00;0.056;;
654611;unknown;control;2023-12-08 09:00:00+00:00;0.572;;
654611;unknown;control;2023-12-08 09:15:00+00:00;0.864;;
654611;unknown;control;2023-12-08 09:30:00+00:00;0.791;;
654611;unknown;control;2023-12-08 09:45:00+00:00;0.418;;
654611;unknown;control;2023-12-08 10:00:00+00:00;0.053;;
654611;unknown;control;2023-12-08 10:15:00+00:00;0.051;;
654611;unknown;control;2023-12-08 10:30:00+00:00;0.048;;
654611;unknown;control;2023-12-08 10:45:00+00:00;0.034;;
654611;unknown;control;2023-12-08 11:00:00+00:00;0.382;;
654611;unknown;control;2023-12-08 11:15:00+00:00;0.797;;
654611;unknown;control;2023-12-08 11:30:00+00:00;0.63;;
654611;unknown;control;2023-12-08 11:45:00+00:00;0.56;;
654611;unknown;control;2023-12-08 12:00:00+00:00;0.505;;
654611;unknown;control;2023-12-08 12:15:00+00:00;0.513;;
654611;unknown;control;2023-12-08 12:30:00+00:00;0.542;;
654611;unknown;control;2023-12-08 12:45:00+00:00;0.522;;
654611;unknown;control;2023-12-08 13:00:00+00:00;0.372;;
654611;unknown;control;2023-12-08 13:15:00+00:00;0.608;;
654611;unknown;control;2023-12-08 13:30:00+00:00;0.485;;
654611;unknown;control;2023-12-08 13:45:00+00:00;0.452;;
654611;unknown;control;2023-12-08 14:00:00+00:00;0.674;;
654611;unknown;control;2023-12-08 14:15:00+00:00;0.445;;
654611;unknown;control;2023-12-08 14:30:00+00:00;0.443;;
654611;unknown;control;2023-12-08 14:45:00+00:00;0.397;;
654611;unknown;control;2023-12-08 15:00:00+00:00;0.333;;
654611;unknown;control;2023-12-08 15:15:00+00:00;0.42;;
654611;unknown;control;2023-12-08 15:30:00+00:00;0.318;;
654611;unknown;control;2023-12-08 15:45:00+00:00;0.395;;
654611;unknown;control;2023-12-08 16:00:00+00:00;0.319;;
654611;unknown;control;2023-12-08 16:15:00+00:00;0.355;;
654611;unknown;control;2023-12-08 16:30:00+00:00;0.325;;
654611;unknown;control;2023-12-08 16:45:00+00:00;0.264;;
654611;unknown;control;2023-12-08 17:00:00+00:00;0.37;;
654611;unknown;control;2023-12-08 17:15:00+00:00;0.287;;
654611;unknown;control;2023-12-08 17:30:00+00:00;0.309;;
654611;unknown;control;2023-12-08 17:45:00+00:00;0.313;;
654611;unknown;control;2023-12-08 18:00:00+00:00;0.286;;
654611;unknown;control;2023-12-08 18:15:00+00:00;0.302;;
654611;unknown;control;2023-12-08 18:30:00+00:00;0.279;;
654611;unknown;control;2023-12-08 18:45:00+00:00;0.308;;
654611;unknown;control;2023-12-08 19:00:00+00:00;0.256;;
654611;unknown;control;2023-12-08 19:15:00+00:00;0.227;;
654611;unknown;control;2023-12-08 19:30:00+00:00;0.27;;
654611;unknown;control;2023-12-08 19:45:00+00:00;0.322;;
654611;unknown;control;2023-12-08 20:00:00+00:00;0.273;;
654611;unknown;control;2023-12-08 20:15:00+00:00;0.274;;
654611;unknown;control;2023-12-08 20:30:00+00:00;0.323;;
654611;unknown;control;2023-12-08 20:45:00+00:00;0.292;;
654611;unknown;control;2023-12-08 21:00:00+00:00;0.379;;
654611;unknown;control;2023-12-08 21:15:00+00:00;0.362;;
654611;unknown;control;2023-12-08 21:30:00+00:00;0.33;;
654611;unknown;control;2023-12-08 21:45:00+00:00;0.339;;
654611;unknown;control;2023-12-08 22:00:00+00:00;0.067;;
654611;unknown;control;2023-12-08 22:15:00+00:00;0.049;;
654611;unknown;control;2023-12-08 22:30:00+00:00;0.05;;
654611;unknown;control;2023-12-08 22:45:00+00:00;0.047;;
654611;unknown;control;2023-12-08 23:00:00+00:00;0.049;;
654611;unknown;control;2023-12-08 23:15:00+00:00;0.052;;
654611;unknown;control;2023-12-08 23:30:00+00:00;0.065;;
654611;unknown;control;2023-12-08 23:45:00+00:00;0.061;;
654611;unknown;control;2023-12-09 00:00:00+00:00;0.076;;
654611;unknown;control;2023-12-09 00:15:00+00:00;0.07;;
654611;unknown;control;2023-12-09 00:30:00+00:00;0.043;;
654611;unknown;control;2023-12-09 00:45:00+00:00;0.046;;
654611;unknown;control;2023-12-09 01:00:00+00:00;0.052;;
654611;unknown;control;2023-12-09 01:15:00+00:00;0.058;;
654611;unknown;control;2023-12-09 01:30:00+00:00;0.064;;
654611;unknown;control;2023-12-09 01:45:00+00:00;0.069;;
654611;unknown;control;2023-12-09 02:00:00+00:00;0.07;;
654611;unknown;control;2023-12-09 02:15:00+00:00;0.055;;
654611;unknown;control;2023-12-09 02:30:00+00:00;0.053;;
654611;unknown;control;2023-12-09 02:45:00+00:00;0.05;;
654611;unknown;control;2023-12-09 03:00:00+00:00;0.059;;
654611;unknown;control;2023-12-09 03:15:00+00:00;0.065;;
654611;unknown;control;2023-12-09 03:30:00+00:00;0.05;;
654611;unknown;control;2023-12-09 03:45:00+00:00;0.052;;
654611;unknown;control;2023-12-09 04:00:00+00:00;0.058;;
654611;unknown;control;2023-12-09 04:15:00+00:00;0.048;;
654611;unknown;control;2023-12-09 04:30:00+00:00;0.053;;
654611;unknown;control;2023-12-09 04:45:00+00:00;0.056;;
654611;unknown;control;2023-12-09 05:00:00+00:00;0.055;;
654611;unknown;control;2023-12-09 05:15:00+00:00;0.057;;
654611;unknown;control;2023-12-09 05:30:00+00:00;0.081;;
654611;unknown;control;2023-12-09 05:45:00+00:00;0.076;;
654611;unknown;control;2023-12-09 06:00:00+00:00;0.052;;
654611;unknown;control;2023-12-09 06:15:00+00:00;0.054;;
654611;unknown;control;2023-12-09 06:30:00+00:00;0.053;;
654611;unknown;control;2023-12-09 06:45:00+00:00;0.08;;
654611;unknown;control;2023-12-09 07:00:00+00:00;0.401;;
654611;unknown;control;2023-12-09 07:15:00+00:00;0.2;;
654611;unknown;control;2023-12-09 07:30:00+00:00;0.088;;
654611;unknown;control;2023-12-09 07:45:00+00:00;0.092;;
654611;unknown;control;2023-12-09 08:00:00+00:00;0.357;;
654611;unknown;control;2023-12-09 08:15:00+00:00;0.002;;
654611;unknown;control;2023-12-09 08:30:00+00:00;0.0;;
654611;unknown;control;2023-12-09 08:45:00+00:00;0.0;;
654611;unknown;control;2023-12-09 09:00:00+00:00;0.489;;
654611;unknown;control;2023-12-09 09:15:00+00:00;0.674;;
654611;unknown;control;2023-12-09 09:30:00+00:00;0.554;;
654611;unknown;control;2023-12-09 09:45:00+00:00;0.349;;
654611;unknown;control;2023-12-09 10:00:00+00:00;0.556;;
654611;unknown;control;2023-12-09 10:15:00+00:00;0.735;;
654611;unknown;control;2023-12-09 10:30:00+00:00;0.755;;
654611;unknown;control;2023-12-09 10:45:00+00:00;0.591;;
654611;unknown;control;2023-12-09 11:00:00+00:00;0.543;;
654611;unknown;control;2023-12-09 11:15:00+00:00;0.437;;
654611;unknown;control;2023-12-09 11:30:00+00:00;0.301;;
654611;unknown;control;2023-12-09 11:45:00+00:00;0.05;;
654611;unknown;control;2023-12-09 12:00:00+00:00;0.138;;
654611;unknown;control;2023-12-09 12:15:00+00:00;0.131;;
654611;unknown;control;2023-12-09 12:30:00+00:00;0.366;;
654611;unknown;control;2023-12-09 12:45:00+00:00;0.393;;
654611;unknown;control;2023-12-09 13:00:00+00:00;0.483;;
654611;unknown;control;2023-12-09 13:15:00+00:00;0.452;;
654611;unknown;control;2023-12-09 13:30:00+00:00;0.649;;
654611;unknown;control;2023-12-09 13:45:00+00:00;0.46;;
654611;unknown;control;2023-12-09 14:00:00+00:00;0.943;;
654611;unknown;control;2023-12-09 14:15:00+00:00;0.586;;
654611;unknown;control;2023-12-09 14:30:00+00:00;0.546;;
654611;unknown;control;2023-12-09 14:45:00+00:00;0.566;;
654611;unknown;control;2023-12-09 15:00:00+00:00;0.835;;
654611;unknown;control;2023-12-09 15:15:00+00:00;0.846;;
654611;unknown;control;2023-12-09 15:30:00+00:00;0.369;;
654611;unknown;control;2023-12-09 15:45:00+00:00;0.531;;
654611;unknown;control;2023-12-09 16:00:00+00:00;0.527;;
654611;unknown;control;2023-12-09 16:15:00+00:00;0.521;;
654611;unknown;control;2023-12-09 16:30:00+00:00;0.494;;
654611;unknown;control;2023-12-09 16:45:00+00:00;0.478;;
654611;unknown;control;2023-12-09 17:00:00+00:00;0.701;;
654611;unknown;control;2023-12-09 17:15:00+00:00;0.885;;
654611;unknown;control;2023-12-09 17:30:00+00:00;0.8;;
654611;unknown;control;2023-12-09 17:45:00+00:00;0.689;;
654611;unknown;control;2023-12-09 18:00:00+00:00;0.664;;
654611;unknown;control;2023-12-09 18:15:00+00:00;0.364;;
654611;unknown;control;2023-12-09 18:30:00+00:00;0.518;;
654611;unknown;control;2023-12-09 18:45:00+00:00;0.4;;
654611;unknown;control;2023-12-09 19:00:00+00:00;0.334;;
654611;unknown;control;2023-12-09 19:15:00+00:00;0.41;;
654611;unknown;control;2023-12-09 19:30:00+00:00;0.304;;
654611;unknown;control;2023-12-09 19:45:00+00:00;0.316;;
654611;unknown;control;2023-12-09 20:00:00+00:00;0.385;;
654611;unknown;control;2023-12-09 20:15:00+00:00;0.41;;
654611;unknown;control;2023-12-09 20:30:00+00:00;0.39;;
654611;unknown;control;2023-12-09 20:45:00+00:00;0.341;;
654611;unknown;control;2023-12-09 21:00:00+00:00;0.238;;
654611;unknown;control;2023-12-09 21:15:00+00:00;0.259;;
654611;unknown;control;2023-12-09 21:30:00+00:00;0.267;;
654611;unknown;control;2023-12-09 21:45:00+00:00;0.255;;
654611;unknown;control;2023-12-09 22:00:00+00:00;0.103;;
654611;unknown;control;2023-12-09 22:15:00+00:00;0.157;;
654611;unknown;control;2023-12-09 22:30:00+00:00;0.051;;
654611;unknown;control;2023-12-09 22:45:00+00:00;0.054;;
654611;unknown;control;2023-12-09 23:00:00+00:00;0.056;;
654611;unknown;control;2023-12-09 23:15:00+00:00;0.052;;
654611;unknown;control;2023-12-09 23:30:00+00:00;0.056;;
654611;unknown;control;2023-12-09 23:45:00+00:00;0.057;;
654611;unknown;control;2023-12-10 00:00:00+00:00;0.051;;
654611;unknown;control;2023-12-10 00:15:00+00:00;0.05;;
654611;unknown;control;2023-12-10 00:30:00+00:00;0.066;;
654611;unknown;control;2023-12-10 00:45:00+00:00;0.055;;
654611;unknown;control;2023-12-10 01:00:00+00:00;0.06;;
654611;unknown;control;2023-12-10 01:15:00+00:00;0.054;;
654611;unknown;control;2023-12-10 01:30:00+00:00;0.056;;
654611;unknown;control;2023-12-10 01:45:00+00:00;0.05;;
654611;unknown;control;2023-12-10 02:00:00+00:00;0.048;;
654611;unknown;control;2023-12-10 02:15:00+00:00;0.051;;
654611;unknown;control;2023-12-10 02:30:00+00:00;0.059;;
654611;unknown;control;2023-12-10 02:45:00+00:00;0.063;;
654611;unknown;control;2023-12-10 03:00:00+00:00;0.057;;
654611;unknown;control;2023-12-10 03:15:00+00:00;0.057;;
654611;unknown;control;2023-12-10 03:30:00+00:00;0.058;;
654611;unknown;control;2023-12-10 03:45:00+00:00;0.048;;
654611;unknown;control;2023-12-10 04:00:00+00:00;0.048;;
654611;unknown;control;2023-12-10 04:15:00+00:00;0.054;;
654611;unknown;control;2023-12-10 04:30:00+00:00;0.045;;
654611;unknown;control;2023-12-10 04:45:00+00:00;0.063;;
654611;unknown;control;2023-12-10 05:00:00+00:00;0.046;;
654611;unknown;control;2023-12-10 05:15:00+00:00;0.048;;
654611;unknown;control;2023-12-10 05:30:00+00:00;0.06;;
654611;unknown;control;2023-12-10 05:45:00+00:00;0.066;;
654611;unknown;control;2023-12-10 06:00:00+00:00;0.065;;
654611;unknown;control;2023-12-10 06:15:00+00:00;0.066;;
654611;unknown;control;2023-12-10 06:30:00+00:00;0.075;;
654611;unknown;control;2023-12-10 06:45:00+00:00;0.068;;
654611;unknown;control;2023-12-10 07:00:00+00:00;0.31;;
654611;unknown;control;2023-12-10 07:15:00+00:00;0.257;;
654611;unknown;control;2023-12-10 07:30:00+00:00;0.168;;
654611;unknown;control;2023-12-10 07:45:00+00:00;0.11;;
654611;unknown;control;2023-12-10 08:00:00+00:00;0.102;;
654611;unknown;control;2023-12-10 08:15:00+00:00;0.063;;
654611;unknown;control;2023-12-10 08:30:00+00:00;0.106;;
654611;unknown;control;2023-12-10 08:45:00+00:00;0.331;;
654611;unknown;control;2023-12-10 09:00:00+00:00;0.581;;
654611;unknown;control;2023-12-10 09:15:00+00:00;0.7;;
654611;unknown;control;2023-12-10 09:30:00+00:00;0.61;;
654611;unknown;control;2023-12-10 09:45:00+00:00;0.544;;
654611;unknown;control;2023-12-10 10:00:00+00:00;0.599;;
654611;unknown;control;2023-12-10 10:15:00+00:00;0.501;;
654611;unknown;control;2023-12-10 10:30:00+00:00;0.348;;
654611;unknown;control;2023-12-10 10:45:00+00:00;0.486;;
654611;unknown;control;2023-12-10 11:00:00+00:00;0.533;;
654611;unknown;control;2023-12-10 11:15:00+00:00;0.53;;
654611;unknown;control;2023-12-10 11:30:00+00:00;0.406;;
654611;unknown;control;2023-12-10 11:45:00+00:00;0.412;;
654611;unknown;control;2023-12-10 12:00:00+00:00;0.288;;
654611;unknown;control;2023-12-10 12:15:00+00:00;0.326;;
654611;unknown;control;2023-12-10 12:30:00+00:00;1.14;;
654611;unknown;control;2023-12-10 12:45:00+00:00;0.557;;
654611;unknown;control;2023-12-10 13:00:00+00:00;0.331;;
654611;unknown;control;2023-12-10 13:15:00+00:00;0.455;;
654611;unknown;control;2023-12-10 13:30:00+00:00;0.486;;
654611;unknown;control;2023-12-10 13:45:00+00:00;0.529;;
654611;unknown;control;2023-12-10 14:00:00+00:00;0.768;;
654611;unknown;control;2023-12-10 14:15:00+00:00;0.556;;
654611;unknown;control;2023-12-10 14:30:00+00:00;0.54;;
654611;unknown;control;2023-12-10 14:45:00+00:00;0.502;;
654611;unknown;control;2023-12-10 15:00:00+00:00;0.454;;
654611;unknown;control;2023-12-10 15:15:00+00:00;0.525;;
654611;unknown;control;2023-12-10 15:30:00+00:00;0.474;;
654611;unknown;control;2023-12-10 15:45:00+00:00;0.549;;
654611;unknown;control;2023-12-10 16:00:00+00:00;0.591;;
654611;unknown;control;2023-12-10 16:15:00+00:00;0.431;;
654611;unknown;control;2023-12-10 16:30:00+00:00;0.351;;
654611;unknown;control;2023-12-10 16:45:00+00:00;0.397;;
654611;unknown;control;2023-12-10 17:00:00+00:00;0.669;;
654611;unknown;control;2023-12-10 17:15:00+00:00;0.786;;
654611;unknown;control;2023-12-10 17:30:00+00:00;0.746;;
654611;unknown;control;2023-12-10 17:45:00+00:00;0.658;;
654611;unknown;control;2023-12-10 18:00:00+00:00;0.304;;
654611;unknown;control;2023-12-10 18:15:00+00:00;0.355;;
654611;unknown;control;2023-12-10 18:30:00+00:00;0.711;;
654611;unknown;control;2023-12-10 18:45:00+00:00;0.883;;
654611;unknown;control;2023-12-10 19:00:00+00:00;0.316;;
654611;unknown;control;2023-12-10 19:15:00+00:00;0.257;;
654611;unknown;control;2023-12-10 19:30:00+00:00;0.6;;
654611;unknown;control;2023-12-10 19:45:00+00:00;0.436;;
654611;unknown;control;2023-12-10 20:00:00+00:00;0.257;;
654611;unknown;control;2023-12-10 20:15:00+00:00;0.231;;
654611;unknown;control;2023-12-10 20:30:00+00:00;0.313;;
654611;unknown;control;2023-12-10 20:45:00+00:00;0.27;;
654611;unknown;control;2023-12-10 21:00:00+00:00;0.25;;
654611;unknown;control;2023-12-10 21:15:00+00:00;0.232;;
654611;unknown;control;2023-12-10 21:30:00+00:00;0.213;;
654611;unknown;control;2023-12-10 21:45:00+00:00;0.215;;
654611;unknown;control;2023-12-10 22:00:00+00:00;0.064;;
654611;unknown;control;2023-12-10 22:15:00+00:00;0.06;;
654611;unknown;control;2023-12-10 22:30:00+00:00;0.064;;
654611;unknown;control;2023-12-10 22:45:00+00:00;0.058;;
654611;unknown;control;2023-12-10 23:00:00+00:00;0.063;;
654611;unknown;control;2023-12-10 23:15:00+00:00;0.063;;
654611;unknown;control;2023-12-10 23:30:00+00:00;0.047;;
654611;unknown;control;2023-12-10 23:45:00+00:00;0.043;;
654611;unknown;control;2023-12-11 00:00:00+00:00;0.049;;
654611;unknown;control;2023-12-11 00:15:00+00:00;0.065;;
654611;unknown;control;2023-12-11 00:30:00+00:00;0.061;;
654611;unknown;control;2023-12-11 00:45:00+00:00;0.059;;
654611;unknown;control;2023-12-11 01:00:00+00:00;0.065;;
654611;unknown;control;2023-12-11 01:15:00+00:00;0.07;;
654611;unknown;control;2023-12-11 01:30:00+00:00;0.06;;
654611;unknown;control;2023-12-11 01:45:00+00:00;0.053;;
654611;unknown;control;2023-12-11 02:00:00+00:00;0.058;;
654611;unknown;control;2023-12-11 02:15:00+00:00;0.057;;
654611;unknown;control;2023-12-11 02:30:00+00:00;0.057;;
654611;unknown;control;2023-12-11 02:45:00+00:00;0.08;;
654611;unknown;control;2023-12-11 03:00:00+00:00;0.059;;
654611;unknown;control;2023-12-11 03:15:00+00:00;0.058;;
654611;unknown;control;2023-12-11 03:30:00+00:00;0.067;;
654611;unknown;control;2023-12-11 03:45:00+00:00;0.105;;
654611;unknown;control;2023-12-11 04:00:00+00:00;0.059;;
654611;unknown;control;2023-12-11 04:15:00+00:00;0.062;;
654611;unknown;control;2023-12-11 04:30:00+00:00;0.06;;
654611;unknown;control;2023-12-11 04:45:00+00:00;0.262;;
654611;unknown;control;2023-12-11 05:00:00+00:00;0.103;;
654611;unknown;control;2023-12-11 05:15:00+00:00;0.12;;
654611;unknown;control;2023-12-11 05:30:00+00:00;0.101;;
654611;unknown;control;2023-12-11 05:45:00+00:00;0.095;;
654611;unknown;control;2023-12-11 06:00:00+00:00;0.094;;
654611;unknown;control;2023-12-11 06:15:00+00:00;0.079;;
654611;unknown;control;2023-12-11 06:30:00+00:00;0.075;;
654611;unknown;control;2023-12-11 06:45:00+00:00;0.076;;
654611;unknown;control;2023-12-11 07:00:00+00:00;0.056;;
654611;unknown;control;2023-12-11 07:15:00+00:00;0.055;;
654611;unknown;control;2023-12-11 07:30:00+00:00;0.062;;
654611;unknown;control;2023-12-11 07:45:00+00:00;0.254;;
654611;unknown;control;2023-12-11 08:00:00+00:00;0.146;;
654611;unknown;control;2023-12-11 08:15:00+00:00;0.091;;
654611;unknown;control;2023-12-11 08:30:00+00:00;0.256;;
654611;unknown;control;2023-12-11 08:45:00+00:00;0.237;;
654611;unknown;control;2023-12-11 09:00:00+00:00;0.557;;
654611;unknown;control;2023-12-11 09:15:00+00:00;0.485;;
654611;unknown;control;2023-12-11 09:30:00+00:00;0.567;;
654611;unknown;control;2023-12-11 09:45:00+00:00;0.514;;
654611;unknown;control;2023-12-11 10:00:00+00:00;0.059;;
654611;unknown;control;2023-12-11 10:15:00+00:00;0.143;;
654611;unknown;control;2023-12-11 10:30:00+00:00;0.203;;
654611;unknown;control;2023-12-11 10:45:00+00:00;0.09;;
654611;unknown;control;2023-12-11 11:00:00+00:00;0.251;;
654611;unknown;control;2023-12-11 11:15:00+00:00;0.388;;
654611;unknown;control;2023-12-11 11:30:00+00:00;0.345;;
654611;unknown;control;2023-12-11 11:45:00+00:00;0.304;;
654611;unknown;control;2023-12-11 12:00:00+00:00;0.237;;
654611;unknown;control;2023-12-11 12:15:00+00:00;0.178;;
654611;unknown;control;2023-12-11 12:30:00+00:00;0.35;;
654611;unknown;control;2023-12-11 12:45:00+00:00;0.264;;
654611;unknown;control;2023-12-11 13:00:00+00:00;0.332;;
654611;unknown;control;2023-12-11 13:15:00+00:00;0.169;;
654611;unknown;control;2023-12-11 13:30:00+00:00;0.313;;
654611;unknown;control;2023-12-11 13:45:00+00:00;0.199;;
654611;unknown;control;2023-12-11 14:00:00+00:00;0.677;;
654611;unknown;control;2023-12-11 14:15:00+00:00;0.427;;
654611;unknown;control;2023-12-11 14:30:00+00:00;0.584;;
654611;unknown;control;2023-12-11 14:45:00+00:00;0.261;;
654611;unknown;control;2023-12-11 15:00:00+00:00;0.225;;
654611;unknown;control;2023-12-11 15:15:00+00:00;0.239;;
654611;unknown;control;2023-12-11 15:30:00+00:00;0.241;;
654611;unknown;control;2023-12-11 15:45:00+00:00;0.228;;
654611;unknown;control;2023-12-11 16:00:00+00:00;0.266;;
654611;unknown;control;2023-12-11 16:15:00+00:00;0.269;;
654611;unknown;control;2023-12-11 16:30:00+00:00;0.241;;
654611;unknown;control;2023-12-11 16:45:00+00:00;0.243;;
654611;unknown;control;2023-12-11 17:00:00+00:00;0.224;;
654611;unknown;control;2023-12-11 17:15:00+00:00;0.196;;
654611;unknown;control;2023-12-11 17:30:00+00:00;0.221;;
654611;unknown;control;2023-12-11 17:45:00+00:00;0.204;;
654611;unknown;control;2023-12-11 18:00:00+00:00;0.227;;
654611;unknown;control;2023-12-11 18:15:00+00:00;0.246;;
654611;unknown;control;2023-12-11 18:30:00+00:00;0.338;;
654611;unknown;control;2023-12-11 18:45:00+00:00;0.243;;
654611;unknown;control;2023-12-11 19:00:00+00:00;0.199;;
654611;unknown;control;2023-12-11 19:15:00+00:00;0.209;;
654611;unknown;control;2023-12-11 19:30:00+00:00;0.251;;
654611;unknown;control;2023-12-11 19:45:00+00:00;0.263;;
654611;unknown;control;2023-12-11 20:00:00+00:00;0.262;;
654611;unknown;control;2023-12-11 20:15:00+00:00;0.264;;
654611;unknown;control;2023-12-11 20:30:00+00:00;0.326;;
654611;unknown;control;2023-12-11 20:45:00+00:00;0.321;;
654611;unknown;control;2023-12-11 21:00:00+00:00;0.269;;
654611;unknown;control;2023-12-11 21:15:00+00:00;0.262;;
654611;unknown;control;2023-12-11 21:30:00+00:00;0.245;;
654611;unknown;control;2023-12-11 21:45:00+00:00;0.253;;
654611;unknown;control;2023-12-11 22:00:00+00:00;0.24;;
654611;unknown;control;2023-12-11 22:15:00+00:00;0.123;;
654611;unknown;control;2023-12-11 22:30:00+00:00;0.13;;
654611;unknown;control;2023-12-11 22:45:00+00:00;0.137;;
654611;unknown;control;2023-12-11 23:00:00+00:00;0.144;;
654611;unknown;control;2023-12-11 23:15:00+00:00;0.138;;
654611;unknown;control;2023-12-11 23:30:00+00:00;0.131;;
654611;unknown;control;2023-12-11 23:45:00+00:00;0.13;;
654611;unknown;control;2023-12-12 00:00:00+00:00;0.112;;
654611;unknown;control;2023-12-12 00:15:00+00:00;0.113;;
654611;unknown;control;2023-12-12 00:30:00+00:00;0.111;;
654611;unknown;control;2023-12-12 00:45:00+00:00;0.11;;
654611;unknown;control;2023-12-12 01:00:00+00:00;0.113;;
654611;unknown;control;2023-12-12 01:15:00+00:00;0.104;;
654611;unknown;control;2023-12-12 01:30:00+00:00;0.132;;
654611;unknown;control;2023-12-12 01:45:00+00:00;0.094;;
654611;unknown;control;2023-12-12 02:00:00+00:00;0.061;;
654611;unknown;control;2023-12-12 02:15:00+00:00;0.064;;
654611;unknown;control;2023-12-12 02:30:00+00:00;0.052;;
654611;unknown;control;2023-12-12 02:45:00+00:00;0.061;;
654611;unknown;control;2023-12-12 03:00:00+00:00;0.061;;
654611;unknown;control;2023-12-12 03:15:00+00:00;0.05;;
654611;unknown;control;2023-12-12 03:30:00+00:00;0.047;;
654611;unknown;control;2023-12-12 03:45:00+00:00;0.059;;
654611;unknown;control;2023-12-12 04:00:00+00:00;0.052;;
654611;unknown;control;2023-12-12 04:15:00+00:00;0.054;;
654611;unknown;control;2023-12-12 04:30:00+00:00;0.178;;
654611;unknown;control;2023-12-12 04:45:00+00:00;0.373;;
654611;unknown;control;2023-12-12 05:00:00+00:00;0.141;;
654611;unknown;control;2023-12-12 05:15:00+00:00;0.103;;
654611;unknown;control;2023-12-12 05:30:00+00:00;0.082;;
654611;unknown;control;2023-12-12 05:45:00+00:00;0.078;;
654611;unknown;control;2023-12-12 06:00:00+00:00;0.052;;
654611;unknown;control;2023-12-12 06:15:00+00:00;0.059;;
654611;unknown;control;2023-12-12 06:30:00+00:00;0.064;;
654611;unknown;control;2023-12-12 06:45:00+00:00;0.049;;
654611;unknown;control;2023-12-12 07:00:00+00:00;0.051;;
654611;unknown;control;2023-12-12 07:15:00+00:00;0.059;;
654611;unknown;control;2023-12-12 07:30:00+00:00;0.049;;
654611;unknown;control;2023-12-12 07:45:00+00:00;0.052;;
654611;unknown;control;2023-12-12 08:00:00+00:00;0.112;;
654611;unknown;control;2023-12-12 08:15:00+00:00;0.067;;
654611;unknown;control;2023-12-12 08:30:00+00:00;0.051;;
654611;unknown;control;2023-12-12 08:45:00+00:00;0.05;;
654611;unknown;control;2023-12-12 09:00:00+00:00;0.479;;
654611;unknown;control;2023-12-12 09:15:00+00:00;0.514;;
654611;unknown;control;2023-12-12 09:30:00+00:00;0.418;;
654611;unknown;control;2023-12-12 09:45:00+00:00;0.384;;
654611;unknown;control;2023-12-12 10:00:00+00:00;0.027;;
654611;unknown;control;2023-12-12 10:15:00+00:00;0.026;;
654611;unknown;control;2023-12-12 10:30:00+00:00;0.012;;
654611;unknown;control;2023-12-12 10:45:00+00:00;0.0;;
654611;unknown;control;2023-12-12 11:00:00+00:00;0.188;;
654611;unknown;control;2023-12-12 11:15:00+00:00;0.171;;
654611;unknown;control;2023-12-12 11:30:00+00:00;0.117;;
654611;unknown;control;2023-12-12 11:45:00+00:00;0.105;;
654611;unknown;control;2023-12-12 12:00:00+00:00;0.191;;
654611;unknown;control;2023-12-12 12:15:00+00:00;0.155;;
654611;unknown;control;2023-12-12 12:30:00+00:00;0.176;;
654611;unknown;control;2023-12-12 12:45:00+00:00;0.163;;
654611;unknown;control;2023-12-12 13:00:00+00:00;0.239;;
654611;unknown;control;2023-12-12 13:15:00+00:00;0.198;;
654611;unknown;control;2023-12-12 13:30:00+00:00;0.207;;
654611;unknown;control;2023-12-12 13:45:00+00:00;0.24;;
654611;unknown;control;2023-12-12 14:00:00+00:00;0.572;;
654611;unknown;control;2023-12-12 14:15:00+00:00;0.443;;
654611;unknown;control;2023-12-12 14:30:00+00:00;0.418;;
654611;unknown;control;2023-12-12 14:45:00+00:00;0.12;;
654611;unknown;control;2023-12-12 15:00:00+00:00;0.162;;
654611;unknown;control;2023-12-12 15:15:00+00:00;0.287;;
654611;unknown;control;2023-12-12 15:30:00+00:00;0.194;;
654611;unknown;control;2023-12-12 15:45:00+00:00;0.166;;
654611;unknown;control;2023-12-12 16:00:00+00:00;0.229;;
654611;unknown;control;2023-12-12 16:15:00+00:00;0.179;;
654611;unknown;control;2023-12-12 16:30:00+00:00;0.211;;
654611;unknown;control;2023-12-12 16:45:00+00:00;0.347;;
654611;unknown;control;2023-12-12 17:00:00+00:00;0.185;;
654611;unknown;control;2023-12-12 17:15:00+00:00;0.221;;
654611;unknown;control;2023-12-12 17:30:00+00:00;0.229;;
654611;unknown;control;2023-12-12 17:45:00+00:00;0.177;;
654611;unknown;control;2023-12-12 18:00:00+00:00;0.217;;
654611;unknown;control;2023-12-12 18:15:00+00:00;0.218;;
654611;unknown;control;2023-12-12 18:30:00+00:00;0.34;;
654611;unknown;control;2023-12-12 18:45:00+00:00;0.205;;
654611;unknown;control;2023-12-12 19:00:00+00:00;0.123;;
654611;unknown;control;2023-12-12 19:15:00+00:00;0.201;;
654611;unknown;control;2023-12-12 19:30:00+00:00;0.228;;
654611;unknown;control;2023-12-12 19:45:00+00:00;0.237;;
654611;unknown;control;2023-12-12 20:00:00+00:00;0.371;;
654611;unknown;control;2023-12-12 20:15:00+00:00;0.227;;
654611;unknown;control;2023-12-12 20:30:00+00:00;0.203;;
654611;unknown;control;2023-12-12 20:45:00+00:00;0.165;;
654611;unknown;control;2023-12-12 21:00:00+00:00;0.296;;
654611;unknown;control;2023-12-12 21:15:00+00:00;0.218;;
654611;unknown;control;2023-12-12 21:30:00+00:00;0.275;;
654611;unknown;control;2023-12-12 21:45:00+00:00;0.178;;
654611;unknown;control;2023-12-12 22:00:00+00:00;0.053;;
654611;unknown;control;2023-12-12 22:15:00+00:00;0.054;;
654611;unknown;control;2023-12-12 22:30:00+00:00;0.05;;
654611;unknown;control;2023-12-12 22:45:00+00:00;0.054;;
654611;unknown;control;2023-12-12 23:00:00+00:00;0.062;;
654611;unknown;control;2023-12-12 23:15:00+00:00;0.049;;
654611;unknown;control;2023-12-12 23:30:00+00:00;0.064;;
654611;unknown;control;2023-12-12 23:45:00+00:00;0.057;;
654611;unknown;control;2023-12-13 00:00:00+00:00;0.049;;
654611;unknown;control;2023-12-13 00:15:00+00:00;0.054;;
654611;unknown;control;2023-12-13 00:30:00+00:00;0.064;;
654611;unknown;control;2023-12-13 00:45:00+00:00;0.069;;
654611;unknown;control;2023-12-13 01:00:00+00:00;0.058;;
654611;unknown;control;2023-12-13 01:15:00+00:00;0.053;;
654611;unknown;control;2023-12-13 01:30:00+00:00;0.057;;
654611;unknown;control;2023-12-13 01:45:00+00:00;0.057;;
654611;unknown;control;2023-12-13 02:00:00+00:00;0.046;;
654611;unknown;control;2023-12-13 02:15:00+00:00;0.042;;
654611;unknown;control;2023-12-13 02:30:00+00:00;0.051;;
654611;unknown;control;2023-12-13 02:45:00+00:00;0.051;;
654611;unknown;control;2023-12-13 03:00:00+00:00;0.068;;
654611;unknown;control;2023-12-13 03:15:00+00:00;0.076;;
654611;unknown;control;2023-12-13 03:30:00+00:00;0.065;;
654611;unknown;control;2023-12-13 03:45:00+00:00;0.057;;
654611;unknown;control;2023-12-13 04:00:00+00:00;0.054;;
654611;unknown;control;2023-12-13 04:15:00+00:00;0.056;;
654611;unknown;control;2023-12-13 04:30:00+00:00;0.05;;
654611;unknown;control;2023-12-13 04:45:00+00:00;0.408;;
654611;unknown;control;2023-12-13 05:00:00+00:00;0.133;;
654611;unknown;control;2023-12-13 05:15:00+00:00;0.214;;
654611;unknown;control;2023-12-13 05:30:00+00:00;0.147;;
654611;unknown;control;2023-12-13 05:45:00+00:00;0.088;;
654611;unknown;control;2023-12-13 06:00:00+00:00;0.202;;
654611;unknown;control;2023-12-13 06:15:00+00:00;0.097;;
654611;unknown;control;2023-12-13 06:30:00+00:00;0.094;;
654611;unknown;control;2023-12-13 06:45:00+00:00;0.114;;
654611;unknown;control;2023-12-13 07:00:00+00:00;0.095;;
654611;unknown;control;2023-12-13 07:15:00+00:00;0.08;;
654611;unknown;control;2023-12-13 07:30:00+00:00;0.078;;
654611;unknown;control;2023-12-13 07:45:00+00:00;0.073;;
654611;unknown;control;2023-12-13 08:00:00+00:00;0.085;;
654611;unknown;control;2023-12-13 08:15:00+00:00;0.064;;
654611;unknown;control;2023-12-13 08:30:00+00:00;0.041;;
654611;unknown;control;2023-12-13 08:45:00+00:00;0.037;;
654611;unknown;control;2023-12-13 09:00:00+00:00;0.506;;
654611;unknown;control;2023-12-13 09:15:00+00:00;0.583;;
654611;unknown;control;2023-12-13 09:30:00+00:00;0.45;;
654611;unknown;control;2023-12-13 09:45:00+00:00;0.415;;
654611;unknown;control;2023-12-13 10:00:00+00:00;0.01;;
654611;unknown;control;2023-12-13 10:15:00+00:00;0.0;;
654611;unknown;control;2023-12-13 10:30:00+00:00;0.022;;
654611;unknown;control;2023-12-13 10:45:00+00:00;0.456;;
654611;unknown;control;2023-12-13 11:00:00+00:00;0.513;;
654611;unknown;control;2023-12-13 11:15:00+00:00;0.585;;
654611;unknown;control;2023-12-13 11:30:00+00:00;0.325;;
654611;unknown;control;2023-12-13 11:45:00+00:00;0.213;;
654611;unknown;control;2023-12-13 12:00:00+00:00;0.035;;
654611;unknown;control;2023-12-13 12:15:00+00:00;0.053;;
654611;unknown;control;2023-12-13 12:30:00+00:00;0.097;;
654611;unknown;control;2023-12-13 12:45:00+00:00;0.256;;
654611;unknown;control;2023-12-13 13:00:00+00:00;0.219;;
654611;unknown;control;2023-12-13 13:15:00+00:00;0.346;;
654611;unknown;control;2023-12-13 13:30:00+00:00;0.358;;
654611;unknown;control;2023-12-13 13:45:00+00:00;0.338;;
654611;unknown;control;2023-12-13 14:00:00+00:00;0.614;;
654611;unknown;control;2023-12-13 14:15:00+00:00;0.496;;
654611;unknown;control;2023-12-13 14:30:00+00:00;0.481;;
654611;unknown;control;2023-12-13 14:45:00+00:00;0.292;;
654611;unknown;control;2023-12-13 15:00:00+00:00;0.254;;
654611;unknown;control;2023-12-13 15:15:00+00:00;0.219;;
654611;unknown;control;2023-12-13 15:30:00+00:00;0.278;;
654611;unknown;control;2023-12-13 15:45:00+00:00;0.379;;
654611;unknown;control;2023-12-13 16:00:00+00:00;0.254;;
654611;unknown;control;2023-12-13 16:15:00+00:00;0.374;;
654611;unknown;control;2023-12-13 16:30:00+00:00;0.262;;
654611;unknown;control;2023-12-13 16:45:00+00:00;0.26;;
654611;unknown;control;2023-12-13 17:00:00+00:00;0.268;;
654611;unknown;control;2023-12-13 17:15:00+00:00;0.264;;
654611;unknown;control;2023-12-13 17:30:00+00:00;0.323;;
654611;unknown;control;2023-12-13 17:45:00+00:00;0.341;;
654611;unknown;control;2023-12-13 18:00:00+00:00;0.248;;
654611;unknown;control;2023-12-13 18:15:00+00:00;0.318;;
654611;unknown;control;2023-12-13 18:30:00+00:00;0.405;;
654611;unknown;control;2023-12-13 18:45:00+00:00;0.36;;
654611;unknown;control;2023-12-13 19:00:00+00:00;0.234;;
654611;unknown;control;2023-12-13 19:15:00+00:00;0.358;;
654611;unknown;control;2023-12-13 19:30:00+00:00;0.309;;
654611;unknown;control;2023-12-13 19:45:00+00:00;0.295;;
654611;unknown;control;2023-12-13 20:00:00+00:00;0.279;;
654611;unknown;control;2023-12-13 20:15:00+00:00;0.23;;
654611;unknown;control;2023-12-13 20:30:00+00:00;0.309;;
654611;unknown;control;2023-12-13 20:45:00+00:00;0.226;;
654611;unknown;control;2023-12-13 21:00:00+00:00;0.311;;
654611;unknown;control;2023-12-13 21:15:00+00:00;0.356;;
654611;unknown;control;2023-12-13 21:30:00+00:00;0.26;;
654611;unknown;control;2023-12-13 21:45:00+00:00;0.279;;
654611;unknown;control;2023-12-13 22:00:00+00:00;0.198;;
654611;unknown;control;2023-12-13 22:15:00+00:00;0.09;;
654611;unknown;control;2023-12-13 22:30:00+00:00;0.052;;
654611;unknown;control;2023-12-13 22:45:00+00:00;0.058;;
654611;unknown;control;2023-12-13 23:00:00+00:00;0.065;;
654611;unknown;control;2023-12-13 23:15:00+00:00;0.076;;
654611;unknown;control;2023-12-13 23:30:00+00:00;0.072;;
654611;unknown;control;2023-12-13 23:45:00+00:00;0.058;;
654611;unknown;control;2023-12-14 00:00:00+00:00;0.066;;
654611;unknown;control;2023-12-14 00:15:00+00:00;0.07;;
654611;unknown;control;2023-12-14 00:30:00+00:00;0.065;;
654611;unknown;control;2023-12-14 00:45:00+00:00;0.06;;
654611;unknown;control;2023-12-14 01:00:00+00:00;0.049;;
654611;unknown;control;2023-12-14 01:15:00+00:00;0.051;;
654611;unknown;control;2023-12-14 01:30:00+00:00;0.046;;
654611;unknown;control;2023-12-14 01:45:00+00:00;0.042;;
654611;unknown;control;2023-12-14 02:00:00+00:00;0.055;;
654611;unknown;control;2023-12-14 02:15:00+00:00;0.063;;
654611;unknown;control;2023-12-14 02:30:00+00:00;0.058;;
654611;unknown;control;2023-12-14 02:45:00+00:00;0.055;;
654611;unknown;control;2023-12-14 03:00:00+00:00;0.073;;
654611;unknown;control;2023-12-14 03:15:00+00:00;0.06;;
654611;unknown;control;2023-12-14 03:30:00+00:00;0.047;;
654611;unknown;control;2023-12-14 03:45:00+00:00;0.044;;
654611;unknown;control;2023-12-14 04:00:00+00:00;0.048;;
654611;unknown;control;2023-12-14 04:15:00+00:00;0.062;;
654611;unknown;control;2023-12-14 04:30:00+00:00;0.168;;
654611;unknown;control;2023-12-14 04:45:00+00:00;0.361;;
654611;unknown;control;2023-12-14 05:00:00+00:00;0.175;;
654611;unknown;control;2023-12-14 05:15:00+00:00;0.122;;
654611;unknown;control;2023-12-14 05:30:00+00:00;0.119;;
654611;unknown;control;2023-12-14 05:45:00+00:00;0.157;;
654611;unknown;control;2023-12-14 06:00:00+00:00;0.195;;
654611;unknown;control;2023-12-14 06:15:00+00:00;0.228;;
654611;unknown;control;2023-12-14 06:30:00+00:00;0.448;;
654611;unknown;control;2023-12-14 06:45:00+00:00;0.158;;
654611;unknown;control;2023-12-14 07:00:00+00:00;0.135;;
654611;unknown;control;2023-12-14 07:15:00+00:00;0.074;;
654611;unknown;control;2023-12-14 07:30:00+00:00;0.061;;
654611;unknown;control;2023-12-14 07:45:00+00:00;0.216;;
654611;unknown;control;2023-12-14 08:00:00+00:00;0.078;;
654611;unknown;control;2023-12-14 08:15:00+00:00;0.052;;
654611;unknown;control;2023-12-14 08:30:00+00:00;0.029;;
654611;unknown;control;2023-12-14 08:45:00+00:00;0.033;;
654611;unknown;control;2023-12-14 09:00:00+00:00;0.471;;
654611;unknown;control;2023-12-14 09:15:00+00:00;0.656;;
654611;unknown;control;2023-12-14 09:30:00+00:00;0.547;;
654611;unknown;control;2023-12-14 09:45:00+00:00;0.492;;
654611;unknown;control;2023-12-14 10:00:00+00:00;0.039;;
654611;unknown;control;2023-12-14 10:15:00+00:00;0.029;;
654611;unknown;control;2023-12-14 10:30:00+00:00;0.033;;
654611;unknown;control;2023-12-14 10:45:00+00:00;0.021;;
654611;unknown;control;2023-12-14 11:00:00+00:00;0.353;;
654611;unknown;control;2023-12-14 11:15:00+00:00;0.573;;
654611;unknown;control;2023-12-14 11:30:00+00:00;0.458;;
654611;unknown;control;2023-12-14 11:45:00+00:00;0.461;;
654611;unknown;control;2023-12-14 12:00:00+00:00;0.41;;
654611;unknown;control;2023-12-14 12:15:00+00:00;0.37;;
654611;unknown;control;2023-12-14 12:30:00+00:00;0.357;;
654611;unknown;control;2023-12-14 12:45:00+00:00;0.316;;
654611;unknown;control;2023-12-14 13:00:00+00:00;0.335;;
654611;unknown;control;2023-12-14 13:15:00+00:00;0.165;;
654611;unknown;control;2023-12-14 13:30:00+00:00;0.202;;
654611;unknown;control;2023-12-14 13:45:00+00:00;0.395;;
654611;unknown;control;2023-12-14 14:00:00+00:00;0.666;;
654611;unknown;control;2023-12-14 14:15:00+00:00;0.42;;
654611;unknown;control;2023-12-14 14:30:00+00:00;0.438;;
654611;unknown;control;2023-12-14 14:45:00+00:00;0.303;;
654611;unknown;control;2023-12-14 15:00:00+00:00;0.248;;
654611;unknown;control;2023-12-14 15:15:00+00:00;0.25;;
654611;unknown;control;2023-12-14 15:30:00+00:00;0.331;;
654611;unknown;control;2023-12-14 15:45:00+00:00;0.324;;
654611;unknown;control;2023-12-14 16:00:00+00:00;0.304;;
654611;unknown;control;2023-12-14 16:15:00+00:00;0.378;;
654611;unknown;control;2023-12-14 16:30:00+00:00;0.31;;
654611;unknown;control;2023-12-14 16:45:00+00:00;0.287;;
654611;unknown;control;2023-12-14 17:00:00+00:00;0.271;;
654611;unknown;control;2023-12-14 17:15:00+00:00;0.279;;
654611;unknown;control;2023-12-14 17:30:00+00:00;0.404;;
654611;unknown;control;2023-12-14 17:45:00+00:00;0.263;;
654611;unknown;control;2023-12-14 18:00:00+00:00;0.295;;
654611;unknown;control;2023-12-14 18:15:00+00:00;0.373;;
654611;unknown;control;2023-12-14 18:30:00+00:00;0.332;;
654611;unknown;control;2023-12-14 18:45:00+00:00;0.298;;
654611;unknown;control;2023-12-14 19:00:00+00:00;0.264;;
654611;unknown;control;2023-12-14 19:15:00+00:00;0.262;;
654611;unknown;control;2023-12-14 19:30:00+00:00;0.264;;
654611;unknown;control;2023-12-14 19:45:00+00:00;0.27;;
654611;unknown;control;2023-12-14 20:00:00+00:00;0.24;;
654611;unknown;control;2023-12-14 20:15:00+00:00;0.196;;
654611;unknown;control;2023-12-14 20:30:00+00:00;0.335;;
654611;unknown;control;2023-12-14 20:45:00+00:00;0.33;;
654611;unknown;control;2023-12-14 21:00:00+00:00;0.314;;
654611;unknown;control;2023-12-14 21:15:00+00:00;0.318;;
654611;unknown;control;2023-12-14 21:30:00+00:00;0.252;;
654611;unknown;control;2023-12-14 21:45:00+00:00;0.26;;
654611;unknown;control;2023-12-14 22:00:00+00:00;0.062;;
654611;unknown;control;2023-12-14 22:15:00+00:00;0.056;;
654611;unknown;control;2023-12-14 22:30:00+00:00;0.042;;
654611;unknown;control;2023-12-14 22:45:00+00:00;0.043;;
654611;unknown;control;2023-12-14 23:00:00+00:00;0.056;;
654611;unknown;control;2023-12-14 23:15:00+00:00;0.045;;
654611;unknown;control;2023-12-14 23:30:00+00:00;0.059;;
654611;unknown;control;2023-12-14 23:45:00+00:00;0.057;;
654611;unknown;control;2023-12-15 00:00:00+00:00;0.057;;
654611;unknown;control;2023-12-15 00:15:00+00:00;0.051;;
654611;unknown;control;2023-12-15 00:30:00+00:00;0.056;;
654611;unknown;control;2023-12-15 00:45:00+00:00;0.058;;
654611;unknown;control;2023-12-15 01:00:00+00:00;0.048;;
654611;unknown;control;2023-12-15 01:15:00+00:00;0.059;;
654611;unknown;control;2023-12-15 01:30:00+00:00;0.063;;
654611;unknown;control;2023-12-15 01:45:00+00:00;0.05;;
654611;unknown;control;2023-12-15 02:00:00+00:00;0.048;;
654611;unknown;control;2023-12-15 02:15:00+00:00;0.049;;
654611;unknown;control;2023-12-15 02:30:00+00:00;0.058;;
654611;unknown;control;2023-12-15 02:45:00+00:00;0.071;;
654611;unknown;control;2023-12-15 03:00:00+00:00;0.053;;
654611;unknown;control;2023-12-15 03:15:00+00:00;0.066;;
654611;unknown;control;2023-12-15 03:30:00+00:00;0.051;;
654611;unknown;control;2023-12-15 03:45:00+00:00;0.041;;
654611;unknown;control;2023-12-15 04:00:00+00:00;0.042;;
654611;unknown;control;2023-12-15 04:15:00+00:00;0.049;;
654611;unknown;control;2023-12-15 04:30:00+00:00;0.154;;
654611;unknown;control;2023-12-15 04:45:00+00:00;0.375;;
654611;unknown;control;2023-12-15 05:00:00+00:00;0.142;;
654611;unknown;control;2023-12-15 05:15:00+00:00;0.183;;
654611;unknown;control;2023-12-15 05:30:00+00:00;0.125;;
654611;unknown;control;2023-12-15 05:45:00+00:00;0.123;;
654611;unknown;control;2023-12-15 06:00:00+00:00;0.13;;
654611;unknown;control;2023-12-15 06:15:00+00:00;0.209;;
654611;unknown;control;2023-12-15 06:30:00+00:00;0.129;;
654611;unknown;control;2023-12-15 06:45:00+00:00;0.145;;
654611;unknown;control;2023-12-15 07:00:00+00:00;0.111;;
654611;unknown;control;2023-12-15 07:15:00+00:00;0.095;;
654611;unknown;control;2023-12-15 07:30:00+00:00;0.12;;
654611;unknown;control;2023-12-15 07:45:00+00:00;0.201;;
654611;unknown;control;2023-12-15 08:00:00+00:00;0.152;;
654611;unknown;control;2023-12-15 08:15:00+00:00;0.105;;
654611;unknown;control;2023-12-15 08:30:00+00:00;0.058;;
654611;unknown;control;2023-12-15 08:45:00+00:00;0.032;;
654611;unknown;control;2023-12-15 09:00:00+00:00;0.465;;
654611;unknown;control;2023-12-15 09:15:00+00:00;0.716;;
654611;unknown;control;2023-12-15 09:30:00+00:00;0.574;;
654611;unknown;control;2023-12-15 09:45:00+00:00;0.603;;
654611;unknown;control;2023-12-15 10:00:00+00:00;0.063;;
654611;unknown;control;2023-12-15 10:15:00+00:00;0.061;;
654611;unknown;control;2023-12-15 10:30:00+00:00;0.188;;
654611;unknown;control;2023-12-15 10:45:00+00:00;0.084;;
654611;unknown;control;2023-12-15 11:00:00+00:00;0.658;;
654611;unknown;control;2023-12-15 11:15:00+00:00;0.617;;
654611;unknown;control;2023-12-15 11:30:00+00:00;0.455;;
654611;unknown;control;2023-12-15 11:45:00+00:00;0.398;;
654611;unknown;control;2023-12-15 12:00:00+00:00;0.373;;
654611;unknown;control;2023-12-15 12:15:00+00:00;0.377;;
654611;unknown;control;2023-12-15 12:30:00+00:00;0.31;;
654611;unknown;control;2023-12-15 12:45:00+00:00;0.072;;
654611;unknown;control;2023-12-15 13:00:00+00:00;0.412;;
654611;unknown;control;2023-12-15 13:15:00+00:00;0.412;;
654611;unknown;control;2023-12-15 13:30:00+00:00;0.673;;
654611;unknown;control;2023-12-15 13:45:00+00:00;0.507;;
654611;unknown;control;2023-12-15 14:00:00+00:00;0.612;;
654611;unknown;control;2023-12-15 14:15:00+00:00;0.584;;
654611;unknown;control;2023-12-15 14:30:00+00:00;0.5;;
654611;unknown;control;2023-12-15 14:45:00+00:00;0.412;;
654611;unknown;control;2023-12-15 15:00:00+00:00;0.312;;
654611;unknown;control;2023-12-15 15:15:00+00:00;0.509;;
654611;unknown;control;2023-12-15 15:30:00+00:00;0.463;;
654611;unknown;control;2023-12-15 15:45:00+00:00;0.47;;
654611;unknown;control;2023-12-15 16:00:00+00:00;0.463;;
654611;unknown;control;2023-12-15 16:15:00+00:00;0.467;;
654611;unknown;control;2023-12-15 16:30:00+00:00;0.436;;
654611;unknown;control;2023-12-15 16:45:00+00:00;0.416;;
654611;unknown;control;2023-12-15 17:00:00+00:00;0.329;;
654611;unknown;control;2023-12-15 17:15:00+00:00;0.506;;
654611;unknown;control;2023-12-15 17:30:00+00:00;0.521;;
654611;unknown;control;2023-12-15 17:45:00+00:00;0.426;;
654611;unknown;control;2023-12-15 18:00:00+00:00;0.398;;
654611;unknown;control;2023-12-15 18:15:00+00:00;0.395;;
654611;unknown;control;2023-12-15 18:30:00+00:00;0.395;;
654611;unknown;control;2023-12-15 18:45:00+00:00;0.39;;
654611;unknown;control;2023-12-15 19:00:00+00:00;0.281;;
654611;unknown;control;2023-12-15 19:15:00+00:00;0.238;;
654611;unknown;control;2023-12-15 19:30:00+00:00;0.065;;
654611;unknown;control;2023-12-15 19:45:00+00:00;0.062;;
654611;unknown;control;2023-12-15 20:00:00+00:00;0.074;;
654611;unknown;control;2023-12-15 20:15:00+00:00;0.058;;
654611;unknown;control;2023-12-15 20:30:00+00:00;0.067;;
654611;unknown;control;2023-12-15 20:45:00+00:00;0.059;;
654611;unknown;control;2023-12-15 21:00:00+00:00;0.063;;
654611;unknown;control;2023-12-15 21:15:00+00:00;0.074;;
654611;unknown;control;2023-12-15 21:30:00+00:00;0.053;;
654611;unknown;control;2023-12-15 21:45:00+00:00;0.054;;
654611;unknown;control;2023-12-15 22:00:00+00:00;0.051;;
654611;unknown;control;2023-12-15 22:15:00+00:00;0.043;;
654611;unknown;control;2023-12-15 22:30:00+00:00;0.045;;
654611;unknown;control;2023-12-15 22:45:00+00:00;0.041;;
654611;unknown;control;2023-12-15 23:00:00+00:00;0.049;;
654611;unknown;control;2023-12-15 23:15:00+00:00;0.061;;
654611;unknown;control;2023-12-15 23:30:00+00:00;0.06;;
654611;unknown;control;2023-12-15 23:45:00+00:00;0.068;;
654611;unknown;control;2023-12-16 00:00:00+00:00;0.055;;
654611;unknown;control;2023-12-16 00:15:00+00:00;0.048;;
654611;unknown;control;2023-12-16 00:30:00+00:00;0.04;;
654611;unknown;control;2023-12-16 00:45:00+00:00;0.047;;
654611;unknown;control;2023-12-16 01:00:00+00:00;0.047;;
654611;unknown;control;2023-12-16 01:15:00+00:00;0.046;;
654611;unknown;control;2023-12-16 01:30:00+00:00;0.045;;
654611;unknown;control;2023-12-16 01:45:00+00:00;0.052;;
654611;unknown;control;2023-12-16 02:00:00+00:00;0.058;;
654611;unknown;control;2023-12-16 02:15:00+00:00;0.057;;
654611;unknown;control;2023-12-16 02:30:00+00:00;0.055;;
654611;unknown;control;2023-12-16 02:45:00+00:00;0.066;;
654611;unknown;control;2023-12-16 03:00:00+00:00;0.056;;
654611;unknown;control;2023-12-16 03:15:00+00:00;0.055;;
654611;unknown;control;2023-12-16 03:30:00+00:00;0.074;;
654611;unknown;control;2023-12-16 03:45:00+00:00;0.054;;
654611;unknown;control;2023-12-16 04:00:00+00:00;0.047;;
654611;unknown;control;2023-12-16 04:15:00+00:00;0.062;;
654611;unknown;control;2023-12-16 04:30:00+00:00;0.063;;
654611;unknown;control;2023-12-16 04:45:00+00:00;0.063;;
654611;unknown;control;2023-12-16 05:00:00+00:00;0.064;;
654611;unknown;control;2023-12-16 05:15:00+00:00;0.056;;
654611;unknown;control;2023-12-16 05:30:00+00:00;0.049;;
654611;unknown;control;2023-12-16 05:45:00+00:00;0.053;;
654611;unknown;control;2023-12-16 06:00:00+00:00;0.054;;
654611;unknown;control;2023-12-16 06:15:00+00:00;0.053;;
654611;unknown;control;2023-12-16 06:30:00+00:00;0.058;;
654611;unknown;control;2023-12-16 06:45:00+00:00;0.06;;
654611;unknown;control;2023-12-16 07:00:00+00:00;0.054;;
654611;unknown;control;2023-12-16 07:15:00+00:00;0.077;;
654611;unknown;control;2023-12-16 07:30:00+00:00;0.067;;
654611;unknown;control;2023-12-16 07:45:00+00:00;0.059;;
654611;unknown;control;2023-12-16 08:00:00+00:00;0.05;;
654611;unknown;control;2023-12-16 08:15:00+00:00;0.021;;
654611;unknown;control;2023-12-16 08:30:00+00:00;0.008;;
654611;unknown;control;2023-12-16 08:45:00+00:00;0.013;;
654611;unknown;control;2023-12-16 09:00:00+00:00;0.788;;
654611;unknown;control;2023-12-16 09:15:00+00:00;1.304;;
654611;unknown;control;2023-12-16 09:30:00+00:00;1.293;;
654611;unknown;control;2023-12-16 09:45:00+00:00;0.937;;
654611;unknown;control;2023-12-16 10:00:00+00:00;0.819;;
654611;unknown;control;2023-12-16 10:15:00+00:00;0.853;;
654611;unknown;control;2023-12-16 10:30:00+00:00;0.36;;
654611;unknown;control;2023-12-16 10:45:00+00:00;0.757;;
654611;unknown;control;2023-12-16 11:00:00+00:00;0.737;;
654611;unknown;control;2023-12-16 11:15:00+00:00;0.779;;
654611;unknown;control;2023-12-16 11:30:00+00:00;0.375;;
654611;unknown;control;2023-12-16 11:45:00+00:00;0.696;;
654611;unknown;control;2023-12-16 12:00:00+00:00;0.593;;
654611;unknown;control;2023-12-16 12:15:00+00:00;0.608;;
654611;unknown;control;2023-12-16 12:30:00+00:00;0.661;;
654611;unknown;control;2023-12-16 12:45:00+00:00;0.272;;
654611;unknown;control;2023-12-16 13:00:00+00:00;0.627;;
654611;unknown;control;2023-12-16 13:15:00+00:00;0.528;;
654611;unknown;control;2023-12-16 13:30:00+00:00;0.497;;
654611;unknown;control;2023-12-16 13:45:00+00:00;0.499;;
654611;unknown;control;2023-12-16 14:00:00+00:00;0.796;;
654611;unknown;control;2023-12-16 14:15:00+00:00;0.453;;
654611;unknown;control;2023-12-16 14:30:00+00:00;0.439;;
654611;unknown;control;2023-12-16 14:45:00+00:00;0.359;;
654611;unknown;control;2023-12-16 15:00:00+00:00;0.574;;
654611;unknown;control;2023-12-16 15:15:00+00:00;0.479;;
654611;unknown;control;2023-12-16 15:30:00+00:00;0.463;;
654611;unknown;control;2023-12-16 15:45:00+00:00;0.456;;
654611;unknown;control;2023-12-16 16:00:00+00:00;0.469;;
654611;unknown;control;2023-12-16 16:15:00+00:00;0.469;;
654611;unknown;control;2023-12-16 16:30:00+00:00;0.46;;
654611;unknown;control;2023-12-16 16:45:00+00:00;0.439;;
654611;unknown;control;2023-12-16 17:00:00+00:00;0.368;;
654611;unknown;control;2023-12-16 17:15:00+00:00;0.541;;
654611;unknown;control;2023-12-16 17:30:00+00:00;0.49;;
654611;unknown;control;2023-12-16 17:45:00+00:00;0.471;;
654611;unknown;control;2023-12-16 18:00:00+00:00;0.446;;
654611;unknown;control;2023-12-16 18:15:00+00:00;0.44;;
654611;unknown;control;2023-12-16 18:30:00+00:00;0.464;;
654611;unknown;control;2023-12-16 18:45:00+00:00;0.522;;
654611;unknown;control;2023-12-16 19:00:00+00:00;0.419;;
654611;unknown;control;2023-12-16 19:15:00+00:00;0.454;;
654611;unknown;control;2023-12-16 19:30:00+00:00;0.291;;
654611;unknown;control;2023-12-16 19:45:00+00:00;0.477;;
654611;unknown;control;2023-12-16 20:00:00+00:00;0.307;;
654611;unknown;control;2023-12-16 20:15:00+00:00;0.326;;
654611;unknown;control;2023-12-16 20:30:00+00:00;0.428;;
654611;unknown;control;2023-12-16 20:45:00+00:00;0.375;;
654611;unknown;control;2023-12-16 21:00:00+00:00;0.378;;
654611;unknown;control;2023-12-16 21:15:00+00:00;0.503;;
654611;unknown;control;2023-12-16 21:30:00+00:00;0.305;;
654611;unknown;control;2023-12-16 21:45:00+00:00;0.457;;
654611;unknown;control;2023-12-16 22:00:00+00:00;0.064;;
654611;unknown;control;2023-12-16 22:15:00+00:00;0.05;;
654611;unknown;control;2023-12-16 22:30:00+00:00;0.057;;
654611;unknown;control;2023-12-16 22:45:00+00:00;0.054;;
654611;unknown;control;2023-12-16 23:00:00+00:00;0.056;;
654611;unknown;control;2023-12-16 23:15:00+00:00;0.056;;
654611;unknown;control;2023-12-16 23:30:00+00:00;0.057;;
654611;unknown;control;2023-12-16 23:45:00+00:00;0.057;;
654611;unknown;control;2023-12-17 00:00:00+00:00;0.051;;
654611;unknown;control;2023-12-17 00:15:00+00:00;0.069;;
654611;unknown;control;2023-12-17 00:30:00+00:00;0.054;;
654611;unknown;control;2023-12-17 00:45:00+00:00;0.054;;
654611;unknown;control;2023-12-17 01:00:00+00:00;0.056;;
654611;unknown;control;2023-12-17 01:15:00+00:00;0.061;;
654611;unknown;control;2023-12-17 01:30:00+00:00;0.063;;
654611;unknown;control;2023-12-17 01:45:00+00:00;0.069;;
654611;unknown;control;2023-12-17 02:00:00+00:00;0.054;;
654611;unknown;control;2023-12-17 02:15:00+00:00;0.048;;
654611;unknown;control;2023-12-17 02:30:00+00:00;0.047;;
654611;unknown;control;2023-12-17 02:45:00+00:00;0.053;;
654611;unknown;control;2023-12-17 03:00:00+00:00;0.047;;
654611;unknown;control;2023-12-17 03:15:00+00:00;0.051;;
654611;unknown;control;2023-12-17 03:30:00+00:00;0.06;;
654611;unknown;control;2023-12-17 03:45:00+00:00;0.056;;
654611;unknown;control;2023-12-17 04:00:00+00:00;0.067;;
654611;unknown;control;2023-12-17 04:15:00+00:00;0.063;;
654611;unknown;control;2023-12-17 04:30:00+00:00;0.046;;
654611;unknown;control;2023-12-17 04:45:00+00:00;0.049;;
654611;unknown;control;2023-12-17 05:00:00+00:00;0.05;;
654611;unknown;control;2023-12-17 05:15:00+00:00;0.058;;
654611;unknown;control;2023-12-17 05:30:00+00:00;0.048;;
654611;unknown;control;2023-12-17 05:45:00+00:00;0.045;;
654611;unknown;control;2023-12-17 06:00:00+00:00;0.06;;
654611;unknown;control;2023-12-17 06:15:00+00:00;0.061;;
654611;unknown;control;2023-12-17 06:30:00+00:00;0.053;;
654611;unknown;control;2023-12-17 06:45:00+00:00;0.049;;
654611;unknown;control;2023-12-17 07:00:00+00:00;0.058;;
654611;unknown;control;2023-12-17 07:15:00+00:00;0.055;;
654611;unknown;control;2023-12-17 07:30:00+00:00;0.052;;
654611;unknown;control;2023-12-17 07:45:00+00:00;0.066;;
654611;unknown;control;2023-12-17 08:00:00+00:00;0.071;;
654611;unknown;control;2023-12-17 08:15:00+00:00;0.052;;
654611;unknown;control;2023-12-17 08:30:00+00:00;0.034;;
654611;unknown;control;2023-12-17 08:45:00+00:00;0.029;;
654611;unknown;control;2023-12-17 09:00:00+00:00;0.881;;
654611;unknown;control;2023-12-17 09:15:00+00:00;1.344;;
654611;unknown;control;2023-12-17 09:30:00+00:00;1.33;;
654611;unknown;control;2023-12-17 09:45:00+00:00;0.998;;
654611;unknown;control;2023-12-17 10:00:00+00:00;0.915;;
654611;unknown;control;2023-12-17 10:15:00+00:00;0.864;;
654611;unknown;control;2023-12-17 10:30:00+00:00;1.176;;
654611;unknown;control;2023-12-17 10:45:00+00:00;0.71;;
654611;unknown;control;2023-12-17 11:00:00+00:00;0.763;;
654611;unknown;control;2023-12-17 11:15:00+00:00;0.795;;
654611;unknown;control;2023-12-17 11:30:00+00:00;0.974;;
654611;unknown;control;2023-12-17 11:45:00+00:00;0.702;;
654611;unknown;control;2023-12-17 12:00:00+00:00;0.61;;
654611;unknown;control;2023-12-17 12:15:00+00:00;0.596;;
654611;unknown;control;2023-12-17 12:30:00+00:00;0.647;;
654611;unknown;control;2023-12-17 12:45:00+00:00;0.345;;
654611;unknown;control;2023-12-17 13:00:00+00:00;0.654;;
654611;unknown;control;2023-12-17 13:15:00+00:00;0.553;;
654611;unknown;control;2023-12-17 13:30:00+00:00;0.549;;
654611;unknown;control;2023-12-17 13:45:00+00:00;0.569;;
654611;unknown;control;2023-12-17 14:00:00+00:00;0.734;;
654611;unknown;control;2023-12-17 14:15:00+00:00;0.474;;
654611;unknown;control;2023-12-17 14:30:00+00:00;0.378;;
654611;unknown;control;2023-12-17 14:45:00+00:00;1.101;;
654611;unknown;control;2023-12-17 15:00:00+00:00;0.672;;
654611;unknown;control;2023-12-17 15:15:00+00:00;0.615;;
654611;unknown;control;2023-12-17 15:30:00+00:00;0.593;;
654611;unknown;control;2023-12-17 15:45:00+00:00;0.537;;
654611;unknown;control;2023-12-17 16:00:00+00:00;0.601;;
654611;unknown;control;2023-12-17 16:15:00+00:00;0.629;;
654611;unknown;control;2023-12-17 16:30:00+00:00;0.689;;
654611;unknown;control;2023-12-17 16:45:00+00:00;0.637;;
654611;unknown;control;2023-12-17 17:00:00+00:00;0.532;;
654611;unknown;control;2023-12-17 17:15:00+00:00;0.621;;
654611;unknown;control;2023-12-17 17:30:00+00:00;0.834;;
654611;unknown;control;2023-12-17 17:45:00+00:00;0.689;;
654611;unknown;control;2023-12-17 18:00:00+00:00;0.633;;
654611;unknown;control;2023-12-17 18:15:00+00:00;0.564;;
654611;unknown;control;2023-12-17 18:30:00+00:00;0.955;;
654611;unknown;control;2023-12-17 18:45:00+00:00;0.688;;
654611;unknown;control;2023-12-17 19:00:00+00:00;0.456;;
654611;unknown;control;2023-12-17 19:15:00+00:00;0.621;;
654611;unknown;control;2023-12-17 19:30:00+00:00;0.543;;
654611;unknown;control;2023-12-17 19:45:00+00:00;0.476;;
654611;unknown;control;2023-12-17 20:00:00+00:00;0.603;;
654611;unknown;control;2023-12-17 20:15:00+00:00;0.426;;
654611;unknown;control;2023-12-17 20:30:00+00:00;0.42;;
654611;unknown;control;2023-12-17 20:45:00+00:00;0.505;;
654611;unknown;control;2023-12-17 21:00:00+00:00;0.479;;
654611;unknown;control;2023-12-17 21:15:00+00:00;0.389;;
654611;unknown;control;2023-12-17 21:30:00+00:00;0.549;;
654611;unknown;control;2023-12-17 21:45:00+00:00;0.492;;
654611;unknown;control;2023-12-17 22:00:00+00:00;0.078;;
654611;unknown;control;2023-12-17 22:15:00+00:00;0.053;;
654611;unknown;control;2023-12-17 22:30:00+00:00;0.049;;
654611;unknown;control;2023-12-17 22:45:00+00:00;0.042;;
654611;unknown;control;2023-12-17 23:00:00+00:00;0.049;;
654611;unknown;control;2023-12-17 23:15:00+00:00;0.056;;
654611;unknown;control;2023-12-17 23:30:00+00:00;0.053;;
654611;unknown;control;2023-12-17 23:45:00+00:00;0.057;;
654611;unknown;control;2023-12-18 00:00:00+00:00;0.069;;
654611;unknown;control;2023-12-18 00:15:00+00:00;0.063;;
654611;unknown;control;2023-12-18 00:30:00+00:00;0.063;;
654611;unknown;control;2023-12-18 00:45:00+00:00;0.068;;
654611;unknown;control;2023-12-18 01:00:00+00:00;0.055;;
654611;unknown;control;2023-12-18 01:15:00+00:00;0.049;;
654611;unknown;control;2023-12-18 01:30:00+00:00;0.055;;
654611;unknown;control;2023-12-18 01:45:00+00:00;0.049;;
654611;unknown;control;2023-12-18 02:00:00+00:00;0.061;;
654611;unknown;control;2023-12-18 02:15:00+00:00;0.066;;
654611;unknown;control;2023-12-18 02:30:00+00:00;0.05;;
654611;unknown;control;2023-12-18 02:45:00+00:00;0.052;;
654611;unknown;control;2023-12-18 03:00:00+00:00;0.061;;
654611;unknown;control;2023-12-18 03:15:00+00:00;0.054;;
654611;unknown;control;2023-12-18 03:30:00+00:00;0.053;;
654611;unknown;control;2023-12-18 03:45:00+00:00;0.054;;
654611;unknown;control;2023-12-18 04:00:00+00:00;0.057;;
654611;unknown;control;2023-12-18 04:15:00+00:00;0.056;;
654611;unknown;control;2023-12-18 04:30:00+00:00;0.158;;
654611;unknown;control;2023-12-18 04:45:00+00:00;0.376;;
654611;unknown;control;2023-12-18 05:00:00+00:00;0.152;;
654611;unknown;control;2023-12-18 05:15:00+00:00;0.139;;
654611;unknown;control;2023-12-18 05:30:00+00:00;0.202;;
654611;unknown;control;2023-12-18 05:45:00+00:00;0.104;;
654611;unknown;control;2023-12-18 06:00:00+00:00;0.07;;
654611;unknown;control;2023-12-18 06:15:00+00:00;0.078;;
654611;unknown;control;2023-12-18 06:30:00+00:00;0.1;;
654611;unknown;control;2023-12-18 06:45:00+00:00;0.081;;
654611;unknown;control;2023-12-18 07:00:00+00:00;0.076;;
654611;unknown;control;2023-12-18 07:15:00+00:00;0.085;;
654611;unknown;control;2023-12-18 07:30:00+00:00;0.074;;
654611;unknown;control;2023-12-18 07:45:00+00:00;0.084;;
654611;unknown;control;2023-12-18 08:00:00+00:00;0.075;;
654611;unknown;control;2023-12-18 08:15:00+00:00;0.044;;
654611;unknown;control;2023-12-18 08:30:00+00:00;0.033;;
654611;unknown;control;2023-12-18 08:45:00+00:00;0.025;;
654611;unknown;control;2023-12-18 09:00:00+00:00;0.656;;
654611;unknown;control;2023-12-18 09:15:00+00:00;0.812;;
654611;unknown;control;2023-12-18 09:30:00+00:00;0.951;;
654611;unknown;control;2023-12-18 09:45:00+00:00;0.915;;
654611;unknown;control;2023-12-18 10:00:00+00:00;0.022;;
654611;unknown;control;2023-12-18 10:15:00+00:00;0.002;;
654611;unknown;control;2023-12-18 10:30:00+00:00;0.021;;
654611;unknown;control;2023-12-18 10:45:00+00:00;0.013;;
654611;unknown;control;2023-12-18 11:00:00+00:00;0.357;;
654611;unknown;control;2023-12-18 11:15:00+00:00;0.666;;
654611;unknown;control;2023-12-18 11:30:00+00:00;0.519;;
654611;unknown;control;2023-12-18 11:45:00+00:00;0.635;;
654611;unknown;control;2023-12-18 12:00:00+00:00;0.72;;
654611;unknown;control;2023-12-18 12:15:00+00:00;0.83;;
654611;unknown;control;2023-12-18 12:30:00+00:00;0.534;;
654611;unknown;control;2023-12-18 12:45:00+00:00;0.258;;
654611;unknown;control;2023-12-18 13:00:00+00:00;0.348;;
654611;unknown;control;2023-12-18 13:15:00+00:00;0.2;;
654611;unknown;control;2023-12-18 13:30:00+00:00;0.251;;
654611;unknown;control;2023-12-18 13:45:00+00:00;0.277;;
654611;unknown;control;2023-12-18 14:00:00+00:00;0.699;;
654611;unknown;control;2023-12-18 14:15:00+00:00;0.396;;
654611;unknown;control;2023-12-18 14:30:00+00:00;0.504;;
654611;unknown;control;2023-12-18 14:45:00+00:00;0.356;;
654611;unknown;control;2023-12-18 15:00:00+00:00;0.735;;
654611;unknown;control;2023-12-18 15:15:00+00:00;0.635;;
654611;unknown;control;2023-12-18 15:30:00+00:00;0.621;;
654611;unknown;control;2023-12-18 15:45:00+00:00;0.707;;
654611;unknown;control;2023-12-18 16:00:00+00:00;0.865;;
654611;unknown;control;2023-12-18 16:15:00+00:00;0.442;;
654611;unknown;control;2023-12-18 16:30:00+00:00;0.628;;
654611;unknown;control;2023-12-18 16:45:00+00:00;0.589;;
654611;unknown;control;2023-12-18 17:00:00+00:00;0.568;;
654611;unknown;control;2023-12-18 17:15:00+00:00;0.575;;
654611;unknown;control;2023-12-18 17:30:00+00:00;0.701;;
654611;unknown;control;2023-12-18 17:45:00+00:00;0.831;;
654611;unknown;control;2023-12-18 18:00:00+00:00;0.408;;
654611;unknown;control;2023-12-18 18:15:00+00:00;0.711;;
654611;unknown;control;2023-12-18 18:30:00+00:00;0.637;;
654611;unknown;control;2023-12-18 18:45:00+00:00;0.652;;
654611;unknown;control;2023-12-18 19:00:00+00:00;0.746;;
654611;unknown;control;2023-12-18 19:15:00+00:00;1.077;;
654611;unknown;control;2023-12-18 19:30:00+00:00;0.853;;
654611;unknown;control;2023-12-18 19:45:00+00:00;0.863;;
654611;unknown;control;2023-12-18 20:00:00+00:00;0.701;;
654611;unknown;control;2023-12-18 20:15:00+00:00;0.779;;
654611;unknown;control;2023-12-18 20:30:00+00:00;1.289;;
654611;unknown;control;2023-12-18 20:45:00+00:00;0.747;;
654611;unknown;control;2023-12-18 21:00:00+00:00;0.583;;
654611;unknown;control;2023-12-18 21:15:00+00:00;0.59;;
654611;unknown;control;2023-12-18 21:30:00+00:00;0.611;;
654611;unknown;control;2023-12-18 21:45:00+00:00;0.708;;
654611;unknown;control;2023-12-18 22:00:00+00:00;0.074;;
654611;unknown;control;2023-12-18 22:15:00+00:00;0.054;;
654611;unknown;control;2023-12-18 22:30:00+00:00;0.063;;
654611;unknown;control;2023-12-18 22:45:00+00:00;0.065;;
654611;unknown;control;2023-12-18 23:00:00+00:00;0.064;;
654611;unknown;control;2023-12-18 23:15:00+00:00;0.076;;
654611;unknown;control;2023-12-18 23:30:00+00:00;0.068;;
654611;unknown;control;2023-12-18 23:45:00+00:00;0.054;;
654611;unknown;control;2023-12-19 00:00:00+00:00;0.07;;
654611;unknown;control;2023-12-19 00:15:00+00:00;0.049;;
654611;unknown;control;2023-12-19 00:30:00+00:00;0.049;;
654611;unknown;control;2023-12-19 00:45:00+00:00;0.058;;
654611;unknown;control;2023-12-19 01:00:00+00:00;0.057;;
654611;unknown;control;2023-12-19 01:15:00+00:00;0.062;;
654611;unknown;control;2023-12-19 01:30:00+00:00;0.062;;
654611;unknown;control;2023-12-19 01:45:00+00:00;0.053;;
654611;unknown;control;2023-12-19 02:00:00+00:00;0.072;;
654611;unknown;control;2023-12-19 02:15:00+00:00;0.055;;
654611;unknown;control;2023-12-19 02:30:00+00:00;0.049;;
654611;unknown;control;2023-12-19 02:45:00+00:00;0.05;;
654611;unknown;control;2023-12-19 03:00:00+00:00;0.049;;
654611;unknown;control;2023-12-19 03:15:00+00:00;0.053;;
654611;unknown;control;2023-12-19 03:30:00+00:00;0.053;;
654611;unknown;control;2023-12-19 03:45:00+00:00;0.06;;
654611;unknown;control;2023-12-19 04:00:00+00:00;0.063;;
654611;unknown;control;2023-12-19 04:15:00+00:00;0.058;;
654611;unknown;control;2023-12-19 04:30:00+00:00;0.16;;
654611;unknown;control;2023-12-19 04:45:00+00:00;0.361;;
654611;unknown;control;2023-12-19 05:00:00+00:00;0.069;;
654611;unknown;control;2023-12-19 05:15:00+00:00;0.094;;
654611;unknown;control;2023-12-19 05:30:00+00:00;0.088;;
654611;unknown;control;2023-12-19 05:45:00+00:00;0.085;;
654611;unknown;control;2023-12-19 06:00:00+00:00;0.079;;
654611;unknown;control;2023-12-19 06:15:00+00:00;0.056;;
654611;unknown;control;2023-12-19 06:30:00+00:00;0.054;;
654611;unknown;control;2023-12-19 06:45:00+00:00;0.052;;
654611;unknown;control;2023-12-19 07:00:00+00:00;0.054;;
654611;unknown;control;2023-12-19 07:15:00+00:00;0.054;;
654611;unknown;control;2023-12-19 07:30:00+00:00;0.051;;
654611;unknown;control;2023-12-19 07:45:00+00:00;0.05;;
654611;unknown;control;2023-12-19 08:00:00+00:00;0.008;;
654611;unknown;control;2023-12-19 08:15:00+00:00;0.009;;
654611;unknown;control;2023-12-19 08:30:00+00:00;0.0;;
654611;unknown;control;2023-12-19 08:45:00+00:00;0.0;;
654611;unknown;control;2023-12-19 09:00:00+00:00;0.577;;
654611;unknown;control;2023-12-19 09:15:00+00:00;1.136;;
654611;unknown;control;2023-12-19 09:30:00+00:00;0.685;;
654611;unknown;control;2023-12-19 09:45:00+00:00;0.308;;
654611;unknown;control;2023-12-19 10:00:00+00:00;0.001;;
654611;unknown;control;2023-12-19 10:15:00+00:00;0.0;;
654611;unknown;control;2023-12-19 10:30:00+00:00;0.0;;
654611;unknown;control;2023-12-19 10:45:00+00:00;0.0;;
654611;unknown;control;2023-12-19 11:00:00+00:00;0.0;;
654611;unknown;control;2023-12-19 11:15:00+00:00;0.0;;
654611;unknown;control;2023-12-19 11:30:00+00:00;0.0;;
654611;unknown;control;2023-12-19 11:45:00+00:00;0.0;;
654611;unknown;control;2023-12-19 12:00:00+00:00;0.0;;
654611;unknown;control;2023-12-19 12:15:00+00:00;0.0;;
654611;unknown;control;2023-12-19 12:30:00+00:00;0.0;;
654611;unknown;control;2023-12-19 12:45:00+00:00;0.0;;
654611;unknown;control;2023-12-19 13:00:00+00:00;0.081;;
654611;unknown;control;2023-12-19 13:15:00+00:00;0.0;;
654611;unknown;control;2023-12-19 13:30:00+00:00;0.0;;
654611;unknown;control;2023-12-19 13:45:00+00:00;0.0;;
654611;unknown;control;2023-12-19 14:00:00+00:00;0.381;;
654611;unknown;control;2023-12-19 14:15:00+00:00;0.362;;
654611;unknown;control;2023-12-19 14:30:00+00:00;0.282;;
654611;unknown;control;2023-12-19 14:45:00+00:00;0.497;;
654611;unknown;control;2023-12-19 15:00:00+00:00;0.258;;
654611;unknown;control;2023-12-19 15:15:00+00:00;0.536;;
654611;unknown;control;2023-12-19 15:30:00+00:00;0.483;;
654611;unknown;control;2023-12-19 15:45:00+00:00;0.478;;
654611;unknown;control;2023-12-19 16:00:00+00:00;0.47;;
654611;unknown;control;2023-12-19 16:15:00+00:00;0.46;;
654611;unknown;control;2023-12-19 16:30:00+00:00;0.413;;
654611;unknown;control;2023-12-19 16:45:00+00:00;0.338;;
654611;unknown;control;2023-12-19 17:00:00+00:00;0.362;;
654611;unknown;control;2023-12-19 17:15:00+00:00;0.534;;
654611;unknown;control;2023-12-19 17:30:00+00:00;0.459;;
654611;unknown;control;2023-12-19 17:45:00+00:00;0.437;;
654611;unknown;control;2023-12-19 18:00:00+00:00;0.434;;
654611;unknown;control;2023-12-19 18:15:00+00:00;0.439;;
654611;unknown;control;2023-12-19 18:30:00+00:00;0.471;;
654611;unknown;control;2023-12-19 18:45:00+00:00;0.431;;
654611;unknown;control;2023-12-19 19:00:00+00:00;0.394;;
654611;unknown;control;2023-12-19 19:15:00+00:00;0.546;;
654611;unknown;control;2023-12-19 19:30:00+00:00;0.448;;
654611;unknown;control;2023-12-19 19:45:00+00:00;0.416;;
654611;unknown;control;2023-12-19 20:00:00+00:00;0.428;;
654611;unknown;control;2023-12-19 20:15:00+00:00;0.413;;
654611;unknown;control;2023-12-19 20:30:00+00:00;0.394;;
654611;unknown;control;2023-12-19 20:45:00+00:00;0.358;;
654611;unknown;control;2023-12-19 21:00:00+00:00;0.394;;
654611;unknown;control;2023-12-19 21:15:00+00:00;0.514;;
654611;unknown;control;2023-12-19 21:30:00+00:00;0.396;;
654611;unknown;control;2023-12-19 21:45:00+00:00;0.401;;
654611;unknown;control;2023-12-19 22:00:00+00:00;0.062;;
654611;unknown;control;2023-12-19 22:15:00+00:00;0.055;;
654611;unknown;control;2023-12-19 22:30:00+00:00;0.054;;
654611;unknown;control;2023-12-19 22:45:00+00:00;0.055;;
654611;unknown;control;2023-12-19 23:00:00+00:00;0.073;;
654611;unknown;control;2023-12-19 23:15:00+00:00;0.07;;
654611;unknown;control;2023-12-19 23:30:00+00:00;0.076;;
654611;unknown;control;2023-12-19 23:45:00+00:00;0.059;;
654611;unknown;control;2023-12-20 00:00:00+00:00;0.05;;
654611;unknown;control;2023-12-20 00:15:00+00:00;0.043;;
654611;unknown;control;2023-12-20 00:30:00+00:00;0.05;;
654611;unknown;control;2023-12-20 00:45:00+00:00;0.066;;
654611;unknown;control;2023-12-20 01:00:00+00:00;0.051;;
654611;unknown;control;2023-12-20 01:15:00+00:00;0.045;;
654611;unknown;control;2023-12-20 01:30:00+00:00;0.069;;
654611;unknown;control;2023-12-20 01:45:00+00:00;0.065;;
654611;unknown;control;2023-12-20 02:00:00+00:00;0.066;;
654611;unknown;control;2023-12-20 02:15:00+00:00;0.057;;
654611;unknown;control;2023-12-20 02:30:00+00:00;0.065;;
654611;unknown;control;2023-12-20 02:45:00+00:00;0.064;;
654611;unknown;control;2023-12-20 03:00:00+00:00;0.049;;
654611;unknown;control;2023-12-20 03:15:00+00:00;0.055;;
654611;unknown;control;2023-12-20 03:30:00+00:00;0.042;;
654611;unknown;control;2023-12-20 03:45:00+00:00;0.042;;
654611;unknown;control;2023-12-20 04:00:00+00:00;0.06;;
654611;unknown;control;2023-12-20 04:15:00+00:00;0.06;;
654611;unknown;control;2023-12-20 04:30:00+00:00;0.167;;
654611;unknown;control;2023-12-20 04:45:00+00:00;0.383;;
654611;unknown;control;2023-12-20 05:00:00+00:00;0.167;;
654611;unknown;control;2023-12-20 05:15:00+00:00;0.153;;
654611;unknown;control;2023-12-20 05:30:00+00:00;0.088;;
654611;unknown;control;2023-12-20 05:45:00+00:00;0.097;;
654611;unknown;control;2023-12-20 06:00:00+00:00;0.131;;
654611;unknown;control;2023-12-20 06:15:00+00:00;0.213;;
654611;unknown;control;2023-12-20 06:30:00+00:00;0.092;;
654611;unknown;control;2023-12-20 06:45:00+00:00;0.092;;
654611;unknown;control;2023-12-20 07:00:00+00:00;0.108;;
654611;unknown;control;2023-12-20 07:15:00+00:00;0.088;;
654611;unknown;control;2023-12-20 07:30:00+00:00;0.086;;
654611;unknown;control;2023-12-20 07:45:00+00:00;0.08;;
654611;unknown;control;2023-12-20 08:00:00+00:00;0.058;;
654611;unknown;control;2023-12-20 08:15:00+00:00;0.065;;
654611;unknown;control;2023-12-20 08:30:00+00:00;0.02;;
654611;unknown;control;2023-12-20 08:45:00+00:00;0.02;;
654611;unknown;control;2023-12-20 09:00:00+00:00;0.443;;
654611;unknown;control;2023-12-20 09:15:00+00:00;0.491;;
654611;unknown;control;2023-12-20 09:30:00+00:00;0.234;;
654611;unknown;control;2023-12-20 09:45:00+00:00;0.257;;
654611;unknown;control;2023-12-20 10:00:00+00:00;0.002;;
654611;unknown;control;2023-12-20 10:15:00+00:00;0.112;;
654611;unknown;control;2023-12-20 10:30:00+00:00;0.363;;
654611;unknown;control;2023-12-20 10:45:00+00:00;0.172;;
654611;unknown;control;2023-12-20 11:00:00+00:00;0.382;;
654611;unknown;control;2023-12-20 11:15:00+00:00;0.11;;
654611;unknown;control;2023-12-20 11:30:00+00:00;0.112;;
654611;unknown;control;2023-12-20 11:45:00+00:00;0.11;;
654611;unknown;control;2023-12-20 12:00:00+00:00;0.053;;
654611;unknown;control;2023-12-20 12:15:00+00:00;0.014;;
654611;unknown;control;2023-12-20 12:30:00+00:00;0.0;;
654611;unknown;control;2023-12-20 12:45:00+00:00;0.0;;
654611;unknown;control;2023-12-20 13:00:00+00:00;0.0;;
654611;unknown;control;2023-12-20 13:15:00+00:00;0.074;;
654611;unknown;control;2023-12-20 13:30:00+00:00;0.0;;
654611;unknown;control;2023-12-20 13:45:00+00:00;0.0;;
654611;unknown;control;2023-12-20 14:00:00+00:00;0.149;;
654611;unknown;control;2023-12-20 14:15:00+00:00;0.135;;
654611;unknown;control;2023-12-20 14:30:00+00:00;0.36;;
654611;unknown;control;2023-12-20 14:45:00+00:00;0.584;;
654611;unknown;control;2023-12-20 15:00:00+00:00;0.475;;
654611;unknown;control;2023-12-20 15:15:00+00:00;0.574;;
654611;unknown;control;2023-12-20 15:30:00+00:00;0.554;;
654611;unknown;control;2023-12-20 15:45:00+00:00;0.509;;
654611;unknown;control;2023-12-20 16:00:00+00:00;0.503;;
654611;unknown;control;2023-12-20 16:15:00+00:00;0.489;;
654611;unknown;control;2023-12-20 16:30:00+00:00;0.482;;
654611;unknown;control;2023-12-20 16:45:00+00:00;0.486;;
654611;unknown;control;2023-12-20 17:00:00+00:00;0.477;;
654611;unknown;control;2023-12-20 17:15:00+00:00;0.484;;
654611;unknown;control;2023-12-20 17:30:00+00:00;0.508;;
654611;unknown;control;2023-12-20 17:45:00+00:00;0.499;;
654611;unknown;control;2023-12-20 18:00:00+00:00;0.489;;
654611;unknown;control;2023-12-20 18:15:00+00:00;0.488;;
654611;unknown;control;2023-12-20 18:30:00+00:00;0.581;;
654611;unknown;control;2023-12-20 18:45:00+00:00;0.483;;
654611;unknown;control;2023-12-20 19:00:00+00:00;0.693;;
654611;unknown;control;2023-12-20 19:15:00+00:00;0.502;;
654611;unknown;control;2023-12-20 19:30:00+00:00;0.653;;
654611;unknown;control;2023-12-20 19:45:00+00:00;0.711;;
654611;unknown;control;2023-12-20 20:00:00+00:00;0.522;;
654611;unknown;control;2023-12-20 20:15:00+00:00;0.447;;
654611;unknown;control;2023-12-20 20:30:00+00:00;0.438;;
654611;unknown;control;2023-12-20 20:45:00+00:00;0.434;;
654611;unknown;control;2023-12-20 21:00:00+00:00;0.439;;
654611;unknown;control;2023-12-20 21:15:00+00:00;0.265;;
654611;unknown;control;2023-12-20 21:30:00+00:00;0.467;;
654611;unknown;control;2023-12-20 21:45:00+00:00;0.267;;
654611;unknown;control;2023-12-20 22:00:00+00:00;0.053;;
654611;unknown;control;2023-12-20 22:15:00+00:00;0.043;;
654611;unknown;control;2023-12-20 22:30:00+00:00;0.048;;
654611;unknown;control;2023-12-20 22:45:00+00:00;0.054;;
654611;unknown;control;2023-12-20 23:00:00+00:00;0.061;;
654611;unknown;control;2023-12-20 23:15:00+00:00;0.077;;
654611;unknown;control;2023-12-20 23:30:00+00:00;0.057;;
654611;unknown;control;2023-12-20 23:45:00+00:00;0.062;;
654611;unknown;control;2023-12-21 00:00:00+00:00;0.064;;
654611;unknown;control;2023-12-21 00:15:00+00:00;0.055;;
654611;unknown;control;2023-12-21 00:30:00+00:00;0.061;;
654611;unknown;control;2023-12-21 00:45:00+00:00;0.053;;
654611;unknown;control;2023-12-21 01:00:00+00:00;0.063;;
654611;unknown;control;2023-12-21 01:15:00+00:00;0.063;;
654611;unknown;control;2023-12-21 01:30:00+00:00;0.058;;
654611;unknown;control;2023-12-21 01:45:00+00:00;0.056;;
654611;unknown;control;2023-12-21 02:00:00+00:00;0.063;;
654611;unknown;control;2023-12-21 02:15:00+00:00;0.066;;
654611;unknown;control;2023-12-21 02:30:00+00:00;0.059;;
654611;unknown;control;2023-12-21 02:45:00+00:00;0.055;;
654611;unknown;control;2023-12-21 03:00:00+00:00;0.049;;
654611;unknown;control;2023-12-21 03:15:00+00:00;0.05;;
654611;unknown;control;2023-12-21 03:30:00+00:00;0.056;;
654611;unknown;control;2023-12-21 03:45:00+00:00;0.05;;
654611;unknown;control;2023-12-21 04:00:00+00:00;0.064;;
654611;unknown;control;2023-12-21 04:15:00+00:00;0.068;;
654611;unknown;control;2023-12-21 04:30:00+00:00;0.166;;
654611;unknown;control;2023-12-21 04:45:00+00:00;0.4;;
654611;unknown;control;2023-12-21 05:00:00+00:00;0.16;;
654611;unknown;control;2023-12-21 05:15:00+00:00;0.118;;
654611;unknown;control;2023-12-21 05:30:00+00:00;0.102;;
654611;unknown;control;2023-12-21 05:45:00+00:00;0.249;;
654611;unknown;control;2023-12-21 06:00:00+00:00;0.262;;
654611;unknown;control;2023-12-21 06:15:00+00:00;0.077;;
654611;unknown;control;2023-12-21 06:30:00+00:00;0.069;;
654611;unknown;control;2023-12-21 06:45:00+00:00;0.068;;
654611;unknown;control;2023-12-21 07:00:00+00:00;0.069;;
654611;unknown;control;2023-12-21 07:15:00+00:00;0.198;;
654611;unknown;control;2023-12-21 07:30:00+00:00;0.058;;
654611;unknown;control;2023-12-21 07:45:00+00:00;0.068;;
654611;unknown;control;2023-12-21 08:00:00+00:00;0.066;;
654611;unknown;control;2023-12-21 08:15:00+00:00;0.033;;
654611;unknown;control;2023-12-21 08:30:00+00:00;0.021;;
654611;unknown;control;2023-12-21 08:45:00+00:00;0.017;;
654611;unknown;control;2023-12-21 09:00:00+00:00;0.433;;
654611;unknown;control;2023-12-21 09:15:00+00:00;0.286;;
654611;unknown;control;2023-12-21 09:30:00+00:00;0.413;;
654611;unknown;control;2023-12-21 09:45:00+00:00;0.313;;
654611;unknown;control;2023-12-21 10:00:00+00:00;0.085;;
654611;unknown;control;2023-12-21 10:15:00+00:00;0.001;;
654611;unknown;control;2023-12-21 10:30:00+00:00;0.004;;
654611;unknown;control;2023-12-21 10:45:00+00:00;0.027;;
654611;unknown;control;2023-12-21 11:00:00+00:00;0.221;;
654611;unknown;control;2023-12-21 11:15:00+00:00;0.258;;
654611;unknown;control;2023-12-21 11:30:00+00:00;0.33;;
654611;unknown;control;2023-12-21 11:45:00+00:00;0.235;;
654611;unknown;control;2023-12-21 12:00:00+00:00;0.231;;
654611;unknown;control;2023-12-21 12:15:00+00:00;0.156;;
654611;unknown;control;2023-12-21 12:30:00+00:00;0.142;;
654611;unknown;control;2023-12-21 12:45:00+00:00;0.326;;
654611;unknown;control;2023-12-21 13:00:00+00:00;0.216;;
654611;unknown;control;2023-12-21 13:15:00+00:00;0.241;;
654611;unknown;control;2023-12-21 13:30:00+00:00;0.249;;
654611;unknown;control;2023-12-21 13:45:00+00:00;0.349;;
654611;unknown;control;2023-12-21 14:00:00+00:00;0.598;;
654611;unknown;control;2023-12-21 14:15:00+00:00;0.449;;
654611;unknown;control;2023-12-21 14:30:00+00:00;0.337;;
654611;unknown;control;2023-12-21 14:45:00+00:00;0.465;;
654611;unknown;control;2023-12-21 15:00:00+00:00;0.395;;
654611;unknown;control;2023-12-21 15:15:00+00:00;0.453;;
654611;unknown;control;2023-12-21 15:30:00+00:00;0.424;;
654611;unknown;control;2023-12-21 15:45:00+00:00;0.564;;
654611;unknown;control;2023-12-21 16:00:00+00:00;0.483;;
654611;unknown;control;2023-12-21 16:15:00+00:00;0.388;;
654611;unknown;control;2023-12-21 16:30:00+00:00;0.247;;
654611;unknown;control;2023-12-21 16:45:00+00:00;0.373;;
654611;unknown;control;2023-12-21 17:00:00+00:00;0.253;;
654611;unknown;control;2023-12-21 17:15:00+00:00;0.267;;
654611;unknown;control;2023-12-21 17:30:00+00:00;0.247;;
654611;unknown;control;2023-12-21 17:45:00+00:00;0.308;;
654611;unknown;control;2023-12-21 18:00:00+00:00;0.465;;
654611;unknown;control;2023-12-21 18:15:00+00:00;0.396;;
654611;unknown;control;2023-12-21 18:30:00+00:00;0.282;;
654611;unknown;control;2023-12-21 18:45:00+00:00;0.274;;
654611;unknown;control;2023-12-21 19:00:00+00:00;0.284;;
654611;unknown;control;2023-12-21 19:15:00+00:00;0.253;;
654611;unknown;control;2023-12-21 19:30:00+00:00;0.346;;
654611;unknown;control;2023-12-21 19:45:00+00:00;0.333;;
654611;unknown;control;2023-12-21 20:00:00+00:00;0.27;;
654611;unknown;control;2023-12-21 20:15:00+00:00;0.268;;
654611;unknown;control;2023-12-21 20:30:00+00:00;0.272;;
654611;unknown;control;2023-12-21 20:45:00+00:00;0.274;;
654611;unknown;control;2023-12-21 21:00:00+00:00;0.376;;
654611;unknown;control;2023-12-21 21:15:00+00:00;0.237;;
654611;unknown;control;2023-12-21 21:30:00+00:00;0.239;;
654611;unknown;control;2023-12-21 21:45:00+00:00;0.315;;
654611;unknown;control;2023-12-21 22:00:00+00:00;0.048;;
654611;unknown;control;2023-12-21 22:15:00+00:00;0.055;;
654611;unknown;control;2023-12-21 22:30:00+00:00;0.057;;
654611;unknown;control;2023-12-21 22:45:00+00:00;0.051;;
654611;unknown;control;2023-12-21 23:00:00+00:00;0.05;;
654611;unknown;control;2023-12-21 23:15:00+00:00;0.056;;
654611;unknown;control;2023-12-21 23:30:00+00:00;0.052;;
654611;unknown;control;2023-12-21 23:45:00+00:00;0.051;;
654611;unknown;control;2023-12-22 00:00:00+00:00;0.064;;
654611;unknown;control;2023-12-22 00:15:00+00:00;0.051;;
654611;unknown;control;2023-12-22 00:30:00+00:00;0.059;;
654611;unknown;control;2023-12-22 00:45:00+00:00;0.049;;
654611;unknown;control;2023-12-22 01:00:00+00:00;0.062;;
654611;unknown;control;2023-12-22 01:15:00+00:00;0.06;;
654611;unknown;control;2023-12-22 01:30:00+00:00;0.054;;
654611;unknown;control;2023-12-22 01:45:00+00:00;0.06;;
654611;unknown;control;2023-12-22 02:00:00+00:00;0.057;;
654611;unknown;control;2023-12-22 02:15:00+00:00;0.059;;
654611;unknown;control;2023-12-22 02:30:00+00:00;0.061;;
654611;unknown;control;2023-12-22 02:45:00+00:00;0.049;;
654611;unknown;control;2023-12-22 03:00:00+00:00;0.052;;
654611;unknown;control;2023-12-22 03:15:00+00:00;0.053;;
654611;unknown;control;2023-12-22 03:30:00+00:00;0.056;;
654611;unknown;control;2023-12-22 03:45:00+00:00;0.068;;
654611;unknown;control;2023-12-22 04:00:00+00:00;0.061;;
654611;unknown;control;2023-12-22 04:15:00+00:00;0.057;;
654611;unknown;control;2023-12-22 04:30:00+00:00;0.162;;
654611;unknown;control;2023-12-22 04:45:00+00:00;0.373;;
654611;unknown;control;2023-12-22 05:00:00+00:00;0.181;;
654611;unknown;control;2023-12-22 05:15:00+00:00;0.096;;
654611;unknown;control;2023-12-22 05:30:00+00:00;0.223;;
654611;unknown;control;2023-12-22 05:45:00+00:00;0.107;;
654611;unknown;control;2023-12-22 06:00:00+00:00;0.214;;
654611;unknown;control;2023-12-22 06:15:00+00:00;0.407;;
654611;unknown;control;2023-12-22 06:30:00+00:00;0.121;;
654611;unknown;control;2023-12-22 06:45:00+00:00;0.131;;
654611;unknown;control;2023-12-22 07:00:00+00:00;0.135;;
654611;unknown;control;2023-12-22 07:15:00+00:00;0.115;;
654611;unknown;control;2023-12-22 07:30:00+00:00;0.112;;
654611;unknown;control;2023-12-22 07:45:00+00:00;0.111;;
654611;unknown;control;2023-12-22 08:00:00+00:00;0.12;;
654611;unknown;control;2023-12-22 08:15:00+00:00;0.085;;
654611;unknown;control;2023-12-22 08:30:00+00:00;0.09;;
654611;unknown;control;2023-12-22 08:45:00+00:00;0.078;;
654611;unknown;control;2023-12-22 09:00:00+00:00;0.413;;
654611;unknown;control;2023-12-22 09:15:00+00:00;0.293;;
654611;unknown;control;2023-12-22 09:30:00+00:00;0.226;;
654611;unknown;control;2023-12-22 09:45:00+00:00;0.299;;
654611;unknown;control;2023-12-22 10:00:00+00:00;0.03;;
654611;unknown;control;2023-12-22 10:15:00+00:00;0.062;;
654611;unknown;control;2023-12-22 10:30:00+00:00;0.049;;
654611;unknown;control;2023-12-22 10:45:00+00:00;0.065;;
654611;unknown;control;2023-12-22 11:00:00+00:00;0.413;;
654611;unknown;control;2023-12-22 11:15:00+00:00;0.363;;
654611;unknown;control;2023-12-22 11:30:00+00:00;0.401;;
654611;unknown;control;2023-12-22 11:45:00+00:00;0.518;;
654611;unknown;control;2023-12-22 12:00:00+00:00;0.392;;
654611;unknown;control;2023-12-22 12:15:00+00:00;0.298;;
654611;unknown;control;2023-12-22 12:30:00+00:00;0.29;;
654611;unknown;control;2023-12-22 12:45:00+00:00;0.349;;
654611;unknown;control;2023-12-22 13:00:00+00:00;0.353;;
654611;unknown;control;2023-12-22 13:15:00+00:00;0.298;;
654611;unknown;control;2023-12-22 13:30:00+00:00;0.299;;
654611;unknown;control;2023-12-22 13:45:00+00:00;0.368;;
654611;unknown;control;2023-12-22 14:00:00+00:00;0.648;;
654611;unknown;control;2023-12-22 14:15:00+00:00;0.541;;
654611;unknown;control;2023-12-22 14:30:00+00:00;0.599;;
654611;unknown;control;2023-12-22 14:45:00+00:00;0.589;;
654611;unknown;control;2023-12-22 15:00:00+00:00;0.503;;
654611;unknown;control;2023-12-22 15:15:00+00:00;0.66;;
654611;unknown;control;2023-12-22 15:30:00+00:00;0.462;;
654611;unknown;control;2023-12-22 15:45:00+00:00;0.427;;
654611;unknown;control;2023-12-22 16:00:00+00:00;0.419;;
654611;unknown;control;2023-12-22 16:15:00+00:00;0.328;;
654611;unknown;control;2023-12-22 16:30:00+00:00;0.507;;
654611;unknown;control;2023-12-22 16:45:00+00:00;0.391;;
654611;unknown;control;2023-12-22 17:00:00+00:00;0.49;;
654611;unknown;control;2023-12-22 17:15:00+00:00;0.335;;
654611;unknown;control;2023-12-22 17:30:00+00:00;0.367;;
654611;unknown;control;2023-12-22 17:45:00+00:00;0.324;;
654611;unknown;control;2023-12-22 18:00:00+00:00;0.416;;
654611;unknown;control;2023-12-22 18:15:00+00:00;0.488;;
654611;unknown;control;2023-12-22 18:30:00+00:00;1.083;;
654611;unknown;control;2023-12-22 18:45:00+00:00;0.452;;
654611;unknown;control;2023-12-22 19:00:00+00:00;0.446;;
654611;unknown;control;2023-12-22 19:15:00+00:00;0.317;;
654611;unknown;control;2023-12-22 19:30:00+00:00;0.424;;
654611;unknown;control;2023-12-22 19:45:00+00:00;0.389;;
654611;unknown;control;2023-12-22 20:00:00+00:00;0.67;;
654611;unknown;control;2023-12-22 20:15:00+00:00;0.37;;
654611;unknown;control;2023-12-22 20:30:00+00:00;0.319;;
654611;unknown;control;2023-12-22 20:45:00+00:00;0.356;;
654611;unknown;control;2023-12-22 21:00:00+00:00;0.391;;
654611;unknown;control;2023-12-22 21:15:00+00:00;0.316;;
654611;unknown;control;2023-12-22 21:30:00+00:00;0.371;;
654611;unknown;control;2023-12-22 21:45:00+00:00;0.336;;
654611;unknown;control;2023-12-22 22:00:00+00:00;0.077;;
654611;unknown;control;2023-12-22 22:15:00+00:00;0.067;;
654611;unknown;control;2023-12-22 22:30:00+00:00;0.043;;
654611;unknown;control;2023-12-22 22:45:00+00:00;0.049;;
654611;unknown;control;2023-12-22 23:00:00+00:00;0.047;;
654611;unknown;control;2023-12-22 23:15:00+00:00;0.054;;
654611;unknown;control;2023-12-22 23:30:00+00:00;0.051;;
654611;unknown;control;2023-12-22 23:45:00+00:00;0.051;;
654611;unknown;control;2023-12-23 00:00:00+00:00;0.062;;
654611;unknown;control;2023-12-23 00:15:00+00:00;0.057;;
654611;unknown;control;2023-12-23 00:30:00+00:00;0.064;;
654611;unknown;control;2023-12-23 00:45:00+00:00;0.055;;
654611;unknown;control;2023-12-23 01:00:00+00:00;0.052;;
654611;unknown;control;2023-12-23 01:15:00+00:00;0.051;;
654611;unknown;control;2023-12-23 01:30:00+00:00;0.049;;
654611;unknown;control;2023-12-23 01:45:00+00:00;0.054;;
654611;unknown;control;2023-12-23 02:00:00+00:00;0.044;;
654611;unknown;control;2023-12-23 02:15:00+00:00;0.069;;
654611;unknown;control;2023-12-23 02:30:00+00:00;0.095;;
654611;unknown;control;2023-12-23 02:45:00+00:00;0.062;;
654611;unknown;control;2023-12-23 03:00:00+00:00;0.071;;
654611;unknown;control;2023-12-23 03:15:00+00:00;0.065;;
654611;unknown;control;2023-12-23 03:30:00+00:00;0.076;;
654611;unknown;control;2023-12-23 03:45:00+00:00;0.062;;
654611;unknown;control;2023-12-23 04:00:00+00:00;0.059;;
654611;unknown;control;2023-12-23 04:15:00+00:00;0.067;;
654611;unknown;control;2023-12-23 04:30:00+00:00;0.063;;
654611;unknown;control;2023-12-23 04:45:00+00:00;0.074;;
654611;unknown;control;2023-12-23 05:00:00+00:00;0.058;;
654611;unknown;control;2023-12-23 05:15:00+00:00;0.045;;
654611;unknown;control;2023-12-23 05:30:00+00:00;0.056;;
654611;unknown;control;2023-12-23 05:45:00+00:00;0.059;;
654611;unknown;control;2023-12-23 06:00:00+00:00;0.059;;
654611;unknown;control;2023-12-23 06:15:00+00:00;0.277;;
654611;unknown;control;2023-12-23 06:30:00+00:00;0.174;;
654611;unknown;control;2023-12-23 06:45:00+00:00;0.126;;
654611;unknown;control;2023-12-23 07:00:00+00:00;0.101;;
654611;unknown;control;2023-12-23 07:15:00+00:00;0.165;;
654611;unknown;control;2023-12-23 07:30:00+00:00;0.109;;
654611;unknown;control;2023-12-23 07:45:00+00:00;0.103;;
654611;unknown;control;2023-12-23 08:00:00+00:00;0.071;;
654611;unknown;control;2023-12-23 08:15:00+00:00;0.052;;
654611;unknown;control;2023-12-23 08:30:00+00:00;0.066;;
654611;unknown;control;2023-12-23 08:45:00+00:00;0.092;;
654611;unknown;control;2023-12-23 09:00:00+00:00;0.401;;
654611;unknown;control;2023-12-23 09:15:00+00:00;0.204;;
654611;unknown;control;2023-12-23 09:30:00+00:00;0.566;;
654611;unknown;control;2023-12-23 09:45:00+00:00;0.467;;
654611;unknown;control;2023-12-23 10:00:00+00:00;0.275;;
654611;unknown;control;2023-12-23 10:15:00+00:00;0.258;;
654611;unknown;control;2023-12-23 10:30:00+00:00;0.33;;
654611;unknown;control;2023-12-23 10:45:00+00:00;0.505;;
654611;unknown;control;2023-12-23 11:00:00+00:00;0.719;;
654611;unknown;control;2023-12-23 11:15:00+00:00;0.501;;
654611;unknown;control;2023-12-23 11:30:00+00:00;0.412;;
654611;unknown;control;2023-12-23 11:45:00+00:00;0.338;;
654611;unknown;control;2023-12-23 12:00:00+00:00;0.386;;
654611;unknown;control;2023-12-23 12:15:00+00:00;0.387;;
654611;unknown;control;2023-12-23 12:30:00+00:00;0.381;;
654611;unknown;control;2023-12-23 12:45:00+00:00;0.22;;
654611;unknown;control;2023-12-23 13:00:00+00:00;0.227;;
654611;unknown;control;2023-12-23 13:15:00+00:00;0.366;;
654611;unknown;control;2023-12-23 13:30:00+00:00;0.23;;
654611;unknown;control;2023-12-23 13:45:00+00:00;0.287;;
654611;unknown;control;2023-12-23 14:00:00+00:00;0.539;;
654611;unknown;control;2023-12-23 14:15:00+00:00;0.862;;
654611;unknown;control;2023-12-23 14:30:00+00:00;1.053;;
654611;unknown;control;2023-12-23 14:45:00+00:00;0.757;;
654611;unknown;control;2023-12-23 15:00:00+00:00;0.629;;
654611;unknown;control;2023-12-23 15:15:00+00:00;0.644;;
654611;unknown;control;2023-12-23 15:30:00+00:00;0.406;;
654611;unknown;control;2023-12-23 15:45:00+00:00;0.393;;
654611;unknown;control;2023-12-23 16:00:00+00:00;0.286;;
654611;unknown;control;2023-12-23 16:15:00+00:00;0.451;;
654611;unknown;control;2023-12-23 16:30:00+00:00;0.396;;
654611;unknown;control;2023-12-23 16:45:00+00:00;0.378;;
654611;unknown;control;2023-12-23 17:00:00+00:00;0.39;;
654611;unknown;control;2023-12-23 17:15:00+00:00;0.278;;
654611;unknown;control;2023-12-23 17:30:00+00:00;0.782;;
654611;unknown;control;2023-12-23 17:45:00+00:00;0.665;;
654611;unknown;control;2023-12-23 18:00:00+00:00;0.618;;
654611;unknown;control;2023-12-23 18:15:00+00:00;0.289;;
654611;unknown;control;2023-12-23 18:30:00+00:00;0.419;;
654611;unknown;control;2023-12-23 18:45:00+00:00;0.374;;
654611;unknown;control;2023-12-23 19:00:00+00:00;0.391;;
654611;unknown;control;2023-12-23 19:15:00+00:00;0.497;;
654611;unknown;control;2023-12-23 19:30:00+00:00;0.372;;
654611;unknown;control;2023-12-23 19:45:00+00:00;0.295;;
654611;unknown;control;2023-12-23 20:00:00+00:00;0.32;;
654611;unknown;control;2023-12-23 20:15:00+00:00;0.429;;
654611;unknown;control;2023-12-23 20:30:00+00:00;0.292;;
654611;unknown;control;2023-12-23 20:45:00+00:00;0.27;;
654611;unknown;control;2023-12-23 21:00:00+00:00;0.415;;
654611;unknown;control;2023-12-23 21:15:00+00:00;0.291;;
654611;unknown;control;2023-12-23 21:30:00+00:00;0.234;;
654611;unknown;control;2023-12-23 21:45:00+00:00;0.406;;
654611;unknown;control;2023-12-23 22:00:00+00:00;0.064;;
654611;unknown;control;2023-12-23 22:15:00+00:00;0.051;;
654611;unknown;control;2023-12-23 22:30:00+00:00;0.059;;
654611;unknown;control;2023-12-23 22:45:00+00:00;0.052;;
654611;unknown;control;2023-12-23 23:00:00+00:00;0.062;;
654611;unknown;control;2023-12-23 23:15:00+00:00;0.077;;
654611;unknown;control;2023-12-23 23:30:00+00:00;0.078;;
654611;unknown;control;2023-12-23 23:45:00+00:00;0.075;;
654611;unknown;control;2023-12-24 00:00:00+00:00;0.074;;
654611;unknown;control;2023-12-24 00:15:00+00:00;0.055;;
654611;unknown;control;2023-12-24 00:30:00+00:00;0.052;;
654611;unknown;control;2023-12-24 00:45:00+00:00;0.042;;
654611;unknown;control;2023-12-24 01:00:00+00:00;0.064;;
654611;unknown;control;2023-12-24 01:15:00+00:00;0.061;;
654611;unknown;control;2023-12-24 01:30:00+00:00;0.058;;
654611;unknown;control;2023-12-24 01:45:00+00:00;0.062;;
654611;unknown;control;2023-12-24 02:00:00+00:00;0.057;;
654611;unknown;control;2023-12-24 02:15:00+00:00;0.063;;
654611;unknown;control;2023-12-24 02:30:00+00:00;0.051;;
654611;unknown;control;2023-12-24 02:45:00+00:00;0.058;;
654611;unknown;control;2023-12-24 03:00:00+00:00;0.058;;
654611;unknown;control;2023-12-24 03:15:00+00:00;0.06;;
654611;unknown;control;2023-12-24 03:30:00+00:00;0.063;;
654611;unknown;control;2023-12-24 03:45:00+00:00;0.056;;
654611;unknown;control;2023-12-24 04:00:00+00:00;0.056;;
654611;unknown;control;2023-12-24 04:15:00+00:00;0.059;;
654611;unknown;control;2023-12-24 04:30:00+00:00;0.065;;
654611;unknown;control;2023-12-24 04:45:00+00:00;0.05;;
654611;unknown;control;2023-12-24 05:00:00+00:00;0.057;;
654611;unknown;control;2023-12-24 05:15:00+00:00;0.054;;
654611;unknown;control;2023-12-24 05:30:00+00:00;0.042;;
654611;unknown;control;2023-12-24 05:45:00+00:00;0.045;;
654611;unknown;control;2023-12-24 06:00:00+00:00;0.05;;
654611;unknown;control;2023-12-24 06:15:00+00:00;0.056;;
654611;unknown;control;2023-12-24 06:30:00+00:00;0.068;;
654611;unknown;control;2023-12-24 06:45:00+00:00;0.213;;
654611;unknown;control;2023-12-24 07:00:00+00:00;0.218;;
654611;unknown;control;2023-12-24 07:15:00+00:00;0.1;;
654611;unknown;control;2023-12-24 07:30:00+00:00;0.015;;
654611;unknown;control;2023-12-24 07:45:00+00:00;0.0;;
654611;unknown;control;2023-12-24 08:00:00+00:00;0.001;;
654611;unknown;control;2023-12-24 08:15:00+00:00;0.062;;
654611;unknown;control;2023-12-24 08:30:00+00:00;0.044;;
654611;unknown;control;2023-12-24 08:45:00+00:00;0.008;;
654611;unknown;control;2023-12-24 09:00:00+00:00;0.186;;
654611;unknown;control;2023-12-24 09:15:00+00:00;0.241;;
654611;unknown;control;2023-12-24 09:30:00+00:00;0.162;;
654611;unknown;control;2023-12-24 09:45:00+00:00;0.136;;
654611;unknown;control;2023-12-24 10:00:00+00:00;0.27;;
654611;unknown;control;2023-12-24 10:15:00+00:00;0.159;;
654611;unknown;control;2023-12-24 10:30:00+00:00;0.295;;
654611;unknown;control;2023-12-24 10:45:00+00:00;0.375;;
654611;unknown;control;2023-12-24 11:00:00+00:00;0.489;;
654611;unknown;control;2023-12-24 11:15:00+00:00;0.465;;
654611;unknown;control;2023-12-24 11:30:00+00:00;0.509;;
654611;unknown;control;2023-12-24 11:45:00+00:00;0.277;;
654611;unknown;control;2023-12-24 12:00:00+00:00;0.283;;
654611;unknown;control;2023-12-24 12:15:00+00:00;0.2;;
654611;unknown;control;2023-12-24 12:30:00+00:00;0.251;;
654611;unknown;control;2023-12-24 12:45:00+00:00;0.297;;
654611;unknown;control;2023-12-24 13:00:00+00:00;0.271;;
654611;unknown;control;2023-12-24 13:15:00+00:00;0.315;;
654611;unknown;control;2023-12-24 13:30:00+00:00;0.32;;
654611;unknown;control;2023-12-24 13:45:00+00:00;0.282;;
654611;unknown;control;2023-12-24 14:00:00+00:00;0.838;;
654611;unknown;control;2023-12-24 14:15:00+00:00;0.654;;
654611;unknown;control;2023-12-24 14:30:00+00:00;0.515;;
654611;unknown;control;2023-12-24 14:45:00+00:00;0.436;;
654611;unknown;control;2023-12-24 15:00:00+00:00;0.74;;
654611;unknown;control;2023-12-24 15:15:00+00:00;0.734;;
654611;unknown;control;2023-12-24 15:30:00+00:00;0.717;;
654611;unknown;control;2023-12-24 15:45:00+00:00;0.472;;
654611;unknown;control;2023-12-24 16:00:00+00:00;0.365;;
654611;unknown;control;2023-12-24 16:15:00+00:00;0.266;;
654611;unknown;control;2023-12-24 16:30:00+00:00;0.375;;
654611;unknown;control;2023-12-24 16:45:00+00:00;0.281;;
654611;unknown;control;2023-12-24 17:00:00+00:00;0.57;;
654611;unknown;control;2023-12-24 17:15:00+00:00;0.822;;
654611;unknown;control;2023-12-24 17:30:00+00:00;0.556;;
654611;unknown;control;2023-12-24 17:45:00+00:00;0.58;;
654611;unknown;control;2023-12-24 18:00:00+00:00;0.749;;
654611;unknown;control;2023-12-24 18:15:00+00:00;0.508;;
654611;unknown;control;2023-12-24 18:30:00+00:00;0.286;;
654611;unknown;control;2023-12-24 18:45:00+00:00;0.289;;
654611;unknown;control;2023-12-24 19:00:00+00:00;0.548;;
654611;unknown;control;2023-12-24 19:15:00+00:00;0.666;;
654611;unknown;control;2023-12-24 19:30:00+00:00;0.387;;
654611;unknown;control;2023-12-24 19:45:00+00:00;0.286;;
654611;unknown;control;2023-12-24 20:00:00+00:00;0.24;;
654611;unknown;control;2023-12-24 20:15:00+00:00;0.431;;
654611;unknown;control;2023-12-24 20:30:00+00:00;0.302;;
654611;unknown;control;2023-12-24 20:45:00+00:00;0.346;;
654611;unknown;control;2023-12-24 21:00:00+00:00;0.297;;
654611;unknown;control;2023-12-24 21:15:00+00:00;0.269;;
654611;unknown;control;2023-12-24 21:30:00+00:00;0.261;;
654611;unknown;control;2023-12-24 21:45:00+00:00;0.282;;
654611;unknown;control;2023-12-24 22:00:00+00:00;0.109;;
654611;unknown;control;2023-12-24 22:15:00+00:00;0.07;;
654611;unknown;control;2023-12-24 22:30:00+00:00;0.071;;
654611;unknown;control;2023-12-24 22:45:00+00:00;0.056;;
654611;unknown;control;2023-12-24 23:00:00+00:00;0.065;;
654611;unknown;control;2023-12-24 23:15:00+00:00;0.072;;
654611;unknown;control;2023-12-24 23:30:00+00:00;0.063;;
654611;unknown;control;2023-12-24 23:45:00+00:00;0.053;;
654611;unknown;control;2023-12-25 00:00:00+00:00;0.052;;
654611;unknown;control;2023-12-25 00:15:00+00:00;0.064;;
654611;unknown;control;2023-12-25 00:30:00+00:00;0.058;;
654611;unknown;control;2023-12-25 00:45:00+00:00;0.057;;
654611;unknown;control;2023-12-25 01:00:00+00:00;0.062;;
654611;unknown;control;2023-12-25 01:15:00+00:00;0.051;;
654611;unknown;control;2023-12-25 01:30:00+00:00;0.055;;
654611;unknown;control;2023-12-25 01:45:00+00:00;0.108;;
654611;unknown;control;2023-12-25 02:00:00+00:00;0.071;;
654611;unknown;control;2023-12-25 02:15:00+00:00;0.074;;
654611;unknown;control;2023-12-25 02:30:00+00:00;0.066;;
654611;unknown;control;2023-12-25 02:45:00+00:00;0.051;;
654611;unknown;control;2023-12-25 03:00:00+00:00;0.057;;
654611;unknown;control;2023-12-25 03:15:00+00:00;0.061;;
654611;unknown;control;2023-12-25 03:30:00+00:00;0.057;;
654611;unknown;control;2023-12-25 03:45:00+00:00;0.06;;
654611;unknown;control;2023-12-25 04:00:00+00:00;0.052;;
654611;unknown;control;2023-12-25 04:15:00+00:00;0.05;;
654611;unknown;control;2023-12-25 04:30:00+00:00;0.053;;
654611;unknown;control;2023-12-25 04:45:00+00:00;0.061;;
654611;unknown;control;2023-12-25 05:00:00+00:00;0.071;;
654611;unknown;control;2023-12-25 05:15:00+00:00;0.068;;
654611;unknown;control;2023-12-25 05:30:00+00:00;0.063;;
654611;unknown;control;2023-12-25 05:45:00+00:00;0.052;;
654611;unknown;control;2023-12-25 06:00:00+00:00;0.043;;
654611;unknown;control;2023-12-25 06:15:00+00:00;0.042;;
654611;unknown;control;2023-12-25 06:30:00+00:00;0.059;;
654611;unknown;control;2023-12-25 06:45:00+00:00;0.066;;
654611;unknown;control;2023-12-25 07:00:00+00:00;0.049;;
654611;unknown;control;2023-12-25 07:15:00+00:00;0.066;;
654611;unknown;control;2023-12-25 07:30:00+00:00;0.086;;
654611;unknown;control;2023-12-25 07:45:00+00:00;0.182;;
654611;unknown;control;2023-12-25 08:00:00+00:00;0.049;;
654611;unknown;control;2023-12-25 08:15:00+00:00;0.001;;
654611;unknown;control;2023-12-25 08:30:00+00:00;0.024;;
654611;unknown;control;2023-12-25 08:45:00+00:00;0.0;;
654611;unknown;control;2023-12-25 09:00:00+00:00;0.062;;
654611;unknown;control;2023-12-25 09:15:00+00:00;0.096;;
654611;unknown;control;2023-12-25 09:30:00+00:00;0.002;;
654611;unknown;control;2023-12-25 09:45:00+00:00;0.212;;
654611;unknown;control;2023-12-25 10:00:00+00:00;0.003;;
654611;unknown;control;2023-12-25 10:15:00+00:00;0.0;;
654611;unknown;control;2023-12-25 10:30:00+00:00;0.0;;
654611;unknown;control;2023-12-25 10:45:00+00:00;0.0;;
654611;unknown;control;2023-12-25 11:00:00+00:00;0.0;;
654611;unknown;control;2023-12-25 11:15:00+00:00;0.0;;
654611;unknown;control;2023-12-25 11:30:00+00:00;0.069;;
654611;unknown;control;2023-12-25 11:45:00+00:00;0.0;;
654611;unknown;control;2023-12-25 12:00:00+00:00;0.0;;
654611;unknown;control;2023-12-25 12:15:00+00:00;0.0;;
654611;unknown;control;2023-12-25 12:30:00+00:00;0.0;;
654611;unknown;control;2023-12-25 12:45:00+00:00;0.0;;
654611;unknown;control;2023-12-25 13:00:00+00:00;0.062;;
654611;unknown;control;2023-12-25 13:15:00+00:00;0.023;;
654611;unknown;control;2023-12-25 13:30:00+00:00;0.0;;
654611;unknown;control;2023-12-25 13:45:00+00:00;0.0;;
654611;unknown;control;2023-12-25 14:00:00+00:00;0.062;;
654611;unknown;control;2023-12-25 14:15:00+00:00;0.056;;
654611;unknown;control;2023-12-25 14:30:00+00:00;0.166;;
654611;unknown;control;2023-12-25 14:45:00+00:00;0.285;;
654611;unknown;control;2023-12-25 15:00:00+00:00;0.235;;
654611;unknown;control;2023-12-25 15:15:00+00:00;0.339;;
654611;unknown;control;2023-12-25 15:30:00+00:00;0.3;;
654611;unknown;control;2023-12-25 15:45:00+00:00;0.389;;
654611;unknown;control;2023-12-25 16:00:00+00:00;0.375;;
654611;unknown;control;2023-12-25 16:15:00+00:00;0.577;;
654611;unknown;control;2023-12-25 16:30:00+00:00;0.586;;
654611;unknown;control;2023-12-25 16:45:00+00:00;0.299;;
654611;unknown;control;2023-12-25 17:00:00+00:00;0.37;;
654611;unknown;control;2023-12-25 17:15:00+00:00;0.267;;
654611;unknown;control;2023-12-25 17:30:00+00:00;0.41;;
654611;unknown;control;2023-12-25 17:45:00+00:00;0.51;;
654611;unknown;control;2023-12-25 18:00:00+00:00;0.703;;
654611;unknown;control;2023-12-25 18:15:00+00:00;0.395;;
654611;unknown;control;2023-12-25 18:30:00+00:00;0.391;;
654611;unknown;control;2023-12-25 18:45:00+00:00;0.321;;
654611;unknown;control;2023-12-25 19:00:00+00:00;0.511;;
654611;unknown;control;2023-12-25 19:15:00+00:00;0.524;;
654611;unknown;control;2023-12-25 19:30:00+00:00;0.361;;
654611;unknown;control;2023-12-25 19:45:00+00:00;0.54;;
654611;unknown;control;2023-12-25 20:00:00+00:00;0.483;;
654611;unknown;control;2023-12-25 20:15:00+00:00;0.463;;
654611;unknown;control;2023-12-25 20:30:00+00:00;0.35;;
654611;unknown;control;2023-12-25 20:45:00+00:00;0.449;;
654611;unknown;control;2023-12-25 21:00:00+00:00;0.474;;
654611;unknown;control;2023-12-25 21:15:00+00:00;0.449;;
654611;unknown;control;2023-12-25 21:30:00+00:00;0.44;;
654611;unknown;control;2023-12-25 21:45:00+00:00;0.325;;
654611;unknown;control;2023-12-25 22:00:00+00:00;0.087;;
654611;unknown;control;2023-12-25 22:15:00+00:00;0.055;;
654611;unknown;control;2023-12-25 22:30:00+00:00;0.056;;
654611;unknown;control;2023-12-25 22:45:00+00:00;0.067;;
654611;unknown;control;2023-12-25 23:00:00+00:00;0.066;;
654611;unknown;control;2023-12-25 23:15:00+00:00;0.062;;
654611;unknown;control;2023-12-25 23:30:00+00:00;0.056;;
654611;unknown;control;2023-12-25 23:45:00+00:00;0.042;;
654611;unknown;control;2023-12-26 00:00:00+00:00;0.056;;
654611;unknown;control;2023-12-26 00:15:00+00:00;0.05;;
654611;unknown;control;2023-12-26 00:30:00+00:00;0.056;;
654611;unknown;control;2023-12-26 00:45:00+00:00;0.063;;
654611;unknown;control;2023-12-26 01:00:00+00:00;0.056;;
654611;unknown;control;2023-12-26 01:15:00+00:00;0.051;;
654611;unknown;control;2023-12-26 01:30:00+00:00;0.055;;
654611;unknown;control;2023-12-26 01:45:00+00:00;0.051;;
654611;unknown;control;2023-12-26 02:00:00+00:00;0.063;;
654611;unknown;control;2023-12-26 02:15:00+00:00;0.066;;
654611;unknown;control;2023-12-26 02:30:00+00:00;0.071;;
654611;unknown;control;2023-12-26 02:45:00+00:00;0.077;;
654611;unknown;control;2023-12-26 03:00:00+00:00;0.051;;
654611;unknown;control;2023-12-26 03:15:00+00:00;0.049;;
654611;unknown;control;2023-12-26 03:30:00+00:00;0.058;;
654611;unknown;control;2023-12-26 03:45:00+00:00;0.056;;
654611;unknown;control;2023-12-26 04:00:00+00:00;0.063;;
654611;unknown;control;2023-12-26 04:15:00+00:00;0.06;;
654611;unknown;control;2023-12-26 04:30:00+00:00;0.042;;
654611;unknown;control;2023-12-26 04:45:00+00:00;0.048;;
654611;unknown;control;2023-12-26 05:00:00+00:00;0.059;;
654611;unknown;control;2023-12-26 05:15:00+00:00;0.057;;
654611;unknown;control;2023-12-26 05:30:00+00:00;0.055;;
654611;unknown;control;2023-12-26 05:45:00+00:00;0.069;;
654611;unknown;control;2023-12-26 06:00:00+00:00;0.055;;
654611;unknown;control;2023-12-26 06:15:00+00:00;0.064;;
654611;unknown;control;2023-12-26 06:30:00+00:00;0.076;;
654611;unknown;control;2023-12-26 06:45:00+00:00;0.096;;
654611;unknown;control;2023-12-26 07:00:00+00:00;0.332;;
654611;unknown;control;2023-12-26 07:15:00+00:00;0.389;;
654611;unknown;control;2023-12-26 07:30:00+00:00;0.111;;
654611;unknown;control;2023-12-26 07:45:00+00:00;0.104;;
654611;unknown;control;2023-12-26 08:00:00+00:00;0.139;;
654611;unknown;control;2023-12-26 08:15:00+00:00;0.044;;
654611;unknown;control;2023-12-26 08:30:00+00:00;0.037;;
654611;unknown;control;2023-12-26 08:45:00+00:00;0.011;;
654611;unknown;control;2023-12-26 09:00:00+00:00;0.321;;
654611;unknown;control;2023-12-26 09:15:00+00:00;0.208;;
654611;unknown;control;2023-12-26 09:30:00+00:00;0.453;;
654611;unknown;control;2023-12-26 09:45:00+00:00;0.252;;
654611;unknown;control;2023-12-26 10:00:00+00:00;0.039;;
654611;unknown;control;2023-12-26 10:15:00+00:00;0.024;;
654611;unknown;control;2023-12-26 10:30:00+00:00;0.006;;
654611;unknown;control;2023-12-26 10:45:00+00:00;0.112;;
654611;unknown;control;2023-12-26 11:00:00+00:00;0.062;;
654611;unknown;control;2023-12-26 11:15:00+00:00;0.002;;
654611;unknown;control;2023-12-26 11:30:00+00:00;0.001;;
654611;unknown;control;2023-12-26 11:45:00+00:00;0.0;;
654611;unknown;control;2023-12-26 12:00:00+00:00;0.0;;
654611;unknown;control;2023-12-26 12:15:00+00:00;0.0;;
654611;unknown;control;2023-12-26 12:30:00+00:00;0.0;;
654611;unknown;control;2023-12-26 12:45:00+00:00;0.103;;
654611;unknown;control;2023-12-26 13:00:00+00:00;0.0;;
654611;unknown;control;2023-12-26 13:15:00+00:00;0.0;;
654611;unknown;control;2023-12-26 13:30:00+00:00;0.009;;
654611;unknown;control;2023-12-26 13:45:00+00:00;0.001;;
654611;unknown;control;2023-12-26 14:00:00+00:00;0.0;;
654611;unknown;control;2023-12-26 14:15:00+00:00;0.06;;
654611;unknown;control;2023-12-26 14:30:00+00:00;0.258;;
654611;unknown;control;2023-12-26 14:45:00+00:00;0.3;;
654611;unknown;control;2023-12-26 15:00:00+00:00;0.528;;
654611;unknown;control;2023-12-26 15:15:00+00:00;0.482;;
654611;unknown;control;2023-12-26 15:30:00+00:00;0.464;;
654611;unknown;control;2023-12-26 15:45:00+00:00;0.4;;
654611;unknown;control;2023-12-26 16:00:00+00:00;0.423;;
654611;unknown;control;2023-12-26 16:15:00+00:00;0.479;;
654611;unknown;control;2023-12-26 16:30:00+00:00;0.595;;
654611;unknown;control;2023-12-26 16:45:00+00:00;0.98;;
654611;unknown;control;2023-12-26 17:00:00+00:00;0.922;;
654611;unknown;control;2023-12-26 17:15:00+00:00;0.486;;
654611;unknown;control;2023-12-26 17:30:00+00:00;0.552;;
654611;unknown;control;2023-12-26 17:45:00+00:00;0.42;;
654611;unknown;control;2023-12-26 18:00:00+00:00;0.595;;
654611;unknown;control;2023-12-26 18:15:00+00:00;0.343;;
654611;unknown;control;2023-12-26 18:30:00+00:00;0.548;;
654611;unknown;control;2023-12-26 18:45:00+00:00;0.345;;
654611;unknown;control;2023-12-26 19:00:00+00:00;0.501;;
654611;unknown;control;2023-12-26 19:15:00+00:00;0.333;;
654611;unknown;control;2023-12-26 19:30:00+00:00;0.519;;
654611;unknown;control;2023-12-26 19:45:00+00:00;0.36;;
654611;unknown;control;2023-12-26 20:00:00+00:00;0.441;;
654611;unknown;control;2023-12-26 20:15:00+00:00;0.505;;
654611;unknown;control;2023-12-26 20:30:00+00:00;0.463;;
654611;unknown;control;2023-12-26 20:45:00+00:00;0.474;;
654611;unknown;control;2023-12-26 21:00:00+00:00;0.409;;
654611;unknown;control;2023-12-26 21:15:00+00:00;0.391;;
654611;unknown;control;2023-12-26 21:30:00+00:00;0.398;;
654611;unknown;control;2023-12-26 21:45:00+00:00;0.397;;
654611;unknown;control;2023-12-26 22:00:00+00:00;0.069;;
654611;unknown;control;2023-12-26 22:15:00+00:00;0.058;;
654611;unknown;control;2023-12-26 22:30:00+00:00;0.06;;
654611;unknown;control;2023-12-26 22:45:00+00:00;0.054;;
654611;unknown;control;2023-12-26 23:00:00+00:00;0.12;;
654611;unknown;control;2023-12-26 23:15:00+00:00;0.113;;
654611;unknown;control;2023-12-26 23:30:00+00:00;0.058;;
654611;unknown;control;2023-12-26 23:45:00+00:00;0.07;;
654611;unknown;control;2023-12-27 00:00:00+00:00;0.053;;
654611;unknown;control;2023-12-27 00:15:00+00:00;0.054;;
654611;unknown;control;2023-12-27 00:30:00+00:00;0.065;;
654611;unknown;control;2023-12-27 00:45:00+00:00;0.049;;
654611;unknown;control;2023-12-27 01:00:00+00:00;0.059;;
654611;unknown;control;2023-12-27 01:15:00+00:00;0.063;;
654611;unknown;control;2023-12-27 01:30:00+00:00;0.064;;
654611;unknown;control;2023-12-27 01:45:00+00:00;0.061;;
654611;unknown;control;2023-12-27 02:00:00+00:00;0.045;;
654611;unknown;control;2023-12-27 02:15:00+00:00;0.062;;
654611;unknown;control;2023-12-27 02:30:00+00:00;0.074;;
654611;unknown;control;2023-12-27 02:45:00+00:00;0.093;;
654611;unknown;control;2023-12-27 03:00:00+00:00;0.053;;
654611;unknown;control;2023-12-27 03:15:00+00:00;0.051;;
654611;unknown;control;2023-12-27 03:30:00+00:00;0.061;;
654611;unknown;control;2023-12-27 03:45:00+00:00;0.058;;
654611;unknown;control;2023-12-27 04:00:00+00:00;0.06;;
654611;unknown;control;2023-12-27 04:15:00+00:00;0.085;;
654611;unknown;control;2023-12-27 04:30:00+00:00;0.062;;
654611;unknown;control;2023-12-27 04:45:00+00:00;0.066;;
654611;unknown;control;2023-12-27 05:00:00+00:00;0.157;;
654611;unknown;control;2023-12-27 05:15:00+00:00;0.307;;
654611;unknown;control;2023-12-27 05:30:00+00:00;0.154;;
654611;unknown;control;2023-12-27 05:45:00+00:00;0.11;;
654611;unknown;control;2023-12-27 06:00:00+00:00;0.078;;
654611;unknown;control;2023-12-27 06:15:00+00:00;0.213;;
654611;unknown;control;2023-12-27 06:30:00+00:00;0.099;;
654611;unknown;control;2023-12-27 06:45:00+00:00;0.096;;
654611;unknown;control;2023-12-27 07:00:00+00:00;0.079;;
654611;unknown;control;2023-12-27 07:15:00+00:00;0.066;;
654611;unknown;control;2023-12-27 07:30:00+00:00;0.017;;
654611;unknown;control;2023-12-27 07:45:00+00:00;0.0;;
654611;unknown;control;2023-12-27 08:00:00+00:00;0.0;;
654611;unknown;control;2023-12-27 08:15:00+00:00;0.249;;
654611;unknown;control;2023-12-27 08:30:00+00:00;0.0;;
654611;unknown;control;2023-12-27 08:45:00+00:00;0.001;;
654611;unknown;control;2023-12-27 09:00:00+00:00;0.446;;
654611;unknown;control;2023-12-27 09:15:00+00:00;0.2;;
654611;unknown;control;2023-12-27 09:30:00+00:00;0.429;;
654611;unknown;control;2023-12-27 09:45:00+00:00;0.325;;
654611;unknown;control;2023-12-27 10:00:00+00:00;0.001;;
654611;unknown;control;2023-12-27 10:15:00+00:00;0.0;;
654611;unknown;control;2023-12-27 10:30:00+00:00;0.0;;
654611;unknown;control;2023-12-27 10:45:00+00:00;0.0;;
654611;unknown;control;2023-12-27 11:00:00+00:00;0.004;;
654611;unknown;control;2023-12-27 11:15:00+00:00;0.006;;
654611;unknown;control;2023-12-27 11:30:00+00:00;0.0;;
654611;unknown;control;2023-12-27 11:45:00+00:00;0.0;;
654611;unknown;control;2023-12-27 12:00:00+00:00;0.0;;
654611;unknown;control;2023-12-27 12:15:00+00:00;0.0;;
654611;unknown;control;2023-12-27 12:30:00+00:00;0.043;;
654611;unknown;control;2023-12-27 12:45:00+00:00;0.035;;
654611;unknown;control;2023-12-27 13:00:00+00:00;0.0;;
654611;unknown;control;2023-12-27 13:15:00+00:00;0.0;;
654611;unknown;control;2023-12-27 13:30:00+00:00;0.003;;
654611;unknown;control;2023-12-27 13:45:00+00:00;0.049;;
654611;unknown;control;2023-12-27 14:00:00+00:00;0.015;;
654611;unknown;control;2023-12-27 14:15:00+00:00;0.344;;
654611;unknown;control;2023-12-27 14:30:00+00:00;0.223;;
654611;unknown;control;2023-12-27 14:45:00+00:00;0.167;;
654611;unknown;control;2023-12-27 15:00:00+00:00;0.447;;
654611;unknown;control;2023-12-27 15:15:00+00:00;0.445;;
654611;unknown;control;2023-12-27 15:30:00+00:00;0.561;;
654611;unknown;control;2023-12-27 15:45:00+00:00;0.602;;
654611;unknown;control;2023-12-27 16:00:00+00:00;0.507;;
654611;unknown;control;2023-12-27 16:15:00+00:00;0.692;;
654611;unknown;control;2023-12-27 16:30:00+00:00;0.461;;
654611;unknown;control;2023-12-27 16:45:00+00:00;0.505;;
654611;unknown;control;2023-12-27 17:00:00+00:00;0.476;;
654611;unknown;control;2023-12-27 17:15:00+00:00;0.479;;
654611;unknown;control;2023-12-27 17:30:00+00:00;0.792;;
654611;unknown;control;2023-12-27 17:45:00+00:00;0.717;;
654611;unknown;control;2023-12-27 18:00:00+00:00;0.582;;
654611;unknown;control;2023-12-27 18:15:00+00:00;0.785;;
654611;unknown;control;2023-12-27 18:30:00+00:00;0.517;;
654611;unknown;control;2023-12-27 18:45:00+00:00;0.391;;
654611;unknown;control;2023-12-27 19:00:00+00:00;0.505;;
654611;unknown;control;2023-12-27 19:15:00+00:00;0.538;;
654611;unknown;control;2023-12-27 19:30:00+00:00;0.511;;
654611;unknown;control;2023-12-27 19:45:00+00:00;0.47;;
654611;unknown;control;2023-12-27 20:00:00+00:00;0.488;;
654611;unknown;control;2023-12-27 20:15:00+00:00;0.485;;
654611;unknown;control;2023-12-27 20:30:00+00:00;0.469;;
654611;unknown;control;2023-12-27 20:45:00+00:00;0.411;;
654611;unknown;control;2023-12-27 21:00:00+00:00;0.508;;
654611;unknown;control;2023-12-27 21:15:00+00:00;0.589;;
654611;unknown;control;2023-12-27 21:30:00+00:00;0.479;;
654611;unknown;control;2023-12-27 21:45:00+00:00;0.432;;
654611;unknown;control;2023-12-27 22:00:00+00:00;0.07;;
654611;unknown;control;2023-12-27 22:15:00+00:00;0.05;;
654611;unknown;control;2023-12-27 22:30:00+00:00;0.068;;
654611;unknown;control;2023-12-27 22:45:00+00:00;0.07;;
654611;unknown;control;2023-12-27 23:00:00+00:00;0.051;;
654611;unknown;control;2023-12-27 23:15:00+00:00;0.051;;
654611;unknown;control;2023-12-27 23:30:00+00:00;0.057;;
654611;unknown;control;2023-12-27 23:45:00+00:00;0.063;;
654611;unknown;control;2023-12-28 00:00:00+00:00;0.061;;
654611;unknown;control;2023-12-28 00:15:00+00:00;0.058;;
654611;unknown;control;2023-12-28 00:30:00+00:00;0.052;;
654611;unknown;control;2023-12-28 00:45:00+00:00;0.057;;
654611;unknown;control;2023-12-28 01:00:00+00:00;0.057;;
654611;unknown;control;2023-12-28 01:15:00+00:00;0.06;;
654611;unknown;control;2023-12-28 01:30:00+00:00;0.063;;
654611;unknown;control;2023-12-28 01:45:00+00:00;0.053;;
654611;unknown;control;2023-12-28 02:00:00+00:00;0.071;;
654611;unknown;control;2023-12-28 02:15:00+00:00;0.065;;
654611;unknown;control;2023-12-28 02:30:00+00:00;0.042;;
654611;unknown;control;2023-12-28 02:45:00+00:00;0.048;;
654611;unknown;control;2023-12-28 03:00:00+00:00;0.056;;
654611;unknown;control;2023-12-28 03:15:00+00:00;0.055;;
654611;unknown;control;2023-12-28 03:30:00+00:00;0.051;;
654611;unknown;control;2023-12-28 03:45:00+00:00;0.048;;
654611;unknown;control;2023-12-28 04:00:00+00:00;0.048;;
654611;unknown;control;2023-12-28 04:15:00+00:00;0.058;;
654611;unknown;control;2023-12-28 04:30:00+00:00;0.06;;
654611;unknown;control;2023-12-28 04:45:00+00:00;0.06;;
654611;unknown;control;2023-12-28 05:00:00+00:00;0.06;;
654611;unknown;control;2023-12-28 05:15:00+00:00;0.37;;
654611;unknown;control;2023-12-28 05:30:00+00:00;0.293;;
654611;unknown;control;2023-12-28 05:45:00+00:00;0.137;;
654611;unknown;control;2023-12-28 06:00:00+00:00;0.122;;
654611;unknown;control;2023-12-28 06:15:00+00:00;0.107;;
654611;unknown;control;2023-12-28 06:30:00+00:00;0.113;;
654611;unknown;control;2023-12-28 06:45:00+00:00;0.163;;
654611;unknown;control;2023-12-28 07:00:00+00:00;0.201;;
654611;unknown;control;2023-12-28 07:15:00+00:00;0.133;;
654611;unknown;control;2023-12-28 07:30:00+00:00;0.056;;
654611;unknown;control;2023-12-28 07:45:00+00:00;0.077;;
654611;unknown;control;2023-12-28 08:00:00+00:00;0.063;;
654611;unknown;control;2023-12-28 08:15:00+00:00;0.057;;
654611;unknown;control;2023-12-28 08:30:00+00:00;0.065;;
654611;unknown;control;2023-12-28 08:45:00+00:00;0.066;;
654611;unknown;control;2023-12-28 09:00:00+00:00;0.482;;
654611;unknown;control;2023-12-28 09:15:00+00:00;0.312;;
654611;unknown;control;2023-12-28 09:30:00+00:00;0.49;;
654611;unknown;control;2023-12-28 09:45:00+00:00;0.369;;
654611;unknown;control;2023-12-28 10:00:00+00:00;0.07;;
654611;unknown;control;2023-12-28 10:15:00+00:00;0.021;;
654611;unknown;control;2023-12-28 10:30:00+00:00;0.03;;
654611;unknown;control;2023-12-28 10:45:00+00:00;0.049;;
654611;unknown;control;2023-12-28 11:00:00+00:00;0.283;;
654611;unknown;control;2023-12-28 11:15:00+00:00;0.172;;
654611;unknown;control;2023-12-28 11:30:00+00:00;0.162;;
654611;unknown;control;2023-12-28 11:45:00+00:00;0.2;;
654611;unknown;control;2023-12-28 12:00:00+00:00;0.161;;
654611;unknown;control;2023-12-28 12:15:00+00:00;0.186;;
654611;unknown;control;2023-12-28 12:30:00+00:00;0.266;;
654611;unknown;control;2023-12-28 12:45:00+00:00;0.31;;
654611;unknown;control;2023-12-28 13:00:00+00:00;0.285;;
654611;unknown;control;2023-12-28 13:15:00+00:00;0.239;;
654611;unknown;control;2023-12-28 13:30:00+00:00;0.308;;
654611;unknown;control;2023-12-28 13:45:00+00:00;0.244;;
654611;unknown;control;2023-12-28 14:00:00+00:00;0.077;;
654611;unknown;control;2023-12-28 14:15:00+00:00;0.06;;
654611;unknown;control;2023-12-28 14:30:00+00:00;0.434;;
654611;unknown;control;2023-12-28 14:45:00+00:00;0.426;;
654611;unknown;control;2023-12-28 15:00:00+00:00;0.465;;
654611;unknown;control;2023-12-28 15:15:00+00:00;0.626;;
654611;unknown;control;2023-12-28 15:30:00+00:00;0.397;;
654611;unknown;control;2023-12-28 15:45:00+00:00;0.474;;
654611;unknown;control;2023-12-28 16:00:00+00:00;0.467;;
654611;unknown;control;2023-12-28 16:15:00+00:00;0.347;;
654611;unknown;control;2023-12-28 16:30:00+00:00;0.262;;
654611;unknown;control;2023-12-28 16:45:00+00:00;0.49;;
654611;unknown;control;2023-12-28 17:00:00+00:00;0.344;;
654611;unknown;control;2023-12-28 17:15:00+00:00;0.541;;
654611;unknown;control;2023-12-28 17:30:00+00:00;0.694;;
654611;unknown;control;2023-12-28 17:45:00+00:00;0.656;;
654611;unknown;control;2023-12-28 18:00:00+00:00;0.645;;
654611;unknown;control;2023-12-28 18:15:00+00:00;0.608;;
654611;unknown;control;2023-12-28 18:30:00+00:00;0.624;;
654611;unknown;control;2023-12-28 18:45:00+00:00;0.497;;
654611;unknown;control;2023-12-28 19:00:00+00:00;0.409;;
654611;unknown;control;2023-12-28 19:15:00+00:00;0.571;;
654611;unknown;control;2023-12-28 19:30:00+00:00;0.615;;
654611;unknown;control;2023-12-28 19:45:00+00:00;0.423;;
654611;unknown;control;2023-12-28 20:00:00+00:00;0.341;;
654611;unknown;control;2023-12-28 20:15:00+00:00;0.4;;
654611;unknown;control;2023-12-28 20:30:00+00:00;0.512;;
654611;unknown;control;2023-12-28 20:45:00+00:00;0.353;;
654611;unknown;control;2023-12-28 21:00:00+00:00;0.342;;
654611;unknown;control;2023-12-28 21:15:00+00:00;0.424;;
654611;unknown;control;2023-12-28 21:30:00+00:00;0.403;;
654611;unknown;control;2023-12-28 21:45:00+00:00;0.401;;
654611;unknown;control;2023-12-28 22:00:00+00:00;0.065;;
654611;unknown;control;2023-12-28 22:15:00+00:00;0.056;;
654611;unknown;control;2023-12-28 22:30:00+00:00;0.064;;
654611;unknown;control;2023-12-28 22:45:00+00:00;0.057;;
654611;unknown;control;2023-12-28 23:00:00+00:00;0.067;;
654611;unknown;control;2023-12-28 23:15:00+00:00;0.115;;
654611;unknown;control;2023-12-28 23:30:00+00:00;0.062;;
654611;unknown;control;2023-12-28 23:45:00+00:00;0.061;;
654611;unknown;control;2023-12-29 00:00:00+00:00;0.066;;
654611;unknown;control;2023-12-29 00:15:00+00:00;0.07;;
654611;unknown;control;2023-12-29 00:30:00+00:00;0.067;;
654611;unknown;control;2023-12-29 00:45:00+00:00;0.074;;
654611;unknown;control;2023-12-29 01:00:00+00:00;0.08;;
654611;unknown;control;2023-12-29 01:15:00+00:00;0.065;;
654611;unknown;control;2023-12-29 01:30:00+00:00;0.062;;
654611;unknown;control;2023-12-29 01:45:00+00:00;0.049;;
654611;unknown;control;2023-12-29 02:00:00+00:00;0.05;;
654611;unknown;control;2023-12-29 02:15:00+00:00;0.06;;
654611;unknown;control;2023-12-29 02:30:00+00:00;0.059;;
654611;unknown;control;2023-12-29 02:45:00+00:00;0.06;;
654611;unknown;control;2023-12-29 03:00:00+00:00;0.075;;
654611;unknown;control;2023-12-29 03:15:00+00:00;0.057;;
654611;unknown;control;2023-12-29 03:30:00+00:00;0.046;;
654611;unknown;control;2023-12-29 03:45:00+00:00;0.048;;
654611;unknown;control;2023-12-29 04:00:00+00:00;0.042;;
654611;unknown;control;2023-12-29 04:15:00+00:00;0.047;;
654611;unknown;control;2023-12-29 04:30:00+00:00;0.062;;
654611;unknown;control;2023-12-29 04:45:00+00:00;0.055;;
654611;unknown;control;2023-12-29 05:00:00+00:00;0.072;;
654611;unknown;control;2023-12-29 05:15:00+00:00;0.37;;
654611;unknown;control;2023-12-29 05:30:00+00:00;0.16;;
654611;unknown;control;2023-12-29 05:45:00+00:00;0.086;;
654611;unknown;control;2023-12-29 06:00:00+00:00;0.072;;
654611;unknown;control;2023-12-29 06:15:00+00:00;0.101;;
654611;unknown;control;2023-12-29 06:30:00+00:00;0.286;;
654611;unknown;control;2023-12-29 06:45:00+00:00;0.306;;
654611;unknown;control;2023-12-29 07:00:00+00:00;0.107;;
654611;unknown;control;2023-12-29 07:15:00+00:00;0.098;;
654611;unknown;control;2023-12-29 07:30:00+00:00;0.091;;
654611;unknown;control;2023-12-29 07:45:00+00:00;0.105;;
654611;unknown;control;2023-12-29 08:00:00+00:00;0.232;;
654611;unknown;control;2023-12-29 08:15:00+00:00;0.156;;
654611;unknown;control;2023-12-29 08:30:00+00:00;0.107;;
654611;unknown;control;2023-12-29 08:45:00+00:00;0.116;;
654611;unknown;control;2023-12-29 09:00:00+00:00;0.37;;
654611;unknown;control;2023-12-29 09:15:00+00:00;0.248;;
654611;unknown;control;2023-12-29 09:30:00+00:00;0.256;;
654611;unknown;control;2023-12-29 09:45:00+00:00;0.174;;
654611;unknown;control;2023-12-29 10:00:00+00:00;0.022;;
654611;unknown;control;2023-12-29 10:15:00+00:00;0.002;;
654611;unknown;control;2023-12-29 10:30:00+00:00;0.005;;
654611;unknown;control;2023-12-29 10:45:00+00:00;0.002;;
654611;unknown;control;2023-12-29 11:00:00+00:00;0.093;;
654611;unknown;control;2023-12-29 11:15:00+00:00;0.094;;
654611;unknown;control;2023-12-29 11:30:00+00:00;0.031;;
654611;unknown;control;2023-12-29 11:45:00+00:00;0.083;;
654611;unknown;control;2023-12-29 12:00:00+00:00;0.146;;
654611;unknown;control;2023-12-29 12:15:00+00:00;0.061;;
654611;unknown;control;2023-12-29 12:30:00+00:00;0.144;;
654611;unknown;control;2023-12-29 12:45:00+00:00;0.007;;
654611;unknown;control;2023-12-29 13:00:00+00:00;0.025;;
654611;unknown;control;2023-12-29 13:15:00+00:00;0.002;;
654611;unknown;control;2023-12-29 13:30:00+00:00;0.016;;
654611;unknown;control;2023-12-29 13:45:00+00:00;0.064;;
654611;unknown;control;2023-12-29 14:00:00+00:00;0.582;;
654611;unknown;control;2023-12-29 14:15:00+00:00;0.402;;
654611;unknown;control;2023-12-29 14:30:00+00:00;0.261;;
654611;unknown;control;2023-12-29 14:45:00+00:00;0.216;;
654611;unknown;control;2023-12-29 15:00:00+00:00;0.276;;
654611;unknown;control;2023-12-29 15:15:00+00:00;0.287;;
654611;unknown;control;2023-12-29 15:30:00+00:00;0.236;;
654611;unknown;control;2023-12-29 15:45:00+00:00;0.272;;
654611;unknown;control;2023-12-29 16:00:00+00:00;0.286;;
654611;unknown;control;2023-12-29 16:15:00+00:00;0.292;;
654611;unknown;control;2023-12-29 16:30:00+00:00;0.271;;
654611;unknown;control;2023-12-29 16:45:00+00:00;0.151;;
654611;unknown;control;2023-12-29 17:00:00+00:00;0.069;;
654611;unknown;control;2023-12-29 17:15:00+00:00;0.069;;
654611;unknown;control;2023-12-29 17:30:00+00:00;0.088;;
654611;unknown;control;2023-12-29 17:45:00+00:00;0.108;;
654611;unknown;control;2023-12-29 18:00:00+00:00;0.089;;
654611;unknown;control;2023-12-29 18:15:00+00:00;0.057;;
654611;unknown;control;2023-12-29 18:30:00+00:00;0.057;;
654611;unknown;control;2023-12-29 18:45:00+00:00;0.068;;
654611;unknown;control;2023-12-29 19:00:00+00:00;0.422;;
654611;unknown;control;2023-12-29 19:15:00+00:00;0.291;;
654611;unknown;control;2023-12-29 19:30:00+00:00;0.443;;
654611;unknown;control;2023-12-29 19:45:00+00:00;0.29;;
654611;unknown;control;2023-12-29 20:00:00+00:00;0.264;;
654611;unknown;control;2023-12-29 20:15:00+00:00;0.266;;
654611;unknown;control;2023-12-29 20:30:00+00:00;0.262;;
654611;unknown;control;2023-12-29 20:45:00+00:00;0.296;;
654611;unknown;control;2023-12-29 21:00:00+00:00;0.298;;
654611;unknown;control;2023-12-29 21:15:00+00:00;0.263;;
654611;unknown;control;2023-12-29 21:30:00+00:00;0.253;;
654611;unknown;control;2023-12-29 21:45:00+00:00;0.168;;
654611;unknown;control;2023-12-29 22:00:00+00:00;0.05;;
654611;unknown;control;2023-12-29 22:15:00+00:00;0.049;;
654611;unknown;control;2023-12-29 22:30:00+00:00;0.052;;
654611;unknown;control;2023-12-29 22:45:00+00:00;0.046;;
654611;unknown;control;2023-12-29 23:00:00+00:00;0.05;;
654611;unknown;control;2023-12-29 23:15:00+00:00;0.048;;
654611;unknown;control;2023-12-29 23:30:00+00:00;0.066;;
654611;unknown;control;2023-12-29 23:45:00+00:00;0.069;;
654611;unknown;control;2023-12-30 00:00:00+00:00;0.058;;
654611;unknown;control;2023-12-30 00:15:00+00:00;0.052;;
654611;unknown;control;2023-12-30 00:30:00+00:00;0.051;;
654611;unknown;control;2023-12-30 00:45:00+00:00;0.051;;
654611;unknown;control;2023-12-30 01:00:00+00:00;0.048;;
654611;unknown;control;2023-12-30 01:15:00+00:00;0.044;;
654611;unknown;control;2023-12-30 01:30:00+00:00;0.042;;
654611;unknown;control;2023-12-30 01:45:00+00:00;0.045;;
654611;unknown;control;2023-12-30 02:00:00+00:00;0.051;;
654611;unknown;control;2023-12-30 02:15:00+00:00;0.05;;
654611;unknown;control;2023-12-30 02:30:00+00:00;0.051;;
654611;unknown;control;2023-12-30 02:45:00+00:00;0.057;;
654611;unknown;control;2023-12-30 03:00:00+00:00;0.047;;
654611;unknown;control;2023-12-30 03:15:00+00:00;0.062;;
654611;unknown;control;2023-12-30 03:30:00+00:00;0.062;;
654611;unknown;control;2023-12-30 03:45:00+00:00;0.055;;
654611;unknown;control;2023-12-30 04:00:00+00:00;0.055;;
654611;unknown;control;2023-12-30 04:15:00+00:00;0.06;;
654611;unknown;control;2023-12-30 04:30:00+00:00;0.061;;
654611;unknown;control;2023-12-30 04:45:00+00:00;0.056;;
654611;unknown;control;2023-12-30 05:00:00+00:00;0.046;;
654611;unknown;control;2023-12-30 05:15:00+00:00;0.04;;
654611;unknown;control;2023-12-30 05:30:00+00:00;0.04;;
654611;unknown;control;2023-12-30 05:45:00+00:00;0.054;;
654611;unknown;control;2023-12-30 06:00:00+00:00;0.063;;
654611;unknown;control;2023-12-30 06:15:00+00:00;0.055;;
654611;unknown;control;2023-12-30 06:30:00+00:00;0.059;;
654611;unknown;control;2023-12-30 06:45:00+00:00;0.051;;
654611;unknown;control;2023-12-30 07:00:00+00:00;0.052;;
654611;unknown;control;2023-12-30 07:15:00+00:00;0.067;;
654611;unknown;control;2023-12-30 07:30:00+00:00;0.026;;
654611;unknown;control;2023-12-30 07:45:00+00:00;0.01;;
654611;unknown;control;2023-12-30 08:00:00+00:00;0.0;;
654611;unknown;control;2023-12-30 08:15:00+00:00;0.0;;
654611;unknown;control;2023-12-30 08:30:00+00:00;0.0;;
654611;unknown;control;2023-12-30 08:45:00+00:00;0.0;;
654611;unknown;control;2023-12-30 09:00:00+00:00;0.0;;
654611;unknown;control;2023-12-30 09:15:00+00:00;0.0;;
654611;unknown;control;2023-12-30 09:30:00+00:00;0.0;;
654611;unknown;control;2023-12-30 09:45:00+00:00;0.0;;
654611;unknown;control;2023-12-30 10:00:00+00:00;0.0;;
654611;unknown;control;2023-12-30 10:15:00+00:00;0.0;;
654611;unknown;control;2023-12-30 10:30:00+00:00;0.07;;
654611;unknown;control;2023-12-30 10:45:00+00:00;0.0;;
654611;unknown;control;2023-12-30 11:00:00+00:00;0.0;;
654611;unknown;control;2023-12-30 11:15:00+00:00;0.0;;
654611;unknown;control;2023-12-30 11:30:00+00:00;0.0;;
654611;unknown;control;2023-12-30 11:45:00+00:00;0.0;;
654611;unknown;control;2023-12-30 12:00:00+00:00;0.0;;
654611;unknown;control;2023-12-30 12:15:00+00:00;0.079;;
654611;unknown;control;2023-12-30 12:30:00+00:00;0.0;;
654611;unknown;control;2023-12-30 12:45:00+00:00;0.0;;
654611;unknown;control;2023-12-30 13:00:00+00:00;0.0;;
654611;unknown;control;2023-12-30 13:15:00+00:00;0.0;;
654611;unknown;control;2023-12-30 13:30:00+00:00;0.0;;
654611;unknown;control;2023-12-30 13:45:00+00:00;0.117;;
654611;unknown;control;2023-12-30 14:00:00+00:00;0.0;;
654611;unknown;control;2023-12-30 14:15:00+00:00;0.025;;
654611;unknown;control;2023-12-30 14:30:00+00:00;0.083;;
654611;unknown;control;2023-12-30 14:45:00+00:00;0.118;;
654611;unknown;control;2023-12-30 15:00:00+00:00;0.144;;
654611;unknown;control;2023-12-30 15:15:00+00:00;0.194;;
654611;unknown;control;2023-12-30 15:30:00+00:00;0.358;;
654611;unknown;control;2023-12-30 15:45:00+00:00;0.253;;
654611;unknown;control;2023-12-30 16:00:00+00:00;0.248;;
654611;unknown;control;2023-12-30 16:15:00+00:00;0.311;;
654611;unknown;control;2023-12-30 16:30:00+00:00;0.228;;
654611;unknown;control;2023-12-30 16:45:00+00:00;0.246;;
654611;unknown;control;2023-12-30 17:00:00+00:00;0.057;;
654611;unknown;control;2023-12-30 17:15:00+00:00;0.055;;
654611;unknown;control;2023-12-30 17:30:00+00:00;0.056;;
654611;unknown;control;2023-12-30 17:45:00+00:00;0.059;;
654611;unknown;control;2023-12-30 18:00:00+00:00;0.07;;
654611;unknown;control;2023-12-30 18:15:00+00:00;0.071;;
654611;unknown;control;2023-12-30 18:30:00+00:00;0.066;;
654611;unknown;control;2023-12-30 18:45:00+00:00;0.067;;
654611;unknown;control;2023-12-30 19:00:00+00:00;0.054;;
654611;unknown;control;2023-12-30 19:15:00+00:00;0.059;;
654611;unknown;control;2023-12-30 19:30:00+00:00;0.057;;
654611;unknown;control;2023-12-30 19:45:00+00:00;0.076;;
654611;unknown;control;2023-12-30 20:00:00+00:00;0.063;;
654611;unknown;control;2023-12-30 20:15:00+00:00;0.057;;
654611;unknown;control;2023-12-30 20:30:00+00:00;0.063;;
654611;unknown;control;2023-12-30 20:45:00+00:00;0.052;;
654611;unknown;control;2023-12-30 21:00:00+00:00;0.052;;
654611;unknown;control;2023-12-30 21:15:00+00:00;0.063;;
654611;unknown;control;2023-12-30 21:30:00+00:00;0.049;;
654611;unknown;control;2023-12-30 21:45:00+00:00;0.069;;
654611;unknown;control;2023-12-30 22:00:00+00:00;0.052;;
654611;unknown;control;2023-12-30 22:15:00+00:00;0.053;;
654611;unknown;control;2023-12-30 22:30:00+00:00;0.05;;
654611;unknown;control;2023-12-30 22:45:00+00:00;0.041;;
654611;unknown;control;2023-12-30 23:00:00+00:00;0.06;;
654611;unknown;control;2023-12-30 23:15:00+00:00;0.061;;
654611;unknown;control;2023-12-30 23:30:00+00:00;0.052;;
654611;unknown;control;2023-12-30 23:45:00+00:00;0.058;;
654611;unknown;control;2023-12-31 00:00:00+00:00;0.048;;
654611;unknown;control;2023-12-31 00:15:00+00:00;0.048;;
654611;unknown;control;2023-12-31 00:30:00+00:00;0.06;;
654611;unknown;control;2023-12-31 00:45:00+00:00;0.057;;
654611;unknown;control;2023-12-31 01:00:00+00:00;0.049;;
654611;unknown;control;2023-12-31 01:15:00+00:00;0.047;;
654611;unknown;control;2023-12-31 01:30:00+00:00;0.059;;
654611;unknown;control;2023-12-31 01:45:00+00:00;0.056;;
654611;unknown;control;2023-12-31 02:00:00+00:00;0.049;;
654611;unknown;control;2023-12-31 02:15:00+00:00;0.055;;
654611;unknown;control;2023-12-31 02:30:00+00:00;0.054;;
654611;unknown;control;2023-12-31 02:45:00+00:00;0.043;;
654611;unknown;control;2023-12-31 03:00:00+00:00;0.053;;
654611;unknown;control;2023-12-31 03:15:00+00:00;0.047;;
654611;unknown;control;2023-12-31 03:30:00+00:00;0.055;;
654611;unknown;control;2023-12-31 03:45:00+00:00;0.051;;
654611;unknown;control;2023-12-31 04:00:00+00:00;0.062;;
654611;unknown;control;2023-12-31 04:15:00+00:00;0.059;;
654611;unknown;control;2023-12-31 04:30:00+00:00;0.053;;
654611;unknown;control;2023-12-31 04:45:00+00:00;0.059;;
654611;unknown;control;2023-12-31 05:00:00+00:00;0.056;;
654611;unknown;control;2023-12-31 05:15:00+00:00;0.053;;
654611;unknown;control;2023-12-31 05:30:00+00:00;0.072;;
654611;unknown;control;2023-12-31 05:45:00+00:00;0.062;;
654611;unknown;control;2023-12-31 06:00:00+00:00;0.06;;
654611;unknown;control;2023-12-31 06:15:00+00:00;0.055;;
654611;unknown;control;2023-12-31 06:30:00+00:00;0.05;;
654611;unknown;control;2023-12-31 06:45:00+00:00;0.049;;
654611;unknown;control;2023-12-31 07:00:00+00:00;0.045;;
654611;unknown;control;2023-12-31 07:15:00+00:00;0.057;;
654611;unknown;control;2023-12-31 07:30:00+00:00;0.057;;
654611;unknown;control;2023-12-31 07:45:00+00:00;0.032;;
654611;unknown;control;2023-12-31 08:00:00+00:00;0.012;;
654611;unknown;control;2023-12-31 08:15:00+00:00;0.001;;
654611;unknown;control;2023-12-31 08:30:00+00:00;0.0;;
654611;unknown;control;2023-12-31 08:45:00+00:00;0.0;;
654611;unknown;control;2023-12-31 09:00:00+00:00;0.343;;
654611;unknown;control;2023-12-31 09:15:00+00:00;0.243;;
654611;unknown;control;2023-12-31 09:30:00+00:00;0.129;;
654611;unknown;control;2023-12-31 09:45:00+00:00;0.217;;
654611;unknown;control;2023-12-31 10:00:00+00:00;0.074;;
654611;unknown;control;2023-12-31 10:15:00+00:00;0.0;;
654611;unknown;control;2023-12-31 10:30:00+00:00;0.0;;
654611;unknown;control;2023-12-31 10:45:00+00:00;0.011;;
654611;unknown;control;2023-12-31 11:00:00+00:00;0.125;;
654611;unknown;control;2023-12-31 11:15:00+00:00;0.153;;
654611;unknown;control;2023-12-31 11:30:00+00:00;0.165;;
654611;unknown;control;2023-12-31 11:45:00+00:00;0.248;;
654611;unknown;control;2023-12-31 12:00:00+00:00;0.163;;
654611;unknown;control;2023-12-31 12:15:00+00:00;0.242;;
654611;unknown;control;2023-12-31 12:30:00+00:00;0.222;;
654611;unknown;control;2023-12-31 12:45:00+00:00;0.188;;
654611;unknown;control;2023-12-31 13:00:00+00:00;0.208;;
654611;unknown;control;2023-12-31 13:15:00+00:00;0.223;;
654611;unknown;control;2023-12-31 13:30:00+00:00;0.336;;
654611;unknown;control;2023-12-31 13:45:00+00:00;0.284;;
654611;unknown;control;2023-12-31 14:00:00+00:00;0.085;;
654611;unknown;control;2023-12-31 14:15:00+00:00;0.513;;
654611;unknown;control;2023-12-31 14:30:00+00:00;0.317;;
654611;unknown;control;2023-12-31 14:45:00+00:00;0.299;;
654611;unknown;control;2023-12-31 15:00:00+00:00;0.435;;
654611;unknown;control;2023-12-31 15:15:00+00:00;0.426;;
654611;unknown;control;2023-12-31 15:30:00+00:00;0.305;;
654611;unknown;control;2023-12-31 15:45:00+00:00;0.304;;
654611;unknown;control;2023-12-31 16:00:00+00:00;0.39;;
654611;unknown;control;2023-12-31 16:15:00+00:00;0.362;;
654611;unknown;control;2023-12-31 16:30:00+00:00;0.303;;
654611;unknown;control;2023-12-31 16:45:00+00:00;0.308;;
654611;unknown;control;2023-12-31 17:00:00+00:00;0.068;;
654611;unknown;control;2023-12-31 17:15:00+00:00;0.055;;
654611;unknown;control;2023-12-31 17:30:00+00:00;0.05;;
654611;unknown;control;2023-12-31 17:45:00+00:00;0.049;;
654611;unknown;control;2023-12-31 18:00:00+00:00;0.07;;
654611;unknown;control;2023-12-31 18:15:00+00:00;0.078;;
654611;unknown;control;2023-12-31 18:30:00+00:00;0.07;;
654611;unknown;control;2023-12-31 18:45:00+00:00;0.072;;
654611;unknown;control;2023-12-31 19:00:00+00:00;0.07;;
654611;unknown;control;2023-12-31 19:15:00+00:00;0.057;;
654611;unknown;control;2023-12-31 19:30:00+00:00;0.052;;
654611;unknown;control;2023-12-31 19:45:00+00:00;0.057;;
654611;unknown;control;2023-12-31 20:00:00+00:00;0.063;;
654611;unknown;control;2023-12-31 20:15:00+00:00;0.065;;
654611;unknown;control;2023-12-31 20:30:00+00:00;0.075;;
654611;unknown;control;2023-12-31 20:45:00+00:00;0.071;;
654611;unknown;control;2023-12-31 21:00:00+00:00;0.072;;
654611;unknown;control;2023-12-31 21:15:00+00:00;0.059;;
654611;unknown;control;2023-12-31 21:30:00+00:00;0.055;;
654611;unknown;control;2023-12-31 21:45:00+00:00;0.055;;
654611;unknown;control;2023-12-31 22:00:00+00:00;0.057;;
654611;unknown;control;2023-12-31 22:15:00+00:00;0.069;;
654611;unknown;control;2023-12-31 22:30:00+00:00;0.058;;
654611;unknown;control;2023-12-31 22:45:00+00:00;0.059;;
654611;unknown;control;2023-12-31 23:00:00+00:00;0.061;;
654611;unknown;control;2023-12-31 23:15:00+00:00;0.054;;
654611;unknown;control;2023-12-31 23:30:00+00:00;0.054;;
654611;unknown;control;2023-12-31 23:45:00+00:00;0.051;;
654611;unknown;control;2024-01-01 00:00:00+00:00;0.063;;
654611;unknown;control;2024-01-01 00:15:00+00:00;0.064;;
654611;unknown;control;2024-01-01 00:30:00+00:00;0.058;;
654611;unknown;control;2024-01-01 00:45:00+00:00;0.066;;
654611;unknown;control;2024-01-01 01:00:00+00:00;0.06;;
654611;unknown;control;2024-01-01 01:15:00+00:00;0.056;;
654611;unknown;control;2024-01-01 01:30:00+00:00;0.049;;
654611;unknown;control;2024-01-01 01:45:00+00:00;0.056;;
654611;unknown;control;2024-01-01 02:00:00+00:00;0.061;;
654611;unknown;control;2024-01-01 02:15:00+00:00;0.064;;
654611;unknown;control;2024-01-01 02:30:00+00:00;0.059;;
654611;unknown;control;2024-01-01 02:45:00+00:00;0.056;;
654611;unknown;control;2024-01-01 03:00:00+00:00;0.046;;
654611;unknown;control;2024-01-01 03:15:00+00:00;0.047;;
654611;unknown;control;2024-01-01 03:30:00+00:00;0.043;;
654611;unknown;control;2024-01-01 03:45:00+00:00;0.051;;
654611;unknown;control;2024-01-01 04:00:00+00:00;0.058;;
654611;unknown;control;2024-01-01 04:15:00+00:00;0.064;;
654611;unknown;control;2024-01-01 04:30:00+00:00;0.063;;
654611;unknown;control;2024-01-01 04:45:00+00:00;0.071;;
654611;unknown;control;2024-01-01 05:00:00+00:00;0.067;;
654611;unknown;control;2024-01-01 05:15:00+00:00;0.066;;
654611;unknown;control;2024-01-01 05:30:00+00:00;0.057;;
654611;unknown;control;2024-01-01 05:45:00+00:00;0.063;;
654611;unknown;control;2024-01-01 06:00:00+00:00;0.062;;
654611;unknown;control;2024-01-01 06:15:00+00:00;0.066;;
654611;unknown;control;2024-01-01 06:30:00+00:00;0.059;;
654611;unknown;control;2024-01-01 06:45:00+00:00;0.057;;
654611;unknown;control;2024-01-01 07:00:00+00:00;0.054;;
654611;unknown;control;2024-01-01 07:15:00+00:00;0.048;;
654611;unknown;control;2024-01-01 07:30:00+00:00;0.041;;
654611;unknown;control;2024-01-01 07:45:00+00:00;0.043;;
654611;unknown;control;2024-01-01 08:00:00+00:00;0.042;;
654611;unknown;control;2024-01-01 08:15:00+00:00;0.004;;
654611;unknown;control;2024-01-01 08:30:00+00:00;0.015;;
654611;unknown;control;2024-01-01 08:45:00+00:00;0.0;;
654611;unknown;control;2024-01-01 09:00:00+00:00;0.446;;
654611;unknown;control;2024-01-01 09:15:00+00:00;0.263;;
654611;unknown;control;2024-01-01 09:30:00+00:00;0.336;;
654611;unknown;control;2024-01-01 09:45:00+00:00;0.165;;
654611;unknown;control;2024-01-01 10:00:00+00:00;0.005;;
654611;unknown;control;2024-01-01 10:15:00+00:00;0.0;;
654611;unknown;control;2024-01-01 10:30:00+00:00;0.0;;
654611;unknown;control;2024-01-01 10:45:00+00:00;0.0;;
654611;unknown;control;2024-01-01 11:00:00+00:00;0.06;;
654611;unknown;control;2024-01-01 11:15:00+00:00;0.052;;
654611;unknown;control;2024-01-01 11:30:00+00:00;0.077;;
654611;unknown;control;2024-01-01 11:45:00+00:00;0.027;;
654611;unknown;control;2024-01-01 12:00:00+00:00;0.103;;
654611;unknown;control;2024-01-01 12:15:00+00:00;0.307;;
654611;unknown;control;2024-01-01 12:30:00+00:00;0.106;;
654611;unknown;control;2024-01-01 12:45:00+00:00;0.247;;
654611;unknown;control;2024-01-01 13:00:00+00:00;0.156;;
654611;unknown;control;2024-01-01 13:15:00+00:00;0.236;;
654611;unknown;control;2024-01-01 13:30:00+00:00;0.103;;
654611;unknown;control;2024-01-01 13:45:00+00:00;0.212;;
654611;unknown;control;2024-01-01 14:00:00+00:00;0.023;;
654611;unknown;control;2024-01-01 14:15:00+00:00;0.437;;
654611;unknown;control;2024-01-01 14:30:00+00:00;0.23;;
654611;unknown;control;2024-01-01 14:45:00+00:00;0.3;;
654611;unknown;control;2024-01-01 15:00:00+00:00;0.355;;
654611;unknown;control;2024-01-01 15:15:00+00:00;0.253;;
654611;unknown;control;2024-01-01 15:30:00+00:00;0.451;;
654611;unknown;control;2024-01-01 15:45:00+00:00;0.378;;
654611;unknown;control;2024-01-01 16:00:00+00:00;0.354;;
654611;unknown;control;2024-01-01 16:15:00+00:00;0.44;;
654611;unknown;control;2024-01-01 16:30:00+00:00;0.281;;
654611;unknown;control;2024-01-01 16:45:00+00:00;0.454;;
654611;unknown;control;2024-01-01 17:00:00+00:00;0.06;;
654611;unknown;control;2024-01-01 17:15:00+00:00;0.054;;
654611;unknown;control;2024-01-01 17:30:00+00:00;0.057;;
654611;unknown;control;2024-01-01 17:45:00+00:00;0.057;;
654611;unknown;control;2024-01-01 18:00:00+00:00;0.063;;
654611;unknown;control;2024-01-01 18:15:00+00:00;0.064;;
654611;unknown;control;2024-01-01 18:30:00+00:00;0.065;;
654611;unknown;control;2024-01-01 18:45:00+00:00;0.063;;
654611;unknown;control;2024-01-01 19:00:00+00:00;0.057;;
654611;unknown;control;2024-01-01 19:15:00+00:00;0.066;;
654611;unknown;control;2024-01-01 19:30:00+00:00;0.057;;
654611;unknown;control;2024-01-01 19:45:00+00:00;0.063;;
654611;unknown;control;2024-01-01 20:00:00+00:00;0.059;;
654611;unknown;control;2024-01-01 20:15:00+00:00;0.062;;
654611;unknown;control;2024-01-01 20:30:00+00:00;0.057;;
654611;unknown;control;2024-01-01 20:45:00+00:00;0.061;;
654611;unknown;control;2024-01-01 21:00:00+00:00;0.057;;
654611;unknown;control;2024-01-01 21:15:00+00:00;0.067;;
654611;unknown;control;2024-01-01 21:30:00+00:00;0.054;;
654611;unknown;control;2024-01-01 21:45:00+00:00;0.048;;
654611;unknown;control;2024-01-01 22:00:00+00:00;0.051;;
654611;unknown;control;2024-01-01 22:15:00+00:00;0.053;;
654611;unknown;control;2024-01-01 22:30:00+00:00;0.048;;
654611;unknown;control;2024-01-01 22:45:00+00:00;0.049;;
654611;unknown;control;2024-01-01 23:00:00+00:00;0.04;;
654611;unknown;control;2024-01-01 23:15:00+00:00;0.052;;
654611;unknown;control;2024-01-01 23:30:00+00:00;0.049;;
654611;unknown;control;2024-01-01 23:45:00+00:00;0.05;;
654611;unknown;control;2024-01-02 00:00:00+00:00;0.058;;
654611;unknown;control;2024-01-02 00:15:00+00:00;0.048;;
654611;unknown;control;2024-01-02 00:30:00+00:00;0.055;;
654611;unknown;control;2024-01-02 00:45:00+00:00;0.066;;
654611;unknown;control;2024-01-02 01:00:00+00:00;0.055;;
654611;unknown;control;2024-01-02 01:15:00+00:00;0.072;;
654611;unknown;control;2024-01-02 01:30:00+00:00;0.076;;
654611;unknown;control;2024-01-02 01:45:00+00:00;0.055;;
654611;unknown;control;2024-01-02 02:00:00+00:00;0.055;;
654611;unknown;control;2024-01-02 02:15:00+00:00;0.054;;
654611;unknown;control;2024-01-02 02:30:00+00:00;0.051;;
654611;unknown;control;2024-01-02 02:45:00+00:00;0.056;;
654611;unknown;control;2024-01-02 03:00:00+00:00;0.058;;
654611;unknown;control;2024-01-02 03:15:00+00:00;0.062;;
654611;unknown;control;2024-01-02 03:30:00+00:00;0.056;;
654611;unknown;control;2024-01-02 03:45:00+00:00;0.055;;
654611;unknown;control;2024-01-02 04:00:00+00:00;0.06;;
654611;unknown;control;2024-01-02 04:15:00+00:00;0.048;;
654611;unknown;control;2024-01-02 04:30:00+00:00;0.049;;
654611;unknown;control;2024-01-02 04:45:00+00:00;0.064;;
654611;unknown;control;2024-01-02 05:00:00+00:00;0.065;;
654611;unknown;control;2024-01-02 05:15:00+00:00;0.067;;
654611;unknown;control;2024-01-02 05:30:00+00:00;0.074;;
654611;unknown;control;2024-01-02 05:45:00+00:00;0.078;;
654611;unknown;control;2024-01-02 06:00:00+00:00;0.053;;
654611;unknown;control;2024-01-02 06:15:00+00:00;0.048;;
654611;unknown;control;2024-01-02 06:30:00+00:00;0.046;;
654611;unknown;control;2024-01-02 06:45:00+00:00;0.048;;
654611;unknown;control;2024-01-02 07:00:00+00:00;0.062;;
654611;unknown;control;2024-01-02 07:15:00+00:00;0.065;;
654611;unknown;control;2024-01-02 07:30:00+00:00;0.07;;
654611;unknown;control;2024-01-02 07:45:00+00:00;0.056;;
654611;unknown;control;2024-01-02 08:00:00+00:00;0.047;;
654611;unknown;control;2024-01-02 08:15:00+00:00;0.032;;
654611;unknown;control;2024-01-02 08:30:00+00:00;0.028;;
654611;unknown;control;2024-01-02 08:45:00+00:00;0.02;;
654611;unknown;control;2024-01-02 09:00:00+00:00;0.505;;
654611;unknown;control;2024-01-02 09:15:00+00:00;0.279;;
654611;unknown;control;2024-01-02 09:30:00+00:00;0.366;;
654611;unknown;control;2024-01-02 09:45:00+00:00;0.184;;
654611;unknown;control;2024-01-02 10:00:00+00:00;0.006;;
654611;unknown;control;2024-01-02 10:15:00+00:00;0.0;;
654611;unknown;control;2024-01-02 10:30:00+00:00;0.0;;
654611;unknown;control;2024-01-02 10:45:00+00:00;0.0;;
654611;unknown;control;2024-01-02 11:00:00+00:00;0.197;;
654611;unknown;control;2024-01-02 11:15:00+00:00;0.194;;
654611;unknown;control;2024-01-02 11:30:00+00:00;0.192;;
654611;unknown;control;2024-01-02 11:45:00+00:00;0.218;;
654611;unknown;control;2024-01-02 12:00:00+00:00;0.227;;
654611;unknown;control;2024-01-02 12:15:00+00:00;0.256;;
654611;unknown;control;2024-01-02 12:30:00+00:00;0.162;;
654611;unknown;control;2024-01-02 12:45:00+00:00;0.255;;
654611;unknown;control;2024-01-02 13:00:00+00:00;0.175;;
654611;unknown;control;2024-01-02 13:15:00+00:00;0.225;;
654611;unknown;control;2024-01-02 13:30:00+00:00;0.207;;
654611;unknown;control;2024-01-02 13:45:00+00:00;0.31;;
654611;unknown;control;2024-01-02 14:00:00+00:00;0.076;;
654611;unknown;control;2024-01-02 14:15:00+00:00;0.444;;
654611;unknown;control;2024-01-02 14:30:00+00:00;0.292;;
654611;unknown;control;2024-01-02 14:45:00+00:00;0.289;;
654611;unknown;control;2024-01-02 15:00:00+00:00;0.312;;
654611;unknown;control;2024-01-02 15:15:00+00:00;0.312;;
654611;unknown;control;2024-01-02 15:30:00+00:00;0.316;;
654611;unknown;control;2024-01-02 15:45:00+00:00;0.293;;
654611;unknown;control;2024-01-02 16:00:00+00:00;0.339;;
654611;unknown;control;2024-01-02 16:15:00+00:00;0.258;;
654611;unknown;control;2024-01-02 16:30:00+00:00;0.266;;
654611;unknown;control;2024-01-02 16:45:00+00:00;0.263;;
654611;unknown;control;2024-01-02 17:00:00+00:00;0.062;;
654611;unknown;control;2024-01-02 17:15:00+00:00;0.063;;
654611;unknown;control;2024-01-02 17:30:00+00:00;0.059;;
654611;unknown;control;2024-01-02 17:45:00+00:00;0.056;;
654611;unknown;control;2024-01-02 18:00:00+00:00;0.049;;
654611;unknown;control;2024-01-02 18:15:00+00:00;0.058;;
654611;unknown;control;2024-01-02 18:30:00+00:00;0.057;;
654611;unknown;control;2024-01-02 18:45:00+00:00;0.057;;
654611;unknown;control;2024-01-02 19:00:00+00:00;0.07;;
654611;unknown;control;2024-01-02 19:15:00+00:00;0.067;;
654611;unknown;control;2024-01-02 19:30:00+00:00;0.061;;
654611;unknown;control;2024-01-02 19:45:00+00:00;0.076;;
654611;unknown;control;2024-01-02 20:00:00+00:00;0.074;;
654611;unknown;control;2024-01-02 20:15:00+00:00;0.063;;
654611;unknown;control;2024-01-02 20:30:00+00:00;0.065;;
654611;unknown;control;2024-01-02 20:45:00+00:00;0.07;;
654611;unknown;control;2024-01-02 21:00:00+00:00;0.065;;
654611;unknown;control;2024-01-02 21:15:00+00:00;0.061;;
654611;unknown;control;2024-01-02 21:30:00+00:00;0.061;;
654611;unknown;control;2024-01-02 21:45:00+00:00;0.061;;
654611;unknown;control;2024-01-02 22:00:00+00:00;0.06;;
654611;unknown;control;2024-01-02 22:15:00+00:00;0.055;;
654611;unknown;control;2024-01-02 22:30:00+00:00;0.062;;
654611;unknown;control;2024-01-02 22:45:00+00:00;0.055;;
654611;unknown;control;2024-01-02 23:00:00+00:00;0.055;;
654611;unknown;control;2024-01-02 23:15:00+00:00;0.056;;
654611;unknown;control;2024-01-02 23:30:00+00:00;0.061;;
654611;unknown;control;2024-01-02 23:45:00+00:00;0.056;;
654611;unknown;control;2024-01-03 00:00:00+00:00;0.056;;
654611;unknown;control;2024-01-03 00:15:00+00:00;0.074;;
654611;unknown;control;2024-01-03 00:30:00+00:00;0.056;;
654611;unknown;control;2024-01-03 00:45:00+00:00;0.055;;
654611;unknown;control;2024-01-03 01:00:00+00:00;0.056;;
654611;unknown;control;2024-01-03 01:15:00+00:00;0.051;;
654611;unknown;control;2024-01-03 01:30:00+00:00;0.057;;
654611;unknown;control;2024-01-03 01:45:00+00:00;0.062;;
654611;unknown;control;2024-01-03 02:00:00+00:00;0.043;;
654611;unknown;control;2024-01-03 02:15:00+00:00;0.054;;
654611;unknown;control;2024-01-03 02:30:00+00:00;0.047;;
654611;unknown;control;2024-01-03 02:45:00+00:00;0.048;;
654611;unknown;control;2024-01-03 03:00:00+00:00;0.051;;
654611;unknown;control;2024-01-03 03:15:00+00:00;0.041;;
654611;unknown;control;2024-01-03 03:30:00+00:00;0.045;;
654611;unknown;control;2024-01-03 03:45:00+00:00;0.053;;
654611;unknown;control;2024-01-03 04:00:00+00:00;0.063;;
654611;unknown;control;2024-01-03 04:15:00+00:00;0.071;;
654611;unknown;control;2024-01-03 04:30:00+00:00;0.072;;
654611;unknown;control;2024-01-03 04:45:00+00:00;0.064;;
654611;unknown;control;2024-01-03 05:00:00+00:00;0.047;;
654611;unknown;control;2024-01-03 05:15:00+00:00;0.05;;
654611;unknown;control;2024-01-03 05:30:00+00:00;0.062;;
654611;unknown;control;2024-01-03 05:45:00+00:00;0.067;;
654611;unknown;control;2024-01-03 06:00:00+00:00;0.066;;
654611;unknown;control;2024-01-03 06:15:00+00:00;0.056;;
654611;unknown;control;2024-01-03 06:30:00+00:00;0.06;;
654611;unknown;control;2024-01-03 06:45:00+00:00;0.058;;
654611;unknown;control;2024-01-03 07:00:00+00:00;0.049;;
654611;unknown;control;2024-01-03 07:15:00+00:00;0.048;;
654611;unknown;control;2024-01-03 07:30:00+00:00;0.048;;
654611;unknown;control;2024-01-03 07:45:00+00:00;0.005;;
654611;unknown;control;2024-01-03 08:00:00+00:00;0.0;;
654611;unknown;control;2024-01-03 08:15:00+00:00;0.0;;
654611;unknown;control;2024-01-03 08:30:00+00:00;0.0;;
654611;unknown;control;2024-01-03 08:45:00+00:00;0.0;;
654611;unknown;control;2024-01-03 09:00:00+00:00;0.102;;
654611;unknown;control;2024-01-03 09:15:00+00:00;0.0;;
654611;unknown;control;2024-01-03 09:30:00+00:00;0.049;;
654611;unknown;control;2024-01-03 09:45:00+00:00;0.0;;
654611;unknown;control;2024-01-03 10:00:00+00:00;0.0;;
654611;unknown;control;2024-01-03 10:15:00+00:00;0.0;;
654611;unknown;control;2024-01-03 10:30:00+00:00;0.0;;
654611;unknown;control;2024-01-03 10:45:00+00:00;0.0;;
654611;unknown;control;2024-01-03 11:00:00+00:00;0.237;;
654611;unknown;control;2024-01-03 11:15:00+00:00;0.064;;
654611;unknown;control;2024-01-03 11:30:00+00:00;0.203;;
654611;unknown;control;2024-01-03 11:45:00+00:00;0.116;;
654611;unknown;control;2024-01-03 12:00:00+00:00;0.147;;
654611;unknown;control;2024-01-03 12:15:00+00:00;0.094;;
654611;unknown;control;2024-01-03 12:30:00+00:00;0.092;;
654611;unknown;control;2024-01-03 12:45:00+00:00;0.135;;
654611;unknown;control;2024-01-03 13:00:00+00:00;0.196;;
654611;unknown;control;2024-01-03 13:15:00+00:00;0.101;;
654611;unknown;control;2024-01-03 13:30:00+00:00;0.098;;
654611;unknown;control;2024-01-03 13:45:00+00:00;0.079;;
654611;unknown;control;2024-01-03 14:00:00+00:00;0.027;;
654611;unknown;control;2024-01-03 14:15:00+00:00;0.203;;
654611;unknown;control;2024-01-03 14:30:00+00:00;0.139;;
654611;unknown;control;2024-01-03 14:45:00+00:00;0.305;;
654611;unknown;control;2024-01-03 15:00:00+00:00;0.289;;
654611;unknown;control;2024-01-03 15:15:00+00:00;0.168;;
654611;unknown;control;2024-01-03 15:30:00+00:00;0.226;;
654611;unknown;control;2024-01-03 15:45:00+00:00;0.226;;
654611;unknown;control;2024-01-03 16:00:00+00:00;0.224;;
654611;unknown;control;2024-01-03 16:15:00+00:00;0.335;;
654611;unknown;control;2024-01-03 16:30:00+00:00;0.189;;
654611;unknown;control;2024-01-03 16:45:00+00:00;0.174;;
654611;unknown;control;2024-01-03 17:00:00+00:00;0.054;;
654611;unknown;control;2024-01-03 17:15:00+00:00;0.055;;
654611;unknown;control;2024-01-03 17:30:00+00:00;0.052;;
654611;unknown;control;2024-01-03 17:45:00+00:00;0.065;;
654611;unknown;control;2024-01-03 18:00:00+00:00;0.062;;
654611;unknown;control;2024-01-03 18:15:00+00:00;0.07;;
654611;unknown;control;2024-01-03 18:30:00+00:00;0.056;;
654611;unknown;control;2024-01-03 18:45:00+00:00;0.05;;
654611;unknown;control;2024-01-03 19:00:00+00:00;0.054;;
654611;unknown;control;2024-01-03 19:15:00+00:00;0.051;;
654611;unknown;control;2024-01-03 19:30:00+00:00;0.051;;
654611;unknown;control;2024-01-03 19:45:00+00:00;0.057;;
654611;unknown;control;2024-01-03 20:00:00+00:00;0.077;;
654611;unknown;control;2024-01-03 20:15:00+00:00;0.077;;
654611;unknown;control;2024-01-03 20:30:00+00:00;0.064;;
654611;unknown;control;2024-01-03 20:45:00+00:00;0.079;;
654611;unknown;control;2024-01-03 21:00:00+00:00;0.063;;
654611;unknown;control;2024-01-03 21:15:00+00:00;0.056;;
654611;unknown;control;2024-01-03 21:30:00+00:00;0.053;;
654611;unknown;control;2024-01-03 21:45:00+00:00;0.06;;
654611;unknown;control;2024-01-03 22:00:00+00:00;0.059;;
654611;unknown;control;2024-01-03 22:15:00+00:00;0.071;;
654611;unknown;control;2024-01-03 22:30:00+00:00;0.057;;
654611;unknown;control;2024-01-03 22:45:00+00:00;0.066;;
654611;unknown;control;2024-01-03 23:00:00+00:00;0.042;;
654611;unknown;control;2024-01-03 23:15:00+00:00;0.041;;
654611;unknown;control;2024-01-03 23:30:00+00:00;0.051;;
654611;unknown;control;2024-01-03 23:45:00+00:00;0.048;;
654611;unknown;control;2024-01-04 00:00:00+00:00;0.055;;
654611;unknown;control;2024-01-04 00:15:00+00:00;0.065;;
654611;unknown;control;2024-01-04 00:30:00+00:00;0.066;;
654611;unknown;control;2024-01-04 00:45:00+00:00;0.052;;
654611;unknown;control;2024-01-04 01:00:00+00:00;0.059;;
654611;unknown;control;2024-01-04 01:15:00+00:00;0.046;;
654611;unknown;control;2024-01-04 01:30:00+00:00;0.054;;
654611;unknown;control;2024-01-04 01:45:00+00:00;0.055;;
654611;unknown;control;2024-01-04 02:00:00+00:00;0.06;;
654611;unknown;control;2024-01-04 02:15:00+00:00;0.059;;
654611;unknown;control;2024-01-04 02:30:00+00:00;0.059;;
654611;unknown;control;2024-01-04 02:45:00+00:00;0.058;;
654611;unknown;control;2024-01-04 03:00:00+00:00;0.053;;
654611;unknown;control;2024-01-04 03:15:00+00:00;0.048;;
654611;unknown;control;2024-01-04 03:30:00+00:00;0.055;;
654611;unknown;control;2024-01-04 03:45:00+00:00;0.06;;
654611;unknown;control;2024-01-04 04:00:00+00:00;0.056;;
654611;unknown;control;2024-01-04 04:15:00+00:00;0.055;;
654611;unknown;control;2024-01-04 04:30:00+00:00;0.048;;
654611;unknown;control;2024-01-04 04:45:00+00:00;0.059;;
654611;unknown;control;2024-01-04 05:00:00+00:00;0.057;;
654611;unknown;control;2024-01-04 05:15:00+00:00;0.066;;
654611;unknown;control;2024-01-04 05:30:00+00:00;0.071;;
654611;unknown;control;2024-01-04 05:45:00+00:00;0.056;;
654611;unknown;control;2024-01-04 06:00:00+00:00;0.055;;
654611;unknown;control;2024-01-04 06:15:00+00:00;0.055;;
654611;unknown;control;2024-01-04 06:30:00+00:00;0.057;;
654611;unknown;control;2024-01-04 06:45:00+00:00;0.057;;
654611;unknown;control;2024-01-04 07:00:00+00:00;0.057;;
654611;unknown;control;2024-01-04 07:15:00+00:00;0.053;;
654611;unknown;control;2024-01-04 07:30:00+00:00;0.056;;
654611;unknown;control;2024-01-04 07:45:00+00:00;0.014;;
654611;unknown;control;2024-01-04 08:00:00+00:00;0.04;;
654611;unknown;control;2024-01-04 08:15:00+00:00;0.038;;
654611;unknown;control;2024-01-04 08:30:00+00:00;0.037;;
654611;unknown;control;2024-01-04 08:45:00+00:00;0.004;;
654611;unknown;control;2024-01-04 09:00:00+00:00;0.318;;
654611;unknown;control;2024-01-04 09:15:00+00:00;0.513;;
654611;unknown;control;2024-01-04 09:30:00+00:00;0.526;;
654611;unknown;control;2024-01-04 09:45:00+00:00;0.322;;
654611;unknown;control;2024-01-04 10:00:00+00:00;0.002;;
654611;unknown;control;2024-01-04 10:15:00+00:00;0.0;;
654611;unknown;control;2024-01-04 10:30:00+00:00;0.0;;
654611;unknown;control;2024-01-04 10:45:00+00:00;0.0;;
654611;unknown;control;2024-01-04 11:00:00+00:00;0.159;;
654611;unknown;control;2024-01-04 11:15:00+00:00;0.299;;
654611;unknown;control;2024-01-04 11:30:00+00:00;0.13;;
654611;unknown;control;2024-01-04 11:45:00+00:00;0.129;;
654611;unknown;control;2024-01-04 12:00:00+00:00;0.095;;
654611;unknown;control;2024-01-04 12:15:00+00:00;0.027;;
654611;unknown;control;2024-01-04 12:30:00+00:00;0.042;;
654611;unknown;control;2024-01-04 12:45:00+00:00;0.005;;
654611;unknown;control;2024-01-04 13:00:00+00:00;0.0;;
654611;unknown;control;2024-01-04 13:15:00+00:00;0.0;;
654611;unknown;control;2024-01-04 13:30:00+00:00;0.0;;
654611;unknown;control;2024-01-04 13:45:00+00:00;0.089;;
654611;unknown;control;2024-01-04 14:00:00+00:00;0.0;;
654611;unknown;control;2024-01-04 14:15:00+00:00;0.0;;
654611;unknown;control;2024-01-04 14:30:00+00:00;0.292;;
654611;unknown;control;2024-01-04 14:45:00+00:00;0.48;;
654611;unknown;control;2024-01-04 15:00:00+00:00;0.437;;
654611;unknown;control;2024-01-04 15:15:00+00:00;0.463;;
654611;unknown;control;2024-01-04 15:30:00+00:00;0.452;;
654611;unknown;control;2024-01-04 15:45:00+00:00;0.434;;
654611;unknown;control;2024-01-04 16:00:00+00:00;0.36;;
654611;unknown;control;2024-01-04 16:15:00+00:00;0.457;;
654611;unknown;control;2024-01-04 16:30:00+00:00;0.497;;
654611;unknown;control;2024-01-04 16:45:00+00:00;0.472;;
654611;unknown;control;2024-01-04 17:00:00+00:00;0.469;;
654611;unknown;control;2024-01-04 17:15:00+00:00;0.456;;
654611;unknown;control;2024-01-04 17:30:00+00:00;0.455;;
654611;unknown;control;2024-01-04 17:45:00+00:00;0.431;;
654611;unknown;control;2024-01-04 18:00:00+00:00;0.284;;
654611;unknown;control;2024-01-04 18:15:00+00:00;0.47;;
654611;unknown;control;2024-01-04 18:30:00+00:00;0.465;;
654611;unknown;control;2024-01-04 18:45:00+00:00;0.437;;
654611;unknown;control;2024-01-04 19:00:00+00:00;0.405;;
654611;unknown;control;2024-01-04 19:15:00+00:00;0.4;;
654611;unknown;control;2024-01-04 19:30:00+00:00;0.393;;
654611;unknown;control;2024-01-04 19:45:00+00:00;0.425;;
654611;unknown;control;2024-01-04 20:00:00+00:00;0.459;;
654611;unknown;control;2024-01-04 20:15:00+00:00;0.508;;
654611;unknown;control;2024-01-04 20:30:00+00:00;0.444;;
654611;unknown;control;2024-01-04 20:45:00+00:00;0.439;;
654611;unknown;control;2024-01-04 21:00:00+00:00;0.455;;
654611;unknown;control;2024-01-04 21:15:00+00:00;0.452;;
654611;unknown;control;2024-01-04 21:30:00+00:00;0.434;;
654611;unknown;control;2024-01-04 21:45:00+00:00;0.434;;
654611;unknown;control;2024-01-04 22:00:00+00:00;0.053;;
654611;unknown;control;2024-01-04 22:15:00+00:00;0.045;;
654611;unknown;control;2024-01-04 22:30:00+00:00;0.048;;
654611;unknown;control;2024-01-04 22:45:00+00:00;0.056;;
654611;unknown;control;2024-01-04 23:00:00+00:00;0.069;;
654611;unknown;control;2024-01-04 23:15:00+00:00;0.054;;
654611;unknown;control;2024-01-04 23:30:00+00:00;0.055;;
654611;unknown;control;2024-01-04 23:45:00+00:00;0.067;;
654611;unknown;control;2024-01-05 00:00:00+00:00;0.041;;
654611;unknown;control;2024-01-05 00:15:00+00:00;0.046;;
654611;unknown;control;2024-01-05 00:30:00+00:00;0.061;;
654611;unknown;control;2024-01-05 00:45:00+00:00;0.065;;
654611;unknown;control;2024-01-05 01:00:00+00:00;0.07;;
654611;unknown;control;2024-01-05 01:15:00+00:00;0.056;;
654611;unknown;control;2024-01-05 01:30:00+00:00;0.063;;
654611;unknown;control;2024-01-05 01:45:00+00:00;0.042;;
654611;unknown;control;2024-01-05 02:00:00+00:00;0.049;;
654611;unknown;control;2024-01-05 02:15:00+00:00;0.059;;
654611;unknown;control;2024-01-05 02:30:00+00:00;0.048;;
654611;unknown;control;2024-01-05 02:45:00+00:00;0.056;;
654611;unknown;control;2024-01-05 03:00:00+00:00;0.065;;
654611;unknown;control;2024-01-05 03:15:00+00:00;0.047;;
654611;unknown;control;2024-01-05 03:30:00+00:00;0.072;;
654611;unknown;control;2024-01-05 03:45:00+00:00;0.056;;
654611;unknown;control;2024-01-05 04:00:00+00:00;0.051;;
654611;unknown;control;2024-01-05 04:15:00+00:00;0.056;;
654611;unknown;control;2024-01-05 04:30:00+00:00;0.056;;
654611;unknown;control;2024-01-05 04:45:00+00:00;0.069;;
654611;unknown;control;2024-01-05 05:00:00+00:00;0.065;;
654611;unknown;control;2024-01-05 05:15:00+00:00;0.057;;
654611;unknown;control;2024-01-05 05:30:00+00:00;0.063;;
654611;unknown;control;2024-01-05 05:45:00+00:00;0.064;;
654611;unknown;control;2024-01-05 06:00:00+00:00;0.052;;
654611;unknown;control;2024-01-05 06:15:00+00:00;0.057;;
654611;unknown;control;2024-01-05 06:30:00+00:00;0.059;;
654611;unknown;control;2024-01-05 06:45:00+00:00;0.059;;
654611;unknown;control;2024-01-05 07:00:00+00:00;0.054;;
654611;unknown;control;2024-01-05 07:15:00+00:00;0.046;;
654611;unknown;control;2024-01-05 07:30:00+00:00;0.063;;
654611;unknown;control;2024-01-05 07:45:00+00:00;0.055;;
654611;unknown;control;2024-01-05 08:00:00+00:00;0.047;;
654611;unknown;control;2024-01-05 08:15:00+00:00;0.023;;
654611;unknown;control;2024-01-05 08:30:00+00:00;0.002;;
654611;unknown;control;2024-01-05 08:45:00+00:00;0.0;;
654611;unknown;control;2024-01-05 09:00:00+00:00;0.597;;
654611;unknown;control;2024-01-05 09:15:00+00:00;0.627;;
654611;unknown;control;2024-01-05 09:30:00+00:00;0.525;;
654611;unknown;control;2024-01-05 09:45:00+00:00;0.485;;
654611;unknown;control;2024-01-05 10:00:00+00:00;0.011;;
654611;unknown;control;2024-01-05 10:15:00+00:00;0.008;;
654611;unknown;control;2024-01-05 10:30:00+00:00;0.009;;
654611;unknown;control;2024-01-05 10:45:00+00:00;0.023;;
654611;unknown;control;2024-01-05 11:00:00+00:00;0.323;;
654611;unknown;control;2024-01-05 11:15:00+00:00;0.521;;
654611;unknown;control;2024-01-05 11:30:00+00:00;0.436;;
654611;unknown;control;2024-01-05 11:45:00+00:00;0.418;;
654611;unknown;control;2024-01-05 12:00:00+00:00;0.452;;
654611;unknown;control;2024-01-05 12:15:00+00:00;0.328;;
654611;unknown;control;2024-01-05 12:30:00+00:00;0.246;;
654611;unknown;control;2024-01-05 12:45:00+00:00;0.337;;
654611;unknown;control;2024-01-05 13:00:00+00:00;0.434;;
654611;unknown;control;2024-01-05 13:15:00+00:00;0.367;;
654611;unknown;control;2024-01-05 13:30:00+00:00;0.394;;
654611;unknown;control;2024-01-05 13:45:00+00:00;0.618;;
654611;unknown;control;2024-01-05 14:00:00+00:00;0.348;;
654611;unknown;control;2024-01-05 14:15:00+00:00;0.719;;
654611;unknown;control;2024-01-05 14:30:00+00:00;0.478;;
654611;unknown;control;2024-01-05 14:45:00+00:00;0.66;;
654611;unknown;control;2024-01-05 15:00:00+00:00;1.076;;
654611;unknown;control;2024-01-05 15:15:00+00:00;0.807;;
654611;unknown;control;2024-01-05 15:30:00+00:00;0.366;;
654611;unknown;control;2024-01-05 15:45:00+00:00;0.537;;
654611;unknown;control;2024-01-05 16:00:00+00:00;0.33;;
654611;unknown;control;2024-01-05 16:15:00+00:00;0.517;;
654611;unknown;control;2024-01-05 16:30:00+00:00;0.465;;
654611;unknown;control;2024-01-05 16:45:00+00:00;1.181;;
654611;unknown;control;2024-01-05 17:00:00+00:00;0.79;;
654611;unknown;control;2024-01-05 17:15:00+00:00;0.655;;
654611;unknown;control;2024-01-05 17:30:00+00:00;0.597;;
654611;unknown;control;2024-01-05 17:45:00+00:00;0.703;;
654611;unknown;control;2024-01-05 18:00:00+00:00;0.688;;
654611;unknown;control;2024-01-05 18:15:00+00:00;0.912;;
654611;unknown;control;2024-01-05 18:30:00+00:00;0.779;;
654611;unknown;control;2024-01-05 18:45:00+00:00;0.543;;
654611;unknown;control;2024-01-05 19:00:00+00:00;0.394;;
654611;unknown;control;2024-01-05 19:15:00+00:00;0.385;;
654611;unknown;control;2024-01-05 19:30:00+00:00;0.384;;
654611;unknown;control;2024-01-05 19:45:00+00:00;0.456;;
654611;unknown;control;2024-01-05 20:00:00+00:00;0.552;;
654611;unknown;control;2024-01-05 20:15:00+00:00;0.601;;
654611;unknown;control;2024-01-05 20:30:00+00:00;0.461;;
654611;unknown;control;2024-01-05 20:45:00+00:00;0.435;;
654611;unknown;control;2024-01-05 21:00:00+00:00;0.423;;
654611;unknown;control;2024-01-05 21:15:00+00:00;0.401;;
654611;unknown;control;2024-01-05 21:30:00+00:00;0.528;;
654611;unknown;control;2024-01-05 21:45:00+00:00;0.457;;
654611;unknown;control;2024-01-05 22:00:00+00:00;0.084;;
654611;unknown;control;2024-01-05 22:15:00+00:00;0.059;;
654611;unknown;control;2024-01-05 22:30:00+00:00;0.066;;
654611;unknown;control;2024-01-05 22:45:00+00:00;0.071;;
654611;unknown;control;2024-01-05 23:00:00+00:00;0.066;;
654611;unknown;control;2024-01-05 23:15:00+00:00;0.066;;
654611;unknown;control;2024-01-05 23:30:00+00:00;0.055;;
654611;unknown;control;2024-01-05 23:45:00+00:00;0.051;;
654611;unknown;control;2024-01-06 00:00:00+00:00;0.059;;
654611;unknown;control;2024-01-06 00:15:00+00:00;0.058;;
654611;unknown;control;2024-01-06 00:30:00+00:00;0.06;;
654611;unknown;control;2024-01-06 00:45:00+00:00;0.059;;
654611;unknown;control;2024-01-06 01:00:00+00:00;0.056;;
654611;unknown;control;2024-01-06 01:15:00+00:00;0.062;;
654611;unknown;control;2024-01-06 01:30:00+00:00;0.056;;
654611;unknown;control;2024-01-06 01:45:00+00:00;0.054;;
654611;unknown;control;2024-01-06 02:00:00+00:00;0.055;;
654611;unknown;control;2024-01-06 02:15:00+00:00;0.049;;
654611;unknown;control;2024-01-06 02:30:00+00:00;0.048;;
654611;unknown;control;2024-01-06 02:45:00+00:00;0.065;;
654611;unknown;control;2024-01-06 03:00:00+00:00;0.059;;
654611;unknown;control;2024-01-06 03:15:00+00:00;0.05;;
654611;unknown;control;2024-01-06 03:30:00+00:00;0.061;;
654611;unknown;control;2024-01-06 03:45:00+00:00;0.049;;
654611;unknown;control;2024-01-06 04:00:00+00:00;0.049;;
654611;unknown;control;2024-01-06 04:15:00+00:00;0.091;;
654611;unknown;control;2024-01-06 04:30:00+00:00;0.077;;
654611;unknown;control;2024-01-06 04:45:00+00:00;0.053;;
654611;unknown;control;2024-01-06 05:00:00+00:00;0.056;;
654611;unknown;control;2024-01-06 05:15:00+00:00;0.049;;
654611;unknown;control;2024-01-06 05:30:00+00:00;0.051;;
654611;unknown;control;2024-01-06 05:45:00+00:00;0.062;;
654611;unknown;control;2024-01-06 06:00:00+00:00;0.066;;
654611;unknown;control;2024-01-06 06:15:00+00:00;0.062;;
654611;unknown;control;2024-01-06 06:30:00+00:00;0.07;;
654611;unknown;control;2024-01-06 06:45:00+00:00;0.062;;
654611;unknown;control;2024-01-06 07:00:00+00:00;0.251;;
654611;unknown;control;2024-01-06 07:15:00+00:00;0.188;;
654611;unknown;control;2024-01-06 07:30:00+00:00;0.099;;
654611;unknown;control;2024-01-06 07:45:00+00:00;0.062;;
654611;unknown;control;2024-01-06 08:00:00+00:00;0.079;;
654611;unknown;control;2024-01-06 08:15:00+00:00;0.082;;
654611;unknown;control;2024-01-06 08:30:00+00:00;0.097;;
654611;unknown;control;2024-01-06 08:45:00+00:00;0.102;;
654611;unknown;control;2024-01-06 09:00:00+00:00;0.558;;
654611;unknown;control;2024-01-06 09:15:00+00:00;0.651;;
654611;unknown;control;2024-01-06 09:30:00+00:00;0.596;;
654611;unknown;control;2024-01-06 09:45:00+00:00;0.518;;
654611;unknown;control;2024-01-06 10:00:00+00:00;0.444;;
654611;unknown;control;2024-01-06 10:15:00+00:00;0.427;;
654611;unknown;control;2024-01-06 10:30:00+00:00;0.422;;
654611;unknown;control;2024-01-06 10:45:00+00:00;0.405;;
654611;unknown;control;2024-01-06 11:00:00+00:00;0.404;;
654611;unknown;control;2024-01-06 11:15:00+00:00;0.476;;
654611;unknown;control;2024-01-06 11:30:00+00:00;0.292;;
654611;unknown;control;2024-01-06 11:45:00+00:00;0.407;;
654611;unknown;control;2024-01-06 12:00:00+00:00;0.366;;
654611;unknown;control;2024-01-06 12:15:00+00:00;0.284;;
654611;unknown;control;2024-01-06 12:30:00+00:00;0.397;;
654611;unknown;control;2024-01-06 12:45:00+00:00;0.294;;
654611;unknown;control;2024-01-06 13:00:00+00:00;0.272;;
654611;unknown;control;2024-01-06 13:15:00+00:00;0.375;;
654611;unknown;control;2024-01-06 13:30:00+00:00;0.332;;
654611;unknown;control;2024-01-06 13:45:00+00:00;0.294;;
654611;unknown;control;2024-01-06 14:00:00+00:00;0.653;;
654611;unknown;control;2024-01-06 14:15:00+00:00;0.536;;
654611;unknown;control;2024-01-06 14:30:00+00:00;0.364;;
654611;unknown;control;2024-01-06 14:45:00+00:00;0.626;;
654611;unknown;control;2024-01-06 15:00:00+00:00;0.518;;
654611;unknown;control;2024-01-06 15:15:00+00:00;0.465;;
654611;unknown;control;2024-01-06 15:30:00+00:00;0.552;;
654611;unknown;control;2024-01-06 15:45:00+00:00;0.59;;
654611;unknown;control;2024-01-06 16:00:00+00:00;0.419;;
654611;unknown;control;2024-01-06 16:15:00+00:00;0.468;;
654611;unknown;control;2024-01-06 16:30:00+00:00;0.413;;
654611;unknown;control;2024-01-06 16:45:00+00:00;0.287;;
654611;unknown;control;2024-01-06 17:00:00+00:00;0.501;;
654611;unknown;control;2024-01-06 17:15:00+00:00;0.467;;
654611;unknown;control;2024-01-06 17:30:00+00:00;1.241;;
654611;unknown;control;2024-01-06 17:45:00+00:00;0.605;;
654611;unknown;control;2024-01-06 18:00:00+00:00;0.424;;
654611;unknown;control;2024-01-06 18:15:00+00:00;0.376;;
654611;unknown;control;2024-01-06 18:30:00+00:00;0.473;;
654611;unknown;control;2024-01-06 18:45:00+00:00;0.319;;
654611;unknown;control;2024-01-06 19:00:00+00:00;0.534;;
654611;unknown;control;2024-01-06 19:15:00+00:00;0.48;;
654611;unknown;control;2024-01-06 19:30:00+00:00;0.462;;
654611;unknown;control;2024-01-06 19:45:00+00:00;0.462;;
654611;unknown;control;2024-01-06 20:00:00+00:00;0.474;;
654611;unknown;control;2024-01-06 20:15:00+00:00;0.458;;
654611;unknown;control;2024-01-06 20:30:00+00:00;0.413;;
654611;unknown;control;2024-01-06 20:45:00+00:00;0.515;;
654611;unknown;control;2024-01-06 21:00:00+00:00;0.474;;
654611;unknown;control;2024-01-06 21:15:00+00:00;0.463;;
654611;unknown;control;2024-01-06 21:30:00+00:00;0.425;;
654611;unknown;control;2024-01-06 21:45:00+00:00;0.397;;
654611;unknown;control;2024-01-06 22:00:00+00:00;0.064;;
654611;unknown;control;2024-01-06 22:15:00+00:00;0.065;;
654611;unknown;control;2024-01-06 22:30:00+00:00;0.065;;
654611;unknown;control;2024-01-06 22:45:00+00:00;0.159;;
654611;unknown;control;2024-01-06 23:00:00+00:00;0.08;;
654611;unknown;control;2024-01-06 23:15:00+00:00;0.138;;
654611;unknown;control;2024-01-06 23:30:00+00:00;0.138;;
654611;unknown;control;2024-01-06 23:45:00+00:00;0.132;;
654611;unknown;control;2024-01-07 00:00:00+00:00;0.134;;
654611;unknown;control;2024-01-07 00:15:00+00:00;0.14;;
654611;unknown;control;2024-01-07 00:30:00+00:00;0.14;;
654611;unknown;control;2024-01-07 00:45:00+00:00;0.133;;
654611;unknown;control;2024-01-07 01:00:00+00:00;0.125;;
654611;unknown;control;2024-01-07 01:15:00+00:00;0.1;;
654611;unknown;control;2024-01-07 01:30:00+00:00;0.113;;
654611;unknown;control;2024-01-07 01:45:00+00:00;0.107;;
654611;unknown;control;2024-01-07 02:00:00+00:00;0.097;;
654611;unknown;control;2024-01-07 02:15:00+00:00;0.105;;
654611;unknown;control;2024-01-07 02:30:00+00:00;0.12;;
654611;unknown;control;2024-01-07 02:45:00+00:00;0.089;;
654611;unknown;control;2024-01-07 03:00:00+00:00;0.098;;
654611;unknown;control;2024-01-07 03:15:00+00:00;0.082;;
654611;unknown;control;2024-01-07 03:30:00+00:00;0.064;;
654611;unknown;control;2024-01-07 03:45:00+00:00;0.064;;
654611;unknown;control;2024-01-07 04:00:00+00:00;0.06;;
654611;unknown;control;2024-01-07 04:15:00+00:00;0.068;;
654611;unknown;control;2024-01-07 04:30:00+00:00;0.066;;
654611;unknown;control;2024-01-07 04:45:00+00:00;0.055;;
654611;unknown;control;2024-01-07 05:00:00+00:00;0.074;;
654611;unknown;control;2024-01-07 05:15:00+00:00;0.061;;
654611;unknown;control;2024-01-07 05:30:00+00:00;0.059;;
654611;unknown;control;2024-01-07 05:45:00+00:00;0.067;;
654611;unknown;control;2024-01-07 06:00:00+00:00;0.061;;
654611;unknown;control;2024-01-07 06:15:00+00:00;0.066;;
654611;unknown;control;2024-01-07 06:30:00+00:00;0.071;;
654611;unknown;control;2024-01-07 06:45:00+00:00;0.156;;
654611;unknown;control;2024-01-07 07:00:00+00:00;0.193;;
654611;unknown;control;2024-01-07 07:15:00+00:00;0.17;;
654611;unknown;control;2024-01-07 07:30:00+00:00;0.112;;
654611;unknown;control;2024-01-07 07:45:00+00:00;0.195;;
654611;unknown;control;2024-01-07 08:00:00+00:00;0.082;;
654611;unknown;control;2024-01-07 08:15:00+00:00;0.399;;
654611;unknown;control;2024-01-07 08:30:00+00:00;0.131;;
654611;unknown;control;2024-01-07 08:45:00+00:00;0.106;;
654611;unknown;control;2024-01-07 09:00:00+00:00;0.533;;
654611;unknown;control;2024-01-07 09:15:00+00:00;0.756;;
654611;unknown;control;2024-01-07 09:30:00+00:00;0.668;;
654611;unknown;control;2024-01-07 09:45:00+00:00;0.467;;
654611;unknown;control;2024-01-07 10:00:00+00:00;0.482;;
654611;unknown;control;2024-01-07 10:15:00+00:00;0.413;;
654611;unknown;control;2024-01-07 10:30:00+00:00;0.325;;
654611;unknown;control;2024-01-07 10:45:00+00:00;0.347;;
654611;unknown;control;2024-01-07 11:00:00+00:00;0.378;;
654611;unknown;control;2024-01-07 11:15:00+00:00;0.325;;
654611;unknown;control;2024-01-07 11:30:00+00:00;0.354;;
654611;unknown;control;2024-01-07 11:45:00+00:00;0.236;;
654611;unknown;control;2024-01-07 12:00:00+00:00;0.288;;
654611;unknown;control;2024-01-07 12:15:00+00:00;0.311;;
654611;unknown;control;2024-01-07 12:30:00+00:00;0.402;;
654611;unknown;control;2024-01-07 12:45:00+00:00;0.446;;
654611;unknown;control;2024-01-07 13:00:00+00:00;0.413;;
654611;unknown;control;2024-01-07 13:15:00+00:00;0.362;;
654611;unknown;control;2024-01-07 13:30:00+00:00;0.329;;
654611;unknown;control;2024-01-07 13:45:00+00:00;0.223;;
654611;unknown;control;2024-01-07 14:00:00+00:00;0.79;;
654611;unknown;control;2024-01-07 14:15:00+00:00;0.543;;
654611;unknown;control;2024-01-07 14:30:00+00:00;0.467;;
654611;unknown;control;2024-01-07 14:45:00+00:00;0.424;;
654611;unknown;control;2024-01-07 15:00:00+00:00;0.603;;
654611;unknown;control;2024-01-07 15:15:00+00:00;0.516;;
654611;unknown;control;2024-01-07 15:30:00+00:00;0.854;;
654611;unknown;control;2024-01-07 15:45:00+00:00;0.748;;
654611;unknown;control;2024-01-07 16:00:00+00:00;0.76;;
654611;unknown;control;2024-01-07 16:15:00+00:00;0.547;;
654611;unknown;control;2024-01-07 16:30:00+00:00;0.563;;
654611;unknown;control;2024-01-07 16:45:00+00:00;0.805;;
654611;unknown;control;2024-01-07 17:00:00+00:00;0.842;;
654611;unknown;control;2024-01-07 17:15:00+00:00;1.221;;
654611;unknown;control;2024-01-07 17:30:00+00:00;0.438;;
654611;unknown;control;2024-01-07 17:45:00+00:00;0.613;;
654611;unknown;control;2024-01-07 18:00:00+00:00;0.569;;
654611;unknown;control;2024-01-07 18:15:00+00:00;0.732;;
654611;unknown;control;2024-01-07 18:30:00+00:00;0.712;;
654611;unknown;control;2024-01-07 18:45:00+00:00;1.094;;
654611;unknown;control;2024-01-07 19:00:00+00:00;0.927;;
654611;unknown;control;2024-01-07 19:15:00+00:00;0.621;;
654611;unknown;control;2024-01-07 19:30:00+00:00;0.858;;
654611;unknown;control;2024-01-07 19:45:00+00:00;0.684;;
654611;unknown;control;2024-01-07 20:00:00+00:00;0.647;;
654611;unknown;control;2024-01-07 20:15:00+00:00;0.591;;
654611;unknown;control;2024-01-07 20:30:00+00:00;0.603;;
654611;unknown;control;2024-01-07 20:45:00+00:00;0.656;;
654611;unknown;control;2024-01-07 21:00:00+00:00;0.859;;
654611;unknown;control;2024-01-07 21:15:00+00:00;0.914;;
654611;unknown;control;2024-01-07 21:30:00+00:00;0.59;;
654611;unknown;control;2024-01-07 21:45:00+00:00;0.563;;
654611;unknown;control;2024-01-07 22:00:00+00:00;0.067;;
654611;unknown;control;2024-01-07 22:15:00+00:00;0.055;;
654611;unknown;control;2024-01-07 22:30:00+00:00;0.049;;
654611;unknown;control;2024-01-07 22:45:00+00:00;0.047;;
654611;unknown;control;2024-01-07 23:00:00+00:00;0.052;;
654611;unknown;control;2024-01-07 23:15:00+00:00;0.049;;
654611;unknown;control;2024-01-07 23:30:00+00:00;0.047;;
654611;unknown;control;2024-01-07 23:45:00+00:00;0.056;;
654611;unknown;control;2024-01-08 00:00:00+00:00;0.055;;
654611;unknown;control;2024-01-08 00:15:00+00:00;0.055;;
654611;unknown;control;2024-01-08 00:30:00+00:00;0.054;;
654611;unknown;control;2024-01-08 00:45:00+00:00;0.057;;
654611;unknown;control;2024-01-08 01:00:00+00:00;0.055;;
654611;unknown;control;2024-01-08 01:15:00+00:00;0.056;;
654611;unknown;control;2024-01-08 01:30:00+00:00;0.049;;
654611;unknown;control;2024-01-08 01:45:00+00:00;0.063;;
654611;unknown;control;2024-01-08 02:00:00+00:00;0.051;;
654611;unknown;control;2024-01-08 02:15:00+00:00;0.07;;
654611;unknown;control;2024-01-08 02:30:00+00:00;0.052;;
654611;unknown;control;2024-01-08 02:45:00+00:00;0.049;;
654611;unknown;control;2024-01-08 03:00:00+00:00;0.044;;
654611;unknown;control;2024-01-08 03:15:00+00:00;0.041;;
654611;unknown;control;2024-01-08 03:30:00+00:00;0.059;;
654611;unknown;control;2024-01-08 03:45:00+00:00;0.054;;
654611;unknown;control;2024-01-08 04:00:00+00:00;0.061;;
654611;unknown;control;2024-01-08 04:15:00+00:00;0.064;;
654611;unknown;control;2024-01-08 04:30:00+00:00;0.161;;
654611;unknown;control;2024-01-08 04:45:00+00:00;0.34;;
654611;unknown;control;2024-01-08 05:00:00+00:00;0.118;;
654611;unknown;control;2024-01-08 05:15:00+00:00;0.064;;
654611;unknown;control;2024-01-08 05:30:00+00:00;0.089;;
654611;unknown;control;2024-01-08 05:45:00+00:00;0.267;;
654611;unknown;control;2024-01-08 06:00:00+00:00;0.094;;
654611;unknown;control;2024-01-08 06:15:00+00:00;0.09;;
654611;unknown;control;2024-01-08 06:30:00+00:00;0.071;;
654611;unknown;control;2024-01-08 06:45:00+00:00;0.081;;
654611;unknown;control;2024-01-08 07:00:00+00:00;0.1;;
654611;unknown;control;2024-01-08 07:15:00+00:00;0.101;;
654611;unknown;control;2024-01-08 07:30:00+00:00;0.115;;
654611;unknown;control;2024-01-08 07:45:00+00:00;0.092;;
654611;unknown;control;2024-01-08 08:00:00+00:00;0.088;;
654611;unknown;control;2024-01-08 08:15:00+00:00;0.084;;
654611;unknown;control;2024-01-08 08:30:00+00:00;0.076;;
654611;unknown;control;2024-01-08 08:45:00+00:00;0.075;;
654611;unknown;control;2024-01-08 09:00:00+00:00;0.873;;
654611;unknown;control;2024-01-08 09:15:00+00:00;1.279;;
654611;unknown;control;2024-01-08 09:30:00+00:00;0.922;;
654611;unknown;control;2024-01-08 09:45:00+00:00;0.943;;
654611;unknown;control;2024-01-08 10:00:00+00:00;0.129;;
654611;unknown;control;2024-01-08 10:15:00+00:00;0.101;;
654611;unknown;control;2024-01-08 10:30:00+00:00;0.364;;
654611;unknown;control;2024-01-08 10:45:00+00:00;0.256;;
654611;unknown;control;2024-01-08 11:00:00+00:00;0.549;;
654611;unknown;control;2024-01-08 11:15:00+00:00;1.367;;
654611;unknown;control;2024-01-08 11:30:00+00:00;1.098;;
654611;unknown;control;2024-01-08 11:45:00+00:00;0.869;;
654611;unknown;control;2024-01-08 12:00:00+00:00;0.873;;
654611;unknown;control;2024-01-08 12:15:00+00:00;0.782;;
654611;unknown;control;2024-01-08 12:30:00+00:00;0.667;;
654611;unknown;control;2024-01-08 12:45:00+00:00;0.658;;
654611;unknown;control;2024-01-08 13:00:00+00:00;0.775;;
654611;unknown;control;2024-01-08 13:15:00+00:00;0.666;;
654611;unknown;control;2024-01-08 13:30:00+00:00;0.769;;
654611;unknown;control;2024-01-08 13:45:00+00:00;0.85;;
654611;unknown;control;2024-01-08 14:00:00+00:00;0.679;;
654611;unknown;control;2024-01-08 14:15:00+00:00;0.557;;
654611;unknown;control;2024-01-08 14:30:00+00:00;0.495;;
654611;unknown;control;2024-01-08 14:45:00+00:00;0.908;;
654611;unknown;control;2024-01-08 15:00:00+00:00;0.722;;
654611;unknown;control;2024-01-08 15:15:00+00:00;0.749;;
654611;unknown;control;2024-01-08 15:30:00+00:00;0.882;;
654611;unknown;control;2024-01-08 15:45:00+00:00;0.744;;
654611;unknown;control;2024-01-08 16:00:00+00:00;0.694;;
654611;unknown;control;2024-01-08 16:15:00+00:00;0.731;;
654611;unknown;control;2024-01-08 16:30:00+00:00;0.602;;
654611;unknown;control;2024-01-08 16:45:00+00:00;0.596;;
654611;unknown;control;2024-01-08 17:00:00+00:00;0.74;;
654611;unknown;control;2024-01-08 17:15:00+00:00;0.597;;
654611;unknown;control;2024-01-08 17:30:00+00:00;0.575;;
654611;unknown;control;2024-01-08 17:45:00+00:00;0.838;;
654611;unknown;control;2024-01-08 18:00:00+00:00;0.701;;
654611;unknown;control;2024-01-08 18:15:00+00:00;0.578;;
654611;unknown;control;2024-01-08 18:30:00+00:00;0.548;;
654611;unknown;control;2024-01-08 18:45:00+00:00;0.52;;
654611;unknown;control;2024-01-08 19:00:00+00:00;0.587;;
654611;unknown;control;2024-01-08 19:15:00+00:00;0.659;;
654611;unknown;control;2024-01-08 19:30:00+00:00;0.701;;
654611;unknown;control;2024-01-08 19:45:00+00:00;0.814;;
654611;unknown;control;2024-01-08 20:00:00+00:00;0.76;;
654611;unknown;control;2024-01-08 20:15:00+00:00;0.694;;
654611;unknown;control;2024-01-08 20:30:00+00:00;0.563;;
654611;unknown;control;2024-01-08 20:45:00+00:00;0.562;;
654611;unknown;control;2024-01-08 21:00:00+00:00;0.565;;
654611;unknown;control;2024-01-08 21:15:00+00:00;0.559;;
654611;unknown;control;2024-01-08 21:30:00+00:00;0.553;;
654611;unknown;control;2024-01-08 21:45:00+00:00;0.603;;
654611;unknown;control;2024-01-08 22:00:00+00:00;0.09;;
654611;unknown;control;2024-01-08 22:15:00+00:00;0.126;;
654611;unknown;control;2024-01-08 22:30:00+00:00;0.054;;
654611;unknown;control;2024-01-08 22:45:00+00:00;0.051;;
654611;unknown;control;2024-01-08 23:00:00+00:00;0.062;;
654611;unknown;control;2024-01-08 23:15:00+00:00;0.067;;
654611;unknown;control;2024-01-08 23:30:00+00:00;0.063;;
654611;unknown;control;2024-01-08 23:45:00+00:00;0.057;;
654611;unknown;control;2024-01-09 00:00:00+00:00;0.051;;
654611;unknown;control;2024-01-09 00:15:00+00:00;0.047;;
654611;unknown;control;2024-01-09 00:30:00+00:00;0.045;;
654611;unknown;control;2024-01-09 00:45:00+00:00;0.048;;
654611;unknown;control;2024-01-09 01:00:00+00:00;0.047;;
654611;unknown;control;2024-01-09 01:15:00+00:00;0.057;;
654611;unknown;control;2024-01-09 01:30:00+00:00;0.056;;
654611;unknown;control;2024-01-09 01:45:00+00:00;0.043;;
654611;unknown;control;2024-01-09 02:00:00+00:00;0.055;;
654611;unknown;control;2024-01-09 02:15:00+00:00;0.061;;
654611;unknown;control;2024-01-09 02:30:00+00:00;0.049;;
654611;unknown;control;2024-01-09 02:45:00+00:00;0.061;;
654611;unknown;control;2024-01-09 03:00:00+00:00;0.048;;
654611;unknown;control;2024-01-09 03:15:00+00:00;0.048;;
654611;unknown;control;2024-01-09 03:30:00+00:00;0.068;;
654611;unknown;control;2024-01-09 03:45:00+00:00;0.052;;
654611;unknown;control;2024-01-09 04:00:00+00:00;0.04;;
654611;unknown;control;2024-01-09 04:15:00+00:00;0.047;;
654611;unknown;control;2024-01-09 04:30:00+00:00;0.143;;
654611;unknown;control;2024-01-09 04:45:00+00:00;0.311;;
654611;unknown;control;2024-01-09 05:00:00+00:00;0.196;;
654611;unknown;control;2024-01-09 05:15:00+00:00;0.118;;
654611;unknown;control;2024-01-09 05:30:00+00:00;0.223;;
654611;unknown;control;2024-01-09 05:45:00+00:00;0.112;;
654611;unknown;control;2024-01-09 06:00:00+00:00;0.18;;
654611;unknown;control;2024-01-09 06:15:00+00:00;0.416;;
654611;unknown;control;2024-01-09 06:30:00+00:00;0.258;;
654611;unknown;control;2024-01-09 06:45:00+00:00;0.19;;
654611;unknown;control;2024-01-09 07:00:00+00:00;0.156;;
654611;unknown;control;2024-01-09 07:15:00+00:00;0.087;;
654611;unknown;control;2024-01-09 07:30:00+00:00;0.324;;
654611;unknown;control;2024-01-09 07:45:00+00:00;0.228;;
654611;unknown;control;2024-01-09 08:00:00+00:00;0.079;;
654611;unknown;control;2024-01-09 08:15:00+00:00;0.071;;
654611;unknown;control;2024-01-09 08:30:00+00:00;0.092;;
654611;unknown;control;2024-01-09 08:45:00+00:00;0.126;;
654611;unknown;control;2024-01-09 09:00:00+00:00;1.117;;
654611;unknown;control;2024-01-09 09:15:00+00:00;1.453;;
654611;unknown;control;2024-01-09 09:30:00+00:00;0.959;;
654611;unknown;control;2024-01-09 09:45:00+00:00;0.904;;
654611;unknown;control;2024-01-09 10:00:00+00:00;0.101;;
654611;unknown;control;2024-01-09 10:15:00+00:00;0.092;;
654611;unknown;control;2024-01-09 10:30:00+00:00;0.09;;
654611;unknown;control;2024-01-09 10:45:00+00:00;0.095;;
654611;unknown;control;2024-01-09 11:00:00+00:00;0.578;;
654611;unknown;control;2024-01-09 11:15:00+00:00;1.134;;
654611;unknown;control;2024-01-09 11:30:00+00:00;0.891;;
654611;unknown;control;2024-01-09 11:45:00+00:00;0.97;;
654611;unknown;control;2024-01-09 12:00:00+00:00;0.865;;
654611;unknown;control;2024-01-09 12:15:00+00:00;1.249;;
654611;unknown;control;2024-01-09 12:30:00+00:00;0.81;;
654611;unknown;control;2024-01-09 12:45:00+00:00;0.703;;
654611;unknown;control;2024-01-09 13:00:00+00:00;0.67;;
654611;unknown;control;2024-01-09 13:15:00+00:00;0.655;;
654611;unknown;control;2024-01-09 13:30:00+00:00;0.649;;
654611;unknown;control;2024-01-09 13:45:00+00:00;0.643;;
654611;unknown;control;2024-01-09 14:00:00+00:00;0.953;;
654611;unknown;control;2024-01-09 14:15:00+00:00;0.558;;
654611;unknown;control;2024-01-09 14:30:00+00:00;0.569;;
654611;unknown;control;2024-01-09 14:45:00+00:00;0.552;;
654611;unknown;control;2024-01-09 15:00:00+00:00;0.9;;
654611;unknown;control;2024-01-09 15:15:00+00:00;0.732;;
654611;unknown;control;2024-01-09 15:30:00+00:00;0.729;;
654611;unknown;control;2024-01-09 15:45:00+00:00;0.733;;
654611;unknown;control;2024-01-09 16:00:00+00:00;0.72;;
654611;unknown;control;2024-01-09 16:15:00+00:00;0.717;;
654611;unknown;control;2024-01-09 16:30:00+00:00;1.136;;
654611;unknown;control;2024-01-09 16:45:00+00:00;0.77;;
654611;unknown;control;2024-01-09 17:00:00+00:00;0.756;;
654611;unknown;control;2024-01-09 17:15:00+00:00;0.934;;
654611;unknown;control;2024-01-09 17:30:00+00:00;0.793;;
654611;unknown;control;2024-01-09 17:45:00+00:00;0.649;;
654611;unknown;control;2024-01-09 18:00:00+00:00;0.649;;
654611;unknown;control;2024-01-09 18:15:00+00:00;0.661;;
654611;unknown;control;2024-01-09 18:30:00+00:00;0.976;;
654611;unknown;control;2024-01-09 18:45:00+00:00;0.82;;
654611;unknown;control;2024-01-09 19:00:00+00:00;0.776;;
654611;unknown;control;2024-01-09 19:15:00+00:00;0.773;;
654611;unknown;control;2024-01-09 19:30:00+00:00;0.716;;
654611;unknown;control;2024-01-09 19:45:00+00:00;0.709;;
654611;unknown;control;2024-01-09 20:00:00+00:00;0.973;;
654611;unknown;control;2024-01-09 20:15:00+00:00;0.698;;
654611;unknown;control;2024-01-09 20:30:00+00:00;0.713;;
654611;unknown;control;2024-01-09 20:45:00+00:00;1.116;;
654611;unknown;control;2024-01-09 21:00:00+00:00;0.795;;
654611;unknown;control;2024-01-09 21:15:00+00:00;0.703;;
654611;unknown;control;2024-01-09 21:30:00+00:00;0.756;;
654611;unknown;control;2024-01-09 21:45:00+00:00;0.644;;
654611;unknown;control;2024-01-09 22:00:00+00:00;0.061;;
654611;unknown;control;2024-01-09 22:15:00+00:00;0.06;;
654611;unknown;control;2024-01-09 22:30:00+00:00;0.066;;
654611;unknown;control;2024-01-09 22:45:00+00:00;0.062;;
654611;unknown;control;2024-01-09 23:00:00+00:00;0.067;;
654611;unknown;control;2024-01-09 23:15:00+00:00;0.067;;
654611;unknown;control;2024-01-09 23:30:00+00:00;0.054;;
654611;unknown;control;2024-01-09 23:45:00+00:00;0.054;;
654611;unknown;control;2024-01-10 00:00:00+00:00;0.059;;
654611;unknown;control;2024-01-10 00:15:00+00:00;0.058;;
654611;unknown;control;2024-01-10 00:30:00+00:00;0.052;;
654611;unknown;control;2024-01-10 00:45:00+00:00;0.056;;
654611;unknown;control;2024-01-10 01:00:00+00:00;0.093;;
654611;unknown;control;2024-01-10 01:15:00+00:00;0.07;;
654611;unknown;control;2024-01-10 01:30:00+00:00;0.063;;
654611;unknown;control;2024-01-10 01:45:00+00:00;0.066;;
654611;unknown;control;2024-01-10 02:00:00+00:00;0.07;;
654611;unknown;control;2024-01-10 02:15:00+00:00;0.082;;
654611;unknown;control;2024-01-10 02:30:00+00:00;0.068;;
654611;unknown;control;2024-01-10 02:45:00+00:00;0.069;;
654611;unknown;control;2024-01-10 03:00:00+00:00;0.096;;
654611;unknown;control;2024-01-10 03:15:00+00:00;0.082;;
654611;unknown;control;2024-01-10 03:30:00+00:00;0.066;;
654611;unknown;control;2024-01-10 03:45:00+00:00;0.066;;
654611;unknown;control;2024-01-10 04:00:00+00:00;0.063;;
654611;unknown;control;2024-01-10 04:15:00+00:00;0.069;;
654611;unknown;control;2024-01-10 04:30:00+00:00;0.171;;
654611;unknown;control;2024-01-10 04:45:00+00:00;0.364;;
654611;unknown;control;2024-01-10 05:00:00+00:00;0.14;;
654611;unknown;control;2024-01-10 05:15:00+00:00;0.144;;
654611;unknown;control;2024-01-10 05:30:00+00:00;0.162;;
654611;unknown;control;2024-01-10 05:45:00+00:00;0.253;;
654611;unknown;control;2024-01-10 06:00:00+00:00;0.377;;
654611;unknown;control;2024-01-10 06:15:00+00:00;0.132;;
654611;unknown;control;2024-01-10 06:30:00+00:00;0.121;;
654611;unknown;control;2024-01-10 06:45:00+00:00;0.112;;
654611;unknown;control;2024-01-10 07:00:00+00:00;0.11;;
654611;unknown;control;2024-01-10 07:15:00+00:00;0.119;;
654611;unknown;control;2024-01-10 07:30:00+00:00;0.118;;
654611;unknown;control;2024-01-10 07:45:00+00:00;0.13;;
654611;unknown;control;2024-01-10 08:00:00+00:00;0.097;;
654611;unknown;control;2024-01-10 08:15:00+00:00;0.09;;
654611;unknown;control;2024-01-10 08:30:00+00:00;0.089;;
654611;unknown;control;2024-01-10 08:45:00+00:00;0.232;;
654611;unknown;control;2024-01-10 09:00:00+00:00;1.015;;
654611;unknown;control;2024-01-10 09:15:00+00:00;1.523;;
654611;unknown;control;2024-01-10 09:30:00+00:00;1.166;;
654611;unknown;control;2024-01-10 09:45:00+00:00;1.23;;
654611;unknown;control;2024-01-10 10:00:00+00:00;0.317;;
654611;unknown;control;2024-01-10 10:15:00+00:00;0.214;;
654611;unknown;control;2024-01-10 10:30:00+00:00;0.137;;
654611;unknown;control;2024-01-10 10:45:00+00:00;0.124;;
654611;unknown;control;2024-01-10 11:00:00+00:00;1.153;;
654611;unknown;control;2024-01-10 11:15:00+00:00;1.005;;
654611;unknown;control;2024-01-10 11:30:00+00:00;0.842;;
654611;unknown;control;2024-01-10 11:45:00+00:00;0.871;;
654611;unknown;control;2024-01-10 12:00:00+00:00;0.952;;
654611;unknown;control;2024-01-10 12:15:00+00:00;0.872;;
654611;unknown;control;2024-01-10 12:30:00+00:00;1.109;;
654611;unknown;control;2024-01-10 12:45:00+00:00;0.775;;
654611;unknown;control;2024-01-10 13:00:00+00:00;0.695;;
654611;unknown;control;2024-01-10 13:15:00+00:00;0.645;;
654611;unknown;control;2024-01-10 13:30:00+00:00;0.634;;
654611;unknown;control;2024-01-10 13:45:00+00:00;0.639;;
654611;unknown;control;2024-01-10 14:00:00+00:00;1.142;;
654611;unknown;control;2024-01-10 14:15:00+00:00;0.957;;
654611;unknown;control;2024-01-10 14:30:00+00:00;0.476;;
654611;unknown;control;2024-01-10 14:45:00+00:00;1.391;;
654611;unknown;control;2024-01-10 15:00:00+00:00;0.802;;
654611;unknown;control;2024-01-10 15:15:00+00:00;0.731;;
654611;unknown;control;2024-01-10 15:30:00+00:00;0.667;;
654611;unknown;control;2024-01-10 15:45:00+00:00;0.692;;
654611;unknown;control;2024-01-10 16:00:00+00:00;0.832;;
654611;unknown;control;2024-01-10 16:15:00+00:00;0.997;;
654611;unknown;control;2024-01-10 16:30:00+00:00;0.676;;
654611;unknown;control;2024-01-10 16:45:00+00:00;0.62;;
654611;unknown;control;2024-01-10 17:00:00+00:00;0.562;;
654611;unknown;control;2024-01-10 17:15:00+00:00;0.596;;
654611;unknown;control;2024-01-10 17:30:00+00:00;0.677;;
654611;unknown;control;2024-01-10 17:45:00+00:00;0.774;;
654611;unknown;control;2024-01-10 18:00:00+00:00;1.15;;
654611;unknown;control;2024-01-10 18:15:00+00:00;0.633;;
654611;unknown;control;2024-01-10 18:30:00+00:00;0.677;;
654611;unknown;control;2024-01-10 18:45:00+00:00;0.757;;
654611;unknown;control;2024-01-10 19:00:00+00:00;0.635;;
654611;unknown;control;2024-01-10 19:15:00+00:00;0.676;;
654611;unknown;control;2024-01-10 19:30:00+00:00;0.75;;
654611;unknown;control;2024-01-10 19:45:00+00:00;1.091;;
654611;unknown;control;2024-01-10 20:00:00+00:00;0.862;;
654611;unknown;control;2024-01-10 20:15:00+00:00;0.644;;
654611;unknown;control;2024-01-10 20:30:00+00:00;0.629;;
654611;unknown;control;2024-01-10 20:45:00+00:00;0.659;;
654611;unknown;control;2024-01-10 21:00:00+00:00;0.666;;
654611;unknown;control;2024-01-10 21:15:00+00:00;0.761;;
654611;unknown;control;2024-01-10 21:30:00+00:00;1.183;;
654611;unknown;control;2024-01-10 21:45:00+00:00;0.796;;
654611;unknown;control;2024-01-10 22:00:00+00:00;0.058;;
654611;unknown;control;2024-01-10 22:15:00+00:00;0.045;;
654611;unknown;control;2024-01-10 22:30:00+00:00;0.044;;
654611;unknown;control;2024-01-10 22:45:00+00:00;0.047;;
654611;unknown;control;2024-01-10 23:00:00+00:00;0.058;;
654611;unknown;control;2024-01-10 23:15:00+00:00;0.059;;
654611;unknown;control;2024-01-10 23:30:00+00:00;0.054;;
654611;unknown;control;2024-01-10 23:45:00+00:00;0.05;;
654611;unknown;control;2024-01-11 00:00:00+00:00;0.057;;
654611;unknown;control;2024-01-11 00:15:00+00:00;0.059;;
654611;unknown;control;2024-01-11 00:30:00+00:00;0.051;;
654611;unknown;control;2024-01-11 00:45:00+00:00;0.044;;
654611;unknown;control;2024-01-11 01:00:00+00:00;0.059;;
654611;unknown;control;2024-01-11 01:15:00+00:00;0.059;;
654611;unknown;control;2024-01-11 01:30:00+00:00;0.049;;
654611;unknown;control;2024-01-11 01:45:00+00:00;0.072;;
654611;unknown;control;2024-01-11 02:00:00+00:00;0.053;;
654611;unknown;control;2024-01-11 02:15:00+00:00;0.049;;
654611;unknown;control;2024-01-11 02:30:00+00:00;0.054;;
654611;unknown;control;2024-01-11 02:45:00+00:00;0.05;;
654611;unknown;control;2024-01-11 03:00:00+00:00;0.045;;
654611;unknown;control;2024-01-11 03:15:00+00:00;0.054;;
654611;unknown;control;2024-01-11 03:30:00+00:00;0.062;;
654611;unknown;control;2024-01-11 03:45:00+00:00;0.063;;
654611;unknown;control;2024-01-11 04:00:00+00:00;0.067;;
654611;unknown;control;2024-01-11 04:15:00+00:00;0.065;;
654611;unknown;control;2024-01-11 04:30:00+00:00;0.157;;
654611;unknown;control;2024-01-11 04:45:00+00:00;0.36;;
654611;unknown;control;2024-01-11 05:00:00+00:00;0.192;;
654611;unknown;control;2024-01-11 05:15:00+00:00;0.14;;
654611;unknown;control;2024-01-11 05:30:00+00:00;0.082;;
654611;unknown;control;2024-01-11 05:45:00+00:00;0.079;;
654611;unknown;control;2024-01-11 06:00:00+00:00;0.083;;
654611;unknown;control;2024-01-11 06:15:00+00:00;0.068;;
654611;unknown;control;2024-01-11 06:30:00+00:00;0.058;;
654611;unknown;control;2024-01-11 06:45:00+00:00;0.056;;
654611;unknown;control;2024-01-11 07:00:00+00:00;0.049;;
654611;unknown;control;2024-01-11 07:15:00+00:00;0.051;;
654611;unknown;control;2024-01-11 07:30:00+00:00;0.063;;
654611;unknown;control;2024-01-11 07:45:00+00:00;0.059;;
654611;unknown;control;2024-01-11 08:00:00+00:00;0.057;;
654611;unknown;control;2024-01-11 08:15:00+00:00;0.081;;
654611;unknown;control;2024-01-11 08:30:00+00:00;0.058;;
654611;unknown;control;2024-01-11 08:45:00+00:00;0.053;;
654611;unknown;control;2024-01-11 09:00:00+00:00;0.863;;
654611;unknown;control;2024-01-11 09:15:00+00:00;1.3;;
654611;unknown;control;2024-01-11 09:30:00+00:00;0.92;;
654611;unknown;control;2024-01-11 09:45:00+00:00;0.94;;
654611;unknown;control;2024-01-11 10:00:00+00:00;0.087;;
654611;unknown;control;2024-01-11 10:15:00+00:00;0.073;;
654611;unknown;control;2024-01-11 10:30:00+00:00;0.08;;
654611;unknown;control;2024-01-11 10:45:00+00:00;0.074;;
654611;unknown;control;2024-01-11 11:00:00+00:00;0.529;;
654611;unknown;control;2024-01-11 11:15:00+00:00;1.436;;
654611;unknown;control;2024-01-11 11:30:00+00:00;1.249;;
654611;unknown;control;2024-01-11 11:45:00+00:00;0.799;;
654611;unknown;control;2024-01-11 12:00:00+00:00;0.764;;
654611;unknown;control;2024-01-11 12:15:00+00:00;0.771;;
654611;unknown;control;2024-01-11 12:30:00+00:00;0.859;;
654611;unknown;control;2024-01-11 12:45:00+00:00;1.058;;
654611;unknown;control;2024-01-11 13:00:00+00:00;0.707;;
654611;unknown;control;2024-01-11 13:15:00+00:00;0.643;;
654611;unknown;control;2024-01-11 13:30:00+00:00;0.622;;
654611;unknown;control;2024-01-11 13:45:00+00:00;0.627;;
654611;unknown;control;2024-01-11 14:00:00+00:00;0.618;;
654611;unknown;control;2024-01-11 14:15:00+00:00;1.016;;
654611;unknown;control;2024-01-11 14:30:00+00:00;0.475;;
654611;unknown;control;2024-01-11 14:45:00+00:00;1.372;;
654611;unknown;control;2024-01-11 15:00:00+00:00;0.892;;
654611;unknown;control;2024-01-11 15:15:00+00:00;0.743;;
654611;unknown;control;2024-01-11 15:30:00+00:00;0.678;;
654611;unknown;control;2024-01-11 15:45:00+00:00;0.684;;
654611;unknown;control;2024-01-11 16:00:00+00:00;0.722;;
654611;unknown;control;2024-01-11 16:15:00+00:00;0.806;;
654611;unknown;control;2024-01-11 16:30:00+00:00;1.056;;
654611;unknown;control;2024-01-11 16:45:00+00:00;0.87;;
654611;unknown;control;2024-01-11 17:00:00+00:00;0.871;;
654611;unknown;control;2024-01-11 17:15:00+00:00;0.82;;
654611;unknown;control;2024-01-11 17:30:00+00:00;0.848;;
654611;unknown;control;2024-01-11 17:45:00+00:00;0.763;;
654611;unknown;control;2024-01-11 18:00:00+00:00;0.664;;
654611;unknown;control;2024-01-11 18:15:00+00:00;0.712;;
654611;unknown;control;2024-01-11 18:30:00+00:00;1.141;;
654611;unknown;control;2024-01-11 18:45:00+00:00;0.746;;
654611;unknown;control;2024-01-11 19:00:00+00:00;0.733;;
654611;unknown;control;2024-01-11 19:15:00+00:00;0.726;;
654611;unknown;control;2024-01-11 19:30:00+00:00;0.685;;
654611;unknown;control;2024-01-11 19:45:00+00:00;0.694;;
654611;unknown;control;2024-01-11 20:00:00+00:00;0.734;;
654611;unknown;control;2024-01-11 20:15:00+00:00;0.731;;
654611;unknown;control;2024-01-11 20:30:00+00:00;1.189;;
654611;unknown;control;2024-01-11 20:45:00+00:00;0.729;;
654611;unknown;control;2024-01-11 21:00:00+00:00;0.806;;
654611;unknown;control;2024-01-11 21:15:00+00:00;0.729;;
654611;unknown;control;2024-01-11 21:30:00+00:00;0.668;;
654611;unknown;control;2024-01-11 21:45:00+00:00;0.654;;
654611;unknown;control;2024-01-11 22:00:00+00:00;0.064;;
654611;unknown;control;2024-01-11 22:15:00+00:00;0.055;;
654611;unknown;control;2024-01-11 22:30:00+00:00;0.06;;
654611;unknown;control;2024-01-11 22:45:00+00:00;0.061;;
654611;unknown;control;2024-01-11 23:00:00+00:00;0.058;;
654611;unknown;control;2024-01-11 23:15:00+00:00;0.064;;
654611;unknown;control;2024-01-11 23:30:00+00:00;0.065;;
654611;unknown;control;2024-01-11 23:45:00+00:00;0.054;;
654611;unknown;control;2024-01-12 00:00:00+00:00;0.053;;
654611;unknown;control;2024-01-12 00:15:00+00:00;0.042;;
654611;unknown;control;2024-01-12 00:30:00+00:00;0.049;;
654611;unknown;control;2024-01-12 00:45:00+00:00;0.051;;
654611;unknown;control;2024-01-12 01:00:00+00:00;0.045;;
654611;unknown;control;2024-01-12 01:15:00+00:00;0.059;;
654611;unknown;control;2024-01-12 01:30:00+00:00;0.057;;
654611;unknown;control;2024-01-12 01:45:00+00:00;0.058;;
654611;unknown;control;2024-01-12 02:00:00+00:00;0.063;;
654611;unknown;control;2024-01-12 02:15:00+00:00;0.046;;
654611;unknown;control;2024-01-12 02:30:00+00:00;0.049;;
654611;unknown;control;2024-01-12 02:45:00+00:00;0.062;;
654611;unknown;control;2024-01-12 03:00:00+00:00;0.045;;
654611;unknown;control;2024-01-12 03:15:00+00:00;0.047;;
654611;unknown;control;2024-01-12 03:30:00+00:00;0.062;;
654611;unknown;control;2024-01-12 03:45:00+00:00;0.044;;
654611;unknown;control;2024-01-12 04:00:00+00:00;0.05;;
654611;unknown;control;2024-01-12 04:15:00+00:00;0.069;;
654611;unknown;control;2024-01-12 04:30:00+00:00;0.165;;
654611;unknown;control;2024-01-12 04:45:00+00:00;0.367;;
654611;unknown;control;2024-01-12 05:00:00+00:00;0.147;;
654611;unknown;control;2024-01-12 05:15:00+00:00;0.133;;
654611;unknown;control;2024-01-12 05:30:00+00:00;0.141;;
654611;unknown;control;2024-01-12 05:45:00+00:00;0.154;;
654611;unknown;control;2024-01-12 06:00:00+00:00;0.118;;
654611;unknown;control;2024-01-12 06:15:00+00:00;0.237;;
654611;unknown;control;2024-01-12 06:30:00+00:00;0.121;;
654611;unknown;control;2024-01-12 06:45:00+00:00;0.792;;
654611;unknown;control;2024-01-12 07:00:00+00:00;0.305;;
654611;unknown;control;2024-01-12 07:15:00+00:00;0.122;;
654611;unknown;control;2024-01-12 07:30:00+00:00;0.119;;
654611;unknown;control;2024-01-12 07:45:00+00:00;0.128;;
654611;unknown;control;2024-01-12 08:00:00+00:00;0.174;;
654611;unknown;control;2024-01-12 08:15:00+00:00;0.216;;
654611;unknown;control;2024-01-12 08:30:00+00:00;0.127;;
654611;unknown;control;2024-01-12 08:45:00+00:00;0.113;;
654611;unknown;control;2024-01-12 09:00:00+00:00;0.941;;
654611;unknown;control;2024-01-12 09:15:00+00:00;1.373;;
654611;unknown;control;2024-01-12 09:30:00+00:00;1.366;;
654611;unknown;control;2024-01-12 09:45:00+00:00;1.507;;
654611;unknown;control;2024-01-12 10:00:00+00:00;0.115;;
654611;unknown;control;2024-01-12 10:15:00+00:00;0.09;;
654611;unknown;control;2024-01-12 10:30:00+00:00;0.112;;
654611;unknown;control;2024-01-12 10:45:00+00:00;0.088;;
654611;unknown;control;2024-01-12 11:00:00+00:00;0.869;;
654611;unknown;control;2024-01-12 11:15:00+00:00;1.302;;
654611;unknown;control;2024-01-12 11:30:00+00:00;0.96;;
654611;unknown;control;2024-01-12 11:45:00+00:00;0.913;;
654611;unknown;control;2024-01-12 12:00:00+00:00;0.936;;
654611;unknown;control;2024-01-12 12:15:00+00:00;1.197;;
654611;unknown;control;2024-01-12 12:30:00+00:00;0.76;;
654611;unknown;control;2024-01-12 12:45:00+00:00;0.675;;
654611;unknown;control;2024-01-12 13:00:00+00:00;0.706;;
654611;unknown;control;2024-01-12 13:15:00+00:00;0.587;;
654611;unknown;control;2024-01-12 13:30:00+00:00;0.51;;
654611;unknown;control;2024-01-12 13:45:00+00:00;0.514;;
654611;unknown;control;2024-01-12 14:00:00+00:00;0.58;;
654611;unknown;control;2024-01-12 14:15:00+00:00;0.802;;
654611;unknown;control;2024-01-12 14:30:00+00:00;0.621;;
654611;unknown;control;2024-01-12 14:45:00+00:00;0.535;;
654611;unknown;control;2024-01-12 15:00:00+00:00;0.805;;
654611;unknown;control;2024-01-12 15:15:00+00:00;0.688;;
654611;unknown;control;2024-01-12 15:30:00+00:00;0.706;;
654611;unknown;control;2024-01-12 15:45:00+00:00;0.754;;
654611;unknown;control;2024-01-12 16:00:00+00:00;0.777;;
654611;unknown;control;2024-01-12 16:15:00+00:00;0.811;;
654611;unknown;control;2024-01-12 16:30:00+00:00;1.051;;
654611;unknown;control;2024-01-12 16:45:00+00:00;0.713;;
654611;unknown;control;2024-01-12 17:00:00+00:00;0.622;;
654611;unknown;control;2024-01-12 17:15:00+00:00;0.602;;
654611;unknown;control;2024-01-12 17:30:00+00:00;0.605;;
654611;unknown;control;2024-01-12 17:45:00+00:00;0.617;;
654611;unknown;control;2024-01-12 18:00:00+00:00;0.694;;
654611;unknown;control;2024-01-12 18:15:00+00:00;0.809;;
654611;unknown;control;2024-01-12 18:30:00+00:00;1.206;;
654611;unknown;control;2024-01-12 18:45:00+00:00;0.773;;
654611;unknown;control;2024-01-12 19:00:00+00:00;0.665;;
654611;unknown;control;2024-01-12 19:15:00+00:00;1.093;;
654611;unknown;control;2024-01-12 19:30:00+00:00;0.845;;
654611;unknown;control;2024-01-12 19:45:00+00:00;0.863;;
654611;unknown;control;2024-01-12 20:00:00+00:00;0.967;;
654611;unknown;control;2024-01-12 20:15:00+00:00;1.447;;
654611;unknown;control;2024-01-12 20:30:00+00:00;0.937;;
654611;unknown;control;2024-01-12 20:45:00+00:00;0.737;;
654611;unknown;control;2024-01-12 21:00:00+00:00;0.722;;
654611;unknown;control;2024-01-12 21:15:00+00:00;0.734;;
654611;unknown;control;2024-01-12 21:30:00+00:00;0.735;;
654611;unknown;control;2024-01-12 21:45:00+00:00;0.947;;
654611;unknown;control;2024-01-12 22:00:00+00:00;0.052;;
654611;unknown;control;2024-01-12 22:15:00+00:00;0.048;;
654611;unknown;control;2024-01-12 22:30:00+00:00;0.055;;
654611;unknown;control;2024-01-12 22:45:00+00:00;0.053;;
654611;unknown;control;2024-01-12 23:00:00+00:00;0.052;;
654611;unknown;control;2024-01-12 23:15:00+00:00;0.055;;
654611;unknown;control;2024-01-12 23:30:00+00:00;0.055;;
654611;unknown;control;2024-01-12 23:45:00+00:00;0.052;;
654611;unknown;control;2024-01-13 00:00:00+00:00;0.048;;
654611;unknown;control;2024-01-13 00:15:00+00:00;0.049;;
654611;unknown;control;2024-01-13 00:30:00+00:00;0.051;;
654611;unknown;control;2024-01-13 00:45:00+00:00;0.055;;
654611;unknown;control;2024-01-13 01:00:00+00:00;0.058;;
654611;unknown;control;2024-01-13 01:15:00+00:00;0.062;;
654611;unknown;control;2024-01-13 01:30:00+00:00;0.059;;
654611;unknown;control;2024-01-13 01:45:00+00:00;0.063;;
654611;unknown;control;2024-01-13 02:00:00+00:00;0.042;;
654611;unknown;control;2024-01-13 02:15:00+00:00;0.05;;
654611;unknown;control;2024-01-13 02:30:00+00:00;0.052;;
654611;unknown;control;2024-01-13 02:45:00+00:00;0.05;;
654611;unknown;control;2024-01-13 03:00:00+00:00;0.061;;
654611;unknown;control;2024-01-13 03:15:00+00:00;0.056;;
654611;unknown;control;2024-01-13 03:30:00+00:00;0.066;;
654611;unknown;control;2024-01-13 03:45:00+00:00;0.059;;
654611;unknown;control;2024-01-13 04:00:00+00:00;0.055;;
654611;unknown;control;2024-01-13 04:15:00+00:00;0.048;;
654611;unknown;control;2024-01-13 04:30:00+00:00;0.061;;
654611;unknown;control;2024-01-13 04:45:00+00:00;0.057;;
654611;unknown;control;2024-01-13 05:00:00+00:00;0.056;;
654611;unknown;control;2024-01-13 05:15:00+00:00;0.062;;
654611;unknown;control;2024-01-13 05:30:00+00:00;0.045;;
654611;unknown;control;2024-01-13 05:45:00+00:00;0.042;;
654611;unknown;control;2024-01-13 06:00:00+00:00;0.061;;
654611;unknown;control;2024-01-13 06:15:00+00:00;0.223;;
654611;unknown;control;2024-01-13 06:30:00+00:00;0.347;;
654611;unknown;control;2024-01-13 06:45:00+00:00;0.164;;
654611;unknown;control;2024-01-13 07:00:00+00:00;0.095;;
654611;unknown;control;2024-01-13 07:15:00+00:00;0.094;;
654611;unknown;control;2024-01-13 07:30:00+00:00;0.083;;
654611;unknown;control;2024-01-13 07:45:00+00:00;0.072;;
654611;unknown;control;2024-01-13 08:00:00+00:00;0.202;;
654611;unknown;control;2024-01-13 08:15:00+00:00;0.099;;
654611;unknown;control;2024-01-13 08:30:00+00:00;0.165;;
654611;unknown;control;2024-01-13 08:45:00+00:00;0.082;;
654611;unknown;control;2024-01-13 09:00:00+00:00;1.04;;
654611;unknown;control;2024-01-13 09:15:00+00:00;1.572;;
654611;unknown;control;2024-01-13 09:30:00+00:00;1.486;;
654611;unknown;control;2024-01-13 09:45:00+00:00;0.894;;
654611;unknown;control;2024-01-13 10:00:00+00:00;0.821;;
654611;unknown;control;2024-01-13 10:15:00+00:00;0.828;;
654611;unknown;control;2024-01-13 10:30:00+00:00;0.858;;
654611;unknown;control;2024-01-13 10:45:00+00:00;1.204;;
654611;unknown;control;2024-01-13 11:00:00+00:00;0.828;;
654611;unknown;control;2024-01-13 11:15:00+00:00;0.712;;
654611;unknown;control;2024-01-13 11:30:00+00:00;0.688;;
654611;unknown;control;2024-01-13 11:45:00+00:00;0.651;;
654611;unknown;control;2024-01-13 12:00:00+00:00;0.576;;
654611;unknown;control;2024-01-13 12:15:00+00:00;0.582;;
654611;unknown;control;2024-01-13 12:30:00+00:00;0.582;;
654611;unknown;control;2024-01-13 12:45:00+00:00;0.665;;
654611;unknown;control;2024-01-13 13:00:00+00:00;0.486;;
654611;unknown;control;2024-01-13 13:15:00+00:00;0.963;;
654611;unknown;control;2024-01-13 13:30:00+00:00;0.613;;
654611;unknown;control;2024-01-13 13:45:00+00:00;0.47;;
654611;unknown;control;2024-01-13 14:00:00+00:00;0.797;;
654611;unknown;control;2024-01-13 14:15:00+00:00;0.514;;
654611;unknown;control;2024-01-13 14:30:00+00:00;0.374;;
654611;unknown;control;2024-01-13 14:45:00+00:00;1.183;;
654611;unknown;control;2024-01-13 15:00:00+00:00;1.409;;
654611;unknown;control;2024-01-13 15:15:00+00:00;1.089;;
654611;unknown;control;2024-01-13 15:30:00+00:00;0.8;;
654611;unknown;control;2024-01-13 15:45:00+00:00;0.795;;
654611;unknown;control;2024-01-13 16:00:00+00:00;0.738;;
654611;unknown;control;2024-01-13 16:15:00+00:00;0.716;;
654611;unknown;control;2024-01-13 16:30:00+00:00;0.739;;
654611;unknown;control;2024-01-13 16:45:00+00:00;0.779;;
654611;unknown;control;2024-01-13 17:00:00+00:00;1.034;;
654611;unknown;control;2024-01-13 17:15:00+00:00;1.287;;
654611;unknown;control;2024-01-13 17:30:00+00:00;0.921;;
654611;unknown;control;2024-01-13 17:45:00+00:00;1.454;;
654611;unknown;control;2024-01-13 18:00:00+00:00;1.559;;
654611;unknown;control;2024-01-13 18:15:00+00:00;0.768;;
654611;unknown;control;2024-01-13 18:30:00+00:00;0.779;;
654611;unknown;control;2024-01-13 18:45:00+00:00;0.942;;
654611;unknown;control;2024-01-13 19:00:00+00:00;1.172;;
654611;unknown;control;2024-01-13 19:15:00+00:00;1.517;;
654611;unknown;control;2024-01-13 19:30:00+00:00;0.945;;
654611;unknown;control;2024-01-13 19:45:00+00:00;0.883;;
654611;unknown;control;2024-01-13 20:00:00+00:00;0.847;;
654611;unknown;control;2024-01-13 20:15:00+00:00;0.971;;
654611;unknown;control;2024-01-13 20:30:00+00:00;0.913;;
654611;unknown;control;2024-01-13 20:45:00+00:00;1.086;;
654611;unknown;control;2024-01-13 21:00:00+00:00;1.28;;
654611;unknown;control;2024-01-13 21:15:00+00:00;1.315;;
654611;unknown;control;2024-01-13 21:30:00+00:00;0.908;;
654611;unknown;control;2024-01-13 21:45:00+00:00;0.948;;
654611;unknown;control;2024-01-13 22:00:00+00:00;0.081;;
654611;unknown;control;2024-01-13 22:15:00+00:00;0.059;;
654611;unknown;control;2024-01-13 22:30:00+00:00;0.064;;
654611;unknown;control;2024-01-13 22:45:00+00:00;0.07;;
654611;unknown;control;2024-01-13 23:00:00+00:00;0.063;;
654611;unknown;control;2024-01-13 23:15:00+00:00;0.064;;
654611;unknown;control;2024-01-13 23:30:00+00:00;0.066;;
654611;unknown;control;2024-01-13 23:45:00+00:00;0.053;;
654611;unknown;control;2024-01-14 00:00:00+00:00;0.063;;
654611;unknown;control;2024-01-14 00:15:00+00:00;0.07;;
654611;unknown;control;2024-01-14 00:30:00+00:00;0.064;;
654611;unknown;control;2024-01-14 00:45:00+00:00;0.068;;
654611;unknown;control;2024-01-14 01:00:00+00:00;0.067;;
654611;unknown;control;2024-01-14 01:15:00+00:00;0.054;;
654611;unknown;control;2024-01-14 01:30:00+00:00;0.069;;
654611;unknown;control;2024-01-14 01:45:00+00:00;0.066;;
654611;unknown;control;2024-01-14 02:00:00+00:00;0.052;;
654611;unknown;control;2024-01-14 02:15:00+00:00;0.062;;
654611;unknown;control;2024-01-14 02:30:00+00:00;0.073;;
654611;unknown;control;2024-01-14 02:45:00+00:00;0.066;;
654611;unknown;control;2024-01-14 03:00:00+00:00;0.07;;
654611;unknown;control;2024-01-14 03:15:00+00:00;0.064;;
654611;unknown;control;2024-01-14 03:30:00+00:00;0.06;;
654611;unknown;control;2024-01-14 03:45:00+00:00;0.072;;
654611;unknown;control;2024-01-14 04:00:00+00:00;0.064;;
654611;unknown;control;2024-01-14 04:15:00+00:00;0.059;;
654611;unknown;control;2024-01-14 04:30:00+00:00;0.071;;
654611;unknown;control;2024-01-14 04:45:00+00:00;0.07;;
654611;unknown;control;2024-01-14 05:00:00+00:00;0.065;;
654611;unknown;control;2024-01-14 05:15:00+00:00;0.068;;
654611;unknown;control;2024-01-14 05:30:00+00:00;0.065;;
654611;unknown;control;2024-01-14 05:45:00+00:00;0.158;;
654611;unknown;control;2024-01-14 06:00:00+00:00;0.094;;
654611;unknown;control;2024-01-14 06:15:00+00:00;0.083;;
654611;unknown;control;2024-01-14 06:30:00+00:00;0.085;;
654611;unknown;control;2024-01-14 06:45:00+00:00;0.294;;
654611;unknown;control;2024-01-14 07:00:00+00:00;0.188;;
654611;unknown;control;2024-01-14 07:15:00+00:00;0.138;;
654611;unknown;control;2024-01-14 07:30:00+00:00;0.088;;
654611;unknown;control;2024-01-14 07:45:00+00:00;0.089;;
654611;unknown;control;2024-01-14 08:00:00+00:00;0.282;;
654611;unknown;control;2024-01-14 08:15:00+00:00;0.335;;
654611;unknown;control;2024-01-14 08:30:00+00:00;0.462;;
654611;unknown;control;2024-01-14 08:45:00+00:00;0.081;;
654611;unknown;control;2024-01-14 09:00:00+00:00;0.881;;
654611;unknown;control;2024-01-14 09:15:00+00:00;1.63;;
654611;unknown;control;2024-01-14 09:30:00+00:00;1.749;;
654611;unknown;control;2024-01-14 09:45:00+00:00;1.556;;
654611;unknown;control;2024-01-14 10:00:00+00:00;1.182;;
654611;unknown;control;2024-01-14 10:15:00+00:00;0.663;;
654611;unknown;control;2024-01-14 10:30:00+00:00;0.649;;
654611;unknown;control;2024-01-14 10:45:00+00:00;0.606;;
654611;unknown;control;2024-01-14 11:00:00+00:00;0.354;;
654611;unknown;control;2024-01-14 11:15:00+00:00;0.227;;
654611;unknown;control;2024-01-14 11:30:00+00:00;0.002;;
654611;unknown;control;2024-01-14 11:45:00+00:00;0.272;;
654611;unknown;control;2024-01-14 12:00:00+00:00;0.24;;
654611;unknown;control;2024-01-14 12:15:00+00:00;0.116;;
654611;unknown;control;2024-01-14 12:30:00+00:00;0.033;;
654611;unknown;control;2024-01-14 12:45:00+00:00;0.012;;
654611;unknown;control;2024-01-14 13:00:00+00:00;0.0;;
654611;unknown;control;2024-01-14 13:15:00+00:00;0.0;;
654611;unknown;control;2024-01-14 13:30:00+00:00;0.01;;
654611;unknown;control;2024-01-14 13:45:00+00:00;0.0;;
654611;unknown;control;2024-01-14 14:00:00+00:00;0.422;;
654611;unknown;control;2024-01-14 14:15:00+00:00;0.617;;
654611;unknown;control;2024-01-14 14:30:00+00:00;0.451;;
654611;unknown;control;2024-01-14 14:45:00+00:00;0.584;;
654611;unknown;control;2024-01-14 15:00:00+00:00;0.835;;
654611;unknown;control;2024-01-14 15:15:00+00:00;0.637;;
654611;unknown;control;2024-01-14 15:30:00+00:00;0.59;;
654611;unknown;control;2024-01-14 15:45:00+00:00;0.584;;
654611;unknown;control;2024-01-14 16:00:00+00:00;0.655;;
654611;unknown;control;2024-01-14 16:15:00+00:00;0.634;;
654611;unknown;control;2024-01-14 16:30:00+00:00;0.559;;
654611;unknown;control;2024-01-14 16:45:00+00:00;0.511;;
654611;unknown;control;2024-01-14 17:00:00+00:00;0.505;;
654611;unknown;control;2024-01-14 17:15:00+00:00;0.502;;
654611;unknown;control;2024-01-14 17:30:00+00:00;0.505;;
654611;unknown;control;2024-01-14 17:45:00+00:00;0.507;;
654611;unknown;control;2024-01-14 18:00:00+00:00;0.791;;
654611;unknown;control;2024-01-14 18:15:00+00:00;0.921;;
654611;unknown;control;2024-01-14 18:30:00+00:00;0.691;;
654611;unknown;control;2024-01-14 18:45:00+00:00;0.495;;
654611;unknown;control;2024-01-14 19:00:00+00:00;0.509;;
654611;unknown;control;2024-01-14 19:15:00+00:00;0.721;;
654611;unknown;control;2024-01-14 19:30:00+00:00;0.518;;
654611;unknown;control;2024-01-14 19:45:00+00:00;0.521;;
654611;unknown;control;2024-01-14 20:00:00+00:00;0.591;;
654611;unknown;control;2024-01-14 20:15:00+00:00;0.758;;
654611;unknown;control;2024-01-14 20:30:00+00:00;0.609;;
654611;unknown;control;2024-01-14 20:45:00+00:00;0.557;;
654611;unknown;control;2024-01-14 21:00:00+00:00;0.608;;
654611;unknown;control;2024-01-14 21:15:00+00:00;0.503;;
654611;unknown;control;2024-01-14 21:30:00+00:00;0.577;;
654611;unknown;control;2024-01-14 21:45:00+00:00;0.481;;
654611;unknown;control;2024-01-14 22:00:00+00:00;0.049;;
654611;unknown;control;2024-01-14 22:15:00+00:00;0.047;;
654611;unknown;control;2024-01-14 22:30:00+00:00;0.059;;
654611;unknown;control;2024-01-14 22:45:00+00:00;0.057;;
654611;unknown;control;2024-01-14 23:00:00+00:00;0.057;;
654611;unknown;control;2024-01-14 23:15:00+00:00;0.069;;
654611;unknown;control;2024-01-14 23:30:00+00:00;0.071;;
654611;unknown;control;2024-01-14 23:45:00+00:00;0.06;;
654611;unknown;control;2024-01-15 00:00:00+00:00;0.058;;
654611;unknown;control;2024-01-15 00:15:00+00:00;0.059;;
654611;unknown;control;2024-01-15 00:30:00+00:00;0.061;;
654611;unknown;control;2024-01-15 00:45:00+00:00;0.063;;
654611;unknown;control;2024-01-15 01:00:00+00:00;0.052;;
654611;unknown;control;2024-01-15 01:15:00+00:00;0.051;;
654611;unknown;control;2024-01-15 01:30:00+00:00;0.053;;
654611;unknown;control;2024-01-15 01:45:00+00:00;0.05;;
654611;unknown;control;2024-01-15 02:00:00+00:00;0.047;;
654611;unknown;control;2024-01-15 02:15:00+00:00;0.05;;
654611;unknown;control;2024-01-15 02:30:00+00:00;0.098;;
654611;unknown;control;2024-01-15 02:45:00+00:00;0.057;;
654611;unknown;control;2024-01-15 03:00:00+00:00;0.058;;
654611;unknown;control;2024-01-15 03:15:00+00:00;0.052;;
654611;unknown;control;2024-01-15 03:30:00+00:00;0.057;;
654611;unknown;control;2024-01-15 03:45:00+00:00;0.051;;
654611;unknown;control;2024-01-15 04:00:00+00:00;0.06;;
654611;unknown;control;2024-01-15 04:15:00+00:00;0.067;;
654611;unknown;control;2024-01-15 04:30:00+00:00;0.168;;
654611;unknown;control;2024-01-15 04:45:00+00:00;0.322;;
654611;unknown;control;2024-01-15 05:00:00+00:00;0.133;;
654611;unknown;control;2024-01-15 05:15:00+00:00;0.161;;
654611;unknown;control;2024-01-15 05:30:00+00:00;0.102;;
654611;unknown;control;2024-01-15 05:45:00+00:00;0.068;;
654611;unknown;control;2024-01-15 06:00:00+00:00;0.058;;
654611;unknown;control;2024-01-15 06:15:00+00:00;0.064;;
654611;unknown;control;2024-01-15 06:30:00+00:00;0.058;;
654611;unknown;control;2024-01-15 06:45:00+00:00;0.057;;
654611;unknown;control;2024-01-15 07:00:00+00:00;0.051;;
654611;unknown;control;2024-01-15 07:15:00+00:00;0.064;;
654611;unknown;control;2024-01-15 07:30:00+00:00;0.066;;
654611;unknown;control;2024-01-15 07:45:00+00:00;0.054;;
654611;unknown;control;2024-01-15 08:00:00+00:00;0.059;;
654611;unknown;control;2024-01-15 08:15:00+00:00;0.07;;
654611;unknown;control;2024-01-15 08:30:00+00:00;0.047;;
654611;unknown;control;2024-01-15 08:45:00+00:00;0.031;;
654611;unknown;control;2024-01-15 09:00:00+00:00;0.699;;
654611;unknown;control;2024-01-15 09:15:00+00:00;0.884;;
654611;unknown;control;2024-01-15 09:30:00+00:00;0.742;;
654611;unknown;control;2024-01-15 09:45:00+00:00;0.623;;
654611;unknown;control;2024-01-15 10:00:00+00:00;0.008;;
654611;unknown;control;2024-01-15 10:15:00+00:00;0.265;;
654611;unknown;control;2024-01-15 10:30:00+00:00;0.026;;
654611;unknown;control;2024-01-15 10:45:00+00:00;0.0;;
654611;unknown;control;2024-01-15 11:00:00+00:00;0.276;;
654611;unknown;control;2024-01-15 11:15:00+00:00;0.488;;
654611;unknown;control;2024-01-15 11:30:00+00:00;0.412;;
654611;unknown;control;2024-01-15 11:45:00+00:00;0.48;;
654611;unknown;control;2024-01-15 12:00:00+00:00;0.292;;
654611;unknown;control;2024-01-15 12:15:00+00:00;0.178;;
654611;unknown;control;2024-01-15 12:30:00+00:00;0.358;;
654611;unknown;control;2024-01-15 12:45:00+00:00;0.327;;
654611;unknown;control;2024-01-15 13:00:00+00:00;0.327;;
654611;unknown;control;2024-01-15 13:15:00+00:00;0.272;;
654611;unknown;control;2024-01-15 13:30:00+00:00;0.317;;
654611;unknown;control;2024-01-15 13:45:00+00:00;0.357;;
654611;unknown;control;2024-01-15 14:00:00+00:00;0.587;;
654611;unknown;control;2024-01-15 14:15:00+00:00;0.344;;
654611;unknown;control;2024-01-15 14:30:00+00:00;0.263;;
654611;unknown;control;2024-01-15 14:45:00+00:00;0.567;;
654611;unknown;control;2024-01-15 15:00:00+00:00;0.572;;
654611;unknown;control;2024-01-15 15:15:00+00:00;0.535;;
654611;unknown;control;2024-01-15 15:30:00+00:00;0.534;;
654611;unknown;control;2024-01-15 15:45:00+00:00;0.516;;
654611;unknown;control;2024-01-15 16:00:00+00:00;0.512;;
654611;unknown;control;2024-01-15 16:15:00+00:00;0.51;;
654611;unknown;control;2024-01-15 16:30:00+00:00;0.501;;
654611;unknown;control;2024-01-15 16:45:00+00:00;0.497;;
654611;unknown;control;2024-01-15 17:00:00+00:00;0.706;;
654611;unknown;control;2024-01-15 17:15:00+00:00;0.543;;
654611;unknown;control;2024-01-15 17:30:00+00:00;0.532;;
654611;unknown;control;2024-01-15 17:45:00+00:00;0.521;;
654611;unknown;control;2024-01-15 18:00:00+00:00;0.526;;
654611;unknown;control;2024-01-15 18:15:00+00:00;0.533;;
654611;unknown;control;2024-01-15 18:30:00+00:00;0.512;;
654611;unknown;control;2024-01-15 18:45:00+00:00;0.652;;
654611;unknown;control;2024-01-15 19:00:00+00:00;0.728;;
654611;unknown;control;2024-01-15 19:15:00+00:00;0.601;;
654611;unknown;control;2024-01-15 19:30:00+00:00;0.583;;
654611;unknown;control;2024-01-15 19:45:00+00:00;0.571;;
654611;unknown;control;2024-01-15 20:00:00+00:00;0.574;;
654611;unknown;control;2024-01-15 20:15:00+00:00;0.609;;
654611;unknown;control;2024-01-15 20:30:00+00:00;0.612;;
654611;unknown;control;2024-01-15 20:45:00+00:00;0.604;;
654611;unknown;control;2024-01-15 21:00:00+00:00;0.917;;
654611;unknown;control;2024-01-15 21:15:00+00:00;0.643;;
654611;unknown;control;2024-01-15 21:30:00+00:00;0.599;;
654611;unknown;control;2024-01-15 21:45:00+00:00;0.566;;
654611;unknown;control;2024-01-15 22:00:00+00:00;0.056;;
654611;unknown;control;2024-01-15 22:15:00+00:00;0.061;;
654611;unknown;control;2024-01-15 22:30:00+00:00;0.065;;
654611;unknown;control;2024-01-15 22:45:00+00:00;0.052;;
654611;unknown;control;2024-01-15 23:00:00+00:00;0.064;;
654611;unknown;control;2024-01-15 23:15:00+00:00;0.073;;
654611;unknown;control;2024-01-15 23:30:00+00:00;0.056;;
654611;unknown;control;2024-01-15 23:45:00+00:00;0.052;;
654611;unknown;control;2024-01-16 00:00:00+00:00;0.058;;
654611;unknown;control;2024-01-16 00:15:00+00:00;0.056;;
654611;unknown;control;2024-01-16 00:30:00+00:00;0.056;;
654611;unknown;control;2024-01-16 00:45:00+00:00;0.061;;
654611;unknown;control;2024-01-16 01:00:00+00:00;0.055;;
654611;unknown;control;2024-01-16 01:15:00+00:00;0.058;;
654611;unknown;control;2024-01-16 01:30:00+00:00;0.054;;
654611;unknown;control;2024-01-16 01:45:00+00:00;0.049;;
654611;unknown;control;2024-01-16 02:00:00+00:00;0.057;;
654611;unknown;control;2024-01-16 02:15:00+00:00;0.06;;
654611;unknown;control;2024-01-16 02:30:00+00:00;0.056;;
654611;unknown;control;2024-01-16 02:45:00+00:00;0.066;;
654611;unknown;control;2024-01-16 03:00:00+00:00;0.07;;
654611;unknown;control;2024-01-16 03:15:00+00:00;0.064;;
654611;unknown;control;2024-01-16 03:30:00+00:00;0.067;;
654611;unknown;control;2024-01-16 03:45:00+00:00;0.057;;
654611;unknown;control;2024-01-16 04:00:00+00:00;0.062;;
654611;unknown;control;2024-01-16 04:15:00+00:00;0.067;;
654611;unknown;control;2024-01-16 04:30:00+00:00;0.164;;
654611;unknown;control;2024-01-16 04:45:00+00:00;0.373;;
654611;unknown;control;2024-01-16 05:00:00+00:00;0.131;;
654611;unknown;control;2024-01-16 05:15:00+00:00;0.098;;
654611;unknown;control;2024-01-16 05:30:00+00:00;0.077;;
654611;unknown;control;2024-01-16 05:45:00+00:00;0.066;;
654611;unknown;control;2024-01-16 06:00:00+00:00;0.057;;
654611;unknown;control;2024-01-16 06:15:00+00:00;0.056;;
654611;unknown;control;2024-01-16 06:30:00+00:00;0.065;;
654611;unknown;control;2024-01-16 06:45:00+00:00;0.107;;
654611;unknown;control;2024-01-16 07:00:00+00:00;0.064;;
654611;unknown;control;2024-01-16 07:15:00+00:00;0.078;;
654611;unknown;control;2024-01-16 07:30:00+00:00;0.032;;
654611;unknown;control;2024-01-16 07:45:00+00:00;0.001;;
654611;unknown;control;2024-01-16 08:00:00+00:00;0.0;;
654611;unknown;control;2024-01-16 08:15:00+00:00;0.0;;
654611;unknown;control;2024-01-16 08:30:00+00:00;0.0;;
654611;unknown;control;2024-01-16 08:45:00+00:00;0.0;;
654611;unknown;control;2024-01-16 09:00:00+00:00;0.604;;
654611;unknown;control;2024-01-16 09:15:00+00:00;0.976;;
654611;unknown;control;2024-01-16 09:30:00+00:00;0.606;;
654611;unknown;control;2024-01-16 09:45:00+00:00;0.263;;
654611;unknown;control;2024-01-16 10:00:00+00:00;0.005;;
654611;unknown;control;2024-01-16 10:15:00+00:00;0.0;;
654611;unknown;control;2024-01-16 10:30:00+00:00;0.0;;
654611;unknown;control;2024-01-16 10:45:00+00:00;0.0;;
654611;unknown;control;2024-01-16 11:00:00+00:00;0.028;;
654611;unknown;control;2024-01-16 11:15:00+00:00;0.037;;
654611;unknown;control;2024-01-16 11:30:00+00:00;0.009;;
654611;unknown;control;2024-01-16 11:45:00+00:00;0.001;;
654611;unknown;control;2024-01-16 12:00:00+00:00;0.0;;
654611;unknown;control;2024-01-16 12:15:00+00:00;0.119;;
654611;unknown;control;2024-01-16 12:30:00+00:00;0.106;;
654611;unknown;control;2024-01-16 12:45:00+00:00;0.009;;
654611;unknown;control;2024-01-16 13:00:00+00:00;0.057;;
654611;unknown;control;2024-01-16 13:15:00+00:00;0.002;;
654611;unknown;control;2024-01-16 13:30:00+00:00;0.0;;
654611;unknown;control;2024-01-16 13:45:00+00:00;0.0;;
654611;unknown;control;2024-01-16 14:00:00+00:00;0.082;;
654611;unknown;control;2024-01-16 14:15:00+00:00;0.027;;
654611;unknown;control;2024-01-16 14:30:00+00:00;0.093;;
654611;unknown;control;2024-01-16 14:45:00+00:00;0.548;;
654611;unknown;control;2024-01-16 15:00:00+00:00;0.539;;
654611;unknown;control;2024-01-16 15:15:00+00:00;0.499;;
654611;unknown;control;2024-01-16 15:30:00+00:00;0.597;;
654611;unknown;control;2024-01-16 15:45:00+00:00;0.583;;
654611;unknown;control;2024-01-16 16:00:00+00:00;0.548;;
654611;unknown;control;2024-01-16 16:15:00+00:00;0.526;;
654611;unknown;control;2024-01-16 16:30:00+00:00;0.545;;
654611;unknown;control;2024-01-16 16:45:00+00:00;0.528;;
654611;unknown;control;2024-01-16 17:00:00+00:00;0.528;;
654611;unknown;control;2024-01-16 17:15:00+00:00;0.757;;
654611;unknown;control;2024-01-16 17:30:00+00:00;0.637;;
654611;unknown;control;2024-01-16 17:45:00+00:00;0.575;;
654611;unknown;control;2024-01-16 18:00:00+00:00;0.554;;
654611;unknown;control;2024-01-16 18:15:00+00:00;0.558;;
654611;unknown;control;2024-01-16 18:30:00+00:00;0.702;;
654611;unknown;control;2024-01-16 18:45:00+00:00;0.762;;
654611;unknown;control;2024-01-16 19:00:00+00:00;0.6;;
654611;unknown;control;2024-01-16 19:15:00+00:00;0.759;;
654611;unknown;control;2024-01-16 19:30:00+00:00;0.792;;
654611;unknown;control;2024-01-16 19:45:00+00:00;0.687;;
654611;unknown;control;2024-01-16 20:00:00+00:00;0.628;;
654611;unknown;control;2024-01-16 20:15:00+00:00;0.6;;
654611;unknown;control;2024-01-16 20:30:00+00:00;0.589;;
654611;unknown;control;2024-01-16 20:45:00+00:00;0.606;;
654611;unknown;control;2024-01-16 21:00:00+00:00;0.602;;
654611;unknown;control;2024-01-16 21:15:00+00:00;0.584;;
654611;unknown;control;2024-01-16 21:30:00+00:00;0.929;;
654611;unknown;control;2024-01-16 21:45:00+00:00;0.672;;
654611;unknown;control;2024-01-16 22:00:00+00:00;0.071;;
654611;unknown;control;2024-01-16 22:15:00+00:00;0.135;;
654611;unknown;control;2024-01-16 22:30:00+00:00;0.059;;
654611;unknown;control;2024-01-16 22:45:00+00:00;0.053;;
654611;unknown;control;2024-01-16 23:00:00+00:00;0.102;;
654611;unknown;control;2024-01-16 23:15:00+00:00;0.089;;
654611;unknown;control;2024-01-16 23:30:00+00:00;0.063;;
654611;unknown;control;2024-01-16 23:45:00+00:00;0.063;;
654611;unknown;control;2024-01-17 00:00:00+00:00;0.059;;
654611;unknown;control;2024-01-17 00:15:00+00:00;0.063;;
654611;unknown;control;2024-01-17 00:30:00+00:00;0.074;;
654611;unknown;control;2024-01-17 00:45:00+00:00;0.063;;
654611;unknown;control;2024-01-17 01:00:00+00:00;0.06;;
654611;unknown;control;2024-01-17 01:15:00+00:00;0.061;;
654611;unknown;control;2024-01-17 01:30:00+00:00;0.051;;
654611;unknown;control;2024-01-17 01:45:00+00:00;0.059;;
654611;unknown;control;2024-01-17 02:00:00+00:00;0.06;;
654611;unknown;control;2024-01-17 02:15:00+00:00;0.053;;
654611;unknown;control;2024-01-17 02:30:00+00:00;0.061;;
654611;unknown;control;2024-01-17 02:45:00+00:00;0.067;;
654611;unknown;control;2024-01-17 03:00:00+00:00;0.056;;
654611;unknown;control;2024-01-17 03:15:00+00:00;0.059;;
654611;unknown;control;2024-01-17 03:30:00+00:00;0.059;;
654611;unknown;control;2024-01-17 03:45:00+00:00;0.053;;
654611;unknown;control;2024-01-17 04:00:00+00:00;0.058;;
654611;unknown;control;2024-01-17 04:15:00+00:00;0.059;;
654611;unknown;control;2024-01-17 04:30:00+00:00;0.16;;
654611;unknown;control;2024-01-17 04:45:00+00:00;0.383;;
654611;unknown;control;2024-01-17 05:00:00+00:00;0.16;;
654611;unknown;control;2024-01-17 05:15:00+00:00;0.124;;
654611;unknown;control;2024-01-17 05:30:00+00:00;0.124;;
654611;unknown;control;2024-01-17 05:45:00+00:00;0.134;;
654611;unknown;control;2024-01-17 06:00:00+00:00;0.235;;
654611;unknown;control;2024-01-17 06:15:00+00:00;0.113;;
654611;unknown;control;2024-01-17 06:30:00+00:00;0.115;;
654611;unknown;control;2024-01-17 06:45:00+00:00;0.103;;
654611;unknown;control;2024-01-17 07:00:00+00:00;0.115;;
654611;unknown;control;2024-01-17 07:15:00+00:00;0.09;;
654611;unknown;control;2024-01-17 07:30:00+00:00;0.108;;
654611;unknown;control;2024-01-17 07:45:00+00:00;0.103;;
654611;unknown;control;2024-01-17 08:00:00+00:00;0.082;;
654611;unknown;control;2024-01-17 08:15:00+00:00;0.089;;
654611;unknown;control;2024-01-17 08:30:00+00:00;0.084;;
654611;unknown;control;2024-01-17 08:45:00+00:00;0.079;;
654611;unknown;control;2024-01-17 09:00:00+00:00;0.746;;
654611;unknown;control;2024-01-17 09:15:00+00:00;0.838;;
654611;unknown;control;2024-01-17 09:30:00+00:00;0.94;;
654611;unknown;control;2024-01-17 09:45:00+00:00;0.834;;
654611;unknown;control;2024-01-17 10:00:00+00:00;0.056;;
654611;unknown;control;2024-01-17 10:15:00+00:00;0.04;;
654611;unknown;control;2024-01-17 10:30:00+00:00;0.047;;
654611;unknown;control;2024-01-17 10:45:00+00:00;0.099;;
654611;unknown;control;2024-01-17 11:00:00+00:00;0.753;;
654611;unknown;control;2024-01-17 11:15:00+00:00;0.643;;
654611;unknown;control;2024-01-17 11:30:00+00:00;0.338;;
654611;unknown;control;2024-01-17 11:45:00+00:00;0.147;;
654611;unknown;control;2024-01-17 12:00:00+00:00;0.147;;
654611;unknown;control;2024-01-17 12:15:00+00:00;0.181;;
654611;unknown;control;2024-01-17 12:30:00+00:00;0.152;;
654611;unknown;control;2024-01-17 12:45:00+00:00;0.288;;
654611;unknown;control;2024-01-17 13:00:00+00:00;0.25;;
654611;unknown;control;2024-01-17 13:15:00+00:00;0.15;;
654611;unknown;control;2024-01-17 13:30:00+00:00;0.149;;
654611;unknown;control;2024-01-17 13:45:00+00:00;0.134;;
654611;unknown;control;2024-01-17 14:00:00+00:00;0.598;;
654611;unknown;control;2024-01-17 14:15:00+00:00;0.431;;
654611;unknown;control;2024-01-17 14:30:00+00:00;0.427;;
654611;unknown;control;2024-01-17 14:45:00+00:00;0.268;;
654611;unknown;control;2024-01-17 15:00:00+00:00;0.385;;
654611;unknown;control;2024-01-17 15:15:00+00:00;0.405;;
654611;unknown;control;2024-01-17 15:30:00+00:00;0.296;;
654611;unknown;control;2024-01-17 15:45:00+00:00;0.358;;
654611;unknown;control;2024-01-17 16:00:00+00:00;0.327;;
654611;unknown;control;2024-01-17 16:15:00+00:00;0.281;;
654611;unknown;control;2024-01-17 16:30:00+00:00;0.279;;
654611;unknown;control;2024-01-17 16:45:00+00:00;0.307;;
654611;unknown;control;2024-01-17 17:00:00+00:00;0.301;;
654611;unknown;control;2024-01-17 17:15:00+00:00;0.306;;
654611;unknown;control;2024-01-17 17:30:00+00:00;0.254;;
654611;unknown;control;2024-01-17 17:45:00+00:00;0.256;;
654611;unknown;control;2024-01-17 18:00:00+00:00;0.231;;
654611;unknown;control;2024-01-17 18:15:00+00:00;0.331;;
654611;unknown;control;2024-01-17 18:30:00+00:00;0.251;;
654611;unknown;control;2024-01-17 18:45:00+00:00;0.357;;
654611;unknown;control;2024-01-17 19:00:00+00:00;0.366;;
654611;unknown;control;2024-01-17 19:15:00+00:00;0.352;;
654611;unknown;control;2024-01-17 19:30:00+00:00;0.38;;
654611;unknown;control;2024-01-17 19:45:00+00:00;0.363;;
654611;unknown;control;2024-01-17 20:00:00+00:00;0.401;;
654611;unknown;control;2024-01-17 20:15:00+00:00;0.318;;
654611;unknown;control;2024-01-17 20:30:00+00:00;0.346;;
654611;unknown;control;2024-01-17 20:45:00+00:00;0.289;;
654611;unknown;control;2024-01-17 21:00:00+00:00;0.365;;
654611;unknown;control;2024-01-17 21:15:00+00:00;0.281;;
654611;unknown;control;2024-01-17 21:30:00+00:00;0.259;;
654611;unknown;control;2024-01-17 21:45:00+00:00;0.364;;
654611;unknown;control;2024-01-17 22:00:00+00:00;0.073;;
654611;unknown;control;2024-01-17 22:15:00+00:00;0.057;;
654611;unknown;control;2024-01-17 22:30:00+00:00;0.07;;
654611;unknown;control;2024-01-17 22:45:00+00:00;0.061;;
654611;unknown;control;2024-01-17 23:00:00+00:00;0.048;;
654611;unknown;control;2024-01-17 23:15:00+00:00;0.052;;
654611;unknown;control;2024-01-17 23:30:00+00:00;0.056;;
654611;unknown;control;2024-01-17 23:45:00+00:00;0.053;;
654611;unknown;control;2024-01-18 00:00:00+00:00;0.057;;
654611;unknown;control;2024-01-18 00:15:00+00:00;0.058;;
654611;unknown;control;2024-01-18 00:30:00+00:00;0.052;;
654611;unknown;control;2024-01-18 00:45:00+00:00;0.057;;
654611;unknown;control;2024-01-18 01:00:00+00:00;0.055;;
654611;unknown;control;2024-01-18 01:15:00+00:00;0.062;;
654611;unknown;control;2024-01-18 01:30:00+00:00;0.062;;
654611;unknown;control;2024-01-18 01:45:00+00:00;0.053;;
654611;unknown;control;2024-01-18 02:00:00+00:00;0.064;;
654611;unknown;control;2024-01-18 02:15:00+00:00;0.062;;
654611;unknown;control;2024-01-18 02:30:00+00:00;0.061;;
654611;unknown;control;2024-01-18 02:45:00+00:00;0.064;;
654611;unknown;control;2024-01-18 03:00:00+00:00;0.055;;
654611;unknown;control;2024-01-18 03:15:00+00:00;0.056;;
654611;unknown;control;2024-01-18 03:30:00+00:00;0.054;;
654611;unknown;control;2024-01-18 03:45:00+00:00;0.046;;
654611;unknown;control;2024-01-18 04:00:00+00:00;0.051;;
654611;unknown;control;2024-01-18 04:15:00+00:00;0.054;;
654611;unknown;control;2024-01-18 04:30:00+00:00;0.165;;
654611;unknown;control;2024-01-18 04:45:00+00:00;0.38;;
654611;unknown;control;2024-01-18 05:00:00+00:00;0.146;;
654611;unknown;control;2024-01-18 05:15:00+00:00;0.093;;
654611;unknown;control;2024-01-18 05:30:00+00:00;0.118;;
654611;unknown;control;2024-01-18 05:45:00+00:00;0.077;;
654611;unknown;control;2024-01-18 06:00:00+00:00;0.059;;
654611;unknown;control;2024-01-18 06:15:00+00:00;0.068;;
654611;unknown;control;2024-01-18 06:30:00+00:00;0.065;;
654611;unknown;control;2024-01-18 06:45:00+00:00;0.063;;
654611;unknown;control;2024-01-18 07:00:00+00:00;0.06;;
654611;unknown;control;2024-01-18 07:15:00+00:00;0.065;;
654611;unknown;control;2024-01-18 07:30:00+00:00;0.071;;
654611;unknown;control;2024-01-18 07:45:00+00:00;0.099;;
654611;unknown;control;2024-01-18 08:00:00+00:00;0.034;;
654611;unknown;control;2024-01-18 08:15:00+00:00;0.004;;
654611;unknown;control;2024-01-18 08:30:00+00:00;0.019;;
654611;unknown;control;2024-01-18 08:45:00+00:00;0.008;;
654611;unknown;control;2024-01-18 09:00:00+00:00;0.347;;
654611;unknown;control;2024-01-18 09:15:00+00:00;0.209;;
654611;unknown;control;2024-01-18 09:30:00+00:00;0.195;;
654611;unknown;control;2024-01-18 09:45:00+00:00;0.158;;
654611;unknown;control;2024-01-18 10:00:00+00:00;0.012;;
654611;unknown;control;2024-01-18 10:15:00+00:00;0.001;;
654611;unknown;control;2024-01-18 10:30:00+00:00;0.0;;
654611;unknown;control;2024-01-18 10:45:00+00:00;0.0;;
654611;unknown;control;2024-01-18 11:00:00+00:00;0.137;;
654611;unknown;control;2024-01-18 11:15:00+00:00;0.137;;
654611;unknown;control;2024-01-18 11:30:00+00:00;0.141;;
654611;unknown;control;2024-01-18 11:45:00+00:00;0.167;;
654611;unknown;control;2024-01-18 12:00:00+00:00;0.228;;
654611;unknown;control;2024-01-18 12:15:00+00:00;0.26;;
654611;unknown;control;2024-01-18 12:30:00+00:00;0.162;;
654611;unknown;control;2024-01-18 12:45:00+00:00;0.139;;
654611;unknown;control;2024-01-18 13:00:00+00:00;0.173;;
654611;unknown;control;2024-01-18 13:15:00+00:00;0.182;;
654611;unknown;control;2024-01-18 13:30:00+00:00;0.268;;
654611;unknown;control;2024-01-18 13:45:00+00:00;0.259;;
654611;unknown;control;2024-01-18 14:00:00+00:00;0.457;;
654611;unknown;control;2024-01-18 14:15:00+00:00;0.427;;
654611;unknown;control;2024-01-18 14:30:00+00:00;0.409;;
654611;unknown;control;2024-01-18 14:45:00+00:00;0.355;;
654611;unknown;control;2024-01-18 15:00:00+00:00;0.488;;
654611;unknown;control;2024-01-18 15:15:00+00:00;0.459;;
654611;unknown;control;2024-01-18 15:30:00+00:00;0.284;;
654611;unknown;control;2024-01-18 15:45:00+00:00;0.551;;
654611;unknown;control;2024-01-18 16:00:00+00:00;0.496;;
654611;unknown;control;2024-01-18 16:15:00+00:00;0.407;;
654611;unknown;control;2024-01-18 16:30:00+00:00;0.467;;
654611;unknown;control;2024-01-18 16:45:00+00:00;0.457;;
654611;unknown;control;2024-01-18 17:00:00+00:00;0.438;;
654611;unknown;control;2024-01-18 17:15:00+00:00;0.443;;
654611;unknown;control;2024-01-18 17:30:00+00:00;0.463;;
654611;unknown;control;2024-01-18 17:45:00+00:00;0.592;;
654611;unknown;control;2024-01-18 18:00:00+00:00;0.693;;
654611;unknown;control;2024-01-18 18:15:00+00:00;0.999;;
654611;unknown;control;2024-01-18 18:30:00+00:00;0.666;;
654611;unknown;control;2024-01-18 18:45:00+00:00;0.648;;
654611;unknown;control;2024-01-18 19:00:00+00:00;0.652;;
654611;unknown;control;2024-01-18 19:15:00+00:00;1.078;;
654611;unknown;control;2024-01-18 19:30:00+00:00;1.156;;
654611;unknown;control;2024-01-18 19:45:00+00:00;0.934;;
654611;unknown;control;2024-01-18 20:00:00+00:00;0.699;;
654611;unknown;control;2024-01-18 20:15:00+00:00;0.67;;
654611;unknown;control;2024-01-18 20:30:00+00:00;0.692;;
654611;unknown;control;2024-01-18 20:45:00+00:00;0.767;;
654611;unknown;control;2024-01-18 21:00:00+00:00;1.444;;
654611;unknown;control;2024-01-18 21:15:00+00:00;0.83;;
654611;unknown;control;2024-01-18 21:30:00+00:00;0.633;;
654611;unknown;control;2024-01-18 21:45:00+00:00;0.609;;
654611;unknown;control;2024-01-18 22:00:00+00:00;0.054;;
654611;unknown;control;2024-01-18 22:15:00+00:00;0.055;;
654611;unknown;control;2024-01-18 22:30:00+00:00;0.074;;
654611;unknown;control;2024-01-18 22:45:00+00:00;0.054;;
654611;unknown;control;2024-01-18 23:00:00+00:00;0.06;;
654611;unknown;control;2024-01-18 23:15:00+00:00;0.057;;
654611;unknown;control;2024-01-18 23:30:00+00:00;0.05;;
654611;unknown;control;2024-01-18 23:45:00+00:00;0.053;;
654611;unknown;control;2024-01-19 00:00:00+00:00;0.064;;
654611;unknown;control;2024-01-19 00:15:00+00:00;0.059;;
654611;unknown;control;2024-01-19 00:30:00+00:00;0.059;;
654611;unknown;control;2024-01-19 00:45:00+00:00;0.057;;
654611;unknown;control;2024-01-19 01:00:00+00:00;0.048;;
654611;unknown;control;2024-01-19 01:15:00+00:00;0.052;;
654611;unknown;control;2024-01-19 01:30:00+00:00;0.058;;
654611;unknown;control;2024-01-19 01:45:00+00:00;0.054;;
654611;unknown;control;2024-01-19 02:00:00+00:00;0.066;;
654611;unknown;control;2024-01-19 02:15:00+00:00;0.066;;
654611;unknown;control;2024-01-19 02:30:00+00:00;0.056;;
654611;unknown;control;2024-01-19 02:45:00+00:00;0.071;;
654611;unknown;control;2024-01-19 03:00:00+00:00;0.051;;
654611;unknown;control;2024-01-19 03:15:00+00:00;0.047;;
654611;unknown;control;2024-01-19 03:30:00+00:00;0.052;;
654611;unknown;control;2024-01-19 03:45:00+00:00;0.049;;
654611;unknown;control;2024-01-19 04:00:00+00:00;0.049;;
654611;unknown;control;2024-01-19 04:15:00+00:00;0.058;;
654611;unknown;control;2024-01-19 04:30:00+00:00;0.165;;
654611;unknown;control;2024-01-19 04:45:00+00:00;0.374;;
654611;unknown;control;2024-01-19 05:00:00+00:00;0.172;;
654611;unknown;control;2024-01-19 05:15:00+00:00;0.089;;
654611;unknown;control;2024-01-19 05:30:00+00:00;0.081;;
654611;unknown;control;2024-01-19 05:45:00+00:00;0.061;;
654611;unknown;control;2024-01-19 06:00:00+00:00;0.052;;
654611;unknown;control;2024-01-19 06:15:00+00:00;0.058;;
654611;unknown;control;2024-01-19 06:30:00+00:00;0.062;;
654611;unknown;control;2024-01-19 06:45:00+00:00;0.051;;
654611;unknown;control;2024-01-19 07:00:00+00:00;0.061;;
654611;unknown;control;2024-01-19 07:15:00+00:00;0.06;;
654611;unknown;control;2024-01-19 07:30:00+00:00;0.054;;
654611;unknown;control;2024-01-19 07:45:00+00:00;0.058;;
654611;unknown;control;2024-01-19 08:00:00+00:00;0.058;;
654611;unknown;control;2024-01-19 08:15:00+00:00;0.054;;
654611;unknown;control;2024-01-19 08:30:00+00:00;0.061;;
654611;unknown;control;2024-01-19 08:45:00+00:00;0.066;;
654611;unknown;control;2024-01-19 09:00:00+00:00;0.775;;
654611;unknown;control;2024-01-19 09:15:00+00:00;1.363;;
654611;unknown;control;2024-01-19 09:30:00+00:00;0.993;;
654611;unknown;control;2024-01-19 09:45:00+00:00;1.079;;
654611;unknown;control;2024-01-19 10:00:00+00:00;0.075;;
654611;unknown;control;2024-01-19 10:15:00+00:00;0.032;;
654611;unknown;control;2024-01-19 10:30:00+00:00;0.017;;
654611;unknown;control;2024-01-19 10:45:00+00:00;0.01;;
654611;unknown;control;2024-01-19 11:00:00+00:00;0.343;;
654611;unknown;control;2024-01-19 11:15:00+00:00;0.576;;
654611;unknown;control;2024-01-19 11:30:00+00:00;0.408;;
654611;unknown;control;2024-01-19 11:45:00+00:00;0.199;;
654611;unknown;control;2024-01-19 12:00:00+00:00;0.557;;
654611;unknown;control;2024-01-19 12:15:00+00:00;0.535;;
654611;unknown;control;2024-01-19 12:30:00+00:00;0.531;;
654611;unknown;control;2024-01-19 12:45:00+00:00;0.077;;
654611;unknown;control;2024-01-19 13:00:00+00:00;0.0;;
654611;unknown;control;2024-01-19 13:15:00+00:00;0.0;;
654611;unknown;control;2024-01-19 13:30:00+00:00;0.093;;
654611;unknown;control;2024-01-19 13:45:00+00:00;0.104;;
654611;unknown;control;2024-01-19 14:00:00+00:00;0.467;;
654611;unknown;control;2024-01-19 14:15:00+00:00;0.034;;
654611;unknown;control;2024-01-19 14:30:00+00:00;0.111;;
654611;unknown;control;2024-01-19 14:45:00+00:00;0.48;;
654611;unknown;control;2024-01-19 15:00:00+00:00;0.711;;
654611;unknown;control;2024-01-19 15:15:00+00:00;0.742;;
654611;unknown;control;2024-01-19 15:30:00+00:00;0.167;;
654611;unknown;control;2024-01-19 15:45:00+00:00;0.099;;
654611;unknown;control;2024-01-19 16:00:00+00:00;0.09;;
654611;unknown;control;2024-01-19 16:15:00+00:00;0.065;;
654611;unknown;control;2024-01-19 16:30:00+00:00;0.078;;
654611;unknown;control;2024-01-19 16:45:00+00:00;0.075;;
654611;unknown;control;2024-01-19 17:00:00+00:00;0.058;;
654611;unknown;control;2024-01-19 17:15:00+00:00;0.071;;
654611;unknown;control;2024-01-19 17:30:00+00:00;0.07;;
654611;unknown;control;2024-01-19 17:45:00+00:00;0.056;;
654611;unknown;control;2024-01-19 18:00:00+00:00;0.07;;
654611;unknown;control;2024-01-19 18:15:00+00:00;0.076;;
654611;unknown;control;2024-01-19 18:30:00+00:00;0.073;;
654611;unknown;control;2024-01-19 18:45:00+00:00;0.091;;
654611;unknown;control;2024-01-19 19:00:00+00:00;0.125;;
654611;unknown;control;2024-01-19 19:15:00+00:00;0.079;;
654611;unknown;control;2024-01-19 19:30:00+00:00;0.076;;
654611;unknown;control;2024-01-19 19:45:00+00:00;0.061;;
654611;unknown;control;2024-01-19 20:00:00+00:00;0.068;;
654611;unknown;control;2024-01-19 20:15:00+00:00;0.075;;
654611;unknown;control;2024-01-19 20:30:00+00:00;0.053;;
654611;unknown;control;2024-01-19 20:45:00+00:00;0.052;;
654611;unknown;control;2024-01-19 21:00:00+00:00;0.06;;
654611;unknown;control;2024-01-19 21:15:00+00:00;0.056;;
654611;unknown;control;2024-01-19 21:30:00+00:00;0.056;;
654611;unknown;control;2024-01-19 21:45:00+00:00;0.063;;
654611;unknown;control;2024-01-19 22:00:00+00:00;0.044;;
654611;unknown;control;2024-01-19 22:15:00+00:00;0.046;;
654611;unknown;control;2024-01-19 22:30:00+00:00;0.055;;
654611;unknown;control;2024-01-19 22:45:00+00:00;0.043;;
654611;unknown;control;2024-01-19 23:00:00+00:00;0.052;;
654611;unknown;control;2024-01-19 23:15:00+00:00;0.057;;
654611;unknown;control;2024-01-19 23:30:00+00:00;0.046;;
654611;unknown;control;2024-01-19 23:45:00+00:00;0.056;;
654611;unknown;control;2024-01-20 00:00:00+00:00;0.057;;
654611;unknown;control;2024-01-20 00:15:00+00:00;0.055;;
654611;unknown;control;2024-01-20 00:30:00+00:00;0.051;;
654611;unknown;control;2024-01-20 00:45:00+00:00;0.052;;
654611;unknown;control;2024-01-20 01:00:00+00:00;0.056;;
654611;unknown;control;2024-01-20 01:15:00+00:00;0.057;;
654611;unknown;control;2024-01-20 01:30:00+00:00;0.048;;
654611;unknown;control;2024-01-20 01:45:00+00:00;0.052;;
654611;unknown;control;2024-01-20 02:00:00+00:00;0.058;;
654611;unknown;control;2024-01-20 02:15:00+00:00;0.046;;
654611;unknown;control;2024-01-20 02:30:00+00:00;0.069;;
654611;unknown;control;2024-01-20 02:45:00+00:00;0.082;;
654611;unknown;control;2024-01-20 03:00:00+00:00;0.055;;
654611;unknown;control;2024-01-20 03:15:00+00:00;0.061;;
654611;unknown;control;2024-01-20 03:30:00+00:00;0.066;;
654611;unknown;control;2024-01-20 03:45:00+00:00;0.061;;
654611;unknown;control;2024-01-20 04:00:00+00:00;0.073;;
654611;unknown;control;2024-01-20 04:15:00+00:00;0.121;;
654611;unknown;control;2024-01-20 04:30:00+00:00;0.066;;
654611;unknown;control;2024-01-20 04:45:00+00:00;0.062;;
654611;unknown;control;2024-01-20 05:00:00+00:00;0.07;;
654611;unknown;control;2024-01-20 05:15:00+00:00;0.07;;
654611;unknown;control;2024-01-20 05:30:00+00:00;0.064;;
654611;unknown;control;2024-01-20 05:45:00+00:00;0.058;;
654611;unknown;control;2024-01-20 06:00:00+00:00;0.065;;
654611;unknown;control;2024-01-20 06:15:00+00:00;0.085;;
654611;unknown;control;2024-01-20 06:30:00+00:00;0.068;;
654611;unknown;control;2024-01-20 06:45:00+00:00;0.068;;
654611;unknown;control;2024-01-20 07:00:00+00:00;0.078;;
654611;unknown;control;2024-01-20 07:15:00+00:00;0.053;;
654611;unknown;control;2024-01-20 07:30:00+00:00;0.025;;
654611;unknown;control;2024-01-20 07:45:00+00:00;0.007;;
654611;unknown;control;2024-01-20 08:00:00+00:00;0.0;;
654611;unknown;control;2024-01-20 08:15:00+00:00;0.0;;
654611;unknown;control;2024-01-20 08:30:00+00:00;0.0;;
654611;unknown;control;2024-01-20 08:45:00+00:00;0.0;;
654611;unknown;control;2024-01-20 09:00:00+00:00;0.522;;
654611;unknown;control;2024-01-20 09:15:00+00:00;1.057;;
654611;unknown;control;2024-01-20 09:30:00+00:00;0.634;;
654611;unknown;control;2024-01-20 09:45:00+00:00;0.187;;
654611;unknown;control;2024-01-20 10:00:00+00:00;0.051;;
654611;unknown;control;2024-01-20 10:15:00+00:00;0.0;;
654611;unknown;control;2024-01-20 10:30:00+00:00;0.0;;
654611;unknown;control;2024-01-20 10:45:00+00:00;0.0;;
654611;unknown;control;2024-01-20 11:00:00+00:00;0.0;;
654611;unknown;control;2024-01-20 11:15:00+00:00;0.045;;
654611;unknown;control;2024-01-20 11:30:00+00:00;0.0;;
654611;unknown;control;2024-01-20 11:45:00+00:00;0.0;;
654611;unknown;control;2024-01-20 12:00:00+00:00;0.0;;
654611;unknown;control;2024-01-20 12:15:00+00:00;0.0;;
654611;unknown;control;2024-01-20 12:30:00+00:00;0.0;;
654611;unknown;control;2024-01-20 12:45:00+00:00;0.0;;
654611;unknown;control;2024-01-20 13:00:00+00:00;0.0;;
654611;unknown;control;2024-01-20 13:15:00+00:00;0.0;;
654611;unknown;control;2024-01-20 13:30:00+00:00;0.0;;
654611;unknown;control;2024-01-20 13:45:00+00:00;0.0;;
654611;unknown;control;2024-01-20 14:00:00+00:00;0.0;;
654611;unknown;control;2024-01-20 14:15:00+00:00;0.245;;
654611;unknown;control;2024-01-20 14:30:00+00:00;0.186;;
654611;unknown;control;2024-01-20 14:45:00+00:00;0.409;;
654611;unknown;control;2024-01-20 15:00:00+00:00;0.549;;
654611;unknown;control;2024-01-20 15:15:00+00:00;0.575;;
654611;unknown;control;2024-01-20 15:30:00+00:00;0.836;;
654611;unknown;control;2024-01-20 15:45:00+00:00;0.658;;
654611;unknown;control;2024-01-20 16:00:00+00:00;0.624;;
654611;unknown;control;2024-01-20 16:15:00+00:00;0.6;;
654611;unknown;control;2024-01-20 16:30:00+00:00;0.6;;
654611;unknown;control;2024-01-20 16:45:00+00:00;0.603;;
654611;unknown;control;2024-01-20 17:00:00+00:00;0.595;;
654611;unknown;control;2024-01-20 17:15:00+00:00;0.605;;
654611;unknown;control;2024-01-20 17:30:00+00:00;0.822;;
654611;unknown;control;2024-01-20 17:45:00+00:00;0.766;;
654611;unknown;control;2024-01-20 18:00:00+00:00;0.644;;
654611;unknown;control;2024-01-20 18:15:00+00:00;0.592;;
654611;unknown;control;2024-01-20 18:30:00+00:00;0.552;;
654611;unknown;control;2024-01-20 18:45:00+00:00;0.598;;
654611;unknown;control;2024-01-20 19:00:00+00:00;0.657;;
654611;unknown;control;2024-01-20 19:15:00+00:00;0.648;;
654611;unknown;control;2024-01-20 19:30:00+00:00;0.892;;
654611;unknown;control;2024-01-20 19:45:00+00:00;0.987;;
654611;unknown;control;2024-01-20 20:00:00+00:00;0.793;;
654611;unknown;control;2024-01-20 20:15:00+00:00;0.759;;
654611;unknown;control;2024-01-20 20:30:00+00:00;0.749;;
654611;unknown;control;2024-01-20 20:45:00+00:00;0.727;;
654611;unknown;control;2024-01-20 21:00:00+00:00;0.765;;
654611;unknown;control;2024-01-20 21:15:00+00:00;0.785;;
654611;unknown;control;2024-01-20 21:30:00+00:00;0.732;;
654611;unknown;control;2024-01-20 21:45:00+00:00;1.141;;
654611;unknown;control;2024-01-20 22:00:00+00:00;0.058;;
654611;unknown;control;2024-01-20 22:15:00+00:00;0.048;;
654611;unknown;control;2024-01-20 22:30:00+00:00;0.055;;
654611;unknown;control;2024-01-20 22:45:00+00:00;0.048;;
654611;unknown;control;2024-01-20 23:00:00+00:00;0.064;;
654611;unknown;control;2024-01-20 23:15:00+00:00;0.071;;
654611;unknown;control;2024-01-20 23:30:00+00:00;0.053;;
654611;unknown;control;2024-01-20 23:45:00+00:00;0.067;;
654611;unknown;control;2024-01-21 00:00:00+00:00;0.064;;
654611;unknown;control;2024-01-21 00:15:00+00:00;0.067;;
654611;unknown;control;2024-01-21 00:30:00+00:00;0.067;;
654611;unknown;control;2024-01-21 00:45:00+00:00;0.064;;
654611;unknown;control;2024-01-21 01:00:00+00:00;0.055;;
654611;unknown;control;2024-01-21 01:15:00+00:00;0.062;;
654611;unknown;control;2024-01-21 01:30:00+00:00;0.063;;
654611;unknown;control;2024-01-21 01:45:00+00:00;0.069;;
654611;unknown;control;2024-01-21 02:00:00+00:00;0.064;;
654611;unknown;control;2024-01-21 02:15:00+00:00;0.061;;
654611;unknown;control;2024-01-21 02:30:00+00:00;0.061;;
654611;unknown;control;2024-01-21 02:45:00+00:00;0.066;;
654611;unknown;control;2024-01-21 03:00:00+00:00;0.053;;
654611;unknown;control;2024-01-21 03:15:00+00:00;0.061;;
654611;unknown;control;2024-01-21 03:30:00+00:00;0.069;;
654611;unknown;control;2024-01-21 03:45:00+00:00;0.053;;
654611;unknown;control;2024-01-21 04:00:00+00:00;0.063;;
654611;unknown;control;2024-01-21 04:15:00+00:00;0.067;;
654611;unknown;control;2024-01-21 04:30:00+00:00;0.063;;
654611;unknown;control;2024-01-21 04:45:00+00:00;0.065;;
654611;unknown;control;2024-01-21 05:00:00+00:00;0.071;;
654611;unknown;control;2024-01-21 05:15:00+00:00;0.075;;
654611;unknown;control;2024-01-21 05:30:00+00:00;0.077;;
654611;unknown;control;2024-01-21 05:45:00+00:00;0.064;;
654611;unknown;control;2024-01-21 06:00:00+00:00;0.066;;
654611;unknown;control;2024-01-21 06:15:00+00:00;0.066;;
654611;unknown;control;2024-01-21 06:30:00+00:00;0.063;;
654611;unknown;control;2024-01-21 06:45:00+00:00;0.073;;
654611;unknown;control;2024-01-21 07:00:00+00:00;0.08;;
654611;unknown;control;2024-01-21 07:15:00+00:00;0.022;;
654611;unknown;control;2024-01-21 07:30:00+00:00;0.0;;
654611;unknown;control;2024-01-21 07:45:00+00:00;0.0;;
654611;unknown;control;2024-01-21 08:00:00+00:00;0.0;;
654611;unknown;control;2024-01-21 08:15:00+00:00;0.0;;
654611;unknown;control;2024-01-21 08:30:00+00:00;0.0;;
654611;unknown;control;2024-01-21 08:45:00+00:00;0.0;;
654611;unknown;control;2024-01-21 09:00:00+00:00;0.54;;
654611;unknown;control;2024-01-21 09:15:00+00:00;0.738;;
654611;unknown;control;2024-01-21 09:30:00+00:00;0.333;;
654611;unknown;control;2024-01-21 09:45:00+00:00;0.329;;
654611;unknown;control;2024-01-21 10:00:00+00:00;0.288;;
654611;unknown;control;2024-01-21 10:15:00+00:00;0.258;;
654611;unknown;control;2024-01-21 10:30:00+00:00;0.24;;
654611;unknown;control;2024-01-21 10:45:00+00:00;0.245;;
654611;unknown;control;2024-01-21 11:00:00+00:00;0.374;;
654611;unknown;control;2024-01-21 11:15:00+00:00;0.008;;
654611;unknown;control;2024-01-21 11:30:00+00:00;0.001;;
654611;unknown;control;2024-01-21 11:45:00+00:00;0.035;;
654611;unknown;control;2024-01-21 12:00:00+00:00;0.022;;
654611;unknown;control;2024-01-21 12:15:00+00:00;0.247;;
654611;unknown;control;2024-01-21 12:30:00+00:00;0.031;;
654611;unknown;control;2024-01-21 12:45:00+00:00;0.001;;
654611;unknown;control;2024-01-21 13:00:00+00:00;0.0;;
654611;unknown;control;2024-01-21 13:15:00+00:00;0.0;;
654611;unknown;control;2024-01-21 13:30:00+00:00;0.0;;
654611;unknown;control;2024-01-21 13:45:00+00:00;0.0;;
654611;unknown;control;2024-01-21 14:00:00+00:00;0.0;;
654611;unknown;control;2024-01-21 14:15:00+00:00;0.161;;
654611;unknown;control;2024-01-21 14:30:00+00:00;0.273;;
654611;unknown;control;2024-01-21 14:45:00+00:00;0.379;;
654611;unknown;control;2024-01-21 15:00:00+00:00;0.59;;
654611;unknown;control;2024-01-21 15:15:00+00:00;0.439;;
654611;unknown;control;2024-01-21 15:30:00+00:00;0.61;;
654611;unknown;control;2024-01-21 15:45:00+00:00;0.593;;
654611;unknown;control;2024-01-21 16:00:00+00:00;0.55;;
654611;unknown;control;2024-01-21 16:15:00+00:00;0.554;;
654611;unknown;control;2024-01-21 16:30:00+00:00;0.574;;
654611;unknown;control;2024-01-21 16:45:00+00:00;1.214;;
654611;unknown;control;2024-01-21 17:00:00+00:00;1.137;;
654611;unknown;control;2024-01-21 17:15:00+00:00;1.024;;
654611;unknown;control;2024-01-21 17:30:00+00:00;0.86;;
654611;unknown;control;2024-01-21 17:45:00+00:00;0.628;;
654611;unknown;control;2024-01-21 18:00:00+00:00;0.623;;
654611;unknown;control;2024-01-21 18:15:00+00:00;0.709;;
654611;unknown;control;2024-01-21 18:30:00+00:00;0.629;;
654611;unknown;control;2024-01-21 18:45:00+00:00;0.621;;
654611;unknown;control;2024-01-21 19:00:00+00:00;0.81;;
654611;unknown;control;2024-01-21 19:15:00+00:00;0.804;;
654611;unknown;control;2024-01-21 19:30:00+00:00;1.145;;
654611;unknown;control;2024-01-21 19:45:00+00:00;0.853;;
654611;unknown;control;2024-01-21 20:00:00+00:00;0.856;;
654611;unknown;control;2024-01-21 20:15:00+00:00;0.85;;
654611;unknown;control;2024-01-21 20:30:00+00:00;0.852;;
654611;unknown;control;2024-01-21 20:45:00+00:00;0.834;;
654611;unknown;control;2024-01-21 21:00:00+00:00;0.899;;
654611;unknown;control;2024-01-21 21:15:00+00:00;0.926;;
654611;unknown;control;2024-01-21 21:30:00+00:00;0.714;;
654611;unknown;control;2024-01-21 21:45:00+00:00;0.665;;
654611;unknown;control;2024-01-21 22:00:00+00:00;0.127;;
654611;unknown;control;2024-01-21 22:15:00+00:00;0.129;;
654611;unknown;control;2024-01-21 22:30:00+00:00;0.124;;
654611;unknown;control;2024-01-21 22:45:00+00:00;0.116;;
654611;unknown;control;2024-01-21 23:00:00+00:00;0.123;;
654611;unknown;control;2024-01-21 23:15:00+00:00;0.114;;
654611;unknown;control;2024-01-21 23:30:00+00:00;0.123;;
654611;unknown;control;2024-01-21 23:45:00+00:00;0.109;;
654611;unknown;control;2024-01-22 00:00:00+00:00;0.128;;
654611;unknown;control;2024-01-22 00:15:00+00:00;0.062;;
654611;unknown;control;2024-01-22 00:30:00+00:00;0.069;;
654611;unknown;control;2024-01-22 00:45:00+00:00;0.061;;
654611;unknown;control;2024-01-22 01:00:00+00:00;0.053;;
654611;unknown;control;2024-01-22 01:15:00+00:00;0.065;;
654611;unknown;control;2024-01-22 01:30:00+00:00;0.067;;
654611;unknown;control;2024-01-22 01:45:00+00:00;0.059;;
654611;unknown;control;2024-01-22 02:00:00+00:00;0.056;;
654611;unknown;control;2024-01-22 02:15:00+00:00;0.052;;
654611;unknown;control;2024-01-22 02:30:00+00:00;0.055;;
654611;unknown;control;2024-01-22 02:45:00+00:00;0.062;;
654611;unknown;control;2024-01-22 03:00:00+00:00;0.058;;
654611;unknown;control;2024-01-22 03:15:00+00:00;0.066;;
654611;unknown;control;2024-01-22 03:30:00+00:00;0.066;;
654611;unknown;control;2024-01-22 03:45:00+00:00;0.05;;
654611;unknown;control;2024-01-22 04:00:00+00:00;0.059;;
654611;unknown;control;2024-01-22 04:15:00+00:00;0.061;;
654611;unknown;control;2024-01-22 04:30:00+00:00;0.17;;
654611;unknown;control;2024-01-22 04:45:00+00:00;0.386;;
654611;unknown;control;2024-01-22 05:00:00+00:00;0.391;;
654611;unknown;control;2024-01-22 05:15:00+00:00;0.124;;
654611;unknown;control;2024-01-22 05:30:00+00:00;0.117;;
654611;unknown;control;2024-01-22 05:45:00+00:00;0.111;;
654611;unknown;control;2024-01-22 06:00:00+00:00;0.226;;
654611;unknown;control;2024-01-22 06:15:00+00:00;0.122;;
654611;unknown;control;2024-01-22 06:30:00+00:00;0.115;;
654611;unknown;control;2024-01-22 06:45:00+00:00;0.109;;
654611;unknown;control;2024-01-22 07:00:00+00:00;0.128;;
654611;unknown;control;2024-01-22 07:15:00+00:00;0.117;;
654611;unknown;control;2024-01-22 07:30:00+00:00;0.104;;
654611;unknown;control;2024-01-22 07:45:00+00:00;0.093;;
654611;unknown;control;2024-01-22 08:00:00+00:00;0.08;;
654611;unknown;control;2024-01-22 08:15:00+00:00;0.059;;
654611;unknown;control;2024-01-22 08:30:00+00:00;0.193;;
654611;unknown;control;2024-01-22 08:45:00+00:00;0.093;;
654611;unknown;control;2024-01-22 09:00:00+00:00;0.484;;
654611;unknown;control;2024-01-22 09:15:00+00:00;0.57;;
654611;unknown;control;2024-01-22 09:30:00+00:00;0.374;;
654611;unknown;control;2024-01-22 09:45:00+00:00;0.177;;
654611;unknown;control;2024-01-22 10:00:00+00:00;0.002;;
654611;unknown;control;2024-01-22 10:15:00+00:00;0.0;;
654611;unknown;control;2024-01-22 10:30:00+00:00;0.009;;
654611;unknown;control;2024-01-22 10:45:00+00:00;0.063;;
654611;unknown;control;2024-01-22 11:00:00+00:00;0.169;;
654611;unknown;control;2024-01-22 11:15:00+00:00;0.215;;
654611;unknown;control;2024-01-22 11:30:00+00:00;0.29;;
654611;unknown;control;2024-01-22 11:45:00+00:00;0.345;;
654611;unknown;control;2024-01-22 12:00:00+00:00;0.188;;
654611;unknown;control;2024-01-22 12:15:00+00:00;0.167;;
654611;unknown;control;2024-01-22 12:30:00+00:00;0.211;;
654611;unknown;control;2024-01-22 12:45:00+00:00;0.464;;
654611;unknown;control;2024-01-22 13:00:00+00:00;0.241;;
654611;unknown;control;2024-01-22 13:15:00+00:00;0.274;;
654611;unknown;control;2024-01-22 13:30:00+00:00;0.392;;
654611;unknown;control;2024-01-22 13:45:00+00:00;0.277;;
654611;unknown;control;2024-01-22 14:00:00+00:00;0.492;;
654611;unknown;control;2024-01-22 14:15:00+00:00;0.47;;
654611;unknown;control;2024-01-22 14:30:00+00:00;0.519;;
654611;unknown;control;2024-01-22 14:45:00+00:00;0.541;;
654611;unknown;control;2024-01-22 15:00:00+00:00;0.292;;
654611;unknown;control;2024-01-22 15:15:00+00:00;0.53;;
654611;unknown;control;2024-01-22 15:30:00+00:00;0.421;;
654611;unknown;control;2024-01-22 15:45:00+00:00;0.466;;
654611;unknown;control;2024-01-22 16:00:00+00:00;0.322;;
654611;unknown;control;2024-01-22 16:15:00+00:00;0.4;;
654611;unknown;control;2024-01-22 16:30:00+00:00;0.394;;
654611;unknown;control;2024-01-22 16:45:00+00:00;0.272;;
654611;unknown;control;2024-01-22 17:00:00+00:00;0.382;;
654611;unknown;control;2024-01-22 17:15:00+00:00;0.261;;
654611;unknown;control;2024-01-22 17:30:00+00:00;0.252;;
654611;unknown;control;2024-01-22 17:45:00+00:00;0.26;;
654611;unknown;control;2024-01-22 18:00:00+00:00;0.39;;
654611;unknown;control;2024-01-22 18:15:00+00:00;0.336;;
654611;unknown;control;2024-01-22 18:30:00+00:00;0.265;;
654611;unknown;control;2024-01-22 18:45:00+00:00;0.293;;
654611;unknown;control;2024-01-22 19:00:00+00:00;0.42;;
654611;unknown;control;2024-01-22 19:15:00+00:00;0.398;;
654611;unknown;control;2024-01-22 19:30:00+00:00;0.461;;
654611;unknown;control;2024-01-22 19:45:00+00:00;0.412;;
654611;unknown;control;2024-01-22 20:00:00+00:00;0.415;;
654611;unknown;control;2024-01-22 20:15:00+00:00;0.455;;
654611;unknown;control;2024-01-22 20:30:00+00:00;0.338;;
654611;unknown;control;2024-01-22 20:45:00+00:00;0.422;;
654611;unknown;control;2024-01-22 21:00:00+00:00;0.347;;
654611;unknown;control;2024-01-22 21:15:00+00:00;0.421;;
654611;unknown;control;2024-01-22 21:30:00+00:00;0.358;;
654611;unknown;control;2024-01-22 21:45:00+00:00;0.262;;
654611;unknown;control;2024-01-22 22:00:00+00:00;0.06;;
654611;unknown;control;2024-01-22 22:15:00+00:00;0.064;;
654611;unknown;control;2024-01-22 22:30:00+00:00;0.062;;
654611;unknown;control;2024-01-22 22:45:00+00:00;0.06;;
654611;unknown;control;2024-01-22 23:00:00+00:00;0.054;;
654611;unknown;control;2024-01-22 23:15:00+00:00;0.07;;
654611;unknown;control;2024-01-22 23:30:00+00:00;0.066;;
654611;unknown;control;2024-01-22 23:45:00+00:00;0.057;;
654611;unknown;control;2024-01-23 00:00:00+00:00;0.053;;
654611;unknown;control;2024-01-23 00:15:00+00:00;0.063;;
654611;unknown;control;2024-01-23 00:30:00+00:00;0.049;;
654611;unknown;control;2024-01-23 00:45:00+00:00;0.056;;
654611;unknown;control;2024-01-23 01:00:00+00:00;0.053;;
654611;unknown;control;2024-01-23 01:15:00+00:00;0.05;;
654611;unknown;control;2024-01-23 01:30:00+00:00;0.05;;
654611;unknown;control;2024-01-23 01:45:00+00:00;0.049;;
654611;unknown;control;2024-01-23 02:00:00+00:00;0.054;;
654611;unknown;control;2024-01-23 02:15:00+00:00;0.055;;
654611;unknown;control;2024-01-23 02:30:00+00:00;0.054;;
654611;unknown;control;2024-01-23 02:45:00+00:00;0.074;;
654611;unknown;control;2024-01-23 03:00:00+00:00;0.059;;
654611;unknown;control;2024-01-23 03:15:00+00:00;0.055;;
654611;unknown;control;2024-01-23 03:30:00+00:00;0.051;;
654611;unknown;control;2024-01-23 03:45:00+00:00;0.043;;
654611;unknown;control;2024-01-23 04:00:00+00:00;0.057;;
654611;unknown;control;2024-01-23 04:15:00+00:00;0.062;;
654611;unknown;control;2024-01-23 04:30:00+00:00;0.158;;
654611;unknown;control;2024-01-23 04:45:00+00:00;0.393;;
654611;unknown;control;2024-01-23 05:00:00+00:00;0.15;;
654611;unknown;control;2024-01-23 05:15:00+00:00;0.132;;
654611;unknown;control;2024-01-23 05:30:00+00:00;0.12;;
654611;unknown;control;2024-01-23 05:45:00+00:00;0.075;;
654611;unknown;control;2024-01-23 06:00:00+00:00;0.062;;
654611;unknown;control;2024-01-23 06:15:00+00:00;0.058;;
654611;unknown;control;2024-01-23 06:30:00+00:00;0.06;;
654611;unknown;control;2024-01-23 06:45:00+00:00;0.055;;
654611;unknown;control;2024-01-23 07:00:00+00:00;0.056;;
654611;unknown;control;2024-01-23 07:15:00+00:00;0.063;;
654611;unknown;control;2024-01-23 07:30:00+00:00;0.035;;
654611;unknown;control;2024-01-23 07:45:00+00:00;0.0;;
654611;unknown;control;2024-01-23 08:00:00+00:00;0.0;;
654611;unknown;control;2024-01-23 08:15:00+00:00;0.0;;
654611;unknown;control;2024-01-23 08:30:00+00:00;0.0;;
654611;unknown;control;2024-01-23 08:45:00+00:00;0.0;;
654611;unknown;control;2024-01-23 09:00:00+00:00;0.339;;
654611;unknown;control;2024-01-23 09:15:00+00:00;0.276;;
654611;unknown;control;2024-01-23 09:30:00+00:00;0.012;;
654611;unknown;control;2024-01-23 09:45:00+00:00;0.0;;
654611;unknown;control;2024-01-23 10:00:00+00:00;0.0;;
654611;unknown;control;2024-01-23 10:15:00+00:00;0.0;;
654611;unknown;control;2024-01-23 10:30:00+00:00;0.0;;
654611;unknown;control;2024-01-23 10:45:00+00:00;0.0;;
654611;unknown;control;2024-01-23 11:00:00+00:00;0.182;;
654611;unknown;control;2024-01-23 11:15:00+00:00;0.153;;
654611;unknown;control;2024-01-23 11:30:00+00:00;0.0;;
654611;unknown;control;2024-01-23 11:45:00+00:00;0.0;;
654611;unknown;control;2024-01-23 12:00:00+00:00;0.049;;
654611;unknown;control;2024-01-23 12:15:00+00:00;0.164;;
654611;unknown;control;2024-01-23 12:30:00+00:00;0.217;;
654611;unknown;control;2024-01-23 12:45:00+00:00;0.134;;
654611;unknown;control;2024-01-23 13:00:00+00:00;0.249;;
654611;unknown;control;2024-01-23 13:15:00+00:00;0.181;;
654611;unknown;control;2024-01-23 13:30:00+00:00;0.204;;
654611;unknown;control;2024-01-23 13:45:00+00:00;0.25;;
654611;unknown;control;2024-01-23 14:00:00+00:00;0.502;;
654611;unknown;control;2024-01-23 14:15:00+00:00;0.348;;
654611;unknown;control;2024-01-23 14:30:00+00:00;0.426;;
654611;unknown;control;2024-01-23 14:45:00+00:00;0.26;;
654611;unknown;control;2024-01-23 15:00:00+00:00;0.264;;
654611;unknown;control;2024-01-23 15:15:00+00:00;0.374;;
654611;unknown;control;2024-01-23 15:30:00+00:00;0.27;;
654611;unknown;control;2024-01-23 15:45:00+00:00;0.26;;
654611;unknown;control;2024-01-23 16:00:00+00:00;0.379;;
654611;unknown;control;2024-01-23 16:15:00+00:00;0.222;;
654611;unknown;control;2024-01-23 16:30:00+00:00;0.339;;
654611;unknown;control;2024-01-23 16:45:00+00:00;0.316;;
654611;unknown;control;2024-01-23 17:00:00+00:00;0.337;;
654611;unknown;control;2024-01-23 17:15:00+00:00;0.436;;
654611;unknown;control;2024-01-23 17:30:00+00:00;0.543;;
654611;unknown;control;2024-01-23 17:45:00+00:00;0.278;;
654611;unknown;control;2024-01-23 18:00:00+00:00;0.274;;
654611;unknown;control;2024-01-23 18:15:00+00:00;0.558;;
654611;unknown;control;2024-01-23 18:30:00+00:00;0.608;;
654611;unknown;control;2024-01-23 18:45:00+00:00;0.916;;
654611;unknown;control;2024-01-23 19:00:00+00:00;0.586;;
654611;unknown;control;2024-01-23 19:15:00+00:00;0.46;;
654611;unknown;control;2024-01-23 19:30:00+00:00;0.336;;
654611;unknown;control;2024-01-23 19:45:00+00:00;0.361;;
654611;unknown;control;2024-01-23 20:00:00+00:00;0.603;;
654611;unknown;control;2024-01-23 20:15:00+00:00;0.406;;
654611;unknown;control;2024-01-23 20:30:00+00:00;0.362;;
654611;unknown;control;2024-01-23 20:45:00+00:00;0.411;;
654611;unknown;control;2024-01-23 21:00:00+00:00;0.299;;
654611;unknown;control;2024-01-23 21:15:00+00:00;0.39;;
654611;unknown;control;2024-01-23 21:30:00+00:00;0.297;;
654611;unknown;control;2024-01-23 21:45:00+00:00;0.329;;
654611;unknown;control;2024-01-23 22:00:00+00:00;0.058;;
654611;unknown;control;2024-01-23 22:15:00+00:00;0.058;;
654611;unknown;control;2024-01-23 22:30:00+00:00;0.053;;
654611;unknown;control;2024-01-23 22:45:00+00:00;0.045;;
654611;unknown;control;2024-01-23 23:00:00+00:00;0.061;;
654611;unknown;control;2024-01-23 23:15:00+00:00;0.065;;
654611;unknown;control;2024-01-23 23:30:00+00:00;0.055;;
654611;unknown;control;2024-01-23 23:45:00+00:00;0.06;;
654611;unknown;control;2024-01-24 00:00:00+00:00;0.067;;
654611;unknown;control;2024-01-24 00:15:00+00:00;0.055;;
654611;unknown;control;2024-01-24 00:30:00+00:00;0.059;;
654611;unknown;control;2024-01-24 00:45:00+00:00;0.062;;
654611;unknown;control;2024-01-24 01:00:00+00:00;0.058;;
654611;unknown;control;2024-01-24 01:15:00+00:00;0.059;;
654611;unknown;control;2024-01-24 01:30:00+00:00;0.058;;
654611;unknown;control;2024-01-24 01:45:00+00:00;0.057;;
654611;unknown;control;2024-01-24 02:00:00+00:00;0.066;;
654611;unknown;control;2024-01-24 02:15:00+00:00;0.061;;
654611;unknown;control;2024-01-24 02:30:00+00:00;0.076;;
654611;unknown;control;2024-01-24 02:45:00+00:00;0.071;;
654611;unknown;control;2024-01-24 03:00:00+00:00;0.058;;
654611;unknown;control;2024-01-24 03:15:00+00:00;0.057;;
654611;unknown;control;2024-01-24 03:30:00+00:00;0.055;;
654611;unknown;control;2024-01-24 03:45:00+00:00;0.057;;
654611;unknown;control;2024-01-24 04:00:00+00:00;0.073;;
654611;unknown;control;2024-01-24 04:15:00+00:00;0.061;;
654611;unknown;control;2024-01-24 04:30:00+00:00;0.159;;
654611;unknown;control;2024-01-24 04:45:00+00:00;0.411;;
654611;unknown;control;2024-01-24 05:00:00+00:00;0.206;;
654611;unknown;control;2024-01-24 05:15:00+00:00;0.089;;
654611;unknown;control;2024-01-24 05:30:00+00:00;0.103;;
654611;unknown;control;2024-01-24 05:45:00+00:00;0.079;;
654611;unknown;control;2024-01-24 06:00:00+00:00;0.08;;
654611;unknown;control;2024-01-24 06:15:00+00:00;0.083;;
654611;unknown;control;2024-01-24 06:30:00+00:00;0.062;;
654611;unknown;control;2024-01-24 06:45:00+00:00;0.065;;
654611;unknown;control;2024-01-24 07:00:00+00:00;0.076;;
654611;unknown;control;2024-01-24 07:15:00+00:00;0.065;;
654611;unknown;control;2024-01-24 07:30:00+00:00;0.063;;
654611;unknown;control;2024-01-24 07:45:00+00:00;0.068;;
654611;unknown;control;2024-01-24 08:00:00+00:00;0.041;;
654611;unknown;control;2024-01-24 08:15:00+00:00;0.031;;
654611;unknown;control;2024-01-24 08:30:00+00:00;0.002;;
654611;unknown;control;2024-01-24 08:45:00+00:00;0.006;;
654611;unknown;control;2024-01-24 09:00:00+00:00;0.15;;
654611;unknown;control;2024-01-24 09:15:00+00:00;0.247;;
654611;unknown;control;2024-01-24 09:30:00+00:00;0.122;;
654611;unknown;control;2024-01-24 09:45:00+00:00;0.126;;
654611;unknown;control;2024-01-24 10:00:00+00:00;0.003;;
654611;unknown;control;2024-01-24 10:15:00+00:00;0.0;;
654611;unknown;control;2024-01-24 10:30:00+00:00;0.0;;
654611;unknown;control;2024-01-24 10:45:00+00:00;0.0;;
654611;unknown;control;2024-01-24 11:00:00+00:00;0.09;;
654611;unknown;control;2024-01-24 11:15:00+00:00;0.066;;
654611;unknown;control;2024-01-24 11:30:00+00:00;0.074;;
654611;unknown;control;2024-01-24 11:45:00+00:00;0.055;;
654611;unknown;control;2024-01-24 12:00:00+00:00;0.229;;
654611;unknown;control;2024-01-24 12:15:00+00:00;0.035;;
654611;unknown;control;2024-01-24 12:30:00+00:00;0.033;;
654611;unknown;control;2024-01-24 12:45:00+00:00;0.086;;
654611;unknown;control;2024-01-24 13:00:00+00:00;0.11;;
654611;unknown;control;2024-01-24 13:15:00+00:00;0.089;;
654611;unknown;control;2024-01-24 13:30:00+00:00;0.21;;
654611;unknown;control;2024-01-24 13:45:00+00:00;0.095;;
654611;unknown;control;2024-01-24 14:00:00+00:00;0.495;;
654611;unknown;control;2024-01-24 14:15:00+00:00;0.346;;
654611;unknown;control;2024-01-24 14:30:00+00:00;0.254;;
654611;unknown;control;2024-01-24 14:45:00+00:00;0.204;;
654611;unknown;control;2024-01-24 15:00:00+00:00;0.206;;
654611;unknown;control;2024-01-24 15:15:00+00:00;0.351;;
654611;unknown;control;2024-01-24 15:30:00+00:00;0.219;;
654611;unknown;control;2024-01-24 15:45:00+00:00;0.271;;
654611;unknown;control;2024-01-24 16:00:00+00:00;0.209;;
654611;unknown;control;2024-01-24 16:15:00+00:00;0.213;;
654611;unknown;control;2024-01-24 16:30:00+00:00;0.202;;
654611;unknown;control;2024-01-24 16:45:00+00:00;0.223;;
654611;unknown;control;2024-01-24 17:00:00+00:00;0.395;;
654611;unknown;control;2024-01-24 17:15:00+00:00;0.285;;
654611;unknown;control;2024-01-24 17:30:00+00:00;0.242;;
654611;unknown;control;2024-01-24 17:45:00+00:00;0.179;;
654611;unknown;control;2024-01-24 18:00:00+00:00;0.205;;
654611;unknown;control;2024-01-24 18:15:00+00:00;0.209;;
654611;unknown;control;2024-01-24 18:30:00+00:00;0.385;;
654611;unknown;control;2024-01-24 18:45:00+00:00;0.489;;
654611;unknown;control;2024-01-24 19:00:00+00:00;0.436;;
654611;unknown;control;2024-01-24 19:15:00+00:00;0.248;;
654611;unknown;control;2024-01-24 19:30:00+00:00;0.281;;
654611;unknown;control;2024-01-24 19:45:00+00:00;0.287;;
654611;unknown;control;2024-01-24 20:00:00+00:00;0.4;;
654611;unknown;control;2024-01-24 20:15:00+00:00;0.308;;
654611;unknown;control;2024-01-24 20:30:00+00:00;0.4;;
654611;unknown;control;2024-01-24 20:45:00+00:00;0.355;;
654611;unknown;control;2024-01-24 21:00:00+00:00;0.317;;
654611;unknown;control;2024-01-24 21:15:00+00:00;0.346;;
654611;unknown;control;2024-01-24 21:30:00+00:00;0.362;;
654611;unknown;control;2024-01-24 21:45:00+00:00;0.355;;
654611;unknown;control;2024-01-24 22:00:00+00:00;0.066;;
654611;unknown;control;2024-01-24 22:15:00+00:00;0.058;;
654611;unknown;control;2024-01-24 22:30:00+00:00;0.056;;
654611;unknown;control;2024-01-24 22:45:00+00:00;0.047;;
654611;unknown;control;2024-01-24 23:00:00+00:00;0.051;;
654611;unknown;control;2024-01-24 23:15:00+00:00;0.054;;
654611;unknown;control;2024-01-24 23:30:00+00:00;0.059;;
654611;unknown;control;2024-01-24 23:45:00+00:00;0.06;;
654611;unknown;control;2024-01-25 00:00:00+00:00;0.077;;
654611;unknown;control;2024-01-25 00:15:00+00:00;0.058;;
654611;unknown;control;2024-01-25 00:30:00+00:00;0.048;;
654611;unknown;control;2024-01-25 00:45:00+00:00;0.048;;
654611;unknown;control;2024-01-25 01:00:00+00:00;0.048;;
654611;unknown;control;2024-01-25 01:15:00+00:00;0.054;;
654611;unknown;control;2024-01-25 01:30:00+00:00;0.053;;
654611;unknown;control;2024-01-25 01:45:00+00:00;0.059;;
654611;unknown;control;2024-01-25 02:00:00+00:00;0.054;;
654611;unknown;control;2024-01-25 02:15:00+00:00;0.06;;
654611;unknown;control;2024-01-25 02:30:00+00:00;0.053;;
654611;unknown;control;2024-01-25 02:45:00+00:00;0.051;;
654611;unknown;control;2024-01-25 03:00:00+00:00;0.064;;
654611;unknown;control;2024-01-25 03:15:00+00:00;0.059;;
654611;unknown;control;2024-01-25 03:30:00+00:00;0.056;;
654611;unknown;control;2024-01-25 03:45:00+00:00;0.068;;
654611;unknown;control;2024-01-25 04:00:00+00:00;0.06;;
654611;unknown;control;2024-01-25 04:15:00+00:00;0.056;;
654611;unknown;control;2024-01-25 04:30:00+00:00;0.221;;
654611;unknown;control;2024-01-25 04:45:00+00:00;0.319;;
654611;unknown;control;2024-01-25 05:00:00+00:00;0.168;;
654611;unknown;control;2024-01-25 05:15:00+00:00;0.102;;
654611;unknown;control;2024-01-25 05:30:00+00:00;0.097;;
654611;unknown;control;2024-01-25 05:45:00+00:00;0.065;;
654611;unknown;control;2024-01-25 06:00:00+00:00;0.063;;
654611;unknown;control;2024-01-25 06:15:00+00:00;0.061;;
654611;unknown;control;2024-01-25 06:30:00+00:00;0.052;;
654611;unknown;control;2024-01-25 06:45:00+00:00;0.066;;
654611;unknown;control;2024-01-25 07:00:00+00:00;0.067;;
654611;unknown;control;2024-01-25 07:15:00+00:00;0.063;;
654611;unknown;control;2024-01-25 07:30:00+00:00;0.062;;
654611;unknown;control;2024-01-25 07:45:00+00:00;0.067;;
654611;unknown;control;2024-01-25 08:00:00+00:00;0.042;;
654611;unknown;control;2024-01-25 08:15:00+00:00;0.027;;
654611;unknown;control;2024-01-25 08:30:00+00:00;0.051;;
654611;unknown;control;2024-01-25 08:45:00+00:00;0.026;;
654611;unknown;control;2024-01-25 09:00:00+00:00;0.324;;
654611;unknown;control;2024-01-25 09:15:00+00:00;0.177;;
654611;unknown;control;2024-01-25 09:30:00+00:00;0.171;;
654611;unknown;control;2024-01-25 09:45:00+00:00;0.153;;
654611;unknown;control;2024-01-25 10:00:00+00:00;0.003;;
654611;unknown;control;2024-01-25 10:15:00+00:00;0.0;;
654611;unknown;control;2024-01-25 10:30:00+00:00;0.0;;
654611;unknown;control;2024-01-25 10:45:00+00:00;0.012;;
654611;unknown;control;2024-01-25 11:00:00+00:00;0.183;;
654611;unknown;control;2024-01-25 11:15:00+00:00;0.172;;
654611;unknown;control;2024-01-25 11:30:00+00:00;0.079;;
654611;unknown;control;2024-01-25 11:45:00+00:00;0.017;;
654611;unknown;control;2024-01-25 12:00:00+00:00;0.146;;
654611;unknown;control;2024-01-25 12:15:00+00:00;0.009;;
654611;unknown;control;2024-01-25 12:30:00+00:00;0.06;;
654611;unknown;control;2024-01-25 12:45:00+00:00;0.043;;
654611;unknown;control;2024-01-25 13:00:00+00:00;0.006;;
654611;unknown;control;2024-01-25 13:15:00+00:00;0.0;;
654611;unknown;control;2024-01-25 13:30:00+00:00;0.167;;
654611;unknown;control;2024-01-25 13:45:00+00:00;0.004;;
654611;unknown;control;2024-01-25 14:00:00+00:00;0.271;;
654611;unknown;control;2024-01-25 14:15:00+00:00;0.222;;
654611;unknown;control;2024-01-25 14:30:00+00:00;0.24;;
654611;unknown;control;2024-01-25 14:45:00+00:00;0.134;;
654611;unknown;control;2024-01-25 15:00:00+00:00;0.163;;
654611;unknown;control;2024-01-25 15:15:00+00:00;0.265;;
654611;unknown;control;2024-01-25 15:30:00+00:00;0.198;;
654611;unknown;control;2024-01-25 15:45:00+00:00;0.311;;
654611;unknown;control;2024-01-25 16:00:00+00:00;0.303;;
654611;unknown;control;2024-01-25 16:15:00+00:00;0.305;;
654611;unknown;control;2024-01-25 16:30:00+00:00;0.323;;
654611;unknown;control;2024-01-25 16:45:00+00:00;0.306;;
654611;unknown;control;2024-01-25 17:00:00+00:00;0.303;;
654611;unknown;control;2024-01-25 17:15:00+00:00;0.306;;
654611;unknown;control;2024-01-25 17:30:00+00:00;0.445;;
654611;unknown;control;2024-01-25 17:45:00+00:00;0.42;;
654611;unknown;control;2024-01-25 18:00:00+00:00;0.251;;
654611;unknown;control;2024-01-25 18:15:00+00:00;0.271;;
654611;unknown;control;2024-01-25 18:30:00+00:00;0.364;;
654611;unknown;control;2024-01-25 18:45:00+00:00;0.427;;
654611;unknown;control;2024-01-25 19:00:00+00:00;0.308;;
654611;unknown;control;2024-01-25 19:15:00+00:00;0.426;;
654611;unknown;control;2024-01-25 19:30:00+00:00;0.287;;
654611;unknown;control;2024-01-25 19:45:00+00:00;0.361;;
654611;unknown;control;2024-01-25 20:00:00+00:00;0.279;;
654611;unknown;control;2024-01-25 20:15:00+00:00;0.265;;
654611;unknown;control;2024-01-25 20:30:00+00:00;0.351;;
654611;unknown;control;2024-01-25 20:45:00+00:00;0.304;;
654611;unknown;control;2024-01-25 21:00:00+00:00;0.323;;
654611;unknown;control;2024-01-25 21:15:00+00:00;0.31;;
654611;unknown;control;2024-01-25 21:30:00+00:00;0.247;;
654611;unknown;control;2024-01-25 21:45:00+00:00;0.238;;
654611;unknown;control;2024-01-25 22:00:00+00:00;0.052;;
654611;unknown;control;2024-01-25 22:15:00+00:00;0.054;;
654611;unknown;control;2024-01-25 22:30:00+00:00;0.062;;
654611;unknown;control;2024-01-25 22:45:00+00:00;0.056;;
654611;unknown;control;2024-01-25 23:00:00+00:00;0.058;;
654611;unknown;control;2024-01-25 23:15:00+00:00;0.053;;
654611;unknown;control;2024-01-25 23:30:00+00:00;0.075;;
654611;unknown;control;2024-01-25 23:45:00+00:00;0.115;;
654611;unknown;control;2024-01-26 00:00:00+00:00;0.135;;
654611;unknown;control;2024-01-26 00:15:00+00:00;0.134;;
654611;unknown;control;2024-01-26 00:30:00+00:00;0.124;;
654611;unknown;control;2024-01-26 00:45:00+00:00;0.115;;
654611;unknown;control;2024-01-26 01:00:00+00:00;0.124;;
654611;unknown;control;2024-01-26 01:15:00+00:00;0.117;;
654611;unknown;control;2024-01-26 01:30:00+00:00;0.126;;
654611;unknown;control;2024-01-26 01:45:00+00:00;0.112;;
654611;unknown;control;2024-01-26 02:00:00+00:00;0.129;;
654611;unknown;control;2024-01-26 02:15:00+00:00;0.118;;
654611;unknown;control;2024-01-26 02:30:00+00:00;0.099;;
654611;unknown;control;2024-01-26 02:45:00+00:00;0.097;;
654611;unknown;control;2024-01-26 03:00:00+00:00;0.102;;
654611;unknown;control;2024-01-26 03:15:00+00:00;0.117;;
654611;unknown;control;2024-01-26 03:30:00+00:00;0.116;;
654611;unknown;control;2024-01-26 03:45:00+00:00;0.062;;
654611;unknown;control;2024-01-26 04:00:00+00:00;0.071;;
654611;unknown;control;2024-01-26 04:15:00+00:00;0.049;;
654611;unknown;control;2024-01-26 04:30:00+00:00;0.151;;
654611;unknown;control;2024-01-26 04:45:00+00:00;0.357;;
654611;unknown;control;2024-01-26 05:00:00+00:00;0.157;;
654611;unknown;control;2024-01-26 05:15:00+00:00;0.111;;
654611;unknown;control;2024-01-26 05:30:00+00:00;0.117;;
654611;unknown;control;2024-01-26 05:45:00+00:00;0.1;;
654611;unknown;control;2024-01-26 06:00:00+00:00;0.109;;
654611;unknown;control;2024-01-26 06:15:00+00:00;0.09;;
654611;unknown;control;2024-01-26 06:30:00+00:00;0.085;;
654611;unknown;control;2024-01-26 06:45:00+00:00;0.082;;
654611;unknown;control;2024-01-26 07:00:00+00:00;0.085;;
654611;unknown;control;2024-01-26 07:15:00+00:00;0.054;;
654611;unknown;control;2024-01-26 07:30:00+00:00;0.023;;
654611;unknown;control;2024-01-26 07:45:00+00:00;0.005;;
654611;unknown;control;2024-01-26 08:00:00+00:00;0.001;;
654611;unknown;control;2024-01-26 08:15:00+00:00;0.0;;
654611;unknown;control;2024-01-26 08:30:00+00:00;0.0;;
654611;unknown;control;2024-01-26 08:45:00+00:00;0.0;;
654611;unknown;control;2024-01-26 09:00:00+00:00;0.167;;
654611;unknown;control;2024-01-26 09:15:00+00:00;0.01;;
654611;unknown;control;2024-01-26 09:30:00+00:00;0.115;;
654611;unknown;control;2024-01-26 09:45:00+00:00;0.118;;
654611;unknown;control;2024-01-26 10:00:00+00:00;0.003;;
654611;unknown;control;2024-01-26 10:15:00+00:00;0.0;;
654611;unknown;control;2024-01-26 10:30:00+00:00;0.0;;
654611;unknown;control;2024-01-26 10:45:00+00:00;0.008;;
654611;unknown;control;2024-01-26 11:00:00+00:00;0.17;;
654611;unknown;control;2024-01-26 11:15:00+00:00;0.149;;
654611;unknown;control;2024-01-26 11:30:00+00:00;0.24;;
654611;unknown;control;2024-01-26 11:45:00+00:00;0.279;;
654611;unknown;control;2024-01-26 12:00:00+00:00;0.169;;
654611;unknown;control;2024-01-26 12:15:00+00:00;0.187;;
654611;unknown;control;2024-01-26 12:30:00+00:00;0.285;;
654611;unknown;control;2024-01-26 12:45:00+00:00;0.198;;
654611;unknown;control;2024-01-26 13:00:00+00:00;0.182;;
654611;unknown;control;2024-01-26 13:15:00+00:00;0.25;;
654611;unknown;control;2024-01-26 13:30:00+00:00;0.309;;
654611;unknown;control;2024-01-26 13:45:00+00:00;0.202;;
654611;unknown;control;2024-01-26 14:00:00+00:00;0.472;;
654611;unknown;control;2024-01-26 14:15:00+00:00;0.437;;
654611;unknown;control;2024-01-26 14:30:00+00:00;0.428;;
654611;unknown;control;2024-01-26 14:45:00+00:00;0.226;;
654611;unknown;control;2024-01-26 15:00:00+00:00;0.349;;
654611;unknown;control;2024-01-26 15:15:00+00:00;0.368;;
654611;unknown;control;2024-01-26 15:30:00+00:00;0.237;;
654611;unknown;control;2024-01-26 15:45:00+00:00;0.341;;
654611;unknown;control;2024-01-26 16:00:00+00:00;0.296;;
654611;unknown;control;2024-01-26 16:15:00+00:00;0.26;;
654611;unknown;control;2024-01-26 16:30:00+00:00;0.258;;
654611;unknown;control;2024-01-26 16:45:00+00:00;0.295;;
654611;unknown;control;2024-01-26 17:00:00+00:00;0.381;;
654611;unknown;control;2024-01-26 17:15:00+00:00;0.282;;
654611;unknown;control;2024-01-26 17:30:00+00:00;0.271;;
654611;unknown;control;2024-01-26 17:45:00+00:00;0.302;;
654611;unknown;control;2024-01-26 18:00:00+00:00;0.789;;
654611;unknown;control;2024-01-26 18:15:00+00:00;0.544;;
654611;unknown;control;2024-01-26 18:30:00+00:00;0.375;;
654611;unknown;control;2024-01-26 18:45:00+00:00;0.28;;
654611;unknown;control;2024-01-26 19:00:00+00:00;0.469;;
654611;unknown;control;2024-01-26 19:15:00+00:00;0.504;;
654611;unknown;control;2024-01-26 19:30:00+00:00;0.449;;
654611;unknown;control;2024-01-26 19:45:00+00:00;0.334;;
654611;unknown;control;2024-01-26 20:00:00+00:00;0.294;;
654611;unknown;control;2024-01-26 20:15:00+00:00;0.336;;
654611;unknown;control;2024-01-26 20:30:00+00:00;0.557;;
654611;unknown;control;2024-01-26 20:45:00+00:00;0.359;;
654611;unknown;control;2024-01-26 21:00:00+00:00;0.27;;
654611;unknown;control;2024-01-26 21:15:00+00:00;0.262;;
654611;unknown;control;2024-01-26 21:30:00+00:00;0.375;;
654611;unknown;control;2024-01-26 21:45:00+00:00;0.226;;
654611;unknown;control;2024-01-26 22:00:00+00:00;0.064;;
654611;unknown;control;2024-01-26 22:15:00+00:00;0.05;;
654611;unknown;control;2024-01-26 22:30:00+00:00;0.053;;
654611;unknown;control;2024-01-26 22:45:00+00:00;0.045;;
654611;unknown;control;2024-01-26 23:00:00+00:00;0.063;;
654611;unknown;control;2024-01-26 23:15:00+00:00;0.048;;
654611;unknown;control;2024-01-26 23:30:00+00:00;0.067;;
654611;unknown;control;2024-01-26 23:45:00+00:00;0.052;;
654611;unknown;control;2024-01-27 00:00:00+00:00;0.047;;
654611;unknown;control;2024-01-27 00:15:00+00:00;0.048;;
654611;unknown;control;2024-01-27 00:30:00+00:00;0.049;;
654611;unknown;control;2024-01-27 00:45:00+00:00;0.056;;
654611;unknown;control;2024-01-27 01:00:00+00:00;0.051;;
654611;unknown;control;2024-01-27 01:15:00+00:00;0.051;;
654611;unknown;control;2024-01-27 01:30:00+00:00;0.044;;
654611;unknown;control;2024-01-27 01:45:00+00:00;0.049;;
654611;unknown;control;2024-01-27 02:00:00+00:00;0.05;;
654611;unknown;control;2024-01-27 02:15:00+00:00;0.051;;
654611;unknown;control;2024-01-27 02:30:00+00:00;0.059;;
654611;unknown;control;2024-01-27 02:45:00+00:00;0.054;;
654611;unknown;control;2024-01-27 03:00:00+00:00;0.074;;
654611;unknown;control;2024-01-27 03:15:00+00:00;0.061;;
654611;unknown;control;2024-01-27 03:30:00+00:00;0.042;;
654611;unknown;control;2024-01-27 03:45:00+00:00;0.052;;
654611;unknown;control;2024-01-27 04:00:00+00:00;0.104;;
654611;unknown;control;2024-01-27 04:15:00+00:00;0.061;;
654611;unknown;control;2024-01-27 04:30:00+00:00;0.056;;
654611;unknown;control;2024-01-27 04:45:00+00:00;0.051;;
654611;unknown;control;2024-01-27 05:00:00+00:00;0.05;;
654611;unknown;control;2024-01-27 05:15:00+00:00;0.059;;
654611;unknown;control;2024-01-27 05:30:00+00:00;0.055;;
654611;unknown;control;2024-01-27 05:45:00+00:00;0.057;;
654611;unknown;control;2024-01-27 06:00:00+00:00;0.069;;
654611;unknown;control;2024-01-27 06:15:00+00:00;0.054;;
654611;unknown;control;2024-01-27 06:30:00+00:00;0.065;;
654611;unknown;control;2024-01-27 06:45:00+00:00;0.344;;
654611;unknown;control;2024-01-27 07:00:00+00:00;0.174;;
654611;unknown;control;2024-01-27 07:15:00+00:00;0.026;;
654611;unknown;control;2024-01-27 07:30:00+00:00;0.0;;
654611;unknown;control;2024-01-27 07:45:00+00:00;0.0;;
654611;unknown;control;2024-01-27 08:00:00+00:00;0.0;;
654611;unknown;control;2024-01-27 08:15:00+00:00;0.008;;
654611;unknown;control;2024-01-27 08:30:00+00:00;0.0;;
654611;unknown;control;2024-01-27 08:45:00+00:00;0.0;;
654611;unknown;control;2024-01-27 09:00:00+00:00;0.0;;
654611;unknown;control;2024-01-27 09:15:00+00:00;0.035;;
654611;unknown;control;2024-01-27 09:30:00+00:00;0.046;;
654611;unknown;control;2024-01-27 09:45:00+00:00;0.013;;
654611;unknown;control;2024-01-27 10:00:00+00:00;0.143;;
654611;unknown;control;2024-01-27 10:15:00+00:00;0.094;;
654611;unknown;control;2024-01-27 10:30:00+00:00;0.016;;
654611;unknown;control;2024-01-27 10:45:00+00:00;0.076;;
654611;unknown;control;2024-01-27 11:00:00+00:00;0.008;;
654611;unknown;control;2024-01-27 11:15:00+00:00;0.0;;
654611;unknown;control;2024-01-27 11:30:00+00:00;0.0;;
654611;unknown;control;2024-01-27 11:45:00+00:00;0.0;;
654611;unknown;control;2024-01-27 12:00:00+00:00;0.0;;
654611;unknown;control;2024-01-27 12:15:00+00:00;0.0;;
654611;unknown;control;2024-01-27 12:30:00+00:00;0.07;;
654611;unknown;control;2024-01-27 12:45:00+00:00;0.0;;
654611;unknown;control;2024-01-27 13:00:00+00:00;0.0;;
654611;unknown;control;2024-01-27 13:15:00+00:00;0.046;;
654611;unknown;control;2024-01-27 13:30:00+00:00;0.051;;
654611;unknown;control;2024-01-27 13:45:00+00:00;0.15;;
654611;unknown;control;2024-01-27 14:00:00+00:00;0.238;;
654611;unknown;control;2024-01-27 14:15:00+00:00;0.349;;
654611;unknown;control;2024-01-27 14:30:00+00:00;0.218;;
654611;unknown;control;2024-01-27 14:45:00+00:00;0.213;;
654611;unknown;control;2024-01-27 15:00:00+00:00;0.374;;
654611;unknown;control;2024-01-27 15:15:00+00:00;0.399;;
654611;unknown;control;2024-01-27 15:30:00+00:00;0.51;;
654611;unknown;control;2024-01-27 15:45:00+00:00;0.422;;
654611;unknown;control;2024-01-27 16:00:00+00:00;0.498;;
654611;unknown;control;2024-01-27 16:15:00+00:00;0.375;;
654611;unknown;control;2024-01-27 16:30:00+00:00;0.379;;
654611;unknown;control;2024-01-27 16:45:00+00:00;0.351;;
654611;unknown;control;2024-01-27 17:00:00+00:00;0.421;;
654611;unknown;control;2024-01-27 17:15:00+00:00;0.275;;
654611;unknown;control;2024-01-27 17:30:00+00:00;0.329;;
654611;unknown;control;2024-01-27 17:45:00+00:00;0.345;;
654611;unknown;control;2024-01-27 18:00:00+00:00;0.271;;
654611;unknown;control;2024-01-27 18:15:00+00:00;0.278;;
654611;unknown;control;2024-01-27 18:30:00+00:00;0.417;;
654611;unknown;control;2024-01-27 18:45:00+00:00;0.317;;
654611;unknown;control;2024-01-27 19:00:00+00:00;0.46;;
654611;unknown;control;2024-01-27 19:15:00+00:00;0.447;;
654611;unknown;control;2024-01-27 19:30:00+00:00;0.448;;
654611;unknown;control;2024-01-27 19:45:00+00:00;0.402;;
654611;unknown;control;2024-01-27 20:00:00+00:00;0.397;;
654611;unknown;control;2024-01-27 20:15:00+00:00;0.375;;
654611;unknown;control;2024-01-27 20:30:00+00:00;0.494;;
654611;unknown;control;2024-01-27 20:45:00+00:00;0.457;;
654611;unknown;control;2024-01-27 21:00:00+00:00;0.438;;
654611;unknown;control;2024-01-27 21:15:00+00:00;0.444;;
654611;unknown;control;2024-01-27 21:30:00+00:00;0.451;;
654611;unknown;control;2024-01-27 21:45:00+00:00;0.437;;
654611;unknown;control;2024-01-27 22:00:00+00:00;0.121;;
654611;unknown;control;2024-01-27 22:15:00+00:00;0.107;;
654611;unknown;control;2024-01-27 22:30:00+00:00;0.045;;
654611;unknown;control;2024-01-27 22:45:00+00:00;0.048;;
654611;unknown;control;2024-01-27 23:00:00+00:00;0.061;;
654611;unknown;control;2024-01-27 23:15:00+00:00;0.059;;
654611;unknown;control;2024-01-27 23:30:00+00:00;0.054;;
654611;unknown;control;2024-01-27 23:45:00+00:00;0.069;;
654611;unknown;control;2024-01-28 00:00:00+00:00;0.054;;
654611;unknown;control;2024-01-28 00:15:00+00:00;0.048;;
654611;unknown;control;2024-01-28 00:30:00+00:00;0.048;;
654611;unknown;control;2024-01-28 00:45:00+00:00;0.052;;
654611;unknown;control;2024-01-28 01:00:00+00:00;0.054;;
654611;unknown;control;2024-01-28 01:15:00+00:00;0.05;;
654611;unknown;control;2024-01-28 01:30:00+00:00;0.049;;
654611;unknown;control;2024-01-28 01:45:00+00:00;0.044;;
654611;unknown;control;2024-01-28 02:00:00+00:00;0.051;;
654611;unknown;control;2024-01-28 02:15:00+00:00;0.049;;
654611;unknown;control;2024-01-28 02:30:00+00:00;0.042;;
654611;unknown;control;2024-01-28 02:45:00+00:00;0.059;;
654611;unknown;control;2024-01-28 03:00:00+00:00;0.053;;
654611;unknown;control;2024-01-28 03:15:00+00:00;0.049;;
654611;unknown;control;2024-01-28 03:30:00+00:00;0.076;;
654611;unknown;control;2024-01-28 03:45:00+00:00;0.058;;
654611;unknown;control;2024-01-28 04:00:00+00:00;0.046;;
654611;unknown;control;2024-01-28 04:15:00+00:00;0.055;;
654611;unknown;control;2024-01-28 04:30:00+00:00;0.042;;
654611;unknown;control;2024-01-28 04:45:00+00:00;0.055;;
654611;unknown;control;2024-01-28 05:00:00+00:00;0.064;;
654611;unknown;control;2024-01-28 05:15:00+00:00;0.051;;
654611;unknown;control;2024-01-28 05:30:00+00:00;0.057;;
654611;unknown;control;2024-01-28 05:45:00+00:00;0.056;;
654611;unknown;control;2024-01-28 06:00:00+00:00;0.054;;
654611;unknown;control;2024-01-28 06:15:00+00:00;0.056;;
654611;unknown;control;2024-01-28 06:30:00+00:00;0.06;;
654611;unknown;control;2024-01-28 06:45:00+00:00;0.064;;
654611;unknown;control;2024-01-28 07:00:00+00:00;0.103;;
654611;unknown;control;2024-01-28 07:15:00+00:00;0.327;;
654611;unknown;control;2024-01-28 07:30:00+00:00;0.271;;
654611;unknown;control;2024-01-28 07:45:00+00:00;0.114;;
654611;unknown;control;2024-01-28 08:00:00+00:00;0.195;;
654611;unknown;control;2024-01-28 08:15:00+00:00;0.224;;
654611;unknown;control;2024-01-28 08:30:00+00:00;0.308;;
654611;unknown;control;2024-01-28 08:45:00+00:00;0.327;;
654611;unknown;control;2024-01-28 09:00:00+00:00;0.572;;
654611;unknown;control;2024-01-28 09:15:00+00:00;0.963;;
654611;unknown;control;2024-01-28 09:30:00+00:00;0.597;;
654611;unknown;control;2024-01-28 09:45:00+00:00;0.498;;
654611;unknown;control;2024-01-28 10:00:00+00:00;0.464;;
654611;unknown;control;2024-01-28 10:15:00+00:00;0.533;;
654611;unknown;control;2024-01-28 10:30:00+00:00;0.774;;
654611;unknown;control;2024-01-28 10:45:00+00:00;0.907;;
654611;unknown;control;2024-01-28 11:00:00+00:00;0.549;;
654611;unknown;control;2024-01-28 11:15:00+00:00;0.38;;
654611;unknown;control;2024-01-28 11:30:00+00:00;0.645;;
654611;unknown;control;2024-01-28 11:45:00+00:00;0.395;;
654611;unknown;control;2024-01-28 12:00:00+00:00;0.362;;
654611;unknown;control;2024-01-28 12:15:00+00:00;0.2;;
654611;unknown;control;2024-01-28 12:30:00+00:00;0.227;;
654611;unknown;control;2024-01-28 12:45:00+00:00;0.006;;
654611;unknown;control;2024-01-28 13:00:00+00:00;0.0;;
654611;unknown;control;2024-01-28 13:15:00+00:00;0.0;;
654611;unknown;control;2024-01-28 13:30:00+00:00;0.0;;
654611;unknown;control;2024-01-28 13:45:00+00:00;0.0;;
654611;unknown;control;2024-01-28 14:00:00+00:00;0.229;;
654611;unknown;control;2024-01-28 14:15:00+00:00;0.052;;
654611;unknown;control;2024-01-28 14:30:00+00:00;0.112;;
654611;unknown;control;2024-01-28 14:45:00+00:00;0.361;;
654611;unknown;control;2024-01-28 15:00:00+00:00;0.597;;
654611;unknown;control;2024-01-28 15:15:00+00:00;0.597;;
654611;unknown;control;2024-01-28 15:30:00+00:00;0.526;;
654611;unknown;control;2024-01-28 15:45:00+00:00;0.533;;
654611;unknown;control;2024-01-28 16:00:00+00:00;0.574;;
654611;unknown;control;2024-01-28 16:15:00+00:00;0.569;;
654611;unknown;control;2024-01-28 16:30:00+00:00;0.59;;
654611;unknown;control;2024-01-28 16:45:00+00:00;0.506;;
654611;unknown;control;2024-01-28 17:00:00+00:00;0.867;;
654611;unknown;control;2024-01-28 17:15:00+00:00;0.933;;
654611;unknown;control;2024-01-28 17:30:00+00:00;0.799;;
654611;unknown;control;2024-01-28 17:45:00+00:00;0.837;;
654611;unknown;control;2024-01-28 18:00:00+00:00;0.823;;
654611;unknown;control;2024-01-28 18:15:00+00:00;0.709;;
654611;unknown;control;2024-01-28 18:30:00+00:00;0.778;;
654611;unknown;control;2024-01-28 18:45:00+00:00;1.089;;
654611;unknown;control;2024-01-28 19:00:00+00:00;1.071;;
654611;unknown;control;2024-01-28 19:15:00+00:00;0.685;;
654611;unknown;control;2024-01-28 19:30:00+00:00;0.686;;
654611;unknown;control;2024-01-28 19:45:00+00:00;0.713;;
654611;unknown;control;2024-01-28 20:00:00+00:00;1.141;;
654611;unknown;control;2024-01-28 20:15:00+00:00;0.738;;
654611;unknown;control;2024-01-28 20:30:00+00:00;0.652;;
654611;unknown;control;2024-01-28 20:45:00+00:00;0.645;;
654611;unknown;control;2024-01-28 21:00:00+00:00;0.696;;
654611;unknown;control;2024-01-28 21:15:00+00:00;1.187;;
654611;unknown;control;2024-01-28 21:30:00+00:00;0.702;;
654611;unknown;control;2024-01-28 21:45:00+00:00;0.589;;
654611;unknown;control;2024-01-28 22:00:00+00:00;0.176;;
654611;unknown;control;2024-01-28 22:15:00+00:00;0.061;;
654611;unknown;control;2024-01-28 22:30:00+00:00;0.056;;
654611;unknown;control;2024-01-28 22:45:00+00:00;0.052;;
654611;unknown;control;2024-01-28 23:00:00+00:00;0.061;;
654611;unknown;control;2024-01-28 23:15:00+00:00;0.061;;
654611;unknown;control;2024-01-28 23:30:00+00:00;0.056;;
654611;unknown;control;2024-01-28 23:45:00+00:00;0.057;;
654611;unknown;control;2024-01-29 00:00:00+00:00;0.051;;
654611;unknown;control;2024-01-29 00:15:00+00:00;0.062;;
654611;unknown;control;2024-01-29 00:30:00+00:00;0.063;;
654611;unknown;control;2024-01-29 00:45:00+00:00;0.064;;
654611;unknown;control;2024-01-29 01:00:00+00:00;0.064;;
654611;unknown;control;2024-01-29 01:15:00+00:00;0.071;;
654611;unknown;control;2024-01-29 01:30:00+00:00;0.059;;
654611;unknown;control;2024-01-29 01:45:00+00:00;0.062;;
654611;unknown;control;2024-01-29 02:00:00+00:00;0.059;;
654611;unknown;control;2024-01-29 02:15:00+00:00;0.059;;
654611;unknown;control;2024-01-29 02:30:00+00:00;0.074;;
654611;unknown;control;2024-01-29 02:45:00+00:00;0.075;;
654611;unknown;control;2024-01-29 03:00:00+00:00;0.07;;
654611;unknown;control;2024-01-29 03:15:00+00:00;0.062;;
654611;unknown;control;2024-01-29 03:30:00+00:00;0.049;;
654611;unknown;control;2024-01-29 03:45:00+00:00;0.049;;
654611;unknown;control;2024-01-29 04:00:00+00:00;0.045;;
654611;unknown;control;2024-01-29 04:15:00+00:00;0.056;;
654611;unknown;control;2024-01-29 04:30:00+00:00;0.294;;
654611;unknown;control;2024-01-29 04:45:00+00:00;0.274;;
654611;unknown;control;2024-01-29 05:00:00+00:00;0.166;;
654611;unknown;control;2024-01-29 05:15:00+00:00;0.125;;
654611;unknown;control;2024-01-29 05:30:00+00:00;0.103;;
654611;unknown;control;2024-01-29 05:45:00+00:00;0.498;;
654611;unknown;control;2024-01-29 06:00:00+00:00;0.226;;
654611;unknown;control;2024-01-29 06:15:00+00:00;0.113;;
654611;unknown;control;2024-01-29 06:30:00+00:00;0.117;;
654611;unknown;control;2024-01-29 06:45:00+00:00;0.109;;
654611;unknown;control;2024-01-29 07:00:00+00:00;0.152;;
654611;unknown;control;2024-01-29 07:15:00+00:00;0.204;;
654611;unknown;control;2024-01-29 07:30:00+00:00;0.104;;
654611;unknown;control;2024-01-29 07:45:00+00:00;0.094;;
654611;unknown;control;2024-01-29 08:00:00+00:00;0.066;;
654611;unknown;control;2024-01-29 08:15:00+00:00;0.058;;
654611;unknown;control;2024-01-29 08:30:00+00:00;0.04;;
654611;unknown;control;2024-01-29 08:45:00+00:00;0.026;;
654611;unknown;control;2024-01-29 09:00:00+00:00;0.707;;
654611;unknown;control;2024-01-29 09:15:00+00:00;1.14;;
654611;unknown;control;2024-01-29 09:30:00+00:00;0.968;;
654611;unknown;control;2024-01-29 09:45:00+00:00;0.693;;
654611;unknown;control;2024-01-29 10:00:00+00:00;0.015;;
654611;unknown;control;2024-01-29 10:15:00+00:00;0.021;;
654611;unknown;control;2024-01-29 10:30:00+00:00;0.053;;
654611;unknown;control;2024-01-29 10:45:00+00:00;0.043;;
654611;unknown;control;2024-01-29 11:00:00+00:00;0.444;;
654611;unknown;control;2024-01-29 11:15:00+00:00;0.737;;
654611;unknown;control;2024-01-29 11:30:00+00:00;0.629;;
654611;unknown;control;2024-01-29 11:45:00+00:00;0.946;;
654611;unknown;control;2024-01-29 12:00:00+00:00;0.815;;
654611;unknown;control;2024-01-29 12:15:00+00:00;0.136;;
654611;unknown;control;2024-01-29 12:30:00+00:00;0.083;;
654611;unknown;control;2024-01-29 12:45:00+00:00;0.234;;
654611;unknown;control;2024-01-29 13:00:00+00:00;0.16;;
654611;unknown;control;2024-01-29 13:15:00+00:00;0.185;;
654611;unknown;control;2024-01-29 13:30:00+00:00;0.199;;
654611;unknown;control;2024-01-29 13:45:00+00:00;0.216;;
654611;unknown;control;2024-01-29 14:00:00+00:00;0.031;;
654611;unknown;control;2024-01-29 14:15:00+00:00;0.609;;
654611;unknown;control;2024-01-29 14:30:00+00:00;0.45;;
654611;unknown;control;2024-01-29 14:45:00+00:00;0.399;;
654611;unknown;control;2024-01-29 15:00:00+00:00;0.386;;
654611;unknown;control;2024-01-29 15:15:00+00:00;0.402;;
654611;unknown;control;2024-01-29 15:30:00+00:00;0.423;;
654611;unknown;control;2024-01-29 15:45:00+00:00;0.479;;
654611;unknown;control;2024-01-29 16:00:00+00:00;0.492;;
654611;unknown;control;2024-01-29 16:15:00+00:00;0.376;;
654611;unknown;control;2024-01-29 16:30:00+00:00;0.596;;
654611;unknown;control;2024-01-29 16:45:00+00:00;0.546;;
654611;unknown;control;2024-01-29 17:00:00+00:00;0.5;;
654611;unknown;control;2024-01-29 17:15:00+00:00;0.471;;
654611;unknown;control;2024-01-29 17:30:00+00:00;0.478;;
654611;unknown;control;2024-01-29 17:45:00+00:00;0.977;;
654611;unknown;control;2024-01-29 18:00:00+00:00;0.925;;
654611;unknown;control;2024-01-29 18:15:00+00:00;0.788;;
654611;unknown;control;2024-01-29 18:30:00+00:00;1.065;;
654611;unknown;control;2024-01-29 18:45:00+00:00;0.649;;
654611;unknown;control;2024-01-29 19:00:00+00:00;0.583;;
654611;unknown;control;2024-01-29 19:15:00+00:00;0.631;;
654611;unknown;control;2024-01-29 19:30:00+00:00;0.669;;
654611;unknown;control;2024-01-29 19:45:00+00:00;1.156;;
654611;unknown;control;2024-01-29 20:00:00+00:00;0.725;;
654611;unknown;control;2024-01-29 20:15:00+00:00;0.648;;
654611;unknown;control;2024-01-29 20:30:00+00:00;0.716;;
654611;unknown;control;2024-01-29 20:45:00+00:00;0.686;;
654611;unknown;control;2024-01-29 21:00:00+00:00;0.804;;
654611;unknown;control;2024-01-29 21:15:00+00:00;1.213;;
654611;unknown;control;2024-01-29 21:30:00+00:00;0.824;;
654611;unknown;control;2024-01-29 21:45:00+00:00;0.685;;
654611;unknown;control;2024-01-29 22:00:00+00:00;0.086;;
654611;unknown;control;2024-01-29 22:15:00+00:00;0.063;;
654611;unknown;control;2024-01-29 22:30:00+00:00;0.067;;
654611;unknown;control;2024-01-29 22:45:00+00:00;0.06;;
654611;unknown;control;2024-01-29 23:00:00+00:00;0.076;;
654611;unknown;control;2024-01-29 23:15:00+00:00;0.076;;
654611;unknown;control;2024-01-29 23:30:00+00:00;0.059;;
654611;unknown;control;2024-01-29 23:45:00+00:00;0.059;;
654611;unknown;control;2024-01-30 00:00:00+00:00;0.064;;
654611;unknown;control;2024-01-30 00:15:00+00:00;0.052;;
654611;unknown;control;2024-01-30 00:30:00+00:00;0.065;;
654611;unknown;control;2024-01-30 00:45:00+00:00;0.071;;
654611;unknown;control;2024-01-30 01:00:00+00:00;0.057;;
654611;unknown;control;2024-01-30 01:15:00+00:00;0.058;;
654611;unknown;control;2024-01-30 01:30:00+00:00;0.07;;
654611;unknown;control;2024-01-30 01:45:00+00:00;0.059;;
654611;unknown;control;2024-01-30 02:00:00+00:00;0.06;;
654611;unknown;control;2024-01-30 02:15:00+00:00;0.058;;
654611;unknown;control;2024-01-30 02:30:00+00:00;0.055;;
654611;unknown;control;2024-01-30 02:45:00+00:00;0.06;;
654611;unknown;control;2024-01-30 03:00:00+00:00;0.056;;
654611;unknown;control;2024-01-30 03:15:00+00:00;0.057;;
654611;unknown;control;2024-01-30 03:30:00+00:00;0.063;;
654611;unknown;control;2024-01-30 03:45:00+00:00;0.057;;
654611;unknown;control;2024-01-30 04:00:00+00:00;0.045;;
654611;unknown;control;2024-01-30 04:15:00+00:00;0.06;;
654611;unknown;control;2024-01-30 04:30:00+00:00;0.195;;
654611;unknown;control;2024-01-30 04:45:00+00:00;0.33;;
654611;unknown;control;2024-01-30 05:00:00+00:00;0.154;;
654611;unknown;control;2024-01-30 05:15:00+00:00;0.091;;
654611;unknown;control;2024-01-30 05:30:00+00:00;0.105;;
654611;unknown;control;2024-01-30 05:45:00+00:00;0.138;;
654611;unknown;control;2024-01-30 06:00:00+00:00;0.062;;
654611;unknown;control;2024-01-30 06:15:00+00:00;0.074;;
654611;unknown;control;2024-01-30 06:30:00+00:00;0.059;;
654611;unknown;control;2024-01-30 06:45:00+00:00;0.059;;
654611;unknown;control;2024-01-30 07:00:00+00:00;0.058;;
654611;unknown;control;2024-01-30 07:15:00+00:00;0.058;;
654611;unknown;control;2024-01-30 07:30:00+00:00;0.038;;
654611;unknown;control;2024-01-30 07:45:00+00:00;0.028;;
654611;unknown;control;2024-01-30 08:00:00+00:00;0.002;;
654611;unknown;control;2024-01-30 08:15:00+00:00;0.0;;
654611;unknown;control;2024-01-30 08:30:00+00:00;0.001;;
654611;unknown;control;2024-01-30 08:45:00+00:00;0.0;;
654611;unknown;control;2024-01-30 09:00:00+00:00;0.581;;
654611;unknown;control;2024-01-30 09:15:00+00:00;0.981;;
654611;unknown;control;2024-01-30 09:30:00+00:00;0.913;;
654611;unknown;control;2024-01-30 09:45:00+00:00;0.311;;
654611;unknown;control;2024-01-30 10:00:00+00:00;0.004;;
654611;unknown;control;2024-01-30 10:15:00+00:00;0.0;;
654611;unknown;control;2024-01-30 10:30:00+00:00;0.0;;
654611;unknown;control;2024-01-30 10:45:00+00:00;0.0;;
654611;unknown;control;2024-01-30 11:00:00+00:00;0.045;;
654611;unknown;control;2024-01-30 11:15:00+00:00;0.032;;
654611;unknown;control;2024-01-30 11:30:00+00:00;0.0;;
654611;unknown;control;2024-01-30 11:45:00+00:00;0.0;;
654611;unknown;control;2024-01-30 12:00:00+00:00;0.0;;
654611;unknown;control;2024-01-30 12:15:00+00:00;0.0;;
654611;unknown;control;2024-01-30 12:30:00+00:00;0.0;;
654611;unknown;control;2024-01-30 12:45:00+00:00;0.059;;
654611;unknown;control;2024-01-30 13:00:00+00:00;0.0;;
654611;unknown;control;2024-01-30 13:15:00+00:00;0.0;;
654611;unknown;control;2024-01-30 13:30:00+00:00;0.0;;
654611;unknown;control;2024-01-30 13:45:00+00:00;0.0;;
654611;unknown;control;2024-01-30 14:00:00+00:00;0.323;;
654611;unknown;control;2024-01-30 14:15:00+00:00;0.237;;
654611;unknown;control;2024-01-30 14:30:00+00:00;0.19;;
654611;unknown;control;2024-01-30 14:45:00+00:00;0.182;;
654611;unknown;control;2024-01-30 15:00:00+00:00;0.257;;
654611;unknown;control;2024-01-30 15:15:00+00:00;0.286;;
654611;unknown;control;2024-01-30 15:30:00+00:00;0.217;;
654611;unknown;control;2024-01-30 15:45:00+00:00;0.339;;
654611;unknown;control;2024-01-30 16:00:00+00:00;0.306;;
654611;unknown;control;2024-01-30 16:15:00+00:00;0.272;;
654611;unknown;control;2024-01-30 16:30:00+00:00;0.277;;
654611;unknown;control;2024-01-30 16:45:00+00:00;0.358;;
654611;unknown;control;2024-01-30 17:00:00+00:00;0.325;;
654611;unknown;control;2024-01-30 17:15:00+00:00;0.433;;
654611;unknown;control;2024-01-30 17:30:00+00:00;0.349;;
654611;unknown;control;2024-01-30 17:45:00+00:00;0.306;;
654611;unknown;control;2024-01-30 18:00:00+00:00;0.301;;
654611;unknown;control;2024-01-30 18:15:00+00:00;0.419;;
654611;unknown;control;2024-01-30 18:30:00+00:00;0.387;;
654611;unknown;control;2024-01-30 18:45:00+00:00;0.311;;
654611;unknown;control;2024-01-30 19:00:00+00:00;0.497;;
654611;unknown;control;2024-01-30 19:15:00+00:00;0.322;;
654611;unknown;control;2024-01-30 19:30:00+00:00;0.521;;
654611;unknown;control;2024-01-30 19:45:00+00:00;0.455;;
654611;unknown;control;2024-01-30 20:00:00+00:00;0.413;;
654611;unknown;control;2024-01-30 20:15:00+00:00;0.358;;
654611;unknown;control;2024-01-30 20:30:00+00:00;0.577;;
654611;unknown;control;2024-01-30 20:45:00+00:00;0.448;;
654611;unknown;control;2024-01-30 21:00:00+00:00;0.445;;
654611;unknown;control;2024-01-30 21:15:00+00:00;0.523;;
654611;unknown;control;2024-01-30 21:30:00+00:00;0.379;;
654611;unknown;control;2024-01-30 21:45:00+00:00;0.35;;
654611;unknown;control;2024-01-30 22:00:00+00:00;0.06;;
654611;unknown;control;2024-01-30 22:15:00+00:00;0.07;;
654611;unknown;control;2024-01-30 22:30:00+00:00;0.043;;
654611;unknown;control;2024-01-30 22:45:00+00:00;0.053;;
654611;unknown;control;2024-01-30 23:00:00+00:00;0.046;;
654611;unknown;control;2024-01-30 23:15:00+00:00;0.045;;
654611;unknown;control;2024-01-30 23:30:00+00:00;0.063;;
654611;unknown;control;2024-01-30 23:45:00+00:00;0.046;;
654611;unknown;control;2024-01-31 00:00:00+00:00;0.056;;
654611;unknown;control;2024-01-31 00:15:00+00:00;0.058;;
654611;unknown;control;2024-01-31 00:30:00+00:00;0.052;;
654611;unknown;control;2024-01-31 00:45:00+00:00;0.058;;
654611;unknown;control;2024-01-31 01:00:00+00:00;0.053;;
654611;unknown;control;2024-01-31 01:15:00+00:00;0.06;;
654611;unknown;control;2024-01-31 01:30:00+00:00;0.054;;
654611;unknown;control;2024-01-31 01:45:00+00:00;0.057;;
654611;unknown;control;2024-01-31 02:00:00+00:00;0.071;;
654611;unknown;control;2024-01-31 02:15:00+00:00;0.061;;
654611;unknown;control;2024-01-31 02:30:00+00:00;0.062;;
654611;unknown;control;2024-01-31 02:45:00+00:00;0.057;;
654611;unknown;control;2024-01-31 03:00:00+00:00;0.047;;
654611;unknown;control;2024-01-31 03:15:00+00:00;0.062;;
654611;unknown;control;2024-01-31 03:30:00+00:00;0.045;;
654611;unknown;control;2024-01-31 03:45:00+00:00;0.05;;
654611;unknown;control;2024-01-31 04:00:00+00:00;0.05;;
654611;unknown;control;2024-01-31 04:15:00+00:00;0.046;;
654611;unknown;control;2024-01-31 04:30:00+00:00;0.148;;
654611;unknown;control;2024-01-31 04:45:00+00:00;0.371;;
654611;unknown;control;2024-01-31 05:00:00+00:00;0.143;;
654611;unknown;control;2024-01-31 05:15:00+00:00;0.118;;
654611;unknown;control;2024-01-31 05:30:00+00:00;0.163;;
654611;unknown;control;2024-01-31 05:45:00+00:00;0.288;;
654611;unknown;control;2024-01-31 06:00:00+00:00;0.122;;
654611;unknown;control;2024-01-31 06:15:00+00:00;0.096;;
654611;unknown;control;2024-01-31 06:30:00+00:00;0.165;;
654611;unknown;control;2024-01-31 06:45:00+00:00;0.084;;
654611;unknown;control;2024-01-31 07:00:00+00:00;0.077;;
654611;unknown;control;2024-01-31 07:15:00+00:00;0.04;;
654611;unknown;control;2024-01-31 07:30:00+00:00;0.0;;
654611;unknown;control;2024-01-31 07:45:00+00:00;0.064;;
654611;unknown;control;2024-01-31 08:00:00+00:00;0.0;;
654611;unknown;control;2024-01-31 08:15:00+00:00;0.0;;
654611;unknown;control;2024-01-31 08:30:00+00:00;0.0;;
654611;unknown;control;2024-01-31 08:45:00+00:00;0.0;;
654611;unknown;control;2024-01-31 09:00:00+00:00;0.393;;
654611;unknown;control;2024-01-31 09:15:00+00:00;0.323;;
654611;unknown;control;2024-01-31 09:30:00+00:00;0.336;;
654611;unknown;control;2024-01-31 09:45:00+00:00;0.079;;
654611;unknown;control;2024-01-31 10:00:00+00:00;0.001;;
654611;unknown;control;2024-01-31 10:15:00+00:00;0.0;;
654611;unknown;control;2024-01-31 10:30:00+00:00;0.0;;
654611;unknown;control;2024-01-31 10:45:00+00:00;0.0;;
654611;unknown;control;2024-01-31 11:00:00+00:00;0.125;;
654611;unknown;control;2024-01-31 11:15:00+00:00;0.069;;
654611;unknown;control;2024-01-31 11:30:00+00:00;0.051;;
654611;unknown;control;2024-01-31 11:45:00+00:00;0.023;;
654611;unknown;control;2024-01-31 12:00:00+00:00;0.0;;
654611;unknown;control;2024-01-31 12:15:00+00:00;0.0;;
654611;unknown;control;2024-01-31 12:30:00+00:00;0.0;;
654611;unknown;control;2024-01-31 12:45:00+00:00;0.076;;
654611;unknown;control;2024-01-31 13:00:00+00:00;0.0;;
654611;unknown;control;2024-01-31 13:15:00+00:00;0.0;;
654611;unknown;control;2024-01-31 13:30:00+00:00;0.0;;
654611;unknown;control;2024-01-31 13:45:00+00:00;0.0;;
654611;unknown;control;2024-01-31 14:00:00+00:00;0.0;;
654611;unknown;control;2024-01-31 14:15:00+00:00;0.0;;
654611;unknown;control;2024-01-31 14:30:00+00:00;0.121;;
654611;unknown;control;2024-01-31 14:45:00+00:00;0.004;;
654611;unknown;control;2024-01-31 15:00:00+00:00;0.203;;
654611;unknown;control;2024-01-31 15:15:00+00:00;0.201;;
654611;unknown;control;2024-01-31 15:30:00+00:00;0.216;;
654611;unknown;control;2024-01-31 15:45:00+00:00;0.217;;
654611;unknown;control;2024-01-31 16:00:00+00:00;0.291;;
654611;unknown;control;2024-01-31 16:15:00+00:00;0.318;;
654611;unknown;control;2024-01-31 16:30:00+00:00;0.278;;
654611;unknown;control;2024-01-31 16:45:00+00:00;0.349;;
654611;unknown;control;2024-01-31 17:00:00+00:00;0.288;;
654611;unknown;control;2024-01-31 17:15:00+00:00;0.248;;
654611;unknown;control;2024-01-31 17:30:00+00:00;0.37;;
654611;unknown;control;2024-01-31 17:45:00+00:00;0.365;;
654611;unknown;control;2024-01-31 18:00:00+00:00;0.346;;
654611;unknown;control;2024-01-31 18:15:00+00:00;0.374;;
654611;unknown;control;2024-01-31 18:30:00+00:00;0.373;;
654611;unknown;control;2024-01-31 18:45:00+00:00;0.321;;
654611;unknown;control;2024-01-31 19:00:00+00:00;0.429;;
654611;unknown;control;2024-01-31 19:15:00+00:00;0.44;;
654611;unknown;control;2024-01-31 19:30:00+00:00;0.34;;
654611;unknown;control;2024-01-31 19:45:00+00:00;0.236;;
654611;unknown;control;2024-01-31 20:00:00+00:00;0.436;;
654611;unknown;control;2024-01-31 20:15:00+00:00;0.456;;
654611;unknown;control;2024-01-31 20:30:00+00:00;0.458;;
654611;unknown;control;2024-01-31 20:45:00+00:00;0.45;;
654611;unknown;control;2024-01-31 21:00:00+00:00;0.357;;
654611;unknown;control;2024-01-31 21:15:00+00:00;0.465;;
654611;unknown;control;2024-01-31 21:30:00+00:00;0.258;;
654611;unknown;control;2024-01-31 21:45:00+00:00;0.518;;
654611;unknown;control;2024-01-31 22:00:00+00:00;0.082;;
654611;unknown;control;2024-01-31 22:15:00+00:00;0.122;;
654611;unknown;control;2024-01-31 22:30:00+00:00;0.046;;
654611;unknown;control;2024-01-31 22:45:00+00:00;0.074;;
654611;unknown;control;2024-01-31 23:00:00+00:00;0.052;;
654611;unknown;control;2024-01-31 23:15:00+00:00;0.052;;
654611;unknown;control;2024-01-31 23:30:00+00:00;0.062;;
654611;unknown;control;2024-01-31 23:45:00+00:00;0.053;;
654611;unknown;control;2024-02-01 00:00:00+00:00;0.065;;
654611;unknown;control;2024-02-01 00:15:00+00:00;0.058;;
654611;unknown;control;2024-02-01 00:30:00+00:00;0.053;;
654611;unknown;control;2024-02-01 00:45:00+00:00;0.055;;
654611;unknown;control;2024-02-01 01:00:00+00:00;0.056;;
654611;unknown;control;2024-02-01 01:15:00+00:00;0.057;;
654611;unknown;control;2024-02-01 01:30:00+00:00;0.045;;
654611;unknown;control;2024-02-01 01:45:00+00:00;0.06;;
654611;unknown;control;2024-02-01 02:00:00+00:00;0.05;;
654611;unknown;control;2024-02-01 02:15:00+00:00;0.063;;
654611;unknown;control;2024-02-01 02:30:00+00:00;0.065;;
654611;unknown;control;2024-02-01 02:45:00+00:00;0.044;;
654611;unknown;control;2024-02-01 03:00:00+00:00;0.055;;
654611;unknown;control;2024-02-01 03:15:00+00:00;0.062;;
654611;unknown;control;2024-02-01 03:30:00+00:00;0.059;;
654611;unknown;control;2024-02-01 03:45:00+00:00;0.057;;
654611;unknown;control;2024-02-01 04:00:00+00:00;0.057;;
654611;unknown;control;2024-02-01 04:15:00+00:00;0.055;;
654611;unknown;control;2024-02-01 04:30:00+00:00;0.16;;
654611;unknown;control;2024-02-01 04:45:00+00:00;0.394;;
654611;unknown;control;2024-02-01 05:00:00+00:00;0.146;;
654611;unknown;control;2024-02-01 05:15:00+00:00;0.098;;
654611;unknown;control;2024-02-01 05:30:00+00:00;0.114;;
654611;unknown;control;2024-02-01 05:45:00+00:00;0.088;;
654611;unknown;control;2024-02-01 06:00:00+00:00;0.077;;
654611;unknown;control;2024-02-01 06:15:00+00:00;0.066;;
654611;unknown;control;2024-02-01 06:30:00+00:00;0.055;;
654611;unknown;control;2024-02-01 06:45:00+00:00;0.058;;
654611;unknown;control;2024-02-01 07:00:00+00:00;0.064;;
654611;unknown;control;2024-02-01 07:15:00+00:00;0.063;;
654611;unknown;control;2024-02-01 07:30:00+00:00;0.057;;
654611;unknown;control;2024-02-01 07:45:00+00:00;0.054;;
654611;unknown;control;2024-02-01 08:00:00+00:00;0.049;;
654611;unknown;control;2024-02-01 08:15:00+00:00;0.045;;
654611;unknown;control;2024-02-01 08:30:00+00:00;0.055;;
654611;unknown;control;2024-02-01 08:45:00+00:00;0.056;;
654611;unknown;control;2024-02-01 09:00:00+00:00;0.437;;
654611;unknown;control;2024-02-01 09:15:00+00:00;0.259;;
654611;unknown;control;2024-02-01 09:30:00+00:00;0.252;;
654611;unknown;control;2024-02-01 09:45:00+00:00;0.251;;
654611;unknown;control;2024-02-01 10:00:00+00:00;0.048;;
654611;unknown;control;2024-02-01 10:15:00+00:00;0.348;;
654611;unknown;control;2024-02-01 10:30:00+00:00;0.058;;
654611;unknown;control;2024-02-01 10:45:00+00:00;0.042;;
654611;unknown;control;2024-02-01 11:00:00+00:00;0.262;;
654611;unknown;control;2024-02-01 11:15:00+00:00;0.363;;
654611;unknown;control;2024-02-01 11:30:00+00:00;0.244;;
654611;unknown;control;2024-02-01 11:45:00+00:00;0.317;;
654611;unknown;control;2024-02-01 12:00:00+00:00;0.272;;
654611;unknown;control;2024-02-01 12:15:00+00:00;0.147;;
654611;unknown;control;2024-02-01 12:30:00+00:00;0.149;;
654611;unknown;control;2024-02-01 12:45:00+00:00;0.249;;
654611;unknown;control;2024-02-01 13:00:00+00:00;0.187;;
654611;unknown;control;2024-02-01 13:15:00+00:00;0.202;;
654611;unknown;control;2024-02-01 13:30:00+00:00;0.282;;
654611;unknown;control;2024-02-01 13:45:00+00:00;0.189;;
654611;unknown;control;2024-02-01 14:00:00+00:00;0.515;;
654611;unknown;control;2024-02-01 14:15:00+00:00;0.361;;
654611;unknown;control;2024-02-01 14:30:00+00:00;0.305;;
654611;unknown;control;2024-02-01 14:45:00+00:00;0.203;;
654611;unknown;control;2024-02-01 15:00:00+00:00;0.266;;
654611;unknown;control;2024-02-01 15:15:00+00:00;0.216;;
654611;unknown;control;2024-02-01 15:30:00+00:00;0.355;;
654611;unknown;control;2024-02-01 15:45:00+00:00;0.274;;
654611;unknown;control;2024-02-01 16:00:00+00:00;0.25;;
654611;unknown;control;2024-02-01 16:15:00+00:00;0.279;;
654611;unknown;control;2024-02-01 16:30:00+00:00;0.372;;
654611;unknown;control;2024-02-01 16:45:00+00:00;0.295;;
654611;unknown;control;2024-02-01 17:00:00+00:00;0.316;;
654611;unknown;control;2024-02-01 17:15:00+00:00;0.443;;
654611;unknown;control;2024-02-01 17:30:00+00:00;0.284;;
654611;unknown;control;2024-02-01 17:45:00+00:00;0.83;;
654611;unknown;control;2024-02-01 18:00:00+00:00;0.793;;
654611;unknown;control;2024-02-01 18:15:00+00:00;0.331;;
654611;unknown;control;2024-02-01 18:30:00+00:00;0.318;;
654611;unknown;control;2024-02-01 18:45:00+00:00;0.23;;
654611;unknown;control;2024-02-01 19:00:00+00:00;0.46;;
654611;unknown;control;2024-02-01 19:15:00+00:00;0.431;;
654611;unknown;control;2024-02-01 19:30:00+00:00;0.305;;
654611;unknown;control;2024-02-01 19:45:00+00:00;0.402;;
654611;unknown;control;2024-02-01 20:00:00+00:00;0.497;;
654611;unknown;control;2024-02-01 20:15:00+00:00;0.415;;
654611;unknown;control;2024-02-01 20:30:00+00:00;0.426;;
654611;unknown;control;2024-02-01 20:45:00+00:00;0.39;;
654611;unknown;control;2024-02-01 21:00:00+00:00;0.376;;
654611;unknown;control;2024-02-01 21:15:00+00:00;0.33;;
654611;unknown;control;2024-02-01 21:30:00+00:00;0.255;;
654611;unknown;control;2024-02-01 21:45:00+00:00;0.4;;
654611;unknown;control;2024-02-01 22:00:00+00:00;0.049;;
654611;unknown;control;2024-02-01 22:15:00+00:00;0.056;;
654611;unknown;control;2024-02-01 22:30:00+00:00;0.045;;
654611;unknown;control;2024-02-01 22:45:00+00:00;0.047;;
654611;unknown;control;2024-02-01 23:00:00+00:00;0.066;;
654611;unknown;control;2024-02-01 23:15:00+00:00;0.055;;
654611;unknown;control;2024-02-01 23:30:00+00:00;0.062;;
654611;unknown;control;2024-02-01 23:45:00+00:00;0.064;;
654611;unknown;control;2024-02-02 00:00:00+00:00;0.057;;
654611;unknown;control;2024-02-02 00:15:00+00:00;0.077;;
654611;unknown;control;2024-02-02 00:30:00+00:00;0.063;;
654611;unknown;control;2024-02-02 00:45:00+00:00;0.057;;
654611;unknown;control;2024-02-02 01:00:00+00:00;0.047;;
654611;unknown;control;2024-02-02 01:15:00+00:00;0.052;;
654611;unknown;control;2024-02-02 01:30:00+00:00;0.055;;
654611;unknown;control;2024-02-02 01:45:00+00:00;0.047;;
654611;unknown;control;2024-02-02 02:00:00+00:00;0.052;;
654611;unknown;control;2024-02-02 02:15:00+00:00;0.059;;
654611;unknown;control;2024-02-02 02:30:00+00:00;0.095;;
654611;unknown;control;2024-02-02 02:45:00+00:00;0.051;;
654611;unknown;control;2024-02-02 03:00:00+00:00;0.052;;
654611;unknown;control;2024-02-02 03:15:00+00:00;0.065;;
654611;unknown;control;2024-02-02 03:30:00+00:00;0.059;;
654611;unknown;control;2024-02-02 03:45:00+00:00;0.072;;
654611;unknown;control;2024-02-02 04:00:00+00:00;0.071;;
654611;unknown;control;2024-02-02 04:15:00+00:00;0.056;;
654611;unknown;control;2024-02-02 04:30:00+00:00;0.151;;
654611;unknown;control;2024-02-02 04:45:00+00:00;0.377;;
654611;unknown;control;2024-02-02 05:00:00+00:00;0.125;;
654611;unknown;control;2024-02-02 05:15:00+00:00;0.176;;
654611;unknown;control;2024-02-02 05:30:00+00:00;0.132;;
654611;unknown;control;2024-02-02 05:45:00+00:00;0.151;;
654611;unknown;control;2024-02-02 06:00:00+00:00;0.159;;
654611;unknown;control;2024-02-02 06:15:00+00:00;0.091;;
654611;unknown;control;2024-02-02 06:30:00+00:00;0.077;;
654611;unknown;control;2024-02-02 06:45:00+00:00;0.086;;
654611;unknown;control;2024-02-02 07:00:00+00:00;0.061;;
654611;unknown;control;2024-02-02 07:15:00+00:00;0.053;;
654611;unknown;control;2024-02-02 07:30:00+00:00;0.12;;
654611;unknown;control;2024-02-02 07:45:00+00:00;0.043;;
654611;unknown;control;2024-02-02 08:00:00+00:00;0.057;;
654611;unknown;control;2024-02-02 08:15:00+00:00;0.036;;
654611;unknown;control;2024-02-02 08:30:00+00:00;0.0;;
654611;unknown;control;2024-02-02 08:45:00+00:00;0.0;;
654611;unknown;control;2024-02-02 09:00:00+00:00;0.382;;
654611;unknown;control;2024-02-02 09:15:00+00:00;0.386;;
654611;unknown;control;2024-02-02 09:30:00+00:00;0.163;;
654611;unknown;control;2024-02-02 09:45:00+00:00;0.19;;
654611;unknown;control;2024-02-02 10:00:00+00:00;0.0;;
654611;unknown;control;2024-02-02 10:15:00+00:00;0.0;;
654611;unknown;control;2024-02-02 10:30:00+00:00;0.0;;
654611;unknown;control;2024-02-02 10:45:00+00:00;0.013;;
654611;unknown;control;2024-02-02 11:00:00+00:00;0.373;;
654611;unknown;control;2024-02-02 11:15:00+00:00;0.117;;
654611;unknown;control;2024-02-02 11:30:00+00:00;0.045;;
654611;unknown;control;2024-02-02 11:45:00+00:00;0.008;;
654611;unknown;control;2024-02-02 12:00:00+00:00;0.0;;
654611;unknown;control;2024-02-02 12:15:00+00:00;0.0;;
654611;unknown;control;2024-02-02 12:30:00+00:00;0.0;;
654611;unknown;control;2024-02-02 12:45:00+00:00;0.081;;
654611;unknown;control;2024-02-02 13:00:00+00:00;0.158;;
654611;unknown;control;2024-02-02 13:15:00+00:00;0.071;;
654611;unknown;control;2024-02-02 13:30:00+00:00;0.094;;
654611;unknown;control;2024-02-02 13:45:00+00:00;0.111;;
654611;unknown;control;2024-02-02 14:00:00+00:00;0.42;;
654611;unknown;control;2024-02-02 14:15:00+00:00;0.334;;
654611;unknown;control;2024-02-02 14:30:00+00:00;0.276;;
654611;unknown;control;2024-02-02 14:45:00+00:00;0.237;;
654611;unknown;control;2024-02-02 15:00:00+00:00;0.194;;
654611;unknown;control;2024-02-02 15:15:00+00:00;0.255;;
654611;unknown;control;2024-02-02 15:30:00+00:00;0.236;;
654611;unknown;control;2024-02-02 15:45:00+00:00;0.238;;
654611;unknown;control;2024-02-02 16:00:00+00:00;0.26;;
654611;unknown;control;2024-02-02 16:15:00+00:00;0.266;;
654611;unknown;control;2024-02-02 16:30:00+00:00;0.258;;
654611;unknown;control;2024-02-02 16:45:00+00:00;0.284;;
654611;unknown;control;2024-02-02 17:00:00+00:00;0.361;;
654611;unknown;control;2024-02-02 17:15:00+00:00;0.294;;
654611;unknown;control;2024-02-02 17:30:00+00:00;0.396;;
654611;unknown;control;2024-02-02 17:45:00+00:00;0.296;;
654611;unknown;control;2024-02-02 18:00:00+00:00;0.496;;
654611;unknown;control;2024-02-02 18:15:00+00:00;0.55;;
654611;unknown;control;2024-02-02 18:30:00+00:00;0.46;;
654611;unknown;control;2024-02-02 18:45:00+00:00;0.283;;
654611;unknown;control;2024-02-02 19:00:00+00:00;0.576;;
654611;unknown;control;2024-02-02 19:15:00+00:00;0.496;;
654611;unknown;control;2024-02-02 19:30:00+00:00;0.475;;
654611;unknown;control;2024-02-02 19:45:00+00:00;0.446;;
654611;unknown;control;2024-02-02 20:00:00+00:00;0.384;;
654611;unknown;control;2024-02-02 20:15:00+00:00;0.4;;
654611;unknown;control;2024-02-02 20:30:00+00:00;0.461;;
654611;unknown;control;2024-02-02 20:45:00+00:00;0.34;;
654611;unknown;control;2024-02-02 21:00:00+00:00;0.47;;
654611;unknown;control;2024-02-02 21:15:00+00:00;0.327;;
654611;unknown;control;2024-02-02 21:30:00+00:00;0.498;;
654611;unknown;control;2024-02-02 21:45:00+00:00;0.523;;
654611;unknown;control;2024-02-02 22:00:00+00:00;0.053;;
654611;unknown;control;2024-02-02 22:15:00+00:00;0.059;;
654611;unknown;control;2024-02-02 22:30:00+00:00;0.053;;
654611;unknown;control;2024-02-02 22:45:00+00:00;0.055;;
654611;unknown;control;2024-02-02 23:00:00+00:00;0.075;;
654611;unknown;control;2024-02-02 23:15:00+00:00;0.061;;
654611;unknown;control;2024-02-02 23:30:00+00:00;0.063;;
654611;unknown;control;2024-02-02 23:45:00+00:00;0.062;;
654611;unknown;control;2024-02-03 00:00:00+00:00;0.055;;
654611;unknown;control;2024-02-03 00:15:00+00:00;0.059;;
654611;unknown;control;2024-02-03 00:30:00+00:00;0.053;;
654611;unknown;control;2024-02-03 00:45:00+00:00;0.051;;
654611;unknown;control;2024-02-03 01:00:00+00:00;0.058;;
654611;unknown;control;2024-02-03 01:15:00+00:00;0.06;;
654611;unknown;control;2024-02-03 01:30:00+00:00;0.047;;
654611;unknown;control;2024-02-03 01:45:00+00:00;0.057;;
654611;unknown;control;2024-02-03 02:00:00+00:00;0.059;;
654611;unknown;control;2024-02-03 02:15:00+00:00;0.051;;
654611;unknown;control;2024-02-03 02:30:00+00:00;0.078;;
654611;unknown;control;2024-02-03 02:45:00+00:00;0.054;;
654611;unknown;control;2024-02-03 03:00:00+00:00;0.049;;
654611;unknown;control;2024-02-03 03:15:00+00:00;0.057;;
654611;unknown;control;2024-02-03 03:30:00+00:00;0.056;;
654611;unknown;control;2024-02-03 03:45:00+00:00;0.072;;
654611;unknown;control;2024-02-03 04:00:00+00:00;0.081;;
654611;unknown;control;2024-02-03 04:15:00+00:00;0.411;;
654611;unknown;control;2024-02-03 04:30:00+00:00;0.074;;
654611;unknown;control;2024-02-03 04:45:00+00:00;0.076;;
654611;unknown;control;2024-02-03 05:00:00+00:00;0.084;;
654611;unknown;control;2024-02-03 05:15:00+00:00;0.084;;
654611;unknown;control;2024-02-03 05:30:00+00:00;0.088;;
654611;unknown;control;2024-02-03 05:45:00+00:00;0.09;;
654611;unknown;control;2024-02-03 06:00:00+00:00;0.092;;
654611;unknown;control;2024-02-03 06:15:00+00:00;0.162;;
654611;unknown;control;2024-02-03 06:30:00+00:00;0.402;;
654611;unknown;control;2024-02-03 06:45:00+00:00;0.163;;
654611;unknown;control;2024-02-03 07:00:00+00:00;0.053;;
654611;unknown;control;2024-02-03 07:15:00+00:00;0.059;;
654611;unknown;control;2024-02-03 07:30:00+00:00;0.112;;
654611;unknown;control;2024-02-03 07:45:00+00:00;0.079;;
654611;unknown;control;2024-02-03 08:00:00+00:00;0.0;;
654611;unknown;control;2024-02-03 08:15:00+00:00;0.0;;
654611;unknown;control;2024-02-03 08:30:00+00:00;0.0;;
654611;unknown;control;2024-02-03 08:45:00+00:00;0.0;;
654611;unknown;control;2024-02-03 09:00:00+00:00;0.009;;
654611;unknown;control;2024-02-03 09:15:00+00:00;0.0;;
654611;unknown;control;2024-02-03 09:30:00+00:00;0.057;;
654611;unknown;control;2024-02-03 09:45:00+00:00;0.0;;
654611;unknown;control;2024-02-03 10:00:00+00:00;0.0;;
654611;unknown;control;2024-02-03 10:15:00+00:00;0.0;;
654611;unknown;control;2024-02-03 10:30:00+00:00;0.0;;
654611;unknown;control;2024-02-03 10:45:00+00:00;0.0;;
654611;unknown;control;2024-02-03 11:00:00+00:00;0.056;;
654611;unknown;control;2024-02-03 11:15:00+00:00;0.0;;
654611;unknown;control;2024-02-03 11:30:00+00:00;0.0;;
654611;unknown;control;2024-02-03 11:45:00+00:00;0.0;;
654611;unknown;control;2024-02-03 12:00:00+00:00;0.0;;
654611;unknown;control;2024-02-03 12:15:00+00:00;0.007;;
654611;unknown;control;2024-02-03 12:30:00+00:00;0.078;;
654611;unknown;control;2024-02-03 12:45:00+00:00;0.0;;
654611;unknown;control;2024-02-03 13:00:00+00:00;0.014;;
654611;unknown;control;2024-02-03 13:15:00+00:00;0.0;;
654611;unknown;control;2024-02-03 13:30:00+00:00;0.0;;
654611;unknown;control;2024-02-03 13:45:00+00:00;0.0;;
654611;unknown;control;2024-02-03 14:00:00+00:00;0.022;;
654611;unknown;control;2024-02-03 14:15:00+00:00;0.111;;
654611;unknown;control;2024-02-03 14:30:00+00:00;0.001;;
654611;unknown;control;2024-02-03 14:45:00+00:00;0.028;;
654611;unknown;control;2024-02-03 15:00:00+00:00;0.192;;
654611;unknown;control;2024-02-03 15:15:00+00:00;0.253;;
654611;unknown;control;2024-02-03 15:30:00+00:00;0.333;;
654611;unknown;control;2024-02-03 15:45:00+00:00;0.339;;
654611;unknown;control;2024-02-03 16:00:00+00:00;0.523;;
654611;unknown;control;2024-02-03 16:15:00+00:00;0.319;;
654611;unknown;control;2024-02-03 16:30:00+00:00;0.428;;
654611;unknown;control;2024-02-03 16:45:00+00:00;0.772;;
654611;unknown;control;2024-02-03 17:00:00+00:00;0.857;;
654611;unknown;control;2024-02-03 17:15:00+00:00;1.123;;
654611;unknown;control;2024-02-03 17:30:00+00:00;0.654;;
654611;unknown;control;2024-02-03 17:45:00+00:00;0.315;;
654611;unknown;control;2024-02-03 18:00:00+00:00;0.282;;
654611;unknown;control;2024-02-03 18:15:00+00:00;0.514;;
654611;unknown;control;2024-02-03 18:30:00+00:00;0.301;;
654611;unknown;control;2024-02-03 18:45:00+00:00;0.291;;
654611;unknown;control;2024-02-03 19:00:00+00:00;0.482;;
654611;unknown;control;2024-02-03 19:15:00+00:00;0.446;;
654611;unknown;control;2024-02-03 19:30:00+00:00;0.307;;
654611;unknown;control;2024-02-03 19:45:00+00:00;0.492;;
654611;unknown;control;2024-02-03 20:00:00+00:00;0.454;;
654611;unknown;control;2024-02-03 20:15:00+00:00;0.437;;
654611;unknown;control;2024-02-03 20:30:00+00:00;0.418;;
654611;unknown;control;2024-02-03 20:45:00+00:00;0.428;;
654611;unknown;control;2024-02-03 21:00:00+00:00;0.418;;
654611;unknown;control;2024-02-03 21:15:00+00:00;0.391;;
654611;unknown;control;2024-02-03 21:30:00+00:00;0.351;;
654611;unknown;control;2024-02-03 21:45:00+00:00;0.466;;
654611;unknown;control;2024-02-03 22:00:00+00:00;0.067;;
654611;unknown;control;2024-02-03 22:15:00+00:00;0.146;;
654611;unknown;control;2024-02-03 22:30:00+00:00;0.045;;
654611;unknown;control;2024-02-03 22:45:00+00:00;0.063;;
654611;unknown;control;2024-02-03 23:00:00+00:00;0.103;;
654611;unknown;control;2024-02-03 23:15:00+00:00;0.064;;
654611;unknown;control;2024-02-03 23:30:00+00:00;0.061;;
654611;unknown;control;2024-02-03 23:45:00+00:00;0.059;;
654611;unknown;control;2024-02-04 00:00:00+00:00;0.08;;
654611;unknown;control;2024-02-04 00:15:00+00:00;0.065;;
654611;unknown;control;2024-02-04 00:30:00+00:00;0.065;;
654611;unknown;control;2024-02-04 00:45:00+00:00;0.067;;
654611;unknown;control;2024-02-04 01:00:00+00:00;0.064;;
654611;unknown;control;2024-02-04 01:15:00+00:00;0.064;;
654611;unknown;control;2024-02-04 01:30:00+00:00;0.068;;
654611;unknown;control;2024-02-04 01:45:00+00:00;0.056;;
654611;unknown;control;2024-02-04 02:00:00+00:00;0.05;;
654611;unknown;control;2024-02-04 02:15:00+00:00;0.05;;
654611;unknown;control;2024-02-04 02:30:00+00:00;0.063;;
654611;unknown;control;2024-02-04 02:45:00+00:00;0.06;;
654611;unknown;control;2024-02-04 03:00:00+00:00;0.057;;
654611;unknown;control;2024-02-04 03:15:00+00:00;0.054;;
654611;unknown;control;2024-02-04 03:30:00+00:00;0.051;;
654611;unknown;control;2024-02-04 03:45:00+00:00;0.046;;
654611;unknown;control;2024-02-04 04:00:00+00:00;0.063;;
654611;unknown;control;2024-02-04 04:15:00+00:00;0.063;;
654611;unknown;control;2024-02-04 04:30:00+00:00;0.055;;
654611;unknown;control;2024-02-04 04:45:00+00:00;0.076;;
654611;unknown;control;2024-02-04 05:00:00+00:00;0.057;;
654611;unknown;control;2024-02-04 05:15:00+00:00;0.044;;
654611;unknown;control;2024-02-04 05:30:00+00:00;0.064;;
654611;unknown;control;2024-02-04 05:45:00+00:00;0.058;;
654611;unknown;control;2024-02-04 06:00:00+00:00;0.058;;
654611;unknown;control;2024-02-04 06:15:00+00:00;0.062;;
654611;unknown;control;2024-02-04 06:30:00+00:00;0.05;;
654611;unknown;control;2024-02-04 06:45:00+00:00;0.057;;
654611;unknown;control;2024-02-04 07:00:00+00:00;0.181;;
654611;unknown;control;2024-02-04 07:15:00+00:00;0.207;;
654611;unknown;control;2024-02-04 07:30:00+00:00;0.628;;
654611;unknown;control;2024-02-04 07:45:00+00:00;0.202;;
654611;unknown;control;2024-02-04 08:00:00+00:00;0.011;;
654611;unknown;control;2024-02-04 08:15:00+00:00;0.039;;
654611;unknown;control;2024-02-04 08:30:00+00:00;0.001;;
654611;unknown;control;2024-02-04 08:45:00+00:00;0.0;;
654611;unknown;control;2024-02-04 09:00:00+00:00;0.295;;
654611;unknown;control;2024-02-04 09:15:00+00:00;0.296;;
654611;unknown;control;2024-02-04 09:30:00+00:00;0.331;;
654611;unknown;control;2024-02-04 09:45:00+00:00;0.089;;
654611;unknown;control;2024-02-04 10:00:00+00:00;0.0;;
654611;unknown;control;2024-02-04 10:15:00+00:00;0.0;;
654611;unknown;control;2024-02-04 10:30:00+00:00;0.069;;
654611;unknown;control;2024-02-04 10:45:00+00:00;0.17;;
654611;unknown;control;2024-02-04 11:00:00+00:00;0.073;;
654611;unknown;control;2024-02-04 11:15:00+00:00;0.077;;
654611;unknown;control;2024-02-04 11:30:00+00:00;0.006;;
654611;unknown;control;2024-02-04 11:45:00+00:00;0.004;;
654611;unknown;control;2024-02-04 12:00:00+00:00;0.0;;
654611;unknown;control;2024-02-04 12:15:00+00:00;0.091;;
654611;unknown;control;2024-02-04 12:30:00+00:00;0.0;;
654611;unknown;control;2024-02-04 12:45:00+00:00;0.032;;
654611;unknown;control;2024-02-04 13:00:00+00:00;0.003;;
654611;unknown;control;2024-02-04 13:15:00+00:00;0.0;;
654611;unknown;control;2024-02-04 13:30:00+00:00;0.032;;
654611;unknown;control;2024-02-04 13:45:00+00:00;0.047;;
654611;unknown;control;2024-02-04 14:00:00+00:00;0.01;;
654611;unknown;control;2024-02-04 14:15:00+00:00;0.195;;
654611;unknown;control;2024-02-04 14:30:00+00:00;0.093;;
654611;unknown;control;2024-02-04 14:45:00+00:00;0.131;;
654611;unknown;control;2024-02-04 15:00:00+00:00;0.146;;
654611;unknown;control;2024-02-04 15:15:00+00:00;0.209;;
654611;unknown;control;2024-02-04 15:30:00+00:00;0.197;;
654611;unknown;control;2024-02-04 15:45:00+00:00;0.189;;
654611;unknown;control;2024-02-04 16:00:00+00:00;0.285;;
654611;unknown;control;2024-02-04 16:15:00+00:00;0.305;;
654611;unknown;control;2024-02-04 16:30:00+00:00;0.315;;
654611;unknown;control;2024-02-04 16:45:00+00:00;0.277;;
654611;unknown;control;2024-02-04 17:00:00+00:00;0.459;;
654611;unknown;control;2024-02-04 17:15:00+00:00;0.604;;
654611;unknown;control;2024-02-04 17:30:00+00:00;0.591;;
654611;unknown;control;2024-02-04 17:45:00+00:00;0.594;;
654611;unknown;control;2024-02-04 18:00:00+00:00;0.303;;
654611;unknown;control;2024-02-04 18:15:00+00:00;0.356;;
654611;unknown;control;2024-02-04 18:30:00+00:00;0.351;;
654611;unknown;control;2024-02-04 18:45:00+00:00;0.53;;
654611;unknown;control;2024-02-04 19:00:00+00:00;0.515;;
654611;unknown;control;2024-02-04 19:15:00+00:00;0.487;;
654611;unknown;control;2024-02-04 19:30:00+00:00;0.641;;
654611;unknown;control;2024-02-04 19:45:00+00:00;0.6;;
654611;unknown;control;2024-02-04 20:00:00+00:00;0.526;;
654611;unknown;control;2024-02-04 20:15:00+00:00;0.483;;
654611;unknown;control;2024-02-04 20:30:00+00:00;0.396;;
654611;unknown;control;2024-02-04 20:45:00+00:00;0.671;;
654611;unknown;control;2024-02-04 21:00:00+00:00;0.516;;
654611;unknown;control;2024-02-04 21:15:00+00:00;0.388;;
654611;unknown;control;2024-02-04 21:30:00+00:00;0.507;;
654611;unknown;control;2024-02-04 21:45:00+00:00;0.34;;
654611;unknown;control;2024-02-04 22:00:00+00:00;0.097;;
654611;unknown;control;2024-02-04 22:15:00+00:00;0.092;;
654611;unknown;control;2024-02-04 22:30:00+00:00;0.113;;
654611;unknown;control;2024-02-04 22:45:00+00:00;0.11;;
654611;unknown;control;2024-02-04 23:00:00+00:00;0.116;;
654611;unknown;control;2024-02-04 23:15:00+00:00;0.119;;
654611;unknown;control;2024-02-04 23:30:00+00:00;0.078;;
654611;unknown;control;2024-02-04 23:45:00+00:00;0.049;;
654611;unknown;control;2024-02-05 00:00:00+00:00;0.057;;
654611;unknown;control;2024-02-05 00:15:00+00:00;0.052;;
654611;unknown;control;2024-02-05 00:30:00+00:00;0.062;;
654611;unknown;control;2024-02-05 00:45:00+00:00;0.07;;
654611;unknown;control;2024-02-05 01:00:00+00:00;0.055;;
654611;unknown;control;2024-02-05 01:15:00+00:00;0.054;;
654611;unknown;control;2024-02-05 01:30:00+00:00;0.053;;
654611;unknown;control;2024-02-05 01:45:00+00:00;0.045;;
654611;unknown;control;2024-02-05 02:00:00+00:00;0.07;;
654611;unknown;control;2024-02-05 02:15:00+00:00;0.063;;
654611;unknown;control;2024-02-05 02:30:00+00:00;0.066;;
654611;unknown;control;2024-02-05 02:45:00+00:00;0.065;;
654611;unknown;control;2024-02-05 03:00:00+00:00;0.057;;
654611;unknown;control;2024-02-05 03:15:00+00:00;0.052;;
654611;unknown;control;2024-02-05 03:30:00+00:00;0.065;;
654611;unknown;control;2024-02-05 03:45:00+00:00;0.065;;
654611;unknown;control;2024-02-05 04:00:00+00:00;0.055;;
654611;unknown;control;2024-02-05 04:15:00+00:00;0.083;;
654611;unknown;control;2024-02-05 04:30:00+00:00;0.168;;
654611;unknown;control;2024-02-05 04:45:00+00:00;0.381;;
654611;unknown;control;2024-02-05 05:00:00+00:00;0.086;;
654611;unknown;control;2024-02-05 05:15:00+00:00;0.103;;
654611;unknown;control;2024-02-05 05:30:00+00:00;0.098;;
654611;unknown;control;2024-02-05 05:45:00+00:00;0.087;;
654611;unknown;control;2024-02-05 06:00:00+00:00;0.201;;
654611;unknown;control;2024-02-05 06:15:00+00:00;0.075;;
654611;unknown;control;2024-02-05 06:30:00+00:00;0.082;;
654611;unknown;control;2024-02-05 06:45:00+00:00;0.087;;
654611;unknown;control;2024-02-05 07:00:00+00:00;0.077;;
654611;unknown;control;2024-02-05 07:15:00+00:00;0.058;;
654611;unknown;control;2024-02-05 07:30:00+00:00;0.004;;
654611;unknown;control;2024-02-05 07:45:00+00:00;0.0;;
654611;unknown;control;2024-02-05 08:00:00+00:00;0.0;;
654611;unknown;control;2024-02-05 08:15:00+00:00;0.0;;
654611;unknown;control;2024-02-05 08:30:00+00:00;0.0;;
654611;unknown;control;2024-02-05 08:45:00+00:00;0.0;;
654611;unknown;control;2024-02-05 09:00:00+00:00;0.074;;
654611;unknown;control;2024-02-05 09:15:00+00:00;0.0;;
654611;unknown;control;2024-02-05 09:30:00+00:00;0.0;;
654611;unknown;control;2024-02-05 09:45:00+00:00;0.0;;
654611;unknown;control;2024-02-05 10:00:00+00:00;0.0;;
654611;unknown;control;2024-02-05 10:15:00+00:00;0.0;;
654611;unknown;control;2024-02-05 10:30:00+00:00;0.0;;
654611;unknown;control;2024-02-05 10:45:00+00:00;0.0;;
654611;unknown;control;2024-02-05 11:00:00+00:00;0.0;;
654611;unknown;control;2024-02-05 11:15:00+00:00;0.0;;
654611;unknown;control;2024-02-05 11:30:00+00:00;0.0;;
654611;unknown;control;2024-02-05 11:45:00+00:00;0.073;;
654611;unknown;control;2024-02-05 12:00:00+00:00;0.0;;
654611;unknown;control;2024-02-05 12:15:00+00:00;0.0;;
654611;unknown;control;2024-02-05 12:30:00+00:00;0.0;;
654611;unknown;control;2024-02-05 12:45:00+00:00;0.0;;
654611;unknown;control;2024-02-05 13:00:00+00:00;0.0;;
654611;unknown;control;2024-02-05 13:15:00+00:00;0.0;;
654611;unknown;control;2024-02-05 13:30:00+00:00;0.022;;
654611;unknown;control;2024-02-05 13:45:00+00:00;0.064;;
654611;unknown;control;2024-02-05 14:00:00+00:00;0.0;;
654611;unknown;control;2024-02-05 14:15:00+00:00;0.0;;
654611;unknown;control;2024-02-05 14:30:00+00:00;0.001;;
654611;unknown;control;2024-02-05 14:45:00+00:00;0.018;;
654611;unknown;control;2024-02-05 15:00:00+00:00;0.068;;
654611;unknown;control;2024-02-05 15:15:00+00:00;0.234;;
654611;unknown;control;2024-02-05 15:30:00+00:00;0.221;;
654611;unknown;control;2024-02-05 15:45:00+00:00;0.204;;
654611;unknown;control;2024-02-05 16:00:00+00:00;0.356;;
654611;unknown;control;2024-02-05 16:15:00+00:00;0.371;;
654611;unknown;control;2024-02-05 16:30:00+00:00;0.409;;
654611;unknown;control;2024-02-05 16:45:00+00:00;0.346;;
654611;unknown;control;2024-02-05 17:00:00+00:00;0.319;;
654611;unknown;control;2024-02-05 17:15:00+00:00;0.254;;
654611;unknown;control;2024-02-05 17:30:00+00:00;0.461;;
654611;unknown;control;2024-02-05 17:45:00+00:00;0.293;;
654611;unknown;control;2024-02-05 18:00:00+00:00;0.465;;
654611;unknown;control;2024-02-05 18:15:00+00:00;0.325;;
654611;unknown;control;2024-02-05 18:30:00+00:00;0.44;;
654611;unknown;control;2024-02-05 18:45:00+00:00;0.297;;
654611;unknown;control;2024-02-05 19:00:00+00:00;0.525;;
654611;unknown;control;2024-02-05 19:15:00+00:00;0.514;;
654611;unknown;control;2024-02-05 19:30:00+00:00;0.514;;
654611;unknown;control;2024-02-05 19:45:00+00:00;0.49;;
654611;unknown;control;2024-02-05 20:00:00+00:00;0.432;;
654611;unknown;control;2024-02-05 20:15:00+00:00;0.434;;
654611;unknown;control;2024-02-05 20:30:00+00:00;0.482;;
654611;unknown;control;2024-02-05 20:45:00+00:00;0.482;;
654611;unknown;control;2024-02-05 21:00:00+00:00;0.491;;
654611;unknown;control;2024-02-05 21:15:00+00:00;0.597;;
654611;unknown;control;2024-02-05 21:30:00+00:00;0.52;;
654611;unknown;control;2024-02-05 21:45:00+00:00;0.453;;
654611;unknown;control;2024-02-05 22:00:00+00:00;0.063;;
654611;unknown;control;2024-02-05 22:15:00+00:00;0.065;;
654611;unknown;control;2024-02-05 22:30:00+00:00;0.062;;
654611;unknown;control;2024-02-05 22:45:00+00:00;0.076;;
654611;unknown;control;2024-02-05 23:00:00+00:00;0.064;;
654611;unknown;control;2024-02-05 23:15:00+00:00;0.055;;
654611;unknown;control;2024-02-05 23:30:00+00:00;0.058;;
654611;unknown;control;2024-02-05 23:45:00+00:00;0.065;;
654611;unknown;control;2024-02-06 00:00:00+00:00;0.059;;
654611;unknown;control;2024-02-06 00:15:00+00:00;0.053;;
654611;unknown;control;2024-02-06 00:30:00+00:00;0.06;;
654611;unknown;control;2024-02-06 00:45:00+00:00;0.056;;
654611;unknown;control;2024-02-06 01:00:00+00:00;0.052;;
654611;unknown;control;2024-02-06 01:15:00+00:00;0.062;;
654611;unknown;control;2024-02-06 01:30:00+00:00;0.062;;
654611;unknown;control;2024-02-06 01:45:00+00:00;0.051;;
654611;unknown;control;2024-02-06 02:00:00+00:00;0.076;;
654611;unknown;control;2024-02-06 02:15:00+00:00;0.073;;
654611;unknown;control;2024-02-06 02:30:00+00:00;0.042;;
654611;unknown;control;2024-02-06 02:45:00+00:00;0.05;;
654611;unknown;control;2024-02-06 03:00:00+00:00;0.056;;
654611;unknown;control;2024-02-06 03:15:00+00:00;0.05;;
654611;unknown;control;2024-02-06 03:30:00+00:00;0.049;;
654611;unknown;control;2024-02-06 03:45:00+00:00;0.054;;
654611;unknown;control;2024-02-06 04:00:00+00:00;0.098;;
654611;unknown;control;2024-02-06 04:15:00+00:00;0.056;;
654611;unknown;control;2024-02-06 04:30:00+00:00;0.152;;
654611;unknown;control;2024-02-06 04:45:00+00:00;0.375;;
654611;unknown;control;2024-02-06 05:00:00+00:00;0.107;;
654611;unknown;control;2024-02-06 05:15:00+00:00;0.102;;
654611;unknown;control;2024-02-06 05:30:00+00:00;0.109;;
654611;unknown;control;2024-02-06 05:45:00+00:00;0.065;;
654611;unknown;control;2024-02-06 06:00:00+00:00;0.064;;
654611;unknown;control;2024-02-06 06:15:00+00:00;0.063;;
654611;unknown;control;2024-02-06 06:30:00+00:00;0.069;;
654611;unknown;control;2024-02-06 06:45:00+00:00;0.069;;
654611;unknown;control;2024-02-06 07:00:00+00:00;0.055;;
654611;unknown;control;2024-02-06 07:15:00+00:00;0.063;;
654611;unknown;control;2024-02-06 07:30:00+00:00;0.043;;
654611;unknown;control;2024-02-06 07:45:00+00:00;0.002;;
654611;unknown;control;2024-02-06 08:00:00+00:00;0.0;;
654611;unknown;control;2024-02-06 08:15:00+00:00;0.0;;
654611;unknown;control;2024-02-06 08:30:00+00:00;0.0;;
654611;unknown;control;2024-02-06 08:45:00+00:00;0.0;;
654611;unknown;control;2024-02-06 09:00:00+00:00;0.136;;
654611;unknown;control;2024-02-06 09:15:00+00:00;0.033;;
654611;unknown;control;2024-02-06 09:30:00+00:00;0.004;;
654611;unknown;control;2024-02-06 09:45:00+00:00;0.0;;
654611;unknown;control;2024-02-06 10:00:00+00:00;0.0;;
654611;unknown;control;2024-02-06 10:15:00+00:00;0.0;;
654611;unknown;control;2024-02-06 10:30:00+00:00;0.0;;
654611;unknown;control;2024-02-06 10:45:00+00:00;0.0;;
654611;unknown;control;2024-02-06 11:00:00+00:00;0.0;;
654611;unknown;control;2024-02-06 11:15:00+00:00;0.068;;
654611;unknown;control;2024-02-06 11:30:00+00:00;0.002;;
654611;unknown;control;2024-02-06 11:45:00+00:00;0.001;;
654611;unknown;control;2024-02-06 12:00:00+00:00;0.0;;
654611;unknown;control;2024-02-06 12:15:00+00:00;0.0;;
654611;unknown;control;2024-02-06 12:30:00+00:00;0.0;;
654611;unknown;control;2024-02-06 12:45:00+00:00;0.009;;
654611;unknown;control;2024-02-06 13:00:00+00:00;0.074;;
654611;unknown;control;2024-02-06 13:15:00+00:00;0.0;;
654611;unknown;control;2024-02-06 13:30:00+00:00;0.0;;
654611;unknown;control;2024-02-06 13:45:00+00:00;0.0;;
654611;unknown;control;2024-02-06 14:00:00+00:00;0.0;;
654611;unknown;control;2024-02-06 14:15:00+00:00;0.008;;
654611;unknown;control;2024-02-06 14:30:00+00:00;0.062;;
654611;unknown;control;2024-02-06 14:45:00+00:00;0.043;;
654611;unknown;control;2024-02-06 15:00:00+00:00;0.136;;
654611;unknown;control;2024-02-06 15:15:00+00:00;0.207;;
654611;unknown;control;2024-02-06 15:30:00+00:00;0.348;;
654611;unknown;control;2024-02-06 15:45:00+00:00;0.288;;
654611;unknown;control;2024-02-06 16:00:00+00:00;0.248;;
654611;unknown;control;2024-02-06 16:15:00+00:00;0.348;;
654611;unknown;control;2024-02-06 16:30:00+00:00;0.351;;
654611;unknown;control;2024-02-06 16:45:00+00:00;0.292;;
654611;unknown;control;2024-02-06 17:00:00+00:00;0.373;;
654611;unknown;control;2024-02-06 17:15:00+00:00;0.465;;
654611;unknown;control;2024-02-06 17:30:00+00:00;0.284;;
654611;unknown;control;2024-02-06 17:45:00+00:00;0.472;;
654611;unknown;control;2024-02-06 18:00:00+00:00;0.488;;
654611;unknown;control;2024-02-06 18:15:00+00:00;0.348;;
654611;unknown;control;2024-02-06 18:30:00+00:00;0.299;;
654611;unknown;control;2024-02-06 18:45:00+00:00;0.473;;
654611;unknown;control;2024-02-06 19:00:00+00:00;0.455;;
654611;unknown;control;2024-02-06 19:15:00+00:00;0.442;;
654611;unknown;control;2024-02-06 19:30:00+00:00;0.431;;
654611;unknown;control;2024-02-06 19:45:00+00:00;0.417;;
654611;unknown;control;2024-02-06 20:00:00+00:00;0.307;;
654611;unknown;control;2024-02-06 20:15:00+00:00;0.544;;
654611;unknown;control;2024-02-06 20:30:00+00:00;0.506;;
654611;unknown;control;2024-02-06 20:45:00+00:00;0.485;;
654611;unknown;control;2024-02-06 21:00:00+00:00;0.325;;
654611;unknown;control;2024-02-06 21:15:00+00:00;0.459;;
654611;unknown;control;2024-02-06 21:30:00+00:00;0.361;;
654611;unknown;control;2024-02-06 21:45:00+00:00;0.437;;
654611;unknown;control;2024-02-06 22:00:00+00:00;0.061;;
654611;unknown;control;2024-02-06 22:15:00+00:00;0.062;;
654611;unknown;control;2024-02-06 22:30:00+00:00;0.057;;
654611;unknown;control;2024-02-06 22:45:00+00:00;0.043;;
654611;unknown;control;2024-02-06 23:00:00+00:00;0.055;;
654611;unknown;control;2024-02-06 23:15:00+00:00;0.062;;
654611;unknown;control;2024-02-06 23:30:00+00:00;0.058;;
654611;unknown;control;2024-02-06 23:45:00+00:00;0.06;;
654611;unknown;control;2024-02-07 00:00:00+00:00;0.076;;
654611;unknown;control;2024-02-07 00:15:00+00:00;0.05;;
654611;unknown;control;2024-02-07 00:30:00+00:00;0.047;;
654611;unknown;control;2024-02-07 00:45:00+00:00;0.056;;
654611;unknown;control;2024-02-07 01:00:00+00:00;0.043;;
654611;unknown;control;2024-02-07 01:15:00+00:00;0.053;;
654611;unknown;control;2024-02-07 01:30:00+00:00;0.06;;
654611;unknown;control;2024-02-07 01:45:00+00:00;0.056;;
654611;unknown;control;2024-02-07 02:00:00+00:00;0.055;;
654611;unknown;control;2024-02-07 02:15:00+00:00;0.06;;
654611;unknown;control;2024-02-07 02:30:00+00:00;0.045;;
654611;unknown;control;2024-02-07 02:45:00+00:00;0.046;;
654611;unknown;control;2024-02-07 03:00:00+00:00;0.071;;
654611;unknown;control;2024-02-07 03:15:00+00:00;0.054;;
654611;unknown;control;2024-02-07 03:30:00+00:00;0.042;;
654611;unknown;control;2024-02-07 03:45:00+00:00;0.055;;
654611;unknown;control;2024-02-07 04:00:00+00:00;0.055;;
654611;unknown;control;2024-02-07 04:15:00+00:00;0.049;;
654611;unknown;control;2024-02-07 04:30:00+00:00;0.165;;
654611;unknown;control;2024-02-07 04:45:00+00:00;0.386;;
654611;unknown;control;2024-02-07 05:00:00+00:00;0.133;;
654611;unknown;control;2024-02-07 05:15:00+00:00;0.141;;
654611;unknown;control;2024-02-07 05:30:00+00:00;0.256;;
654611;unknown;control;2024-02-07 05:45:00+00:00;0.121;;
654611;unknown;control;2024-02-07 06:00:00+00:00;0.114;;
654611;unknown;control;2024-02-07 06:15:00+00:00;0.115;;
654611;unknown;control;2024-02-07 06:30:00+00:00;0.104;;
654611;unknown;control;2024-02-07 06:45:00+00:00;0.09;;
654611;unknown;control;2024-02-07 07:00:00+00:00;0.088;;
654611;unknown;control;2024-02-07 07:15:00+00:00;0.07;;
654611;unknown;control;2024-02-07 07:30:00+00:00;0.016;;
654611;unknown;control;2024-02-07 07:45:00+00:00;0.0;;
654611;unknown;control;2024-02-07 08:00:00+00:00;0.001;;
654611;unknown;control;2024-02-07 08:15:00+00:00;0.001;;
654611;unknown;control;2024-02-07 08:30:00+00:00;0.0;;
654611;unknown;control;2024-02-07 08:45:00+00:00;0.046;;
654611;unknown;control;2024-02-07 09:00:00+00:00;0.291;;
654611;unknown;control;2024-02-07 09:15:00+00:00;0.115;;
654611;unknown;control;2024-02-07 09:30:00+00:00;0.155;;
654611;unknown;control;2024-02-07 09:45:00+00:00;0.198;;
654611;unknown;control;2024-02-07 10:00:00+00:00;0.001;;
654611;unknown;control;2024-02-07 10:15:00+00:00;0.0;;
654611;unknown;control;2024-02-07 10:30:00+00:00;0.0;;
654611;unknown;control;2024-02-07 10:45:00+00:00;0.0;;
654611;unknown;control;2024-02-07 11:00:00+00:00;0.357;;
654611;unknown;control;2024-02-07 11:15:00+00:00;0.238;;
654611;unknown;control;2024-02-07 11:30:00+00:00;0.118;;
654611;unknown;control;2024-02-07 11:45:00+00:00;0.048;;
654611;unknown;control;2024-02-07 12:00:00+00:00;0.389;;
654611;unknown;control;2024-02-07 12:15:00+00:00;0.193;;
654611;unknown;control;2024-02-07 12:30:00+00:00;0.074;;
654611;unknown;control;2024-02-07 12:45:00+00:00;0.093;;
654611;unknown;control;2024-02-07 13:00:00+00:00;0.06;;
654611;unknown;control;2024-02-07 13:15:00+00:00;0.021;;
654611;unknown;control;2024-02-07 13:30:00+00:00;0.139;;
654611;unknown;control;2024-02-07 13:45:00+00:00;0.091;;
654611;unknown;control;2024-02-07 14:00:00+00:00;0.0;;
654611;unknown;control;2024-02-07 14:15:00+00:00;0.039;;
654611;unknown;control;2024-02-07 14:30:00+00:00;0.128;;
654611;unknown;control;2024-02-07 14:45:00+00:00;0.075;;
654611;unknown;control;2024-02-07 15:00:00+00:00;0.083;;
654611;unknown;control;2024-02-07 15:15:00+00:00;0.115;;
654611;unknown;control;2024-02-07 15:30:00+00:00;0.296;;
654611;unknown;control;2024-02-07 15:45:00+00:00;0.291;;
654611;unknown;control;2024-02-07 16:00:00+00:00;0.288;;
654611;unknown;control;2024-02-07 16:15:00+00:00;0.279;;
654611;unknown;control;2024-02-07 16:30:00+00:00;0.201;;
654611;unknown;control;2024-02-07 16:45:00+00:00;0.324;;
654611;unknown;control;2024-02-07 17:00:00+00:00;0.276;;
654611;unknown;control;2024-02-07 17:15:00+00:00;0.289;;
654611;unknown;control;2024-02-07 17:30:00+00:00;0.3;;
654611;unknown;control;2024-02-07 17:45:00+00:00;0.281;;
654611;unknown;control;2024-02-07 18:00:00+00:00;0.336;;
654611;unknown;control;2024-02-07 18:15:00+00:00;0.595;;
654611;unknown;control;2024-02-07 18:30:00+00:00;0.354;;
654611;unknown;control;2024-02-07 18:45:00+00:00;0.392;;
654611;unknown;control;2024-02-07 19:00:00+00:00;0.426;;
654611;unknown;control;2024-02-07 19:15:00+00:00;0.455;;
654611;unknown;control;2024-02-07 19:30:00+00:00;0.34;;
654611;unknown;control;2024-02-07 19:45:00+00:00;0.452;;
654611;unknown;control;2024-02-07 20:00:00+00:00;0.36;;
654611;unknown;control;2024-02-07 20:15:00+00:00;0.397;;
654611;unknown;control;2024-02-07 20:30:00+00:00;0.465;;
654611;unknown;control;2024-02-07 20:45:00+00:00;0.388;;
654611;unknown;control;2024-02-07 21:00:00+00:00;0.379;;
654611;unknown;control;2024-02-07 21:15:00+00:00;0.404;;
654611;unknown;control;2024-02-07 21:30:00+00:00;0.461;;
654611;unknown;control;2024-02-07 21:45:00+00:00;0.307;;
654611;unknown;control;2024-02-07 22:00:00+00:00;0.091;;
654611;unknown;control;2024-02-07 22:15:00+00:00;0.077;;
654611;unknown;control;2024-02-07 22:30:00+00:00;0.082;;
654611;unknown;control;2024-02-07 22:45:00+00:00;0.081;;
654611;unknown;control;2024-02-07 23:00:00+00:00;0.083;;
654611;unknown;control;2024-02-07 23:15:00+00:00;0.094;;
654611;unknown;control;2024-02-07 23:30:00+00:00;0.086;;
654611;unknown;control;2024-02-07 23:45:00+00:00;0.084;;
654611;unknown;control;2024-02-08 00:00:00+00:00;0.087;;
654611;unknown;control;2024-02-08 00:15:00+00:00;0.097;;
654611;unknown;control;2024-02-08 00:30:00+00:00;0.092;;
654611;unknown;control;2024-02-08 00:45:00+00:00;0.089;;
654611;unknown;control;2024-02-08 01:00:00+00:00;0.097;;
654611;unknown;control;2024-02-08 01:15:00+00:00;0.098;;
654611;unknown;control;2024-02-08 01:30:00+00:00;0.092;;
654611;unknown;control;2024-02-08 01:45:00+00:00;0.09;;
654611;unknown;control;2024-02-08 02:00:00+00:00;0.086;;
654611;unknown;control;2024-02-08 02:15:00+00:00;0.079;;
654611;unknown;control;2024-02-08 02:30:00+00:00;0.093;;
654611;unknown;control;2024-02-08 02:45:00+00:00;0.092;;
654611;unknown;control;2024-02-08 03:00:00+00:00;0.082;;
654611;unknown;control;2024-02-08 03:15:00+00:00;0.098;;
654611;unknown;control;2024-02-08 03:30:00+00:00;0.086;;
654611;unknown;control;2024-02-08 03:45:00+00:00;0.085;;
654611;unknown;control;2024-02-08 04:00:00+00:00;0.081;;
654611;unknown;control;2024-02-08 04:15:00+00:00;0.091;;
654611;unknown;control;2024-02-08 04:30:00+00:00;0.206;;
654611;unknown;control;2024-02-08 04:45:00+00:00;0.43;;
654611;unknown;control;2024-02-08 05:00:00+00:00;0.161;;
654611;unknown;control;2024-02-08 05:15:00+00:00;0.133;;
654611;unknown;control;2024-02-08 05:30:00+00:00;0.111;;
654611;unknown;control;2024-02-08 05:45:00+00:00;0.1;;
654611;unknown;control;2024-02-08 06:00:00+00:00;0.107;;
654611;unknown;control;2024-02-08 06:15:00+00:00;0.099;;
654611;unknown;control;2024-02-08 06:30:00+00:00;0.072;;
654611;unknown;control;2024-02-08 06:45:00+00:00;0.073;;
654611;unknown;control;2024-02-08 07:00:00+00:00;0.044;;
654611;unknown;control;2024-02-08 07:15:00+00:00;0.05;;
654611;unknown;control;2024-02-08 07:30:00+00:00;0.016;;
654611;unknown;control;2024-02-08 07:45:00+00:00;0.024;;
654611;unknown;control;2024-02-08 08:00:00+00:00;0.0;;
654611;unknown;control;2024-02-08 08:15:00+00:00;0.0;;
654611;unknown;control;2024-02-08 08:30:00+00:00;0.0;;
654611;unknown;control;2024-02-08 08:45:00+00:00;0.0;;
654611;unknown;control;2024-02-08 09:00:00+00:00;0.299;;
654611;unknown;control;2024-02-08 09:15:00+00:00;0.253;;
654611;unknown;control;2024-02-08 09:30:00+00:00;0.175;;
654611;unknown;control;2024-02-08 09:45:00+00:00;0.411;;
654611;unknown;control;2024-02-08 10:00:00+00:00;0.104;;
654611;unknown;control;2024-02-08 10:15:00+00:00;0.0;;
654611;unknown;control;2024-02-08 10:30:00+00:00;0.0;;
654611;unknown;control;2024-02-08 10:45:00+00:00;0.0;;
654611;unknown;control;2024-02-08 11:00:00+00:00;0.034;;
654611;unknown;control;2024-02-08 11:15:00+00:00;0.033;;
654611;unknown;control;2024-02-08 11:30:00+00:00;0.018;;
654611;unknown;control;2024-02-08 11:45:00+00:00;0.005;;
654611;unknown;control;2024-02-08 12:00:00+00:00;0.005;;
654611;unknown;control;2024-02-08 12:15:00+00:00;0.0;;
654611;unknown;control;2024-02-08 12:30:00+00:00;0.12;;
654611;unknown;control;2024-02-08 12:45:00+00:00;0.018;;
654611;unknown;control;2024-02-08 13:00:00+00:00;0.056;;
654611;unknown;control;2024-02-08 13:15:00+00:00;0.059;;
654611;unknown;control;2024-02-08 13:30:00+00:00;0.076;;
654611;unknown;control;2024-02-08 13:45:00+00:00;0.051;;
654611;unknown;control;2024-02-08 14:00:00+00:00;0.021;;
654611;unknown;control;2024-02-08 14:15:00+00:00;0.297;;
654611;unknown;control;2024-02-08 14:30:00+00:00;0.15;;
654611;unknown;control;2024-02-08 14:45:00+00:00;0.118;;
654611;unknown;control;2024-02-08 15:00:00+00:00;0.12;;
654611;unknown;control;2024-02-08 15:15:00+00:00;0.151;;
654611;unknown;control;2024-02-08 15:30:00+00:00;0.186;;
654611;unknown;control;2024-02-08 15:45:00+00:00;0.308;;
654611;unknown;control;2024-02-08 16:00:00+00:00;0.196;;
654611;unknown;control;2024-02-08 16:15:00+00:00;0.177;;
654611;unknown;control;2024-02-08 16:30:00+00:00;0.202;;
654611;unknown;control;2024-02-08 16:45:00+00:00;0.323;;
654611;unknown;control;2024-02-08 17:00:00+00:00;0.326;;
654611;unknown;control;2024-02-08 17:15:00+00:00;0.388;;
654611;unknown;control;2024-02-08 17:30:00+00:00;0.963;;
654611;unknown;control;2024-02-08 17:45:00+00:00;0.384;;
654611;unknown;control;2024-02-08 18:00:00+00:00;0.337;;
654611;unknown;control;2024-02-08 18:15:00+00:00;0.352;;
654611;unknown;control;2024-02-08 18:30:00+00:00;0.31;;
654611;unknown;control;2024-02-08 18:45:00+00:00;0.35;;
654611;unknown;control;2024-02-08 19:00:00+00:00;0.444;;
654611;unknown;control;2024-02-08 19:15:00+00:00;0.26;;
654611;unknown;control;2024-02-08 19:30:00+00:00;0.351;;
654611;unknown;control;2024-02-08 19:45:00+00:00;0.313;;
654611;unknown;control;2024-02-08 20:00:00+00:00;0.588;;
654611;unknown;control;2024-02-08 20:15:00+00:00;0.513;;
654611;unknown;control;2024-02-08 20:30:00+00:00;0.531;;
654611;unknown;control;2024-02-08 20:45:00+00:00;0.527;;
654611;unknown;control;2024-02-08 21:00:00+00:00;0.427;;
654611;unknown;control;2024-02-08 21:15:00+00:00;0.511;;
654611;unknown;control;2024-02-08 21:30:00+00:00;0.244;;
654611;unknown;control;2024-02-08 21:45:00+00:00;0.225;;
654611;unknown;control;2024-02-08 22:00:00+00:00;0.054;;
654611;unknown;control;2024-02-08 22:15:00+00:00;0.074;;
654611;unknown;control;2024-02-08 22:30:00+00:00;0.06;;
654611;unknown;control;2024-02-08 22:45:00+00:00;0.045;;
654611;unknown;control;2024-02-08 23:00:00+00:00;0.055;;
654611;unknown;control;2024-02-08 23:15:00+00:00;0.046;;
654611;unknown;control;2024-02-08 23:30:00+00:00;0.051;;
654611;unknown;control;2024-02-08 23:45:00+00:00;0.061;;
654611;unknown;control;2024-02-09 00:00:00+00:00;0.047;;
654611;unknown;control;2024-02-09 00:15:00+00:00;0.043;;
654611;unknown;control;2024-02-09 00:30:00+00:00;0.056;;
654611;unknown;control;2024-02-09 00:45:00+00:00;0.049;;
654611;unknown;control;2024-02-09 01:00:00+00:00;0.049;;
654611;unknown;control;2024-02-09 01:15:00+00:00;0.071;;
654611;unknown;control;2024-02-09 01:30:00+00:00;0.07;;
654611;unknown;control;2024-02-09 01:45:00+00:00;0.064;;
654611;unknown;control;2024-02-09 02:00:00+00:00;0.071;;
654611;unknown;control;2024-02-09 02:15:00+00:00;0.05;;
654611;unknown;control;2024-02-09 02:30:00+00:00;0.052;;
654611;unknown;control;2024-02-09 02:45:00+00:00;0.057;;
654611;unknown;control;2024-02-09 03:00:00+00:00;0.064;;
654611;unknown;control;2024-02-09 03:15:00+00:00;0.059;;
654611;unknown;control;2024-02-09 03:30:00+00:00;0.056;;
654611;unknown;control;2024-02-09 03:45:00+00:00;0.056;;
654611;unknown;control;2024-02-09 04:00:00+00:00;0.049;;
654611;unknown;control;2024-02-09 04:15:00+00:00;0.049;;
654611;unknown;control;2024-02-09 04:30:00+00:00;0.15;;
654611;unknown;control;2024-02-09 04:45:00+00:00;0.374;;
654611;unknown;control;2024-02-09 05:00:00+00:00;0.127;;
654611;unknown;control;2024-02-09 05:15:00+00:00;0.111;;
654611;unknown;control;2024-02-09 05:30:00+00:00;0.131;;
654611;unknown;control;2024-02-09 05:45:00+00:00;0.186;;
654611;unknown;control;2024-02-09 06:00:00+00:00;0.21;;
654611;unknown;control;2024-02-09 06:15:00+00:00;0.116;;
654611;unknown;control;2024-02-09 06:30:00+00:00;0.108;;
654611;unknown;control;2024-02-09 06:45:00+00:00;0.112;;
654611;unknown;control;2024-02-09 07:00:00+00:00;0.121;;
654611;unknown;control;2024-02-09 07:15:00+00:00;0.125;;
654611;unknown;control;2024-02-09 07:30:00+00:00;0.082;;
654611;unknown;control;2024-02-09 07:45:00+00:00;0.091;;
654611;unknown;control;2024-02-09 08:00:00+00:00;0.26;;
654611;unknown;control;2024-02-09 08:15:00+00:00;0.15;;
654611;unknown;control;2024-02-09 08:30:00+00:00;0.08;;
654611;unknown;control;2024-02-09 08:45:00+00:00;0.066;;
654611;unknown;control;2024-02-09 09:00:00+00:00;0.379;;
654611;unknown;control;2024-02-09 09:15:00+00:00;0.207;;
654611;unknown;control;2024-02-09 09:30:00+00:00;0.202;;
654611;unknown;control;2024-02-09 09:45:00+00:00;0.227;;
654611;unknown;control;2024-02-09 10:00:00+00:00;0.149;;
654611;unknown;control;2024-02-09 10:15:00+00:00;0.074;;
654611;unknown;control;2024-02-09 10:30:00+00:00;0.057;;
654611;unknown;control;2024-02-09 10:45:00+00:00;0.062;;
654611;unknown;control;2024-02-09 11:00:00+00:00;0.648;;
654611;unknown;control;2024-02-09 11:15:00+00:00;0.394;;
654611;unknown;control;2024-02-09 11:30:00+00:00;0.31;;
654611;unknown;control;2024-02-09 11:45:00+00:00;0.274;;
654611;unknown;control;2024-02-09 12:00:00+00:00;0.493;;
654611;unknown;control;2024-02-09 12:15:00+00:00;0.285;;
654611;unknown;control;2024-02-09 12:30:00+00:00;0.174;;
654611;unknown;control;2024-02-09 12:45:00+00:00;0.18;;
654611;unknown;control;2024-02-09 13:00:00+00:00;0.241;;
654611;unknown;control;2024-02-09 13:15:00+00:00;0.332;;
654611;unknown;control;2024-02-09 13:30:00+00:00;0.353;;
654611;unknown;control;2024-02-09 13:45:00+00:00;0.22;;
654611;unknown;control;2024-02-09 14:00:00+00:00;0.604;;
654611;unknown;control;2024-02-09 14:15:00+00:00;0.461;;
654611;unknown;control;2024-02-09 14:30:00+00:00;0.422;;
654611;unknown;control;2024-02-09 14:45:00+00:00;0.251;;
654611;unknown;control;2024-02-09 15:00:00+00:00;0.406;;
654611;unknown;control;2024-02-09 15:15:00+00:00;0.323;;
654611;unknown;control;2024-02-09 15:30:00+00:00;0.387;;
654611;unknown;control;2024-02-09 15:45:00+00:00;0.406;;
654611;unknown;control;2024-02-09 16:00:00+00:00;0.363;;
654611;unknown;control;2024-02-09 16:15:00+00:00;0.323;;
654611;unknown;control;2024-02-09 16:30:00+00:00;0.312;;
654611;unknown;control;2024-02-09 16:45:00+00:00;0.405;;
654611;unknown;control;2024-02-09 17:00:00+00:00;0.379;;
654611;unknown;control;2024-02-09 17:15:00+00:00;0.253;;
654611;unknown;control;2024-02-09 17:30:00+00:00;0.14;;
654611;unknown;control;2024-02-09 17:45:00+00:00;0.132;;
654611;unknown;control;2024-02-09 18:00:00+00:00;0.201;;
654611;unknown;control;2024-02-09 18:15:00+00:00;0.141;;
654611;unknown;control;2024-02-09 18:30:00+00:00;0.144;;
654611;unknown;control;2024-02-09 18:45:00+00:00;0.11;;
654611;unknown;control;2024-02-09 19:00:00+00:00;0.412;;
654611;unknown;control;2024-02-09 19:15:00+00:00;0.306;;
654611;unknown;control;2024-02-09 19:30:00+00:00;0.056;;
654611;unknown;control;2024-02-09 19:45:00+00:00;0.051;;
654611;unknown;control;2024-02-09 20:00:00+00:00;0.054;;
654611;unknown;control;2024-02-09 20:15:00+00:00;0.069;;
654611;unknown;control;2024-02-09 20:30:00+00:00;0.056;;
654611;unknown;control;2024-02-09 20:45:00+00:00;0.057;;
654611;unknown;control;2024-02-09 21:00:00+00:00;0.059;;
654611;unknown;control;2024-02-09 21:15:00+00:00;0.045;;
654611;unknown;control;2024-02-09 21:30:00+00:00;0.048;;
654611;unknown;control;2024-02-09 21:45:00+00:00;0.055;;
654611;unknown;control;2024-02-09 22:00:00+00:00;0.049;;
654611;unknown;control;2024-02-09 22:15:00+00:00;0.052;;
654611;unknown;control;2024-02-09 22:30:00+00:00;0.068;;
654611;unknown;control;2024-02-09 22:45:00+00:00;0.056;;
654611;unknown;control;2024-02-09 23:00:00+00:00;0.054;;
654611;unknown;control;2024-02-09 23:15:00+00:00;0.053;;
654611;unknown;control;2024-02-09 23:30:00+00:00;0.05;;
654611;unknown;control;2024-02-09 23:45:00+00:00;0.053;;
654611;unknown;control;2024-02-10 00:00:00+00:00;0.045;;
654611;unknown;control;2024-02-10 00:15:00+00:00;0.049;;
654611;unknown;control;2024-02-10 00:30:00+00:00;0.046;;
654611;unknown;control;2024-02-10 00:45:00+00:00;0.043;;
654611;unknown;control;2024-02-10 01:00:00+00:00;0.05;;
654611;unknown;control;2024-02-10 01:15:00+00:00;0.061;;
654611;unknown;control;2024-02-10 01:30:00+00:00;0.059;;
654611;unknown;control;2024-02-10 01:45:00+00:00;0.067;;
654611;unknown;control;2024-02-10 02:00:00+00:00;0.077;;
654611;unknown;control;2024-02-10 02:15:00+00:00;0.046;;
654611;unknown;control;2024-02-10 02:30:00+00:00;0.047;;
654611;unknown;control;2024-02-10 02:45:00+00:00;0.053;;
654611;unknown;control;2024-02-10 03:00:00+00:00;0.047;;
654611;unknown;control;2024-02-10 03:15:00+00:00;0.049;;
654611;unknown;control;2024-02-10 03:30:00+00:00;0.054;;
654611;unknown;control;2024-02-10 03:45:00+00:00;0.044;;
654611;unknown;control;2024-02-10 04:00:00+00:00;0.051;;
654611;unknown;control;2024-02-10 04:15:00+00:00;0.061;;
654611;unknown;control;2024-02-10 04:30:00+00:00;0.051;;
654611;unknown;control;2024-02-10 04:45:00+00:00;0.056;;
654611;unknown;control;2024-02-10 05:00:00+00:00;0.064;;
654611;unknown;control;2024-02-10 05:15:00+00:00;0.069;;
654611;unknown;control;2024-02-10 05:30:00+00:00;0.065;;
654611;unknown;control;2024-02-10 05:45:00+00:00;0.054;;
654611;unknown;control;2024-02-10 06:00:00+00:00;0.048;;
654611;unknown;control;2024-02-10 06:15:00+00:00;0.042;;
654611;unknown;control;2024-02-10 06:30:00+00:00;0.056;;
654611;unknown;control;2024-02-10 06:45:00+00:00;0.053;;
654611;unknown;control;2024-02-10 07:00:00+00:00;0.049;;
654611;unknown;control;2024-02-10 07:15:00+00:00;0.054;;
654611;unknown;control;2024-02-10 07:30:00+00:00;0.063;;
654611;unknown;control;2024-02-10 07:45:00+00:00;0.055;;
654611;unknown;control;2024-02-10 08:00:00+00:00;0.035;;
654611;unknown;control;2024-02-10 08:15:00+00:00;0.036;;
654611;unknown;control;2024-02-10 08:30:00+00:00;0.028;;
654611;unknown;control;2024-02-10 08:45:00+00:00;0.043;;
654611;unknown;control;2024-02-10 09:00:00+00:00;0.421;;
654611;unknown;control;2024-02-10 09:15:00+00:00;0.418;;
654611;unknown;control;2024-02-10 09:30:00+00:00;0.212;;
654611;unknown;control;2024-02-10 09:45:00+00:00;0.227;;
654611;unknown;control;2024-02-10 10:00:00+00:00;0.316;;
654611;unknown;control;2024-02-10 10:15:00+00:00;0.247;;
654611;unknown;control;2024-02-10 10:30:00+00:00;0.137;;
654611;unknown;control;2024-02-10 10:45:00+00:00;0.02;;
654611;unknown;control;2024-02-10 11:00:00+00:00;0.0;;
654611;unknown;control;2024-02-10 11:15:00+00:00;0.0;;
654611;unknown;control;2024-02-10 11:30:00+00:00;0.0;;
654611;unknown;control;2024-02-10 11:45:00+00:00;0.087;;
654611;unknown;control;2024-02-10 12:00:00+00:00;0.0;;
654611;unknown;control;2024-02-10 12:15:00+00:00;0.0;;
654611;unknown;control;2024-02-10 12:30:00+00:00;0.001;;
654611;unknown;control;2024-02-10 12:45:00+00:00;0.0;;
654611;unknown;control;2024-02-10 13:00:00+00:00;0.0;;
654611;unknown;control;2024-02-10 13:15:00+00:00;0.142;;
654611;unknown;control;2024-02-10 13:30:00+00:00;0.0;;
654611;unknown;control;2024-02-10 13:45:00+00:00;0.0;;
654611;unknown;control;2024-02-10 14:00:00+00:00;0.097;;
654611;unknown;control;2024-02-10 14:15:00+00:00;0.045;;
654611;unknown;control;2024-02-10 14:30:00+00:00;0.185;;
654611;unknown;control;2024-02-10 14:45:00+00:00;0.246;;
654611;unknown;control;2024-02-10 15:00:00+00:00;0.142;;
654611;unknown;control;2024-02-10 15:15:00+00:00;0.152;;
654611;unknown;control;2024-02-10 15:30:00+00:00;0.192;;
654611;unknown;control;2024-02-10 15:45:00+00:00;0.226;;
654611;unknown;control;2024-02-10 16:00:00+00:00;0.216;;
654611;unknown;control;2024-02-10 16:15:00+00:00;0.213;;
654611;unknown;control;2024-02-10 16:30:00+00:00;0.349;;
654611;unknown;control;2024-02-10 16:45:00+00:00;0.223;;
654611;unknown;control;2024-02-10 17:00:00+00:00;0.274;;
654611;unknown;control;2024-02-10 17:15:00+00:00;0.227;;
654611;unknown;control;2024-02-10 17:30:00+00:00;0.189;;
654611;unknown;control;2024-02-10 17:45:00+00:00;0.212;;
654611;unknown;control;2024-02-10 18:00:00+00:00;0.363;;
654611;unknown;control;2024-02-10 18:15:00+00:00;0.3;;
654611;unknown;control;2024-02-10 18:30:00+00:00;0.225;;
654611;unknown;control;2024-02-10 18:45:00+00:00;0.25;;
654611;unknown;control;2024-02-10 19:00:00+00:00;0.304;;
654611;unknown;control;2024-02-10 19:15:00+00:00;0.313;;
654611;unknown;control;2024-02-10 19:30:00+00:00;0.248;;
654611;unknown;control;2024-02-10 19:45:00+00:00;0.225;;
654611;unknown;control;2024-02-10 20:00:00+00:00;0.288;;
654611;unknown;control;2024-02-10 20:15:00+00:00;0.252;;
654611;unknown;control;2024-02-10 20:30:00+00:00;0.243;;
654611;unknown;control;2024-02-10 20:45:00+00:00;0.272;;
654611;unknown;control;2024-02-10 21:00:00+00:00;0.279;;
654611;unknown;control;2024-02-10 21:15:00+00:00;0.307;;
654611;unknown;control;2024-02-10 21:30:00+00:00;0.164;;
654611;unknown;control;2024-02-10 21:45:00+00:00;0.317;;
654611;unknown;control;2024-02-10 22:00:00+00:00;0.049;;
654611;unknown;control;2024-02-10 22:15:00+00:00;0.059;;
654611;unknown;control;2024-02-10 22:30:00+00:00;0.053;;
654611;unknown;control;2024-02-10 22:45:00+00:00;0.05;;
654611;unknown;control;2024-02-10 23:00:00+00:00;0.048;;
654611;unknown;control;2024-02-10 23:15:00+00:00;0.05;;
654611;unknown;control;2024-02-10 23:30:00+00:00;0.05;;
654611;unknown;control;2024-02-10 23:45:00+00:00;0.051;;
654611;unknown;control;2024-02-11 00:00:00+00:00;0.062;;
654611;unknown;control;2024-02-11 00:15:00+00:00;0.059;;
654611;unknown;control;2024-02-11 00:30:00+00:00;0.045;;
654611;unknown;control;2024-02-11 00:45:00+00:00;0.049;;
654611;unknown;control;2024-02-11 01:00:00+00:00;0.049;;
654611;unknown;control;2024-02-11 01:15:00+00:00;0.049;;
654611;unknown;control;2024-02-11 01:30:00+00:00;0.059;;
654611;unknown;control;2024-02-11 01:45:00+00:00;0.077;;
654611;unknown;control;2024-02-11 02:00:00+00:00;0.052;;
654611;unknown;control;2024-02-11 02:15:00+00:00;0.054;;
654611;unknown;control;2024-02-11 02:30:00+00:00;0.053;;
654611;unknown;control;2024-02-11 02:45:00+00:00;0.042;;
654611;unknown;control;2024-02-11 03:00:00+00:00;0.053;;
654611;unknown;control;2024-02-11 03:15:00+00:00;0.059;;
654611;unknown;control;2024-02-11 03:30:00+00:00;0.066;;
654611;unknown;control;2024-02-11 03:45:00+00:00;0.043;;
654611;unknown;control;2024-02-11 04:00:00+00:00;0.062;;
654611;unknown;control;2024-02-11 04:15:00+00:00;0.051;;
654611;unknown;control;2024-02-11 04:30:00+00:00;0.043;;
654611;unknown;control;2024-02-11 04:45:00+00:00;0.061;;
654611;unknown;control;2024-02-11 05:00:00+00:00;0.065;;
654611;unknown;control;2024-02-11 05:15:00+00:00;0.06;;
654611;unknown;control;2024-02-11 05:30:00+00:00;0.055;;
654611;unknown;control;2024-02-11 05:45:00+00:00;0.059;;
654611;unknown;control;2024-02-11 06:00:00+00:00;0.048;;
654611;unknown;control;2024-02-11 06:15:00+00:00;0.055;;
654611;unknown;control;2024-02-11 06:30:00+00:00;0.074;;
654611;unknown;control;2024-02-11 06:45:00+00:00;0.057;;
654611;unknown;control;2024-02-11 07:00:00+00:00;0.065;;
654611;unknown;control;2024-02-11 07:15:00+00:00;0.054;;
654611;unknown;control;2024-02-11 07:30:00+00:00;0.022;;
654611;unknown;control;2024-02-11 07:45:00+00:00;0.01;;
654611;unknown;control;2024-02-11 08:00:00+00:00;0.012;;
654611;unknown;control;2024-02-11 08:15:00+00:00;0.0;;
654611;unknown;control;2024-02-11 08:30:00+00:00;0.0;;
654611;unknown;control;2024-02-11 08:45:00+00:00;0.0;;
654611;unknown;control;2024-02-11 09:00:00+00:00;0.36;;
654611;unknown;control;2024-02-11 09:15:00+00:00;0.4;;
654611;unknown;control;2024-02-11 09:30:00+00:00;0.19;;
654611;unknown;control;2024-02-11 09:45:00+00:00;0.188;;
654611;unknown;control;2024-02-11 10:00:00+00:00;0.068;;
654611;unknown;control;2024-02-11 10:15:00+00:00;0.001;;
654611;unknown;control;2024-02-11 10:30:00+00:00;0.1;;
654611;unknown;control;2024-02-11 10:45:00+00:00;0.0;;
654611;unknown;control;2024-02-11 11:00:00+00:00;0.0;;
654611;unknown;control;2024-02-11 11:15:00+00:00;0.0;;
654611;unknown;control;2024-02-11 11:30:00+00:00;0.0;;
654611;unknown;control;2024-02-11 11:45:00+00:00;0.0;;
654611;unknown;control;2024-02-11 12:00:00+00:00;0.0;;
654611;unknown;control;2024-02-11 12:15:00+00:00;0.087;;
654611;unknown;control;2024-02-11 12:30:00+00:00;0.0;;
654611;unknown;control;2024-02-11 12:45:00+00:00;0.0;;
654611;unknown;control;2024-02-11 13:00:00+00:00;0.044;;
654611;unknown;control;2024-02-11 13:15:00+00:00;0.076;;
654611;unknown;control;2024-02-11 13:30:00+00:00;0.037;;
654611;unknown;control;2024-02-11 13:45:00+00:00;0.099;;
654611;unknown;control;2024-02-11 14:00:00+00:00;0.301;;
654611;unknown;control;2024-02-11 14:15:00+00:00;0.135;;
654611;unknown;control;2024-02-11 14:30:00+00:00;0.15;;
654611;unknown;control;2024-02-11 14:45:00+00:00;0.213;;
654611;unknown;control;2024-02-11 15:00:00+00:00;0.141;;
654611;unknown;control;2024-02-11 15:15:00+00:00;0.152;;
654611;unknown;control;2024-02-11 15:30:00+00:00;0.258;;
654611;unknown;control;2024-02-11 15:45:00+00:00;0.524;;
654611;unknown;control;2024-02-11 16:00:00+00:00;0.577;;
654611;unknown;control;2024-02-11 16:15:00+00:00;0.287;;
654611;unknown;control;2024-02-11 16:30:00+00:00;0.265;;
654611;unknown;control;2024-02-11 16:45:00+00:00;0.297;;
654611;unknown;control;2024-02-11 17:00:00+00:00;0.729;;
654611;unknown;control;2024-02-11 17:15:00+00:00;0.513;;
654611;unknown;control;2024-02-11 17:30:00+00:00;0.499;;
654611;unknown;control;2024-02-11 17:45:00+00:00;0.442;;
654611;unknown;control;2024-02-11 18:00:00+00:00;0.588;;
654611;unknown;control;2024-02-11 18:15:00+00:00;0.577;;
654611;unknown;control;2024-02-11 18:30:00+00:00;0.473;;
654611;unknown;control;2024-02-11 18:45:00+00:00;0.416;;
654611;unknown;control;2024-02-11 19:00:00+00:00;0.478;;
654611;unknown;control;2024-02-11 19:15:00+00:00;0.48;;
654611;unknown;control;2024-02-11 19:30:00+00:00;0.332;;
654611;unknown;control;2024-02-11 19:45:00+00:00;0.327;;
654611;unknown;control;2024-02-11 20:00:00+00:00;0.474;;
654611;unknown;control;2024-02-11 20:15:00+00:00;0.437;;
654611;unknown;control;2024-02-11 20:30:00+00:00;0.408;;
654611;unknown;control;2024-02-11 20:45:00+00:00;0.39;;
654611;unknown;control;2024-02-11 21:00:00+00:00;0.346;;
654611;unknown;control;2024-02-11 21:15:00+00:00;0.326;;
654611;unknown;control;2024-02-11 21:30:00+00:00;0.449;;
654611;unknown;control;2024-02-11 21:45:00+00:00;0.379;;
654611;unknown;control;2024-02-11 22:00:00+00:00;0.092;;
654611;unknown;control;2024-02-11 22:15:00+00:00;0.051;;
654611;unknown;control;2024-02-11 22:30:00+00:00;0.05;;
654611;unknown;control;2024-02-11 22:45:00+00:00;0.057;;
654611;unknown;control;2024-02-11 23:00:00+00:00;0.058;;
654611;unknown;control;2024-02-11 23:15:00+00:00;0.057;;
654611;unknown;control;2024-02-11 23:30:00+00:00;0.075;;
654611;unknown;control;2024-02-11 23:45:00+00:00;0.057;;
654611;unknown;control;2024-02-12 00:00:00+00:00;0.051;;
654611;unknown;control;2024-02-12 00:15:00+00:00;0.054;;
654611;unknown;control;2024-02-12 00:30:00+00:00;0.051;;
654611;unknown;control;2024-02-12 00:45:00+00:00;0.066;;
654611;unknown;control;2024-02-12 01:00:00+00:00;0.062;;
654611;unknown;control;2024-02-12 01:15:00+00:00;0.063;;
654611;unknown;control;2024-02-12 01:30:00+00:00;0.049;;
654611;unknown;control;2024-02-12 01:45:00+00:00;0.053;;
654611;unknown;control;2024-02-12 02:00:00+00:00;0.043;;
654611;unknown;control;2024-02-12 02:15:00+00:00;0.051;;
654611;unknown;control;2024-02-12 02:30:00+00:00;0.06;;
654611;unknown;control;2024-02-12 02:45:00+00:00;0.048;;
654611;unknown;control;2024-02-12 03:00:00+00:00;0.076;;
654611;unknown;control;2024-02-12 03:15:00+00:00;0.063;;
654611;unknown;control;2024-02-12 03:30:00+00:00;0.056;;
654611;unknown;control;2024-02-12 03:45:00+00:00;0.054;;
654611;unknown;control;2024-02-12 04:00:00+00:00;0.06;;
654611;unknown;control;2024-02-12 04:15:00+00:00;0.063;;
654611;unknown;control;2024-02-12 04:30:00+00:00;0.163;;
654611;unknown;control;2024-02-12 04:45:00+00:00;0.381;;
654611;unknown;control;2024-02-12 05:00:00+00:00;0.091;;
654611;unknown;control;2024-02-12 05:15:00+00:00;0.107;;
654611;unknown;control;2024-02-12 05:30:00+00:00;0.112;;
654611;unknown;control;2024-02-12 05:45:00+00:00;0.081;;
654611;unknown;control;2024-02-12 06:00:00+00:00;0.07;;
654611;unknown;control;2024-02-12 06:15:00+00:00;0.066;;
654611;unknown;control;2024-02-12 06:30:00+00:00;0.069;;
654611;unknown;control;2024-02-12 06:45:00+00:00;0.061;;
654611;unknown;control;2024-02-12 07:00:00+00:00;0.055;;
654611;unknown;control;2024-02-12 07:15:00+00:00;0.056;;
654611;unknown;control;2024-02-12 07:30:00+00:00;0.062;;
654611;unknown;control;2024-02-12 07:45:00+00:00;0.153;;
654611;unknown;control;2024-02-12 08:00:00+00:00;0.02;;
654611;unknown;control;2024-02-12 08:15:00+00:00;0.01;;
654611;unknown;control;2024-02-12 08:30:00+00:00;0.0;;
654611;unknown;control;2024-02-12 08:45:00+00:00;0.004;;
654611;unknown;control;2024-02-12 09:00:00+00:00;0.361;;
654611;unknown;control;2024-02-12 09:15:00+00:00;0.377;;
654611;unknown;control;2024-02-12 09:30:00+00:00;0.25;;
654611;unknown;control;2024-02-12 09:45:00+00:00;0.346;;
654611;unknown;control;2024-02-12 10:00:00+00:00;0.043;;
654611;unknown;control;2024-02-12 10:15:00+00:00;0.038;;
654611;unknown;control;2024-02-12 10:30:00+00:00;0.0;;
654611;unknown;control;2024-02-12 10:45:00+00:00;0.0;;
654611;unknown;control;2024-02-12 11:00:00+00:00;0.12;;
654611;unknown;control;2024-02-12 11:15:00+00:00;0.128;;
654611;unknown;control;2024-02-12 11:30:00+00:00;0.027;;
654611;unknown;control;2024-02-12 11:45:00+00:00;0.018;;
654611;unknown;control;2024-02-12 12:00:00+00:00;0.1;;
654611;unknown;control;2024-02-12 12:15:00+00:00;0.109;;
654611;unknown;control;2024-02-12 12:30:00+00:00;0.301;;
654611;unknown;control;2024-02-12 12:45:00+00:00;0.218;;
654611;unknown;control;2024-02-12 13:00:00+00:00;0.309;;
654611;unknown;control;2024-02-12 13:15:00+00:00;0.122;;
654611;unknown;control;2024-02-12 13:30:00+00:00;0.164;;
654611;unknown;control;2024-02-12 13:45:00+00:00;0.198;;
654611;unknown;control;2024-02-12 14:00:00+00:00;0.48;;
654611;unknown;control;2024-02-12 14:15:00+00:00;0.281;;
654611;unknown;control;2024-02-12 14:30:00+00:00;0.271;;
654611;unknown;control;2024-02-12 14:45:00+00:00;0.299;;
654611;unknown;control;2024-02-12 15:00:00+00:00;0.292;;
654611;unknown;control;2024-02-12 15:15:00+00:00;0.272;;
654611;unknown;control;2024-02-12 15:30:00+00:00;0.201;;
654611;unknown;control;2024-02-12 15:45:00+00:00;0.304;;
654611;unknown;control;2024-02-12 16:00:00+00:00;0.329;;
654611;unknown;control;2024-02-12 16:15:00+00:00;0.277;;
654611;unknown;control;2024-02-12 16:30:00+00:00;0.402;;
654611;unknown;control;2024-02-12 16:45:00+00:00;0.313;;
654611;unknown;control;2024-02-12 17:00:00+00:00;0.353;;
654611;unknown;control;2024-02-12 17:15:00+00:00;0.363;;
654611;unknown;control;2024-02-12 17:30:00+00:00;0.257;;
654611;unknown;control;2024-02-12 17:45:00+00:00;0.353;;
654611;unknown;control;2024-02-12 18:00:00+00:00;0.29;;
654611;unknown;control;2024-02-12 18:15:00+00:00;0.264;;
654611;unknown;control;2024-02-12 18:30:00+00:00;0.282;;
654611;unknown;control;2024-02-12 18:45:00+00:00;0.323;;
654611;unknown;control;2024-02-12 19:00:00+00:00;0.412;;
654611;unknown;control;2024-02-12 19:15:00+00:00;0.452;;
654611;unknown;control;2024-02-12 19:30:00+00:00;0.583;;
654611;unknown;control;2024-02-12 19:45:00+00:00;0.459;;
654611;unknown;control;2024-02-12 20:00:00+00:00;0.345;;
654611;unknown;control;2024-02-12 20:15:00+00:00;0.434;;
654611;unknown;control;2024-02-12 20:30:00+00:00;0.449;;
654611;unknown;control;2024-02-12 20:45:00+00:00;0.407;;
654611;unknown;control;2024-02-12 21:00:00+00:00;0.39;;
654611;unknown;control;2024-02-12 21:15:00+00:00;0.396;;
654611;unknown;control;2024-02-12 21:30:00+00:00;0.485;;
654611;unknown;control;2024-02-12 21:45:00+00:00;0.386;;
654611;unknown;control;2024-02-12 22:00:00+00:00;0.057;;
654611;unknown;control;2024-02-12 22:15:00+00:00;0.058;;
654611;unknown;control;2024-02-12 22:30:00+00:00;0.058;;
654611;unknown;control;2024-02-12 22:45:00+00:00;0.063;;
654611;unknown;control;2024-02-12 23:00:00+00:00;0.064;;
654611;unknown;control;2024-02-12 23:15:00+00:00;0.079;;
654611;unknown;control;2024-02-12 23:30:00+00:00;0.067;;
654611;unknown;control;2024-02-12 23:45:00+00:00;0.05;;
654611;unknown;control;2024-02-13 00:00:00+00:00;0.049;;
654611;unknown;control;2024-02-13 00:15:00+00:00;0.056;;
654611;unknown;control;2024-02-13 00:30:00+00:00;0.05;;
654611;unknown;control;2024-02-13 00:45:00+00:00;0.049;;
654611;unknown;control;2024-02-13 01:00:00+00:00;0.07;;
654611;unknown;control;2024-02-13 01:15:00+00:00;0.043;;
654611;unknown;control;2024-02-13 01:30:00+00:00;0.044;;
654611;unknown;control;2024-02-13 01:45:00+00:00;0.056;;
654611;unknown;control;2024-02-13 02:00:00+00:00;0.056;;
654611;unknown;control;2024-02-13 02:15:00+00:00;0.066;;
654611;unknown;control;2024-02-13 02:30:00+00:00;0.1;;
654611;unknown;control;2024-02-13 02:45:00+00:00;0.07;;
654611;unknown;control;2024-02-13 03:00:00+00:00;0.059;;
654611;unknown;control;2024-02-13 03:15:00+00:00;0.062;;
654611;unknown;control;2024-02-13 03:30:00+00:00;0.053;;
654611;unknown;control;2024-02-13 03:45:00+00:00;0.055;;
654611;unknown;control;2024-02-13 04:00:00+00:00;0.071;;
654611;unknown;control;2024-02-13 04:15:00+00:00;0.058;;
654611;unknown;control;2024-02-13 04:30:00+00:00;0.166;;
654611;unknown;control;2024-02-13 04:45:00+00:00;0.386;;
654611;unknown;control;2024-02-13 05:00:00+00:00;0.095;;
654611;unknown;control;2024-02-13 05:15:00+00:00;0.102;;
654611;unknown;control;2024-02-13 05:30:00+00:00;0.097;;
654611;unknown;control;2024-02-13 05:45:00+00:00;0.074;;
654611;unknown;control;2024-02-13 06:00:00+00:00;0.062;;
654611;unknown;control;2024-02-13 06:15:00+00:00;0.071;;
654611;unknown;control;2024-02-13 06:30:00+00:00;0.054;;
654611;unknown;control;2024-02-13 06:45:00+00:00;0.033;;
654611;unknown;control;2024-02-13 07:00:00+00:00;0.0;;
654611;unknown;control;2024-02-13 07:15:00+00:00;0.0;;
654611;unknown;control;2024-02-13 07:30:00+00:00;0.0;;
654611;unknown;control;2024-02-13 07:45:00+00:00;0.0;;
654611;unknown;control;2024-02-13 08:00:00+00:00;0.0;;
654611;unknown;control;2024-02-13 08:15:00+00:00;0.0;;
654611;unknown;control;2024-02-13 08:30:00+00:00;0.0;;
654611;unknown;control;2024-02-13 08:45:00+00:00;0.0;;
654611;unknown;control;2024-02-13 09:00:00+00:00;0.001;;
654611;unknown;control;2024-02-13 09:15:00+00:00;0.094;;
654611;unknown;control;2024-02-13 09:30:00+00:00;0.0;;
654611;unknown;control;2024-02-13 09:45:00+00:00;0.0;;
654611;unknown;control;2024-02-13 10:00:00+00:00;0.0;;
654611;unknown;control;2024-02-13 10:15:00+00:00;0.0;;
654611;unknown;control;2024-02-13 10:30:00+00:00;0.0;;
654611;unknown;control;2024-02-13 10:45:00+00:00;0.0;;
654611;unknown;control;2024-02-13 11:00:00+00:00;0.057;;
654611;unknown;control;2024-02-13 11:15:00+00:00;0.054;;
654611;unknown;control;2024-02-13 11:30:00+00:00;0.02;;
654611;unknown;control;2024-02-13 11:45:00+00:00;0.055;;
654611;unknown;control;2024-02-13 12:00:00+00:00;0.028;;
654611;unknown;control;2024-02-13 12:15:00+00:00;0.012;;
654611;unknown;control;2024-02-13 12:30:00+00:00;0.116;;
654611;unknown;control;2024-02-13 12:45:00+00:00;0.0;;
654611;unknown;control;2024-02-13 13:00:00+00:00;0.022;;
654611;unknown;control;2024-02-13 13:15:00+00:00;0.0;;
654611;unknown;control;2024-02-13 13:30:00+00:00;0.0;;
654611;unknown;control;2024-02-13 13:45:00+00:00;0.0;;
654611;unknown;control;2024-02-13 14:00:00+00:00;0.0;;
654611;unknown;control;2024-02-13 14:15:00+00:00;0.143;;
654611;unknown;control;2024-02-13 14:30:00+00:00;0.009;;
654611;unknown;control;2024-02-13 14:45:00+00:00;0.0;;
654611;unknown;control;2024-02-13 15:00:00+00:00;0.045;;
654611;unknown;control;2024-02-13 15:15:00+00:00;0.09;;
654611;unknown;control;2024-02-13 15:30:00+00:00;0.299;;
654611;unknown;control;2024-02-13 15:45:00+00:00;0.205;;
654611;unknown;control;2024-02-13 16:00:00+00:00;0.301;;
654611;unknown;control;2024-02-13 16:15:00+00:00;0.333;;
654611;unknown;control;2024-02-13 16:30:00+00:00;0.322;;
654611;unknown;control;2024-02-13 16:45:00+00:00;0.326;;
654611;unknown;control;2024-02-13 17:00:00+00:00;0.432;;
654611;unknown;control;2024-02-13 17:15:00+00:00;0.31;;
654611;unknown;control;2024-02-13 17:30:00+00:00;0.79;;
654611;unknown;control;2024-02-13 17:45:00+00:00;0.476;;
654611;unknown;control;2024-02-13 18:00:00+00:00;0.371;;
654611;unknown;control;2024-02-13 18:15:00+00:00;0.318;;
654611;unknown;control;2024-02-13 18:30:00+00:00;0.514;;
654611;unknown;control;2024-02-13 18:45:00+00:00;0.486;;
654611;unknown;control;2024-02-13 19:00:00+00:00;0.504;;
654611;unknown;control;2024-02-13 19:15:00+00:00;0.874;;
654611;unknown;control;2024-02-13 19:30:00+00:00;0.639;;
654611;unknown;control;2024-02-13 19:45:00+00:00;0.504;;
654611;unknown;control;2024-02-13 20:00:00+00:00;0.484;;
654611;unknown;control;2024-02-13 20:15:00+00:00;0.609;;
654611;unknown;control;2024-02-13 20:30:00+00:00;0.722;;
654611;unknown;control;2024-02-13 20:45:00+00:00;0.502;;
654611;unknown;control;2024-02-13 21:00:00+00:00;0.577;;
654611;unknown;control;2024-02-13 21:15:00+00:00;0.438;;
654611;unknown;control;2024-02-13 21:30:00+00:00;0.425;;
654611;unknown;control;2024-02-13 21:45:00+00:00;0.548;;
654611;unknown;control;2024-02-13 22:00:00+00:00;0.061;;
654611;unknown;control;2024-02-13 22:15:00+00:00;0.055;;
654611;unknown;control;2024-02-13 22:30:00+00:00;0.057;;
654611;unknown;control;2024-02-13 22:45:00+00:00;0.063;;
654611;unknown;control;2024-02-13 23:00:00+00:00;0.067;;
654611;unknown;control;2024-02-13 23:15:00+00:00;0.06;;
654611;unknown;control;2024-02-13 23:30:00+00:00;0.058;;
654611;unknown;control;2024-02-13 23:45:00+00:00;0.063;;
654611;unknown;control;2024-02-14 00:00:00+00:00;0.05;;
654611;unknown;control;2024-02-14 00:15:00+00:00;0.061;;
654611;unknown;control;2024-02-14 00:30:00+00:00;0.074;;
654611;unknown;control;2024-02-14 00:45:00+00:00;0.074;;
654611;unknown;control;2024-02-14 01:00:00+00:00;0.076;;
654611;unknown;control;2024-02-14 01:15:00+00:00;0.07;;
654611;unknown;control;2024-02-14 01:30:00+00:00;0.058;;
654611;unknown;control;2024-02-14 01:45:00+00:00;0.053;;
654611;unknown;control;2024-02-14 02:00:00+00:00;0.07;;
654611;unknown;control;2024-02-14 02:15:00+00:00;0.055;;
654611;unknown;control;2024-02-14 02:30:00+00:00;0.044;;
654611;unknown;control;2024-02-14 02:45:00+00:00;0.053;;
654611;unknown;control;2024-02-14 03:00:00+00:00;0.048;;
654611;unknown;control;2024-02-14 03:15:00+00:00;0.046;;
654611;unknown;control;2024-02-14 03:30:00+00:00;0.059;;
654611;unknown;control;2024-02-14 03:45:00+00:00;0.065;;
654611;unknown;control;2024-02-14 04:00:00+00:00;0.062;;
654611;unknown;control;2024-02-14 04:15:00+00:00;0.072;;
654611;unknown;control;2024-02-14 04:30:00+00:00;0.165;;
654611;unknown;control;2024-02-14 04:45:00+00:00;0.354;;
654611;unknown;control;2024-02-14 05:00:00+00:00;0.128;;
654611;unknown;control;2024-02-14 05:15:00+00:00;0.095;;
654611;unknown;control;2024-02-14 05:30:00+00:00;0.111;;
654611;unknown;control;2024-02-14 05:45:00+00:00;0.212;;
654611;unknown;control;2024-02-14 06:00:00+00:00;0.659;;
654611;unknown;control;2024-02-14 06:15:00+00:00;0.143;;
654611;unknown;control;2024-02-14 06:30:00+00:00;0.117;;
654611;unknown;control;2024-02-14 06:45:00+00:00;0.108;;
654611;unknown;control;2024-02-14 07:00:00+00:00;0.056;;
654611;unknown;control;2024-02-14 07:15:00+00:00;0.147;;
654611;unknown;control;2024-02-14 07:30:00+00:00;0.023;;
654611;unknown;control;2024-02-14 07:45:00+00:00;0.002;;
654611;unknown;control;2024-02-14 08:00:00+00:00;0.0;;
654611;unknown;control;2024-02-14 08:15:00+00:00;0.0;;
654611;unknown;control;2024-02-14 08:30:00+00:00;0.001;;
654611;unknown;control;2024-02-14 08:45:00+00:00;0.0;;
654611;unknown;control;2024-02-14 09:00:00+00:00;0.24;;
654611;unknown;control;2024-02-14 09:15:00+00:00;0.076;;
654611;unknown;control;2024-02-14 09:30:00+00:00;0.011;;
654611;unknown;control;2024-02-14 09:45:00+00:00;0.0;;
654611;unknown;control;2024-02-14 10:00:00+00:00;0.0;;
654611;unknown;control;2024-02-14 10:15:00+00:00;0.0;;
654611;unknown;control;2024-02-14 10:30:00+00:00;0.0;;
654611;unknown;control;2024-02-14 10:45:00+00:00;0.0;;
654611;unknown;control;2024-02-14 11:00:00+00:00;0.116;;
654611;unknown;control;2024-02-14 11:15:00+00:00;0.025;;
654611;unknown;control;2024-02-14 11:30:00+00:00;0.019;;
654611;unknown;control;2024-02-14 11:45:00+00:00;0.0;;
654611;unknown;control;2024-02-14 12:00:00+00:00;0.185;;
654611;unknown;control;2024-02-14 12:15:00+00:00;0.014;;
654611;unknown;control;2024-02-14 12:30:00+00:00;0.022;;
654611;unknown;control;2024-02-14 12:45:00+00:00;0.015;;
654611;unknown;control;2024-02-14 13:00:00+00:00;0.0;;
654611;unknown;control;2024-02-14 13:15:00+00:00;0.0;;
654611;unknown;control;2024-02-14 13:30:00+00:00;0.121;;
654611;unknown;control;2024-02-14 13:45:00+00:00;0.018;;
654611;unknown;control;2024-02-14 14:00:00+00:00;0.009;;
654611;unknown;control;2024-02-14 14:15:00+00:00;0.092;;
654611;unknown;control;2024-02-14 14:30:00+00:00;0.064;;
654611;unknown;control;2024-02-14 14:45:00+00:00;0.067;;
654611;unknown;control;2024-02-14 15:00:00+00:00;0.089;;
654611;unknown;control;2024-02-14 15:15:00+00:00;0.286;;
654611;unknown;control;2024-02-14 15:30:00+00:00;0.266;;
654611;unknown;control;2024-02-14 15:45:00+00:00;0.185;;
654611;unknown;control;2024-02-14 16:00:00+00:00;0.21;;
654611;unknown;control;2024-02-14 16:15:00+00:00;0.201;;
654611;unknown;control;2024-02-14 16:30:00+00:00;0.245;;
654611;unknown;control;2024-02-14 16:45:00+00:00;0.263;;
654611;unknown;control;2024-02-14 17:00:00+00:00;0.391;;
654611;unknown;control;2024-02-14 17:15:00+00:00;0.269;;
654611;unknown;control;2024-02-14 17:30:00+00:00;0.345;;
654611;unknown;control;2024-02-14 17:45:00+00:00;0.54;;
654611;unknown;control;2024-02-14 18:00:00+00:00;0.33;;
654611;unknown;control;2024-02-14 18:15:00+00:00;0.279;;
654611;unknown;control;2024-02-14 18:30:00+00:00;0.361;;
654611;unknown;control;2024-02-14 18:45:00+00:00;0.443;;
654611;unknown;control;2024-02-14 19:00:00+00:00;0.417;;
654611;unknown;control;2024-02-14 19:15:00+00:00;0.46;;
654611;unknown;control;2024-02-14 19:30:00+00:00;0.369;;
654611;unknown;control;2024-02-14 19:45:00+00:00;0.339;;
654611;unknown;control;2024-02-14 20:00:00+00:00;0.312;;
654611;unknown;control;2024-02-14 20:15:00+00:00;0.32;;
654611;unknown;control;2024-02-14 20:30:00+00:00;0.297;;
654611;unknown;control;2024-02-14 20:45:00+00:00;0.319;;
654611;unknown;control;2024-02-14 21:00:00+00:00;0.428;;
654611;unknown;control;2024-02-14 21:15:00+00:00;0.288;;
654611;unknown;control;2024-02-14 21:30:00+00:00;0.249;;
654611;unknown;control;2024-02-14 21:45:00+00:00;0.251;;
654611;unknown;control;2024-02-14 22:00:00+00:00;0.055;;
654611;unknown;control;2024-02-14 22:15:00+00:00;0.05;;
654611;unknown;control;2024-02-14 22:30:00+00:00;0.061;;
654611;unknown;control;2024-02-14 22:45:00+00:00;0.05;;
654611;unknown;control;2024-02-14 23:00:00+00:00;0.051;;
654611;unknown;control;2024-02-14 23:15:00+00:00;0.053;;
654611;unknown;control;2024-02-14 23:30:00+00:00;0.051;;
654611;unknown;control;2024-02-14 23:45:00+00:00;0.066;;
654611;unknown;control;2024-02-15 00:00:00+00:00;0.065;;
654611;unknown;control;2024-02-15 00:15:00+00:00;0.067;;
654611;unknown;control;2024-02-15 00:30:00+00:00;0.048;;
654611;unknown;control;2024-02-15 00:45:00+00:00;0.043;;
654611;unknown;control;2024-02-15 01:00:00+00:00;0.049;;
654611;unknown;control;2024-02-15 01:15:00+00:00;0.061;;
654611;unknown;control;2024-02-15 01:30:00+00:00;0.052;;
654611;unknown;control;2024-02-15 01:45:00+00:00;0.056;;
654611;unknown;control;2024-02-15 02:00:00+00:00;0.114;;
654611;unknown;control;2024-02-15 02:15:00+00:00;0.073;;
654611;unknown;control;2024-02-15 02:30:00+00:00;0.051;;
654611;unknown;control;2024-02-15 02:45:00+00:00;0.056;;
654611;unknown;control;2024-02-15 03:00:00+00:00;0.058;;
654611;unknown;control;2024-02-15 03:15:00+00:00;0.057;;
654611;unknown;control;2024-02-15 03:30:00+00:00;0.057;;
654611;unknown;control;2024-02-15 03:45:00+00:00;0.054;;
654611;unknown;control;2024-02-15 04:00:00+00:00;0.053;;
654611;unknown;control;2024-02-15 04:15:00+00:00;0.046;;
654611;unknown;control;2024-02-15 04:30:00+00:00;0.158;;
654611;unknown;control;2024-02-15 04:45:00+00:00;0.396;;
654611;unknown;control;2024-02-15 05:00:00+00:00;0.107;;
654611;unknown;control;2024-02-15 05:15:00+00:00;0.104;;
654611;unknown;control;2024-02-15 05:30:00+00:00;0.091;;
654611;unknown;control;2024-02-15 05:45:00+00:00;0.068;;
654611;unknown;control;2024-02-15 06:00:00+00:00;0.062;;
654611;unknown;control;2024-02-15 06:15:00+00:00;0.063;;
654611;unknown;control;2024-02-15 06:30:00+00:00;0.053;;
654611;unknown;control;2024-02-15 06:45:00+00:00;0.016;;
654611;unknown;control;2024-02-15 07:00:00+00:00;0.0;;
654611;unknown;control;2024-02-15 07:15:00+00:00;0.0;;
654611;unknown;control;2024-02-15 07:30:00+00:00;0.0;;
654611;unknown;control;2024-02-15 07:45:00+00:00;0.0;;
654611;unknown;control;2024-02-15 08:00:00+00:00;0.0;;
654611;unknown;control;2024-02-15 08:15:00+00:00;0.0;;
654611;unknown;control;2024-02-15 08:30:00+00:00;0.0;;
654611;unknown;control;2024-02-15 08:45:00+00:00;0.004;;
654611;unknown;control;2024-02-15 09:00:00+00:00;0.076;;
654611;unknown;control;2024-02-15 09:15:00+00:00;0.027;;
654611;unknown;control;2024-02-15 09:30:00+00:00;0.001;;
654611;unknown;control;2024-02-15 09:45:00+00:00;0.0;;
654611;unknown;control;2024-02-15 10:00:00+00:00;0.0;;
654611;unknown;control;2024-02-15 10:15:00+00:00;0.0;;
654611;unknown;control;2024-02-15 10:30:00+00:00;0.0;;
654611;unknown;control;2024-02-15 10:45:00+00:00;0.0;;
654611;unknown;control;2024-02-15 11:00:00+00:00;0.0;;
654611;unknown;control;2024-02-15 11:15:00+00:00;0.066;;
654611;unknown;control;2024-02-15 11:30:00+00:00;0.0;;
654611;unknown;control;2024-02-15 11:45:00+00:00;0.0;;
654611;unknown;control;2024-02-15 12:00:00+00:00;0.0;;
654611;unknown;control;2024-02-15 12:15:00+00:00;0.0;;
654611;unknown;control;2024-02-15 12:30:00+00:00;0.0;;
654611;unknown;control;2024-02-15 12:45:00+00:00;0.096;;
654611;unknown;control;2024-02-15 13:00:00+00:00;0.002;;
654611;unknown;control;2024-02-15 13:15:00+00:00;0.0;;
654611;unknown;control;2024-02-15 13:30:00+00:00;0.0;;
654611;unknown;control;2024-02-15 13:45:00+00:00;0.0;;
654611;unknown;control;2024-02-15 14:00:00+00:00;0.004;;
654611;unknown;control;2024-02-15 14:15:00+00:00;0.072;;
654611;unknown;control;2024-02-15 14:30:00+00:00;0.12;;
654611;unknown;control;2024-02-15 14:45:00+00:00;0.229;;
654611;unknown;control;2024-02-15 15:00:00+00:00;0.144;;
654611;unknown;control;2024-02-15 15:15:00+00:00;0.341;;
654611;unknown;control;2024-02-15 15:30:00+00:00;0.394;;
654611;unknown;control;2024-02-15 15:45:00+00:00;0.42;;
654611;unknown;control;2024-02-15 16:00:00+00:00;0.397;;
654611;unknown;control;2024-02-15 16:15:00+00:00;0.41;;
654611;unknown;control;2024-02-15 16:30:00+00:00;0.391;;
654611;unknown;control;2024-02-15 16:45:00+00:00;0.349;;
654611;unknown;control;2024-02-15 17:00:00+00:00;0.456;;
654611;unknown;control;2024-02-15 17:15:00+00:00;0.375;;
654611;unknown;control;2024-02-15 17:30:00+00:00;0.354;;
654611;unknown;control;2024-02-15 17:45:00+00:00;0.401;;
654611;unknown;control;2024-02-15 18:00:00+00:00;0.521;;
654611;unknown;control;2024-02-15 18:15:00+00:00;0.374;;
654611;unknown;control;2024-02-15 18:30:00+00:00;0.348;;
654611;unknown;control;2024-02-15 18:45:00+00:00;0.316;;
654611;unknown;control;2024-02-15 19:00:00+00:00;0.337;;
654611;unknown;control;2024-02-15 19:15:00+00:00;0.336;;
654611;unknown;control;2024-02-15 19:30:00+00:00;0.897;;
654611;unknown;control;2024-02-15 19:45:00+00:00;0.5;;
654611;unknown;control;2024-02-15 20:00:00+00:00;0.381;;
654611;unknown;control;2024-02-15 20:15:00+00:00;0.353;;
654611;unknown;control;2024-02-15 20:30:00+00:00;0.342;;
654611;unknown;control;2024-02-15 20:45:00+00:00;0.35;;
654611;unknown;control;2024-02-15 21:00:00+00:00;0.38;;
654611;unknown;control;2024-02-15 21:15:00+00:00;0.316;;
654611;unknown;control;2024-02-15 21:30:00+00:00;0.539;;
654611;unknown;control;2024-02-15 21:45:00+00:00;0.295;;
654611;unknown;control;2024-02-15 22:00:00+00:00;0.121;;
654611;unknown;control;2024-02-15 22:15:00+00:00;0.125;;
654611;unknown;control;2024-02-15 22:30:00+00:00;0.134;;
654611;unknown;control;2024-02-15 22:45:00+00:00;0.116;;
654611;unknown;control;2024-02-15 23:00:00+00:00;0.14;;
654611;unknown;control;2024-02-15 23:15:00+00:00;0.137;;
654611;unknown;control;2024-02-15 23:30:00+00:00;0.136;;
654611;unknown;control;2024-02-15 23:45:00+00:00;0.126;;
654611;unknown;control;2024-02-16 00:00:00+00:00;0.13;;
654611;unknown;control;2024-02-16 00:15:00+00:00;0.133;;
654611;unknown;control;2024-02-16 00:30:00+00:00;0.14;;
654611;unknown;control;2024-02-16 00:45:00+00:00;0.143;;
654611;unknown;control;2024-02-16 01:00:00+00:00;0.124;;
654611;unknown;control;2024-02-16 01:15:00+00:00;0.063;;
654611;unknown;control;2024-02-16 01:30:00+00:00;0.055;;
654611;unknown;control;2024-02-16 01:45:00+00:00;0.062;;
654611;unknown;control;2024-02-16 02:00:00+00:00;0.053;;
654611;unknown;control;2024-02-16 02:15:00+00:00;0.051;;
654611;unknown;control;2024-02-16 02:30:00+00:00;0.048;;
654611;unknown;control;2024-02-16 02:45:00+00:00;0.052;;
654611;unknown;control;2024-02-16 03:00:00+00:00;0.058;;
654611;unknown;control;2024-02-16 03:15:00+00:00;0.051;;
654611;unknown;control;2024-02-16 03:30:00+00:00;0.06;;
654611;unknown;control;2024-02-16 03:45:00+00:00;0.076;;
654611;unknown;control;2024-02-16 04:00:00+00:00;0.072;;
654611;unknown;control;2024-02-16 04:15:00+00:00;0.051;;
654611;unknown;control;2024-02-16 04:30:00+00:00;0.153;;
654611;unknown;control;2024-02-16 04:45:00+00:00;0.411;;
654611;unknown;control;2024-02-16 05:00:00+00:00;0.188;;
654611;unknown;control;2024-02-16 05:15:00+00:00;0.163;;
654611;unknown;control;2024-02-16 05:30:00+00:00;0.179;;
654611;unknown;control;2024-02-16 05:45:00+00:00;0.353;;
654611;unknown;control;2024-02-16 06:00:00+00:00;0.333;;
654611;unknown;control;2024-02-16 06:15:00+00:00;0.109;;
654611;unknown;control;2024-02-16 06:30:00+00:00;0.123;;
654611;unknown;control;2024-02-16 06:45:00+00:00;0.126;;
654611;unknown;control;2024-02-16 07:00:00+00:00;0.044;;
654611;unknown;control;2024-02-16 07:15:00+00:00;0.166;;
654611;unknown;control;2024-02-16 07:30:00+00:00;0.003;;
654611;unknown;control;2024-02-16 07:45:00+00:00;0.004;;
654611;unknown;control;2024-02-16 08:00:00+00:00;0.0;;
654611;unknown;control;2024-02-16 08:15:00+00:00;0.01;;
654611;unknown;control;2024-02-16 08:30:00+00:00;0.011;;
654611;unknown;control;2024-02-16 08:45:00+00:00;0.002;;
654611;unknown;control;2024-02-16 09:00:00+00:00;0.265;;
654611;unknown;control;2024-02-16 09:15:00+00:00;0.063;;
654611;unknown;control;2024-02-16 09:30:00+00:00;0.015;;
654611;unknown;control;2024-02-16 09:45:00+00:00;0.009;;
654611;unknown;control;2024-02-16 10:00:00+00:00;0.0;;
654611;unknown;control;2024-02-16 10:15:00+00:00;0.066;;
654611;unknown;control;2024-02-16 10:30:00+00:00;0.001;;
654611;unknown;control;2024-02-16 10:45:00+00:00;0.015;;
654611;unknown;control;2024-02-16 11:00:00+00:00;0.009;;
654611;unknown;control;2024-02-16 11:15:00+00:00;0.0;;
654611;unknown;control;2024-02-16 11:30:00+00:00;0.0;;
654611;unknown;control;2024-02-16 11:45:00+00:00;0.111;;
654611;unknown;control;2024-02-16 12:00:00+00:00;0.004;;
654611;unknown;control;2024-02-16 12:15:00+00:00;0.006;;
654611;unknown;control;2024-02-16 12:30:00+00:00;0.082;;
654611;unknown;control;2024-02-16 12:45:00+00:00;0.0;;
654611;unknown;control;2024-02-16 13:00:00+00:00;0.005;;
654611;unknown;control;2024-02-16 13:15:00+00:00;0.151;;
654611;unknown;control;2024-02-16 13:30:00+00:00;0.009;;
654611;unknown;control;2024-02-16 13:45:00+00:00;0.003;;
654611;unknown;control;2024-02-16 14:00:00+00:00;0.02;;
654611;unknown;control;2024-02-16 14:15:00+00:00;0.115;;
654611;unknown;control;2024-02-16 14:30:00+00:00;0.121;;
654611;unknown;control;2024-02-16 14:45:00+00:00;0.075;;
654611;unknown;control;2024-02-16 15:00:00+00:00;0.204;;
654611;unknown;control;2024-02-16 15:15:00+00:00;0.103;;
654611;unknown;control;2024-02-16 15:30:00+00:00;0.121;;
654611;unknown;control;2024-02-16 15:45:00+00:00;0.136;;
654611;unknown;control;2024-02-16 16:00:00+00:00;0.171;;
654611;unknown;control;2024-02-16 16:15:00+00:00;0.149;;
654611;unknown;control;2024-02-16 16:30:00+00:00;0.331;;
654611;unknown;control;2024-02-16 16:45:00+00:00;0.198;;
654611;unknown;control;2024-02-16 17:00:00+00:00;0.19;;
654611;unknown;control;2024-02-16 17:15:00+00:00;0.189;;
654611;unknown;control;2024-02-16 17:30:00+00:00;0.204;;
654611;unknown;control;2024-02-16 17:45:00+00:00;0.203;;
654611;unknown;control;2024-02-16 18:00:00+00:00;0.174;;
654611;unknown;control;2024-02-16 18:15:00+00:00;0.296;;
654611;unknown;control;2024-02-16 18:30:00+00:00;0.296;;
654611;unknown;control;2024-02-16 18:45:00+00:00;0.181;;
654611;unknown;control;2024-02-16 19:00:00+00:00;0.28;;
654611;unknown;control;2024-02-16 19:15:00+00:00;0.238;;
654611;unknown;control;2024-02-16 19:30:00+00:00;0.231;;
654611;unknown;control;2024-02-16 19:45:00+00:00;0.263;;
654611;unknown;control;2024-02-16 20:00:00+00:00;0.258;;
654611;unknown;control;2024-02-16 20:15:00+00:00;0.256;;
654611;unknown;control;2024-02-16 20:30:00+00:00;0.198;;
654611;unknown;control;2024-02-16 20:45:00+00:00;0.311;;
654611;unknown;control;2024-02-16 21:00:00+00:00;0.247;;
654611;unknown;control;2024-02-16 21:15:00+00:00;0.204;;
654611;unknown;control;2024-02-16 21:30:00+00:00;0.272;;
654611;unknown;control;2024-02-16 21:45:00+00:00;0.244;;
654611;unknown;control;2024-02-16 22:00:00+00:00;0.049;;
654611;unknown;control;2024-02-16 22:15:00+00:00;0.053;;
654611;unknown;control;2024-02-16 22:30:00+00:00;0.047;;
654611;unknown;control;2024-02-16 22:45:00+00:00;0.05;;
654611;unknown;control;2024-02-16 23:00:00+00:00;0.057;;
654611;unknown;control;2024-02-16 23:15:00+00:00;0.052;;
654611;unknown;control;2024-02-16 23:30:00+00:00;0.061;;
654611;unknown;control;2024-02-16 23:45:00+00:00;0.051;;
654611;unknown;control;2024-02-17 00:00:00+00:00;0.04;;
654611;unknown;control;2024-02-17 00:15:00+00:00;0.045;;
654611;unknown;control;2024-02-17 00:30:00+00:00;0.067;;
654611;unknown;control;2024-02-17 00:45:00+00:00;0.066;;
654611;unknown;control;2024-02-17 01:00:00+00:00;0.06;;
654611;unknown;control;2024-02-17 01:15:00+00:00;0.053;;
654611;unknown;control;2024-02-17 01:30:00+00:00;0.05;;
654611;unknown;control;2024-02-17 01:45:00+00:00;0.055;;
654611;unknown;control;2024-02-17 02:00:00+00:00;0.073;;
654611;unknown;control;2024-02-17 02:15:00+00:00;0.06;;
654611;unknown;control;2024-02-17 02:30:00+00:00;0.06;;
654611;unknown;control;2024-02-17 02:45:00+00:00;0.075;;
654611;unknown;control;2024-02-17 03:00:00+00:00;0.055;;
654611;unknown;control;2024-02-17 03:15:00+00:00;0.053;;
654611;unknown;control;2024-02-17 03:30:00+00:00;0.058;;
654611;unknown;control;2024-02-17 03:45:00+00:00;0.108;;
654611;unknown;control;2024-02-17 04:00:00+00:00;0.058;;
654611;unknown;control;2024-02-17 04:15:00+00:00;0.057;;
654611;unknown;control;2024-02-17 04:30:00+00:00;0.056;;
654611;unknown;control;2024-02-17 04:45:00+00:00;0.057;;
654611;unknown;control;2024-02-17 05:00:00+00:00;0.056;;
654611;unknown;control;2024-02-17 05:15:00+00:00;0.059;;
654611;unknown;control;2024-02-17 05:30:00+00:00;0.071;;
654611;unknown;control;2024-02-17 05:45:00+00:00;0.074;;
654611;unknown;control;2024-02-17 06:00:00+00:00;0.056;;
654611;unknown;control;2024-02-17 06:15:00+00:00;0.048;;
654611;unknown;control;2024-02-17 06:30:00+00:00;0.055;;
654611;unknown;control;2024-02-17 06:45:00+00:00;0.067;;
654611;unknown;control;2024-02-17 07:00:00+00:00;0.048;;
654611;unknown;control;2024-02-17 07:15:00+00:00;0.049;;
654611;unknown;control;2024-02-17 07:30:00+00:00;0.072;;
654611;unknown;control;2024-02-17 07:45:00+00:00;0.043;;
654611;unknown;control;2024-02-17 08:00:00+00:00;0.022;;
654611;unknown;control;2024-02-17 08:15:00+00:00;0.021;;
654611;unknown;control;2024-02-17 08:30:00+00:00;0.022;;
654611;unknown;control;2024-02-17 08:45:00+00:00;0.029;;
654611;unknown;control;2024-02-17 09:00:00+00:00;0.154;;
654611;unknown;control;2024-02-17 09:15:00+00:00;0.188;;
654611;unknown;control;2024-02-17 09:30:00+00:00;0.136;;
654611;unknown;control;2024-02-17 09:45:00+00:00;0.117;;
654611;unknown;control;2024-02-17 10:00:00+00:00;0.09;;
654611;unknown;control;2024-02-17 10:15:00+00:00;0.09;;
654611;unknown;control;2024-02-17 10:30:00+00:00;0.168;;
654611;unknown;control;2024-02-17 10:45:00+00:00;0.069;;
654611;unknown;control;2024-02-17 11:00:00+00:00;0.067;;
654611;unknown;control;2024-02-17 11:15:00+00:00;0.04;;
654611;unknown;control;2024-02-17 11:30:00+00:00;0.012;;
654611;unknown;control;2024-02-17 11:45:00+00:00;0.02;;
654611;unknown;control;2024-02-17 12:00:00+00:00;0.017;;
654611;unknown;control;2024-02-17 12:15:00+00:00;0.125;;
654611;unknown;control;2024-02-17 12:30:00+00:00;0.012;;
654611;unknown;control;2024-02-17 12:45:00+00:00;0.037;;
654611;unknown;control;2024-02-17 13:00:00+00:00;0.049;;
654611;unknown;control;2024-02-17 13:15:00+00:00;0.027;;
654611;unknown;control;2024-02-17 13:30:00+00:00;0.1;;
654611;unknown;control;2024-02-17 13:45:00+00:00;0.205;;
654611;unknown;control;2024-02-17 14:00:00+00:00;0.019;;
654611;unknown;control;2024-02-17 14:15:00+00:00;0.106;;
654611;unknown;control;2024-02-17 14:30:00+00:00;0.069;;
654611;unknown;control;2024-02-17 14:45:00+00:00;0.1;;
654611;unknown;control;2024-02-17 15:00:00+00:00;0.101;;
654611;unknown;control;2024-02-17 15:15:00+00:00;0.116;;
654611;unknown;control;2024-02-17 15:30:00+00:00;0.298;;
654611;unknown;control;2024-02-17 15:45:00+00:00;0.169;;
654611;unknown;control;2024-02-17 16:00:00+00:00;0.153;;
654611;unknown;control;2024-02-17 16:15:00+00:00;0.168;;
654611;unknown;control;2024-02-17 16:30:00+00:00;0.145;;
654611;unknown;control;2024-02-17 16:45:00+00:00;0.212;;
654611;unknown;control;2024-02-17 17:00:00+00:00;0.143;;
654611;unknown;control;2024-02-17 17:15:00+00:00;0.326;;
654611;unknown;control;2024-02-17 17:30:00+00:00;0.184;;
654611;unknown;control;2024-02-17 17:45:00+00:00;0.143;;
654611;unknown;control;2024-02-17 18:00:00+00:00;0.208;;
654611;unknown;control;2024-02-17 18:15:00+00:00;0.165;;
654611;unknown;control;2024-02-17 18:30:00+00:00;0.158;;
654611;unknown;control;2024-02-17 18:45:00+00:00;0.327;;
654611;unknown;control;2024-02-17 19:00:00+00:00;0.25;;
654611;unknown;control;2024-02-17 19:15:00+00:00;0.223;;
654611;unknown;control;2024-02-17 19:30:00+00:00;0.212;;
654611;unknown;control;2024-02-17 19:45:00+00:00;0.211;;
654611;unknown;control;2024-02-17 20:00:00+00:00;0.237;;
654611;unknown;control;2024-02-17 20:15:00+00:00;0.205;;
654611;unknown;control;2024-02-17 20:30:00+00:00;0.335;;
654611;unknown;control;2024-02-17 20:45:00+00:00;0.212;;
654611;unknown;control;2024-02-17 21:00:00+00:00;0.212;;
654611;unknown;control;2024-02-17 21:15:00+00:00;0.216;;
654611;unknown;control;2024-02-17 21:30:00+00:00;0.219;;
654611;unknown;control;2024-02-17 21:45:00+00:00;0.203;;
654611;unknown;control;2024-02-17 22:00:00+00:00;0.05;;
654611;unknown;control;2024-02-17 22:15:00+00:00;0.053;;
654611;unknown;control;2024-02-17 22:30:00+00:00;0.057;;
654611;unknown;control;2024-02-17 22:45:00+00:00;0.054;;
654611;unknown;control;2024-02-17 23:00:00+00:00;0.053;;
654611;unknown;control;2024-02-17 23:15:00+00:00;0.048;;
654611;unknown;control;2024-02-17 23:30:00+00:00;0.048;;
654611;unknown;control;2024-02-17 23:45:00+00:00;0.053;;
654611;unknown;control;2024-02-18 00:00:00+00:00;0.05;;
654611;unknown;control;2024-02-18 00:15:00+00:00;0.056;;
654611;unknown;control;2024-02-18 00:30:00+00:00;0.063;;
654611;unknown;control;2024-02-18 00:45:00+00:00;0.068;;
654611;unknown;control;2024-02-18 01:00:00+00:00;0.054;;
654611;unknown;control;2024-02-18 01:15:00+00:00;0.04;;
654611;unknown;control;2024-02-18 01:30:00+00:00;0.046;;
654611;unknown;control;2024-02-18 01:45:00+00:00;0.055;;
654611;unknown;control;2024-02-18 02:00:00+00:00;0.061;;
654611;unknown;control;2024-02-18 02:15:00+00:00;0.057;;
654611;unknown;control;2024-02-18 02:30:00+00:00;0.059;;
654611;unknown;control;2024-02-18 02:45:00+00:00;0.048;;
654611;unknown;control;2024-02-18 03:00:00+00:00;0.048;;
654611;unknown;control;2024-02-18 03:15:00+00:00;0.055;;
654611;unknown;control;2024-02-18 03:30:00+00:00;0.047;;
654611;unknown;control;2024-02-18 03:45:00+00:00;0.046;;
654611;unknown;control;2024-02-18 04:00:00+00:00;0.069;;
654611;unknown;control;2024-02-18 04:15:00+00:00;0.048;;
654611;unknown;control;2024-02-18 04:30:00+00:00;0.05;;
654611;unknown;control;2024-02-18 04:45:00+00:00;0.054;;
654611;unknown;control;2024-02-18 05:00:00+00:00;0.06;;
654611;unknown;control;2024-02-18 05:15:00+00:00;0.059;;
654611;unknown;control;2024-02-18 05:30:00+00:00;0.078;;
654611;unknown;control;2024-02-18 05:45:00+00:00;0.055;;
654611;unknown;control;2024-02-18 06:00:00+00:00;0.048;;
654611;unknown;control;2024-02-18 06:15:00+00:00;0.061;;
654611;unknown;control;2024-02-18 06:30:00+00:00;0.054;;
654611;unknown;control;2024-02-18 06:45:00+00:00;0.046;;
654611;unknown;control;2024-02-18 07:00:00+00:00;0.057;;
654611;unknown;control;2024-02-18 07:15:00+00:00;0.061;;
654611;unknown;control;2024-02-18 07:30:00+00:00;0.061;;
654611;unknown;control;2024-02-18 07:45:00+00:00;0.003;;
654611;unknown;control;2024-02-18 08:00:00+00:00;0.006;;
654611;unknown;control;2024-02-18 08:15:00+00:00;0.0;;
654611;unknown;control;2024-02-18 08:30:00+00:00;0.0;;
654611;unknown;control;2024-02-18 08:45:00+00:00;0.0;;
654611;unknown;control;2024-02-18 09:00:00+00:00;0.068;;
654611;unknown;control;2024-02-18 09:15:00+00:00;0.041;;
654611;unknown;control;2024-02-18 09:30:00+00:00;0.02;;
654611;unknown;control;2024-02-18 09:45:00+00:00;0.001;;
654611;unknown;control;2024-02-18 10:00:00+00:00;0.081;;
654611;unknown;control;2024-02-18 10:15:00+00:00;0.0;;
654611;unknown;control;2024-02-18 10:30:00+00:00;0.0;;
654611;unknown;control;2024-02-18 10:45:00+00:00;0.0;;
654611;unknown;control;2024-02-18 11:00:00+00:00;0.0;;
654611;unknown;control;2024-02-18 11:15:00+00:00;0.0;;
654611;unknown;control;2024-02-18 11:30:00+00:00;0.0;;
654611;unknown;control;2024-02-18 11:45:00+00:00;0.117;;
654611;unknown;control;2024-02-18 12:00:00+00:00;0.0;;
654611;unknown;control;2024-02-18 12:15:00+00:00;0.015;;
654611;unknown;control;2024-02-18 12:30:00+00:00;0.02;;
654611;unknown;control;2024-02-18 12:45:00+00:00;0.017;;
654611;unknown;control;2024-02-18 13:00:00+00:00;0.005;;
654611;unknown;control;2024-02-18 13:15:00+00:00;0.146;;
654611;unknown;control;2024-02-18 13:30:00+00:00;0.011;;
654611;unknown;control;2024-02-18 13:45:00+00:00;0.039;;
654611;unknown;control;2024-02-18 14:00:00+00:00;0.016;;
654611;unknown;control;2024-02-18 14:15:00+00:00;0.073;;
654611;unknown;control;2024-02-18 14:30:00+00:00;0.049;;
654611;unknown;control;2024-02-18 14:45:00+00:00;0.022;;
654611;unknown;control;2024-02-18 15:00:00+00:00;0.211;;
654611;unknown;control;2024-02-18 15:15:00+00:00;0.075;;
654611;unknown;control;2024-02-18 15:30:00+00:00;0.096;;
654611;unknown;control;2024-02-18 15:45:00+00:00;0.154;;
654611;unknown;control;2024-02-18 16:00:00+00:00;0.157;;
654611;unknown;control;2024-02-18 16:15:00+00:00;0.143;;
654611;unknown;control;2024-02-18 16:30:00+00:00;0.338;;
654611;unknown;control;2024-02-18 16:45:00+00:00;0.205;;
654611;unknown;control;2024-02-18 17:00:00+00:00;0.183;;
654611;unknown;control;2024-02-18 17:15:00+00:00;0.163;;
654611;unknown;control;2024-02-18 17:30:00+00:00;0.195;;
654611;unknown;control;2024-02-18 17:45:00+00:00;0.22;;
654611;unknown;control;2024-02-18 18:00:00+00:00;0.32;;
654611;unknown;control;2024-02-18 18:15:00+00:00;0.195;;
654611;unknown;control;2024-02-18 18:30:00+00:00;0.183;;
654611;unknown;control;2024-02-18 18:45:00+00:00;0.198;;
654611;unknown;control;2024-02-18 19:00:00+00:00;0.211;;
654611;unknown;control;2024-02-18 19:15:00+00:00;0.235;;
654611;unknown;control;2024-02-18 19:30:00+00:00;0.229;;
654611;unknown;control;2024-02-18 19:45:00+00:00;0.367;;
654611;unknown;control;2024-02-18 20:00:00+00:00;0.32;;
654611;unknown;control;2024-02-18 20:15:00+00:00;0.21;;
654611;unknown;control;2024-02-18 20:30:00+00:00;0.221;;
654611;unknown;control;2024-02-18 20:45:00+00:00;0.244;;
654611;unknown;control;2024-02-18 21:00:00+00:00;0.248;;
654611;unknown;control;2024-02-18 21:15:00+00:00;0.292;;
654611;unknown;control;2024-02-18 21:30:00+00:00;0.318;;
654611;unknown;control;2024-02-18 21:45:00+00:00;0.236;;
654611;unknown;control;2024-02-18 22:00:00+00:00;0.049;;
654611;unknown;control;2024-02-18 22:15:00+00:00;0.051;;
654611;unknown;control;2024-02-18 22:30:00+00:00;0.055;;
654611;unknown;control;2024-02-18 22:45:00+00:00;0.049;;
654611;unknown;control;2024-02-18 23:00:00+00:00;0.067;;
654611;unknown;control;2024-02-18 23:15:00+00:00;0.059;;
654611;unknown;control;2024-02-18 23:30:00+00:00;0.055;;
654611;unknown;control;2024-02-18 23:45:00+00:00;0.048;;
654611;unknown;control;2024-02-19 00:00:00+00:00;0.06;;
654611;unknown;control;2024-02-19 00:15:00+00:00;0.062;;
654611;unknown;control;2024-02-19 00:30:00+00:00;0.083;;
654611;unknown;control;2024-02-19 00:45:00+00:00;0.051;;
654611;unknown;control;2024-02-19 01:00:00+00:00;0.052;;
654611;unknown;control;2024-02-19 01:15:00+00:00;0.053;;
654611;unknown;control;2024-02-19 01:30:00+00:00;0.061;;
654611;unknown;control;2024-02-19 01:45:00+00:00;0.063;;
654611;unknown;control;2024-02-19 02:00:00+00:00;0.064;;
654611;unknown;control;2024-02-19 02:15:00+00:00;0.066;;
654611;unknown;control;2024-02-19 02:30:00+00:00;0.063;;
654611;unknown;control;2024-02-19 02:45:00+00:00;0.061;;
654611;unknown;control;2024-02-19 03:00:00+00:00;0.053;;
654611;unknown;control;2024-02-19 03:15:00+00:00;0.056;;
654611;unknown;control;2024-02-19 03:30:00+00:00;0.056;;
654611;unknown;control;2024-02-19 03:45:00+00:00;0.065;;
654611;unknown;control;2024-02-19 04:00:00+00:00;0.054;;
654611;unknown;control;2024-02-19 04:15:00+00:00;0.05;;
654611;unknown;control;2024-02-19 04:30:00+00:00;0.048;;
654611;unknown;control;2024-02-19 04:45:00+00:00;0.066;;
654611;unknown;control;2024-02-19 05:00:00+00:00;0.059;;
654611;unknown;control;2024-02-19 05:15:00+00:00;0.071;;
654611;unknown;control;2024-02-19 05:30:00+00:00;0.057;;
654611;unknown;control;2024-02-19 05:45:00+00:00;0.062;;
654611;unknown;control;2024-02-19 06:00:00+00:00;0.063;;
654611;unknown;control;2024-02-19 06:15:00+00:00;0.064;;
654611;unknown;control;2024-02-19 06:30:00+00:00;0.053;;
654611;unknown;control;2024-02-19 06:45:00+00:00;0.066;;
654611;unknown;control;2024-02-19 07:00:00+00:00;0.062;;
654611;unknown;control;2024-02-19 07:15:00+00:00;0.053;;
654611;unknown;control;2024-02-19 07:30:00+00:00;0.023;;
654611;unknown;control;2024-02-19 07:45:00+00:00;0.001;;
654611;unknown;control;2024-02-19 08:00:00+00:00;0.0;;
654611;unknown;control;2024-02-19 08:15:00+00:00;0.0;;
654611;unknown;control;2024-02-19 08:30:00+00:00;0.0;;
654611;unknown;control;2024-02-19 08:45:00+00:00;0.0;;
654611;unknown;control;2024-02-19 09:00:00+00:00;0.046;;
654611;unknown;control;2024-02-19 09:15:00+00:00;0.002;;
654611;unknown;control;2024-02-19 09:30:00+00:00;0.0;;
654611;unknown;control;2024-02-19 09:45:00+00:00;0.0;;
654611;unknown;control;2024-02-19 10:00:00+00:00;0.0;;
654611;unknown;control;2024-02-19 10:15:00+00:00;0.0;;
654611;unknown;control;2024-02-19 10:30:00+00:00;0.0;;
654611;unknown;control;2024-02-19 10:45:00+00:00;0.0;;
654611;unknown;control;2024-02-19 11:00:00+00:00;0.069;;
654611;unknown;control;2024-02-19 11:15:00+00:00;0.011;;
654611;unknown;control;2024-02-19 11:30:00+00:00;0.023;;
654611;unknown;control;2024-02-19 11:45:00+00:00;0.009;;
654611;unknown;control;2024-02-19 12:00:00+00:00;0.111;;
654611;unknown;control;2024-02-19 12:15:00+00:00;0.043;;
654611;unknown;control;2024-02-19 12:30:00+00:00;0.065;;
654611;unknown;control;2024-02-19 12:45:00+00:00;0.07;;
654611;unknown;control;2024-02-19 13:00:00+00:00;0.066;;
654611;unknown;control;2024-02-19 13:15:00+00:00;0.034;;
654611;unknown;control;2024-02-19 13:30:00+00:00;0.17;;
654611;unknown;control;2024-02-19 13:45:00+00:00;0.046;;
654611;unknown;control;2024-02-19 14:00:00+00:00;0.0;;
654611;unknown;control;2024-02-19 14:15:00+00:00;0.008;;
654611;unknown;control;2024-02-19 14:30:00+00:00;0.013;;
654611;unknown;control;2024-02-19 14:45:00+00:00;0.089;;
654611;unknown;control;2024-02-19 15:00:00+00:00;0.084;;
654611;unknown;control;2024-02-19 15:15:00+00:00;0.194;;
654611;unknown;control;2024-02-19 15:30:00+00:00;0.068;;
654611;unknown;control;2024-02-19 15:45:00+00:00;0.132;;
654611;unknown;control;2024-02-19 16:00:00+00:00;0.167;;
654611;unknown;control;2024-02-19 16:15:00+00:00;0.179;;
654611;unknown;control;2024-02-19 16:30:00+00:00;0.163;;
654611;unknown;control;2024-02-19 16:45:00+00:00;0.171;;
654611;unknown;control;2024-02-19 17:00:00+00:00;0.339;;
654611;unknown;control;2024-02-19 17:15:00+00:00;0.191;;
654611;unknown;control;2024-02-19 17:30:00+00:00;0.175;;
654611;unknown;control;2024-02-19 17:45:00+00:00;0.171;;
654611;unknown;control;2024-02-19 18:00:00+00:00;0.197;;
654611;unknown;control;2024-02-19 18:15:00+00:00;0.206;;
654611;unknown;control;2024-02-19 18:30:00+00:00;0.302;;
654611;unknown;control;2024-02-19 18:45:00+00:00;0.181;;
654611;unknown;control;2024-02-19 19:00:00+00:00;0.216;;
654611;unknown;control;2024-02-19 19:15:00+00:00;0.212;;
654611;unknown;control;2024-02-19 19:30:00+00:00;0.196;;
654611;unknown;control;2024-02-19 19:45:00+00:00;0.159;;
654611;unknown;control;2024-02-19 20:00:00+00:00;0.18;;
654611;unknown;control;2024-02-19 20:15:00+00:00;0.334;;
654611;unknown;control;2024-02-19 20:30:00+00:00;0.21;;
654611;unknown;control;2024-02-19 20:45:00+00:00;0.196;;
654611;unknown;control;2024-02-19 21:00:00+00:00;0.173;;
654611;unknown;control;2024-02-19 21:15:00+00:00;0.214;;
654611;unknown;control;2024-02-19 21:30:00+00:00;0.205;;
654611;unknown;control;2024-02-19 21:45:00+00:00;0.315;;
654611;unknown;control;2024-02-19 22:00:00+00:00;0.065;;
654611;unknown;control;2024-02-19 22:15:00+00:00;0.068;;
654611;unknown;control;2024-02-19 22:30:00+00:00;0.055;;
654611;unknown;control;2024-02-19 22:45:00+00:00;0.061;;
654611;unknown;control;2024-02-19 23:00:00+00:00;0.087;;
654611;unknown;control;2024-02-19 23:15:00+00:00;0.064;;
654611;unknown;control;2024-02-19 23:30:00+00:00;0.051;;
654611;unknown;control;2024-02-19 23:45:00+00:00;0.058;;
654611;unknown;control;2024-02-20 00:00:00+00:00;0.058;;
654611;unknown;control;2024-02-20 00:15:00+00:00;0.053;;
654611;unknown;control;2024-02-20 00:30:00+00:00;0.054;;
654611;unknown;control;2024-02-20 00:45:00+00:00;0.069;;
654611;unknown;control;2024-02-20 01:00:00+00:00;0.042;;
654611;unknown;control;2024-02-20 01:15:00+00:00;0.05;;
654611;unknown;control;2024-02-20 01:30:00+00:00;0.069;;
654611;unknown;control;2024-02-20 01:45:00+00:00;0.063;;
654611;unknown;control;2024-02-20 02:00:00+00:00;0.05;;
654611;unknown;control;2024-02-20 02:15:00+00:00;0.046;;
654611;unknown;control;2024-02-20 02:30:00+00:00;0.053;;
654611;unknown;control;2024-02-20 02:45:00+00:00;0.046;;
654611;unknown;control;2024-02-20 03:00:00+00:00;0.048;;
654611;unknown;control;2024-02-20 03:15:00+00:00;0.052;;
654611;unknown;control;2024-02-20 03:30:00+00:00;0.072;;
654611;unknown;control;2024-02-20 03:45:00+00:00;0.075;;
654611;unknown;control;2024-02-20 04:00:00+00:00;0.057;;
654611;unknown;control;2024-02-20 04:15:00+00:00;0.048;;
654611;unknown;control;2024-02-20 04:30:00+00:00;0.056;;
654611;unknown;control;2024-02-20 04:45:00+00:00;0.071;;
654611;unknown;control;2024-02-20 05:00:00+00:00;0.059;;
654611;unknown;control;2024-02-20 05:15:00+00:00;0.059;;
654611;unknown;control;2024-02-20 05:30:00+00:00;0.067;;
654611;unknown;control;2024-02-20 05:45:00+00:00;0.059;;
654611;unknown;control;2024-02-20 06:00:00+00:00;0.059;;
654611;unknown;control;2024-02-20 06:15:00+00:00;0.062;;
654611;unknown;control;2024-02-20 06:30:00+00:00;0.058;;
654611;unknown;control;2024-02-20 06:45:00+00:00;0.059;;
654611;unknown;control;2024-02-20 07:00:00+00:00;0.006;;
654611;unknown;control;2024-02-20 07:15:00+00:00;0.0;;
654611;unknown;control;2024-02-20 07:30:00+00:00;0.0;;
654611;unknown;control;2024-02-20 07:45:00+00:00;0.0;;
654611;unknown;control;2024-02-20 08:00:00+00:00;0.0;;
654611;unknown;control;2024-02-20 08:15:00+00:00;0.0;;
654611;unknown;control;2024-02-20 08:30:00+00:00;0.0;;
654611;unknown;control;2024-02-20 08:45:00+00:00;0.0;;
654611;unknown;control;2024-02-20 09:00:00+00:00;0.0;;
654611;unknown;control;2024-02-20 09:15:00+00:00;0.073;;
654611;unknown;control;2024-02-20 09:30:00+00:00;0.064;;
654611;unknown;control;2024-02-20 09:45:00+00:00;0.055;;
654611;unknown;control;2024-02-20 10:00:00+00:00;0.0;;
654611;unknown;control;2024-02-20 10:15:00+00:00;0.0;;
654611;unknown;control;2024-02-20 10:30:00+00:00;0.0;;
654611;unknown;control;2024-02-20 10:45:00+00:00;0.0;;
654611;unknown;control;2024-02-20 11:00:00+00:00;0.054;;
654611;unknown;control;2024-02-20 11:15:00+00:00;0.0;;
654611;unknown;control;2024-02-20 11:30:00+00:00;0.004;;
654611;unknown;control;2024-02-20 11:45:00+00:00;0.026;;
654611;unknown;control;2024-02-20 12:00:00+00:00;0.105;;
654611;unknown;control;2024-02-20 12:15:00+00:00;0.081;;
654611;unknown;control;2024-02-20 12:30:00+00:00;0.014;;
654611;unknown;control;2024-02-20 12:45:00+00:00;0.001;;
654611;unknown;control;2024-02-20 13:00:00+00:00;0.026;;
654611;unknown;control;2024-02-20 13:15:00+00:00;0.042;;
654611;unknown;control;2024-02-20 13:30:00+00:00;0.012;;
654611;unknown;control;2024-02-20 13:45:00+00:00;0.188;;
654611;unknown;control;2024-02-20 14:00:00+00:00;0.0;;
654611;unknown;control;2024-02-20 14:15:00+00:00;0.0;;
654611;unknown;control;2024-02-20 14:30:00+00:00;0.073;;
654611;unknown;control;2024-02-20 14:45:00+00:00;0.091;;
654611;unknown;control;2024-02-20 15:00:00+00:00;0.1;;
654611;unknown;control;2024-02-20 15:15:00+00:00;0.073;;
654611;unknown;control;2024-02-20 15:30:00+00:00;0.195;;
654611;unknown;control;2024-02-20 15:45:00+00:00;0.149;;
654611;unknown;control;2024-02-20 16:00:00+00:00;0.209;;
654611;unknown;control;2024-02-20 16:15:00+00:00;0.16;;
654611;unknown;control;2024-02-20 16:30:00+00:00;0.283;;
654611;unknown;control;2024-02-20 16:45:00+00:00;0.206;;
654611;unknown;control;2024-02-20 17:00:00+00:00;0.301;;
654611;unknown;control;2024-02-20 17:15:00+00:00;0.281;;
654611;unknown;control;2024-02-20 17:30:00+00:00;0.29;;
654611;unknown;control;2024-02-20 17:45:00+00:00;0.209;;
654611;unknown;control;2024-02-20 18:00:00+00:00;0.255;;
654611;unknown;control;2024-02-20 18:15:00+00:00;0.244;;
654611;unknown;control;2024-02-20 18:30:00+00:00;0.227;;
654611;unknown;control;2024-02-20 18:45:00+00:00;0.25;;
654611;unknown;control;2024-02-20 19:00:00+00:00;0.416;;
654611;unknown;control;2024-02-20 19:15:00+00:00;0.36;;
654611;unknown;control;2024-02-20 19:30:00+00:00;0.334;;
654611;unknown;control;2024-02-20 19:45:00+00:00;0.267;;
654611;unknown;control;2024-02-20 20:00:00+00:00;0.311;;
654611;unknown;control;2024-02-20 20:15:00+00:00;0.401;;
654611;unknown;control;2024-02-20 20:30:00+00:00;0.268;;
654611;unknown;control;2024-02-20 20:45:00+00:00;0.474;;
654611;unknown;control;2024-02-20 21:00:00+00:00;0.316;;
654611;unknown;control;2024-02-20 21:15:00+00:00;0.327;;
654611;unknown;control;2024-02-20 21:30:00+00:00;0.319;;
654611;unknown;control;2024-02-20 21:45:00+00:00;0.395;;
654611;unknown;control;2024-02-20 22:00:00+00:00;0.043;;
654611;unknown;control;2024-02-20 22:15:00+00:00;0.061;;
654611;unknown;control;2024-02-20 22:30:00+00:00;0.062;;
654611;unknown;control;2024-02-20 22:45:00+00:00;0.055;;
654611;unknown;control;2024-02-20 23:00:00+00:00;0.06;;
654611;unknown;control;2024-02-20 23:15:00+00:00;0.057;;
654611;unknown;control;2024-02-20 23:30:00+00:00;0.05;;
654611;unknown;control;2024-02-20 23:45:00+00:00;0.056;;
654611;unknown;control;2024-02-21 00:00:00+00:00;0.05;;
654611;unknown;control;2024-02-21 00:15:00+00:00;0.047;;
654611;unknown;control;2024-02-21 00:30:00+00:00;0.052;;
654611;unknown;control;2024-02-21 00:45:00+00:00;0.054;;
654611;unknown;control;2024-02-21 01:00:00+00:00;0.052;;
654611;unknown;control;2024-02-21 01:15:00+00:00;0.054;;
654611;unknown;control;2024-02-21 01:30:00+00:00;0.064;;
654611;unknown;control;2024-02-21 01:45:00+00:00;0.073;;
654611;unknown;control;2024-02-21 02:00:00+00:00;0.064;;
654611;unknown;control;2024-02-21 02:15:00+00:00;0.055;;
654611;unknown;control;2024-02-21 02:30:00+00:00;0.041;;
654611;unknown;control;2024-02-21 02:45:00+00:00;0.046;;
654611;unknown;control;2024-02-21 03:00:00+00:00;0.069;;
654611;unknown;control;2024-02-21 03:15:00+00:00;0.062;;
654611;unknown;control;2024-02-21 03:30:00+00:00;0.065;;
654611;unknown;control;2024-02-21 03:45:00+00:00;0.066;;
654611;unknown;control;2024-02-21 04:00:00+00:00;0.061;;
654611;unknown;control;2024-02-21 04:15:00+00:00;0.056;;
654611;unknown;control;2024-02-21 04:30:00+00:00;0.058;;
654611;unknown;control;2024-02-21 04:45:00+00:00;0.059;;
654611;unknown;control;2024-02-21 05:00:00+00:00;0.05;;
654611;unknown;control;2024-02-21 05:15:00+00:00;0.054;;
654611;unknown;control;2024-02-21 05:30:00+00:00;0.061;;
654611;unknown;control;2024-02-21 05:45:00+00:00;0.052;;
654611;unknown;control;2024-02-21 06:00:00+00:00;0.045;;
654611;unknown;control;2024-02-21 06:15:00+00:00;0.059;;
654611;unknown;control;2024-02-21 06:30:00+00:00;0.065;;
654611;unknown;control;2024-02-21 06:45:00+00:00;0.02;;
654611;unknown;control;2024-02-21 07:00:00+00:00;0.0;;
654611;unknown;control;2024-02-21 07:15:00+00:00;0.0;;
654611;unknown;control;2024-02-21 07:30:00+00:00;0.0;;
654611;unknown;control;2024-02-21 07:45:00+00:00;0.0;;
654611;unknown;control;2024-02-21 08:00:00+00:00;0.0;;
654611;unknown;control;2024-02-21 08:15:00+00:00;0.0;;
654611;unknown;control;2024-02-21 08:30:00+00:00;0.0;;
654611;unknown;control;2024-02-21 08:45:00+00:00;0.0;;
654611;unknown;control;2024-02-21 09:00:00+00:00;0.049;;
654611;unknown;control;2024-02-21 09:15:00+00:00;0.008;;
654611;unknown;control;2024-02-21 09:30:00+00:00;0.016;;
654611;unknown;control;2024-02-21 09:45:00+00:00;0.0;;
654611;unknown;control;2024-02-21 10:00:00+00:00;0.0;;
654611;unknown;control;2024-02-21 10:15:00+00:00;0.0;;
654611;unknown;control;2024-02-21 10:30:00+00:00;0.0;;
654611;unknown;control;2024-02-21 10:45:00+00:00;0.0;;
654611;unknown;control;2024-02-21 11:00:00+00:00;0.0;;
654611;unknown;control;2024-02-21 11:15:00+00:00;0.085;;
654611;unknown;control;2024-02-21 11:30:00+00:00;0.0;;
654611;unknown;control;2024-02-21 11:45:00+00:00;0.0;;
654611;unknown;control;2024-02-21 12:00:00+00:00;0.0;;
654611;unknown;control;2024-02-21 12:15:00+00:00;0.0;;
654611;unknown;control;2024-02-21 12:30:00+00:00;0.0;;
654611;unknown;control;2024-02-21 12:45:00+00:00;0.0;;
654611;unknown;control;2024-02-21 13:00:00+00:00;0.09;;
654611;unknown;control;2024-02-21 13:15:00+00:00;0.0;;
654611;unknown;control;2024-02-21 13:30:00+00:00;0.0;;
654611;unknown;control;2024-02-21 13:45:00+00:00;0.0;;
654611;unknown;control;2024-02-21 14:00:00+00:00;0.006;;
654611;unknown;control;2024-02-21 14:15:00+00:00;0.026;;
654611;unknown;control;2024-02-21 14:30:00+00:00;0.022;;
654611;unknown;control;2024-02-21 14:45:00+00:00;0.151;;
654611;unknown;control;2024-02-21 15:00:00+00:00;0.066;;
654611;unknown;control;2024-02-21 15:15:00+00:00;0.111;;
654611;unknown;control;2024-02-21 15:30:00+00:00;0.1;;
654611;unknown;control;2024-02-21 15:45:00+00:00;0.159;;
654611;unknown;control;2024-02-21 16:00:00+00:00;0.159;;
654611;unknown;control;2024-02-21 16:15:00+00:00;0.17;;
654611;unknown;control;2024-02-21 16:30:00+00:00;0.292;;
654611;unknown;control;2024-02-21 16:45:00+00:00;0.214;;
654611;unknown;control;2024-02-21 17:00:00+00:00;0.211;;
654611;unknown;control;2024-02-21 17:15:00+00:00;0.205;;
654611;unknown;control;2024-02-21 17:30:00+00:00;0.201;;
654611;unknown;control;2024-02-21 17:45:00+00:00;0.267;;
654611;unknown;control;2024-02-21 18:00:00+00:00;0.335;;
654611;unknown;control;2024-02-21 18:15:00+00:00;0.227;;
654611;unknown;control;2024-02-21 18:30:00+00:00;0.233;;
654611;unknown;control;2024-02-21 18:45:00+00:00;0.308;;
654611;unknown;control;2024-02-21 19:00:00+00:00;0.318;;
654611;unknown;control;2024-02-21 19:15:00+00:00;0.302;;
654611;unknown;control;2024-02-21 19:30:00+00:00;0.289;;
654611;unknown;control;2024-02-21 19:45:00+00:00;0.208;;
654611;unknown;control;2024-02-21 20:00:00+00:00;0.355;;
654611;unknown;control;2024-02-21 20:15:00+00:00;0.214;;
654611;unknown;control;2024-02-21 20:30:00+00:00;0.21;;
654611;unknown;control;2024-02-21 20:45:00+00:00;0.227;;
654611;unknown;control;2024-02-21 21:00:00+00:00;0.215;;
654611;unknown;control;2024-02-21 21:15:00+00:00;0.213;;
654611;unknown;control;2024-02-21 21:30:00+00:00;0.287;;
654611;unknown;control;2024-02-21 21:45:00+00:00;0.218;;
654611;unknown;control;2024-02-21 22:00:00+00:00;0.041;;
654611;unknown;control;2024-02-21 22:15:00+00:00;0.058;;
654611;unknown;control;2024-02-21 22:30:00+00:00;0.06;;
654611;unknown;control;2024-02-21 22:45:00+00:00;0.065;;
654611;unknown;control;2024-02-21 23:00:00+00:00;0.057;;
654611;unknown;control;2024-02-21 23:15:00+00:00;0.048;;
654611;unknown;control;2024-02-21 23:30:00+00:00;0.056;;
654611;unknown;control;2024-02-21 23:45:00+00:00;0.059;;
654611;unknown;control;2024-02-22 00:00:00+00:00;0.064;;
654611;unknown;control;2024-02-22 00:15:00+00:00;0.052;;
654611;unknown;control;2024-02-22 00:30:00+00:00;0.051;;
654611;unknown;control;2024-02-22 00:45:00+00:00;0.065;;
654611;unknown;control;2024-02-22 01:00:00+00:00;0.06;;
654611;unknown;control;2024-02-22 01:15:00+00:00;0.047;;
654611;unknown;control;2024-02-22 01:30:00+00:00;0.049;;
654611;unknown;control;2024-02-22 01:45:00+00:00;0.057;;
654611;unknown;control;2024-02-22 02:00:00+00:00;0.062;;
654611;unknown;control;2024-02-22 02:15:00+00:00;0.053;;
654611;unknown;control;2024-02-22 02:30:00+00:00;0.051;;
654611;unknown;control;2024-02-22 02:45:00+00:00;0.055;;
654611;unknown;control;2024-02-22 03:00:00+00:00;0.051;;
654611;unknown;control;2024-02-22 03:15:00+00:00;0.056;;
654611;unknown;control;2024-02-22 03:30:00+00:00;0.052;;
654611;unknown;control;2024-02-22 03:45:00+00:00;0.056;;
654611;unknown;control;2024-02-22 04:00:00+00:00;0.045;;
654611;unknown;control;2024-02-22 04:15:00+00:00;0.055;;
654611;unknown;control;2024-02-22 04:30:00+00:00;0.054;;
654611;unknown;control;2024-02-22 04:45:00+00:00;0.051;;
654611;unknown;control;2024-02-22 05:00:00+00:00;0.053;;
654611;unknown;control;2024-02-22 05:15:00+00:00;0.069;;
654611;unknown;control;2024-02-22 05:30:00+00:00;0.054;;
654611;unknown;control;2024-02-22 05:45:00+00:00;0.048;;
654611;unknown;control;2024-02-22 06:00:00+00:00;0.049;;
654611;unknown;control;2024-02-22 06:15:00+00:00;0.06;;
654611;unknown;control;2024-02-22 06:30:00+00:00;0.064;;
654611;unknown;control;2024-02-22 06:45:00+00:00;0.067;;
654611;unknown;control;2024-02-22 07:00:00+00:00;0.061;;
654611;unknown;control;2024-02-22 07:15:00+00:00;0.047;;
654611;unknown;control;2024-02-22 07:30:00+00:00;0.034;;
654611;unknown;control;2024-02-22 07:45:00+00:00;0.021;;
654611;unknown;control;2024-02-22 08:00:00+00:00;0.027;;
654611;unknown;control;2024-02-22 08:15:00+00:00;0.048;;
654611;unknown;control;2024-02-22 08:30:00+00:00;0.046;;
654611;unknown;control;2024-02-22 08:45:00+00:00;0.006;;
654611;unknown;control;2024-02-22 09:00:00+00:00;0.357;;
654611;unknown;control;2024-02-22 09:15:00+00:00;0.295;;
654611;unknown;control;2024-02-22 09:30:00+00:00;0.245;;
654611;unknown;control;2024-02-22 09:45:00+00:00;0.155;;
654611;unknown;control;2024-02-22 10:00:00+00:00;0.005;;
654611;unknown;control;2024-02-22 10:15:00+00:00;0.0;;
654611;unknown;control;2024-02-22 10:30:00+00:00;0.0;;
654611;unknown;control;2024-02-22 10:45:00+00:00;0.007;;
654611;unknown;control;2024-02-22 11:00:00+00:00;0.248;;
654611;unknown;control;2024-02-22 11:15:00+00:00;0.189;;
654611;unknown;control;2024-02-22 11:30:00+00:00;0.193;;
654611;unknown;control;2024-02-22 11:45:00+00:00;0.17;;
654611;unknown;control;2024-02-22 12:00:00+00:00;0.242;;
654611;unknown;control;2024-02-22 12:15:00+00:00;0.135;;
654611;unknown;control;2024-02-22 12:30:00+00:00;0.273;;
654611;unknown;control;2024-02-22 12:45:00+00:00;0.224;;
654611;unknown;control;2024-02-22 13:00:00+00:00;0.272;;
654611;unknown;control;2024-02-22 13:15:00+00:00;0.202;;
654611;unknown;control;2024-02-22 13:30:00+00:00;0.205;;
654611;unknown;control;2024-02-22 13:45:00+00:00;0.278;;
654611;unknown;control;2024-02-22 14:00:00+00:00;0.098;;
654611;unknown;control;2024-02-22 14:15:00+00:00;0.264;;
654611;unknown;control;2024-02-22 14:30:00+00:00;0.222;;
654611;unknown;control;2024-02-22 14:45:00+00:00;0.321;;
654611;unknown;control;2024-02-22 15:00:00+00:00;0.231;;
654611;unknown;control;2024-02-22 15:15:00+00:00;0.213;;
654611;unknown;control;2024-02-22 15:30:00+00:00;0.326;;
654611;unknown;control;2024-02-22 15:45:00+00:00;0.196;;
654611;unknown;control;2024-02-22 16:00:00+00:00;0.202;;
654611;unknown;control;2024-02-22 16:15:00+00:00;0.202;;
654611;unknown;control;2024-02-22 16:30:00+00:00;0.217;;
654611;unknown;control;2024-02-22 16:45:00+00:00;0.237;;
654611;unknown;control;2024-02-22 17:00:00+00:00;0.235;;
654611;unknown;control;2024-02-22 17:15:00+00:00;0.286;;
654611;unknown;control;2024-02-22 17:30:00+00:00;0.265;;
654611;unknown;control;2024-02-22 17:45:00+00:00;0.226;;
654611;unknown;control;2024-02-22 18:00:00+00:00;0.236;;
654611;unknown;control;2024-02-22 18:15:00+00:00;0.234;;
654611;unknown;control;2024-02-22 18:30:00+00:00;0.183;;
654611;unknown;control;2024-02-22 18:45:00+00:00;0.197;;
654611;unknown;control;2024-02-22 19:00:00+00:00;0.325;;
654611;unknown;control;2024-02-22 19:15:00+00:00;0.322;;
654611;unknown;control;2024-02-22 19:30:00+00:00;0.268;;
654611;unknown;control;2024-02-22 19:45:00+00:00;0.26;;
654611;unknown;control;2024-02-22 20:00:00+00:00;0.233;;
654611;unknown;control;2024-02-22 20:15:00+00:00;0.24;;
654611;unknown;control;2024-02-22 20:30:00+00:00;0.337;;
654611;unknown;control;2024-02-22 20:45:00+00:00;0.243;;
654611;unknown;control;2024-02-22 21:00:00+00:00;0.272;;
654611;unknown;control;2024-02-22 21:15:00+00:00;0.393;;
654611;unknown;control;2024-02-22 21:30:00+00:00;0.272;;
654611;unknown;control;2024-02-22 21:45:00+00:00;0.247;;
654611;unknown;control;2024-02-22 22:00:00+00:00;0.051;;
654611;unknown;control;2024-02-22 22:15:00+00:00;0.044;;
654611;unknown;control;2024-02-22 22:30:00+00:00;0.05;;
654611;unknown;control;2024-02-22 22:45:00+00:00;0.06;;
654611;unknown;control;2024-02-22 23:00:00+00:00;0.059;;
654611;unknown;control;2024-02-22 23:15:00+00:00;0.042;;
654611;unknown;control;2024-02-22 23:30:00+00:00;0.061;;
654611;unknown;control;2024-02-22 23:45:00+00:00;0.05;;
654611;unknown;control;2024-02-23 00:00:00+00:00;0.064;;
654611;unknown;control;2024-02-23 00:15:00+00:00;0.059;;
654611;unknown;control;2024-02-23 00:30:00+00:00;0.057;;
654611;unknown;control;2024-02-23 00:45:00+00:00;0.049;;
654611;unknown;control;2024-02-23 01:00:00+00:00;0.048;;
654611;unknown;control;2024-02-23 01:15:00+00:00;0.052;;
654611;unknown;control;2024-02-23 01:30:00+00:00;0.042;;
654611;unknown;control;2024-02-23 01:45:00+00:00;0.047;;
654611;unknown;control;2024-02-23 02:00:00+00:00;0.069;;
654611;unknown;control;2024-02-23 02:15:00+00:00;0.07;;
654611;unknown;control;2024-02-23 02:30:00+00:00;0.071;;
654611;unknown;control;2024-02-23 02:45:00+00:00;0.047;;
654611;unknown;control;2024-02-23 03:00:00+00:00;0.053;;
654611;unknown;control;2024-02-23 03:15:00+00:00;0.055;;
654611;unknown;control;2024-02-23 03:30:00+00:00;0.062;;
654611;unknown;control;2024-02-23 03:45:00+00:00;0.062;;
654611;unknown;control;2024-02-23 04:00:00+00:00;0.055;;
654611;unknown;control;2024-02-23 04:15:00+00:00;0.049;;
654611;unknown;control;2024-02-23 04:30:00+00:00;0.058;;
654611;unknown;control;2024-02-23 04:45:00+00:00;0.061;;
654611;unknown;control;2024-02-23 05:00:00+00:00;0.054;;
654611;unknown;control;2024-02-23 05:15:00+00:00;0.062;;
654611;unknown;control;2024-02-23 05:30:00+00:00;0.066;;
654611;unknown;control;2024-02-23 05:45:00+00:00;0.08;;
654611;unknown;control;2024-02-23 06:00:00+00:00;0.065;;
654611;unknown;control;2024-02-23 06:15:00+00:00;0.052;;
654611;unknown;control;2024-02-23 06:30:00+00:00;0.044;;
654611;unknown;control;2024-02-23 06:45:00+00:00;0.052;;
654611;unknown;control;2024-02-23 07:00:00+00:00;0.038;;
654611;unknown;control;2024-02-23 07:15:00+00:00;0.029;;
654611;unknown;control;2024-02-23 07:30:00+00:00;0.032;;
654611;unknown;control;2024-02-23 07:45:00+00:00;0.0;;
654611;unknown;control;2024-02-23 08:00:00+00:00;0.0;;
654611;unknown;control;2024-02-23 08:15:00+00:00;0.0;;
654611;unknown;control;2024-02-23 08:30:00+00:00;0.0;;
654611;unknown;control;2024-02-23 08:45:00+00:00;0.0;;
654611;unknown;control;2024-02-23 09:00:00+00:00;0.321;;
654611;unknown;control;2024-02-23 09:15:00+00:00;0.462;;
654611;unknown;control;2024-02-23 09:30:00+00:00;0.349;;
654611;unknown;control;2024-02-23 09:45:00+00:00;0.268;;
654611;unknown;control;2024-02-23 10:00:00+00:00;0.003;;
654611;unknown;control;2024-02-23 10:15:00+00:00;0.0;;
654611;unknown;control;2024-02-23 10:30:00+00:00;0.0;;
654611;unknown;control;2024-02-23 10:45:00+00:00;0.0;;
654611;unknown;control;2024-02-23 11:00:00+00:00;0.0;;
654611;unknown;control;2024-02-23 11:15:00+00:00;0.063;;
654611;unknown;control;2024-02-23 11:30:00+00:00;0.065;;
654611;unknown;control;2024-02-23 11:45:00+00:00;0.185;;
654611;unknown;control;2024-02-23 12:00:00+00:00;0.038;;
654611;unknown;control;2024-02-23 12:15:00+00:00;0.001;;
654611;unknown;control;2024-02-23 12:30:00+00:00;0.099;;
654611;unknown;control;2024-02-23 12:45:00+00:00;0.0;;
654611;unknown;control;2024-02-23 13:00:00+00:00;0.0;;
654611;unknown;control;2024-02-23 13:15:00+00:00;0.136;;
654611;unknown;control;2024-02-23 13:30:00+00:00;0.031;;
654611;unknown;control;2024-02-23 13:45:00+00:00;0.006;;
654611;unknown;control;2024-02-23 14:00:00+00:00;0.028;;
654611;unknown;control;2024-02-23 14:15:00+00:00;0.386;;
654611;unknown;control;2024-02-23 14:30:00+00:00;0.224;;
654611;unknown;control;2024-02-23 14:45:00+00:00;0.307;;
654611;unknown;control;2024-02-23 15:00:00+00:00;0.293;;
654611;unknown;control;2024-02-23 15:15:00+00:00;0.182;;
654611;unknown;control;2024-02-23 15:30:00+00:00;0.168;;
654611;unknown;control;2024-02-23 15:45:00+00:00;0.257;;
654611;unknown;control;2024-02-23 16:00:00+00:00;0.344;;
654611;unknown;control;2024-02-23 16:15:00+00:00;0.29;;
654611;unknown;control;2024-02-23 16:30:00+00:00;0.26;;
654611;unknown;control;2024-02-23 16:45:00+00:00;0.32;;
654611;unknown;control;2024-02-23 17:00:00+00:00;0.388;;
654611;unknown;control;2024-02-23 17:15:00+00:00;0.277;;
654611;unknown;control;2024-02-23 17:30:00+00:00;0.468;;
654611;unknown;control;2024-02-23 17:45:00+00:00;0.27;;
654611;unknown;control;2024-02-23 18:00:00+00:00;0.443;;
654611;unknown;control;2024-02-23 18:15:00+00:00;0.385;;
654611;unknown;control;2024-02-23 18:30:00+00:00;0.386;;
654611;unknown;control;2024-02-23 18:45:00+00:00;0.299;;
654611;unknown;control;2024-02-23 19:00:00+00:00;0.528;;
654611;unknown;control;2024-02-23 19:15:00+00:00;0.472;;
654611;unknown;control;2024-02-23 19:30:00+00:00;0.444;;
654611;unknown;control;2024-02-23 19:45:00+00:00;0.455;;
654611;unknown;control;2024-02-23 20:00:00+00:00;0.461;;
654611;unknown;control;2024-02-23 20:15:00+00:00;0.454;;
654611;unknown;control;2024-02-23 20:30:00+00:00;0.393;;
654611;unknown;control;2024-02-23 20:45:00+00:00;0.339;;
654611;unknown;control;2024-02-23 21:00:00+00:00;0.555;;
654611;unknown;control;2024-02-23 21:15:00+00:00;0.464;;
654611;unknown;control;2024-02-23 21:30:00+00:00;0.421;;
654611;unknown;control;2024-02-23 21:45:00+00:00;0.421;;
654611;unknown;control;2024-02-23 22:00:00+00:00;0.053;;
654611;unknown;control;2024-02-23 22:15:00+00:00;0.068;;
654611;unknown;control;2024-02-23 22:30:00+00:00;0.047;;
654611;unknown;control;2024-02-23 22:45:00+00:00;0.041;;
654611;unknown;control;2024-02-23 23:00:00+00:00;0.057;;
654611;unknown;control;2024-02-23 23:15:00+00:00;0.057;;
654611;unknown;control;2024-02-23 23:30:00+00:00;0.055;;
654611;unknown;control;2024-02-23 23:45:00+00:00;0.056;;
654611;unknown;control;2024-02-24 00:00:00+00:00;0.052;;
654611;unknown;control;2024-02-24 00:15:00+00:00;0.055;;
654611;unknown;control;2024-02-24 00:30:00+00:00;0.067;;
654611;unknown;control;2024-02-24 00:45:00+00:00;0.054;;
654611;unknown;control;2024-02-24 01:00:00+00:00;0.044;;
654611;unknown;control;2024-02-24 01:15:00+00:00;0.053;;
654611;unknown;control;2024-02-24 01:30:00+00:00;0.065;;
654611;unknown;control;2024-02-24 01:45:00+00:00;0.061;;
654611;unknown;control;2024-02-24 02:00:00+00:00;0.052;;
654611;unknown;control;2024-02-24 02:15:00+00:00;0.057;;
654611;unknown;control;2024-02-24 02:30:00+00:00;0.049;;
654611;unknown;control;2024-02-24 02:45:00+00:00;0.054;;
654611;unknown;control;2024-02-24 03:00:00+00:00;0.057;;
654611;unknown;control;2024-02-24 03:15:00+00:00;0.058;;
654611;unknown;control;2024-02-24 03:30:00+00:00;0.059;;
654611;unknown;control;2024-02-24 03:45:00+00:00;0.06;;
654611;unknown;control;2024-02-24 04:00:00+00:00;0.055;;
654611;unknown;control;2024-02-24 04:15:00+00:00;0.056;;
654611;unknown;control;2024-02-24 04:30:00+00:00;0.064;;
654611;unknown;control;2024-02-24 04:45:00+00:00;0.053;;
654611;unknown;control;2024-02-24 05:00:00+00:00;0.062;;
654611;unknown;control;2024-02-24 05:15:00+00:00;0.061;;
654611;unknown;control;2024-02-24 05:30:00+00:00;0.055;;
654611;unknown;control;2024-02-24 05:45:00+00:00;0.048;;
654611;unknown;control;2024-02-24 06:00:00+00:00;0.056;;
654611;unknown;control;2024-02-24 06:15:00+00:00;0.068;;
654611;unknown;control;2024-02-24 06:30:00+00:00;0.058;;
654611;unknown;control;2024-02-24 06:45:00+00:00;0.064;;
654611;unknown;control;2024-02-24 07:00:00+00:00;0.032;;
654611;unknown;control;2024-02-24 07:15:00+00:00;0.03;;
654611;unknown;control;2024-02-24 07:30:00+00:00;0.005;;
654611;unknown;control;2024-02-24 07:45:00+00:00;0.001;;
654611;unknown;control;2024-02-24 08:00:00+00:00;0.0;;
654611;unknown;control;2024-02-24 08:15:00+00:00;0.0;;
654611;unknown;control;2024-02-24 08:30:00+00:00;0.0;;
654611;unknown;control;2024-02-24 08:45:00+00:00;0.0;;
654611;unknown;control;2024-02-24 09:00:00+00:00;0.003;;
654611;unknown;control;2024-02-24 09:15:00+00:00;0.0;;
654611;unknown;control;2024-02-24 09:30:00+00:00;0.0;;
654611;unknown;control;2024-02-24 09:45:00+00:00;0.055;;
654611;unknown;control;2024-02-24 10:00:00+00:00;0.0;;
654611;unknown;control;2024-02-24 10:15:00+00:00;0.0;;
654611;unknown;control;2024-02-24 10:30:00+00:00;0.01;;
654611;unknown;control;2024-02-24 10:45:00+00:00;0.0;;
654611;unknown;control;2024-02-24 11:00:00+00:00;0.0;;
654611;unknown;control;2024-02-24 11:15:00+00:00;0.0;;
654611;unknown;control;2024-02-24 11:30:00+00:00;0.099;;
654611;unknown;control;2024-02-24 11:45:00+00:00;0.0;;
654611;unknown;control;2024-02-24 12:00:00+00:00;0.237;;
654611;unknown;control;2024-02-24 12:15:00+00:00;0.137;;
654611;unknown;control;2024-02-24 12:30:00+00:00;0.118;;
654611;unknown;control;2024-02-24 12:45:00+00:00;0.009;;
654611;unknown;control;2024-02-24 13:00:00+00:00;0.028;;
654611;unknown;control;2024-02-24 13:15:00+00:00;0.142;;
654611;unknown;control;2024-02-24 13:30:00+00:00;0.184;;
654611;unknown;control;2024-02-24 13:45:00+00:00;0.125;;
654611;unknown;control;2024-02-24 14:00:00+00:00;0.026;;
654611;unknown;control;2024-02-24 14:15:00+00:00;0.335;;
654611;unknown;control;2024-02-24 14:30:00+00:00;0.094;;
654611;unknown;control;2024-02-24 14:45:00+00:00;0.232;;
654611;unknown;control;2024-02-24 15:00:00+00:00;0.334;;
654611;unknown;control;2024-02-24 15:15:00+00:00;0.307;;
654611;unknown;control;2024-02-24 15:30:00+00:00;0.174;;
654611;unknown;control;2024-02-24 15:45:00+00:00;0.329;;
654611;unknown;control;2024-02-24 16:00:00+00:00;0.246;;
654611;unknown;control;2024-02-24 16:15:00+00:00;0.427;;
654611;unknown;control;2024-02-24 16:30:00+00:00;0.524;;
654611;unknown;control;2024-02-24 16:45:00+00:00;0.511;;
654611;unknown;control;2024-02-24 17:00:00+00:00;0.903;;
654611;unknown;control;2024-02-24 17:15:00+00:00;0.523;;
654611;unknown;control;2024-02-24 17:30:00+00:00;0.5;;
654611;unknown;control;2024-02-24 17:45:00+00:00;0.8;;
654611;unknown;control;2024-02-24 18:00:00+00:00;0.972;;
654611;unknown;control;2024-02-24 18:15:00+00:00;0.781;;
654611;unknown;control;2024-02-24 18:30:00+00:00;0.36;;
654611;unknown;control;2024-02-24 18:45:00+00:00;0.392;;
654611;unknown;control;2024-02-24 19:00:00+00:00;0.609;;
654611;unknown;control;2024-02-24 19:15:00+00:00;0.55;;
654611;unknown;control;2024-02-24 19:30:00+00:00;0.937;;
654611;unknown;control;2024-02-24 19:45:00+00:00;0.807;;
654611;unknown;control;2024-02-24 20:00:00+00:00;0.596;;
654611;unknown;control;2024-02-24 20:15:00+00:00;0.519;;
654611;unknown;control;2024-02-24 20:30:00+00:00;0.492;;
654611;unknown;control;2024-02-24 20:45:00+00:00;0.447;;
654611;unknown;control;2024-02-24 21:00:00+00:00;0.709;;
654611;unknown;control;2024-02-24 21:15:00+00:00;0.532;;
654611;unknown;control;2024-02-24 21:30:00+00:00;0.524;;
654611;unknown;control;2024-02-24 21:45:00+00:00;0.485;;
654611;unknown;control;2024-02-24 22:00:00+00:00;0.131;;
654611;unknown;control;2024-02-24 22:15:00+00:00;0.131;;
654611;unknown;control;2024-02-24 22:30:00+00:00;0.121;;
654611;unknown;control;2024-02-24 22:45:00+00:00;0.123;;
654611;unknown;control;2024-02-24 23:00:00+00:00;0.13;;
654611;unknown;control;2024-02-24 23:15:00+00:00;0.138;;
654611;unknown;control;2024-02-24 23:30:00+00:00;0.122;;
654611;unknown;control;2024-02-24 23:45:00+00:00;0.134;;
654611;unknown;control;2024-02-25 00:00:00+00:00;0.117;;
654611;unknown;control;2024-02-25 00:15:00+00:00;0.123;;
654611;unknown;control;2024-02-25 00:30:00+00:00;0.121;;
654611;unknown;control;2024-02-25 00:45:00+00:00;0.15;;
654611;unknown;control;2024-02-25 01:00:00+00:00;0.12;;
654611;unknown;control;2024-02-25 01:15:00+00:00;0.065;;
654611;unknown;control;2024-02-25 01:30:00+00:00;0.059;;
654611;unknown;control;2024-02-25 01:45:00+00:00;0.053;;
654611;unknown;control;2024-02-25 02:00:00+00:00;0.06;;
654611;unknown;control;2024-02-25 02:15:00+00:00;0.074;;
654611;unknown;control;2024-02-25 02:30:00+00:00;0.059;;
654611;unknown;control;2024-02-25 02:45:00+00:00;0.07;;
654611;unknown;control;2024-02-25 03:00:00+00:00;0.07;;
654611;unknown;control;2024-02-25 03:15:00+00:00;0.044;;
654611;unknown;control;2024-02-25 03:30:00+00:00;0.05;;
654611;unknown;control;2024-02-25 03:45:00+00:00;0.054;;
654611;unknown;control;2024-02-25 04:00:00+00:00;0.067;;
654611;unknown;control;2024-02-25 04:15:00+00:00;0.069;;
654611;unknown;control;2024-02-25 04:30:00+00:00;0.053;;
654611;unknown;control;2024-02-25 04:45:00+00:00;0.049;;
654611;unknown;control;2024-02-25 05:00:00+00:00;0.048;;
654611;unknown;control;2024-02-25 05:15:00+00:00;0.054;;
654611;unknown;control;2024-02-25 05:30:00+00:00;0.066;;
654611;unknown;control;2024-02-25 05:45:00+00:00;0.049;;
654611;unknown;control;2024-02-25 06:00:00+00:00;0.068;;
654611;unknown;control;2024-02-25 06:15:00+00:00;0.06;;
654611;unknown;control;2024-02-25 06:30:00+00:00;0.005;;
654611;unknown;control;2024-02-25 06:45:00+00:00;0.047;;
654611;unknown;control;2024-02-25 07:00:00+00:00;0.001;;
654611;unknown;control;2024-02-25 07:15:00+00:00;0.0;;
654611;unknown;control;2024-02-25 07:30:00+00:00;0.045;;
654611;unknown;control;2024-02-25 07:45:00+00:00;0.0;;
654611;unknown;control;2024-02-25 08:00:00+00:00;0.15;;
654611;unknown;control;2024-02-25 08:15:00+00:00;0.001;;
654611;unknown;control;2024-02-25 08:30:00+00:00;0.0;;
654611;unknown;control;2024-02-25 08:45:00+00:00;0.0;;
654611;unknown;control;2024-02-25 09:00:00+00:00;0.037;;
654611;unknown;control;2024-02-25 09:15:00+00:00;0.003;;
654611;unknown;control;2024-02-25 09:30:00+00:00;0.035;;
654611;unknown;control;2024-02-25 09:45:00+00:00;0.055;;
654611;unknown;control;2024-02-25 10:00:00+00:00;0.0;;
654611;unknown;control;2024-02-25 10:15:00+00:00;0.0;;
654611;unknown;control;2024-02-25 10:30:00+00:00;0.0;;
654611;unknown;control;2024-02-25 10:45:00+00:00;0.0;;
654611;unknown;control;2024-02-25 11:00:00+00:00;0.0;;
654611;unknown;control;2024-02-25 11:15:00+00:00;0.0;;
654611;unknown;control;2024-02-25 11:30:00+00:00;0.084;;
654611;unknown;control;2024-02-25 11:45:00+00:00;0.023;;
654611;unknown;control;2024-02-25 12:00:00+00:00;0.046;;
654611;unknown;control;2024-02-25 12:15:00+00:00;0.017;;
654611;unknown;control;2024-02-25 12:30:00+00:00;0.001;;
654611;unknown;control;2024-02-25 12:45:00+00:00;0.0;;
654611;unknown;control;2024-02-25 13:00:00+00:00;0.0;;
654611;unknown;control;2024-02-25 13:15:00+00:00;0.077;;
654611;unknown;control;2024-02-25 13:30:00+00:00;0.0;;
654611;unknown;control;2024-02-25 13:45:00+00:00;0.0;;
654611;unknown;control;2024-02-25 14:00:00+00:00;0.0;;
654611;unknown;control;2024-02-25 14:15:00+00:00;0.0;;
654611;unknown;control;2024-02-25 14:30:00+00:00;0.014;;
654611;unknown;control;2024-02-25 14:45:00+00:00;0.083;;
654611;unknown;control;2024-02-25 15:00:00+00:00;0.193;;
654611;unknown;control;2024-02-25 15:15:00+00:00;0.135;;
654611;unknown;control;2024-02-25 15:30:00+00:00;0.411;;
654611;unknown;control;2024-02-25 15:45:00+00:00;0.468;;
654611;unknown;control;2024-02-25 16:00:00+00:00;0.269;;
654611;unknown;control;2024-02-25 16:15:00+00:00;0.284;;
654611;unknown;control;2024-02-25 16:30:00+00:00;0.294;;
654611;unknown;control;2024-02-25 16:45:00+00:00;0.428;;
654611;unknown;control;2024-02-25 17:00:00+00:00;0.661;;
654611;unknown;control;2024-02-25 17:15:00+00:00;1.012;;
654611;unknown;control;2024-02-25 17:30:00+00:00;0.556;;
654611;unknown;control;2024-02-25 17:45:00+00:00;0.255;;
654611;unknown;control;2024-02-25 18:00:00+00:00;0.269;;
654611;unknown;control;2024-02-25 18:15:00+00:00;0.484;;
654611;unknown;control;2024-02-25 18:30:00+00:00;0.396;;
654611;unknown;control;2024-02-25 18:45:00+00:00;0.469;;
654611;unknown;control;2024-02-25 19:00:00+00:00;0.503;;
654611;unknown;control;2024-02-25 19:15:00+00:00;0.418;;
654611;unknown;control;2024-02-25 19:30:00+00:00;0.284;;
654611;unknown;control;2024-02-25 19:45:00+00:00;0.301;;
654611;unknown;control;2024-02-25 20:00:00+00:00;0.539;;
654611;unknown;control;2024-02-25 20:15:00+00:00;0.338;;
654611;unknown;control;2024-02-25 20:30:00+00:00;0.47;;
654611;unknown;control;2024-02-25 20:45:00+00:00;0.409;;
654611;unknown;control;2024-02-25 21:00:00+00:00;0.407;;
654611;unknown;control;2024-02-25 21:15:00+00:00;0.377;;
654611;unknown;control;2024-02-25 21:30:00+00:00;0.455;;
654611;unknown;control;2024-02-25 21:45:00+00:00;0.388;;
654611;unknown;control;2024-02-25 22:00:00+00:00;0.084;;
654611;unknown;control;2024-02-25 22:15:00+00:00;0.052;;
654611;unknown;control;2024-02-25 22:30:00+00:00;0.058;;
654611;unknown;control;2024-02-25 22:45:00+00:00;0.05;;
654611;unknown;control;2024-02-25 23:00:00+00:00;0.059;;
654611;unknown;control;2024-02-25 23:15:00+00:00;0.069;;
654611;unknown;control;2024-02-25 23:30:00+00:00;0.061;;
654611;unknown;control;2024-02-25 23:45:00+00:00;0.068;;
654611;unknown;control;2024-02-26 00:00:00+00:00;0.082;;
654611;unknown;control;2024-02-26 00:15:00+00:00;0.06;;
654611;unknown;control;2024-02-26 00:30:00+00:00;0.059;;
654611;unknown;control;2024-02-26 00:45:00+00:00;0.051;;
654611;unknown;control;2024-02-26 01:00:00+00:00;0.056;;
654611;unknown;control;2024-02-26 01:15:00+00:00;0.055;;
654611;unknown;control;2024-02-26 01:30:00+00:00;0.046;;
654611;unknown;control;2024-02-26 01:45:00+00:00;0.053;;
654611;unknown;control;2024-02-26 02:00:00+00:00;0.064;;
654611;unknown;control;2024-02-26 02:15:00+00:00;0.052;;
654611;unknown;control;2024-02-26 02:30:00+00:00;0.06;;
654611;unknown;control;2024-02-26 02:45:00+00:00;0.071;;
654611;unknown;control;2024-02-26 03:00:00+00:00;0.069;;
654611;unknown;control;2024-02-26 03:15:00+00:00;0.054;;
654611;unknown;control;2024-02-26 03:30:00+00:00;0.056;;
654611;unknown;control;2024-02-26 03:45:00+00:00;0.117;;
654611;unknown;control;2024-02-26 04:00:00+00:00;0.071;;
654611;unknown;control;2024-02-26 04:15:00+00:00;0.083;;
654611;unknown;control;2024-02-26 04:30:00+00:00;0.082;;
654611;unknown;control;2024-02-26 04:45:00+00:00;0.083;;
654611;unknown;control;2024-02-26 05:00:00+00:00;0.099;;
654611;unknown;control;2024-02-26 05:15:00+00:00;0.085;;
654611;unknown;control;2024-02-26 05:30:00+00:00;0.066;;
654611;unknown;control;2024-02-26 05:45:00+00:00;0.204;;
654611;unknown;control;2024-02-26 06:00:00+00:00;0.08;;
654611;unknown;control;2024-02-26 06:15:00+00:00;0.073;;
654611;unknown;control;2024-02-26 06:30:00+00:00;0.066;;
654611;unknown;control;2024-02-26 06:45:00+00:00;0.008;;
654611;unknown;control;2024-02-26 07:00:00+00:00;0.03;;
654611;unknown;control;2024-02-26 07:15:00+00:00;0.019;;
654611;unknown;control;2024-02-26 07:30:00+00:00;0.0;;
654611;unknown;control;2024-02-26 07:45:00+00:00;0.0;;
654611;unknown;control;2024-02-26 08:00:00+00:00;0.0;;
654611;unknown;control;2024-02-26 08:15:00+00:00;0.0;;
654611;unknown;control;2024-02-26 08:30:00+00:00;0.0;;
654611;unknown;control;2024-02-26 08:45:00+00:00;0.0;;
654611;unknown;control;2024-02-26 09:00:00+00:00;0.246;;
654611;unknown;control;2024-02-26 09:15:00+00:00;0.277;;
654611;unknown;control;2024-02-26 09:30:00+00:00;0.062;;
654611;unknown;control;2024-02-26 09:45:00+00:00;0.039;;
654611;unknown;control;2024-02-26 10:00:00+00:00;0.0;;
654611;unknown;control;2024-02-26 10:15:00+00:00;0.0;;
654611;unknown;control;2024-02-26 10:30:00+00:00;0.0;;
654611;unknown;control;2024-02-26 10:45:00+00:00;0.0;;
654611;unknown;control;2024-02-26 11:00:00+00:00;0.319;;
654611;unknown;control;2024-02-26 11:15:00+00:00;0.102;;
654611;unknown;control;2024-02-26 11:30:00+00:00;0.097;;
654611;unknown;control;2024-02-26 11:45:00+00:00;0.052;;
654611;unknown;control;2024-02-26 12:00:00+00:00;0.018;;
654611;unknown;control;2024-02-26 12:15:00+00:00;0.147;;
654611;unknown;control;2024-02-26 12:30:00+00:00;0.002;;
654611;unknown;control;2024-02-26 12:45:00+00:00;0.0;;
654611;unknown;control;2024-02-26 13:00:00+00:00;0.047;;
654611;unknown;control;2024-02-26 13:15:00+00:00;0.043;;
654611;unknown;control;2024-02-26 13:30:00+00:00;0.038;;
654611;unknown;control;2024-02-26 13:45:00+00:00;0.081;;
654611;unknown;control;2024-02-26 14:00:00+00:00;0.053;;
654611;unknown;control;2024-02-26 14:15:00+00:00;0.33;;
654611;unknown;control;2024-02-26 14:30:00+00:00;0.204;;
654611;unknown;control;2024-02-26 14:45:00+00:00;0.21;;
654611;unknown;control;2024-02-26 15:00:00+00:00;0.224;;
654611;unknown;control;2024-02-26 15:15:00+00:00;0.168;;
654611;unknown;control;2024-02-26 15:30:00+00:00;0.155;;
654611;unknown;control;2024-02-26 15:45:00+00:00;0.171;;
654611;unknown;control;2024-02-26 16:00:00+00:00;0.308;;
654611;unknown;control;2024-02-26 16:15:00+00:00;0.301;;
654611;unknown;control;2024-02-26 16:30:00+00:00;0.33;;
654611;unknown;control;2024-02-26 16:45:00+00:00;0.231;;
654611;unknown;control;2024-02-26 17:00:00+00:00;0.262;;
654611;unknown;control;2024-02-26 17:15:00+00:00;0.261;;
654611;unknown;control;2024-02-26 17:30:00+00:00;0.25;;
654611;unknown;control;2024-02-26 17:45:00+00:00;0.245;;
654611;unknown;control;2024-02-26 18:00:00+00:00;0.261;;
654611;unknown;control;2024-02-26 18:15:00+00:00;0.242;;
654611;unknown;control;2024-02-26 18:30:00+00:00;0.254;;
654611;unknown;control;2024-02-26 18:45:00+00:00;0.343;;
654611;unknown;control;2024-02-26 19:00:00+00:00;0.488;;
654611;unknown;control;2024-02-26 19:15:00+00:00;0.317;;
654611;unknown;control;2024-02-26 19:30:00+00:00;0.374;;
654611;unknown;control;2024-02-26 19:45:00+00:00;0.335;;
654611;unknown;control;2024-02-26 20:00:00+00:00;0.394;;
654611;unknown;control;2024-02-26 20:15:00+00:00;0.293;;
654611;unknown;control;2024-02-26 20:30:00+00:00;0.282;;
654611;unknown;control;2024-02-26 20:45:00+00:00;0.433;;
654611;unknown;control;2024-02-26 21:00:00+00:00;0.281;;
654611;unknown;control;2024-02-26 21:15:00+00:00;0.318;;
654611;unknown;control;2024-02-26 21:30:00+00:00;0.275;;
654611;unknown;control;2024-02-26 21:45:00+00:00;0.393;;
654611;unknown;control;2024-02-26 22:00:00+00:00;0.057;;
654611;unknown;control;2024-02-26 22:15:00+00:00;0.067;;
654611;unknown;control;2024-02-26 22:30:00+00:00;0.069;;
654611;unknown;control;2024-02-26 22:45:00+00:00;0.071;;
654611;unknown;control;2024-02-26 23:00:00+00:00;0.073;;
654611;unknown;control;2024-02-26 23:15:00+00:00;0.058;;
654611;unknown;control;2024-02-26 23:30:00+00:00;0.043;;
654611;unknown;control;2024-02-26 23:45:00+00:00;0.052;;
654611;unknown;control;2024-02-27 00:00:00+00:00;0.064;;
654611;unknown;control;2024-02-27 00:15:00+00:00;0.057;;
654611;unknown;control;2024-02-27 00:30:00+00:00;0.075;;
654611;unknown;control;2024-02-27 00:45:00+00:00;0.057;;
654611;unknown;control;2024-02-27 01:00:00+00:00;0.05;;
654611;unknown;control;2024-02-27 01:15:00+00:00;0.05;;
654611;unknown;control;2024-02-27 01:30:00+00:00;0.05;;
654611;unknown;control;2024-02-27 01:45:00+00:00;0.048;;
654611;unknown;control;2024-02-27 02:00:00+00:00;0.065;;
654611;unknown;control;2024-02-27 02:15:00+00:00;0.054;;
654611;unknown;control;2024-02-27 02:30:00+00:00;0.104;;
654611;unknown;control;2024-02-27 02:45:00+00:00;0.062;;
654611;unknown;control;2024-02-27 03:00:00+00:00;0.068;;
654611;unknown;control;2024-02-27 03:15:00+00:00;0.07;;
654611;unknown;control;2024-02-27 03:30:00+00:00;0.082;;
654611;unknown;control;2024-02-27 03:45:00+00:00;0.08;;
654611;unknown;control;2024-02-27 04:00:00+00:00;0.066;;
654611;unknown;control;2024-02-27 04:15:00+00:00;0.067;;
654611;unknown;control;2024-02-27 04:30:00+00:00;0.064;;
654611;unknown;control;2024-02-27 04:45:00+00:00;0.079;;
654611;unknown;control;2024-02-27 05:00:00+00:00;0.073;;
654611;unknown;control;2024-02-27 05:15:00+00:00;0.059;;
654611;unknown;control;2024-02-27 05:30:00+00:00;0.072;;
654611;unknown;control;2024-02-27 05:45:00+00:00;0.184;;
654611;unknown;control;2024-02-27 06:00:00+00:00;0.175;;
654611;unknown;control;2024-02-27 06:15:00+00:00;0.072;;
654611;unknown;control;2024-02-27 06:30:00+00:00;0.088;;
654611;unknown;control;2024-02-27 06:45:00+00:00;0.08;;
654611;unknown;control;2024-02-27 07:00:00+00:00;0.21;;
654611;unknown;control;2024-02-27 07:15:00+00:00;0.084;;
654611;unknown;control;2024-02-27 07:30:00+00:00;0.052;;
654611;unknown;control;2024-02-27 07:45:00+00:00;0.048;;
654611;unknown;control;2024-02-27 08:00:00+00:00;0.026;;
654611;unknown;control;2024-02-27 08:15:00+00:00;0.0;;
654611;unknown;control;2024-02-27 08:30:00+00:00;0.0;;
654611;unknown;control;2024-02-27 08:45:00+00:00;0.0;;
654611;unknown;control;2024-02-27 09:00:00+00:00;0.273;;
654611;unknown;control;2024-02-27 09:15:00+00:00;0.129;;
654611;unknown;control;2024-02-27 09:30:00+00:00;0.115;;
654611;unknown;control;2024-02-27 09:45:00+00:00;0.216;;
654611;unknown;control;2024-02-27 10:00:00+00:00;0.0;;
654611;unknown;control;2024-02-27 10:15:00+00:00;0.0;;
654611;unknown;control;2024-02-27 10:30:00+00:00;0.0;;
654611;unknown;control;2024-02-27 10:45:00+00:00;0.0;;
654611;unknown;control;2024-02-27 11:00:00+00:00;0.08;;
654611;unknown;control;2024-02-27 11:15:00+00:00;0.09;;
654611;unknown;control;2024-02-27 11:30:00+00:00;0.098;;
654611;unknown;control;2024-02-27 11:45:00+00:00;0.17;;
654611;unknown;control;2024-02-27 12:00:00+00:00;0.085;;
654611;unknown;control;2024-02-27 12:15:00+00:00;0.109;;
654611;unknown;control;2024-02-27 12:30:00+00:00;0.0;;
654611;unknown;control;2024-02-27 12:45:00+00:00;0.008;;
654611;unknown;control;2024-02-27 13:00:00+00:00;0.026;;
654611;unknown;control;2024-02-27 13:15:00+00:00;0.003;;
654611;unknown;control;2024-02-27 13:30:00+00:00;0.06;;
654611;unknown;control;2024-02-27 13:45:00+00:00;0.0;;
654611;unknown;control;2024-02-27 14:00:00+00:00;0.001;;
654611;unknown;control;2024-02-27 14:15:00+00:00;0.122;;
654611;unknown;control;2024-02-27 14:30:00+00:00;0.173;;
654611;unknown;control;2024-02-27 14:45:00+00:00;0.112;;
654611;unknown;control;2024-02-27 15:00:00+00:00;0.103;;
654611;unknown;control;2024-02-27 15:15:00+00:00;0.23;;
654611;unknown;control;2024-02-27 15:30:00+00:00;0.176;;
654611;unknown;control;2024-02-27 15:45:00+00:00;0.187;;
654611;unknown;control;2024-02-27 16:00:00+00:00;0.152;;
654611;unknown;control;2024-02-27 16:15:00+00:00;0.185;;
654611;unknown;control;2024-02-27 16:30:00+00:00;0.233;;
654611;unknown;control;2024-02-27 16:45:00+00:00;0.547;;
654611;unknown;control;2024-02-27 17:00:00+00:00;0.41;;
654611;unknown;control;2024-02-27 17:15:00+00:00;0.277;;
654611;unknown;control;2024-02-27 17:30:00+00:00;0.275;;
654611;unknown;control;2024-02-27 17:45:00+00:00;0.337;;
654611;unknown;control;2024-02-27 18:00:00+00:00;0.281;;
654611;unknown;control;2024-02-27 18:15:00+00:00;0.247;;
654611;unknown;control;2024-02-27 18:30:00+00:00;0.277;;
654611;unknown;control;2024-02-27 18:45:00+00:00;0.274;;
654611;unknown;control;2024-02-27 19:00:00+00:00;0.397;;
654611;unknown;control;2024-02-27 19:15:00+00:00;0.345;;
654611;unknown;control;2024-02-27 19:30:00+00:00;0.363;;
654611;unknown;control;2024-02-27 19:45:00+00:00;0.303;;
654611;unknown;control;2024-02-27 20:00:00+00:00;0.285;;
654611;unknown;control;2024-02-27 20:15:00+00:00;0.329;;
654611;unknown;control;2024-02-27 20:30:00+00:00;0.211;;
654611;unknown;control;2024-02-27 20:45:00+00:00;0.414;;
654611;unknown;control;2024-02-27 21:00:00+00:00;0.278;;
654611;unknown;control;2024-02-27 21:15:00+00:00;0.269;;
654611;unknown;control;2024-02-27 21:30:00+00:00;0.287;;
654611;unknown;control;2024-02-27 21:45:00+00:00;0.339;;
654611;unknown;control;2024-02-27 22:00:00+00:00;0.052;;
654611;unknown;control;2024-02-27 22:15:00+00:00;0.046;;
654611;unknown;control;2024-02-27 22:30:00+00:00;0.061;;
654611;unknown;control;2024-02-27 22:45:00+00:00;0.06;;
654611;unknown;control;2024-02-27 23:00:00+00:00;0.062;;
654611;unknown;control;2024-02-27 23:15:00+00:00;0.063;;
654611;unknown;control;2024-02-27 23:30:00+00:00;0.058;;
654611;unknown;control;2024-02-27 23:45:00+00:00;0.049;;
