Household_ID;AffectsTimePoint;Group;Timestamp;kWh_received_Total;kWh_received_HeatPump;kWh_received_Other
688105;unknown;control;2023-11-14 00:00:00+00:00;0.784;;
688105;unknown;control;2023-11-14 00:15:00+00:00;0.85;;
688105;unknown;control;2023-11-14 00:30:00+00:00;0.915;;
688105;unknown;control;2023-11-14 00:45:00+00:00;0.762;;
688105;unknown;control;2023-11-14 01:00:00+00:00;0.096;;
688105;unknown;control;2023-11-14 01:15:00+00:00;0.082;;
688105;unknown;control;2023-11-14 01:30:00+00:00;0.901;;
688105;unknown;control;2023-11-14 01:45:00+00:00;0.921;;
688105;unknown;control;2023-11-14 02:00:00+00:00;0.927;;
688105;unknown;control;2023-11-14 02:15:00+00:00;0.938;;
688105;unknown;control;2023-11-14 02:30:00+00:00;0.613;;
688105;unknown;control;2023-11-14 02:45:00+00:00;0.088;;
688105;unknown;control;2023-11-14 03:00:00+00:00;0.102;;
688105;unknown;control;2023-11-14 03:15:00+00:00;0.109;;
688105;unknown;control;2023-11-14 03:30:00+00:00;0.102;;
688105;unknown;control;2023-11-14 03:45:00+00:00;0.107;;
688105;unknown;control;2023-11-14 04:00:00+00:00;0.197;;
688105;unknown;control;2023-11-14 04:15:00+00:00;0.79;;
688105;unknown;control;2023-11-14 04:30:00+00:00;0.854;;
688105;unknown;control;2023-11-14 04:45:00+00:00;0.901;;
688105;unknown;control;2023-11-14 05:00:00+00:00;0.311;;
688105;unknown;control;2023-11-14 05:15:00+00:00;0.099;;
688105;unknown;control;2023-11-14 05:30:00+00:00;0.206;;
688105;unknown;control;2023-11-14 05:45:00+00:00;0.632;;
688105;unknown;control;2023-11-14 06:00:00+00:00;0.184;;
688105;unknown;control;2023-11-14 06:15:00+00:00;0.144;;
688105;unknown;control;2023-11-14 06:30:00+00:00;0.129;;
688105;unknown;control;2023-11-14 06:45:00+00:00;0.23;;
688105;unknown;control;2023-11-14 07:00:00+00:00;0.116;;
688105;unknown;control;2023-11-14 07:15:00+00:00;0.124;;
688105;unknown;control;2023-11-14 07:30:00+00:00;0.123;;
688105;unknown;control;2023-11-14 07:45:00+00:00;0.082;;
688105;unknown;control;2023-11-14 08:00:00+00:00;0.09;;
688105;unknown;control;2023-11-14 08:15:00+00:00;0.067;;
688105;unknown;control;2023-11-14 08:30:00+00:00;0.051;;
688105;unknown;control;2023-11-14 08:45:00+00:00;0.085;;
688105;unknown;control;2023-11-14 09:00:00+00:00;0.029;;
688105;unknown;control;2023-11-14 09:15:00+00:00;0.05;;
688105;unknown;control;2023-11-14 09:30:00+00:00;0.042;;
688105;unknown;control;2023-11-14 09:45:00+00:00;0.083;;
688105;unknown;control;2023-11-14 10:00:00+00:00;0.083;;
688105;unknown;control;2023-11-14 10:15:00+00:00;0.086;;
688105;unknown;control;2023-11-14 10:30:00+00:00;0.065;;
688105;unknown;control;2023-11-14 10:45:00+00:00;0.066;;
688105;unknown;control;2023-11-14 11:00:00+00:00;0.011;;
688105;unknown;control;2023-11-14 11:15:00+00:00;0.04;;
688105;unknown;control;2023-11-14 11:30:00+00:00;0.069;;
688105;unknown;control;2023-11-14 11:45:00+00:00;0.244;;
688105;unknown;control;2023-11-14 12:00:00+00:00;0.002;;
688105;unknown;control;2023-11-14 12:15:00+00:00;0.138;;
688105;unknown;control;2023-11-14 12:30:00+00:00;0.094;;
688105;unknown;control;2023-11-14 12:45:00+00:00;0.085;;
688105;unknown;control;2023-11-14 13:00:00+00:00;0.083;;
688105;unknown;control;2023-11-14 13:15:00+00:00;0.065;;
688105;unknown;control;2023-11-14 13:30:00+00:00;0.031;;
688105;unknown;control;2023-11-14 13:45:00+00:00;0.045;;
688105;unknown;control;2023-11-14 14:00:00+00:00;0.091;;
688105;unknown;control;2023-11-14 14:15:00+00:00;0.115;;
688105;unknown;control;2023-11-14 14:30:00+00:00;0.134;;
688105;unknown;control;2023-11-14 14:45:00+00:00;0.742;;
688105;unknown;control;2023-11-14 15:00:00+00:00;0.747;;
688105;unknown;control;2023-11-14 15:15:00+00:00;0.791;;
688105;unknown;control;2023-11-14 15:30:00+00:00;0.721;;
688105;unknown;control;2023-11-14 15:45:00+00:00;0.114;;
688105;unknown;control;2023-11-14 16:00:00+00:00;0.126;;
688105;unknown;control;2023-11-14 16:15:00+00:00;0.343;;
688105;unknown;control;2023-11-14 16:30:00+00:00;0.794;;
688105;unknown;control;2023-11-14 16:45:00+00:00;0.799;;
688105;unknown;control;2023-11-14 17:00:00+00:00;0.184;;
688105;unknown;control;2023-11-14 17:15:00+00:00;0.135;;
688105;unknown;control;2023-11-14 17:30:00+00:00;0.129;;
688105;unknown;control;2023-11-14 17:45:00+00:00;0.713;;
688105;unknown;control;2023-11-14 18:00:00+00:00;0.589;;
688105;unknown;control;2023-11-14 18:15:00+00:00;0.152;;
688105;unknown;control;2023-11-14 18:30:00+00:00;0.147;;
688105;unknown;control;2023-11-14 18:45:00+00:00;0.131;;
688105;unknown;control;2023-11-14 19:00:00+00:00;0.465;;
688105;unknown;control;2023-11-14 19:15:00+00:00;0.966;;
688105;unknown;control;2023-11-14 19:30:00+00:00;0.34;;
688105;unknown;control;2023-11-14 19:45:00+00:00;0.198;;
688105;unknown;control;2023-11-14 20:00:00+00:00;0.314;;
688105;unknown;control;2023-11-14 20:15:00+00:00;0.255;;
688105;unknown;control;2023-11-14 20:30:00+00:00;0.834;;
688105;unknown;control;2023-11-14 20:45:00+00:00;0.431;;
688105;unknown;control;2023-11-14 21:00:00+00:00;0.188;;
688105;unknown;control;2023-11-14 21:15:00+00:00;0.136;;
688105;unknown;control;2023-11-14 21:30:00+00:00;0.115;;
688105;unknown;control;2023-11-14 21:45:00+00:00;0.117;;
688105;unknown;control;2023-11-14 22:00:00+00:00;0.128;;
688105;unknown;control;2023-11-14 22:15:00+00:00;0.11;;
688105;unknown;control;2023-11-14 22:30:00+00:00;0.092;;
688105;unknown;control;2023-11-14 22:45:00+00:00;0.085;;
688105;unknown;control;2023-11-14 23:00:00+00:00;0.087;;
688105;unknown;control;2023-11-14 23:15:00+00:00;0.097;;
688105;unknown;control;2023-11-14 23:30:00+00:00;0.097;;
688105;unknown;control;2023-11-14 23:45:00+00:00;0.27;;
688105;unknown;control;2023-11-30 00:00:00+00:00;0.819;;
688105;unknown;control;2023-11-30 00:15:00+00:00;0.875;;
688105;unknown;control;2023-11-30 00:30:00+00:00;0.927;;
688105;unknown;control;2023-11-30 00:45:00+00:00;0.951;;
688105;unknown;control;2023-11-30 01:00:00+00:00;0.592;;
688105;unknown;control;2023-11-30 01:15:00+00:00;0.128;;
688105;unknown;control;2023-11-30 01:30:00+00:00;0.919;;
688105;unknown;control;2023-11-30 01:45:00+00:00;0.929;;
688105;unknown;control;2023-11-30 02:00:00+00:00;0.935;;
688105;unknown;control;2023-11-30 02:15:00+00:00;0.926;;
688105;unknown;control;2023-11-30 02:30:00+00:00;1.365;;
688105;unknown;control;2023-11-30 02:45:00+00:00;1.277;;
688105;unknown;control;2023-11-30 03:00:00+00:00;0.826;;
688105;unknown;control;2023-11-30 03:15:00+00:00;0.86;;
688105;unknown;control;2023-11-30 03:30:00+00:00;0.881;;
688105;unknown;control;2023-11-30 03:45:00+00:00;0.877;;
688105;unknown;control;2023-11-30 04:00:00+00:00;0.874;;
688105;unknown;control;2023-11-30 04:15:00+00:00;0.88;;
688105;unknown;control;2023-11-30 04:30:00+00:00;0.894;;
688105;unknown;control;2023-11-30 04:45:00+00:00;0.908;;
688105;unknown;control;2023-11-30 05:00:00+00:00;0.925;;
688105;unknown;control;2023-11-30 05:15:00+00:00;0.932;;
688105;unknown;control;2023-11-30 05:30:00+00:00;0.877;;
688105;unknown;control;2023-11-30 05:45:00+00:00;0.354;;
688105;unknown;control;2023-11-30 06:00:00+00:00;0.113;;
688105;unknown;control;2023-11-30 06:15:00+00:00;0.124;;
688105;unknown;control;2023-11-30 06:30:00+00:00;0.128;;
688105;unknown;control;2023-11-30 06:45:00+00:00;0.141;;
688105;unknown;control;2023-11-30 07:00:00+00:00;0.116;;
688105;unknown;control;2023-11-30 07:15:00+00:00;0.11;;
688105;unknown;control;2023-11-30 07:30:00+00:00;0.111;;
688105;unknown;control;2023-11-30 07:45:00+00:00;0.111;;
688105;unknown;control;2023-11-30 08:00:00+00:00;0.238;;
688105;unknown;control;2023-11-30 08:15:00+00:00;0.153;;
688105;unknown;control;2023-11-30 08:30:00+00:00;0.145;;
688105;unknown;control;2023-11-30 08:45:00+00:00;0.125;;
688105;unknown;control;2023-11-30 09:00:00+00:00;0.126;;
688105;unknown;control;2023-11-30 09:15:00+00:00;0.125;;
688105;unknown;control;2023-11-30 09:30:00+00:00;0.133;;
688105;unknown;control;2023-11-30 09:45:00+00:00;0.168;;
688105;unknown;control;2023-11-30 10:00:00+00:00;0.188;;
688105;unknown;control;2023-11-30 10:15:00+00:00;0.148;;
688105;unknown;control;2023-11-30 10:30:00+00:00;0.08;;
688105;unknown;control;2023-11-30 10:45:00+00:00;0.08;;
688105;unknown;control;2023-11-30 11:00:00+00:00;0.234;;
688105;unknown;control;2023-11-30 11:15:00+00:00;0.716;;
688105;unknown;control;2023-11-30 11:30:00+00:00;0.237;;
688105;unknown;control;2023-11-30 11:45:00+00:00;0.102;;
688105;unknown;control;2023-11-30 12:00:00+00:00;0.087;;
688105;unknown;control;2023-11-30 12:15:00+00:00;0.08;;
688105;unknown;control;2023-11-30 12:30:00+00:00;0.081;;
688105;unknown;control;2023-11-30 12:45:00+00:00;0.08;;
688105;unknown;control;2023-11-30 13:00:00+00:00;0.631;;
688105;unknown;control;2023-11-30 13:15:00+00:00;0.716;;
688105;unknown;control;2023-11-30 13:30:00+00:00;0.142;;
688105;unknown;control;2023-11-30 13:45:00+00:00;0.136;;
688105;unknown;control;2023-11-30 14:00:00+00:00;0.127;;
688105;unknown;control;2023-11-30 14:15:00+00:00;0.749;;
688105;unknown;control;2023-11-30 14:30:00+00:00;0.821;;
688105;unknown;control;2023-11-30 14:45:00+00:00;0.845;;
688105;unknown;control;2023-11-30 15:00:00+00:00;0.852;;
688105;unknown;control;2023-11-30 15:15:00+00:00;0.858;;
688105;unknown;control;2023-11-30 15:30:00+00:00;0.866;;
688105;unknown;control;2023-11-30 15:45:00+00:00;0.955;;
688105;unknown;control;2023-11-30 16:00:00+00:00;0.867;;
688105;unknown;control;2023-11-30 16:15:00+00:00;0.891;;
688105;unknown;control;2023-11-30 16:30:00+00:00;0.887;;
688105;unknown;control;2023-11-30 16:45:00+00:00;0.888;;
688105;unknown;control;2023-11-30 17:00:00+00:00;1.013;;
688105;unknown;control;2023-11-30 17:15:00+00:00;0.883;;
688105;unknown;control;2023-11-30 17:30:00+00:00;0.934;;
688105;unknown;control;2023-11-30 17:45:00+00:00;0.937;;
688105;unknown;control;2023-11-30 18:00:00+00:00;0.97;;
688105;unknown;control;2023-11-30 18:15:00+00:00;0.986;;
688105;unknown;control;2023-11-30 18:30:00+00:00;0.994;;
688105;unknown;control;2023-11-30 18:45:00+00:00;1.02;;
688105;unknown;control;2023-11-30 19:00:00+00:00;1.032;;
688105;unknown;control;2023-11-30 19:15:00+00:00;1.056;;
688105;unknown;control;2023-11-30 19:30:00+00:00;0.793;;
688105;unknown;control;2023-11-30 19:45:00+00:00;0.182;;
688105;unknown;control;2023-11-30 20:00:00+00:00;0.429;;
688105;unknown;control;2023-11-30 20:15:00+00:00;0.894;;
688105;unknown;control;2023-11-30 20:30:00+00:00;0.93;;
688105;unknown;control;2023-11-30 20:45:00+00:00;0.483;;
688105;unknown;control;2023-11-30 21:00:00+00:00;0.17;;
688105;unknown;control;2023-11-30 21:15:00+00:00;0.145;;
688105;unknown;control;2023-11-30 21:30:00+00:00;0.118;;
688105;unknown;control;2023-11-30 21:45:00+00:00;0.118;;
688105;unknown;control;2023-11-30 22:00:00+00:00;0.127;;
688105;unknown;control;2023-11-30 22:15:00+00:00;0.134;;
688105;unknown;control;2023-11-30 22:30:00+00:00;0.136;;
688105;unknown;control;2023-11-30 22:45:00+00:00;0.117;;
688105;unknown;control;2023-11-30 23:00:00+00:00;0.114;;
688105;unknown;control;2023-11-30 23:15:00+00:00;0.113;;
688105;unknown;control;2023-11-30 23:30:00+00:00;0.126;;
688105;unknown;control;2023-11-30 23:45:00+00:00;0.323;;
688105;unknown;control;2023-12-01 00:00:00+00:00;0.913;;
688105;unknown;control;2023-12-01 00:15:00+00:00;0.969;;
688105;unknown;control;2023-12-01 00:30:00+00:00;0.21;;
688105;unknown;control;2023-12-01 00:45:00+00:00;0.112;;
688105;unknown;control;2023-12-01 01:00:00+00:00;0.113;;
688105;unknown;control;2023-12-01 01:15:00+00:00;0.126;;
688105;unknown;control;2023-12-01 01:30:00+00:00;0.917;;
688105;unknown;control;2023-12-01 01:45:00+00:00;0.938;;
688105;unknown;control;2023-12-01 02:00:00+00:00;0.914;;
688105;unknown;control;2023-12-01 02:15:00+00:00;0.91;;
688105;unknown;control;2023-12-01 02:30:00+00:00;0.857;;
688105;unknown;control;2023-12-01 02:45:00+00:00;0.775;;
688105;unknown;control;2023-12-01 03:00:00+00:00;0.833;;
688105;unknown;control;2023-12-01 03:15:00+00:00;0.862;;
688105;unknown;control;2023-12-01 03:30:00+00:00;0.866;;
688105;unknown;control;2023-12-01 03:45:00+00:00;0.857;;
688105;unknown;control;2023-12-01 04:00:00+00:00;0.864;;
688105;unknown;control;2023-12-01 04:15:00+00:00;0.869;;
688105;unknown;control;2023-12-01 04:30:00+00:00;0.889;;
688105;unknown;control;2023-12-01 04:45:00+00:00;0.899;;
688105;unknown;control;2023-12-01 05:00:00+00:00;0.92;;
688105;unknown;control;2023-12-01 05:15:00+00:00;0.9;;
688105;unknown;control;2023-12-01 05:30:00+00:00;0.906;;
688105;unknown;control;2023-12-01 05:45:00+00:00;0.368;;
688105;unknown;control;2023-12-01 06:00:00+00:00;0.112;;
688105;unknown;control;2023-12-01 06:15:00+00:00;0.125;;
688105;unknown;control;2023-12-01 06:30:00+00:00;0.136;;
688105;unknown;control;2023-12-01 06:45:00+00:00;0.138;;
688105;unknown;control;2023-12-01 07:00:00+00:00;0.116;;
688105;unknown;control;2023-12-01 07:15:00+00:00;0.111;;
688105;unknown;control;2023-12-01 07:30:00+00:00;0.111;;
688105;unknown;control;2023-12-01 07:45:00+00:00;0.112;;
688105;unknown;control;2023-12-01 08:00:00+00:00;0.233;;
688105;unknown;control;2023-12-01 08:15:00+00:00;0.174;;
688105;unknown;control;2023-12-01 08:30:00+00:00;0.172;;
688105;unknown;control;2023-12-01 08:45:00+00:00;0.184;;
688105;unknown;control;2023-12-01 09:00:00+00:00;0.222;;
688105;unknown;control;2023-12-01 09:15:00+00:00;0.15;;
688105;unknown;control;2023-12-01 09:30:00+00:00;0.149;;
688105;unknown;control;2023-12-01 09:45:00+00:00;0.167;;
688105;unknown;control;2023-12-01 10:00:00+00:00;0.158;;
688105;unknown;control;2023-12-01 10:15:00+00:00;0.125;;
688105;unknown;control;2023-12-01 10:30:00+00:00;0.12;;
688105;unknown;control;2023-12-01 10:45:00+00:00;0.11;;
688105;unknown;control;2023-12-01 11:00:00+00:00;0.109;;
688105;unknown;control;2023-12-01 11:15:00+00:00;0.12;;
688105;unknown;control;2023-12-01 11:30:00+00:00;0.145;;
688105;unknown;control;2023-12-01 11:45:00+00:00;0.106;;
688105;unknown;control;2023-12-01 12:00:00+00:00;0.082;;
688105;unknown;control;2023-12-01 12:15:00+00:00;0.076;;
688105;unknown;control;2023-12-01 12:30:00+00:00;0.069;;
688105;unknown;control;2023-12-01 12:45:00+00:00;0.078;;
688105;unknown;control;2023-12-01 13:00:00+00:00;0.105;;
688105;unknown;control;2023-12-01 13:15:00+00:00;0.108;;
688105;unknown;control;2023-12-01 13:30:00+00:00;0.092;;
688105;unknown;control;2023-12-01 13:45:00+00:00;0.158;;
688105;unknown;control;2023-12-01 14:00:00+00:00;0.674;;
688105;unknown;control;2023-12-01 14:15:00+00:00;0.72;;
688105;unknown;control;2023-12-01 14:30:00+00:00;0.752;;
688105;unknown;control;2023-12-01 14:45:00+00:00;0.756;;
688105;unknown;control;2023-12-01 15:00:00+00:00;0.765;;
688105;unknown;control;2023-12-01 15:15:00+00:00;0.764;;
688105;unknown;control;2023-12-01 15:30:00+00:00;0.769;;
688105;unknown;control;2023-12-01 15:45:00+00:00;0.766;;
688105;unknown;control;2023-12-01 16:00:00+00:00;0.77;;
688105;unknown;control;2023-12-01 16:15:00+00:00;0.785;;
688105;unknown;control;2023-12-01 16:30:00+00:00;0.803;;
688105;unknown;control;2023-12-01 16:45:00+00:00;0.802;;
688105;unknown;control;2023-12-01 17:00:00+00:00;0.804;;
688105;unknown;control;2023-12-01 17:15:00+00:00;0.8;;
688105;unknown;control;2023-12-01 17:30:00+00:00;0.8;;
688105;unknown;control;2023-12-01 17:45:00+00:00;0.806;;
688105;unknown;control;2023-12-01 18:00:00+00:00;0.829;;
688105;unknown;control;2023-12-01 18:15:00+00:00;0.843;;
688105;unknown;control;2023-12-01 18:30:00+00:00;0.839;;
688105;unknown;control;2023-12-01 18:45:00+00:00;0.843;;
688105;unknown;control;2023-12-01 19:00:00+00:00;0.836;;
688105;unknown;control;2023-12-01 19:15:00+00:00;0.843;;
688105;unknown;control;2023-12-01 19:30:00+00:00;0.858;;
688105;unknown;control;2023-12-01 19:45:00+00:00;0.876;;
688105;unknown;control;2023-12-01 20:00:00+00:00;0.881;;
688105;unknown;control;2023-12-01 20:15:00+00:00;0.886;;
688105;unknown;control;2023-12-01 20:30:00+00:00;0.845;;
688105;unknown;control;2023-12-01 20:45:00+00:00;0.08;;
688105;unknown;control;2023-12-01 21:00:00+00:00;0.081;;
688105;unknown;control;2023-12-01 21:15:00+00:00;0.097;;
688105;unknown;control;2023-12-01 21:30:00+00:00;0.106;;
688105;unknown;control;2023-12-01 21:45:00+00:00;0.094;;
688105;unknown;control;2023-12-01 22:00:00+00:00;0.094;;
688105;unknown;control;2023-12-01 22:15:00+00:00;0.087;;
688105;unknown;control;2023-12-01 22:30:00+00:00;0.081;;
688105;unknown;control;2023-12-01 22:45:00+00:00;0.088;;
688105;unknown;control;2023-12-01 23:00:00+00:00;0.097;;
688105;unknown;control;2023-12-01 23:15:00+00:00;0.09;;
688105;unknown;control;2023-12-01 23:30:00+00:00;0.095;;
688105;unknown;control;2023-12-01 23:45:00+00:00;0.209;;
688105;unknown;control;2023-12-02 00:00:00+00:00;0.91;;
688105;unknown;control;2023-12-02 00:15:00+00:00;0.253;;
688105;unknown;control;2023-12-02 00:30:00+00:00;0.096;;
688105;unknown;control;2023-12-02 00:45:00+00:00;0.093;;
688105;unknown;control;2023-12-02 01:00:00+00:00;0.08;;
688105;unknown;control;2023-12-02 01:15:00+00:00;0.084;;
688105;unknown;control;2023-12-02 01:30:00+00:00;0.887;;
688105;unknown;control;2023-12-02 01:45:00+00:00;0.897;;
688105;unknown;control;2023-12-02 02:00:00+00:00;0.894;;
688105;unknown;control;2023-12-02 02:15:00+00:00;0.935;;
688105;unknown;control;2023-12-02 02:30:00+00:00;0.894;;
688105;unknown;control;2023-12-02 02:45:00+00:00;0.762;;
688105;unknown;control;2023-12-02 03:00:00+00:00;0.801;;
688105;unknown;control;2023-12-02 03:15:00+00:00;0.822;;
688105;unknown;control;2023-12-02 03:30:00+00:00;0.833;;
688105;unknown;control;2023-12-02 03:45:00+00:00;0.852;;
688105;unknown;control;2023-12-02 04:00:00+00:00;0.849;;
688105;unknown;control;2023-12-02 04:15:00+00:00;0.84;;
688105;unknown;control;2023-12-02 04:30:00+00:00;0.846;;
688105;unknown;control;2023-12-02 04:45:00+00:00;0.854;;
688105;unknown;control;2023-12-02 05:00:00+00:00;0.868;;
688105;unknown;control;2023-12-02 05:15:00+00:00;0.875;;
688105;unknown;control;2023-12-02 05:30:00+00:00;0.892;;
688105;unknown;control;2023-12-02 05:45:00+00:00;0.34;;
688105;unknown;control;2023-12-02 06:00:00+00:00;0.081;;
688105;unknown;control;2023-12-02 06:15:00+00:00;0.081;;
688105;unknown;control;2023-12-02 06:30:00+00:00;0.079;;
688105;unknown;control;2023-12-02 06:45:00+00:00;0.085;;
688105;unknown;control;2023-12-02 07:00:00+00:00;0.108;;
688105;unknown;control;2023-12-02 07:15:00+00:00;0.105;;
688105;unknown;control;2023-12-02 07:30:00+00:00;0.085;;
688105;unknown;control;2023-12-02 07:45:00+00:00;0.079;;
688105;unknown;control;2023-12-02 08:00:00+00:00;0.079;;
688105;unknown;control;2023-12-02 08:15:00+00:00;0.078;;
688105;unknown;control;2023-12-02 08:30:00+00:00;0.091;;
688105;unknown;control;2023-12-02 08:45:00+00:00;0.109;;
688105;unknown;control;2023-12-02 09:00:00+00:00;0.101;;
688105;unknown;control;2023-12-02 09:15:00+00:00;0.095;;
688105;unknown;control;2023-12-02 09:30:00+00:00;0.081;;
688105;unknown;control;2023-12-02 09:45:00+00:00;0.079;;
688105;unknown;control;2023-12-02 10:00:00+00:00;0.079;;
688105;unknown;control;2023-12-02 10:15:00+00:00;0.094;;
688105;unknown;control;2023-12-02 10:30:00+00:00;0.677;;
688105;unknown;control;2023-12-02 10:45:00+00:00;0.439;;
688105;unknown;control;2023-12-02 11:00:00+00:00;0.092;;
688105;unknown;control;2023-12-02 11:15:00+00:00;0.08;;
688105;unknown;control;2023-12-02 11:30:00+00:00;0.078;;
688105;unknown;control;2023-12-02 11:45:00+00:00;0.3;;
688105;unknown;control;2023-12-02 12:00:00+00:00;0.745;;
688105;unknown;control;2023-12-02 12:15:00+00:00;0.119;;
688105;unknown;control;2023-12-02 12:30:00+00:00;0.093;;
688105;unknown;control;2023-12-02 12:45:00+00:00;0.091;;
688105;unknown;control;2023-12-02 13:00:00+00:00;0.084;;
688105;unknown;control;2023-12-02 13:15:00+00:00;0.575;;
688105;unknown;control;2023-12-02 13:30:00+00:00;0.512;;
688105;unknown;control;2023-12-02 13:45:00+00:00;0.089;;
688105;unknown;control;2023-12-02 14:00:00+00:00;0.084;;
688105;unknown;control;2023-12-02 14:15:00+00:00;0.59;;
688105;unknown;control;2023-12-02 14:30:00+00:00;0.731;;
688105;unknown;control;2023-12-02 14:45:00+00:00;0.743;;
688105;unknown;control;2023-12-02 15:00:00+00:00;0.753;;
688105;unknown;control;2023-12-02 15:15:00+00:00;0.772;;
688105;unknown;control;2023-12-02 15:30:00+00:00;0.764;;
688105;unknown;control;2023-12-02 15:45:00+00:00;0.77;;
688105;unknown;control;2023-12-02 16:00:00+00:00;0.788;;
688105;unknown;control;2023-12-02 16:15:00+00:00;0.794;;
688105;unknown;control;2023-12-02 16:30:00+00:00;0.799;;
688105;unknown;control;2023-12-02 16:45:00+00:00;0.807;;
688105;unknown;control;2023-12-02 17:00:00+00:00;0.806;;
688105;unknown;control;2023-12-02 17:15:00+00:00;0.797;;
688105;unknown;control;2023-12-02 17:30:00+00:00;0.8;;
688105;unknown;control;2023-12-02 17:45:00+00:00;0.812;;
688105;unknown;control;2023-12-02 18:00:00+00:00;0.82;;
688105;unknown;control;2023-12-02 18:15:00+00:00;0.828;;
688105;unknown;control;2023-12-02 18:30:00+00:00;0.837;;
688105;unknown;control;2023-12-02 18:45:00+00:00;0.817;;
688105;unknown;control;2023-12-02 19:00:00+00:00;0.816;;
688105;unknown;control;2023-12-02 19:15:00+00:00;0.819;;
688105;unknown;control;2023-12-02 19:30:00+00:00;0.819;;
688105;unknown;control;2023-12-02 19:45:00+00:00;0.835;;
688105;unknown;control;2023-12-02 20:00:00+00:00;0.854;;
688105;unknown;control;2023-12-02 20:15:00+00:00;0.851;;
688105;unknown;control;2023-12-02 20:30:00+00:00;0.832;;
688105;unknown;control;2023-12-02 20:45:00+00:00;0.321;;
688105;unknown;control;2023-12-02 21:00:00+00:00;0.081;;
688105;unknown;control;2023-12-02 21:15:00+00:00;0.08;;
688105;unknown;control;2023-12-02 21:30:00+00:00;0.094;;
688105;unknown;control;2023-12-02 21:45:00+00:00;0.112;;
688105;unknown;control;2023-12-02 22:00:00+00:00;0.097;;
688105;unknown;control;2023-12-02 22:15:00+00:00;0.092;;
688105;unknown;control;2023-12-02 22:30:00+00:00;0.081;;
688105;unknown;control;2023-12-02 22:45:00+00:00;0.081;;
688105;unknown;control;2023-12-02 23:00:00+00:00;0.08;;
688105;unknown;control;2023-12-02 23:15:00+00:00;0.097;;
688105;unknown;control;2023-12-02 23:30:00+00:00;0.1;;
688105;unknown;control;2023-12-02 23:45:00+00:00;0.278;;
688105;unknown;control;2023-12-03 00:00:00+00:00;0.816;;
688105;unknown;control;2023-12-03 00:15:00+00:00;0.872;;
688105;unknown;control;2023-12-03 00:30:00+00:00;0.905;;
688105;unknown;control;2023-12-03 00:45:00+00:00;0.225;;
688105;unknown;control;2023-12-03 01:00:00+00:00;0.096;;
688105;unknown;control;2023-12-03 01:15:00+00:00;0.083;;
688105;unknown;control;2023-12-03 01:30:00+00:00;0.875;;
688105;unknown;control;2023-12-03 01:45:00+00:00;0.897;;
688105;unknown;control;2023-12-03 02:00:00+00:00;0.897;;
688105;unknown;control;2023-12-03 02:15:00+00:00;1.31;;
688105;unknown;control;2023-12-03 02:30:00+00:00;0.782;;
688105;unknown;control;2023-12-03 02:45:00+00:00;0.809;;
688105;unknown;control;2023-12-03 03:00:00+00:00;0.815;;
688105;unknown;control;2023-12-03 03:15:00+00:00;0.825;;
688105;unknown;control;2023-12-03 03:30:00+00:00;0.833;;
688105;unknown;control;2023-12-03 03:45:00+00:00;0.841;;
688105;unknown;control;2023-12-03 04:00:00+00:00;0.869;;
688105;unknown;control;2023-12-03 04:15:00+00:00;0.879;;
688105;unknown;control;2023-12-03 04:30:00+00:00;0.868;;
688105;unknown;control;2023-12-03 04:45:00+00:00;0.864;;
688105;unknown;control;2023-12-03 05:00:00+00:00;0.86;;
688105;unknown;control;2023-12-03 05:15:00+00:00;0.864;;
688105;unknown;control;2023-12-03 05:30:00+00:00;0.867;;
688105;unknown;control;2023-12-03 05:45:00+00:00;0.348;;
688105;unknown;control;2023-12-03 06:00:00+00:00;0.098;;
688105;unknown;control;2023-12-03 06:15:00+00:00;0.094;;
688105;unknown;control;2023-12-03 06:30:00+00:00;0.093;;
688105;unknown;control;2023-12-03 06:45:00+00:00;0.092;;
688105;unknown;control;2023-12-03 07:00:00+00:00;0.082;;
688105;unknown;control;2023-12-03 07:15:00+00:00;0.37;;
688105;unknown;control;2023-12-03 07:30:00+00:00;0.767;;
688105;unknown;control;2023-12-03 07:45:00+00:00;0.778;;
688105;unknown;control;2023-12-03 08:00:00+00:00;0.078;;
688105;unknown;control;2023-12-03 08:15:00+00:00;0.089;;
688105;unknown;control;2023-12-03 08:30:00+00:00;0.092;;
688105;unknown;control;2023-12-03 08:45:00+00:00;0.756;;
688105;unknown;control;2023-12-03 09:00:00+00:00;0.604;;
688105;unknown;control;2023-12-03 09:15:00+00:00;0.095;;
688105;unknown;control;2023-12-03 09:30:00+00:00;0.08;;
688105;unknown;control;2023-12-03 09:45:00+00:00;0.117;;
688105;unknown;control;2023-12-03 10:00:00+00:00;0.738;;
688105;unknown;control;2023-12-03 10:15:00+00:00;0.691;;
688105;unknown;control;2023-12-03 10:30:00+00:00;0.099;;
688105;unknown;control;2023-12-03 10:45:00+00:00;0.11;;
688105;unknown;control;2023-12-03 11:00:00+00:00;0.095;;
688105;unknown;control;2023-12-03 11:15:00+00:00;0.129;;
688105;unknown;control;2023-12-03 11:30:00+00:00;0.728;;
688105;unknown;control;2023-12-03 11:45:00+00:00;0.771;;
688105;unknown;control;2023-12-03 12:00:00+00:00;0.103;;
688105;unknown;control;2023-12-03 12:15:00+00:00;0.097;;
688105;unknown;control;2023-12-03 12:30:00+00:00;0.083;;
688105;unknown;control;2023-12-03 12:45:00+00:00;0.629;;
688105;unknown;control;2023-12-03 13:00:00+00:00;0.775;;
688105;unknown;control;2023-12-03 13:15:00+00:00;0.094;;
688105;unknown;control;2023-12-03 13:30:00+00:00;0.1;;
688105;unknown;control;2023-12-03 13:45:00+00:00;0.231;;
688105;unknown;control;2023-12-03 14:00:00+00:00;0.706;;
688105;unknown;control;2023-12-03 14:15:00+00:00;0.737;;
688105;unknown;control;2023-12-03 14:30:00+00:00;0.75;;
688105;unknown;control;2023-12-03 14:45:00+00:00;0.766;;
688105;unknown;control;2023-12-03 15:00:00+00:00;0.797;;
688105;unknown;control;2023-12-03 15:15:00+00:00;0.897;;
688105;unknown;control;2023-12-03 15:30:00+00:00;0.863;;
688105;unknown;control;2023-12-03 15:45:00+00:00;0.836;;
688105;unknown;control;2023-12-03 16:00:00+00:00;0.837;;
688105;unknown;control;2023-12-03 16:15:00+00:00;0.887;;
688105;unknown;control;2023-12-03 16:30:00+00:00;0.943;;
688105;unknown;control;2023-12-03 16:45:00+00:00;1.021;;
688105;unknown;control;2023-12-03 17:00:00+00:00;1.017;;
688105;unknown;control;2023-12-03 17:15:00+00:00;1.048;;
688105;unknown;control;2023-12-03 17:30:00+00:00;1.028;;
688105;unknown;control;2023-12-03 17:45:00+00:00;1.07;;
688105;unknown;control;2023-12-03 18:00:00+00:00;1.077;;
688105;unknown;control;2023-12-03 18:15:00+00:00;1.049;;
688105;unknown;control;2023-12-03 18:30:00+00:00;0.994;;
688105;unknown;control;2023-12-03 18:45:00+00:00;0.995;;
688105;unknown;control;2023-12-03 19:00:00+00:00;1.002;;
688105;unknown;control;2023-12-03 19:15:00+00:00;1.01;;
688105;unknown;control;2023-12-03 19:30:00+00:00;1.032;;
688105;unknown;control;2023-12-03 19:45:00+00:00;1.029;;
688105;unknown;control;2023-12-03 20:00:00+00:00;1.123;;
688105;unknown;control;2023-12-03 20:15:00+00:00;1.022;;
688105;unknown;control;2023-12-03 20:30:00+00:00;1.043;;
688105;unknown;control;2023-12-03 20:45:00+00:00;0.51;;
688105;unknown;control;2023-12-03 21:00:00+00:00;0.315;;
688105;unknown;control;2023-12-03 21:15:00+00:00;0.282;;
688105;unknown;control;2023-12-03 21:30:00+00:00;0.298;;
688105;unknown;control;2023-12-03 21:45:00+00:00;0.355;;
688105;unknown;control;2023-12-03 22:00:00+00:00;0.273;;
688105;unknown;control;2023-12-03 22:15:00+00:00;0.274;;
688105;unknown;control;2023-12-03 22:30:00+00:00;0.286;;
688105;unknown;control;2023-12-03 22:45:00+00:00;0.876;;
688105;unknown;control;2023-12-03 23:00:00+00:00;0.992;;
688105;unknown;control;2023-12-03 23:15:00+00:00;0.394;;
688105;unknown;control;2023-12-03 23:30:00+00:00;0.195;;
688105;unknown;control;2023-12-03 23:45:00+00:00;0.338;;
688105;unknown;control;2023-12-04 00:00:00+00:00;0.877;;
688105;unknown;control;2023-12-04 00:15:00+00:00;0.908;;
688105;unknown;control;2023-12-04 00:30:00+00:00;0.924;;
688105;unknown;control;2023-12-04 00:45:00+00:00;0.949;;
688105;unknown;control;2023-12-04 01:00:00+00:00;0.967;;
688105;unknown;control;2023-12-04 01:15:00+00:00;0.204;;
688105;unknown;control;2023-12-04 01:30:00+00:00;0.914;;
688105;unknown;control;2023-12-04 01:45:00+00:00;0.919;;
688105;unknown;control;2023-12-04 02:00:00+00:00;0.908;;
688105;unknown;control;2023-12-04 02:15:00+00:00;1.46;;
688105;unknown;control;2023-12-04 02:30:00+00:00;1.602;;
688105;unknown;control;2023-12-04 02:45:00+00:00;1.639;;
688105;unknown;control;2023-12-04 03:00:00+00:00;1.021;;
688105;unknown;control;2023-12-04 03:15:00+00:00;0.885;;
688105;unknown;control;2023-12-04 03:30:00+00:00;0.879;;
688105;unknown;control;2023-12-04 03:45:00+00:00;0.886;;
688105;unknown;control;2023-12-04 04:00:00+00:00;0.892;;
688105;unknown;control;2023-12-04 04:15:00+00:00;0.908;;
688105;unknown;control;2023-12-04 04:30:00+00:00;0.923;;
688105;unknown;control;2023-12-04 04:45:00+00:00;0.931;;
688105;unknown;control;2023-12-04 05:00:00+00:00;0.915;;
688105;unknown;control;2023-12-04 05:15:00+00:00;0.908;;
688105;unknown;control;2023-12-04 05:30:00+00:00;0.878;;
688105;unknown;control;2023-12-04 05:45:00+00:00;0.347;;
688105;unknown;control;2023-12-04 06:00:00+00:00;0.119;;
688105;unknown;control;2023-12-04 06:15:00+00:00;0.137;;
688105;unknown;control;2023-12-04 06:30:00+00:00;0.129;;
688105;unknown;control;2023-12-04 06:45:00+00:00;0.124;;
688105;unknown;control;2023-12-04 07:00:00+00:00;0.123;;
688105;unknown;control;2023-12-04 07:15:00+00:00;0.113;;
688105;unknown;control;2023-12-04 07:30:00+00:00;0.224;;
688105;unknown;control;2023-12-04 07:45:00+00:00;0.791;;
688105;unknown;control;2023-12-04 08:00:00+00:00;0.947;;
688105;unknown;control;2023-12-04 08:15:00+00:00;0.26;;
688105;unknown;control;2023-12-04 08:30:00+00:00;0.167;;
688105;unknown;control;2023-12-04 08:45:00+00:00;0.17;;
688105;unknown;control;2023-12-04 09:00:00+00:00;0.182;;
688105;unknown;control;2023-12-04 09:15:00+00:00;0.714;;
688105;unknown;control;2023-12-04 09:30:00+00:00;0.85;;
688105;unknown;control;2023-12-04 09:45:00+00:00;0.226;;
688105;unknown;control;2023-12-04 10:00:00+00:00;0.235;;
688105;unknown;control;2023-12-04 10:15:00+00:00;0.165;;
688105;unknown;control;2023-12-04 10:30:00+00:00;0.177;;
688105;unknown;control;2023-12-04 10:45:00+00:00;0.18;;
688105;unknown;control;2023-12-04 11:00:00+00:00;0.511;;
688105;unknown;control;2023-12-04 11:15:00+00:00;0.824;;
688105;unknown;control;2023-12-04 11:30:00+00:00;0.643;;
688105;unknown;control;2023-12-04 11:45:00+00:00;0.177;;
688105;unknown;control;2023-12-04 12:00:00+00:00;0.17;;
688105;unknown;control;2023-12-04 12:15:00+00:00;0.3;;
688105;unknown;control;2023-12-04 12:30:00+00:00;0.391;;
688105;unknown;control;2023-12-04 12:45:00+00:00;0.783;;
688105;unknown;control;2023-12-04 13:00:00+00:00;0.948;;
688105;unknown;control;2023-12-04 13:15:00+00:00;0.226;;
688105;unknown;control;2023-12-04 13:30:00+00:00;0.197;;
688105;unknown;control;2023-12-04 13:45:00+00:00;0.186;;
688105;unknown;control;2023-12-04 14:00:00+00:00;0.435;;
688105;unknown;control;2023-12-04 14:15:00+00:00;1.157;;
688105;unknown;control;2023-12-04 14:30:00+00:00;1.136;;
688105;unknown;control;2023-12-04 14:45:00+00:00;0.84;;
688105;unknown;control;2023-12-04 15:00:00+00:00;0.863;;
688105;unknown;control;2023-12-04 15:15:00+00:00;0.961;;
688105;unknown;control;2023-12-04 15:30:00+00:00;0.928;;
688105;unknown;control;2023-12-04 15:45:00+00:00;0.933;;
688105;unknown;control;2023-12-04 16:00:00+00:00;0.926;;
688105;unknown;control;2023-12-04 16:15:00+00:00;0.919;;
688105;unknown;control;2023-12-04 16:30:00+00:00;0.925;;
688105;unknown;control;2023-12-04 16:45:00+00:00;0.927;;
688105;unknown;control;2023-12-04 17:00:00+00:00;0.947;;
688105;unknown;control;2023-12-04 17:15:00+00:00;0.961;;
688105;unknown;control;2023-12-04 17:30:00+00:00;0.954;;
688105;unknown;control;2023-12-04 17:45:00+00:00;0.938;;
688105;unknown;control;2023-12-04 18:00:00+00:00;0.967;;
688105;unknown;control;2023-12-04 18:15:00+00:00;0.953;;
688105;unknown;control;2023-12-04 18:30:00+00:00;0.961;;
688105;unknown;control;2023-12-04 18:45:00+00:00;1.041;;
688105;unknown;control;2023-12-04 19:00:00+00:00;0.949;;
688105;unknown;control;2023-12-04 19:15:00+00:00;0.963;;
688105;unknown;control;2023-12-04 19:30:00+00:00;0.97;;
688105;unknown;control;2023-12-04 19:45:00+00:00;0.98;;
688105;unknown;control;2023-12-04 20:00:00+00:00;0.99;;
688105;unknown;control;2023-12-04 20:15:00+00:00;0.969;;
688105;unknown;control;2023-12-04 20:30:00+00:00;0.966;;
688105;unknown;control;2023-12-04 20:45:00+00:00;0.455;;
688105;unknown;control;2023-12-04 21:00:00+00:00;0.217;;
688105;unknown;control;2023-12-04 21:15:00+00:00;0.23;;
688105;unknown;control;2023-12-04 21:30:00+00:00;0.245;;
688105;unknown;control;2023-12-04 21:45:00+00:00;0.229;;
688105;unknown;control;2023-12-04 22:00:00+00:00;0.228;;
688105;unknown;control;2023-12-04 22:15:00+00:00;0.225;;
688105;unknown;control;2023-12-04 22:30:00+00:00;0.252;;
688105;unknown;control;2023-12-04 22:45:00+00:00;0.14;;
688105;unknown;control;2023-12-04 23:00:00+00:00;0.124;;
688105;unknown;control;2023-12-04 23:15:00+00:00;0.12;;
688105;unknown;control;2023-12-04 23:30:00+00:00;0.127;;
688105;unknown;control;2023-12-04 23:45:00+00:00;0.313;;
688105;unknown;control;2023-12-05 00:00:00+00:00;0.842;;
688105;unknown;control;2023-12-05 00:15:00+00:00;0.895;;
688105;unknown;control;2023-12-05 00:30:00+00:00;0.923;;
688105;unknown;control;2023-12-05 00:45:00+00:00;0.954;;
688105;unknown;control;2023-12-05 01:00:00+00:00;0.585;;
688105;unknown;control;2023-12-05 01:15:00+00:00;0.123;;
688105;unknown;control;2023-12-05 01:30:00+00:00;0.93;;
688105;unknown;control;2023-12-05 01:45:00+00:00;0.943;;
688105;unknown;control;2023-12-05 02:00:00+00:00;0.921;;
688105;unknown;control;2023-12-05 02:15:00+00:00;0.966;;
688105;unknown;control;2023-12-05 02:30:00+00:00;1.576;;
688105;unknown;control;2023-12-05 02:45:00+00:00;1.601;;
688105;unknown;control;2023-12-05 03:00:00+00:00;1.079;;
688105;unknown;control;2023-12-05 03:15:00+00:00;0.886;;
688105;unknown;control;2023-12-05 03:30:00+00:00;0.884;;
688105;unknown;control;2023-12-05 03:45:00+00:00;0.89;;
688105;unknown;control;2023-12-05 04:00:00+00:00;0.885;;
688105;unknown;control;2023-12-05 04:15:00+00:00;0.889;;
688105;unknown;control;2023-12-05 04:30:00+00:00;0.912;;
688105;unknown;control;2023-12-05 04:45:00+00:00;0.908;;
688105;unknown;control;2023-12-05 05:00:00+00:00;0.908;;
688105;unknown;control;2023-12-05 05:15:00+00:00;0.917;;
688105;unknown;control;2023-12-05 05:30:00+00:00;0.921;;
688105;unknown;control;2023-12-05 05:45:00+00:00;0.376;;
688105;unknown;control;2023-12-05 06:00:00+00:00;0.13;;
688105;unknown;control;2023-12-05 06:15:00+00:00;0.119;;
688105;unknown;control;2023-12-05 06:30:00+00:00;0.111;;
688105;unknown;control;2023-12-05 06:45:00+00:00;0.113;;
688105;unknown;control;2023-12-05 07:00:00+00:00;0.125;;
688105;unknown;control;2023-12-05 07:15:00+00:00;0.132;;
688105;unknown;control;2023-12-05 07:30:00+00:00;0.141;;
688105;unknown;control;2023-12-05 07:45:00+00:00;0.113;;
688105;unknown;control;2023-12-05 08:00:00+00:00;0.111;;
688105;unknown;control;2023-12-05 08:15:00+00:00;0.175;;
688105;unknown;control;2023-12-05 08:30:00+00:00;0.078;;
688105;unknown;control;2023-12-05 08:45:00+00:00;0.102;;
688105;unknown;control;2023-12-05 09:00:00+00:00;0.186;;
688105;unknown;control;2023-12-05 09:15:00+00:00;0.094;;
688105;unknown;control;2023-12-05 09:30:00+00:00;0.085;;
688105;unknown;control;2023-12-05 09:45:00+00:00;0.08;;
688105;unknown;control;2023-12-05 10:00:00+00:00;0.153;;
688105;unknown;control;2023-12-05 10:15:00+00:00;0.098;;
688105;unknown;control;2023-12-05 10:30:00+00:00;0.094;;
688105;unknown;control;2023-12-05 10:45:00+00:00;0.093;;
688105;unknown;control;2023-12-05 11:00:00+00:00;0.09;;
688105;unknown;control;2023-12-05 11:15:00+00:00;0.156;;
688105;unknown;control;2023-12-05 11:30:00+00:00;0.128;;
688105;unknown;control;2023-12-05 11:45:00+00:00;0.1;;
688105;unknown;control;2023-12-05 12:00:00+00:00;0.117;;
688105;unknown;control;2023-12-05 12:15:00+00:00;0.264;;
688105;unknown;control;2023-12-05 12:30:00+00:00;0.093;;
688105;unknown;control;2023-12-05 12:45:00+00:00;0.106;;
688105;unknown;control;2023-12-05 13:00:00+00:00;0.11;;
688105;unknown;control;2023-12-05 13:15:00+00:00;0.086;;
688105;unknown;control;2023-12-05 13:30:00+00:00;0.079;;
688105;unknown;control;2023-12-05 13:45:00+00:00;0.176;;
688105;unknown;control;2023-12-05 14:00:00+00:00;0.319;;
688105;unknown;control;2023-12-05 14:15:00+00:00;0.727;;
688105;unknown;control;2023-12-05 14:30:00+00:00;0.733;;
688105;unknown;control;2023-12-05 14:45:00+00:00;0.746;;
688105;unknown;control;2023-12-05 15:00:00+00:00;0.796;;
688105;unknown;control;2023-12-05 15:15:00+00:00;0.93;;
688105;unknown;control;2023-12-05 15:30:00+00:00;0.876;;
688105;unknown;control;2023-12-05 15:45:00+00:00;0.879;;
688105;unknown;control;2023-12-05 16:00:00+00:00;0.887;;
688105;unknown;control;2023-12-05 16:15:00+00:00;0.9;;
688105;unknown;control;2023-12-05 16:30:00+00:00;0.952;;
688105;unknown;control;2023-12-05 16:45:00+00:00;0.93;;
688105;unknown;control;2023-12-05 17:00:00+00:00;0.937;;
688105;unknown;control;2023-12-05 17:15:00+00:00;0.894;;
688105;unknown;control;2023-12-05 17:30:00+00:00;0.893;;
688105;unknown;control;2023-12-05 17:45:00+00:00;0.896;;
688105;unknown;control;2023-12-05 18:00:00+00:00;0.905;;
688105;unknown;control;2023-12-05 18:15:00+00:00;0.935;;
688105;unknown;control;2023-12-05 18:30:00+00:00;0.942;;
688105;unknown;control;2023-12-05 18:45:00+00:00;1.039;;
688105;unknown;control;2023-12-05 19:00:00+00:00;0.957;;
688105;unknown;control;2023-12-05 19:15:00+00:00;0.132;;
688105;unknown;control;2023-12-05 19:30:00+00:00;0.126;;
688105;unknown;control;2023-12-05 19:45:00+00:00;0.784;;
688105;unknown;control;2023-12-05 20:00:00+00:00;0.834;;
688105;unknown;control;2023-12-05 20:15:00+00:00;0.838;;
688105;unknown;control;2023-12-05 20:30:00+00:00;0.863;;
688105;unknown;control;2023-12-05 20:45:00+00:00;0.365;;
688105;unknown;control;2023-12-05 21:00:00+00:00;0.144;;
688105;unknown;control;2023-12-05 21:15:00+00:00;0.123;;
688105;unknown;control;2023-12-05 21:30:00+00:00;0.113;;
688105;unknown;control;2023-12-05 21:45:00+00:00;0.113;;
688105;unknown;control;2023-12-05 22:00:00+00:00;0.113;;
688105;unknown;control;2023-12-05 22:15:00+00:00;0.126;;
688105;unknown;control;2023-12-05 22:30:00+00:00;0.144;;
688105;unknown;control;2023-12-05 22:45:00+00:00;0.127;;
688105;unknown;control;2023-12-05 23:00:00+00:00;0.125;;
688105;unknown;control;2023-12-05 23:15:00+00:00;0.12;;
688105;unknown;control;2023-12-05 23:30:00+00:00;0.114;;
688105;unknown;control;2023-12-05 23:45:00+00:00;0.348;;
688105;unknown;control;2023-12-06 00:00:00+00:00;0.957;;
688105;unknown;control;2023-12-06 00:15:00+00:00;0.477;;
688105;unknown;control;2023-12-06 00:30:00+00:00;0.125;;
688105;unknown;control;2023-12-06 00:45:00+00:00;0.127;;
688105;unknown;control;2023-12-06 01:00:00+00:00;0.136;;
688105;unknown;control;2023-12-06 01:15:00+00:00;0.131;;
688105;unknown;control;2023-12-06 01:30:00+00:00;0.902;;
688105;unknown;control;2023-12-06 01:45:00+00:00;0.916;;
688105;unknown;control;2023-12-06 02:00:00+00:00;0.913;;
688105;unknown;control;2023-12-06 02:15:00+00:00;0.926;;
688105;unknown;control;2023-12-06 02:30:00+00:00;0.946;;
688105;unknown;control;2023-12-06 02:45:00+00:00;0.847;;
688105;unknown;control;2023-12-06 03:00:00+00:00;0.798;;
688105;unknown;control;2023-12-06 03:15:00+00:00;0.835;;
688105;unknown;control;2023-12-06 03:30:00+00:00;0.85;;
688105;unknown;control;2023-12-06 03:45:00+00:00;0.867;;
688105;unknown;control;2023-12-06 04:00:00+00:00;0.897;;
688105;unknown;control;2023-12-06 04:15:00+00:00;0.89;;
688105;unknown;control;2023-12-06 04:30:00+00:00;0.897;;
688105;unknown;control;2023-12-06 04:45:00+00:00;0.903;;
688105;unknown;control;2023-12-06 05:00:00+00:00;0.907;;
688105;unknown;control;2023-12-06 05:15:00+00:00;0.92;;
688105;unknown;control;2023-12-06 05:30:00+00:00;0.894;;
688105;unknown;control;2023-12-06 05:45:00+00:00;0.351;;
688105;unknown;control;2023-12-06 06:00:00+00:00;0.095;;
688105;unknown;control;2023-12-06 06:15:00+00:00;0.094;;
688105;unknown;control;2023-12-06 06:30:00+00:00;0.097;;
688105;unknown;control;2023-12-06 06:45:00+00:00;0.099;;
688105;unknown;control;2023-12-06 07:00:00+00:00;0.16;;
688105;unknown;control;2023-12-06 07:15:00+00:00;0.149;;
688105;unknown;control;2023-12-06 07:30:00+00:00;0.083;;
688105;unknown;control;2023-12-06 07:45:00+00:00;0.088;;
688105;unknown;control;2023-12-06 08:00:00+00:00;0.194;;
688105;unknown;control;2023-12-06 08:15:00+00:00;0.13;;
688105;unknown;control;2023-12-06 08:30:00+00:00;0.109;;
688105;unknown;control;2023-12-06 08:45:00+00:00;0.101;;
688105;unknown;control;2023-12-06 09:00:00+00:00;0.183;;
688105;unknown;control;2023-12-06 09:15:00+00:00;0.102;;
688105;unknown;control;2023-12-06 09:30:00+00:00;0.123;;
688105;unknown;control;2023-12-06 09:45:00+00:00;0.125;;
688105;unknown;control;2023-12-06 10:00:00+00:00;0.116;;
688105;unknown;control;2023-12-06 10:15:00+00:00;0.115;;
688105;unknown;control;2023-12-06 10:30:00+00:00;0.12;;
688105;unknown;control;2023-12-06 10:45:00+00:00;0.105;;
688105;unknown;control;2023-12-06 11:00:00+00:00;0.23;;
688105;unknown;control;2023-12-06 11:15:00+00:00;0.109;;
688105;unknown;control;2023-12-06 11:30:00+00:00;0.109;;
688105;unknown;control;2023-12-06 11:45:00+00:00;0.125;;
688105;unknown;control;2023-12-06 12:00:00+00:00;0.212;;
688105;unknown;control;2023-12-06 12:15:00+00:00;0.13;;
688105;unknown;control;2023-12-06 12:30:00+00:00;0.108;;
688105;unknown;control;2023-12-06 12:45:00+00:00;0.105;;
688105;unknown;control;2023-12-06 13:00:00+00:00;0.102;;
688105;unknown;control;2023-12-06 13:15:00+00:00;0.102;;
688105;unknown;control;2023-12-06 13:30:00+00:00;0.127;;
688105;unknown;control;2023-12-06 13:45:00+00:00;0.129;;
688105;unknown;control;2023-12-06 14:00:00+00:00;0.123;;
688105;unknown;control;2023-12-06 14:15:00+00:00;0.087;;
688105;unknown;control;2023-12-06 14:30:00+00:00;0.525;;
688105;unknown;control;2023-12-06 14:45:00+00:00;0.72;;
688105;unknown;control;2023-12-06 15:00:00+00:00;0.772;;
688105;unknown;control;2023-12-06 15:15:00+00:00;0.818;;
688105;unknown;control;2023-12-06 15:30:00+00:00;0.907;;
688105;unknown;control;2023-12-06 15:45:00+00:00;0.856;;
688105;unknown;control;2023-12-06 16:00:00+00:00;0.912;;
688105;unknown;control;2023-12-06 16:15:00+00:00;0.914;;
688105;unknown;control;2023-12-06 16:30:00+00:00;0.921;;
688105;unknown;control;2023-12-06 16:45:00+00:00;0.941;;
688105;unknown;control;2023-12-06 17:00:00+00:00;1.033;;
688105;unknown;control;2023-12-06 17:15:00+00:00;0.928;;
688105;unknown;control;2023-12-06 17:30:00+00:00;0.937;;
688105;unknown;control;2023-12-06 17:45:00+00:00;0.942;;
688105;unknown;control;2023-12-06 18:00:00+00:00;0.948;;
688105;unknown;control;2023-12-06 18:15:00+00:00;0.238;;
688105;unknown;control;2023-12-06 18:30:00+00:00;0.279;;
688105;unknown;control;2023-12-06 18:45:00+00:00;0.681;;
688105;unknown;control;2023-12-06 19:00:00+00:00;0.895;;
688105;unknown;control;2023-12-06 19:15:00+00:00;0.908;;
688105;unknown;control;2023-12-06 19:30:00+00:00;0.914;;
688105;unknown;control;2023-12-06 19:45:00+00:00;0.942;;
688105;unknown;control;2023-12-06 20:00:00+00:00;0.948;;
688105;unknown;control;2023-12-06 20:15:00+00:00;0.96;;
688105;unknown;control;2023-12-06 20:30:00+00:00;0.197;;
688105;unknown;control;2023-12-06 20:45:00+00:00;0.261;;
688105;unknown;control;2023-12-06 21:00:00+00:00;0.183;;
688105;unknown;control;2023-12-06 21:15:00+00:00;0.181;;
688105;unknown;control;2023-12-06 21:30:00+00:00;0.167;;
688105;unknown;control;2023-12-06 21:45:00+00:00;0.164;;
688105;unknown;control;2023-12-06 22:00:00+00:00;0.123;;
688105;unknown;control;2023-12-06 22:15:00+00:00;0.13;;
688105;unknown;control;2023-12-06 22:30:00+00:00;0.138;;
688105;unknown;control;2023-12-06 22:45:00+00:00;0.145;;
688105;unknown;control;2023-12-06 23:00:00+00:00;0.12;;
688105;unknown;control;2023-12-06 23:15:00+00:00;0.114;;
688105;unknown;control;2023-12-06 23:30:00+00:00;0.113;;
688105;unknown;control;2023-12-06 23:45:00+00:00;0.317;;
688105;unknown;control;2023-12-08 00:00:00+00:00;0.917;;
688105;unknown;control;2023-12-08 00:15:00+00:00;0.951;;
688105;unknown;control;2023-12-08 00:30:00+00:00;0.112;;
688105;unknown;control;2023-12-08 00:45:00+00:00;0.113;;
688105;unknown;control;2023-12-08 01:00:00+00:00;0.115;;
688105;unknown;control;2023-12-08 01:15:00+00:00;0.134;;
688105;unknown;control;2023-12-08 01:30:00+00:00;0.913;;
688105;unknown;control;2023-12-08 01:45:00+00:00;0.925;;
688105;unknown;control;2023-12-08 02:00:00+00:00;0.927;;
688105;unknown;control;2023-12-08 02:15:00+00:00;0.931;;
688105;unknown;control;2023-12-08 02:30:00+00:00;1.308;;
688105;unknown;control;2023-12-08 02:45:00+00:00;1.409;;
688105;unknown;control;2023-12-08 03:00:00+00:00;0.81;;
688105;unknown;control;2023-12-08 03:15:00+00:00;0.871;;
688105;unknown;control;2023-12-08 03:30:00+00:00;0.872;;
688105;unknown;control;2023-12-08 03:45:00+00:00;0.878;;
688105;unknown;control;2023-12-08 04:00:00+00:00;0.872;;
688105;unknown;control;2023-12-08 04:15:00+00:00;0.893;;
688105;unknown;control;2023-12-08 04:30:00+00:00;0.887;;
688105;unknown;control;2023-12-08 04:45:00+00:00;0.89;;
688105;unknown;control;2023-12-08 05:00:00+00:00;0.913;;
688105;unknown;control;2023-12-08 05:15:00+00:00;0.936;;
688105;unknown;control;2023-12-08 05:30:00+00:00;0.921;;
688105;unknown;control;2023-12-08 05:45:00+00:00;0.354;;
688105;unknown;control;2023-12-08 06:00:00+00:00;0.112;;
688105;unknown;control;2023-12-08 06:15:00+00:00;0.127;;
688105;unknown;control;2023-12-08 06:30:00+00:00;0.113;;
688105;unknown;control;2023-12-08 06:45:00+00:00;0.123;;
688105;unknown;control;2023-12-08 07:00:00+00:00;0.125;;
688105;unknown;control;2023-12-08 07:15:00+00:00;0.138;;
688105;unknown;control;2023-12-08 07:30:00+00:00;0.116;;
688105;unknown;control;2023-12-08 07:45:00+00:00;0.109;;
688105;unknown;control;2023-12-08 08:00:00+00:00;0.108;;
688105;unknown;control;2023-12-08 08:15:00+00:00;0.104;;
688105;unknown;control;2023-12-08 08:30:00+00:00;0.157;;
688105;unknown;control;2023-12-08 08:45:00+00:00;0.108;;
688105;unknown;control;2023-12-08 09:00:00+00:00;0.068;;
688105;unknown;control;2023-12-08 09:15:00+00:00;0.192;;
688105;unknown;control;2023-12-08 09:30:00+00:00;0.119;;
688105;unknown;control;2023-12-08 09:45:00+00:00;0.07;;
688105;unknown;control;2023-12-08 10:00:00+00:00;0.064;;
688105;unknown;control;2023-12-08 10:15:00+00:00;0.084;;
688105;unknown;control;2023-12-08 10:30:00+00:00;0.064;;
688105;unknown;control;2023-12-08 10:45:00+00:00;0.086;;
688105;unknown;control;2023-12-08 11:00:00+00:00;0.08;;
688105;unknown;control;2023-12-08 11:15:00+00:00;0.147;;
688105;unknown;control;2023-12-08 11:30:00+00:00;0.125;;
688105;unknown;control;2023-12-08 11:45:00+00:00;0.116;;
688105;unknown;control;2023-12-08 12:00:00+00:00;0.222;;
688105;unknown;control;2023-12-08 12:15:00+00:00;0.159;;
688105;unknown;control;2023-12-08 12:30:00+00:00;0.155;;
688105;unknown;control;2023-12-08 12:45:00+00:00;0.14;;
688105;unknown;control;2023-12-08 13:00:00+00:00;0.343;;
688105;unknown;control;2023-12-08 13:15:00+00:00;0.403;;
688105;unknown;control;2023-12-08 13:30:00+00:00;0.196;;
688105;unknown;control;2023-12-08 13:45:00+00:00;0.195;;
688105;unknown;control;2023-12-08 14:00:00+00:00;0.211;;
688105;unknown;control;2023-12-08 14:15:00+00:00;0.218;;
688105;unknown;control;2023-12-08 14:30:00+00:00;0.663;;
688105;unknown;control;2023-12-08 14:45:00+00:00;0.85;;
688105;unknown;control;2023-12-08 15:00:00+00:00;0.888;;
688105;unknown;control;2023-12-08 15:15:00+00:00;0.871;;
688105;unknown;control;2023-12-08 15:30:00+00:00;0.87;;
688105;unknown;control;2023-12-08 15:45:00+00:00;0.876;;
688105;unknown;control;2023-12-08 16:00:00+00:00;0.903;;
688105;unknown;control;2023-12-08 16:15:00+00:00;0.926;;
688105;unknown;control;2023-12-08 16:30:00+00:00;1.068;;
688105;unknown;control;2023-12-08 16:45:00+00:00;0.919;;
688105;unknown;control;2023-12-08 17:00:00+00:00;0.934;;
688105;unknown;control;2023-12-08 17:15:00+00:00;0.984;;
688105;unknown;control;2023-12-08 17:30:00+00:00;0.991;;
688105;unknown;control;2023-12-08 17:45:00+00:00;0.662;;
688105;unknown;control;2023-12-08 18:00:00+00:00;0.252;;
688105;unknown;control;2023-12-08 18:15:00+00:00;0.396;;
688105;unknown;control;2023-12-08 18:30:00+00:00;0.923;;
688105;unknown;control;2023-12-08 18:45:00+00:00;0.932;;
688105;unknown;control;2023-12-08 19:00:00+00:00;1.012;;
688105;unknown;control;2023-12-08 19:15:00+00:00;1.03;;
688105;unknown;control;2023-12-08 19:30:00+00:00;1.004;;
688105;unknown;control;2023-12-08 19:45:00+00:00;0.403;;
688105;unknown;control;2023-12-08 20:00:00+00:00;0.262;;
688105;unknown;control;2023-12-08 20:15:00+00:00;0.553;;
688105;unknown;control;2023-12-08 20:30:00+00:00;0.928;;
688105;unknown;control;2023-12-08 20:45:00+00:00;0.455;;
688105;unknown;control;2023-12-08 21:00:00+00:00;0.159;;
688105;unknown;control;2023-12-08 21:15:00+00:00;0.14;;
688105;unknown;control;2023-12-08 21:30:00+00:00;0.13;;
688105;unknown;control;2023-12-08 21:45:00+00:00;0.128;;
688105;unknown;control;2023-12-08 22:00:00+00:00;0.114;;
688105;unknown;control;2023-12-08 22:15:00+00:00;0.132;;
688105;unknown;control;2023-12-08 22:30:00+00:00;0.118;;
688105;unknown;control;2023-12-08 22:45:00+00:00;0.115;;
688105;unknown;control;2023-12-08 23:00:00+00:00;0.129;;
688105;unknown;control;2023-12-08 23:15:00+00:00;0.143;;
688105;unknown;control;2023-12-08 23:30:00+00:00;0.121;;
688105;unknown;control;2023-12-08 23:45:00+00:00;0.324;;
688105;unknown;control;2023-12-09 00:00:00+00:00;0.913;;
688105;unknown;control;2023-12-09 00:15:00+00:00;0.712;;
688105;unknown;control;2023-12-09 00:30:00+00:00;0.123;;
688105;unknown;control;2023-12-09 00:45:00+00:00;0.128;;
688105;unknown;control;2023-12-09 01:00:00+00:00;0.126;;
688105;unknown;control;2023-12-09 01:15:00+00:00;0.127;;
688105;unknown;control;2023-12-09 01:30:00+00:00;0.91;;
688105;unknown;control;2023-12-09 01:45:00+00:00;0.92;;
688105;unknown;control;2023-12-09 02:00:00+00:00;0.922;;
688105;unknown;control;2023-12-09 02:15:00+00:00;0.949;;
688105;unknown;control;2023-12-09 02:30:00+00:00;0.257;;
688105;unknown;control;2023-12-09 02:45:00+00:00;0.343;;
688105;unknown;control;2023-12-09 03:00:00+00:00;0.771;;
688105;unknown;control;2023-12-09 03:15:00+00:00;0.829;;
688105;unknown;control;2023-12-09 03:30:00+00:00;0.849;;
688105;unknown;control;2023-12-09 03:45:00+00:00;0.849;;
688105;unknown;control;2023-12-09 04:00:00+00:00;0.871;;
688105;unknown;control;2023-12-09 04:15:00+00:00;0.896;;
688105;unknown;control;2023-12-09 04:30:00+00:00;0.914;;
688105;unknown;control;2023-12-09 04:45:00+00:00;0.907;;
688105;unknown;control;2023-12-09 05:00:00+00:00;0.899;;
688105;unknown;control;2023-12-09 05:15:00+00:00;0.176;;
688105;unknown;control;2023-12-09 05:30:00+00:00;0.128;;
688105;unknown;control;2023-12-09 05:45:00+00:00;0.128;;
688105;unknown;control;2023-12-09 06:00:00+00:00;0.127;;
688105;unknown;control;2023-12-09 06:15:00+00:00;0.123;;
688105;unknown;control;2023-12-09 06:30:00+00:00;0.126;;
688105;unknown;control;2023-12-09 06:45:00+00:00;0.112;;
688105;unknown;control;2023-12-09 07:00:00+00:00;0.11;;
688105;unknown;control;2023-12-09 07:15:00+00:00;0.273;;
688105;unknown;control;2023-12-09 07:30:00+00:00;0.221;;
688105;unknown;control;2023-12-09 07:45:00+00:00;0.19;;
688105;unknown;control;2023-12-09 08:00:00+00:00;0.163;;
688105;unknown;control;2023-12-09 08:15:00+00:00;0.068;;
688105;unknown;control;2023-12-09 08:30:00+00:00;0.052;;
688105;unknown;control;2023-12-09 08:45:00+00:00;0.0;;
688105;unknown;control;2023-12-09 09:00:00+00:00;0.011;;
688105;unknown;control;2023-12-09 09:15:00+00:00;0.089;;
688105;unknown;control;2023-12-09 09:30:00+00:00;0.009;;
688105;unknown;control;2023-12-09 09:45:00+00:00;0.0;;
688105;unknown;control;2023-12-09 10:00:00+00:00;0.0;;
688105;unknown;control;2023-12-09 10:15:00+00:00;0.032;;
688105;unknown;control;2023-12-09 10:30:00+00:00;0.082;;
688105;unknown;control;2023-12-09 10:45:00+00:00;0.385;;
688105;unknown;control;2023-12-09 11:00:00+00:00;0.368;;
688105;unknown;control;2023-12-09 11:15:00+00:00;0.143;;
688105;unknown;control;2023-12-09 11:30:00+00:00;0.0;;
688105;unknown;control;2023-12-09 11:45:00+00:00;0.054;;
688105;unknown;control;2023-12-09 12:00:00+00:00;0.0;;
688105;unknown;control;2023-12-09 12:15:00+00:00;0.0;;
688105;unknown;control;2023-12-09 12:30:00+00:00;0.0;;
688105;unknown;control;2023-12-09 12:45:00+00:00;0.0;;
688105;unknown;control;2023-12-09 13:00:00+00:00;0.0;;
688105;unknown;control;2023-12-09 13:15:00+00:00;0.019;;
688105;unknown;control;2023-12-09 13:30:00+00:00;0.067;;
688105;unknown;control;2023-12-09 13:45:00+00:00;0.481;;
688105;unknown;control;2023-12-09 14:00:00+00:00;0.267;;
688105;unknown;control;2023-12-09 14:15:00+00:00;0.507;;
688105;unknown;control;2023-12-09 14:30:00+00:00;0.657;;
688105;unknown;control;2023-12-09 14:45:00+00:00;0.768;;
688105;unknown;control;2023-12-09 15:00:00+00:00;0.918;;
688105;unknown;control;2023-12-09 15:15:00+00:00;0.852;;
688105;unknown;control;2023-12-09 15:30:00+00:00;0.866;;
688105;unknown;control;2023-12-09 15:45:00+00:00;0.894;;
688105;unknown;control;2023-12-09 16:00:00+00:00;0.923;;
688105;unknown;control;2023-12-09 16:15:00+00:00;0.905;;
688105;unknown;control;2023-12-09 16:30:00+00:00;0.918;;
688105;unknown;control;2023-12-09 16:45:00+00:00;0.951;;
688105;unknown;control;2023-12-09 17:00:00+00:00;1.068;;
688105;unknown;control;2023-12-09 17:15:00+00:00;0.571;;
688105;unknown;control;2023-12-09 17:30:00+00:00;0.287;;
688105;unknown;control;2023-12-09 17:45:00+00:00;0.402;;
688105;unknown;control;2023-12-09 18:00:00+00:00;0.905;;
688105;unknown;control;2023-12-09 18:15:00+00:00;0.906;;
688105;unknown;control;2023-12-09 18:30:00+00:00;0.954;;
688105;unknown;control;2023-12-09 18:45:00+00:00;0.967;;
688105;unknown;control;2023-12-09 19:00:00+00:00;0.466;;
688105;unknown;control;2023-12-09 19:15:00+00:00;0.234;;
688105;unknown;control;2023-12-09 19:30:00+00:00;0.396;;
688105;unknown;control;2023-12-09 19:45:00+00:00;0.937;;
688105;unknown;control;2023-12-09 20:00:00+00:00;0.936;;
688105;unknown;control;2023-12-09 20:15:00+00:00;0.959;;
688105;unknown;control;2023-12-09 20:30:00+00:00;0.77;;
688105;unknown;control;2023-12-09 20:45:00+00:00;0.257;;
688105;unknown;control;2023-12-09 21:00:00+00:00;0.252;;
688105;unknown;control;2023-12-09 21:15:00+00:00;0.256;;
688105;unknown;control;2023-12-09 21:30:00+00:00;0.261;;
688105;unknown;control;2023-12-09 21:45:00+00:00;0.181;;
688105;unknown;control;2023-12-09 22:00:00+00:00;0.118;;
688105;unknown;control;2023-12-09 22:15:00+00:00;0.116;;
688105;unknown;control;2023-12-09 22:30:00+00:00;0.118;;
688105;unknown;control;2023-12-09 22:45:00+00:00;0.126;;
688105;unknown;control;2023-12-09 23:00:00+00:00;0.125;;
688105;unknown;control;2023-12-09 23:15:00+00:00;0.137;;
688105;unknown;control;2023-12-09 23:30:00+00:00;0.142;;
688105;unknown;control;2023-12-09 23:45:00+00:00;0.349;;
688105;unknown;control;2023-12-10 00:00:00+00:00;0.942;;
688105;unknown;control;2023-12-10 00:15:00+00:00;0.664;;
688105;unknown;control;2023-12-10 00:30:00+00:00;0.129;;
688105;unknown;control;2023-12-10 00:45:00+00:00;0.13;;
688105;unknown;control;2023-12-10 01:00:00+00:00;0.13;;
688105;unknown;control;2023-12-10 01:15:00+00:00;0.131;;
688105;unknown;control;2023-12-10 01:30:00+00:00;0.931;;
688105;unknown;control;2023-12-10 01:45:00+00:00;0.913;;
688105;unknown;control;2023-12-10 02:00:00+00:00;0.919;;
688105;unknown;control;2023-12-10 02:15:00+00:00;0.918;;
688105;unknown;control;2023-12-10 02:30:00+00:00;0.481;;
688105;unknown;control;2023-12-10 02:45:00+00:00;0.128;;
688105;unknown;control;2023-12-10 03:00:00+00:00;0.772;;
688105;unknown;control;2023-12-10 03:15:00+00:00;0.814;;
688105;unknown;control;2023-12-10 03:30:00+00:00;0.87;;
688105;unknown;control;2023-12-10 03:45:00+00:00;0.862;;
688105;unknown;control;2023-12-10 04:00:00+00:00;0.892;;
688105;unknown;control;2023-12-10 04:15:00+00:00;0.91;;
688105;unknown;control;2023-12-10 04:30:00+00:00;0.912;;
688105;unknown;control;2023-12-10 04:45:00+00:00;0.127;;
688105;unknown;control;2023-12-10 05:00:00+00:00;0.131;;
688105;unknown;control;2023-12-10 05:15:00+00:00;0.421;;
688105;unknown;control;2023-12-10 05:30:00+00:00;0.81;;
688105;unknown;control;2023-12-10 05:45:00+00:00;0.328;;
688105;unknown;control;2023-12-10 06:00:00+00:00;0.121;;
688105;unknown;control;2023-12-10 06:15:00+00:00;0.138;;
688105;unknown;control;2023-12-10 06:30:00+00:00;0.147;;
688105;unknown;control;2023-12-10 06:45:00+00:00;0.117;;
688105;unknown;control;2023-12-10 07:00:00+00:00;0.113;;
688105;unknown;control;2023-12-10 07:15:00+00:00;0.106;;
688105;unknown;control;2023-12-10 07:30:00+00:00;0.06;;
688105;unknown;control;2023-12-10 07:45:00+00:00;0.039;;
688105;unknown;control;2023-12-10 08:00:00+00:00;0.11;;
688105;unknown;control;2023-12-10 08:15:00+00:00;0.063;;
688105;unknown;control;2023-12-10 08:30:00+00:00;0.001;;
688105;unknown;control;2023-12-10 08:45:00+00:00;0.001;;
688105;unknown;control;2023-12-10 09:00:00+00:00;0.01;;
688105;unknown;control;2023-12-10 09:15:00+00:00;0.008;;
688105;unknown;control;2023-12-10 09:30:00+00:00;0.071;;
688105;unknown;control;2023-12-10 09:45:00+00:00;0.074;;
688105;unknown;control;2023-12-10 10:00:00+00:00;0.052;;
688105;unknown;control;2023-12-10 10:15:00+00:00;0.015;;
688105;unknown;control;2023-12-10 10:30:00+00:00;0.001;;
688105;unknown;control;2023-12-10 10:45:00+00:00;0.073;;
688105;unknown;control;2023-12-10 11:00:00+00:00;0.0;;
688105;unknown;control;2023-12-10 11:15:00+00:00;0.003;;
688105;unknown;control;2023-12-10 11:30:00+00:00;0.001;;
688105;unknown;control;2023-12-10 11:45:00+00:00;0.028;;
688105;unknown;control;2023-12-10 12:00:00+00:00;0.0;;
688105;unknown;control;2023-12-10 12:15:00+00:00;0.017;;
688105;unknown;control;2023-12-10 12:30:00+00:00;0.064;;
688105;unknown;control;2023-12-10 12:45:00+00:00;0.0;;
688105;unknown;control;2023-12-10 13:00:00+00:00;0.0;;
688105;unknown;control;2023-12-10 13:15:00+00:00;0.001;;
688105;unknown;control;2023-12-10 13:30:00+00:00;0.0;;
688105;unknown;control;2023-12-10 13:45:00+00:00;0.03;;
688105;unknown;control;2023-12-10 14:00:00+00:00;0.006;;
688105;unknown;control;2023-12-10 14:15:00+00:00;0.061;;
688105;unknown;control;2023-12-10 14:30:00+00:00;0.125;;
688105;unknown;control;2023-12-10 14:45:00+00:00;0.708;;
688105;unknown;control;2023-12-10 15:00:00+00:00;0.765;;
688105;unknown;control;2023-12-10 15:15:00+00:00;0.826;;
688105;unknown;control;2023-12-10 15:30:00+00:00;0.838;;
688105;unknown;control;2023-12-10 15:45:00+00:00;0.842;;
688105;unknown;control;2023-12-10 16:00:00+00:00;0.879;;
688105;unknown;control;2023-12-10 16:15:00+00:00;0.863;;
688105;unknown;control;2023-12-10 16:30:00+00:00;0.814;;
688105;unknown;control;2023-12-10 16:45:00+00:00;0.402;;
688105;unknown;control;2023-12-10 17:00:00+00:00;0.094;;
688105;unknown;control;2023-12-10 17:15:00+00:00;0.307;;
688105;unknown;control;2023-12-10 17:30:00+00:00;0.87;;
688105;unknown;control;2023-12-10 17:45:00+00:00;0.863;;
688105;unknown;control;2023-12-10 18:00:00+00:00;0.886;;
688105;unknown;control;2023-12-10 18:15:00+00:00;0.841;;
688105;unknown;control;2023-12-10 18:30:00+00:00;0.349;;
688105;unknown;control;2023-12-10 18:45:00+00:00;0.305;;
688105;unknown;control;2023-12-10 19:00:00+00:00;0.833;;
688105;unknown;control;2023-12-10 19:15:00+00:00;0.939;;
688105;unknown;control;2023-12-10 19:30:00+00:00;0.968;;
688105;unknown;control;2023-12-10 19:45:00+00:00;0.415;;
688105;unknown;control;2023-12-10 20:00:00+00:00;0.159;;
688105;unknown;control;2023-12-10 20:15:00+00:00;0.168;;
688105;unknown;control;2023-12-10 20:30:00+00:00;0.756;;
688105;unknown;control;2023-12-10 20:45:00+00:00;0.309;;
688105;unknown;control;2023-12-10 21:00:00+00:00;0.11;;
688105;unknown;control;2023-12-10 21:15:00+00:00;0.099;;
688105;unknown;control;2023-12-10 21:30:00+00:00;0.088;;
688105;unknown;control;2023-12-10 21:45:00+00:00;0.083;;
688105;unknown;control;2023-12-10 22:00:00+00:00;0.098;;
688105;unknown;control;2023-12-10 22:15:00+00:00;0.095;;
688105;unknown;control;2023-12-10 22:30:00+00:00;0.097;;
688105;unknown;control;2023-12-10 22:45:00+00:00;0.102;;
688105;unknown;control;2023-12-10 23:00:00+00:00;0.11;;
688105;unknown;control;2023-12-10 23:15:00+00:00;0.083;;
688105;unknown;control;2023-12-10 23:30:00+00:00;0.083;;
688105;unknown;control;2023-12-10 23:45:00+00:00;0.293;;
688105;unknown;control;2023-12-11 00:00:00+00:00;0.868;;
688105;unknown;control;2023-12-11 00:15:00+00:00;0.938;;
688105;unknown;control;2023-12-11 00:30:00+00:00;0.52;;
688105;unknown;control;2023-12-11 00:45:00+00:00;0.103;;
688105;unknown;control;2023-12-11 01:00:00+00:00;0.094;;
688105;unknown;control;2023-12-11 01:15:00+00:00;0.083;;
688105;unknown;control;2023-12-11 01:30:00+00:00;0.881;;
688105;unknown;control;2023-12-11 01:45:00+00:00;0.896;;
688105;unknown;control;2023-12-11 02:00:00+00:00;0.906;;
688105;unknown;control;2023-12-11 02:15:00+00:00;0.914;;
688105;unknown;control;2023-12-11 02:30:00+00:00;0.723;;
688105;unknown;control;2023-12-11 02:45:00+00:00;0.099;;
688105;unknown;control;2023-12-11 03:00:00+00:00;0.092;;
688105;unknown;control;2023-12-11 03:15:00+00:00;0.66;;
688105;unknown;control;2023-12-11 03:30:00+00:00;0.8;;
688105;unknown;control;2023-12-11 03:45:00+00:00;0.844;;
688105;unknown;control;2023-12-11 04:00:00+00:00;0.866;;
688105;unknown;control;2023-12-11 04:15:00+00:00;0.884;;
688105;unknown;control;2023-12-11 04:30:00+00:00;0.138;;
688105;unknown;control;2023-12-11 04:45:00+00:00;0.094;;
688105;unknown;control;2023-12-11 05:00:00+00:00;0.094;;
688105;unknown;control;2023-12-11 05:15:00+00:00;0.158;;
688105;unknown;control;2023-12-11 05:30:00+00:00;1.063;;
688105;unknown;control;2023-12-11 05:45:00+00:00;1.274;;
688105;unknown;control;2023-12-11 06:00:00+00:00;0.208;;
688105;unknown;control;2023-12-11 06:15:00+00:00;0.112;;
688105;unknown;control;2023-12-11 06:30:00+00:00;0.078;;
688105;unknown;control;2023-12-11 06:45:00+00:00;0.101;;
688105;unknown;control;2023-12-11 07:00:00+00:00;0.102;;
688105;unknown;control;2023-12-11 07:15:00+00:00;0.297;;
688105;unknown;control;2023-12-11 07:30:00+00:00;0.159;;
688105;unknown;control;2023-12-11 07:45:00+00:00;0.155;;
688105;unknown;control;2023-12-11 08:00:00+00:00;0.153;;
688105;unknown;control;2023-12-11 08:15:00+00:00;0.208;;
688105;unknown;control;2023-12-11 08:30:00+00:00;0.139;;
688105;unknown;control;2023-12-11 08:45:00+00:00;0.097;;
688105;unknown;control;2023-12-11 09:00:00+00:00;0.099;;
688105;unknown;control;2023-12-11 09:15:00+00:00;0.126;;
688105;unknown;control;2023-12-11 09:30:00+00:00;0.071;;
688105;unknown;control;2023-12-11 09:45:00+00:00;0.077;;
688105;unknown;control;2023-12-11 10:00:00+00:00;0.056;;
688105;unknown;control;2023-12-11 10:15:00+00:00;0.053;;
688105;unknown;control;2023-12-11 10:30:00+00:00;0.013;;
688105;unknown;control;2023-12-11 10:45:00+00:00;0.068;;
688105;unknown;control;2023-12-11 11:00:00+00:00;0.013;;
688105;unknown;control;2023-12-11 11:15:00+00:00;0.076;;
688105;unknown;control;2023-12-11 11:30:00+00:00;0.109;;
688105;unknown;control;2023-12-11 11:45:00+00:00;0.042;;
688105;unknown;control;2023-12-11 12:00:00+00:00;0.029;;
688105;unknown;control;2023-12-11 12:15:00+00:00;0.023;;
688105;unknown;control;2023-12-11 12:30:00+00:00;0.006;;
688105;unknown;control;2023-12-11 12:45:00+00:00;0.001;;
688105;unknown;control;2023-12-11 13:00:00+00:00;0.015;;
688105;unknown;control;2023-12-11 13:15:00+00:00;0.026;;
688105;unknown;control;2023-12-11 13:30:00+00:00;0.016;;
688105;unknown;control;2023-12-11 13:45:00+00:00;0.014;;
688105;unknown;control;2023-12-11 14:00:00+00:00;0.021;;
688105;unknown;control;2023-12-11 14:15:00+00:00;0.012;;
688105;unknown;control;2023-12-11 14:30:00+00:00;0.024;;
688105;unknown;control;2023-12-11 14:45:00+00:00;0.58;;
688105;unknown;control;2023-12-11 15:00:00+00:00;0.731;;
688105;unknown;control;2023-12-11 15:15:00+00:00;0.733;;
688105;unknown;control;2023-12-11 15:30:00+00:00;0.749;;
688105;unknown;control;2023-12-11 15:45:00+00:00;0.763;;
688105;unknown;control;2023-12-11 16:00:00+00:00;0.094;;
688105;unknown;control;2023-12-11 16:15:00+00:00;0.082;;
688105;unknown;control;2023-12-11 16:30:00+00:00;0.344;;
688105;unknown;control;2023-12-11 16:45:00+00:00;0.747;;
688105;unknown;control;2023-12-11 17:00:00+00:00;0.787;;
688105;unknown;control;2023-12-11 17:15:00+00:00;0.487;;
688105;unknown;control;2023-12-11 17:30:00+00:00;0.111;;
688105;unknown;control;2023-12-11 17:45:00+00:00;0.291;;
688105;unknown;control;2023-12-11 18:00:00+00:00;1.19;;
688105;unknown;control;2023-12-11 18:15:00+00:00;0.906;;
688105;unknown;control;2023-12-11 18:30:00+00:00;0.831;;
688105;unknown;control;2023-12-11 18:45:00+00:00;0.36;;
688105;unknown;control;2023-12-11 19:00:00+00:00;0.124;;
688105;unknown;control;2023-12-11 19:15:00+00:00;0.135;;
688105;unknown;control;2023-12-11 19:30:00+00:00;0.811;;
688105;unknown;control;2023-12-11 19:45:00+00:00;0.943;;
688105;unknown;control;2023-12-11 20:00:00+00:00;0.668;;
688105;unknown;control;2023-12-11 20:15:00+00:00;0.198;;
688105;unknown;control;2023-12-11 20:30:00+00:00;0.348;;
688105;unknown;control;2023-12-11 20:45:00+00:00;0.336;;
688105;unknown;control;2023-12-11 21:00:00+00:00;0.179;;
688105;unknown;control;2023-12-11 21:15:00+00:00;0.552;;
688105;unknown;control;2023-12-11 21:30:00+00:00;0.247;;
688105;unknown;control;2023-12-11 21:45:00+00:00;0.184;;
688105;unknown;control;2023-12-11 22:00:00+00:00;0.177;;
688105;unknown;control;2023-12-11 22:15:00+00:00;0.154;;
688105;unknown;control;2023-12-11 22:30:00+00:00;0.575;;
688105;unknown;control;2023-12-11 22:45:00+00:00;0.246;;
688105;unknown;control;2023-12-11 23:00:00+00:00;0.088;;
688105;unknown;control;2023-12-11 23:15:00+00:00;0.099;;
688105;unknown;control;2023-12-11 23:30:00+00:00;0.102;;
688105;unknown;control;2023-12-11 23:45:00+00:00;0.287;;
688105;unknown;control;2023-12-12 00:00:00+00:00;0.796;;
688105;unknown;control;2023-12-12 00:15:00+00:00;0.869;;
688105;unknown;control;2023-12-12 00:30:00+00:00;0.946;;
688105;unknown;control;2023-12-12 00:45:00+00:00;0.304;;
688105;unknown;control;2023-12-12 01:00:00+00:00;0.098;;
688105;unknown;control;2023-12-12 01:15:00+00:00;0.097;;
688105;unknown;control;2023-12-12 01:30:00+00:00;0.889;;
688105;unknown;control;2023-12-12 01:45:00+00:00;0.881;;
688105;unknown;control;2023-12-12 02:00:00+00:00;0.872;;
688105;unknown;control;2023-12-12 02:15:00+00:00;0.889;;
688105;unknown;control;2023-12-12 02:30:00+00:00;0.508;;
688105;unknown;control;2023-12-12 02:45:00+00:00;0.102;;
688105;unknown;control;2023-12-12 03:00:00+00:00;0.248;;
688105;unknown;control;2023-12-12 03:15:00+00:00;0.754;;
688105;unknown;control;2023-12-12 03:30:00+00:00;0.808;;
688105;unknown;control;2023-12-12 03:45:00+00:00;0.832;;
688105;unknown;control;2023-12-12 04:00:00+00:00;0.86;;
688105;unknown;control;2023-12-12 04:15:00+00:00;0.897;;
688105;unknown;control;2023-12-12 04:30:00+00:00;0.13;;
688105;unknown;control;2023-12-12 04:45:00+00:00;0.101;;
688105;unknown;control;2023-12-12 05:00:00+00:00;0.098;;
688105;unknown;control;2023-12-12 05:15:00+00:00;0.624;;
688105;unknown;control;2023-12-12 05:30:00+00:00;1.632;;
688105;unknown;control;2023-12-12 05:45:00+00:00;0.868;;
688105;unknown;control;2023-12-12 06:00:00+00:00;0.123;;
688105;unknown;control;2023-12-12 06:15:00+00:00;0.102;;
688105;unknown;control;2023-12-12 06:30:00+00:00;0.109;;
688105;unknown;control;2023-12-12 06:45:00+00:00;0.097;;
688105;unknown;control;2023-12-12 07:00:00+00:00;0.089;;
688105;unknown;control;2023-12-12 07:15:00+00:00;0.247;;
688105;unknown;control;2023-12-12 07:30:00+00:00;0.146;;
688105;unknown;control;2023-12-12 07:45:00+00:00;0.142;;
688105;unknown;control;2023-12-12 08:00:00+00:00;0.145;;
688105;unknown;control;2023-12-12 08:15:00+00:00;0.126;;
688105;unknown;control;2023-12-12 08:30:00+00:00;0.099;;
688105;unknown;control;2023-12-12 08:45:00+00:00;0.05;;
688105;unknown;control;2023-12-12 09:00:00+00:00;0.337;;
688105;unknown;control;2023-12-12 09:15:00+00:00;0.076;;
688105;unknown;control;2023-12-12 09:30:00+00:00;0.018;;
688105;unknown;control;2023-12-12 09:45:00+00:00;0.034;;
688105;unknown;control;2023-12-12 10:00:00+00:00;0.043;;
688105;unknown;control;2023-12-12 10:15:00+00:00;0.088;;
688105;unknown;control;2023-12-12 10:30:00+00:00;0.066;;
688105;unknown;control;2023-12-12 10:45:00+00:00;0.001;;
688105;unknown;control;2023-12-12 11:00:00+00:00;0.085;;
688105;unknown;control;2023-12-12 11:15:00+00:00;0.0;;
688105;unknown;control;2023-12-12 11:30:00+00:00;0.0;;
688105;unknown;control;2023-12-12 11:45:00+00:00;0.0;;
688105;unknown;control;2023-12-12 12:00:00+00:00;0.001;;
688105;unknown;control;2023-12-12 12:15:00+00:00;0.0;;
688105;unknown;control;2023-12-12 12:30:00+00:00;0.0;;
688105;unknown;control;2023-12-12 12:45:00+00:00;0.0;;
688105;unknown;control;2023-12-12 13:00:00+00:00;0.024;;
688105;unknown;control;2023-12-12 13:15:00+00:00;0.028;;
688105;unknown;control;2023-12-12 13:30:00+00:00;0.008;;
688105;unknown;control;2023-12-12 13:45:00+00:00;0.014;;
688105;unknown;control;2023-12-12 14:00:00+00:00;0.028;;
688105;unknown;control;2023-12-12 14:15:00+00:00;0.011;;
688105;unknown;control;2023-12-12 14:30:00+00:00;0.061;;
688105;unknown;control;2023-12-12 14:45:00+00:00;0.536;;
688105;unknown;control;2023-12-12 15:00:00+00:00;0.728;;
688105;unknown;control;2023-12-12 15:15:00+00:00;0.733;;
688105;unknown;control;2023-12-12 15:30:00+00:00;0.742;;
688105;unknown;control;2023-12-12 15:45:00+00:00;0.763;;
688105;unknown;control;2023-12-12 16:00:00+00:00;0.095;;
688105;unknown;control;2023-12-12 16:15:00+00:00;0.089;;
688105;unknown;control;2023-12-12 16:30:00+00:00;0.254;;
688105;unknown;control;2023-12-12 16:45:00+00:00;0.736;;
688105;unknown;control;2023-12-12 17:00:00+00:00;0.807;;
688105;unknown;control;2023-12-12 17:15:00+00:00;0.453;;
688105;unknown;control;2023-12-12 17:30:00+00:00;0.14;;
688105;unknown;control;2023-12-12 17:45:00+00:00;0.303;;
688105;unknown;control;2023-12-12 18:00:00+00:00;0.74;;
688105;unknown;control;2023-12-12 18:15:00+00:00;0.968;;
688105;unknown;control;2023-12-12 18:30:00+00:00;0.69;;
688105;unknown;control;2023-12-12 18:45:00+00:00;0.231;;
688105;unknown;control;2023-12-12 19:00:00+00:00;0.177;;
688105;unknown;control;2023-12-12 19:15:00+00:00;0.457;;
688105;unknown;control;2023-12-12 19:30:00+00:00;0.864;;
688105;unknown;control;2023-12-12 19:45:00+00:00;0.879;;
688105;unknown;control;2023-12-12 20:00:00+00:00;0.188;;
688105;unknown;control;2023-12-12 20:15:00+00:00;0.183;;
688105;unknown;control;2023-12-12 20:30:00+00:00;0.194;;
688105;unknown;control;2023-12-12 20:45:00+00:00;0.372;;
688105;unknown;control;2023-12-12 21:00:00+00:00;0.184;;
688105;unknown;control;2023-12-12 21:15:00+00:00;0.239;;
688105;unknown;control;2023-12-12 21:30:00+00:00;0.14;;
688105;unknown;control;2023-12-12 21:45:00+00:00;0.141;;
688105;unknown;control;2023-12-12 22:00:00+00:00;0.133;;
688105;unknown;control;2023-12-12 22:15:00+00:00;0.094;;
688105;unknown;control;2023-12-12 22:30:00+00:00;0.099;;
688105;unknown;control;2023-12-12 22:45:00+00:00;0.109;;
688105;unknown;control;2023-12-12 23:00:00+00:00;0.108;;
688105;unknown;control;2023-12-12 23:15:00+00:00;0.087;;
688105;unknown;control;2023-12-12 23:30:00+00:00;0.092;;
688105;unknown;control;2023-12-12 23:45:00+00:00;0.283;;
688105;unknown;control;2023-12-13 00:00:00+00:00;0.836;;
688105;unknown;control;2023-12-13 00:15:00+00:00;0.901;;
688105;unknown;control;2023-12-13 00:30:00+00:00;0.943;;
688105;unknown;control;2023-12-13 00:45:00+00:00;0.105;;
688105;unknown;control;2023-12-13 01:00:00+00:00;0.081;;
688105;unknown;control;2023-12-13 01:15:00+00:00;0.107;;
688105;unknown;control;2023-12-13 01:30:00+00:00;0.891;;
688105;unknown;control;2023-12-13 01:45:00+00:00;0.891;;
688105;unknown;control;2023-12-13 02:00:00+00:00;0.874;;
688105;unknown;control;2023-12-13 02:15:00+00:00;0.844;;
688105;unknown;control;2023-12-13 02:30:00+00:00;0.097;;
688105;unknown;control;2023-12-13 02:45:00+00:00;0.09;;
688105;unknown;control;2023-12-13 03:00:00+00:00;0.095;;
688105;unknown;control;2023-12-13 03:15:00+00:00;0.639;;
688105;unknown;control;2023-12-13 03:30:00+00:00;0.804;;
688105;unknown;control;2023-12-13 03:45:00+00:00;0.832;;
688105;unknown;control;2023-12-13 04:00:00+00:00;0.85;;
688105;unknown;control;2023-12-13 04:15:00+00:00;0.882;;
688105;unknown;control;2023-12-13 04:30:00+00:00;0.141;;
688105;unknown;control;2023-12-13 04:45:00+00:00;0.111;;
688105;unknown;control;2023-12-13 05:00:00+00:00;0.099;;
688105;unknown;control;2023-12-13 05:15:00+00:00;0.305;;
688105;unknown;control;2023-12-13 05:30:00+00:00;0.827;;
688105;unknown;control;2023-12-13 05:45:00+00:00;0.969;;
688105;unknown;control;2023-12-13 06:00:00+00:00;0.2;;
688105;unknown;control;2023-12-13 06:15:00+00:00;0.148;;
688105;unknown;control;2023-12-13 06:30:00+00:00;0.154;;
688105;unknown;control;2023-12-13 06:45:00+00:00;0.123;;
688105;unknown;control;2023-12-13 07:00:00+00:00;0.244;;
688105;unknown;control;2023-12-13 07:15:00+00:00;0.257;;
688105;unknown;control;2023-12-13 07:30:00+00:00;0.101;;
688105;unknown;control;2023-12-13 07:45:00+00:00;0.119;;
688105;unknown;control;2023-12-13 08:00:00+00:00;0.117;;
688105;unknown;control;2023-12-13 08:15:00+00:00;0.068;;
688105;unknown;control;2023-12-13 08:30:00+00:00;0.022;;
688105;unknown;control;2023-12-13 08:45:00+00:00;0.064;;
688105;unknown;control;2023-12-13 09:00:00+00:00;0.067;;
688105;unknown;control;2023-12-13 09:15:00+00:00;0.066;;
688105;unknown;control;2023-12-13 09:30:00+00:00;0.086;;
688105;unknown;control;2023-12-13 09:45:00+00:00;0.008;;
688105;unknown;control;2023-12-13 10:00:00+00:00;0.047;;
688105;unknown;control;2023-12-13 10:15:00+00:00;0.0;;
688105;unknown;control;2023-12-13 10:30:00+00:00;0.001;;
688105;unknown;control;2023-12-13 10:45:00+00:00;0.038;;
688105;unknown;control;2023-12-13 11:00:00+00:00;0.038;;
688105;unknown;control;2023-12-13 11:15:00+00:00;0.001;;
688105;unknown;control;2023-12-13 11:30:00+00:00;0.0;;
688105;unknown;control;2023-12-13 11:45:00+00:00;0.0;;
688105;unknown;control;2023-12-13 12:00:00+00:00;0.0;;
688105;unknown;control;2023-12-13 12:15:00+00:00;0.0;;
688105;unknown;control;2023-12-13 12:30:00+00:00;0.059;;
688105;unknown;control;2023-12-13 12:45:00+00:00;0.079;;
688105;unknown;control;2023-12-13 13:00:00+00:00;0.081;;
688105;unknown;control;2023-12-13 13:15:00+00:00;0.0;;
688105;unknown;control;2023-12-13 13:30:00+00:00;0.011;;
688105;unknown;control;2023-12-13 13:45:00+00:00;0.068;;
688105;unknown;control;2023-12-13 14:00:00+00:00;0.108;;
688105;unknown;control;2023-12-13 14:15:00+00:00;0.123;;
688105;unknown;control;2023-12-13 14:30:00+00:00;0.247;;
688105;unknown;control;2023-12-13 14:45:00+00:00;0.688;;
688105;unknown;control;2023-12-13 15:00:00+00:00;0.729;;
688105;unknown;control;2023-12-13 15:15:00+00:00;0.756;;
688105;unknown;control;2023-12-13 15:30:00+00:00;0.786;;
688105;unknown;control;2023-12-13 15:45:00+00:00;0.787;;
688105;unknown;control;2023-12-13 16:00:00+00:00;0.803;;
688105;unknown;control;2023-12-13 16:15:00+00:00;0.812;;
688105;unknown;control;2023-12-13 16:30:00+00:00;0.847;;
688105;unknown;control;2023-12-13 16:45:00+00:00;0.241;;
688105;unknown;control;2023-12-13 17:00:00+00:00;0.149;;
688105;unknown;control;2023-12-13 17:15:00+00:00;0.55;;
688105;unknown;control;2023-12-13 17:30:00+00:00;1.314;;
688105;unknown;control;2023-12-13 17:45:00+00:00;0.854;;
688105;unknown;control;2023-12-13 18:00:00+00:00;0.835;;
688105;unknown;control;2023-12-13 18:15:00+00:00;0.526;;
688105;unknown;control;2023-12-13 18:30:00+00:00;0.25;;
688105;unknown;control;2023-12-13 18:45:00+00:00;0.427;;
688105;unknown;control;2023-12-13 19:00:00+00:00;0.936;;
688105;unknown;control;2023-12-13 19:15:00+00:00;0.907;;
688105;unknown;control;2023-12-13 19:30:00+00:00;0.899;;
688105;unknown;control;2023-12-13 19:45:00+00:00;0.385;;
688105;unknown;control;2023-12-13 20:00:00+00:00;0.185;;
688105;unknown;control;2023-12-13 20:15:00+00:00;0.228;;
688105;unknown;control;2023-12-13 20:30:00+00:00;0.851;;
688105;unknown;control;2023-12-13 20:45:00+00:00;0.397;;
688105;unknown;control;2023-12-13 21:00:00+00:00;0.303;;
688105;unknown;control;2023-12-13 21:15:00+00:00;0.218;;
688105;unknown;control;2023-12-13 21:30:00+00:00;0.564;;
688105;unknown;control;2023-12-13 21:45:00+00:00;0.648;;
688105;unknown;control;2023-12-13 22:00:00+00:00;0.198;;
688105;unknown;control;2023-12-13 22:15:00+00:00;0.148;;
688105;unknown;control;2023-12-13 22:30:00+00:00;0.162;;
688105;unknown;control;2023-12-13 22:45:00+00:00;0.152;;
688105;unknown;control;2023-12-13 23:00:00+00:00;0.145;;
688105;unknown;control;2023-12-13 23:15:00+00:00;0.105;;
688105;unknown;control;2023-12-13 23:30:00+00:00;0.101;;
688105;unknown;control;2023-12-13 23:45:00+00:00;0.325;;
688105;unknown;control;2023-12-14 00:00:00+00:00;0.903;;
688105;unknown;control;2023-12-14 00:15:00+00:00;0.955;;
688105;unknown;control;2023-12-14 00:30:00+00:00;0.411;;
688105;unknown;control;2023-12-14 00:45:00+00:00;0.1;;
688105;unknown;control;2023-12-14 01:00:00+00:00;0.107;;
688105;unknown;control;2023-12-14 01:15:00+00:00;0.117;;
688105;unknown;control;2023-12-14 01:30:00+00:00;0.894;;
688105;unknown;control;2023-12-14 01:45:00+00:00;0.908;;
688105;unknown;control;2023-12-14 02:00:00+00:00;0.913;;
688105;unknown;control;2023-12-14 02:15:00+00:00;0.925;;
688105;unknown;control;2023-12-14 02:30:00+00:00;0.737;;
688105;unknown;control;2023-12-14 02:45:00+00:00;0.099;;
688105;unknown;control;2023-12-14 03:00:00+00:00;0.504;;
688105;unknown;control;2023-12-14 03:15:00+00:00;0.791;;
688105;unknown;control;2023-12-14 03:30:00+00:00;0.836;;
688105;unknown;control;2023-12-14 03:45:00+00:00;0.865;;
688105;unknown;control;2023-12-14 04:00:00+00:00;0.869;;
688105;unknown;control;2023-12-14 04:15:00+00:00;0.893;;
688105;unknown;control;2023-12-14 04:30:00+00:00;0.589;;
688105;unknown;control;2023-12-14 04:45:00+00:00;0.114;;
688105;unknown;control;2023-12-14 05:00:00+00:00;0.125;;
688105;unknown;control;2023-12-14 05:15:00+00:00;0.365;;
688105;unknown;control;2023-12-14 05:30:00+00:00;1.359;;
688105;unknown;control;2023-12-14 05:45:00+00:00;0.988;;
688105;unknown;control;2023-12-14 06:00:00+00:00;0.121;;
688105;unknown;control;2023-12-14 06:15:00+00:00;0.101;;
688105;unknown;control;2023-12-14 06:30:00+00:00;0.099;;
688105;unknown;control;2023-12-14 06:45:00+00:00;0.141;;
688105;unknown;control;2023-12-14 07:00:00+00:00;0.178;;
688105;unknown;control;2023-12-14 07:15:00+00:00;0.146;;
688105;unknown;control;2023-12-14 07:30:00+00:00;0.207;;
688105;unknown;control;2023-12-14 07:45:00+00:00;0.145;;
688105;unknown;control;2023-12-14 08:00:00+00:00;0.128;;
688105;unknown;control;2023-12-14 08:15:00+00:00;0.131;;
688105;unknown;control;2023-12-14 08:30:00+00:00;0.135;;
688105;unknown;control;2023-12-14 08:45:00+00:00;0.149;;
688105;unknown;control;2023-12-14 09:00:00+00:00;0.171;;
688105;unknown;control;2023-12-14 09:15:00+00:00;0.097;;
688105;unknown;control;2023-12-14 09:30:00+00:00;0.078;;
688105;unknown;control;2023-12-14 09:45:00+00:00;0.014;;
688105;unknown;control;2023-12-14 10:00:00+00:00;0.001;;
688105;unknown;control;2023-12-14 10:15:00+00:00;0.0;;
688105;unknown;control;2023-12-14 10:30:00+00:00;0.015;;
688105;unknown;control;2023-12-14 10:45:00+00:00;0.015;;
688105;unknown;control;2023-12-14 11:00:00+00:00;0.002;;
688105;unknown;control;2023-12-14 11:15:00+00:00;0.197;;
688105;unknown;control;2023-12-14 11:30:00+00:00;0.07;;
688105;unknown;control;2023-12-14 11:45:00+00:00;0.058;;
688105;unknown;control;2023-12-14 12:00:00+00:00;0.095;;
688105;unknown;control;2023-12-14 12:15:00+00:00;0.073;;
688105;unknown;control;2023-12-14 12:30:00+00:00;0.108;;
688105;unknown;control;2023-12-14 12:45:00+00:00;0.147;;
688105;unknown;control;2023-12-14 13:00:00+00:00;0.086;;
688105;unknown;control;2023-12-14 13:15:00+00:00;0.017;;
688105;unknown;control;2023-12-14 13:30:00+00:00;0.004;;
688105;unknown;control;2023-12-14 13:45:00+00:00;0.0;;
688105;unknown;control;2023-12-14 14:00:00+00:00;0.023;;
688105;unknown;control;2023-12-14 14:15:00+00:00;0.064;;
688105;unknown;control;2023-12-14 14:30:00+00:00;0.382;;
688105;unknown;control;2023-12-14 14:45:00+00:00;0.654;;
688105;unknown;control;2023-12-14 15:00:00+00:00;0.731;;
688105;unknown;control;2023-12-14 15:15:00+00:00;0.757;;
688105;unknown;control;2023-12-14 15:30:00+00:00;0.789;;
688105;unknown;control;2023-12-14 15:45:00+00:00;0.816;;
688105;unknown;control;2023-12-14 16:00:00+00:00;0.805;;
688105;unknown;control;2023-12-14 16:15:00+00:00;0.803;;
688105;unknown;control;2023-12-14 16:30:00+00:00;0.818;;
688105;unknown;control;2023-12-14 16:45:00+00:00;0.621;;
688105;unknown;control;2023-12-14 17:00:00+00:00;0.121;;
688105;unknown;control;2023-12-14 17:15:00+00:00;0.132;;
688105;unknown;control;2023-12-14 17:30:00+00:00;0.759;;
688105;unknown;control;2023-12-14 17:45:00+00:00;0.775;;
688105;unknown;control;2023-12-14 18:00:00+00:00;0.954;;
688105;unknown;control;2023-12-14 18:15:00+00:00;0.954;;
688105;unknown;control;2023-12-14 18:30:00+00:00;0.232;;
688105;unknown;control;2023-12-14 18:45:00+00:00;0.213;;
688105;unknown;control;2023-12-14 19:00:00+00:00;0.518;;
688105;unknown;control;2023-12-14 19:15:00+00:00;0.903;;
688105;unknown;control;2023-12-14 19:30:00+00:00;0.921;;
688105;unknown;control;2023-12-14 19:45:00+00:00;0.944;;
688105;unknown;control;2023-12-14 20:00:00+00:00;0.455;;
688105;unknown;control;2023-12-14 20:15:00+00:00;0.217;;
688105;unknown;control;2023-12-14 20:30:00+00:00;0.422;;
688105;unknown;control;2023-12-14 20:45:00+00:00;0.439;;
688105;unknown;control;2023-12-14 21:00:00+00:00;0.174;;
688105;unknown;control;2023-12-14 21:15:00+00:00;0.337;;
688105;unknown;control;2023-12-14 21:30:00+00:00;0.36;;
688105;unknown;control;2023-12-14 21:45:00+00:00;0.141;;
688105;unknown;control;2023-12-14 22:00:00+00:00;0.125;;
688105;unknown;control;2023-12-14 22:15:00+00:00;0.11;;
688105;unknown;control;2023-12-14 22:30:00+00:00;0.099;;
688105;unknown;control;2023-12-14 22:45:00+00:00;0.095;;
688105;unknown;control;2023-12-14 23:00:00+00:00;0.094;;
688105;unknown;control;2023-12-14 23:15:00+00:00;0.452;;
688105;unknown;control;2023-12-14 23:30:00+00:00;0.309;;
688105;unknown;control;2023-12-14 23:45:00+00:00;0.297;;
688105;unknown;control;2023-12-15 00:00:00+00:00;0.852;;
688105;unknown;control;2023-12-15 00:15:00+00:00;0.928;;
688105;unknown;control;2023-12-15 00:30:00+00:00;0.655;;
688105;unknown;control;2023-12-15 00:45:00+00:00;0.084;;
688105;unknown;control;2023-12-15 01:00:00+00:00;0.083;;
688105;unknown;control;2023-12-15 01:15:00+00:00;0.083;;
688105;unknown;control;2023-12-15 01:30:00+00:00;0.891;;
688105;unknown;control;2023-12-15 01:45:00+00:00;0.902;;
688105;unknown;control;2023-12-15 02:00:00+00:00;0.9;;
688105;unknown;control;2023-12-15 02:15:00+00:00;0.897;;
688105;unknown;control;2023-12-15 02:30:00+00:00;0.332;;
688105;unknown;control;2023-12-15 02:45:00+00:00;0.167;;
688105;unknown;control;2023-12-15 03:00:00+00:00;0.736;;
688105;unknown;control;2023-12-15 03:15:00+00:00;0.78;;
688105;unknown;control;2023-12-15 03:30:00+00:00;0.818;;
688105;unknown;control;2023-12-15 03:45:00+00:00;0.83;;
688105;unknown;control;2023-12-15 04:00:00+00:00;0.852;;
688105;unknown;control;2023-12-15 04:15:00+00:00;0.844;;
688105;unknown;control;2023-12-15 04:30:00+00:00;0.852;;
688105;unknown;control;2023-12-15 04:45:00+00:00;0.868;;
688105;unknown;control;2023-12-15 05:00:00+00:00;0.89;;
688105;unknown;control;2023-12-15 05:15:00+00:00;0.267;;
688105;unknown;control;2023-12-15 05:30:00+00:00;0.12;;
688105;unknown;control;2023-12-15 05:45:00+00:00;0.745;;
688105;unknown;control;2023-12-15 06:00:00+00:00;0.199;;
688105;unknown;control;2023-12-15 06:15:00+00:00;0.134;;
688105;unknown;control;2023-12-15 06:30:00+00:00;0.132;;
688105;unknown;control;2023-12-15 06:45:00+00:00;0.234;;
688105;unknown;control;2023-12-15 07:00:00+00:00;0.308;;
688105;unknown;control;2023-12-15 07:15:00+00:00;0.191;;
688105;unknown;control;2023-12-15 07:30:00+00:00;0.15;;
688105;unknown;control;2023-12-15 07:45:00+00:00;0.099;;
688105;unknown;control;2023-12-15 08:00:00+00:00;0.068;;
688105;unknown;control;2023-12-15 08:15:00+00:00;0.017;;
688105;unknown;control;2023-12-15 08:30:00+00:00;0.118;;
688105;unknown;control;2023-12-15 08:45:00+00:00;0.018;;
688105;unknown;control;2023-12-15 09:00:00+00:00;0.0;;
688105;unknown;control;2023-12-15 09:15:00+00:00;0.0;;
688105;unknown;control;2023-12-15 09:30:00+00:00;0.0;;
688105;unknown;control;2023-12-15 09:45:00+00:00;0.001;;
688105;unknown;control;2023-12-15 10:00:00+00:00;0.0;;
688105;unknown;control;2023-12-15 10:15:00+00:00;0.0;;
688105;unknown;control;2023-12-15 10:30:00+00:00;0.0;;
688105;unknown;control;2023-12-15 10:45:00+00:00;0.0;;
688105;unknown;control;2023-12-15 11:00:00+00:00;0.0;;
688105;unknown;control;2023-12-15 11:15:00+00:00;0.0;;
688105;unknown;control;2023-12-15 11:30:00+00:00;0.0;;
688105;unknown;control;2023-12-15 11:45:00+00:00;0.0;;
688105;unknown;control;2023-12-15 12:00:00+00:00;0.0;;
688105;unknown;control;2023-12-15 12:15:00+00:00;0.0;;
688105;unknown;control;2023-12-15 12:30:00+00:00;0.0;;
688105;unknown;control;2023-12-15 12:45:00+00:00;0.0;;
688105;unknown;control;2023-12-15 13:00:00+00:00;0.0;;
688105;unknown;control;2023-12-15 13:15:00+00:00;0.0;;
688105;unknown;control;2023-12-15 13:30:00+00:00;0.0;;
688105;unknown;control;2023-12-15 13:45:00+00:00;0.0;;
688105;unknown;control;2023-12-15 14:00:00+00:00;0.004;;
688105;unknown;control;2023-12-15 14:15:00+00:00;0.033;;
688105;unknown;control;2023-12-15 14:30:00+00:00;0.581;;
688105;unknown;control;2023-12-15 14:45:00+00:00;0.654;;
688105;unknown;control;2023-12-15 15:00:00+00:00;0.684;;
688105;unknown;control;2023-12-15 15:15:00+00:00;0.723;;
688105;unknown;control;2023-12-15 15:30:00+00:00;0.742;;
688105;unknown;control;2023-12-15 15:45:00+00:00;0.777;;
688105;unknown;control;2023-12-15 16:00:00+00:00;0.788;;
688105;unknown;control;2023-12-15 16:15:00+00:00;0.786;;
688105;unknown;control;2023-12-15 16:30:00+00:00;0.787;;
688105;unknown;control;2023-12-15 16:45:00+00:00;0.83;;
688105;unknown;control;2023-12-15 17:00:00+00:00;0.896;;
688105;unknown;control;2023-12-15 17:15:00+00:00;1.25;;
688105;unknown;control;2023-12-15 17:30:00+00:00;0.402;;
688105;unknown;control;2023-12-15 17:45:00+00:00;0.222;;
688105;unknown;control;2023-12-15 18:00:00+00:00;0.745;;
688105;unknown;control;2023-12-15 18:15:00+00:00;0.892;;
688105;unknown;control;2023-12-15 18:30:00+00:00;1.264;;
688105;unknown;control;2023-12-15 18:45:00+00:00;0.862;;
688105;unknown;control;2023-12-15 19:00:00+00:00;0.991;;
688105;unknown;control;2023-12-15 19:15:00+00:00;0.933;;
688105;unknown;control;2023-12-15 19:30:00+00:00;0.961;;
688105;unknown;control;2023-12-15 19:45:00+00:00;0.953;;
688105;unknown;control;2023-12-15 20:00:00+00:00;0.951;;
688105;unknown;control;2023-12-15 20:15:00+00:00;0.904;;
688105;unknown;control;2023-12-15 20:30:00+00:00;0.179;;
688105;unknown;control;2023-12-15 20:45:00+00:00;0.191;;
688105;unknown;control;2023-12-15 21:00:00+00:00;0.184;;
688105;unknown;control;2023-12-15 21:15:00+00:00;0.182;;
688105;unknown;control;2023-12-15 21:30:00+00:00;0.182;;
688105;unknown;control;2023-12-15 21:45:00+00:00;0.178;;
688105;unknown;control;2023-12-15 22:00:00+00:00;0.181;;
688105;unknown;control;2023-12-15 22:15:00+00:00;0.168;;
688105;unknown;control;2023-12-15 22:30:00+00:00;0.136;;
688105;unknown;control;2023-12-15 22:45:00+00:00;0.131;;
688105;unknown;control;2023-12-15 23:00:00+00:00;0.144;;
688105;unknown;control;2023-12-15 23:15:00+00:00;0.104;;
688105;unknown;control;2023-12-15 23:30:00+00:00;0.091;;
688105;unknown;control;2023-12-15 23:45:00+00:00;0.279;;
688105;unknown;control;2023-12-16 00:00:00+00:00;0.826;;
688105;unknown;control;2023-12-16 00:15:00+00:00;0.912;;
688105;unknown;control;2023-12-16 00:30:00+00:00;0.796;;
688105;unknown;control;2023-12-16 00:45:00+00:00;0.097;;
688105;unknown;control;2023-12-16 01:00:00+00:00;0.097;;
688105;unknown;control;2023-12-16 01:15:00+00:00;0.098;;
688105;unknown;control;2023-12-16 01:30:00+00:00;0.897;;
688105;unknown;control;2023-12-16 01:45:00+00:00;0.89;;
688105;unknown;control;2023-12-16 02:00:00+00:00;0.887;;
688105;unknown;control;2023-12-16 02:15:00+00:00;0.888;;
688105;unknown;control;2023-12-16 02:30:00+00:00;1.294;;
688105;unknown;control;2023-12-16 02:45:00+00:00;0.922;;
688105;unknown;control;2023-12-16 03:00:00+00:00;0.809;;
688105;unknown;control;2023-12-16 03:15:00+00:00;0.826;;
688105;unknown;control;2023-12-16 03:30:00+00:00;0.837;;
688105;unknown;control;2023-12-16 03:45:00+00:00;0.842;;
688105;unknown;control;2023-12-16 04:00:00+00:00;0.849;;
688105;unknown;control;2023-12-16 04:15:00+00:00;0.843;;
688105;unknown;control;2023-12-16 04:30:00+00:00;0.849;;
688105;unknown;control;2023-12-16 04:45:00+00:00;0.852;;
688105;unknown;control;2023-12-16 05:00:00+00:00;0.885;;
688105;unknown;control;2023-12-16 05:15:00+00:00;0.884;;
688105;unknown;control;2023-12-16 05:30:00+00:00;0.891;;
688105;unknown;control;2023-12-16 05:45:00+00:00;0.33;;
688105;unknown;control;2023-12-16 06:00:00+00:00;0.087;;
688105;unknown;control;2023-12-16 06:15:00+00:00;0.102;;
688105;unknown;control;2023-12-16 06:30:00+00:00;0.09;;
688105;unknown;control;2023-12-16 06:45:00+00:00;0.093;;
688105;unknown;control;2023-12-16 07:00:00+00:00;0.097;;
688105;unknown;control;2023-12-16 07:15:00+00:00;0.164;;
688105;unknown;control;2023-12-16 07:30:00+00:00;0.192;;
688105;unknown;control;2023-12-16 07:45:00+00:00;0.01;;
688105;unknown;control;2023-12-16 08:00:00+00:00;0.0;;
688105;unknown;control;2023-12-16 08:15:00+00:00;0.027;;
688105;unknown;control;2023-12-16 08:30:00+00:00;0.001;;
688105;unknown;control;2023-12-16 08:45:00+00:00;0.03;;
688105;unknown;control;2023-12-16 09:00:00+00:00;0.0;;
688105;unknown;control;2023-12-16 09:15:00+00:00;0.0;;
688105;unknown;control;2023-12-16 09:30:00+00:00;0.0;;
688105;unknown;control;2023-12-16 09:45:00+00:00;0.0;;
688105;unknown;control;2023-12-16 10:00:00+00:00;0.0;;
688105;unknown;control;2023-12-16 10:15:00+00:00;0.0;;
688105;unknown;control;2023-12-16 10:30:00+00:00;0.0;;
688105;unknown;control;2023-12-16 10:45:00+00:00;0.0;;
688105;unknown;control;2023-12-16 11:00:00+00:00;0.0;;
688105;unknown;control;2023-12-16 11:15:00+00:00;0.14;;
688105;unknown;control;2023-12-16 11:30:00+00:00;0.267;;
688105;unknown;control;2023-12-16 11:45:00+00:00;0.036;;
688105;unknown;control;2023-12-16 12:00:00+00:00;0.038;;
688105;unknown;control;2023-12-16 12:15:00+00:00;0.0;;
688105;unknown;control;2023-12-16 12:30:00+00:00;0.0;;
688105;unknown;control;2023-12-16 12:45:00+00:00;0.005;;
688105;unknown;control;2023-12-16 13:00:00+00:00;0.389;;
688105;unknown;control;2023-12-16 13:15:00+00:00;0.011;;
688105;unknown;control;2023-12-16 13:30:00+00:00;0.006;;
688105;unknown;control;2023-12-16 13:45:00+00:00;0.0;;
688105;unknown;control;2023-12-16 14:00:00+00:00;0.37;;
688105;unknown;control;2023-12-16 14:15:00+00:00;0.547;;
688105;unknown;control;2023-12-16 14:30:00+00:00;0.627;;
688105;unknown;control;2023-12-16 14:45:00+00:00;0.653;;
688105;unknown;control;2023-12-16 15:00:00+00:00;0.706;;
688105;unknown;control;2023-12-16 15:15:00+00:00;0.808;;
688105;unknown;control;2023-12-16 15:30:00+00:00;0.954;;
688105;unknown;control;2023-12-16 15:45:00+00:00;0.897;;
688105;unknown;control;2023-12-16 16:00:00+00:00;0.931;;
688105;unknown;control;2023-12-16 16:15:00+00:00;0.906;;
688105;unknown;control;2023-12-16 16:30:00+00:00;0.907;;
688105;unknown;control;2023-12-16 16:45:00+00:00;0.922;;
688105;unknown;control;2023-12-16 17:00:00+00:00;1.013;;
688105;unknown;control;2023-12-16 17:15:00+00:00;1.276;;
688105;unknown;control;2023-12-16 17:30:00+00:00;1.55;;
688105;unknown;control;2023-12-16 17:45:00+00:00;1.168;;
688105;unknown;control;2023-12-16 18:00:00+00:00;0.912;;
688105;unknown;control;2023-12-16 18:15:00+00:00;0.868;;
688105;unknown;control;2023-12-16 18:30:00+00:00;1.167;;
688105;unknown;control;2023-12-16 18:45:00+00:00;0.909;;
688105;unknown;control;2023-12-16 19:00:00+00:00;1.05;;
688105;unknown;control;2023-12-16 19:15:00+00:00;1.008;;
688105;unknown;control;2023-12-16 19:30:00+00:00;1.008;;
688105;unknown;control;2023-12-16 19:45:00+00:00;0.279;;
688105;unknown;control;2023-12-16 20:00:00+00:00;0.207;;
688105;unknown;control;2023-12-16 20:15:00+00:00;0.769;;
688105;unknown;control;2023-12-16 20:30:00+00:00;0.932;;
688105;unknown;control;2023-12-16 20:45:00+00:00;0.454;;
688105;unknown;control;2023-12-16 21:00:00+00:00;0.236;;
688105;unknown;control;2023-12-16 21:15:00+00:00;0.28;;
688105;unknown;control;2023-12-16 21:30:00+00:00;0.21;;
688105;unknown;control;2023-12-16 21:45:00+00:00;0.214;;
688105;unknown;control;2023-12-16 22:00:00+00:00;0.218;;
688105;unknown;control;2023-12-16 22:15:00+00:00;0.239;;
688105;unknown;control;2023-12-16 22:30:00+00:00;0.217;;
688105;unknown;control;2023-12-16 22:45:00+00:00;0.211;;
688105;unknown;control;2023-12-16 23:00:00+00:00;0.183;;
688105;unknown;control;2023-12-16 23:15:00+00:00;0.166;;
688105;unknown;control;2023-12-16 23:30:00+00:00;0.12;;
688105;unknown;control;2023-12-16 23:45:00+00:00;0.322;;
688105;unknown;control;2023-12-17 00:00:00+00:00;0.88;;
688105;unknown;control;2023-12-17 00:15:00+00:00;0.95;;
688105;unknown;control;2023-12-17 00:30:00+00:00;0.4;;
688105;unknown;control;2023-12-17 00:45:00+00:00;0.097;;
688105;unknown;control;2023-12-17 01:00:00+00:00;0.096;;
688105;unknown;control;2023-12-17 01:15:00+00:00;0.087;;
688105;unknown;control;2023-12-17 01:30:00+00:00;0.886;;
688105;unknown;control;2023-12-17 01:45:00+00:00;0.893;;
688105;unknown;control;2023-12-17 02:00:00+00:00;0.885;;
688105;unknown;control;2023-12-17 02:15:00+00:00;0.896;;
688105;unknown;control;2023-12-17 02:30:00+00:00;1.384;;
688105;unknown;control;2023-12-17 02:45:00+00:00;0.912;;
688105;unknown;control;2023-12-17 03:00:00+00:00;0.824;;
688105;unknown;control;2023-12-17 03:15:00+00:00;0.826;;
688105;unknown;control;2023-12-17 03:30:00+00:00;0.824;;
688105;unknown;control;2023-12-17 03:45:00+00:00;0.832;;
688105;unknown;control;2023-12-17 04:00:00+00:00;0.839;;
688105;unknown;control;2023-12-17 04:15:00+00:00;0.854;;
688105;unknown;control;2023-12-17 04:30:00+00:00;0.879;;
688105;unknown;control;2023-12-17 04:45:00+00:00;0.881;;
688105;unknown;control;2023-12-17 05:00:00+00:00;0.883;;
688105;unknown;control;2023-12-17 05:15:00+00:00;0.878;;
688105;unknown;control;2023-12-17 05:30:00+00:00;0.888;;
688105;unknown;control;2023-12-17 05:45:00+00:00;0.339;;
688105;unknown;control;2023-12-17 06:00:00+00:00;0.111;;
688105;unknown;control;2023-12-17 06:15:00+00:00;0.113;;
688105;unknown;control;2023-12-17 06:30:00+00:00;0.109;;
688105;unknown;control;2023-12-17 06:45:00+00:00;0.107;;
688105;unknown;control;2023-12-17 07:00:00+00:00;0.107;;
688105;unknown;control;2023-12-17 07:15:00+00:00;0.105;;
688105;unknown;control;2023-12-17 07:30:00+00:00;0.07;;
688105;unknown;control;2023-12-17 07:45:00+00:00;0.226;;
688105;unknown;control;2023-12-17 08:00:00+00:00;0.061;;
688105;unknown;control;2023-12-17 08:15:00+00:00;0.381;;
688105;unknown;control;2023-12-17 08:30:00+00:00;0.127;;
688105;unknown;control;2023-12-17 08:45:00+00:00;0.448;;
688105;unknown;control;2023-12-17 09:00:00+00:00;0.0;;
688105;unknown;control;2023-12-17 09:15:00+00:00;0.0;;
688105;unknown;control;2023-12-17 09:30:00+00:00;0.0;;
688105;unknown;control;2023-12-17 09:45:00+00:00;0.0;;
688105;unknown;control;2023-12-17 10:00:00+00:00;0.0;;
688105;unknown;control;2023-12-17 10:15:00+00:00;0.001;;
688105;unknown;control;2023-12-17 10:30:00+00:00;0.0;;
688105;unknown;control;2023-12-17 10:45:00+00:00;0.247;;
688105;unknown;control;2023-12-17 11:00:00+00:00;0.305;;
688105;unknown;control;2023-12-17 11:15:00+00:00;0.312;;
688105;unknown;control;2023-12-17 11:30:00+00:00;0.532;;
688105;unknown;control;2023-12-17 11:45:00+00:00;0.024;;
688105;unknown;control;2023-12-17 12:00:00+00:00;0.0;;
688105;unknown;control;2023-12-17 12:15:00+00:00;0.127;;
688105;unknown;control;2023-12-17 12:30:00+00:00;0.356;;
688105;unknown;control;2023-12-17 12:45:00+00:00;0.244;;
688105;unknown;control;2023-12-17 13:00:00+00:00;0.001;;
688105;unknown;control;2023-12-17 13:15:00+00:00;0.012;;
688105;unknown;control;2023-12-17 13:30:00+00:00;0.063;;
688105;unknown;control;2023-12-17 13:45:00+00:00;0.125;;
688105;unknown;control;2023-12-17 14:00:00+00:00;0.23;;
688105;unknown;control;2023-12-17 14:15:00+00:00;0.721;;
688105;unknown;control;2023-12-17 14:30:00+00:00;0.776;;
688105;unknown;control;2023-12-17 14:45:00+00:00;0.813;;
688105;unknown;control;2023-12-17 15:00:00+00:00;0.962;;
688105;unknown;control;2023-12-17 15:15:00+00:00;1.144;;
688105;unknown;control;2023-12-17 15:30:00+00:00;0.991;;
688105;unknown;control;2023-12-17 15:45:00+00:00;0.977;;
688105;unknown;control;2023-12-17 16:00:00+00:00;0.976;;
688105;unknown;control;2023-12-17 16:15:00+00:00;0.984;;
688105;unknown;control;2023-12-17 16:30:00+00:00;1.007;;
688105;unknown;control;2023-12-17 16:45:00+00:00;1.04;;
688105;unknown;control;2023-12-17 17:00:00+00:00;1.589;;
688105;unknown;control;2023-12-17 17:15:00+00:00;0.977;;
688105;unknown;control;2023-12-17 17:30:00+00:00;0.981;;
688105;unknown;control;2023-12-17 17:45:00+00:00;0.91;;
688105;unknown;control;2023-12-17 18:00:00+00:00;0.913;;
688105;unknown;control;2023-12-17 18:15:00+00:00;0.933;;
688105;unknown;control;2023-12-17 18:30:00+00:00;0.94;;
688105;unknown;control;2023-12-17 18:45:00+00:00;0.937;;
688105;unknown;control;2023-12-17 19:00:00+00:00;1.014;;
688105;unknown;control;2023-12-17 19:15:00+00:00;1.01;;
688105;unknown;control;2023-12-17 19:30:00+00:00;1.09;;
688105;unknown;control;2023-12-17 19:45:00+00:00;0.223;;
688105;unknown;control;2023-12-17 20:00:00+00:00;0.216;;
688105;unknown;control;2023-12-17 20:15:00+00:00;0.813;;
688105;unknown;control;2023-12-17 20:30:00+00:00;0.911;;
688105;unknown;control;2023-12-17 20:45:00+00:00;0.415;;
688105;unknown;control;2023-12-17 21:00:00+00:00;0.195;;
688105;unknown;control;2023-12-17 21:15:00+00:00;0.153;;
688105;unknown;control;2023-12-17 21:30:00+00:00;0.133;;
688105;unknown;control;2023-12-17 21:45:00+00:00;0.097;;
688105;unknown;control;2023-12-17 22:00:00+00:00;0.094;;
688105;unknown;control;2023-12-17 22:15:00+00:00;0.094;;
688105;unknown;control;2023-12-17 22:30:00+00:00;0.098;;
688105;unknown;control;2023-12-17 22:45:00+00:00;0.126;;
688105;unknown;control;2023-12-17 23:00:00+00:00;0.116;;
688105;unknown;control;2023-12-17 23:15:00+00:00;0.096;;
688105;unknown;control;2023-12-17 23:30:00+00:00;0.084;;
688105;unknown;control;2023-12-17 23:45:00+00:00;0.294;;
688105;unknown;control;2023-12-18 00:00:00+00:00;0.856;;
688105;unknown;control;2023-12-18 00:15:00+00:00;0.935;;
688105;unknown;control;2023-12-18 00:30:00+00:00;0.425;;
688105;unknown;control;2023-12-18 00:45:00+00:00;0.097;;
688105;unknown;control;2023-12-18 01:00:00+00:00;0.098;;
688105;unknown;control;2023-12-18 01:15:00+00:00;0.092;;
688105;unknown;control;2023-12-18 01:30:00+00:00;0.874;;
688105;unknown;control;2023-12-18 01:45:00+00:00;0.901;;
688105;unknown;control;2023-12-18 02:00:00+00:00;0.893;;
688105;unknown;control;2023-12-18 02:15:00+00:00;0.884;;
688105;unknown;control;2023-12-18 02:30:00+00:00;1.204;;
688105;unknown;control;2023-12-18 02:45:00+00:00;0.752;;
688105;unknown;control;2023-12-18 03:00:00+00:00;0.81;;
688105;unknown;control;2023-12-18 03:15:00+00:00;0.831;;
688105;unknown;control;2023-12-18 03:30:00+00:00;0.827;;
688105;unknown;control;2023-12-18 03:45:00+00:00;0.829;;
688105;unknown;control;2023-12-18 04:00:00+00:00;0.836;;
688105;unknown;control;2023-12-18 04:15:00+00:00;0.844;;
688105;unknown;control;2023-12-18 04:30:00+00:00;0.874;;
688105;unknown;control;2023-12-18 04:45:00+00:00;0.883;;
688105;unknown;control;2023-12-18 05:00:00+00:00;0.88;;
688105;unknown;control;2023-12-18 05:15:00+00:00;0.871;;
688105;unknown;control;2023-12-18 05:30:00+00:00;0.886;;
688105;unknown;control;2023-12-18 05:45:00+00:00;0.459;;
688105;unknown;control;2023-12-18 06:00:00+00:00;0.197;;
688105;unknown;control;2023-12-18 06:15:00+00:00;0.184;;
688105;unknown;control;2023-12-18 06:30:00+00:00;0.169;;
688105;unknown;control;2023-12-18 06:45:00+00:00;0.372;;
688105;unknown;control;2023-12-18 07:00:00+00:00;0.194;;
688105;unknown;control;2023-12-18 07:15:00+00:00;0.169;;
688105;unknown;control;2023-12-18 07:30:00+00:00;0.115;;
688105;unknown;control;2023-12-18 07:45:00+00:00;0.085;;
688105;unknown;control;2023-12-18 08:00:00+00:00;0.069;;
688105;unknown;control;2023-12-18 08:15:00+00:00;0.051;;
688105;unknown;control;2023-12-18 08:30:00+00:00;0.099;;
688105;unknown;control;2023-12-18 08:45:00+00:00;0.012;;
688105;unknown;control;2023-12-18 09:00:00+00:00;0.011;;
688105;unknown;control;2023-12-18 09:15:00+00:00;0.0;;
688105;unknown;control;2023-12-18 09:30:00+00:00;0.0;;
688105;unknown;control;2023-12-18 09:45:00+00:00;0.0;;
688105;unknown;control;2023-12-18 10:00:00+00:00;0.259;;
688105;unknown;control;2023-12-18 10:15:00+00:00;0.0;;
688105;unknown;control;2023-12-18 10:30:00+00:00;0.262;;
688105;unknown;control;2023-12-18 10:45:00+00:00;0.0;;
688105;unknown;control;2023-12-18 11:00:00+00:00;0.0;;
688105;unknown;control;2023-12-18 11:15:00+00:00;0.02;;
688105;unknown;control;2023-12-18 11:30:00+00:00;0.001;;
688105;unknown;control;2023-12-18 11:45:00+00:00;0.13;;
688105;unknown;control;2023-12-18 12:00:00+00:00;0.23;;
688105;unknown;control;2023-12-18 12:15:00+00:00;0.0;;
688105;unknown;control;2023-12-18 12:30:00+00:00;0.427;;
688105;unknown;control;2023-12-18 12:45:00+00:00;0.052;;
688105;unknown;control;2023-12-18 13:00:00+00:00;0.0;;
688105;unknown;control;2023-12-18 13:15:00+00:00;0.0;;
688105;unknown;control;2023-12-18 13:30:00+00:00;0.0;;
688105;unknown;control;2023-12-18 13:45:00+00:00;0.074;;
688105;unknown;control;2023-12-18 14:00:00+00:00;0.011;;
688105;unknown;control;2023-12-18 14:15:00+00:00;0.609;;
688105;unknown;control;2023-12-18 14:30:00+00:00;0.677;;
688105;unknown;control;2023-12-18 14:45:00+00:00;0.737;;
688105;unknown;control;2023-12-18 15:00:00+00:00;0.751;;
688105;unknown;control;2023-12-18 15:15:00+00:00;0.773;;
688105;unknown;control;2023-12-18 15:30:00+00:00;0.79;;
688105;unknown;control;2023-12-18 15:45:00+00:00;0.805;;
688105;unknown;control;2023-12-18 16:00:00+00:00;0.825;;
688105;unknown;control;2023-12-18 16:15:00+00:00;0.841;;
688105;unknown;control;2023-12-18 16:30:00+00:00;0.837;;
688105;unknown;control;2023-12-18 16:45:00+00:00;0.888;;
688105;unknown;control;2023-12-18 17:00:00+00:00;0.855;;
688105;unknown;control;2023-12-18 17:15:00+00:00;1.27;;
688105;unknown;control;2023-12-18 17:30:00+00:00;1.096;;
688105;unknown;control;2023-12-18 17:45:00+00:00;0.971;;
688105;unknown;control;2023-12-18 18:00:00+00:00;0.909;;
688105;unknown;control;2023-12-18 18:15:00+00:00;0.864;;
688105;unknown;control;2023-12-18 18:30:00+00:00;0.873;;
688105;unknown;control;2023-12-18 18:45:00+00:00;0.903;;
688105;unknown;control;2023-12-18 19:00:00+00:00;1.068;;
688105;unknown;control;2023-12-18 19:15:00+00:00;1.139;;
688105;unknown;control;2023-12-18 19:30:00+00:00;0.991;;
688105;unknown;control;2023-12-18 19:45:00+00:00;1.001;;
688105;unknown;control;2023-12-18 20:00:00+00:00;0.613;;
688105;unknown;control;2023-12-18 20:15:00+00:00;0.242;;
688105;unknown;control;2023-12-18 20:30:00+00:00;0.509;;
688105;unknown;control;2023-12-18 20:45:00+00:00;0.454;;
688105;unknown;control;2023-12-18 21:00:00+00:00;0.176;;
688105;unknown;control;2023-12-18 21:15:00+00:00;0.157;;
688105;unknown;control;2023-12-18 21:30:00+00:00;0.125;;
688105;unknown;control;2023-12-18 21:45:00+00:00;0.124;;
688105;unknown;control;2023-12-18 22:00:00+00:00;0.125;;
688105;unknown;control;2023-12-18 22:15:00+00:00;0.122;;
688105;unknown;control;2023-12-18 22:30:00+00:00;0.111;;
688105;unknown;control;2023-12-18 22:45:00+00:00;0.098;;
688105;unknown;control;2023-12-18 23:00:00+00:00;0.085;;
688105;unknown;control;2023-12-18 23:15:00+00:00;0.084;;
688105;unknown;control;2023-12-18 23:30:00+00:00;0.088;;
688105;unknown;control;2023-12-18 23:45:00+00:00;0.314;;
688105;unknown;control;2023-12-19 00:00:00+00:00;0.86;;
688105;unknown;control;2023-12-19 00:15:00+00:00;0.913;;
688105;unknown;control;2023-12-19 00:30:00+00:00;0.794;;
688105;unknown;control;2023-12-19 00:45:00+00:00;0.083;;
688105;unknown;control;2023-12-19 01:00:00+00:00;0.084;;
688105;unknown;control;2023-12-19 01:15:00+00:00;0.087;;
688105;unknown;control;2023-12-19 01:30:00+00:00;0.904;;
688105;unknown;control;2023-12-19 01:45:00+00:00;0.908;;
688105;unknown;control;2023-12-19 02:00:00+00:00;0.896;;
688105;unknown;control;2023-12-19 02:15:00+00:00;0.892;;
688105;unknown;control;2023-12-19 02:30:00+00:00;1.349;;
688105;unknown;control;2023-12-19 02:45:00+00:00;0.84;;
688105;unknown;control;2023-12-19 03:00:00+00:00;0.802;;
688105;unknown;control;2023-12-19 03:15:00+00:00;0.825;;
688105;unknown;control;2023-12-19 03:30:00+00:00;0.836;;
688105;unknown;control;2023-12-19 03:45:00+00:00;0.845;;
688105;unknown;control;2023-12-19 04:00:00+00:00;0.851;;
688105;unknown;control;2023-12-19 04:15:00+00:00;0.846;;
688105;unknown;control;2023-12-19 04:30:00+00:00;0.86;;
688105;unknown;control;2023-12-19 04:45:00+00:00;0.869;;
688105;unknown;control;2023-12-19 05:00:00+00:00;0.94;;
688105;unknown;control;2023-12-19 05:15:00+00:00;1.408;;
688105;unknown;control;2023-12-19 05:30:00+00:00;1.41;;
688105;unknown;control;2023-12-19 05:45:00+00:00;1.036;;
688105;unknown;control;2023-12-19 06:00:00+00:00;0.214;;
688105;unknown;control;2023-12-19 06:15:00+00:00;0.11;;
688105;unknown;control;2023-12-19 06:30:00+00:00;0.093;;
688105;unknown;control;2023-12-19 06:45:00+00:00;0.094;;
688105;unknown;control;2023-12-19 07:00:00+00:00;0.37;;
688105;unknown;control;2023-12-19 07:15:00+00:00;0.307;;
688105;unknown;control;2023-12-19 07:30:00+00:00;0.347;;
688105;unknown;control;2023-12-19 07:45:00+00:00;0.329;;
688105;unknown;control;2023-12-19 08:00:00+00:00;0.23;;
688105;unknown;control;2023-12-19 08:15:00+00:00;0.225;;
688105;unknown;control;2023-12-19 08:30:00+00:00;0.22;;
688105;unknown;control;2023-12-19 08:45:00+00:00;0.198;;
688105;unknown;control;2023-12-19 09:00:00+00:00;0.428;;
688105;unknown;control;2023-12-19 09:15:00+00:00;0.298;;
688105;unknown;control;2023-12-19 09:30:00+00:00;0.002;;
688105;unknown;control;2023-12-19 09:45:00+00:00;0.0;;
688105;unknown;control;2023-12-19 10:00:00+00:00;0.0;;
688105;unknown;control;2023-12-19 10:15:00+00:00;0.0;;
688105;unknown;control;2023-12-19 10:30:00+00:00;0.0;;
688105;unknown;control;2023-12-19 10:45:00+00:00;0.0;;
688105;unknown;control;2023-12-19 11:00:00+00:00;0.0;;
688105;unknown;control;2023-12-19 11:15:00+00:00;0.0;;
688105;unknown;control;2023-12-19 11:30:00+00:00;0.0;;
688105;unknown;control;2023-12-19 11:45:00+00:00;0.0;;
688105;unknown;control;2023-12-19 12:00:00+00:00;0.0;;
688105;unknown;control;2023-12-19 12:15:00+00:00;0.0;;
688105;unknown;control;2023-12-19 12:30:00+00:00;0.0;;
688105;unknown;control;2023-12-19 12:45:00+00:00;0.0;;
688105;unknown;control;2023-12-19 13:00:00+00:00;0.0;;
688105;unknown;control;2023-12-19 13:15:00+00:00;0.0;;
688105;unknown;control;2023-12-19 13:30:00+00:00;0.0;;
688105;unknown;control;2023-12-19 13:45:00+00:00;0.0;;
688105;unknown;control;2023-12-19 14:00:00+00:00;0.001;;
688105;unknown;control;2023-12-19 14:15:00+00:00;0.385;;
688105;unknown;control;2023-12-19 14:30:00+00:00;0.542;;
688105;unknown;control;2023-12-19 14:45:00+00:00;0.636;;
688105;unknown;control;2023-12-19 15:00:00+00:00;0.705;;
688105;unknown;control;2023-12-19 15:15:00+00:00;0.823;;
688105;unknown;control;2023-12-19 15:30:00+00:00;0.832;;
688105;unknown;control;2023-12-19 15:45:00+00:00;0.808;;
688105;unknown;control;2023-12-19 16:00:00+00:00;0.817;;
688105;unknown;control;2023-12-19 16:15:00+00:00;0.822;;
688105;unknown;control;2023-12-19 16:30:00+00:00;0.841;;
688105;unknown;control;2023-12-19 16:45:00+00:00;0.869;;
688105;unknown;control;2023-12-19 17:00:00+00:00;0.867;;
688105;unknown;control;2023-12-19 17:15:00+00:00;0.869;;
688105;unknown;control;2023-12-19 17:30:00+00:00;0.872;;
688105;unknown;control;2023-12-19 17:45:00+00:00;0.885;;
688105;unknown;control;2023-12-19 18:00:00+00:00;0.939;;
688105;unknown;control;2023-12-19 18:15:00+00:00;0.183;;
688105;unknown;control;2023-12-19 18:30:00+00:00;0.144;;
688105;unknown;control;2023-12-19 18:45:00+00:00;0.73;;
688105;unknown;control;2023-12-19 19:00:00+00:00;0.844;;
688105;unknown;control;2023-12-19 19:15:00+00:00;1.045;;
688105;unknown;control;2023-12-19 19:30:00+00:00;0.871;;
688105;unknown;control;2023-12-19 19:45:00+00:00;0.939;;
688105;unknown;control;2023-12-19 20:00:00+00:00;0.956;;
688105;unknown;control;2023-12-19 20:15:00+00:00;0.976;;
688105;unknown;control;2023-12-19 20:30:00+00:00;0.523;;
688105;unknown;control;2023-12-19 20:45:00+00:00;0.317;;
688105;unknown;control;2023-12-19 21:00:00+00:00;0.244;;
688105;unknown;control;2023-12-19 21:15:00+00:00;0.249;;
688105;unknown;control;2023-12-19 21:30:00+00:00;0.196;;
688105;unknown;control;2023-12-19 21:45:00+00:00;0.17;;
688105;unknown;control;2023-12-19 22:00:00+00:00;0.137;;
688105;unknown;control;2023-12-19 22:15:00+00:00;0.148;;
688105;unknown;control;2023-12-19 22:30:00+00:00;0.153;;
688105;unknown;control;2023-12-19 22:45:00+00:00;0.16;;
688105;unknown;control;2023-12-19 23:00:00+00:00;0.136;;
688105;unknown;control;2023-12-19 23:15:00+00:00;0.107;;
688105;unknown;control;2023-12-19 23:30:00+00:00;0.096;;
688105;unknown;control;2023-12-19 23:45:00+00:00;0.308;;
688105;unknown;control;2023-12-20 00:00:00+00:00;0.902;;
688105;unknown;control;2023-12-20 00:15:00+00:00;0.589;;
688105;unknown;control;2023-12-20 00:30:00+00:00;0.115;;
688105;unknown;control;2023-12-20 00:45:00+00:00;0.105;;
688105;unknown;control;2023-12-20 01:00:00+00:00;0.091;;
688105;unknown;control;2023-12-20 01:15:00+00:00;0.084;;
688105;unknown;control;2023-12-20 01:30:00+00:00;0.878;;
688105;unknown;control;2023-12-20 01:45:00+00:00;0.895;;
688105;unknown;control;2023-12-20 02:00:00+00:00;0.915;;
688105;unknown;control;2023-12-20 02:15:00+00:00;0.922;;
688105;unknown;control;2023-12-20 02:30:00+00:00;0.441;;
688105;unknown;control;2023-12-20 02:45:00+00:00;0.451;;
688105;unknown;control;2023-12-20 03:00:00+00:00;0.769;;
688105;unknown;control;2023-12-20 03:15:00+00:00;0.801;;
688105;unknown;control;2023-12-20 03:30:00+00:00;0.833;;
688105;unknown;control;2023-12-20 03:45:00+00:00;0.841;;
688105;unknown;control;2023-12-20 04:00:00+00:00;0.836;;
688105;unknown;control;2023-12-20 04:15:00+00:00;0.859;;
688105;unknown;control;2023-12-20 04:30:00+00:00;0.878;;
688105;unknown;control;2023-12-20 04:45:00+00:00;0.893;;
688105;unknown;control;2023-12-20 05:00:00+00:00;0.907;;
688105;unknown;control;2023-12-20 05:15:00+00:00;0.507;;
688105;unknown;control;2023-12-20 05:30:00+00:00;0.097;;
688105;unknown;control;2023-12-20 05:45:00+00:00;0.335;;
688105;unknown;control;2023-12-20 06:00:00+00:00;0.132;;
688105;unknown;control;2023-12-20 06:15:00+00:00;0.192;;
688105;unknown;control;2023-12-20 06:30:00+00:00;0.297;;
688105;unknown;control;2023-12-20 06:45:00+00:00;0.342;;
688105;unknown;control;2023-12-20 07:00:00+00:00;0.175;;
688105;unknown;control;2023-12-20 07:15:00+00:00;0.145;;
688105;unknown;control;2023-12-20 07:30:00+00:00;0.118;;
688105;unknown;control;2023-12-20 07:45:00+00:00;0.116;;
688105;unknown;control;2023-12-20 08:00:00+00:00;0.14;;
688105;unknown;control;2023-12-20 08:15:00+00:00;0.133;;
688105;unknown;control;2023-12-20 08:30:00+00:00;0.112;;
688105;unknown;control;2023-12-20 08:45:00+00:00;0.109;;
688105;unknown;control;2023-12-20 09:00:00+00:00;0.109;;
688105;unknown;control;2023-12-20 09:15:00+00:00;0.089;;
688105;unknown;control;2023-12-20 09:30:00+00:00;0.23;;
688105;unknown;control;2023-12-20 09:45:00+00:00;0.024;;
688105;unknown;control;2023-12-20 10:00:00+00:00;0.0;;
688105;unknown;control;2023-12-20 10:15:00+00:00;0.0;;
688105;unknown;control;2023-12-20 10:30:00+00:00;0.105;;
688105;unknown;control;2023-12-20 10:45:00+00:00;0.128;;
688105;unknown;control;2023-12-20 11:00:00+00:00;0.038;;
688105;unknown;control;2023-12-20 11:15:00+00:00;0.0;;
688105;unknown;control;2023-12-20 11:30:00+00:00;0.0;;
688105;unknown;control;2023-12-20 11:45:00+00:00;0.0;;
688105;unknown;control;2023-12-20 12:00:00+00:00;0.0;;
688105;unknown;control;2023-12-20 12:15:00+00:00;0.0;;
688105;unknown;control;2023-12-20 12:30:00+00:00;0.0;;
688105;unknown;control;2023-12-20 12:45:00+00:00;0.0;;
688105;unknown;control;2023-12-20 13:00:00+00:00;0.055;;
688105;unknown;control;2023-12-20 13:15:00+00:00;0.0;;
688105;unknown;control;2023-12-20 13:30:00+00:00;0.0;;
688105;unknown;control;2023-12-20 13:45:00+00:00;0.0;;
688105;unknown;control;2023-12-20 14:00:00+00:00;0.0;;
688105;unknown;control;2023-12-20 14:15:00+00:00;0.065;;
688105;unknown;control;2023-12-20 14:30:00+00:00;0.519;;
688105;unknown;control;2023-12-20 14:45:00+00:00;0.367;;
688105;unknown;control;2023-12-20 15:00:00+00:00;0.616;;
688105;unknown;control;2023-12-20 15:15:00+00:00;0.722;;
688105;unknown;control;2023-12-20 15:30:00+00:00;0.785;;
688105;unknown;control;2023-12-20 15:45:00+00:00;0.816;;
688105;unknown;control;2023-12-20 16:00:00+00:00;0.813;;
688105;unknown;control;2023-12-20 16:15:00+00:00;0.805;;
688105;unknown;control;2023-12-20 16:30:00+00:00;0.812;;
688105;unknown;control;2023-12-20 16:45:00+00:00;0.823;;
688105;unknown;control;2023-12-20 17:00:00+00:00;0.835;;
688105;unknown;control;2023-12-20 17:15:00+00:00;0.852;;
688105;unknown;control;2023-12-20 17:30:00+00:00;1.034;;
688105;unknown;control;2023-12-20 17:45:00+00:00;0.928;;
688105;unknown;control;2023-12-20 18:00:00+00:00;0.853;;
688105;unknown;control;2023-12-20 18:15:00+00:00;0.959;;
688105;unknown;control;2023-12-20 18:30:00+00:00;1.135;;
688105;unknown;control;2023-12-20 18:45:00+00:00;1.047;;
688105;unknown;control;2023-12-20 19:00:00+00:00;1.06;;
688105;unknown;control;2023-12-20 19:15:00+00:00;1.019;;
688105;unknown;control;2023-12-20 19:30:00+00:00;0.939;;
688105;unknown;control;2023-12-20 19:45:00+00:00;0.214;;
688105;unknown;control;2023-12-20 20:00:00+00:00;0.234;;
688105;unknown;control;2023-12-20 20:15:00+00:00;0.866;;
688105;unknown;control;2023-12-20 20:30:00+00:00;0.951;;
688105;unknown;control;2023-12-20 20:45:00+00:00;0.459;;
688105;unknown;control;2023-12-20 21:00:00+00:00;0.231;;
688105;unknown;control;2023-12-20 21:15:00+00:00;0.2;;
688105;unknown;control;2023-12-20 21:30:00+00:00;0.255;;
688105;unknown;control;2023-12-20 21:45:00+00:00;0.175;;
688105;unknown;control;2023-12-20 22:00:00+00:00;0.126;;
688105;unknown;control;2023-12-20 22:15:00+00:00;0.101;;
688105;unknown;control;2023-12-20 22:30:00+00:00;0.102;;
688105;unknown;control;2023-12-20 22:45:00+00:00;0.111;;
688105;unknown;control;2023-12-20 23:00:00+00:00;0.118;;
688105;unknown;control;2023-12-20 23:15:00+00:00;0.122;;
688105;unknown;control;2023-12-20 23:30:00+00:00;0.104;;
688105;unknown;control;2023-12-20 23:45:00+00:00;0.313;;
688105;unknown;control;2023-12-21 00:00:00+00:00;0.898;;
688105;unknown;control;2023-12-21 00:15:00+00:00;0.962;;
688105;unknown;control;2023-12-21 00:30:00+00:00;0.147;;
688105;unknown;control;2023-12-21 00:45:00+00:00;0.122;;
688105;unknown;control;2023-12-21 01:00:00+00:00;0.121;;
688105;unknown;control;2023-12-21 01:15:00+00:00;0.109;;
688105;unknown;control;2023-12-21 01:30:00+00:00;0.894;;
688105;unknown;control;2023-12-21 01:45:00+00:00;0.894;;
688105;unknown;control;2023-12-21 02:00:00+00:00;0.902;;
688105;unknown;control;2023-12-21 02:15:00+00:00;0.9;;
688105;unknown;control;2023-12-21 02:30:00+00:00;0.924;;
688105;unknown;control;2023-12-21 02:45:00+00:00;0.913;;
688105;unknown;control;2023-12-21 03:00:00+00:00;0.764;;
688105;unknown;control;2023-12-21 03:15:00+00:00;0.804;;
688105;unknown;control;2023-12-21 03:30:00+00:00;0.814;;
688105;unknown;control;2023-12-21 03:45:00+00:00;0.83;;
688105;unknown;control;2023-12-21 04:00:00+00:00;0.855;;
688105;unknown;control;2023-12-21 04:15:00+00:00;0.875;;
688105;unknown;control;2023-12-21 04:30:00+00:00;0.887;;
688105;unknown;control;2023-12-21 04:45:00+00:00;0.901;;
688105;unknown;control;2023-12-21 05:00:00+00:00;0.544;;
688105;unknown;control;2023-12-21 05:15:00+00:00;0.097;;
688105;unknown;control;2023-12-21 05:30:00+00:00;0.135;;
688105;unknown;control;2023-12-21 05:45:00+00:00;0.842;;
688105;unknown;control;2023-12-21 06:00:00+00:00;0.154;;
688105;unknown;control;2023-12-21 06:15:00+00:00;0.16;;
688105;unknown;control;2023-12-21 06:30:00+00:00;0.152;;
688105;unknown;control;2023-12-21 06:45:00+00:00;0.189;;
688105;unknown;control;2023-12-21 07:00:00+00:00;0.327;;
688105;unknown;control;2023-12-21 07:15:00+00:00;0.235;;
688105;unknown;control;2023-12-21 07:30:00+00:00;0.235;;
688105;unknown;control;2023-12-21 07:45:00+00:00;0.497;;
688105;unknown;control;2023-12-21 08:00:00+00:00;0.136;;
688105;unknown;control;2023-12-21 08:15:00+00:00;0.139;;
688105;unknown;control;2023-12-21 08:30:00+00:00;0.521;;
688105;unknown;control;2023-12-21 08:45:00+00:00;0.114;;
688105;unknown;control;2023-12-21 09:00:00+00:00;0.191;;
688105;unknown;control;2023-12-21 09:15:00+00:00;0.106;;
688105;unknown;control;2023-12-21 09:30:00+00:00;0.051;;
688105;unknown;control;2023-12-21 09:45:00+00:00;0.07;;
688105;unknown;control;2023-12-21 10:00:00+00:00;0.01;;
688105;unknown;control;2023-12-21 10:15:00+00:00;0.08;;
688105;unknown;control;2023-12-21 10:30:00+00:00;0.425;;
688105;unknown;control;2023-12-21 10:45:00+00:00;0.003;;
688105;unknown;control;2023-12-21 11:00:00+00:00;0.014;;
688105;unknown;control;2023-12-21 11:15:00+00:00;0.037;;
688105;unknown;control;2023-12-21 11:30:00+00:00;0.298;;
688105;unknown;control;2023-12-21 11:45:00+00:00;0.442;;
688105;unknown;control;2023-12-21 12:00:00+00:00;0.065;;
688105;unknown;control;2023-12-21 12:15:00+00:00;0.01;;
688105;unknown;control;2023-12-21 12:30:00+00:00;0.011;;
688105;unknown;control;2023-12-21 12:45:00+00:00;0.141;;
688105;unknown;control;2023-12-21 13:00:00+00:00;0.054;;
688105;unknown;control;2023-12-21 13:15:00+00:00;0.045;;
688105;unknown;control;2023-12-21 13:30:00+00:00;0.065;;
688105;unknown;control;2023-12-21 13:45:00+00:00;0.083;;
688105;unknown;control;2023-12-21 14:00:00+00:00;0.083;;
688105;unknown;control;2023-12-21 14:15:00+00:00;0.331;;
688105;unknown;control;2023-12-21 14:30:00+00:00;0.945;;
688105;unknown;control;2023-12-21 14:45:00+00:00;1.024;;
688105;unknown;control;2023-12-21 15:00:00+00:00;0.784;;
688105;unknown;control;2023-12-21 15:15:00+00:00;0.791;;
688105;unknown;control;2023-12-21 15:30:00+00:00;0.815;;
688105;unknown;control;2023-12-21 15:45:00+00:00;0.869;;
688105;unknown;control;2023-12-21 16:00:00+00:00;0.868;;
688105;unknown;control;2023-12-21 16:15:00+00:00;0.839;;
688105;unknown;control;2023-12-21 16:30:00+00:00;0.854;;
688105;unknown;control;2023-12-21 16:45:00+00:00;0.855;;
688105;unknown;control;2023-12-21 17:00:00+00:00;0.649;;
688105;unknown;control;2023-12-21 17:15:00+00:00;0.207;;
688105;unknown;control;2023-12-21 17:30:00+00:00;0.264;;
688105;unknown;control;2023-12-21 17:45:00+00:00;1.377;;
688105;unknown;control;2023-12-21 18:00:00+00:00;1.122;;
688105;unknown;control;2023-12-21 18:15:00+00:00;1.313;;
688105;unknown;control;2023-12-21 18:30:00+00:00;0.952;;
688105;unknown;control;2023-12-21 18:45:00+00:00;0.362;;
688105;unknown;control;2023-12-21 19:00:00+00:00;0.265;;
688105;unknown;control;2023-12-21 19:15:00+00:00;0.35;;
688105;unknown;control;2023-12-21 19:30:00+00:00;0.923;;
688105;unknown;control;2023-12-21 19:45:00+00:00;0.984;;
688105;unknown;control;2023-12-21 20:00:00+00:00;0.972;;
688105;unknown;control;2023-12-21 20:15:00+00:00;0.604;;
688105;unknown;control;2023-12-21 20:30:00+00:00;0.245;;
688105;unknown;control;2023-12-21 20:45:00+00:00;0.254;;
688105;unknown;control;2023-12-21 21:00:00+00:00;0.213;;
688105;unknown;control;2023-12-21 21:15:00+00:00;0.151;;
688105;unknown;control;2023-12-21 21:30:00+00:00;0.152;;
688105;unknown;control;2023-12-21 21:45:00+00:00;0.135;;
688105;unknown;control;2023-12-21 22:00:00+00:00;0.125;;
688105;unknown;control;2023-12-21 22:15:00+00:00;0.116;;
688105;unknown;control;2023-12-21 22:30:00+00:00;0.131;;
688105;unknown;control;2023-12-21 22:45:00+00:00;0.134;;
688105;unknown;control;2023-12-21 23:00:00+00:00;0.125;;
688105;unknown;control;2023-12-21 23:15:00+00:00;0.132;;
688105;unknown;control;2023-12-21 23:30:00+00:00;0.121;;
688105;unknown;control;2023-12-21 23:45:00+00:00;0.311;;
688105;unknown;control;2023-12-22 00:00:00+00:00;0.854;;
688105;unknown;control;2023-12-22 00:15:00+00:00;0.929;;
688105;unknown;control;2023-12-22 00:30:00+00:00;0.736;;
688105;unknown;control;2023-12-22 00:45:00+00:00;0.135;;
688105;unknown;control;2023-12-22 01:00:00+00:00;0.128;;
688105;unknown;control;2023-12-22 01:15:00+00:00;0.108;;
688105;unknown;control;2023-12-22 01:30:00+00:00;0.895;;
688105;unknown;control;2023-12-22 01:45:00+00:00;0.892;;
688105;unknown;control;2023-12-22 02:00:00+00:00;0.894;;
688105;unknown;control;2023-12-22 02:15:00+00:00;0.929;;
688105;unknown;control;2023-12-22 02:30:00+00:00;0.917;;
688105;unknown;control;2023-12-22 02:45:00+00:00;0.105;;
688105;unknown;control;2023-12-22 03:00:00+00:00;0.617;;
688105;unknown;control;2023-12-22 03:15:00+00:00;0.792;;
688105;unknown;control;2023-12-22 03:30:00+00:00;0.815;;
688105;unknown;control;2023-12-22 03:45:00+00:00;0.845;;
688105;unknown;control;2023-12-22 04:00:00+00:00;0.867;;
688105;unknown;control;2023-12-22 04:15:00+00:00;0.905;;
688105;unknown;control;2023-12-22 04:30:00+00:00;0.725;;
688105;unknown;control;2023-12-22 04:45:00+00:00;0.103;;
688105;unknown;control;2023-12-22 05:00:00+00:00;0.107;;
688105;unknown;control;2023-12-22 05:15:00+00:00;0.113;;
688105;unknown;control;2023-12-22 05:30:00+00:00;0.724;;
688105;unknown;control;2023-12-22 05:45:00+00:00;0.314;;
688105;unknown;control;2023-12-22 06:00:00+00:00;0.142;;
688105;unknown;control;2023-12-22 06:15:00+00:00;0.216;;
688105;unknown;control;2023-12-22 06:30:00+00:00;0.192;;
688105;unknown;control;2023-12-22 06:45:00+00:00;0.162;;
688105;unknown;control;2023-12-22 07:00:00+00:00;0.289;;
688105;unknown;control;2023-12-22 07:15:00+00:00;0.301;;
688105;unknown;control;2023-12-22 07:30:00+00:00;0.158;;
688105;unknown;control;2023-12-22 07:45:00+00:00;0.149;;
688105;unknown;control;2023-12-22 08:00:00+00:00;0.202;;
688105;unknown;control;2023-12-22 08:15:00+00:00;0.138;;
688105;unknown;control;2023-12-22 08:30:00+00:00;0.114;;
688105;unknown;control;2023-12-22 08:45:00+00:00;0.207;;
688105;unknown;control;2023-12-22 09:00:00+00:00;0.095;;
688105;unknown;control;2023-12-22 09:15:00+00:00;0.067;;
688105;unknown;control;2023-12-22 09:30:00+00:00;0.079;;
688105;unknown;control;2023-12-22 09:45:00+00:00;0.062;;
688105;unknown;control;2023-12-22 10:00:00+00:00;0.022;;
688105;unknown;control;2023-12-22 10:15:00+00:00;0.02;;
688105;unknown;control;2023-12-22 10:30:00+00:00;0.042;;
688105;unknown;control;2023-12-22 10:45:00+00:00;0.025;;
688105;unknown;control;2023-12-22 11:00:00+00:00;0.075;;
688105;unknown;control;2023-12-22 11:15:00+00:00;0.102;;
688105;unknown;control;2023-12-22 11:30:00+00:00;0.005;;
688105;unknown;control;2023-12-22 11:45:00+00:00;0.007;;
688105;unknown;control;2023-12-22 12:00:00+00:00;0.003;;
688105;unknown;control;2023-12-22 12:15:00+00:00;0.012;;
688105;unknown;control;2023-12-22 12:30:00+00:00;0.0;;
688105;unknown;control;2023-12-22 12:45:00+00:00;0.002;;
688105;unknown;control;2023-12-22 13:00:00+00:00;0.014;;
688105;unknown;control;2023-12-22 13:15:00+00:00;0.067;;
688105;unknown;control;2023-12-22 13:30:00+00:00;0.206;;
688105;unknown;control;2023-12-22 13:45:00+00:00;0.115;;
688105;unknown;control;2023-12-22 14:00:00+00:00;0.12;;
688105;unknown;control;2023-12-22 14:15:00+00:00;0.124;;
688105;unknown;control;2023-12-22 14:30:00+00:00;0.761;;
688105;unknown;control;2023-12-22 14:45:00+00:00;0.812;;
688105;unknown;control;2023-12-22 15:00:00+00:00;0.832;;
688105;unknown;control;2023-12-22 15:15:00+00:00;0.865;;
688105;unknown;control;2023-12-22 15:30:00+00:00;0.892;;
688105;unknown;control;2023-12-22 15:45:00+00:00;0.901;;
688105;unknown;control;2023-12-22 16:00:00+00:00;0.894;;
688105;unknown;control;2023-12-22 16:15:00+00:00;0.902;;
688105;unknown;control;2023-12-22 16:30:00+00:00;0.918;;
688105;unknown;control;2023-12-22 16:45:00+00:00;0.936;;
688105;unknown;control;2023-12-22 17:00:00+00:00;0.261;;
688105;unknown;control;2023-12-22 17:15:00+00:00;0.236;;
688105;unknown;control;2023-12-22 17:30:00+00:00;0.603;;
688105;unknown;control;2023-12-22 17:45:00+00:00;0.88;;
688105;unknown;control;2023-12-22 18:00:00+00:00;1.05;;
688105;unknown;control;2023-12-22 18:15:00+00:00;1.505;;
688105;unknown;control;2023-12-22 18:30:00+00:00;0.521;;
688105;unknown;control;2023-12-22 18:45:00+00:00;0.175;;
688105;unknown;control;2023-12-22 19:00:00+00:00;0.245;;
688105;unknown;control;2023-12-22 19:15:00+00:00;0.964;;
688105;unknown;control;2023-12-22 19:30:00+00:00;0.926;;
688105;unknown;control;2023-12-22 19:45:00+00:00;0.995;;
688105;unknown;control;2023-12-22 20:00:00+00:00;0.965;;
688105;unknown;control;2023-12-22 20:15:00+00:00;0.297;;
688105;unknown;control;2023-12-22 20:30:00+00:00;0.243;;
688105;unknown;control;2023-12-22 20:45:00+00:00;0.21;;
688105;unknown;control;2023-12-22 21:00:00+00:00;0.21;;
688105;unknown;control;2023-12-22 21:15:00+00:00;0.21;;
688105;unknown;control;2023-12-22 21:30:00+00:00;0.209;;
688105;unknown;control;2023-12-22 21:45:00+00:00;0.21;;
688105;unknown;control;2023-12-22 22:00:00+00:00;0.209;;
688105;unknown;control;2023-12-22 22:15:00+00:00;0.272;;
688105;unknown;control;2023-12-22 22:30:00+00:00;0.227;;
688105;unknown;control;2023-12-22 22:45:00+00:00;0.16;;
688105;unknown;control;2023-12-22 23:00:00+00:00;0.137;;
688105;unknown;control;2023-12-22 23:15:00+00:00;0.499;;
688105;unknown;control;2023-12-22 23:30:00+00:00;0.118;;
688105;unknown;control;2023-12-22 23:45:00+00:00;0.304;;
688105;unknown;control;2023-12-23 00:00:00+00:00;0.826;;
688105;unknown;control;2023-12-23 00:15:00+00:00;0.899;;
688105;unknown;control;2023-12-23 00:30:00+00:00;0.968;;
688105;unknown;control;2023-12-23 00:45:00+00:00;0.301;;
688105;unknown;control;2023-12-23 01:00:00+00:00;0.295;;
688105;unknown;control;2023-12-23 01:15:00+00:00;0.497;;
688105;unknown;control;2023-12-23 01:30:00+00:00;0.882;;
688105;unknown;control;2023-12-23 01:45:00+00:00;0.877;;
688105;unknown;control;2023-12-23 02:00:00+00:00;0.88;;
688105;unknown;control;2023-12-23 02:15:00+00:00;0.891;;
688105;unknown;control;2023-12-23 02:30:00+00:00;0.908;;
688105;unknown;control;2023-12-23 02:45:00+00:00;0.75;;
688105;unknown;control;2023-12-23 03:00:00+00:00;0.427;;
688105;unknown;control;2023-12-23 03:15:00+00:00;0.758;;
688105;unknown;control;2023-12-23 03:30:00+00:00;0.798;;
688105;unknown;control;2023-12-23 03:45:00+00:00;0.816;;
688105;unknown;control;2023-12-23 04:00:00+00:00;0.853;;
688105;unknown;control;2023-12-23 04:15:00+00:00;0.878;;
688105;unknown;control;2023-12-23 04:30:00+00:00;0.898;;
688105;unknown;control;2023-12-23 04:45:00+00:00;0.182;;
688105;unknown;control;2023-12-23 05:00:00+00:00;0.106;;
688105;unknown;control;2023-12-23 05:15:00+00:00;0.129;;
688105;unknown;control;2023-12-23 05:30:00+00:00;0.773;;
688105;unknown;control;2023-12-23 05:45:00+00:00;0.313;;
688105;unknown;control;2023-12-23 06:00:00+00:00;0.102;;
688105;unknown;control;2023-12-23 06:15:00+00:00;0.098;;
688105;unknown;control;2023-12-23 06:30:00+00:00;0.109;;
688105;unknown;control;2023-12-23 06:45:00+00:00;0.171;;
688105;unknown;control;2023-12-23 07:00:00+00:00;0.186;;
688105;unknown;control;2023-12-23 07:15:00+00:00;0.138;;
688105;unknown;control;2023-12-23 07:30:00+00:00;0.232;;
688105;unknown;control;2023-12-23 07:45:00+00:00;0.15;;
688105;unknown;control;2023-12-23 08:00:00+00:00;0.205;;
688105;unknown;control;2023-12-23 08:15:00+00:00;0.225;;
688105;unknown;control;2023-12-23 08:30:00+00:00;0.113;;
688105;unknown;control;2023-12-23 08:45:00+00:00;0.083;;
688105;unknown;control;2023-12-23 09:00:00+00:00;0.067;;
688105;unknown;control;2023-12-23 09:15:00+00:00;0.011;;
688105;unknown;control;2023-12-23 09:30:00+00:00;0.002;;
688105;unknown;control;2023-12-23 09:45:00+00:00;0.003;;
688105;unknown;control;2023-12-23 10:00:00+00:00;0.0;;
688105;unknown;control;2023-12-23 10:15:00+00:00;0.001;;
688105;unknown;control;2023-12-23 10:30:00+00:00;0.0;;
688105;unknown;control;2023-12-23 10:45:00+00:00;0.0;;
688105;unknown;control;2023-12-23 11:00:00+00:00;0.0;;
688105;unknown;control;2023-12-23 11:15:00+00:00;0.07;;
688105;unknown;control;2023-12-23 11:30:00+00:00;0.039;;
688105;unknown;control;2023-12-23 11:45:00+00:00;0.05;;
688105;unknown;control;2023-12-23 12:00:00+00:00;0.0;;
688105;unknown;control;2023-12-23 12:15:00+00:00;0.018;;
688105;unknown;control;2023-12-23 12:30:00+00:00;0.003;;
688105;unknown;control;2023-12-23 12:45:00+00:00;0.0;;
688105;unknown;control;2023-12-23 13:00:00+00:00;0.003;;
688105;unknown;control;2023-12-23 13:15:00+00:00;0.0;;
688105;unknown;control;2023-12-23 13:30:00+00:00;0.014;;
688105;unknown;control;2023-12-23 13:45:00+00:00;0.227;;
688105;unknown;control;2023-12-23 14:00:00+00:00;0.0;;
688105;unknown;control;2023-12-23 14:15:00+00:00;0.114;;
688105;unknown;control;2023-12-23 14:30:00+00:00;0.27;;
688105;unknown;control;2023-12-23 14:45:00+00:00;0.666;;
688105;unknown;control;2023-12-23 15:00:00+00:00;0.724;;
688105;unknown;control;2023-12-23 15:15:00+00:00;0.68;;
688105;unknown;control;2023-12-23 15:30:00+00:00;0.803;;
688105;unknown;control;2023-12-23 15:45:00+00:00;0.855;;
688105;unknown;control;2023-12-23 16:00:00+00:00;0.894;;
688105;unknown;control;2023-12-23 16:15:00+00:00;0.827;;
688105;unknown;control;2023-12-23 16:30:00+00:00;0.217;;
688105;unknown;control;2023-12-23 16:45:00+00:00;0.202;;
688105;unknown;control;2023-12-23 17:00:00+00:00;0.8;;
688105;unknown;control;2023-12-23 17:15:00+00:00;0.955;;
688105;unknown;control;2023-12-23 17:30:00+00:00;0.908;;
688105;unknown;control;2023-12-23 17:45:00+00:00;0.851;;
688105;unknown;control;2023-12-23 18:00:00+00:00;0.815;;
688105;unknown;control;2023-12-23 18:15:00+00:00;0.138;;
688105;unknown;control;2023-12-23 18:30:00+00:00;0.291;;
688105;unknown;control;2023-12-23 18:45:00+00:00;0.61;;
688105;unknown;control;2023-12-23 19:00:00+00:00;0.875;;
688105;unknown;control;2023-12-23 19:15:00+00:00;0.892;;
688105;unknown;control;2023-12-23 19:30:00+00:00;0.912;;
688105;unknown;control;2023-12-23 19:45:00+00:00;0.631;;
688105;unknown;control;2023-12-23 20:00:00+00:00;0.236;;
688105;unknown;control;2023-12-23 20:15:00+00:00;0.271;;
688105;unknown;control;2023-12-23 20:30:00+00:00;0.914;;
688105;unknown;control;2023-12-23 20:45:00+00:00;0.432;;
688105;unknown;control;2023-12-23 21:00:00+00:00;0.264;;
688105;unknown;control;2023-12-23 21:15:00+00:00;0.211;;
688105;unknown;control;2023-12-23 21:30:00+00:00;0.15;;
688105;unknown;control;2023-12-23 21:45:00+00:00;0.154;;
688105;unknown;control;2023-12-23 22:00:00+00:00;0.118;;
688105;unknown;control;2023-12-23 22:15:00+00:00;0.109;;
688105;unknown;control;2023-12-23 22:30:00+00:00;0.111;;
688105;unknown;control;2023-12-23 22:45:00+00:00;0.109;;
688105;unknown;control;2023-12-23 23:00:00+00:00;0.102;;
688105;unknown;control;2023-12-23 23:15:00+00:00;0.095;;
688105;unknown;control;2023-12-23 23:30:00+00:00;0.101;;
688105;unknown;control;2023-12-23 23:45:00+00:00;0.312;;
688105;unknown;control;2023-12-24 00:00:00+00:00;0.853;;
688105;unknown;control;2023-12-24 00:15:00+00:00;0.917;;
688105;unknown;control;2023-12-24 00:30:00+00:00;0.552;;
688105;unknown;control;2023-12-24 00:45:00+00:00;0.098;;
688105;unknown;control;2023-12-24 01:00:00+00:00;0.109;;
688105;unknown;control;2023-12-24 01:15:00+00:00;0.112;;
688105;unknown;control;2023-12-24 01:30:00+00:00;0.873;;
688105;unknown;control;2023-12-24 01:45:00+00:00;0.867;;
688105;unknown;control;2023-12-24 02:00:00+00:00;0.878;;
688105;unknown;control;2023-12-24 02:15:00+00:00;0.884;;
688105;unknown;control;2023-12-24 02:30:00+00:00;0.899;;
688105;unknown;control;2023-12-24 02:45:00+00:00;0.22;;
688105;unknown;control;2023-12-24 03:00:00+00:00;0.653;;
688105;unknown;control;2023-12-24 03:15:00+00:00;0.779;;
688105;unknown;control;2023-12-24 03:30:00+00:00;0.799;;
688105;unknown;control;2023-12-24 03:45:00+00:00;0.816;;
688105;unknown;control;2023-12-24 04:00:00+00:00;0.83;;
688105;unknown;control;2023-12-24 04:15:00+00:00;0.863;;
688105;unknown;control;2023-12-24 04:30:00+00:00;0.888;;
688105;unknown;control;2023-12-24 04:45:00+00:00;0.898;;
688105;unknown;control;2023-12-24 05:00:00+00:00;0.407;;
688105;unknown;control;2023-12-24 05:15:00+00:00;0.1;;
688105;unknown;control;2023-12-24 05:30:00+00:00;0.101;;
688105;unknown;control;2023-12-24 05:45:00+00:00;0.244;;
688105;unknown;control;2023-12-24 06:00:00+00:00;0.111;;
688105;unknown;control;2023-12-24 06:15:00+00:00;0.096;;
688105;unknown;control;2023-12-24 06:30:00+00:00;0.11;;
688105;unknown;control;2023-12-24 06:45:00+00:00;0.107;;
688105;unknown;control;2023-12-24 07:00:00+00:00;0.225;;
688105;unknown;control;2023-12-24 07:15:00+00:00;0.241;;
688105;unknown;control;2023-12-24 07:30:00+00:00;0.216;;
688105;unknown;control;2023-12-24 07:45:00+00:00;0.126;;
688105;unknown;control;2023-12-24 08:00:00+00:00;0.0;;
688105;unknown;control;2023-12-24 08:15:00+00:00;0.0;;
688105;unknown;control;2023-12-24 08:30:00+00:00;0.001;;
688105;unknown;control;2023-12-24 08:45:00+00:00;0.0;;
688105;unknown;control;2023-12-24 09:00:00+00:00;0.0;;
688105;unknown;control;2023-12-24 09:15:00+00:00;0.0;;
688105;unknown;control;2023-12-24 09:30:00+00:00;0.0;;
688105;unknown;control;2023-12-24 09:45:00+00:00;0.006;;
688105;unknown;control;2023-12-24 10:00:00+00:00;0.039;;
688105;unknown;control;2023-12-24 10:15:00+00:00;0.0;;
688105;unknown;control;2023-12-24 10:30:00+00:00;0.0;;
688105;unknown;control;2023-12-24 10:45:00+00:00;0.0;;
688105;unknown;control;2023-12-24 11:00:00+00:00;0.0;;
688105;unknown;control;2023-12-24 11:15:00+00:00;0.001;;
688105;unknown;control;2023-12-24 11:30:00+00:00;0.143;;
688105;unknown;control;2023-12-24 11:45:00+00:00;0.059;;
688105;unknown;control;2023-12-24 12:00:00+00:00;0.022;;
688105;unknown;control;2023-12-24 12:15:00+00:00;0.0;;
688105;unknown;control;2023-12-24 12:30:00+00:00;0.0;;
688105;unknown;control;2023-12-24 12:45:00+00:00;0.05;;
688105;unknown;control;2023-12-24 13:00:00+00:00;0.038;;
688105;unknown;control;2023-12-24 13:15:00+00:00;0.107;;
688105;unknown;control;2023-12-24 13:30:00+00:00;0.069;;
688105;unknown;control;2023-12-24 13:45:00+00:00;0.068;;
688105;unknown;control;2023-12-24 14:00:00+00:00;0.125;;
688105;unknown;control;2023-12-24 14:15:00+00:00;0.108;;
688105;unknown;control;2023-12-24 14:30:00+00:00;0.801;;
688105;unknown;control;2023-12-24 14:45:00+00:00;0.776;;
688105;unknown;control;2023-12-24 15:00:00+00:00;0.759;;
688105;unknown;control;2023-12-24 15:15:00+00:00;0.866;;
688105;unknown;control;2023-12-24 15:30:00+00:00;0.861;;
688105;unknown;control;2023-12-24 15:45:00+00:00;0.861;;
688105;unknown;control;2023-12-24 16:00:00+00:00;0.907;;
688105;unknown;control;2023-12-24 16:15:00+00:00;0.921;;
688105;unknown;control;2023-12-24 16:30:00+00:00;0.94;;
688105;unknown;control;2023-12-24 16:45:00+00:00;0.418;;
688105;unknown;control;2023-12-24 17:00:00+00:00;0.194;;
688105;unknown;control;2023-12-24 17:15:00+00:00;0.419;;
688105;unknown;control;2023-12-24 17:30:00+00:00;0.848;;
688105;unknown;control;2023-12-24 17:45:00+00:00;0.899;;
688105;unknown;control;2023-12-24 18:00:00+00:00;0.95;;
688105;unknown;control;2023-12-24 18:15:00+00:00;0.866;;
688105;unknown;control;2023-12-24 18:30:00+00:00;0.431;;
688105;unknown;control;2023-12-24 18:45:00+00:00;0.732;;
688105;unknown;control;2023-12-24 19:00:00+00:00;1.897;;
688105;unknown;control;2023-12-24 19:15:00+00:00;0.981;;
688105;unknown;control;2023-12-24 19:30:00+00:00;0.897;;
688105;unknown;control;2023-12-24 19:45:00+00:00;0.521;;
688105;unknown;control;2023-12-24 20:00:00+00:00;0.206;;
688105;unknown;control;2023-12-24 20:15:00+00:00;0.189;;
688105;unknown;control;2023-12-24 20:30:00+00:00;0.61;;
688105;unknown;control;2023-12-24 20:45:00+00:00;0.446;;
688105;unknown;control;2023-12-24 21:00:00+00:00;0.574;;
688105;unknown;control;2023-12-24 21:15:00+00:00;0.761;;
688105;unknown;control;2023-12-24 21:30:00+00:00;0.607;;
688105;unknown;control;2023-12-24 21:45:00+00:00;0.235;;
688105;unknown;control;2023-12-24 22:00:00+00:00;0.226;;
688105;unknown;control;2023-12-24 22:15:00+00:00;0.193;;
688105;unknown;control;2023-12-24 22:30:00+00:00;0.148;;
688105;unknown;control;2023-12-24 22:45:00+00:00;0.113;;
688105;unknown;control;2023-12-24 23:00:00+00:00;0.541;;
688105;unknown;control;2023-12-24 23:15:00+00:00;0.261;;
688105;unknown;control;2023-12-24 23:30:00+00:00;0.11;;
688105;unknown;control;2023-12-24 23:45:00+00:00;0.307;;
688105;unknown;control;2023-12-25 00:00:00+00:00;0.835;;
688105;unknown;control;2023-12-25 00:15:00+00:00;0.901;;
688105;unknown;control;2023-12-25 00:30:00+00:00;0.972;;
688105;unknown;control;2023-12-25 00:45:00+00:00;0.128;;
688105;unknown;control;2023-12-25 01:00:00+00:00;0.118;;
688105;unknown;control;2023-12-25 01:15:00+00:00;0.105;;
688105;unknown;control;2023-12-25 01:30:00+00:00;0.9;;
688105;unknown;control;2023-12-25 01:45:00+00:00;0.887;;
688105;unknown;control;2023-12-25 02:00:00+00:00;0.885;;
688105;unknown;control;2023-12-25 02:15:00+00:00;0.908;;
688105;unknown;control;2023-12-25 02:30:00+00:00;0.917;;
688105;unknown;control;2023-12-25 02:45:00+00:00;0.434;;
688105;unknown;control;2023-12-25 03:00:00+00:00;0.134;;
688105;unknown;control;2023-12-25 03:15:00+00:00;0.743;;
688105;unknown;control;2023-12-25 03:30:00+00:00;0.786;;
688105;unknown;control;2023-12-25 03:45:00+00:00;0.825;;
688105;unknown;control;2023-12-25 04:00:00+00:00;0.845;;
688105;unknown;control;2023-12-25 04:15:00+00:00;0.863;;
688105;unknown;control;2023-12-25 04:30:00+00:00;0.901;;
688105;unknown;control;2023-12-25 04:45:00+00:00;0.346;;
688105;unknown;control;2023-12-25 05:00:00+00:00;0.108;;
688105;unknown;control;2023-12-25 05:15:00+00:00;0.112;;
688105;unknown;control;2023-12-25 05:30:00+00:00;0.434;;
688105;unknown;control;2023-12-25 05:45:00+00:00;0.297;;
688105;unknown;control;2023-12-25 06:00:00+00:00;0.105;;
688105;unknown;control;2023-12-25 06:15:00+00:00;0.112;;
688105;unknown;control;2023-12-25 06:30:00+00:00;0.113;;
688105;unknown;control;2023-12-25 06:45:00+00:00;0.125;;
688105;unknown;control;2023-12-25 07:00:00+00:00;0.118;;
688105;unknown;control;2023-12-25 07:15:00+00:00;0.089;;
688105;unknown;control;2023-12-25 07:30:00+00:00;0.016;;
688105;unknown;control;2023-12-25 07:45:00+00:00;0.053;;
688105;unknown;control;2023-12-25 08:00:00+00:00;0.022;;
688105;unknown;control;2023-12-25 08:15:00+00:00;0.087;;
688105;unknown;control;2023-12-25 08:30:00+00:00;0.108;;
688105;unknown;control;2023-12-25 08:45:00+00:00;0.002;;
688105;unknown;control;2023-12-25 09:00:00+00:00;0.0;;
688105;unknown;control;2023-12-25 09:15:00+00:00;0.0;;
688105;unknown;control;2023-12-25 09:30:00+00:00;0.0;;
688105;unknown;control;2023-12-25 09:45:00+00:00;0.0;;
688105;unknown;control;2023-12-25 10:00:00+00:00;0.0;;
688105;unknown;control;2023-12-25 10:15:00+00:00;0.0;;
688105;unknown;control;2023-12-25 10:30:00+00:00;0.0;;
688105;unknown;control;2023-12-25 10:45:00+00:00;0.0;;
688105;unknown;control;2023-12-25 11:00:00+00:00;0.0;;
688105;unknown;control;2023-12-25 11:15:00+00:00;0.0;;
688105;unknown;control;2023-12-25 11:30:00+00:00;0.0;;
688105;unknown;control;2023-12-25 11:45:00+00:00;0.0;;
688105;unknown;control;2023-12-25 12:00:00+00:00;0.0;;
688105;unknown;control;2023-12-25 12:15:00+00:00;0.0;;
688105;unknown;control;2023-12-25 12:30:00+00:00;0.0;;
688105;unknown;control;2023-12-25 12:45:00+00:00;0.0;;
688105;unknown;control;2023-12-25 13:00:00+00:00;0.0;;
688105;unknown;control;2023-12-25 13:15:00+00:00;0.0;;
688105;unknown;control;2023-12-25 13:30:00+00:00;0.0;;
688105;unknown;control;2023-12-25 13:45:00+00:00;0.0;;
688105;unknown;control;2023-12-25 14:00:00+00:00;0.0;;
688105;unknown;control;2023-12-25 14:15:00+00:00;0.0;;
688105;unknown;control;2023-12-25 14:30:00+00:00;0.007;;
688105;unknown;control;2023-12-25 14:45:00+00:00;0.363;;
688105;unknown;control;2023-12-25 15:00:00+00:00;0.529;;
688105;unknown;control;2023-12-25 15:15:00+00:00;0.732;;
688105;unknown;control;2023-12-25 15:30:00+00:00;0.844;;
688105;unknown;control;2023-12-25 15:45:00+00:00;0.893;;
688105;unknown;control;2023-12-25 16:00:00+00:00;1.048;;
688105;unknown;control;2023-12-25 16:15:00+00:00;1.022;;
688105;unknown;control;2023-12-25 16:30:00+00:00;0.783;;
688105;unknown;control;2023-12-25 16:45:00+00:00;0.376;;
688105;unknown;control;2023-12-25 17:00:00+00:00;0.305;;
688105;unknown;control;2023-12-25 17:15:00+00:00;0.932;;
688105;unknown;control;2023-12-25 17:30:00+00:00;0.976;;
688105;unknown;control;2023-12-25 17:45:00+00:00;0.981;;
688105;unknown;control;2023-12-25 18:00:00+00:00;0.986;;
688105;unknown;control;2023-12-25 18:15:00+00:00;0.927;;
688105;unknown;control;2023-12-25 18:30:00+00:00;0.945;;
688105;unknown;control;2023-12-25 18:45:00+00:00;0.542;;
688105;unknown;control;2023-12-25 19:00:00+00:00;1.219;;
688105;unknown;control;2023-12-25 19:15:00+00:00;0.924;;
688105;unknown;control;2023-12-25 19:30:00+00:00;0.97;;
688105;unknown;control;2023-12-25 19:45:00+00:00;0.933;;
688105;unknown;control;2023-12-25 20:00:00+00:00;0.925;;
688105;unknown;control;2023-12-25 20:15:00+00:00;0.19;;
688105;unknown;control;2023-12-25 20:30:00+00:00;0.189;;
688105;unknown;control;2023-12-25 20:45:00+00:00;0.232;;
688105;unknown;control;2023-12-25 21:00:00+00:00;0.205;;
688105;unknown;control;2023-12-25 21:15:00+00:00;0.22;;
688105;unknown;control;2023-12-25 21:30:00+00:00;0.208;;
688105;unknown;control;2023-12-25 21:45:00+00:00;0.233;;
688105;unknown;control;2023-12-25 22:00:00+00:00;0.292;;
688105;unknown;control;2023-12-25 22:15:00+00:00;0.189;;
688105;unknown;control;2023-12-25 22:30:00+00:00;0.202;;
688105;unknown;control;2023-12-25 22:45:00+00:00;0.222;;
688105;unknown;control;2023-12-25 23:00:00+00:00;0.213;;
688105;unknown;control;2023-12-25 23:15:00+00:00;0.205;;
688105;unknown;control;2023-12-25 23:30:00+00:00;0.168;;
688105;unknown;control;2023-12-25 23:45:00+00:00;0.329;;
688105;unknown;control;2023-12-26 00:00:00+00:00;0.847;;
688105;unknown;control;2023-12-26 00:15:00+00:00;0.913;;
688105;unknown;control;2023-12-26 00:30:00+00:00;0.773;;
688105;unknown;control;2023-12-26 00:45:00+00:00;0.102;;
688105;unknown;control;2023-12-26 01:00:00+00:00;0.096;;
688105;unknown;control;2023-12-26 01:15:00+00:00;0.084;;
688105;unknown;control;2023-12-26 01:30:00+00:00;0.874;;
688105;unknown;control;2023-12-26 01:45:00+00:00;0.895;;
688105;unknown;control;2023-12-26 02:00:00+00:00;0.903;;
688105;unknown;control;2023-12-26 02:15:00+00:00;0.91;;
688105;unknown;control;2023-12-26 02:30:00+00:00;0.794;;
688105;unknown;control;2023-12-26 02:45:00+00:00;0.672;;
688105;unknown;control;2023-12-26 03:00:00+00:00;0.768;;
688105;unknown;control;2023-12-26 03:15:00+00:00;0.807;;
688105;unknown;control;2023-12-26 03:30:00+00:00;0.83;;
688105;unknown;control;2023-12-26 03:45:00+00:00;0.828;;
688105;unknown;control;2023-12-26 04:00:00+00:00;0.831;;
688105;unknown;control;2023-12-26 04:15:00+00:00;0.855;;
688105;unknown;control;2023-12-26 04:30:00+00:00;0.871;;
688105;unknown;control;2023-12-26 04:45:00+00:00;0.894;;
688105;unknown;control;2023-12-26 05:00:00+00:00;0.917;;
688105;unknown;control;2023-12-26 05:15:00+00:00;0.873;;
688105;unknown;control;2023-12-26 05:30:00+00:00;0.105;;
688105;unknown;control;2023-12-26 05:45:00+00:00;0.098;;
688105;unknown;control;2023-12-26 06:00:00+00:00;0.103;;
688105;unknown;control;2023-12-26 06:15:00+00:00;0.118;;
688105;unknown;control;2023-12-26 06:30:00+00:00;0.125;;
688105;unknown;control;2023-12-26 06:45:00+00:00;0.107;;
688105;unknown;control;2023-12-26 07:00:00+00:00;0.095;;
688105;unknown;control;2023-12-26 07:15:00+00:00;0.093;;
688105;unknown;control;2023-12-26 07:30:00+00:00;0.158;;
688105;unknown;control;2023-12-26 07:45:00+00:00;0.104;;
688105;unknown;control;2023-12-26 08:00:00+00:00;0.166;;
688105;unknown;control;2023-12-26 08:15:00+00:00;0.013;;
688105;unknown;control;2023-12-26 08:30:00+00:00;0.013;;
688105;unknown;control;2023-12-26 08:45:00+00:00;0.006;;
688105;unknown;control;2023-12-26 09:00:00+00:00;0.0;;
688105;unknown;control;2023-12-26 09:15:00+00:00;0.0;;
688105;unknown;control;2023-12-26 09:30:00+00:00;0.0;;
688105;unknown;control;2023-12-26 09:45:00+00:00;0.0;;
688105;unknown;control;2023-12-26 10:00:00+00:00;0.0;;
688105;unknown;control;2023-12-26 10:15:00+00:00;0.0;;
688105;unknown;control;2023-12-26 10:30:00+00:00;0.0;;
688105;unknown;control;2023-12-26 10:45:00+00:00;0.214;;
688105;unknown;control;2023-12-26 11:00:00+00:00;0.255;;
688105;unknown;control;2023-12-26 11:15:00+00:00;0.017;;
688105;unknown;control;2023-12-26 11:30:00+00:00;0.005;;
688105;unknown;control;2023-12-26 11:45:00+00:00;0.0;;
688105;unknown;control;2023-12-26 12:00:00+00:00;0.001;;
688105;unknown;control;2023-12-26 12:15:00+00:00;0.0;;
688105;unknown;control;2023-12-26 12:30:00+00:00;0.0;;
688105;unknown;control;2023-12-26 12:45:00+00:00;0.0;;
688105;unknown;control;2023-12-26 13:00:00+00:00;0.001;;
688105;unknown;control;2023-12-26 13:15:00+00:00;0.003;;
688105;unknown;control;2023-12-26 13:30:00+00:00;0.014;;
688105;unknown;control;2023-12-26 13:45:00+00:00;0.03;;
688105;unknown;control;2023-12-26 14:00:00+00:00;0.113;;
688105;unknown;control;2023-12-26 14:15:00+00:00;0.067;;
688105;unknown;control;2023-12-26 14:30:00+00:00;0.12;;
688105;unknown;control;2023-12-26 14:45:00+00:00;0.647;;
688105;unknown;control;2023-12-26 15:00:00+00:00;0.616;;
688105;unknown;control;2023-12-26 15:15:00+00:00;0.973;;
688105;unknown;control;2023-12-26 15:30:00+00:00;0.877;;
688105;unknown;control;2023-12-26 15:45:00+00:00;1.005;;
688105;unknown;control;2023-12-26 16:00:00+00:00;0.936;;
688105;unknown;control;2023-12-26 16:15:00+00:00;1.466;;
688105;unknown;control;2023-12-26 16:30:00+00:00;1.559;;
688105;unknown;control;2023-12-26 16:45:00+00:00;1.69;;
688105;unknown;control;2023-12-26 17:00:00+00:00;1.63;;
688105;unknown;control;2023-12-26 17:15:00+00:00;1.214;;
688105;unknown;control;2023-12-26 17:30:00+00:00;1.314;;
688105;unknown;control;2023-12-26 17:45:00+00:00;1.077;;
688105;unknown;control;2023-12-26 18:00:00+00:00;0.944;;
688105;unknown;control;2023-12-26 18:15:00+00:00;0.735;;
688105;unknown;control;2023-12-26 18:30:00+00:00;0.176;;
688105;unknown;control;2023-12-26 18:45:00+00:00;0.218;;
688105;unknown;control;2023-12-26 19:00:00+00:00;0.833;;
688105;unknown;control;2023-12-26 19:15:00+00:00;0.843;;
688105;unknown;control;2023-12-26 19:30:00+00:00;0.855;;
688105;unknown;control;2023-12-26 19:45:00+00:00;0.899;;
688105;unknown;control;2023-12-26 20:00:00+00:00;0.93;;
688105;unknown;control;2023-12-26 20:15:00+00:00;0.971;;
688105;unknown;control;2023-12-26 20:30:00+00:00;1.013;;
688105;unknown;control;2023-12-26 20:45:00+00:00;0.487;;
688105;unknown;control;2023-12-26 21:00:00+00:00;0.494;;
688105;unknown;control;2023-12-26 21:15:00+00:00;0.28;;
688105;unknown;control;2023-12-26 21:30:00+00:00;0.114;;
688105;unknown;control;2023-12-26 21:45:00+00:00;0.126;;
688105;unknown;control;2023-12-26 22:00:00+00:00;0.125;;
688105;unknown;control;2023-12-26 22:15:00+00:00;0.142;;
688105;unknown;control;2023-12-26 22:30:00+00:00;0.126;;
688105;unknown;control;2023-12-26 22:45:00+00:00;0.117;;
688105;unknown;control;2023-12-26 23:00:00+00:00;0.521;;
688105;unknown;control;2023-12-26 23:15:00+00:00;0.172;;
688105;unknown;control;2023-12-26 23:30:00+00:00;0.087;;
688105;unknown;control;2023-12-26 23:45:00+00:00;0.323;;
688105;unknown;control;2023-12-27 00:00:00+00:00;0.904;;
688105;unknown;control;2023-12-27 00:15:00+00:00;0.965;;
688105;unknown;control;2023-12-27 00:30:00+00:00;0.673;;
688105;unknown;control;2023-12-27 00:45:00+00:00;0.083;;
688105;unknown;control;2023-12-27 01:00:00+00:00;0.084;;
688105;unknown;control;2023-12-27 01:15:00+00:00;0.085;;
688105;unknown;control;2023-12-27 01:30:00+00:00;0.893;;
688105;unknown;control;2023-12-27 01:45:00+00:00;0.91;;
688105;unknown;control;2023-12-27 02:00:00+00:00;0.902;;
688105;unknown;control;2023-12-27 02:15:00+00:00;0.888;;
688105;unknown;control;2023-12-27 02:30:00+00:00;1.111;;
688105;unknown;control;2023-12-27 02:45:00+00:00;1.539;;
688105;unknown;control;2023-12-27 03:00:00+00:00;1.586;;
688105;unknown;control;2023-12-27 03:15:00+00:00;1.005;;
688105;unknown;control;2023-12-27 03:30:00+00:00;0.847;;
688105;unknown;control;2023-12-27 03:45:00+00:00;0.848;;
688105;unknown;control;2023-12-27 04:00:00+00:00;0.852;;
688105;unknown;control;2023-12-27 04:15:00+00:00;0.849;;
688105;unknown;control;2023-12-27 04:30:00+00:00;0.86;;
688105;unknown;control;2023-12-27 04:45:00+00:00;0.874;;
688105;unknown;control;2023-12-27 05:00:00+00:00;0.968;;
688105;unknown;control;2023-12-27 05:15:00+00:00;0.935;;
688105;unknown;control;2023-12-27 05:30:00+00:00;0.971;;
688105;unknown;control;2023-12-27 05:45:00+00:00;0.469;;
688105;unknown;control;2023-12-27 06:00:00+00:00;0.154;;
688105;unknown;control;2023-12-27 06:15:00+00:00;0.111;;
688105;unknown;control;2023-12-27 06:30:00+00:00;0.096;;
688105;unknown;control;2023-12-27 06:45:00+00:00;0.093;;
688105;unknown;control;2023-12-27 07:00:00+00:00;0.095;;
688105;unknown;control;2023-12-27 07:15:00+00:00;0.083;;
688105;unknown;control;2023-12-27 07:30:00+00:00;0.047;;
688105;unknown;control;2023-12-27 07:45:00+00:00;0.148;;
688105;unknown;control;2023-12-27 08:00:00+00:00;0.0;;
688105;unknown;control;2023-12-27 08:15:00+00:00;0.048;;
688105;unknown;control;2023-12-27 08:30:00+00:00;0.0;;
688105;unknown;control;2023-12-27 08:45:00+00:00;0.0;;
688105;unknown;control;2023-12-27 09:00:00+00:00;0.0;;
688105;unknown;control;2023-12-27 09:15:00+00:00;0.0;;
688105;unknown;control;2023-12-27 09:30:00+00:00;0.0;;
688105;unknown;control;2023-12-27 09:45:00+00:00;0.0;;
688105;unknown;control;2023-12-27 10:00:00+00:00;0.0;;
688105;unknown;control;2023-12-27 10:15:00+00:00;0.0;;
688105;unknown;control;2023-12-27 10:30:00+00:00;0.0;;
688105;unknown;control;2023-12-27 10:45:00+00:00;0.0;;
688105;unknown;control;2023-12-27 11:00:00+00:00;0.0;;
688105;unknown;control;2023-12-27 11:15:00+00:00;0.0;;
688105;unknown;control;2023-12-27 11:30:00+00:00;0.0;;
688105;unknown;control;2023-12-27 11:45:00+00:00;0.0;;
688105;unknown;control;2023-12-27 12:00:00+00:00;0.0;;
688105;unknown;control;2023-12-27 12:15:00+00:00;0.0;;
688105;unknown;control;2023-12-27 12:30:00+00:00;0.0;;
688105;unknown;control;2023-12-27 12:45:00+00:00;0.0;;
688105;unknown;control;2023-12-27 13:00:00+00:00;0.0;;
688105;unknown;control;2023-12-27 13:15:00+00:00;0.0;;
688105;unknown;control;2023-12-27 13:30:00+00:00;0.0;;
688105;unknown;control;2023-12-27 13:45:00+00:00;0.0;;
688105;unknown;control;2023-12-27 14:00:00+00:00;0.0;;
688105;unknown;control;2023-12-27 14:15:00+00:00;0.1;;
688105;unknown;control;2023-12-27 14:30:00+00:00;0.438;;
688105;unknown;control;2023-12-27 14:45:00+00:00;0.54;;
688105;unknown;control;2023-12-27 15:00:00+00:00;0.581;;
688105;unknown;control;2023-12-27 15:15:00+00:00;0.653;;
688105;unknown;control;2023-12-27 15:30:00+00:00;0.767;;
688105;unknown;control;2023-12-27 15:45:00+00:00;0.785;;
688105;unknown;control;2023-12-27 16:00:00+00:00;0.792;;
688105;unknown;control;2023-12-27 16:15:00+00:00;0.809;;
688105;unknown;control;2023-12-27 16:30:00+00:00;0.823;;
688105;unknown;control;2023-12-27 16:45:00+00:00;0.866;;
688105;unknown;control;2023-12-27 17:00:00+00:00;0.892;;
688105;unknown;control;2023-12-27 17:15:00+00:00;1.077;;
688105;unknown;control;2023-12-27 17:30:00+00:00;1.102;;
688105;unknown;control;2023-12-27 17:45:00+00:00;0.905;;
688105;unknown;control;2023-12-27 18:00:00+00:00;0.912;;
688105;unknown;control;2023-12-27 18:15:00+00:00;1.068;;
688105;unknown;control;2023-12-27 18:30:00+00:00;0.58;;
688105;unknown;control;2023-12-27 18:45:00+00:00;0.221;;
688105;unknown;control;2023-12-27 19:00:00+00:00;0.566;;
688105;unknown;control;2023-12-27 19:15:00+00:00;0.904;;
688105;unknown;control;2023-12-27 19:30:00+00:00;0.908;;
688105;unknown;control;2023-12-27 19:45:00+00:00;0.919;;
688105;unknown;control;2023-12-27 20:00:00+00:00;0.939;;
688105;unknown;control;2023-12-27 20:15:00+00:00;0.967;;
688105;unknown;control;2023-12-27 20:30:00+00:00;0.985;;
688105;unknown;control;2023-12-27 20:45:00+00:00;0.436;;
688105;unknown;control;2023-12-27 21:00:00+00:00;0.18;;
688105;unknown;control;2023-12-27 21:15:00+00:00;0.137;;
688105;unknown;control;2023-12-27 21:30:00+00:00;0.118;;
688105;unknown;control;2023-12-27 21:45:00+00:00;0.143;;
688105;unknown;control;2023-12-27 22:00:00+00:00;0.142;;
688105;unknown;control;2023-12-27 22:15:00+00:00;0.14;;
688105;unknown;control;2023-12-27 22:30:00+00:00;0.139;;
688105;unknown;control;2023-12-27 22:45:00+00:00;0.119;;
688105;unknown;control;2023-12-27 23:00:00+00:00;0.101;;
688105;unknown;control;2023-12-27 23:15:00+00:00;0.099;;
688105;unknown;control;2023-12-27 23:30:00+00:00;0.089;;
688105;unknown;control;2023-12-27 23:45:00+00:00;0.324;;
688105;unknown;control;2023-12-28 00:00:00+00:00;0.936;;
688105;unknown;control;2023-12-28 00:15:00+00:00;0.56;;
688105;unknown;control;2023-12-28 00:30:00+00:00;0.098;;
688105;unknown;control;2023-12-28 00:45:00+00:00;0.094;;
688105;unknown;control;2023-12-28 01:00:00+00:00;0.085;;
688105;unknown;control;2023-12-28 01:15:00+00:00;0.086;;
688105;unknown;control;2023-12-28 01:30:00+00:00;0.895;;
688105;unknown;control;2023-12-28 01:45:00+00:00;0.905;;
688105;unknown;control;2023-12-28 02:00:00+00:00;0.896;;
688105;unknown;control;2023-12-28 02:15:00+00:00;0.907;;
688105;unknown;control;2023-12-28 02:30:00+00:00;1.298;;
688105;unknown;control;2023-12-28 02:45:00+00:00;0.844;;
688105;unknown;control;2023-12-28 03:00:00+00:00;0.814;;
688105;unknown;control;2023-12-28 03:15:00+00:00;0.833;;
688105;unknown;control;2023-12-28 03:30:00+00:00;0.833;;
688105;unknown;control;2023-12-28 03:45:00+00:00;0.839;;
688105;unknown;control;2023-12-28 04:00:00+00:00;0.848;;
688105;unknown;control;2023-12-28 04:15:00+00:00;0.866;;
688105;unknown;control;2023-12-28 04:30:00+00:00;0.876;;
688105;unknown;control;2023-12-28 04:45:00+00:00;0.891;;
688105;unknown;control;2023-12-28 05:00:00+00:00;0.895;;
688105;unknown;control;2023-12-28 05:15:00+00:00;0.888;;
688105;unknown;control;2023-12-28 05:30:00+00:00;0.902;;
688105;unknown;control;2023-12-28 05:45:00+00:00;0.338;;
688105;unknown;control;2023-12-28 06:00:00+00:00;0.221;;
688105;unknown;control;2023-12-28 06:15:00+00:00;0.174;;
688105;unknown;control;2023-12-28 06:30:00+00:00;0.144;;
688105;unknown;control;2023-12-28 06:45:00+00:00;0.118;;
688105;unknown;control;2023-12-28 07:00:00+00:00;0.103;;
688105;unknown;control;2023-12-28 07:15:00+00:00;0.083;;
688105;unknown;control;2023-12-28 07:30:00+00:00;0.03;;
688105;unknown;control;2023-12-28 07:45:00+00:00;0.103;;
688105;unknown;control;2023-12-28 08:00:00+00:00;0.001;;
688105;unknown;control;2023-12-28 08:15:00+00:00;0.0;;
688105;unknown;control;2023-12-28 08:30:00+00:00;0.0;;
688105;unknown;control;2023-12-28 08:45:00+00:00;0.079;;
688105;unknown;control;2023-12-28 09:00:00+00:00;0.013;;
688105;unknown;control;2023-12-28 09:15:00+00:00;0.0;;
688105;unknown;control;2023-12-28 09:30:00+00:00;0.051;;
688105;unknown;control;2023-12-28 09:45:00+00:00;0.0;;
688105;unknown;control;2023-12-28 10:00:00+00:00;0.001;;
688105;unknown;control;2023-12-28 10:15:00+00:00;0.0;;
688105;unknown;control;2023-12-28 10:30:00+00:00;0.0;;
688105;unknown;control;2023-12-28 10:45:00+00:00;0.0;;
688105;unknown;control;2023-12-28 11:00:00+00:00;0.0;;
688105;unknown;control;2023-12-28 11:15:00+00:00;0.0;;
688105;unknown;control;2023-12-28 11:30:00+00:00;0.0;;
688105;unknown;control;2023-12-28 11:45:00+00:00;0.0;;
688105;unknown;control;2023-12-28 12:00:00+00:00;0.0;;
688105;unknown;control;2023-12-28 12:15:00+00:00;0.0;;
688105;unknown;control;2023-12-28 12:30:00+00:00;0.0;;
688105;unknown;control;2023-12-28 12:45:00+00:00;0.754;;
688105;unknown;control;2023-12-28 13:00:00+00:00;0.067;;
688105;unknown;control;2023-12-28 13:15:00+00:00;0.075;;
688105;unknown;control;2023-12-28 13:30:00+00:00;0.002;;
688105;unknown;control;2023-12-28 13:45:00+00:00;0.005;;
688105;unknown;control;2023-12-28 14:00:00+00:00;0.052;;
688105;unknown;control;2023-12-28 14:15:00+00:00;0.164;;
688105;unknown;control;2023-12-28 14:30:00+00:00;0.677;;
688105;unknown;control;2023-12-28 14:45:00+00:00;0.703;;
688105;unknown;control;2023-12-28 15:00:00+00:00;0.734;;
688105;unknown;control;2023-12-28 15:15:00+00:00;0.768;;
688105;unknown;control;2023-12-28 15:30:00+00:00;0.805;;
688105;unknown;control;2023-12-28 15:45:00+00:00;0.844;;
688105;unknown;control;2023-12-28 16:00:00+00:00;0.923;;
688105;unknown;control;2023-12-28 16:15:00+00:00;1.012;;
688105;unknown;control;2023-12-28 16:30:00+00:00;1.049;;
688105;unknown;control;2023-12-28 16:45:00+00:00;1.068;;
688105;unknown;control;2023-12-28 17:00:00+00:00;1.023;;
688105;unknown;control;2023-12-28 17:15:00+00:00;0.995;;
688105;unknown;control;2023-12-28 17:30:00+00:00;0.777;;
688105;unknown;control;2023-12-28 17:45:00+00:00;0.545;;
688105;unknown;control;2023-12-28 18:00:00+00:00;0.89;;
688105;unknown;control;2023-12-28 18:15:00+00:00;0.95;;
688105;unknown;control;2023-12-28 18:30:00+00:00;0.885;;
688105;unknown;control;2023-12-28 18:45:00+00:00;0.943;;
688105;unknown;control;2023-12-28 19:00:00+00:00;0.426;;
688105;unknown;control;2023-12-28 19:15:00+00:00;0.194;;
688105;unknown;control;2023-12-28 19:30:00+00:00;0.383;;
688105;unknown;control;2023-12-28 19:45:00+00:00;0.854;;
688105;unknown;control;2023-12-28 20:00:00+00:00;0.87;;
688105;unknown;control;2023-12-28 20:15:00+00:00;0.934;;
688105;unknown;control;2023-12-28 20:30:00+00:00;0.646;;
688105;unknown;control;2023-12-28 20:45:00+00:00;0.203;;
688105;unknown;control;2023-12-28 21:00:00+00:00;0.332;;
688105;unknown;control;2023-12-28 21:15:00+00:00;0.221;;
688105;unknown;control;2023-12-28 21:30:00+00:00;0.215;;
688105;unknown;control;2023-12-28 21:45:00+00:00;0.202;;
688105;unknown;control;2023-12-28 22:00:00+00:00;0.211;;
688105;unknown;control;2023-12-28 22:15:00+00:00;0.173;;
688105;unknown;control;2023-12-28 22:30:00+00:00;0.524;;
688105;unknown;control;2023-12-28 22:45:00+00:00;0.199;;
688105;unknown;control;2023-12-28 23:00:00+00:00;0.164;;
688105;unknown;control;2023-12-28 23:15:00+00:00;0.134;;
688105;unknown;control;2023-12-28 23:30:00+00:00;0.115;;
688105;unknown;control;2023-12-28 23:45:00+00:00;0.341;;
688105;unknown;control;2023-12-29 00:00:00+00:00;0.922;;
688105;unknown;control;2023-12-29 00:15:00+00:00;1.084;;
688105;unknown;control;2023-12-29 00:30:00+00:00;0.747;;
688105;unknown;control;2023-12-29 00:45:00+00:00;0.108;;
688105;unknown;control;2023-12-29 01:00:00+00:00;0.108;;
688105;unknown;control;2023-12-29 01:15:00+00:00;0.114;;
688105;unknown;control;2023-12-29 01:30:00+00:00;0.887;;
688105;unknown;control;2023-12-29 01:45:00+00:00;0.879;;
688105;unknown;control;2023-12-29 02:00:00+00:00;0.883;;
688105;unknown;control;2023-12-29 02:15:00+00:00;0.888;;
688105;unknown;control;2023-12-29 02:30:00+00:00;0.904;;
688105;unknown;control;2023-12-29 02:45:00+00:00;0.912;;
688105;unknown;control;2023-12-29 03:00:00+00:00;0.772;;
688105;unknown;control;2023-12-29 03:15:00+00:00;0.768;;
688105;unknown;control;2023-12-29 03:30:00+00:00;0.805;;
688105;unknown;control;2023-12-29 03:45:00+00:00;0.823;;
688105;unknown;control;2023-12-29 04:00:00+00:00;0.842;;
688105;unknown;control;2023-12-29 04:15:00+00:00;0.888;;
688105;unknown;control;2023-12-29 04:30:00+00:00;0.787;;
688105;unknown;control;2023-12-29 04:45:00+00:00;0.107;;
688105;unknown;control;2023-12-29 05:00:00+00:00;0.104;;
688105;unknown;control;2023-12-29 05:15:00+00:00;0.336;;
688105;unknown;control;2023-12-29 05:30:00+00:00;0.777;;
688105;unknown;control;2023-12-29 05:45:00+00:00;0.387;;
688105;unknown;control;2023-12-29 06:00:00+00:00;0.153;;
688105;unknown;control;2023-12-29 06:15:00+00:00;0.188;;
688105;unknown;control;2023-12-29 06:30:00+00:00;0.174;;
688105;unknown;control;2023-12-29 06:45:00+00:00;0.161;;
688105;unknown;control;2023-12-29 07:00:00+00:00;0.117;;
688105;unknown;control;2023-12-29 07:15:00+00:00;0.36;;
688105;unknown;control;2023-12-29 07:30:00+00:00;0.416;;
688105;unknown;control;2023-12-29 07:45:00+00:00;0.127;;
688105;unknown;control;2023-12-29 08:00:00+00:00;0.104;;
688105;unknown;control;2023-12-29 08:15:00+00:00;0.096;;
688105;unknown;control;2023-12-29 08:30:00+00:00;0.092;;
688105;unknown;control;2023-12-29 08:45:00+00:00;0.074;;
688105;unknown;control;2023-12-29 09:00:00+00:00;0.079;;
688105;unknown;control;2023-12-29 09:15:00+00:00;0.054;;
688105;unknown;control;2023-12-29 09:30:00+00:00;0.024;;
688105;unknown;control;2023-12-29 09:45:00+00:00;0.005;;
688105;unknown;control;2023-12-29 10:00:00+00:00;0.0;;
688105;unknown;control;2023-12-29 10:15:00+00:00;0.0;;
688105;unknown;control;2023-12-29 10:30:00+00:00;0.001;;
688105;unknown;control;2023-12-29 10:45:00+00:00;0.0;;
688105;unknown;control;2023-12-29 11:00:00+00:00;0.0;;
688105;unknown;control;2023-12-29 11:15:00+00:00;0.0;;
688105;unknown;control;2023-12-29 11:30:00+00:00;0.0;;
688105;unknown;control;2023-12-29 11:45:00+00:00;0.014;;
688105;unknown;control;2023-12-29 12:00:00+00:00;0.062;;
688105;unknown;control;2023-12-29 12:15:00+00:00;0.0;;
688105;unknown;control;2023-12-29 12:30:00+00:00;0.0;;
688105;unknown;control;2023-12-29 12:45:00+00:00;0.0;;
688105;unknown;control;2023-12-29 13:00:00+00:00;0.0;;
688105;unknown;control;2023-12-29 13:15:00+00:00;0.0;;
688105;unknown;control;2023-12-29 13:30:00+00:00;0.0;;
688105;unknown;control;2023-12-29 13:45:00+00:00;0.0;;
688105;unknown;control;2023-12-29 14:00:00+00:00;0.0;;
688105;unknown;control;2023-12-29 14:15:00+00:00;0.0;;
688105;unknown;control;2023-12-29 14:30:00+00:00;0.0;;
688105;unknown;control;2023-12-29 14:45:00+00:00;0.516;;
688105;unknown;control;2023-12-29 15:00:00+00:00;0.704;;
688105;unknown;control;2023-12-29 15:15:00+00:00;0.757;;
688105;unknown;control;2023-12-29 15:30:00+00:00;0.76;;
688105;unknown;control;2023-12-29 15:45:00+00:00;0.794;;
688105;unknown;control;2023-12-29 16:00:00+00:00;0.132;;
688105;unknown;control;2023-12-29 16:15:00+00:00;0.155;;
688105;unknown;control;2023-12-29 16:30:00+00:00;0.546;;
688105;unknown;control;2023-12-29 16:45:00+00:00;0.892;;
688105;unknown;control;2023-12-29 17:00:00+00:00;0.891;;
688105;unknown;control;2023-12-29 17:15:00+00:00;0.669;;
688105;unknown;control;2023-12-29 17:30:00+00:00;0.186;;
688105;unknown;control;2023-12-29 17:45:00+00:00;0.309;;
688105;unknown;control;2023-12-29 18:00:00+00:00;0.938;;
688105;unknown;control;2023-12-29 18:15:00+00:00;0.84;;
688105;unknown;control;2023-12-29 18:30:00+00:00;0.924;;
688105;unknown;control;2023-12-29 18:45:00+00:00;0.375;;
688105;unknown;control;2023-12-29 19:00:00+00:00;0.194;;
688105;unknown;control;2023-12-29 19:15:00+00:00;0.196;;
688105;unknown;control;2023-12-29 19:30:00+00:00;0.538;;
688105;unknown;control;2023-12-29 19:45:00+00:00;0.873;;
688105;unknown;control;2023-12-29 20:00:00+00:00;0.919;;
688105;unknown;control;2023-12-29 20:15:00+00:00;0.236;;
688105;unknown;control;2023-12-29 20:30:00+00:00;0.343;;
688105;unknown;control;2023-12-29 20:45:00+00:00;0.229;;
688105;unknown;control;2023-12-29 21:00:00+00:00;0.226;;
688105;unknown;control;2023-12-29 21:15:00+00:00;0.207;;
688105;unknown;control;2023-12-29 21:30:00+00:00;0.206;;
688105;unknown;control;2023-12-29 21:45:00+00:00;0.226;;
688105;unknown;control;2023-12-29 22:00:00+00:00;0.157;;
688105;unknown;control;2023-12-29 22:15:00+00:00;0.126;;
688105;unknown;control;2023-12-29 22:30:00+00:00;0.099;;
688105;unknown;control;2023-12-29 22:45:00+00:00;0.108;;
688105;unknown;control;2023-12-29 23:00:00+00:00;0.118;;
688105;unknown;control;2023-12-29 23:15:00+00:00;0.099;;
688105;unknown;control;2023-12-29 23:30:00+00:00;0.099;;
688105;unknown;control;2023-12-29 23:45:00+00:00;0.304;;
688105;unknown;control;2023-12-30 00:00:00+00:00;0.825;;
688105;unknown;control;2023-12-30 00:15:00+00:00;0.893;;
688105;unknown;control;2023-12-30 00:30:00+00:00;0.781;;
688105;unknown;control;2023-12-30 00:45:00+00:00;0.1;;
688105;unknown;control;2023-12-30 01:00:00+00:00;0.098;;
688105;unknown;control;2023-12-30 01:15:00+00:00;0.096;;
688105;unknown;control;2023-12-30 01:30:00+00:00;0.885;;
688105;unknown;control;2023-12-30 01:45:00+00:00;0.884;;
688105;unknown;control;2023-12-30 02:00:00+00:00;0.882;;
688105;unknown;control;2023-12-30 02:15:00+00:00;0.901;;
688105;unknown;control;2023-12-30 02:30:00+00:00;0.405;;
688105;unknown;control;2023-12-30 02:45:00+00:00;0.092;;
688105;unknown;control;2023-12-30 03:00:00+00:00;0.49;;
688105;unknown;control;2023-12-30 03:15:00+00:00;0.78;;
688105;unknown;control;2023-12-30 03:30:00+00:00;0.811;;
688105;unknown;control;2023-12-30 03:45:00+00:00;0.832;;
688105;unknown;control;2023-12-30 04:00:00+00:00;0.856;;
688105;unknown;control;2023-12-30 04:15:00+00:00;0.882;;
688105;unknown;control;2023-12-30 04:30:00+00:00;0.748;;
688105;unknown;control;2023-12-30 04:45:00+00:00;0.093;;
688105;unknown;control;2023-12-30 05:00:00+00:00;0.109;;
688105;unknown;control;2023-12-30 05:15:00+00:00;0.322;;
688105;unknown;control;2023-12-30 05:30:00+00:00;0.786;;
688105;unknown;control;2023-12-30 05:45:00+00:00;0.313;;
688105;unknown;control;2023-12-30 06:00:00+00:00;0.115;;
688105;unknown;control;2023-12-30 06:15:00+00:00;0.106;;
688105;unknown;control;2023-12-30 06:30:00+00:00;0.105;;
688105;unknown;control;2023-12-30 06:45:00+00:00;0.111;;
688105;unknown;control;2023-12-30 07:00:00+00:00;0.192;;
688105;unknown;control;2023-12-30 07:15:00+00:00;0.192;;
688105;unknown;control;2023-12-30 07:30:00+00:00;0.54;;
688105;unknown;control;2023-12-30 07:45:00+00:00;0.194;;
688105;unknown;control;2023-12-30 08:00:00+00:00;0.064;;
688105;unknown;control;2023-12-30 08:15:00+00:00;0.006;;
688105;unknown;control;2023-12-30 08:30:00+00:00;0.008;;
688105;unknown;control;2023-12-30 08:45:00+00:00;0.152;;
688105;unknown;control;2023-12-30 09:00:00+00:00;0.0;;
688105;unknown;control;2023-12-30 09:15:00+00:00;0.0;;
688105;unknown;control;2023-12-30 09:30:00+00:00;0.001;;
688105;unknown;control;2023-12-30 09:45:00+00:00;0.0;;
688105;unknown;control;2023-12-30 10:00:00+00:00;0.0;;
688105;unknown;control;2023-12-30 10:15:00+00:00;0.0;;
688105;unknown;control;2023-12-30 10:30:00+00:00;0.0;;
688105;unknown;control;2023-12-30 10:45:00+00:00;0.0;;
688105;unknown;control;2023-12-30 11:00:00+00:00;0.0;;
688105;unknown;control;2023-12-30 11:15:00+00:00;0.0;;
688105;unknown;control;2023-12-30 11:30:00+00:00;0.0;;
688105;unknown;control;2023-12-30 11:45:00+00:00;0.0;;
688105;unknown;control;2023-12-30 12:00:00+00:00;0.0;;
688105;unknown;control;2023-12-30 12:15:00+00:00;0.0;;
688105;unknown;control;2023-12-30 12:30:00+00:00;0.0;;
688105;unknown;control;2023-12-30 12:45:00+00:00;0.001;;
688105;unknown;control;2023-12-30 13:00:00+00:00;0.0;;
688105;unknown;control;2023-12-30 13:15:00+00:00;0.0;;
688105;unknown;control;2023-12-30 13:30:00+00:00;0.0;;
688105;unknown;control;2023-12-30 13:45:00+00:00;0.004;;
688105;unknown;control;2023-12-30 14:00:00+00:00;0.0;;
688105;unknown;control;2023-12-30 14:15:00+00:00;0.0;;
688105;unknown;control;2023-12-30 14:30:00+00:00;0.029;;
688105;unknown;control;2023-12-30 14:45:00+00:00;0.607;;
688105;unknown;control;2023-12-30 15:00:00+00:00;0.746;;
688105;unknown;control;2023-12-30 15:15:00+00:00;0.866;;
688105;unknown;control;2023-12-30 15:30:00+00:00;0.844;;
688105;unknown;control;2023-12-30 15:45:00+00:00;0.963;;
688105;unknown;control;2023-12-30 16:00:00+00:00;0.899;;
688105;unknown;control;2023-12-30 16:15:00+00:00;0.919;;
688105;unknown;control;2023-12-30 16:30:00+00:00;0.586;;
688105;unknown;control;2023-12-30 16:45:00+00:00;0.175;;
688105;unknown;control;2023-12-30 17:00:00+00:00;0.577;;
688105;unknown;control;2023-12-30 17:15:00+00:00;1.761;;
688105;unknown;control;2023-12-30 17:30:00+00:00;1.102;;
688105;unknown;control;2023-12-30 17:45:00+00:00;1.433;;
688105;unknown;control;2023-12-30 18:00:00+00:00;0.889;;
688105;unknown;control;2023-12-30 18:15:00+00:00;0.887;;
688105;unknown;control;2023-12-30 18:30:00+00:00;0.439;;
688105;unknown;control;2023-12-30 18:45:00+00:00;0.165;;
688105;unknown;control;2023-12-30 19:00:00+00:00;0.355;;
688105;unknown;control;2023-12-30 19:15:00+00:00;1.23;;
688105;unknown;control;2023-12-30 19:30:00+00:00;1.118;;
688105;unknown;control;2023-12-30 19:45:00+00:00;0.958;;
688105;unknown;control;2023-12-30 20:00:00+00:00;0.949;;
688105;unknown;control;2023-12-30 20:15:00+00:00;0.964;;
688105;unknown;control;2023-12-30 20:30:00+00:00;0.354;;
688105;unknown;control;2023-12-30 20:45:00+00:00;0.211;;
688105;unknown;control;2023-12-30 21:00:00+00:00;0.245;;
688105;unknown;control;2023-12-30 21:15:00+00:00;0.496;;
688105;unknown;control;2023-12-30 21:30:00+00:00;0.606;;
688105;unknown;control;2023-12-30 21:45:00+00:00;0.226;;
688105;unknown;control;2023-12-30 22:00:00+00:00;0.209;;
688105;unknown;control;2023-12-30 22:15:00+00:00;0.17;;
688105;unknown;control;2023-12-30 22:30:00+00:00;0.17;;
688105;unknown;control;2023-12-30 22:45:00+00:00;0.15;;
688105;unknown;control;2023-12-30 23:00:00+00:00;0.128;;
688105;unknown;control;2023-12-30 23:15:00+00:00;0.115;;
688105;unknown;control;2023-12-30 23:30:00+00:00;0.097;;
688105;unknown;control;2023-12-30 23:45:00+00:00;0.311;;
688105;unknown;control;2023-12-31 00:00:00+00:00;0.876;;
688105;unknown;control;2023-12-31 00:15:00+00:00;0.969;;
688105;unknown;control;2023-12-31 00:30:00+00:00;0.236;;
688105;unknown;control;2023-12-31 00:45:00+00:00;0.125;;
688105;unknown;control;2023-12-31 01:00:00+00:00;0.11;;
688105;unknown;control;2023-12-31 01:15:00+00:00;0.095;;
688105;unknown;control;2023-12-31 01:30:00+00:00;0.878;;
688105;unknown;control;2023-12-31 01:45:00+00:00;0.891;;
688105;unknown;control;2023-12-31 02:00:00+00:00;0.905;;
688105;unknown;control;2023-12-31 02:15:00+00:00;0.923;;
688105;unknown;control;2023-12-31 02:30:00+00:00;0.93;;
688105;unknown;control;2023-12-31 02:45:00+00:00;0.937;;
688105;unknown;control;2023-12-31 03:00:00+00:00;0.788;;
688105;unknown;control;2023-12-31 03:15:00+00:00;0.818;;
688105;unknown;control;2023-12-31 03:30:00+00:00;0.83;;
688105;unknown;control;2023-12-31 03:45:00+00:00;0.843;;
688105;unknown;control;2023-12-31 04:00:00+00:00;0.881;;
688105;unknown;control;2023-12-31 04:15:00+00:00;0.887;;
688105;unknown;control;2023-12-31 04:30:00+00:00;0.877;;
688105;unknown;control;2023-12-31 04:45:00+00:00;0.868;;
688105;unknown;control;2023-12-31 05:00:00+00:00;0.88;;
688105;unknown;control;2023-12-31 05:15:00+00:00;0.89;;
688105;unknown;control;2023-12-31 05:30:00+00:00;0.908;;
688105;unknown;control;2023-12-31 05:45:00+00:00;0.373;;
688105;unknown;control;2023-12-31 06:00:00+00:00;0.137;;
688105;unknown;control;2023-12-31 06:15:00+00:00;0.122;;
688105;unknown;control;2023-12-31 06:30:00+00:00;0.119;;
688105;unknown;control;2023-12-31 06:45:00+00:00;0.106;;
688105;unknown;control;2023-12-31 07:00:00+00:00;0.166;;
688105;unknown;control;2023-12-31 07:15:00+00:00;0.153;;
688105;unknown;control;2023-12-31 07:30:00+00:00;0.211;;
688105;unknown;control;2023-12-31 07:45:00+00:00;0.063;;
688105;unknown;control;2023-12-31 08:00:00+00:00;0.013;;
688105;unknown;control;2023-12-31 08:15:00+00:00;0.0;;
688105;unknown;control;2023-12-31 08:30:00+00:00;0.0;;
688105;unknown;control;2023-12-31 08:45:00+00:00;0.0;;
688105;unknown;control;2023-12-31 09:00:00+00:00;0.0;;
688105;unknown;control;2023-12-31 09:15:00+00:00;0.0;;
688105;unknown;control;2023-12-31 09:30:00+00:00;0.0;;
688105;unknown;control;2023-12-31 09:45:00+00:00;0.0;;
688105;unknown;control;2023-12-31 10:00:00+00:00;0.0;;
688105;unknown;control;2023-12-31 10:15:00+00:00;0.0;;
688105;unknown;control;2023-12-31 10:30:00+00:00;0.0;;
688105;unknown;control;2023-12-31 10:45:00+00:00;0.0;;
688105;unknown;control;2023-12-31 11:00:00+00:00;0.118;;
688105;unknown;control;2023-12-31 11:15:00+00:00;0.88;;
688105;unknown;control;2023-12-31 11:30:00+00:00;0.359;;
688105;unknown;control;2023-12-31 11:45:00+00:00;0.003;;
688105;unknown;control;2023-12-31 12:00:00+00:00;0.0;;
688105;unknown;control;2023-12-31 12:15:00+00:00;0.0;;
688105;unknown;control;2023-12-31 12:30:00+00:00;0.007;;
688105;unknown;control;2023-12-31 12:45:00+00:00;0.111;;
688105;unknown;control;2023-12-31 13:00:00+00:00;0.048;;
688105;unknown;control;2023-12-31 13:15:00+00:00;0.098;;
688105;unknown;control;2023-12-31 13:30:00+00:00;0.261;;
688105;unknown;control;2023-12-31 13:45:00+00:00;0.539;;
688105;unknown;control;2023-12-31 14:00:00+00:00;0.203;;
688105;unknown;control;2023-12-31 14:15:00+00:00;0.512;;
688105;unknown;control;2023-12-31 14:30:00+00:00;0.851;;
688105;unknown;control;2023-12-31 14:45:00+00:00;0.821;;
688105;unknown;control;2023-12-31 15:00:00+00:00;0.81;;
688105;unknown;control;2023-12-31 15:15:00+00:00;0.84;;
688105;unknown;control;2023-12-31 15:30:00+00:00;0.959;;
688105;unknown;control;2023-12-31 15:45:00+00:00;0.964;;
688105;unknown;control;2023-12-31 16:00:00+00:00;0.98;;
688105;unknown;control;2023-12-31 16:15:00+00:00;1.003;;
688105;unknown;control;2023-12-31 16:30:00+00:00;0.953;;
688105;unknown;control;2023-12-31 16:45:00+00:00;0.878;;
688105;unknown;control;2023-12-31 17:00:00+00:00;0.894;;
688105;unknown;control;2023-12-31 17:15:00+00:00;0.892;;
688105;unknown;control;2023-12-31 17:30:00+00:00;0.859;;
688105;unknown;control;2023-12-31 17:45:00+00:00;0.828;;
688105;unknown;control;2023-12-31 18:00:00+00:00;0.841;;
688105;unknown;control;2023-12-31 18:15:00+00:00;0.846;;
688105;unknown;control;2023-12-31 18:30:00+00:00;0.847;;
688105;unknown;control;2023-12-31 18:45:00+00:00;0.855;;
688105;unknown;control;2023-12-31 19:00:00+00:00;0.193;;
688105;unknown;control;2023-12-31 19:15:00+00:00;0.106;;
688105;unknown;control;2023-12-31 19:30:00+00:00;0.581;;
688105;unknown;control;2023-12-31 19:45:00+00:00;0.807;;
688105;unknown;control;2023-12-31 20:00:00+00:00;0.815;;
688105;unknown;control;2023-12-31 20:15:00+00:00;0.823;;
688105;unknown;control;2023-12-31 20:30:00+00:00;0.845;;
688105;unknown;control;2023-12-31 20:45:00+00:00;0.329;;
688105;unknown;control;2023-12-31 21:00:00+00:00;0.106;;
688105;unknown;control;2023-12-31 21:15:00+00:00;0.116;;
688105;unknown;control;2023-12-31 21:30:00+00:00;0.109;;
688105;unknown;control;2023-12-31 21:45:00+00:00;0.234;;
688105;unknown;control;2023-12-31 22:00:00+00:00;0.147;;
688105;unknown;control;2023-12-31 22:15:00+00:00;0.195;;
688105;unknown;control;2023-12-31 22:30:00+00:00;0.21;;
688105;unknown;control;2023-12-31 22:45:00+00:00;0.217;;
688105;unknown;control;2023-12-31 23:00:00+00:00;0.208;;
688105;unknown;control;2023-12-31 23:15:00+00:00;0.194;;
688105;unknown;control;2023-12-31 23:30:00+00:00;0.18;;
688105;unknown;control;2023-12-31 23:45:00+00:00;0.413;;
688105;unknown;control;2024-01-01 00:00:00+00:00;1.014;;
688105;unknown;control;2024-01-01 00:15:00+00:00;1.07;;
688105;unknown;control;2024-01-01 00:30:00+00:00;0.328;;
688105;unknown;control;2024-01-01 00:45:00+00:00;0.109;;
688105;unknown;control;2024-01-01 01:00:00+00:00;0.094;;
688105;unknown;control;2024-01-01 01:15:00+00:00;0.086;;
688105;unknown;control;2024-01-01 01:30:00+00:00;0.871;;
688105;unknown;control;2024-01-01 01:45:00+00:00;0.889;;
688105;unknown;control;2024-01-01 02:00:00+00:00;0.9;;
688105;unknown;control;2024-01-01 02:15:00+00:00;0.916;;
688105;unknown;control;2024-01-01 02:30:00+00:00;0.917;;
688105;unknown;control;2024-01-01 02:45:00+00:00;1.247;;
688105;unknown;control;2024-01-01 03:00:00+00:00;1.548;;
688105;unknown;control;2024-01-01 03:15:00+00:00;1.231;;
688105;unknown;control;2024-01-01 03:30:00+00:00;0.818;;
688105;unknown;control;2024-01-01 03:45:00+00:00;0.83;;
688105;unknown;control;2024-01-01 04:00:00+00:00;0.868;;
688105;unknown;control;2024-01-01 04:15:00+00:00;0.877;;
688105;unknown;control;2024-01-01 04:30:00+00:00;0.879;;
688105;unknown;control;2024-01-01 04:45:00+00:00;0.88;;
688105;unknown;control;2024-01-01 05:00:00+00:00;0.897;;
688105;unknown;control;2024-01-01 05:15:00+00:00;0.872;;
688105;unknown;control;2024-01-01 05:30:00+00:00;0.242;;
688105;unknown;control;2024-01-01 05:45:00+00:00;0.125;;
688105;unknown;control;2024-01-01 06:00:00+00:00;0.125;;
688105;unknown;control;2024-01-01 06:15:00+00:00;0.112;;
688105;unknown;control;2024-01-01 06:30:00+00:00;0.1;;
688105;unknown;control;2024-01-01 06:45:00+00:00;0.094;;
688105;unknown;control;2024-01-01 07:00:00+00:00;0.094;;
688105;unknown;control;2024-01-01 07:15:00+00:00;0.102;;
688105;unknown;control;2024-01-01 07:30:00+00:00;0.102;;
688105;unknown;control;2024-01-01 07:45:00+00:00;0.119;;
688105;unknown;control;2024-01-01 08:00:00+00:00;0.06;;
688105;unknown;control;2024-01-01 08:15:00+00:00;0.057;;
688105;unknown;control;2024-01-01 08:30:00+00:00;0.146;;
688105;unknown;control;2024-01-01 08:45:00+00:00;0.484;;
688105;unknown;control;2024-01-01 09:00:00+00:00;0.233;;
688105;unknown;control;2024-01-01 09:15:00+00:00;0.001;;
688105;unknown;control;2024-01-01 09:30:00+00:00;0.0;;
688105;unknown;control;2024-01-01 09:45:00+00:00;0.0;;
688105;unknown;control;2024-01-01 10:00:00+00:00;0.0;;
688105;unknown;control;2024-01-01 10:15:00+00:00;0.0;;
688105;unknown;control;2024-01-01 10:30:00+00:00;0.0;;
688105;unknown;control;2024-01-01 10:45:00+00:00;0.0;;
688105;unknown;control;2024-01-01 11:00:00+00:00;0.0;;
688105;unknown;control;2024-01-01 11:15:00+00:00;0.0;;
688105;unknown;control;2024-01-01 11:30:00+00:00;0.0;;
688105;unknown;control;2024-01-01 11:45:00+00:00;0.0;;
688105;unknown;control;2024-01-01 12:00:00+00:00;0.0;;
688105;unknown;control;2024-01-01 12:15:00+00:00;0.0;;
688105;unknown;control;2024-01-01 12:30:00+00:00;0.0;;
688105;unknown;control;2024-01-01 12:45:00+00:00;0.0;;
688105;unknown;control;2024-01-01 13:00:00+00:00;0.0;;
688105;unknown;control;2024-01-01 13:15:00+00:00;0.0;;
688105;unknown;control;2024-01-01 13:30:00+00:00;0.0;;
688105;unknown;control;2024-01-01 13:45:00+00:00;0.0;;
688105;unknown;control;2024-01-01 14:00:00+00:00;0.0;;
688105;unknown;control;2024-01-01 14:15:00+00:00;0.0;;
688105;unknown;control;2024-01-01 14:30:00+00:00;0.255;;
688105;unknown;control;2024-01-01 14:45:00+00:00;0.549;;
688105;unknown;control;2024-01-01 15:00:00+00:00;0.625;;
688105;unknown;control;2024-01-01 15:15:00+00:00;0.666;;
688105;unknown;control;2024-01-01 15:30:00+00:00;0.746;;
688105;unknown;control;2024-01-01 15:45:00+00:00;0.789;;
688105;unknown;control;2024-01-01 16:00:00+00:00;0.795;;
688105;unknown;control;2024-01-01 16:15:00+00:00;0.892;;
688105;unknown;control;2024-01-01 16:30:00+00:00;0.902;;
688105;unknown;control;2024-01-01 16:45:00+00:00;0.885;;
688105;unknown;control;2024-01-01 17:00:00+00:00;0.899;;
688105;unknown;control;2024-01-01 17:15:00+00:00;0.909;;
688105;unknown;control;2024-01-01 17:30:00+00:00;0.905;;
688105;unknown;control;2024-01-01 17:45:00+00:00;0.578;;
688105;unknown;control;2024-01-01 18:00:00+00:00;0.251;;
688105;unknown;control;2024-01-01 18:15:00+00:00;0.623;;
688105;unknown;control;2024-01-01 18:30:00+00:00;0.841;;
688105;unknown;control;2024-01-01 18:45:00+00:00;0.945;;
688105;unknown;control;2024-01-01 19:00:00+00:00;0.977;;
688105;unknown;control;2024-01-01 19:15:00+00:00;0.96;;
688105;unknown;control;2024-01-01 19:30:00+00:00;0.97;;
688105;unknown;control;2024-01-01 19:45:00+00:00;0.712;;
688105;unknown;control;2024-01-01 20:00:00+00:00;0.2;;
688105;unknown;control;2024-01-01 20:15:00+00:00;0.242;;
688105;unknown;control;2024-01-01 20:30:00+00:00;0.898;;
688105;unknown;control;2024-01-01 20:45:00+00:00;0.413;;
688105;unknown;control;2024-01-01 21:00:00+00:00;0.199;;
688105;unknown;control;2024-01-01 21:15:00+00:00;0.131;;
688105;unknown;control;2024-01-01 21:30:00+00:00;0.12;;
688105;unknown;control;2024-01-01 21:45:00+00:00;0.112;;
688105;unknown;control;2024-01-01 22:00:00+00:00;0.111;;
688105;unknown;control;2024-01-01 22:15:00+00:00;0.111;;
688105;unknown;control;2024-01-01 22:30:00+00:00;0.109;;
688105;unknown;control;2024-01-01 22:45:00+00:00;0.106;;
688105;unknown;control;2024-01-01 23:00:00+00:00;0.087;;
688105;unknown;control;2024-01-01 23:15:00+00:00;0.096;;
688105;unknown;control;2024-01-01 23:30:00+00:00;0.102;;
688105;unknown;control;2024-01-01 23:45:00+00:00;0.323;;
688105;unknown;control;2024-01-02 00:00:00+00:00;0.894;;
688105;unknown;control;2024-01-02 00:15:00+00:00;0.87;;
688105;unknown;control;2024-01-02 00:30:00+00:00;0.097;;
688105;unknown;control;2024-01-02 00:45:00+00:00;0.086;;
688105;unknown;control;2024-01-02 01:00:00+00:00;0.085;;
688105;unknown;control;2024-01-02 01:15:00+00:00;0.101;;
688105;unknown;control;2024-01-02 01:30:00+00:00;0.89;;
688105;unknown;control;2024-01-02 01:45:00+00:00;0.914;;
688105;unknown;control;2024-01-02 02:00:00+00:00;0.903;;
688105;unknown;control;2024-01-02 02:15:00+00:00;0.902;;
688105;unknown;control;2024-01-02 02:30:00+00:00;0.606;;
688105;unknown;control;2024-01-02 02:45:00+00:00;0.54;;
688105;unknown;control;2024-01-02 03:00:00+00:00;0.765;;
688105;unknown;control;2024-01-02 03:15:00+00:00;0.818;;
688105;unknown;control;2024-01-02 03:30:00+00:00;0.84;;
688105;unknown;control;2024-01-02 03:45:00+00:00;0.845;;
688105;unknown;control;2024-01-02 04:00:00+00:00;0.852;;
688105;unknown;control;2024-01-02 04:15:00+00:00;0.861;;
688105;unknown;control;2024-01-02 04:30:00+00:00;0.871;;
688105;unknown;control;2024-01-02 04:45:00+00:00;0.889;;
688105;unknown;control;2024-01-02 05:00:00+00:00;0.629;;
688105;unknown;control;2024-01-02 05:15:00+00:00;0.711;;
688105;unknown;control;2024-01-02 05:30:00+00:00;1.771;;
688105;unknown;control;2024-01-02 05:45:00+00:00;0.679;;
688105;unknown;control;2024-01-02 06:00:00+00:00;0.294;;
688105;unknown;control;2024-01-02 06:15:00+00:00;0.266;;
688105;unknown;control;2024-01-02 06:30:00+00:00;0.424;;
688105;unknown;control;2024-01-02 06:45:00+00:00;0.115;;
688105;unknown;control;2024-01-02 07:00:00+00:00;0.128;;
688105;unknown;control;2024-01-02 07:15:00+00:00;0.124;;
688105;unknown;control;2024-01-02 07:30:00+00:00;0.527;;
688105;unknown;control;2024-01-02 07:45:00+00:00;0.084;;
688105;unknown;control;2024-01-02 08:00:00+00:00;0.051;;
688105;unknown;control;2024-01-02 08:15:00+00:00;0.043;;
688105;unknown;control;2024-01-02 08:30:00+00:00;0.051;;
688105;unknown;control;2024-01-02 08:45:00+00:00;0.029;;
688105;unknown;control;2024-01-02 09:00:00+00:00;0.02;;
688105;unknown;control;2024-01-02 09:15:00+00:00;0.003;;
688105;unknown;control;2024-01-02 09:30:00+00:00;0.001;;
688105;unknown;control;2024-01-02 09:45:00+00:00;0.0;;
688105;unknown;control;2024-01-02 10:00:00+00:00;0.001;;
688105;unknown;control;2024-01-02 10:15:00+00:00;0.0;;
688105;unknown;control;2024-01-02 10:30:00+00:00;0.0;;
688105;unknown;control;2024-01-02 10:45:00+00:00;0.0;;
688105;unknown;control;2024-01-02 11:00:00+00:00;0.0;;
688105;unknown;control;2024-01-02 11:15:00+00:00;0.0;;
688105;unknown;control;2024-01-02 11:30:00+00:00;0.0;;
688105;unknown;control;2024-01-02 11:45:00+00:00;0.0;;
688105;unknown;control;2024-01-02 12:00:00+00:00;0.0;;
688105;unknown;control;2024-01-02 12:15:00+00:00;0.0;;
688105;unknown;control;2024-01-02 12:30:00+00:00;0.0;;
688105;unknown;control;2024-01-02 12:45:00+00:00;0.0;;
688105;unknown;control;2024-01-02 13:00:00+00:00;0.0;;
688105;unknown;control;2024-01-02 13:15:00+00:00;0.001;;
688105;unknown;control;2024-01-02 13:30:00+00:00;0.007;;
688105;unknown;control;2024-01-02 13:45:00+00:00;0.017;;
688105;unknown;control;2024-01-02 14:00:00+00:00;0.025;;
688105;unknown;control;2024-01-02 14:15:00+00:00;0.048;;
688105;unknown;control;2024-01-02 14:30:00+00:00;0.371;;
688105;unknown;control;2024-01-02 14:45:00+00:00;0.719;;
688105;unknown;control;2024-01-02 15:00:00+00:00;0.738;;
688105;unknown;control;2024-01-02 15:15:00+00:00;0.758;;
688105;unknown;control;2024-01-02 15:30:00+00:00;0.772;;
688105;unknown;control;2024-01-02 15:45:00+00:00;0.773;;
688105;unknown;control;2024-01-02 16:00:00+00:00;0.799;;
688105;unknown;control;2024-01-02 16:15:00+00:00;0.818;;
688105;unknown;control;2024-01-02 16:30:00+00:00;0.838;;
688105;unknown;control;2024-01-02 16:45:00+00:00;0.569;;
688105;unknown;control;2024-01-02 17:00:00+00:00;0.112;;
688105;unknown;control;2024-01-02 17:15:00+00:00;0.1;;
688105;unknown;control;2024-01-02 17:30:00+00:00;0.747;;
688105;unknown;control;2024-01-02 17:45:00+00:00;0.79;;
688105;unknown;control;2024-01-02 18:00:00+00:00;0.818;;
688105;unknown;control;2024-01-02 18:15:00+00:00;0.679;;
688105;unknown;control;2024-01-02 18:30:00+00:00;0.115;;
688105;unknown;control;2024-01-02 18:45:00+00:00;0.78;;
688105;unknown;control;2024-01-02 19:00:00+00:00;0.637;;
688105;unknown;control;2024-01-02 19:15:00+00:00;0.945;;
688105;unknown;control;2024-01-02 19:30:00+00:00;0.931;;
688105;unknown;control;2024-01-02 19:45:00+00:00;0.845;;
688105;unknown;control;2024-01-02 20:00:00+00:00;0.206;;
688105;unknown;control;2024-01-02 20:15:00+00:00;0.207;;
688105;unknown;control;2024-01-02 20:30:00+00:00;0.572;;
688105;unknown;control;2024-01-02 20:45:00+00:00;0.318;;
688105;unknown;control;2024-01-02 21:00:00+00:00;0.113;;
688105;unknown;control;2024-01-02 21:15:00+00:00;0.113;;
688105;unknown;control;2024-01-02 21:30:00+00:00;0.123;;
688105;unknown;control;2024-01-02 21:45:00+00:00;0.111;;
688105;unknown;control;2024-01-02 22:00:00+00:00;0.108;;
688105;unknown;control;2024-01-02 22:15:00+00:00;0.094;;
688105;unknown;control;2024-01-02 22:30:00+00:00;0.099;;
688105;unknown;control;2024-01-02 22:45:00+00:00;0.108;;
688105;unknown;control;2024-01-02 23:00:00+00:00;0.1;;
688105;unknown;control;2024-01-02 23:15:00+00:00;0.113;;
688105;unknown;control;2024-01-02 23:30:00+00:00;0.098;;
688105;unknown;control;2024-01-02 23:45:00+00:00;0.307;;
688105;unknown;control;2024-01-03 00:00:00+00:00;0.852;;
688105;unknown;control;2024-01-03 00:15:00+00:00;0.926;;
688105;unknown;control;2024-01-03 00:30:00+00:00;0.122;;
688105;unknown;control;2024-01-03 00:45:00+00:00;0.102;;
688105;unknown;control;2024-01-03 01:00:00+00:00;0.114;;
688105;unknown;control;2024-01-03 01:15:00+00:00;0.103;;
688105;unknown;control;2024-01-03 01:30:00+00:00;0.88;;
688105;unknown;control;2024-01-03 01:45:00+00:00;0.882;;
688105;unknown;control;2024-01-03 02:00:00+00:00;0.887;;
688105;unknown;control;2024-01-03 02:15:00+00:00;0.37;;
688105;unknown;control;2024-01-03 02:30:00+00:00;0.109;;
688105;unknown;control;2024-01-03 02:45:00+00:00;0.113;;
688105;unknown;control;2024-01-03 03:00:00+00:00;0.474;;
688105;unknown;control;2024-01-03 03:15:00+00:00;0.768;;
688105;unknown;control;2024-01-03 03:30:00+00:00;0.797;;
688105;unknown;control;2024-01-03 03:45:00+00:00;0.821;;
688105;unknown;control;2024-01-03 04:00:00+00:00;0.868;;
688105;unknown;control;2024-01-03 04:15:00+00:00;0.907;;
688105;unknown;control;2024-01-03 04:30:00+00:00;0.524;;
688105;unknown;control;2024-01-03 04:45:00+00:00;0.083;;
688105;unknown;control;2024-01-03 05:00:00+00:00;0.091;;
688105;unknown;control;2024-01-03 05:15:00+00:00;0.289;;
688105;unknown;control;2024-01-03 05:30:00+00:00;0.911;;
688105;unknown;control;2024-01-03 05:45:00+00:00;0.403;;
688105;unknown;control;2024-01-03 06:00:00+00:00;0.162;;
688105;unknown;control;2024-01-03 06:15:00+00:00;0.11;;
688105;unknown;control;2024-01-03 06:30:00+00:00;0.093;;
688105;unknown;control;2024-01-03 06:45:00+00:00;0.092;;
688105;unknown;control;2024-01-03 07:00:00+00:00;0.093;;
688105;unknown;control;2024-01-03 07:15:00+00:00;0.119;;
688105;unknown;control;2024-01-03 07:30:00+00:00;0.104;;
688105;unknown;control;2024-01-03 07:45:00+00:00;0.082;;
688105;unknown;control;2024-01-03 08:00:00+00:00;0.113;;
688105;unknown;control;2024-01-03 08:15:00+00:00;0.0;;
688105;unknown;control;2024-01-03 08:30:00+00:00;0.0;;
688105;unknown;control;2024-01-03 08:45:00+00:00;0.0;;
688105;unknown;control;2024-01-03 09:00:00+00:00;0.0;;
688105;unknown;control;2024-01-03 09:15:00+00:00;0.0;;
688105;unknown;control;2024-01-03 09:30:00+00:00;0.0;;
688105;unknown;control;2024-01-03 09:45:00+00:00;0.0;;
688105;unknown;control;2024-01-03 10:00:00+00:00;0.0;;
688105;unknown;control;2024-01-03 10:15:00+00:00;0.0;;
688105;unknown;control;2024-01-03 10:30:00+00:00;0.0;;
688105;unknown;control;2024-01-03 10:45:00+00:00;0.0;;
688105;unknown;control;2024-01-03 11:00:00+00:00;0.0;;
688105;unknown;control;2024-01-03 11:15:00+00:00;0.0;;
688105;unknown;control;2024-01-03 11:30:00+00:00;0.0;;
688105;unknown;control;2024-01-03 11:45:00+00:00;0.0;;
688105;unknown;control;2024-01-03 12:00:00+00:00;0.056;;
688105;unknown;control;2024-01-03 12:15:00+00:00;0.0;;
688105;unknown;control;2024-01-03 12:30:00+00:00;0.0;;
688105;unknown;control;2024-01-03 12:45:00+00:00;0.014;;
688105;unknown;control;2024-01-03 13:00:00+00:00;0.0;;
688105;unknown;control;2024-01-03 13:15:00+00:00;0.0;;
688105;unknown;control;2024-01-03 13:30:00+00:00;0.0;;
688105;unknown;control;2024-01-03 13:45:00+00:00;0.0;;
688105;unknown;control;2024-01-03 14:00:00+00:00;0.0;;
688105;unknown;control;2024-01-03 14:15:00+00:00;0.003;;
688105;unknown;control;2024-01-03 14:30:00+00:00;0.009;;
688105;unknown;control;2024-01-03 14:45:00+00:00;0.311;;
688105;unknown;control;2024-01-03 15:00:00+00:00;0.667;;
688105;unknown;control;2024-01-03 15:15:00+00:00;0.695;;
688105;unknown;control;2024-01-03 15:30:00+00:00;0.8;;
688105;unknown;control;2024-01-03 15:45:00+00:00;0.818;;
688105;unknown;control;2024-01-03 16:00:00+00:00;0.21;;
688105;unknown;control;2024-01-03 16:15:00+00:00;0.13;;
688105;unknown;control;2024-01-03 16:30:00+00:00;0.234;;
688105;unknown;control;2024-01-03 16:45:00+00:00;0.779;;
688105;unknown;control;2024-01-03 17:00:00+00:00;0.822;;
688105;unknown;control;2024-01-03 17:15:00+00:00;0.679;;
688105;unknown;control;2024-01-03 17:30:00+00:00;0.379;;
688105;unknown;control;2024-01-03 17:45:00+00:00;0.152;;
688105;unknown;control;2024-01-03 18:00:00+00:00;0.737;;
688105;unknown;control;2024-01-03 18:15:00+00:00;0.966;;
688105;unknown;control;2024-01-03 18:30:00+00:00;0.887;;
688105;unknown;control;2024-01-03 18:45:00+00:00;0.365;;
688105;unknown;control;2024-01-03 19:00:00+00:00;0.2;;
688105;unknown;control;2024-01-03 19:15:00+00:00;0.205;;
688105;unknown;control;2024-01-03 19:30:00+00:00;0.699;;
688105;unknown;control;2024-01-03 19:45:00+00:00;0.852;;
688105;unknown;control;2024-01-03 20:00:00+00:00;0.884;;
688105;unknown;control;2024-01-03 20:15:00+00:00;0.779;;
688105;unknown;control;2024-01-03 20:30:00+00:00;0.269;;
688105;unknown;control;2024-01-03 20:45:00+00:00;0.205;;
688105;unknown;control;2024-01-03 21:00:00+00:00;0.208;;
688105;unknown;control;2024-01-03 21:15:00+00:00;0.203;;
688105;unknown;control;2024-01-03 21:30:00+00:00;0.186;;
688105;unknown;control;2024-01-03 21:45:00+00:00;0.159;;
688105;unknown;control;2024-01-03 22:00:00+00:00;0.134;;
688105;unknown;control;2024-01-03 22:15:00+00:00;0.126;;
688105;unknown;control;2024-01-03 22:30:00+00:00;0.126;;
688105;unknown;control;2024-01-03 22:45:00+00:00;0.12;;
688105;unknown;control;2024-01-03 23:00:00+00:00;0.091;;
688105;unknown;control;2024-01-03 23:15:00+00:00;0.086;;
688105;unknown;control;2024-01-03 23:30:00+00:00;0.086;;
688105;unknown;control;2024-01-03 23:45:00+00:00;0.296;;
688105;unknown;control;2024-01-04 00:00:00+00:00;0.863;;
688105;unknown;control;2024-01-04 00:15:00+00:00;0.934;;
688105;unknown;control;2024-01-04 00:30:00+00:00;0.848;;
688105;unknown;control;2024-01-04 00:45:00+00:00;0.086;;
688105;unknown;control;2024-01-04 01:00:00+00:00;0.086;;
688105;unknown;control;2024-01-04 01:15:00+00:00;0.086;;
688105;unknown;control;2024-01-04 01:30:00+00:00;0.877;;
688105;unknown;control;2024-01-04 01:45:00+00:00;0.898;;
688105;unknown;control;2024-01-04 02:00:00+00:00;0.904;;
688105;unknown;control;2024-01-04 02:15:00+00:00;0.907;;
688105;unknown;control;2024-01-04 02:30:00+00:00;0.888;;
688105;unknown;control;2024-01-04 02:45:00+00:00;0.35;;
688105;unknown;control;2024-01-04 03:00:00+00:00;0.382;;
688105;unknown;control;2024-01-04 03:15:00+00:00;0.754;;
688105;unknown;control;2024-01-04 03:30:00+00:00;0.821;;
688105;unknown;control;2024-01-04 03:45:00+00:00;0.85;;
688105;unknown;control;2024-01-04 04:00:00+00:00;0.861;;
688105;unknown;control;2024-01-04 04:15:00+00:00;0.876;;
688105;unknown;control;2024-01-04 04:30:00+00:00;0.782;;
688105;unknown;control;2024-01-04 04:45:00+00:00;0.086;;
688105;unknown;control;2024-01-04 05:00:00+00:00;0.097;;
688105;unknown;control;2024-01-04 05:15:00+00:00;0.126;;
688105;unknown;control;2024-01-04 05:30:00+00:00;0.772;;
688105;unknown;control;2024-01-04 05:45:00+00:00;0.316;;
688105;unknown;control;2024-01-04 06:00:00+00:00;0.219;;
688105;unknown;control;2024-01-04 06:15:00+00:00;0.135;;
688105;unknown;control;2024-01-04 06:30:00+00:00;0.128;;
688105;unknown;control;2024-01-04 06:45:00+00:00;0.15;;
688105;unknown;control;2024-01-04 07:00:00+00:00;0.195;;
688105;unknown;control;2024-01-04 07:15:00+00:00;0.265;;
688105;unknown;control;2024-01-04 07:30:00+00:00;0.208;;
688105;unknown;control;2024-01-04 07:45:00+00:00;0.085;;
688105;unknown;control;2024-01-04 08:00:00+00:00;0.027;;
688105;unknown;control;2024-01-04 08:15:00+00:00;0.078;;
688105;unknown;control;2024-01-04 08:30:00+00:00;0.089;;
688105;unknown;control;2024-01-04 08:45:00+00:00;0.064;;
688105;unknown;control;2024-01-04 09:00:00+00:00;0.0;;
688105;unknown;control;2024-01-04 09:15:00+00:00;0.0;;
688105;unknown;control;2024-01-04 09:30:00+00:00;0.131;;
688105;unknown;control;2024-01-04 09:45:00+00:00;0.3;;
688105;unknown;control;2024-01-04 10:00:00+00:00;0.063;;
688105;unknown;control;2024-01-04 10:15:00+00:00;0.0;;
688105;unknown;control;2024-01-04 10:30:00+00:00;0.0;;
688105;unknown;control;2024-01-04 10:45:00+00:00;0.0;;
688105;unknown;control;2024-01-04 11:00:00+00:00;0.0;;
688105;unknown;control;2024-01-04 11:15:00+00:00;0.0;;
688105;unknown;control;2024-01-04 11:30:00+00:00;0.0;;
688105;unknown;control;2024-01-04 11:45:00+00:00;0.171;;
688105;unknown;control;2024-01-04 12:00:00+00:00;0.125;;
688105;unknown;control;2024-01-04 12:15:00+00:00;0.001;;
688105;unknown;control;2024-01-04 12:30:00+00:00;0.004;;
688105;unknown;control;2024-01-04 12:45:00+00:00;0.0;;
688105;unknown;control;2024-01-04 13:00:00+00:00;0.0;;
688105;unknown;control;2024-01-04 13:15:00+00:00;0.0;;
688105;unknown;control;2024-01-04 13:30:00+00:00;0.0;;
688105;unknown;control;2024-01-04 13:45:00+00:00;0.0;;
688105;unknown;control;2024-01-04 14:00:00+00:00;0.0;;
688105;unknown;control;2024-01-04 14:15:00+00:00;0.0;;
688105;unknown;control;2024-01-04 14:30:00+00:00;0.097;;
688105;unknown;control;2024-01-04 14:45:00+00:00;0.539;;
688105;unknown;control;2024-01-04 15:00:00+00:00;0.619;;
688105;unknown;control;2024-01-04 15:15:00+00:00;0.743;;
688105;unknown;control;2024-01-04 15:30:00+00:00;0.794;;
688105;unknown;control;2024-01-04 15:45:00+00:00;0.826;;
688105;unknown;control;2024-01-04 16:00:00+00:00;0.851;;
688105;unknown;control;2024-01-04 16:15:00+00:00;0.895;;
688105;unknown;control;2024-01-04 16:30:00+00:00;0.589;;
688105;unknown;control;2024-01-04 16:45:00+00:00;0.184;;
688105;unknown;control;2024-01-04 17:00:00+00:00;0.516;;
688105;unknown;control;2024-01-04 17:15:00+00:00;1.117;;
688105;unknown;control;2024-01-04 17:30:00+00:00;0.933;;
688105;unknown;control;2024-01-04 17:45:00+00:00;0.861;;
688105;unknown;control;2024-01-04 18:00:00+00:00;1.005;;
688105;unknown;control;2024-01-04 18:15:00+00:00;1.301;;
688105;unknown;control;2024-01-04 18:30:00+00:00;0.429;;
688105;unknown;control;2024-01-04 18:45:00+00:00;0.249;;
688105;unknown;control;2024-01-04 19:00:00+00:00;0.637;;
688105;unknown;control;2024-01-04 19:15:00+00:00;0.903;;
688105;unknown;control;2024-01-04 19:30:00+00:00;0.907;;
688105;unknown;control;2024-01-04 19:45:00+00:00;0.935;;
688105;unknown;control;2024-01-04 20:00:00+00:00;1.057;;
688105;unknown;control;2024-01-04 20:15:00+00:00;0.909;;
688105;unknown;control;2024-01-04 20:30:00+00:00;0.229;;
688105;unknown;control;2024-01-04 20:45:00+00:00;0.229;;
688105;unknown;control;2024-01-04 21:00:00+00:00;0.236;;
688105;unknown;control;2024-01-04 21:15:00+00:00;0.219;;
688105;unknown;control;2024-01-04 21:30:00+00:00;0.235;;
688105;unknown;control;2024-01-04 21:45:00+00:00;0.194;;
688105;unknown;control;2024-01-04 22:00:00+00:00;0.109;;
688105;unknown;control;2024-01-04 22:15:00+00:00;0.113;;
688105;unknown;control;2024-01-04 22:30:00+00:00;0.11;;
688105;unknown;control;2024-01-04 22:45:00+00:00;0.109;;
688105;unknown;control;2024-01-04 23:00:00+00:00;0.099;;
688105;unknown;control;2024-01-04 23:15:00+00:00;0.097;;
688105;unknown;control;2024-01-04 23:30:00+00:00;0.097;;
688105;unknown;control;2024-01-04 23:45:00+00:00;0.293;;
688105;unknown;control;2024-01-05 00:00:00+00:00;0.85;;
688105;unknown;control;2024-01-05 00:15:00+00:00;0.926;;
688105;unknown;control;2024-01-05 00:30:00+00:00;0.622;;
688105;unknown;control;2024-01-05 00:45:00+00:00;0.093;;
688105;unknown;control;2024-01-05 01:00:00+00:00;0.099;;
688105;unknown;control;2024-01-05 01:15:00+00:00;0.099;;
688105;unknown;control;2024-01-05 01:30:00+00:00;0.877;;
688105;unknown;control;2024-01-05 01:45:00+00:00;0.902;;
688105;unknown;control;2024-01-05 02:00:00+00:00;0.904;;
688105;unknown;control;2024-01-05 02:15:00+00:00;0.897;;
688105;unknown;control;2024-01-05 02:30:00+00:00;0.772;;
688105;unknown;control;2024-01-05 02:45:00+00:00;0.363;;
688105;unknown;control;2024-01-05 03:00:00+00:00;0.756;;
688105;unknown;control;2024-01-05 03:15:00+00:00;0.799;;
688105;unknown;control;2024-01-05 03:30:00+00:00;0.829;;
688105;unknown;control;2024-01-05 03:45:00+00:00;0.84;;
688105;unknown;control;2024-01-05 04:00:00+00:00;0.838;;
688105;unknown;control;2024-01-05 04:15:00+00:00;0.858;;
688105;unknown;control;2024-01-05 04:30:00+00:00;0.886;;
688105;unknown;control;2024-01-05 04:45:00+00:00;0.811;;
688105;unknown;control;2024-01-05 05:00:00+00:00;0.105;;
688105;unknown;control;2024-01-05 05:15:00+00:00;0.114;;
688105;unknown;control;2024-01-05 05:30:00+00:00;0.437;;
688105;unknown;control;2024-01-05 05:45:00+00:00;0.417;;
688105;unknown;control;2024-01-05 06:00:00+00:00;0.123;;
688105;unknown;control;2024-01-05 06:15:00+00:00;0.121;;
688105;unknown;control;2024-01-05 06:30:00+00:00;0.113;;
688105;unknown;control;2024-01-05 06:45:00+00:00;0.118;;
688105;unknown;control;2024-01-05 07:00:00+00:00;0.125;;
688105;unknown;control;2024-01-05 07:15:00+00:00;0.115;;
688105;unknown;control;2024-01-05 07:30:00+00:00;0.08;;
688105;unknown;control;2024-01-05 07:45:00+00:00;0.152;;
688105;unknown;control;2024-01-05 08:00:00+00:00;0.038;;
688105;unknown;control;2024-01-05 08:15:00+00:00;0.033;;
688105;unknown;control;2024-01-05 08:30:00+00:00;0.013;;
688105;unknown;control;2024-01-05 08:45:00+00:00;0.0;;
688105;unknown;control;2024-01-05 09:00:00+00:00;0.0;;
688105;unknown;control;2024-01-05 09:15:00+00:00;0.0;;
688105;unknown;control;2024-01-05 09:30:00+00:00;0.0;;
688105;unknown;control;2024-01-05 09:45:00+00:00;0.0;;
688105;unknown;control;2024-01-05 10:00:00+00:00;0.028;;
688105;unknown;control;2024-01-05 10:15:00+00:00;0.007;;
688105;unknown;control;2024-01-05 10:30:00+00:00;0.0;;
688105;unknown;control;2024-01-05 10:45:00+00:00;0.0;;
688105;unknown;control;2024-01-05 11:00:00+00:00;0.0;;
688105;unknown;control;2024-01-05 11:15:00+00:00;0.001;;
688105;unknown;control;2024-01-05 11:30:00+00:00;0.0;;
688105;unknown;control;2024-01-05 11:45:00+00:00;0.002;;
688105;unknown;control;2024-01-05 12:00:00+00:00;0.235;;
688105;unknown;control;2024-01-05 12:15:00+00:00;0.0;;
688105;unknown;control;2024-01-05 12:30:00+00:00;0.085;;
688105;unknown;control;2024-01-05 12:45:00+00:00;0.001;;
688105;unknown;control;2024-01-05 13:00:00+00:00;0.0;;
688105;unknown;control;2024-01-05 13:15:00+00:00;0.0;;
688105;unknown;control;2024-01-05 13:30:00+00:00;0.024;;
688105;unknown;control;2024-01-05 13:45:00+00:00;0.04;;
688105;unknown;control;2024-01-05 14:00:00+00:00;0.044;;
688105;unknown;control;2024-01-05 14:15:00+00:00;0.044;;
688105;unknown;control;2024-01-05 14:30:00+00:00;0.544;;
688105;unknown;control;2024-01-05 14:45:00+00:00;0.712;;
688105;unknown;control;2024-01-05 15:00:00+00:00;0.726;;
688105;unknown;control;2024-01-05 15:15:00+00:00;0.781;;
688105;unknown;control;2024-01-05 15:30:00+00:00;0.805;;
688105;unknown;control;2024-01-05 15:45:00+00:00;0.798;;
688105;unknown;control;2024-01-05 16:00:00+00:00;0.806;;
688105;unknown;control;2024-01-05 16:15:00+00:00;0.825;;
688105;unknown;control;2024-01-05 16:30:00+00:00;0.843;;
688105;unknown;control;2024-01-05 16:45:00+00:00;0.88;;
688105;unknown;control;2024-01-05 17:00:00+00:00;0.28;;
688105;unknown;control;2024-01-05 17:15:00+00:00;0.484;;
688105;unknown;control;2024-01-05 17:30:00+00:00;0.613;;
688105;unknown;control;2024-01-05 17:45:00+00:00;0.852;;
688105;unknown;control;2024-01-05 18:00:00+00:00;0.844;;
688105;unknown;control;2024-01-05 18:15:00+00:00;0.865;;
688105;unknown;control;2024-01-05 18:30:00+00:00;0.994;;
688105;unknown;control;2024-01-05 18:45:00+00:00;0.384;;
688105;unknown;control;2024-01-05 19:00:00+00:00;0.206;;
688105;unknown;control;2024-01-05 19:15:00+00:00;0.42;;
688105;unknown;control;2024-01-05 19:30:00+00:00;0.866;;
688105;unknown;control;2024-01-05 19:45:00+00:00;0.89;;
688105;unknown;control;2024-01-05 20:00:00+00:00;0.931;;
688105;unknown;control;2024-01-05 20:15:00+00:00;0.648;;
688105;unknown;control;2024-01-05 20:30:00+00:00;0.208;;
688105;unknown;control;2024-01-05 20:45:00+00:00;0.204;;
688105;unknown;control;2024-01-05 21:00:00+00:00;0.193;;
688105;unknown;control;2024-01-05 21:15:00+00:00;0.191;;
688105;unknown;control;2024-01-05 21:30:00+00:00;0.204;;
688105;unknown;control;2024-01-05 21:45:00+00:00;0.177;;
688105;unknown;control;2024-01-05 22:00:00+00:00;0.162;;
688105;unknown;control;2024-01-05 22:15:00+00:00;0.151;;
688105;unknown;control;2024-01-05 22:30:00+00:00;0.179;;
688105;unknown;control;2024-01-05 22:45:00+00:00;0.122;;
688105;unknown;control;2024-01-05 23:00:00+00:00;0.115;;
688105;unknown;control;2024-01-05 23:15:00+00:00;0.104;;
688105;unknown;control;2024-01-05 23:30:00+00:00;0.111;;
688105;unknown;control;2024-01-05 23:45:00+00:00;0.326;;
688105;unknown;control;2024-01-06 00:00:00+00:00;0.866;;
688105;unknown;control;2024-01-06 00:15:00+00:00;0.922;;
688105;unknown;control;2024-01-06 00:30:00+00:00;0.46;;
688105;unknown;control;2024-01-06 00:45:00+00:00;0.084;;
688105;unknown;control;2024-01-06 01:00:00+00:00;0.09;;
688105;unknown;control;2024-01-06 01:15:00+00:00;0.106;;
688105;unknown;control;2024-01-06 01:30:00+00:00;0.9;;
688105;unknown;control;2024-01-06 01:45:00+00:00;0.89;;
688105;unknown;control;2024-01-06 02:00:00+00:00;0.881;;
688105;unknown;control;2024-01-06 02:15:00+00:00;0.887;;
688105;unknown;control;2024-01-06 02:30:00+00:00;0.751;;
688105;unknown;control;2024-01-06 02:45:00+00:00;0.137;;
688105;unknown;control;2024-01-06 03:00:00+00:00;0.752;;
688105;unknown;control;2024-01-06 03:15:00+00:00;0.815;;
688105;unknown;control;2024-01-06 03:30:00+00:00;0.817;;
688105;unknown;control;2024-01-06 03:45:00+00:00;0.82;;
688105;unknown;control;2024-01-06 04:00:00+00:00;0.836;;
688105;unknown;control;2024-01-06 04:15:00+00:00;0.857;;
688105;unknown;control;2024-01-06 04:30:00+00:00;0.884;;
688105;unknown;control;2024-01-06 04:45:00+00:00;0.759;;
688105;unknown;control;2024-01-06 05:00:00+00:00;0.118;;
688105;unknown;control;2024-01-06 05:15:00+00:00;0.098;;
688105;unknown;control;2024-01-06 05:30:00+00:00;0.42;;
688105;unknown;control;2024-01-06 05:45:00+00:00;0.288;;
688105;unknown;control;2024-01-06 06:00:00+00:00;0.099;;
688105;unknown;control;2024-01-06 06:15:00+00:00;0.194;;
688105;unknown;control;2024-01-06 06:30:00+00:00;0.151;;
688105;unknown;control;2024-01-06 06:45:00+00:00;0.133;;
688105;unknown;control;2024-01-06 07:00:00+00:00;0.129;;
688105;unknown;control;2024-01-06 07:15:00+00:00;0.314;;
688105;unknown;control;2024-01-06 07:30:00+00:00;0.13;;
688105;unknown;control;2024-01-06 07:45:00+00:00;0.128;;
688105;unknown;control;2024-01-06 08:00:00+00:00;0.102;;
688105;unknown;control;2024-01-06 08:15:00+00:00;0.099;;
688105;unknown;control;2024-01-06 08:30:00+00:00;0.062;;
688105;unknown;control;2024-01-06 08:45:00+00:00;0.058;;
688105;unknown;control;2024-01-06 09:00:00+00:00;0.384;;
688105;unknown;control;2024-01-06 09:15:00+00:00;0.498;;
688105;unknown;control;2024-01-06 09:30:00+00:00;0.001;;
688105;unknown;control;2024-01-06 09:45:00+00:00;0.021;;
688105;unknown;control;2024-01-06 10:00:00+00:00;0.037;;
688105;unknown;control;2024-01-06 10:15:00+00:00;0.033;;
688105;unknown;control;2024-01-06 10:30:00+00:00;0.019;;
688105;unknown;control;2024-01-06 10:45:00+00:00;0.0;;
688105;unknown;control;2024-01-06 11:00:00+00:00;0.0;;
688105;unknown;control;2024-01-06 11:15:00+00:00;0.006;;
688105;unknown;control;2024-01-06 11:30:00+00:00;0.146;;
688105;unknown;control;2024-01-06 11:45:00+00:00;0.439;;
688105;unknown;control;2024-01-06 12:00:00+00:00;0.056;;
688105;unknown;control;2024-01-06 12:15:00+00:00;0.132;;
688105;unknown;control;2024-01-06 12:30:00+00:00;0.275;;
688105;unknown;control;2024-01-06 12:45:00+00:00;0.166;;
688105;unknown;control;2024-01-06 13:00:00+00:00;0.241;;
688105;unknown;control;2024-01-06 13:15:00+00:00;0.223;;
688105;unknown;control;2024-01-06 13:30:00+00:00;0.256;;
688105;unknown;control;2024-01-06 13:45:00+00:00;0.324;;
688105;unknown;control;2024-01-06 14:00:00+00:00;0.482;;
688105;unknown;control;2024-01-06 14:15:00+00:00;0.353;;
688105;unknown;control;2024-01-06 14:30:00+00:00;0.716;;
688105;unknown;control;2024-01-06 14:45:00+00:00;0.764;;
688105;unknown;control;2024-01-06 15:00:00+00:00;0.847;;
688105;unknown;control;2024-01-06 15:15:00+00:00;0.857;;
688105;unknown;control;2024-01-06 15:30:00+00:00;0.895;;
688105;unknown;control;2024-01-06 15:45:00+00:00;0.868;;
688105;unknown;control;2024-01-06 16:00:00+00:00;0.919;;
688105;unknown;control;2024-01-06 16:15:00+00:00;0.986;;
688105;unknown;control;2024-01-06 16:30:00+00:00;0.923;;
688105;unknown;control;2024-01-06 16:45:00+00:00;0.964;;
688105;unknown;control;2024-01-06 17:00:00+00:00;1.393;;
688105;unknown;control;2024-01-06 17:15:00+00:00;1.62;;
688105;unknown;control;2024-01-06 17:30:00+00:00;0.924;;
688105;unknown;control;2024-01-06 17:45:00+00:00;0.125;;
688105;unknown;control;2024-01-06 18:00:00+00:00;0.169;;
688105;unknown;control;2024-01-06 18:15:00+00:00;1.031;;
688105;unknown;control;2024-01-06 18:30:00+00:00;0.926;;
688105;unknown;control;2024-01-06 18:45:00+00:00;0.895;;
688105;unknown;control;2024-01-06 19:00:00+00:00;0.913;;
688105;unknown;control;2024-01-06 19:15:00+00:00;0.95;;
688105;unknown;control;2024-01-06 19:30:00+00:00;0.39;;
688105;unknown;control;2024-01-06 19:45:00+00:00;0.22;;
688105;unknown;control;2024-01-06 20:00:00+00:00;0.511;;
688105;unknown;control;2024-01-06 20:15:00+00:00;0.896;;
688105;unknown;control;2024-01-06 20:30:00+00:00;0.983;;
688105;unknown;control;2024-01-06 20:45:00+00:00;0.423;;
688105;unknown;control;2024-01-06 21:00:00+00:00;0.207;;
688105;unknown;control;2024-01-06 21:15:00+00:00;0.206;;
688105;unknown;control;2024-01-06 21:30:00+00:00;0.207;;
688105;unknown;control;2024-01-06 21:45:00+00:00;0.205;;
688105;unknown;control;2024-01-06 22:00:00+00:00;0.194;;
688105;unknown;control;2024-01-06 22:15:00+00:00;0.196;;
688105;unknown;control;2024-01-06 22:30:00+00:00;0.208;;
688105;unknown;control;2024-01-06 22:45:00+00:00;0.21;;
688105;unknown;control;2024-01-06 23:00:00+00:00;0.214;;
688105;unknown;control;2024-01-06 23:15:00+00:00;0.154;;
688105;unknown;control;2024-01-06 23:30:00+00:00;0.116;;
688105;unknown;control;2024-01-06 23:45:00+00:00;0.319;;
688105;unknown;control;2024-01-07 00:00:00+00:00;0.89;;
688105;unknown;control;2024-01-07 00:15:00+00:00;0.965;;
688105;unknown;control;2024-01-07 00:30:00+00:00;0.269;;
688105;unknown;control;2024-01-07 00:45:00+00:00;0.1;;
688105;unknown;control;2024-01-07 01:00:00+00:00;0.098;;
688105;unknown;control;2024-01-07 01:15:00+00:00;0.088;;
688105;unknown;control;2024-01-07 01:30:00+00:00;0.864;;
688105;unknown;control;2024-01-07 01:45:00+00:00;0.887;;
688105;unknown;control;2024-01-07 02:00:00+00:00;0.894;;
688105;unknown;control;2024-01-07 02:15:00+00:00;0.905;;
688105;unknown;control;2024-01-07 02:30:00+00:00;0.897;;
688105;unknown;control;2024-01-07 02:45:00+00:00;0.615;;
688105;unknown;control;2024-01-07 03:00:00+00:00;0.746;;
688105;unknown;control;2024-01-07 03:15:00+00:00;0.795;;
688105;unknown;control;2024-01-07 03:30:00+00:00;0.826;;
688105;unknown;control;2024-01-07 03:45:00+00:00;0.835;;
688105;unknown;control;2024-01-07 04:00:00+00:00;0.84;;
688105;unknown;control;2024-01-07 04:15:00+00:00;0.856;;
688105;unknown;control;2024-01-07 04:30:00+00:00;0.867;;
688105;unknown;control;2024-01-07 04:45:00+00:00;0.868;;
688105;unknown;control;2024-01-07 05:00:00+00:00;0.901;;
688105;unknown;control;2024-01-07 05:15:00+00:00;0.899;;
688105;unknown;control;2024-01-07 05:30:00+00:00;0.555;;
688105;unknown;control;2024-01-07 05:45:00+00:00;0.113;;
688105;unknown;control;2024-01-07 06:00:00+00:00;0.113;;
688105;unknown;control;2024-01-07 06:15:00+00:00;0.111;;
688105;unknown;control;2024-01-07 06:30:00+00:00;0.108;;
688105;unknown;control;2024-01-07 06:45:00+00:00;0.111;;
688105;unknown;control;2024-01-07 07:00:00+00:00;0.099;;
688105;unknown;control;2024-01-07 07:15:00+00:00;0.1;;
688105;unknown;control;2024-01-07 07:30:00+00:00;0.17;;
688105;unknown;control;2024-01-07 07:45:00+00:00;0.355;;
688105;unknown;control;2024-01-07 08:00:00+00:00;0.088;;
688105;unknown;control;2024-01-07 08:15:00+00:00;0.537;;
688105;unknown;control;2024-01-07 08:30:00+00:00;0.151;;
688105;unknown;control;2024-01-07 08:45:00+00:00;0.0;;
688105;unknown;control;2024-01-07 09:00:00+00:00;0.0;;
688105;unknown;control;2024-01-07 09:15:00+00:00;0.0;;
688105;unknown;control;2024-01-07 09:30:00+00:00;0.0;;
688105;unknown;control;2024-01-07 09:45:00+00:00;0.0;;
688105;unknown;control;2024-01-07 10:00:00+00:00;0.0;;
688105;unknown;control;2024-01-07 10:15:00+00:00;0.0;;
688105;unknown;control;2024-01-07 10:30:00+00:00;0.0;;
688105;unknown;control;2024-01-07 10:45:00+00:00;0.0;;
688105;unknown;control;2024-01-07 11:00:00+00:00;0.044;;
688105;unknown;control;2024-01-07 11:15:00+00:00;0.165;;
688105;unknown;control;2024-01-07 11:30:00+00:00;0.0;;
688105;unknown;control;2024-01-07 11:45:00+00:00;0.0;;
688105;unknown;control;2024-01-07 12:00:00+00:00;0.481;;
688105;unknown;control;2024-01-07 12:15:00+00:00;0.096;;
688105;unknown;control;2024-01-07 12:30:00+00:00;0.076;;
688105;unknown;control;2024-01-07 12:45:00+00:00;0.013;;
688105;unknown;control;2024-01-07 13:00:00+00:00;0.093;;
688105;unknown;control;2024-01-07 13:15:00+00:00;0.063;;
688105;unknown;control;2024-01-07 13:30:00+00:00;0.059;;
688105;unknown;control;2024-01-07 13:45:00+00:00;0.222;;
688105;unknown;control;2024-01-07 14:00:00+00:00;0.278;;
688105;unknown;control;2024-01-07 14:15:00+00:00;0.427;;
688105;unknown;control;2024-01-07 14:30:00+00:00;0.714;;
688105;unknown;control;2024-01-07 14:45:00+00:00;0.755;;
688105;unknown;control;2024-01-07 15:00:00+00:00;0.833;;
688105;unknown;control;2024-01-07 15:15:00+00:00;0.814;;
688105;unknown;control;2024-01-07 15:30:00+00:00;0.813;;
688105;unknown;control;2024-01-07 15:45:00+00:00;0.823;;
688105;unknown;control;2024-01-07 16:00:00+00:00;0.83;;
688105;unknown;control;2024-01-07 16:15:00+00:00;0.854;;
688105;unknown;control;2024-01-07 16:30:00+00:00;1.033;;
688105;unknown;control;2024-01-07 16:45:00+00:00;1.292;;
688105;unknown;control;2024-01-07 17:00:00+00:00;1.074;;
688105;unknown;control;2024-01-07 17:15:00+00:00;0.892;;
688105;unknown;control;2024-01-07 17:30:00+00:00;0.897;;
688105;unknown;control;2024-01-07 17:45:00+00:00;0.884;;
688105;unknown;control;2024-01-07 18:00:00+00:00;0.956;;
688105;unknown;control;2024-01-07 18:15:00+00:00;1.058;;
688105;unknown;control;2024-01-07 18:30:00+00:00;0.959;;
688105;unknown;control;2024-01-07 18:45:00+00:00;0.963;;
688105;unknown;control;2024-01-07 19:00:00+00:00;0.962;;
688105;unknown;control;2024-01-07 19:15:00+00:00;0.973;;
688105;unknown;control;2024-01-07 19:30:00+00:00;1.034;;
688105;unknown;control;2024-01-07 19:45:00+00:00;0.984;;
688105;unknown;control;2024-01-07 20:00:00+00:00;0.996;;
688105;unknown;control;2024-01-07 20:15:00+00:00;0.826;;
688105;unknown;control;2024-01-07 20:30:00+00:00;0.134;;
688105;unknown;control;2024-01-07 20:45:00+00:00;0.126;;
688105;unknown;control;2024-01-07 21:00:00+00:00;0.116;;
688105;unknown;control;2024-01-07 21:15:00+00:00;0.11;;
688105;unknown;control;2024-01-07 21:30:00+00:00;0.096;;
688105;unknown;control;2024-01-07 21:45:00+00:00;0.094;;
688105;unknown;control;2024-01-07 22:00:00+00:00;0.095;;
688105;unknown;control;2024-01-07 22:15:00+00:00;0.106;;
688105;unknown;control;2024-01-07 22:30:00+00:00;0.126;;
688105;unknown;control;2024-01-07 22:45:00+00:00;0.126;;
688105;unknown;control;2024-01-07 23:00:00+00:00;0.12;;
688105;unknown;control;2024-01-07 23:15:00+00:00;0.093;;
688105;unknown;control;2024-01-07 23:30:00+00:00;0.085;;
688105;unknown;control;2024-01-07 23:45:00+00:00;0.299;;
688105;unknown;control;2024-01-08 00:00:00+00:00;0.837;;
688105;unknown;control;2024-01-08 00:15:00+00:00;0.91;;
688105;unknown;control;2024-01-08 00:30:00+00:00;0.59;;
688105;unknown;control;2024-01-08 00:45:00+00:00;0.1;;
688105;unknown;control;2024-01-08 01:00:00+00:00;0.099;;
688105;unknown;control;2024-01-08 01:15:00+00:00;0.094;;
688105;unknown;control;2024-01-08 01:30:00+00:00;0.865;;
688105;unknown;control;2024-01-08 01:45:00+00:00;0.89;;
688105;unknown;control;2024-01-08 02:00:00+00:00;0.898;;
688105;unknown;control;2024-01-08 02:15:00+00:00;1.03;;
688105;unknown;control;2024-01-08 02:30:00+00:00;1.219;;
688105;unknown;control;2024-01-08 02:45:00+00:00;0.788;;
688105;unknown;control;2024-01-08 03:00:00+00:00;0.819;;
688105;unknown;control;2024-01-08 03:15:00+00:00;0.829;;
688105;unknown;control;2024-01-08 03:30:00+00:00;0.845;;
688105;unknown;control;2024-01-08 03:45:00+00:00;0.85;;
688105;unknown;control;2024-01-08 04:00:00+00:00;0.845;;
688105;unknown;control;2024-01-08 04:15:00+00:00;0.848;;
688105;unknown;control;2024-01-08 04:30:00+00:00;0.857;;
688105;unknown;control;2024-01-08 04:45:00+00:00;0.871;;
688105;unknown;control;2024-01-08 05:00:00+00:00;0.886;;
688105;unknown;control;2024-01-08 05:15:00+00:00;1.06;;
688105;unknown;control;2024-01-08 05:30:00+00:00;1.736;;
688105;unknown;control;2024-01-08 05:45:00+00:00;0.92;;
688105;unknown;control;2024-01-08 06:00:00+00:00;0.12;;
688105;unknown;control;2024-01-08 06:15:00+00:00;0.093;;
688105;unknown;control;2024-01-08 06:30:00+00:00;0.092;;
688105;unknown;control;2024-01-08 06:45:00+00:00;0.104;;
688105;unknown;control;2024-01-08 07:00:00+00:00;0.121;;
688105;unknown;control;2024-01-08 07:15:00+00:00;0.114;;
688105;unknown;control;2024-01-08 07:30:00+00:00;0.1;;
688105;unknown;control;2024-01-08 07:45:00+00:00;0.097;;
688105;unknown;control;2024-01-08 08:00:00+00:00;0.089;;
688105;unknown;control;2024-01-08 08:15:00+00:00;0.083;;
688105;unknown;control;2024-01-08 08:30:00+00:00;0.323;;
688105;unknown;control;2024-01-08 08:45:00+00:00;0.74;;
688105;unknown;control;2024-01-08 09:00:00+00:00;0.089;;
688105;unknown;control;2024-01-08 09:15:00+00:00;0.089;;
688105;unknown;control;2024-01-08 09:30:00+00:00;0.099;;
688105;unknown;control;2024-01-08 09:45:00+00:00;0.108;;
688105;unknown;control;2024-01-08 10:00:00+00:00;0.133;;
688105;unknown;control;2024-01-08 10:15:00+00:00;0.138;;
688105;unknown;control;2024-01-08 10:30:00+00:00;0.129;;
688105;unknown;control;2024-01-08 10:45:00+00:00;0.114;;
688105;unknown;control;2024-01-08 11:00:00+00:00;0.433;;
688105;unknown;control;2024-01-08 11:15:00+00:00;0.72;;
688105;unknown;control;2024-01-08 11:30:00+00:00;0.762;;
688105;unknown;control;2024-01-08 11:45:00+00:00;0.235;;
688105;unknown;control;2024-01-08 12:00:00+00:00;0.142;;
688105;unknown;control;2024-01-08 12:15:00+00:00;0.134;;
688105;unknown;control;2024-01-08 12:30:00+00:00;0.222;;
688105;unknown;control;2024-01-08 12:45:00+00:00;0.754;;
688105;unknown;control;2024-01-08 13:00:00+00:00;0.496;;
688105;unknown;control;2024-01-08 13:15:00+00:00;0.115;;
688105;unknown;control;2024-01-08 13:30:00+00:00;0.127;;
688105;unknown;control;2024-01-08 13:45:00+00:00;0.139;;
688105;unknown;control;2024-01-08 14:00:00+00:00;0.669;;
688105;unknown;control;2024-01-08 14:15:00+00:00;0.772;;
688105;unknown;control;2024-01-08 14:30:00+00:00;0.796;;
688105;unknown;control;2024-01-08 14:45:00+00:00;0.789;;
688105;unknown;control;2024-01-08 15:00:00+00:00;0.773;;
688105;unknown;control;2024-01-08 15:15:00+00:00;0.786;;
688105;unknown;control;2024-01-08 15:30:00+00:00;0.803;;
688105;unknown;control;2024-01-08 15:45:00+00:00;0.813;;
688105;unknown;control;2024-01-08 16:00:00+00:00;0.814;;
688105;unknown;control;2024-01-08 16:15:00+00:00;0.815;;
688105;unknown;control;2024-01-08 16:30:00+00:00;0.821;;
688105;unknown;control;2024-01-08 16:45:00+00:00;0.824;;
688105;unknown;control;2024-01-08 17:00:00+00:00;0.894;;
688105;unknown;control;2024-01-08 17:15:00+00:00;0.898;;
688105;unknown;control;2024-01-08 17:30:00+00:00;0.946;;
688105;unknown;control;2024-01-08 17:45:00+00:00;0.943;;
688105;unknown;control;2024-01-08 18:00:00+00:00;0.909;;
688105;unknown;control;2024-01-08 18:15:00+00:00;0.984;;
688105;unknown;control;2024-01-08 18:30:00+00:00;0.912;;
688105;unknown;control;2024-01-08 18:45:00+00:00;0.969;;
688105;unknown;control;2024-01-08 19:00:00+00:00;1.095;;
688105;unknown;control;2024-01-08 19:15:00+00:00;0.96;;
688105;unknown;control;2024-01-08 19:30:00+00:00;1.022;;
688105;unknown;control;2024-01-08 19:45:00+00:00;0.971;;
688105;unknown;control;2024-01-08 20:00:00+00:00;0.969;;
688105;unknown;control;2024-01-08 20:15:00+00:00;0.982;;
688105;unknown;control;2024-01-08 20:30:00+00:00;0.969;;
688105;unknown;control;2024-01-08 20:45:00+00:00;0.431;;
688105;unknown;control;2024-01-08 21:00:00+00:00;0.207;;
688105;unknown;control;2024-01-08 21:15:00+00:00;0.201;;
688105;unknown;control;2024-01-08 21:30:00+00:00;0.169;;
688105;unknown;control;2024-01-08 21:45:00+00:00;0.119;;
688105;unknown;control;2024-01-08 22:00:00+00:00;0.114;;
688105;unknown;control;2024-01-08 22:15:00+00:00;0.111;;
688105;unknown;control;2024-01-08 22:30:00+00:00;0.103;;
688105;unknown;control;2024-01-08 22:45:00+00:00;0.1;;
688105;unknown;control;2024-01-08 23:00:00+00:00;0.102;;
688105;unknown;control;2024-01-08 23:15:00+00:00;0.099;;
688105;unknown;control;2024-01-08 23:30:00+00:00;0.103;;
688105;unknown;control;2024-01-08 23:45:00+00:00;0.315;;
688105;unknown;control;2024-01-09 00:00:00+00:00;0.806;;
688105;unknown;control;2024-01-09 00:15:00+00:00;0.843;;
688105;unknown;control;2024-01-09 00:30:00+00:00;0.88;;
688105;unknown;control;2024-01-09 00:45:00+00:00;0.919;;
688105;unknown;control;2024-01-09 01:00:00+00:00;0.309;;
688105;unknown;control;2024-01-09 01:15:00+00:00;0.109;;
688105;unknown;control;2024-01-09 01:30:00+00:00;0.901;;
688105;unknown;control;2024-01-09 01:45:00+00:00;0.903;;
688105;unknown;control;2024-01-09 02:00:00+00:00;0.895;;
688105;unknown;control;2024-01-09 02:15:00+00:00;1.176;;
688105;unknown;control;2024-01-09 02:30:00+00:00;0.768;;
688105;unknown;control;2024-01-09 02:45:00+00:00;0.792;;
688105;unknown;control;2024-01-09 03:00:00+00:00;0.832;;
688105;unknown;control;2024-01-09 03:15:00+00:00;0.846;;
688105;unknown;control;2024-01-09 03:30:00+00:00;0.859;;
688105;unknown;control;2024-01-09 03:45:00+00:00;0.858;;
688105;unknown;control;2024-01-09 04:00:00+00:00;0.861;;
688105;unknown;control;2024-01-09 04:15:00+00:00;0.944;;
688105;unknown;control;2024-01-09 04:30:00+00:00;0.887;;
688105;unknown;control;2024-01-09 04:45:00+00:00;0.93;;
688105;unknown;control;2024-01-09 05:00:00+00:00;1.315;;
688105;unknown;control;2024-01-09 05:15:00+00:00;1.346;;
688105;unknown;control;2024-01-09 05:30:00+00:00;0.883;;
688105;unknown;control;2024-01-09 05:45:00+00:00;0.797;;
688105;unknown;control;2024-01-09 06:00:00+00:00;0.151;;
688105;unknown;control;2024-01-09 06:15:00+00:00;0.156;;
688105;unknown;control;2024-01-09 06:30:00+00:00;0.271;;
688105;unknown;control;2024-01-09 06:45:00+00:00;0.14;;
688105;unknown;control;2024-01-09 07:00:00+00:00;0.112;;
688105;unknown;control;2024-01-09 07:15:00+00:00;0.204;;
688105;unknown;control;2024-01-09 07:30:00+00:00;0.248;;
688105;unknown;control;2024-01-09 07:45:00+00:00;0.278;;
688105;unknown;control;2024-01-09 08:00:00+00:00;0.306;;
688105;unknown;control;2024-01-09 08:15:00+00:00;0.968;;
688105;unknown;control;2024-01-09 08:30:00+00:00;0.983;;
688105;unknown;control;2024-01-09 08:45:00+00:00;0.323;;
688105;unknown;control;2024-01-09 09:00:00+00:00;0.323;;
688105;unknown;control;2024-01-09 09:15:00+00:00;0.604;;
688105;unknown;control;2024-01-09 09:30:00+00:00;0.817;;
688105;unknown;control;2024-01-09 09:45:00+00:00;1.422;;
688105;unknown;control;2024-01-09 10:00:00+00:00;0.382;;
688105;unknown;control;2024-01-09 10:15:00+00:00;0.08;;
688105;unknown;control;2024-01-09 10:30:00+00:00;0.076;;
688105;unknown;control;2024-01-09 10:45:00+00:00;0.077;;
688105;unknown;control;2024-01-09 11:00:00+00:00;0.409;;
688105;unknown;control;2024-01-09 11:15:00+00:00;0.726;;
688105;unknown;control;2024-01-09 11:30:00+00:00;0.79;;
688105;unknown;control;2024-01-09 11:45:00+00:00;0.087;;
688105;unknown;control;2024-01-09 12:00:00+00:00;0.063;;
688105;unknown;control;2024-01-09 12:15:00+00:00;0.067;;
688105;unknown;control;2024-01-09 12:30:00+00:00;0.515;;
688105;unknown;control;2024-01-09 12:45:00+00:00;0.748;;
688105;unknown;control;2024-01-09 13:00:00+00:00;0.341;;
688105;unknown;control;2024-01-09 13:15:00+00:00;0.113;;
688105;unknown;control;2024-01-09 13:30:00+00:00;0.097;;
688105;unknown;control;2024-01-09 13:45:00+00:00;0.206;;
688105;unknown;control;2024-01-09 14:00:00+00:00;0.719;;
688105;unknown;control;2024-01-09 14:15:00+00:00;0.74;;
688105;unknown;control;2024-01-09 14:30:00+00:00;0.756;;
688105;unknown;control;2024-01-09 14:45:00+00:00;0.78;;
688105;unknown;control;2024-01-09 15:00:00+00:00;0.783;;
688105;unknown;control;2024-01-09 15:15:00+00:00;0.793;;
688105;unknown;control;2024-01-09 15:30:00+00:00;0.805;;
688105;unknown;control;2024-01-09 15:45:00+00:00;0.811;;
688105;unknown;control;2024-01-09 16:00:00+00:00;0.816;;
688105;unknown;control;2024-01-09 16:15:00+00:00;0.823;;
688105;unknown;control;2024-01-09 16:30:00+00:00;0.828;;
688105;unknown;control;2024-01-09 16:45:00+00:00;0.823;;
688105;unknown;control;2024-01-09 17:00:00+00:00;0.855;;
688105;unknown;control;2024-01-09 17:15:00+00:00;0.899;;
688105;unknown;control;2024-01-09 17:30:00+00:00;1.091;;
688105;unknown;control;2024-01-09 17:45:00+00:00;0.913;;
688105;unknown;control;2024-01-09 18:00:00+00:00;1.515;;
688105;unknown;control;2024-01-09 18:15:00+00:00;0.967;;
688105;unknown;control;2024-01-09 18:30:00+00:00;0.878;;
688105;unknown;control;2024-01-09 18:45:00+00:00;0.883;;
688105;unknown;control;2024-01-09 19:00:00+00:00;1.033;;
688105;unknown;control;2024-01-09 19:15:00+00:00;0.934;;
688105;unknown;control;2024-01-09 19:30:00+00:00;0.948;;
688105;unknown;control;2024-01-09 19:45:00+00:00;0.957;;
688105;unknown;control;2024-01-09 20:00:00+00:00;0.965;;
688105;unknown;control;2024-01-09 20:15:00+00:00;0.959;;
688105;unknown;control;2024-01-09 20:30:00+00:00;0.957;;
688105;unknown;control;2024-01-09 20:45:00+00:00;0.413;;
688105;unknown;control;2024-01-09 21:00:00+00:00;0.205;;
688105;unknown;control;2024-01-09 21:15:00+00:00;0.167;;
688105;unknown;control;2024-01-09 21:30:00+00:00;0.129;;
688105;unknown;control;2024-01-09 21:45:00+00:00;0.105;;
688105;unknown;control;2024-01-09 22:00:00+00:00;0.094;;
688105;unknown;control;2024-01-09 22:15:00+00:00;0.095;;
688105;unknown;control;2024-01-09 22:30:00+00:00;0.095;;
688105;unknown;control;2024-01-09 22:45:00+00:00;0.107;;
688105;unknown;control;2024-01-09 23:00:00+00:00;0.318;;
688105;unknown;control;2024-01-09 23:15:00+00:00;0.785;;
688105;unknown;control;2024-01-09 23:30:00+00:00;0.487;;
688105;unknown;control;2024-01-09 23:45:00+00:00;0.326;;
688105;unknown;control;2024-01-10 00:00:00+00:00;0.845;;
688105;unknown;control;2024-01-10 00:15:00+00:00;0.883;;
688105;unknown;control;2024-01-10 00:30:00+00:00;0.93;;
688105;unknown;control;2024-01-10 00:45:00+00:00;0.64;;
688105;unknown;control;2024-01-10 01:00:00+00:00;0.088;;
688105;unknown;control;2024-01-10 01:15:00+00:00;0.099;;
688105;unknown;control;2024-01-10 01:30:00+00:00;0.878;;
688105;unknown;control;2024-01-10 01:45:00+00:00;0.888;;
688105;unknown;control;2024-01-10 02:00:00+00:00;0.89;;
688105;unknown;control;2024-01-10 02:15:00+00:00;1.53;;
688105;unknown;control;2024-01-10 02:30:00+00:00;1.578;;
688105;unknown;control;2024-01-10 02:45:00+00:00;1.194;;
688105;unknown;control;2024-01-10 03:00:00+00:00;0.824;;
688105;unknown;control;2024-01-10 03:15:00+00:00;0.836;;
688105;unknown;control;2024-01-10 03:30:00+00:00;0.855;;
688105;unknown;control;2024-01-10 03:45:00+00:00;0.868;;
688105;unknown;control;2024-01-10 04:00:00+00:00;0.884;;
688105;unknown;control;2024-01-10 04:15:00+00:00;0.882;;
688105;unknown;control;2024-01-10 04:30:00+00:00;0.862;;
688105;unknown;control;2024-01-10 04:45:00+00:00;0.865;;
688105;unknown;control;2024-01-10 05:00:00+00:00;0.941;;
688105;unknown;control;2024-01-10 05:15:00+00:00;0.91;;
688105;unknown;control;2024-01-10 05:30:00+00:00;1.213;;
688105;unknown;control;2024-01-10 05:45:00+00:00;1.14;;
688105;unknown;control;2024-01-10 06:00:00+00:00;0.147;;
688105;unknown;control;2024-01-10 06:15:00+00:00;0.134;;
688105;unknown;control;2024-01-10 06:30:00+00:00;0.27;;
688105;unknown;control;2024-01-10 06:45:00+00:00;0.12;;
688105;unknown;control;2024-01-10 07:00:00+00:00;0.125;;
688105;unknown;control;2024-01-10 07:15:00+00:00;0.139;;
688105;unknown;control;2024-01-10 07:30:00+00:00;0.122;;
688105;unknown;control;2024-01-10 07:45:00+00:00;0.111;;
688105;unknown;control;2024-01-10 08:00:00+00:00;0.466;;
688105;unknown;control;2024-01-10 08:15:00+00:00;0.696;;
688105;unknown;control;2024-01-10 08:30:00+00:00;0.095;;
688105;unknown;control;2024-01-10 08:45:00+00:00;0.107;;
688105;unknown;control;2024-01-10 09:00:00+00:00;0.1;;
688105;unknown;control;2024-01-10 09:15:00+00:00;0.259;;
688105;unknown;control;2024-01-10 09:30:00+00:00;0.727;;
688105;unknown;control;2024-01-10 09:45:00+00:00;0.174;;
688105;unknown;control;2024-01-10 10:00:00+00:00;0.072;;
688105;unknown;control;2024-01-10 10:15:00+00:00;0.08;;
688105;unknown;control;2024-01-10 10:30:00+00:00;0.09;;
688105;unknown;control;2024-01-10 10:45:00+00:00;0.091;;
688105;unknown;control;2024-01-10 11:00:00+00:00;0.41;;
688105;unknown;control;2024-01-10 11:15:00+00:00;0.729;;
688105;unknown;control;2024-01-10 11:30:00+00:00;0.321;;
688105;unknown;control;2024-01-10 11:45:00+00:00;0.082;;
688105;unknown;control;2024-01-10 12:00:00+00:00;0.086;;
688105;unknown;control;2024-01-10 12:15:00+00:00;0.098;;
688105;unknown;control;2024-01-10 12:30:00+00:00;0.301;;
688105;unknown;control;2024-01-10 12:45:00+00:00;0.735;;
688105;unknown;control;2024-01-10 13:00:00+00:00;0.374;;
688105;unknown;control;2024-01-10 13:15:00+00:00;0.095;;
688105;unknown;control;2024-01-10 13:30:00+00:00;0.095;;
688105;unknown;control;2024-01-10 13:45:00+00:00;0.092;;
688105;unknown;control;2024-01-10 14:00:00+00:00;0.644;;
688105;unknown;control;2024-01-10 14:15:00+00:00;0.735;;
688105;unknown;control;2024-01-10 14:30:00+00:00;0.746;;
688105;unknown;control;2024-01-10 14:45:00+00:00;0.758;;
688105;unknown;control;2024-01-10 15:00:00+00:00;0.78;;
688105;unknown;control;2024-01-10 15:15:00+00:00;0.788;;
688105;unknown;control;2024-01-10 15:30:00+00:00;0.813;;
688105;unknown;control;2024-01-10 15:45:00+00:00;0.821;;
688105;unknown;control;2024-01-10 16:00:00+00:00;0.805;;
688105;unknown;control;2024-01-10 16:15:00+00:00;0.804;;
688105;unknown;control;2024-01-10 16:30:00+00:00;0.81;;
688105;unknown;control;2024-01-10 16:45:00+00:00;0.813;;
688105;unknown;control;2024-01-10 17:00:00+00:00;0.822;;
688105;unknown;control;2024-01-10 17:15:00+00:00;0.847;;
688105;unknown;control;2024-01-10 17:30:00+00:00;0.851;;
688105;unknown;control;2024-01-10 17:45:00+00:00;0.838;;
688105;unknown;control;2024-01-10 18:00:00+00:00;0.831;;
688105;unknown;control;2024-01-10 18:15:00+00:00;0.866;;
688105;unknown;control;2024-01-10 18:30:00+00:00;1.057;;
688105;unknown;control;2024-01-10 18:45:00+00:00;0.967;;
688105;unknown;control;2024-01-10 19:00:00+00:00;1.006;;
688105;unknown;control;2024-01-10 19:15:00+00:00;0.985;;
688105;unknown;control;2024-01-10 19:30:00+00:00;0.995;;
688105;unknown;control;2024-01-10 19:45:00+00:00;0.983;;
688105;unknown;control;2024-01-10 20:00:00+00:00;0.999;;
688105;unknown;control;2024-01-10 20:15:00+00:00;0.971;;
688105;unknown;control;2024-01-10 20:30:00+00:00;0.936;;
688105;unknown;control;2024-01-10 20:45:00+00:00;0.399;;
688105;unknown;control;2024-01-10 21:00:00+00:00;0.193;;
688105;unknown;control;2024-01-10 21:15:00+00:00;0.145;;
688105;unknown;control;2024-01-10 21:30:00+00:00;0.096;;
688105;unknown;control;2024-01-10 21:45:00+00:00;0.107;;
688105;unknown;control;2024-01-10 22:00:00+00:00;0.108;;
688105;unknown;control;2024-01-10 22:15:00+00:00;0.111;;
688105;unknown;control;2024-01-10 22:30:00+00:00;0.114;;
688105;unknown;control;2024-01-10 22:45:00+00:00;0.114;;
688105;unknown;control;2024-01-10 23:00:00+00:00;0.102;;
688105;unknown;control;2024-01-10 23:15:00+00:00;0.084;;
688105;unknown;control;2024-01-10 23:30:00+00:00;0.084;;
688105;unknown;control;2024-01-10 23:45:00+00:00;0.298;;
688105;unknown;control;2024-01-11 00:00:00+00:00;0.801;;
688105;unknown;control;2024-01-11 00:15:00+00:00;0.861;;
688105;unknown;control;2024-01-11 00:30:00+00:00;0.923;;
688105;unknown;control;2024-01-11 00:45:00+00:00;0.717;;
688105;unknown;control;2024-01-11 01:00:00+00:00;0.101;;
688105;unknown;control;2024-01-11 01:15:00+00:00;0.083;;
688105;unknown;control;2024-01-11 01:30:00+00:00;0.873;;
688105;unknown;control;2024-01-11 01:45:00+00:00;0.884;;
688105;unknown;control;2024-01-11 02:00:00+00:00;0.883;;
688105;unknown;control;2024-01-11 02:15:00+00:00;0.983;;
688105;unknown;control;2024-01-11 02:30:00+00:00;0.771;;
688105;unknown;control;2024-01-11 02:45:00+00:00;0.8;;
688105;unknown;control;2024-01-11 03:00:00+00:00;0.824;;
688105;unknown;control;2024-01-11 03:15:00+00:00;0.837;;
688105;unknown;control;2024-01-11 03:30:00+00:00;0.836;;
688105;unknown;control;2024-01-11 03:45:00+00:00;0.839;;
688105;unknown;control;2024-01-11 04:00:00+00:00;0.85;;
688105;unknown;control;2024-01-11 04:15:00+00:00;0.867;;
688105;unknown;control;2024-01-11 04:30:00+00:00;0.874;;
688105;unknown;control;2024-01-11 04:45:00+00:00;0.865;;
688105;unknown;control;2024-01-11 05:00:00+00:00;0.886;;
688105;unknown;control;2024-01-11 05:15:00+00:00;0.89;;
688105;unknown;control;2024-01-11 05:30:00+00:00;1.276;;
688105;unknown;control;2024-01-11 05:45:00+00:00;1.148;;
688105;unknown;control;2024-01-11 06:00:00+00:00;0.129;;
688105;unknown;control;2024-01-11 06:15:00+00:00;0.193;;
688105;unknown;control;2024-01-11 06:30:00+00:00;0.114;;
688105;unknown;control;2024-01-11 06:45:00+00:00;0.111;;
688105;unknown;control;2024-01-11 07:00:00+00:00;0.111;;
688105;unknown;control;2024-01-11 07:15:00+00:00;0.171;;
688105;unknown;control;2024-01-11 07:30:00+00:00;0.131;;
688105;unknown;control;2024-01-11 07:45:00+00:00;0.131;;
688105;unknown;control;2024-01-11 08:00:00+00:00;0.152;;
688105;unknown;control;2024-01-11 08:15:00+00:00;0.114;;
688105;unknown;control;2024-01-11 08:30:00+00:00;0.314;;
688105;unknown;control;2024-01-11 08:45:00+00:00;0.768;;
688105;unknown;control;2024-01-11 09:00:00+00:00;0.418;;
688105;unknown;control;2024-01-11 09:15:00+00:00;0.36;;
688105;unknown;control;2024-01-11 09:30:00+00:00;0.653;;
688105;unknown;control;2024-01-11 09:45:00+00:00;0.175;;
688105;unknown;control;2024-01-11 10:00:00+00:00;0.143;;
688105;unknown;control;2024-01-11 10:15:00+00:00;0.194;;
688105;unknown;control;2024-01-11 10:30:00+00:00;0.144;;
688105;unknown;control;2024-01-11 10:45:00+00:00;0.156;;
688105;unknown;control;2024-01-11 11:00:00+00:00;0.442;;
688105;unknown;control;2024-01-11 11:15:00+00:00;0.725;;
688105;unknown;control;2024-01-11 11:30:00+00:00;0.74;;
688105;unknown;control;2024-01-11 11:45:00+00:00;0.527;;
688105;unknown;control;2024-01-11 12:00:00+00:00;0.101;;
688105;unknown;control;2024-01-11 12:15:00+00:00;0.159;;
688105;unknown;control;2024-01-11 12:30:00+00:00;0.232;;
688105;unknown;control;2024-01-11 12:45:00+00:00;0.353;;
688105;unknown;control;2024-01-11 13:00:00+00:00;0.751;;
688105;unknown;control;2024-01-11 13:15:00+00:00;0.683;;
688105;unknown;control;2024-01-11 13:30:00+00:00;0.094;;
688105;unknown;control;2024-01-11 13:45:00+00:00;0.096;;
688105;unknown;control;2024-01-11 14:00:00+00:00;0.299;;
688105;unknown;control;2024-01-11 14:15:00+00:00;0.75;;
688105;unknown;control;2024-01-11 14:30:00+00:00;0.843;;
688105;unknown;control;2024-01-11 14:45:00+00:00;0.787;;
688105;unknown;control;2024-01-11 15:00:00+00:00;0.783;;
688105;unknown;control;2024-01-11 15:15:00+00:00;0.79;;
688105;unknown;control;2024-01-11 15:30:00+00:00;0.983;;
688105;unknown;control;2024-01-11 15:45:00+00:00;1.13;;
688105;unknown;control;2024-01-11 16:00:00+00:00;0.841;;
688105;unknown;control;2024-01-11 16:15:00+00:00;0.86;;
688105;unknown;control;2024-01-11 16:30:00+00:00;0.86;;
688105;unknown;control;2024-01-11 16:45:00+00:00;0.854;;
688105;unknown;control;2024-01-11 17:00:00+00:00;0.856;;
688105;unknown;control;2024-01-11 17:15:00+00:00;0.825;;
688105;unknown;control;2024-01-11 17:30:00+00:00;0.828;;
688105;unknown;control;2024-01-11 17:45:00+00:00;0.829;;
688105;unknown;control;2024-01-11 18:00:00+00:00;0.836;;
688105;unknown;control;2024-01-11 18:15:00+00:00;1.089;;
688105;unknown;control;2024-01-11 18:30:00+00:00;1.253;;
688105;unknown;control;2024-01-11 18:45:00+00:00;0.861;;
688105;unknown;control;2024-01-11 19:00:00+00:00;0.943;;
688105;unknown;control;2024-01-11 19:15:00+00:00;0.883;;
688105;unknown;control;2024-01-11 19:30:00+00:00;0.879;;
688105;unknown;control;2024-01-11 19:45:00+00:00;0.877;;
688105;unknown;control;2024-01-11 20:00:00+00:00;0.897;;
688105;unknown;control;2024-01-11 20:15:00+00:00;1.042;;
688105;unknown;control;2024-01-11 20:30:00+00:00;0.973;;
688105;unknown;control;2024-01-11 20:45:00+00:00;0.324;;
688105;unknown;control;2024-01-11 21:00:00+00:00;0.119;;
688105;unknown;control;2024-01-11 21:15:00+00:00;0.113;;
688105;unknown;control;2024-01-11 21:30:00+00:00;0.112;;
688105;unknown;control;2024-01-11 21:45:00+00:00;0.112;;
688105;unknown;control;2024-01-11 22:00:00+00:00;0.109;;
688105;unknown;control;2024-01-11 22:15:00+00:00;0.109;;
688105;unknown;control;2024-01-11 22:30:00+00:00;0.106;;
688105;unknown;control;2024-01-11 22:45:00+00:00;0.117;;
688105;unknown;control;2024-01-11 23:00:00+00:00;0.107;;
688105;unknown;control;2024-01-11 23:15:00+00:00;0.086;;
688105;unknown;control;2024-01-11 23:30:00+00:00;0.088;;
688105;unknown;control;2024-01-11 23:45:00+00:00;0.298;;
688105;unknown;control;2024-01-12 00:00:00+00:00;0.806;;
688105;unknown;control;2024-01-12 00:15:00+00:00;0.86;;
688105;unknown;control;2024-01-12 00:30:00+00:00;0.906;;
688105;unknown;control;2024-01-12 00:45:00+00:00;0.933;;
688105;unknown;control;2024-01-12 01:00:00+00:00;0.596;;
688105;unknown;control;2024-01-12 01:15:00+00:00;0.086;;
688105;unknown;control;2024-01-12 01:30:00+00:00;0.871;;
688105;unknown;control;2024-01-12 01:45:00+00:00;0.879;;
688105;unknown;control;2024-01-12 02:00:00+00:00;0.893;;
688105;unknown;control;2024-01-12 02:15:00+00:00;1.215;;
688105;unknown;control;2024-01-12 02:30:00+00:00;0.984;;
688105;unknown;control;2024-01-12 02:45:00+00:00;0.798;;
688105;unknown;control;2024-01-12 03:00:00+00:00;0.828;;
688105;unknown;control;2024-01-12 03:15:00+00:00;0.838;;
688105;unknown;control;2024-01-12 03:30:00+00:00;0.835;;
688105;unknown;control;2024-01-12 03:45:00+00:00;0.859;;
688105;unknown;control;2024-01-12 04:00:00+00:00;0.863;;
688105;unknown;control;2024-01-12 04:15:00+00:00;0.852;;
688105;unknown;control;2024-01-12 04:30:00+00:00;0.857;;
688105;unknown;control;2024-01-12 04:45:00+00:00;0.87;;
688105;unknown;control;2024-01-12 05:00:00+00:00;0.887;;
688105;unknown;control;2024-01-12 05:15:00+00:00;0.895;;
688105;unknown;control;2024-01-12 05:30:00+00:00;1.108;;
688105;unknown;control;2024-01-12 05:45:00+00:00;1.179;;
688105;unknown;control;2024-01-12 06:00:00+00:00;0.17;;
688105;unknown;control;2024-01-12 06:15:00+00:00;0.137;;
688105;unknown;control;2024-01-12 06:30:00+00:00;0.131;;
688105;unknown;control;2024-01-12 06:45:00+00:00;0.306;;
688105;unknown;control;2024-01-12 07:00:00+00:00;0.132;;
688105;unknown;control;2024-01-12 07:15:00+00:00;0.149;;
688105;unknown;control;2024-01-12 07:30:00+00:00;0.149;;
688105;unknown;control;2024-01-12 07:45:00+00:00;0.14;;
688105;unknown;control;2024-01-12 08:00:00+00:00;0.165;;
688105;unknown;control;2024-01-12 08:15:00+00:00;0.585;;
688105;unknown;control;2024-01-12 08:30:00+00:00;0.878;;
688105;unknown;control;2024-01-12 08:45:00+00:00;0.16;;
688105;unknown;control;2024-01-12 09:00:00+00:00;0.169;;
688105;unknown;control;2024-01-12 09:15:00+00:00;0.167;;
688105;unknown;control;2024-01-12 09:30:00+00:00;0.336;;
688105;unknown;control;2024-01-12 09:45:00+00:00;0.814;;
688105;unknown;control;2024-01-12 10:00:00+00:00;0.165;;
688105;unknown;control;2024-01-12 10:15:00+00:00;0.16;;
688105;unknown;control;2024-01-12 10:30:00+00:00;0.168;;
688105;unknown;control;2024-01-12 10:45:00+00:00;0.135;;
688105;unknown;control;2024-01-12 11:00:00+00:00;0.457;;
688105;unknown;control;2024-01-12 11:15:00+00:00;0.892;;
688105;unknown;control;2024-01-12 11:30:00+00:00;0.534;;
688105;unknown;control;2024-01-12 11:45:00+00:00;0.201;;
688105;unknown;control;2024-01-12 12:00:00+00:00;0.443;;
688105;unknown;control;2024-01-12 12:15:00+00:00;0.119;;
688105;unknown;control;2024-01-12 12:30:00+00:00;0.405;;
688105;unknown;control;2024-01-12 12:45:00+00:00;0.768;;
688105;unknown;control;2024-01-12 13:00:00+00:00;0.401;;
688105;unknown;control;2024-01-12 13:15:00+00:00;0.124;;
688105;unknown;control;2024-01-12 13:30:00+00:00;0.115;;
688105;unknown;control;2024-01-12 13:45:00+00:00;0.326;;
688105;unknown;control;2024-01-12 14:00:00+00:00;1.042;;
688105;unknown;control;2024-01-12 14:15:00+00:00;0.77;;
688105;unknown;control;2024-01-12 14:30:00+00:00;0.774;;
688105;unknown;control;2024-01-12 14:45:00+00:00;0.792;;
688105;unknown;control;2024-01-12 15:00:00+00:00;0.832;;
688105;unknown;control;2024-01-12 15:15:00+00:00;0.813;;
688105;unknown;control;2024-01-12 15:30:00+00:00;0.835;;
688105;unknown;control;2024-01-12 15:45:00+00:00;0.848;;
688105;unknown;control;2024-01-12 16:00:00+00:00;0.851;;
688105;unknown;control;2024-01-12 16:15:00+00:00;0.845;;
688105;unknown;control;2024-01-12 16:30:00+00:00;0.848;;
688105;unknown;control;2024-01-12 16:45:00+00:00;0.852;;
688105;unknown;control;2024-01-12 17:00:00+00:00;0.863;;
688105;unknown;control;2024-01-12 17:15:00+00:00;0.888;;
688105;unknown;control;2024-01-12 17:30:00+00:00;1.296;;
688105;unknown;control;2024-01-12 17:45:00+00:00;1.709;;
688105;unknown;control;2024-01-12 18:00:00+00:00;1.099;;
688105;unknown;control;2024-01-12 18:15:00+00:00;0.869;;
688105;unknown;control;2024-01-12 18:30:00+00:00;0.864;;
688105;unknown;control;2024-01-12 18:45:00+00:00;0.946;;
688105;unknown;control;2024-01-12 19:00:00+00:00;0.977;;
688105;unknown;control;2024-01-12 19:15:00+00:00;0.972;;
688105;unknown;control;2024-01-12 19:30:00+00:00;0.985;;
688105;unknown;control;2024-01-12 19:45:00+00:00;0.949;;
688105;unknown;control;2024-01-12 20:00:00+00:00;0.943;;
688105;unknown;control;2024-01-12 20:15:00+00:00;0.947;;
688105;unknown;control;2024-01-12 20:30:00+00:00;0.945;;
688105;unknown;control;2024-01-12 20:45:00+00:00;0.392;;
688105;unknown;control;2024-01-12 21:00:00+00:00;0.206;;
688105;unknown;control;2024-01-12 21:15:00+00:00;0.201;;
688105;unknown;control;2024-01-12 21:30:00+00:00;0.146;;
688105;unknown;control;2024-01-12 21:45:00+00:00;0.095;;
688105;unknown;control;2024-01-12 22:00:00+00:00;0.101;;
688105;unknown;control;2024-01-12 22:15:00+00:00;0.099;;
688105;unknown;control;2024-01-12 22:30:00+00:00;0.105;;
688105;unknown;control;2024-01-12 22:45:00+00:00;0.115;;
688105;unknown;control;2024-01-12 23:00:00+00:00;0.1;;
688105;unknown;control;2024-01-12 23:15:00+00:00;0.088;;
688105;unknown;control;2024-01-12 23:30:00+00:00;0.086;;
688105;unknown;control;2024-01-12 23:45:00+00:00;0.297;;
688105;unknown;control;2024-01-13 00:00:00+00:00;0.789;;
688105;unknown;control;2024-01-13 00:15:00+00:00;0.858;;
688105;unknown;control;2024-01-13 00:30:00+00:00;0.904;;
688105;unknown;control;2024-01-13 00:45:00+00:00;0.935;;
688105;unknown;control;2024-01-13 01:00:00+00:00;0.654;;
688105;unknown;control;2024-01-13 01:15:00+00:00;0.1;;
688105;unknown;control;2024-01-13 01:30:00+00:00;0.874;;
688105;unknown;control;2024-01-13 01:45:00+00:00;0.875;;
688105;unknown;control;2024-01-13 02:00:00+00:00;0.895;;
688105;unknown;control;2024-01-13 02:15:00+00:00;1.063;;
688105;unknown;control;2024-01-13 02:30:00+00:00;1.552;;
688105;unknown;control;2024-01-13 02:45:00+00:00;1.012;;
688105;unknown;control;2024-01-13 03:00:00+00:00;0.83;;
688105;unknown;control;2024-01-13 03:15:00+00:00;0.845;;
688105;unknown;control;2024-01-13 03:30:00+00:00;0.856;;
688105;unknown;control;2024-01-13 03:45:00+00:00;0.875;;
688105;unknown;control;2024-01-13 04:00:00+00:00;0.874;;
688105;unknown;control;2024-01-13 04:15:00+00:00;0.866;;
688105;unknown;control;2024-01-13 04:30:00+00:00;0.879;;
688105;unknown;control;2024-01-13 04:45:00+00:00;0.881;;
688105;unknown;control;2024-01-13 05:00:00+00:00;0.886;;
688105;unknown;control;2024-01-13 05:15:00+00:00;0.905;;
688105;unknown;control;2024-01-13 05:30:00+00:00;0.922;;
688105;unknown;control;2024-01-13 05:45:00+00:00;0.324;;
688105;unknown;control;2024-01-13 06:00:00+00:00;0.182;;
688105;unknown;control;2024-01-13 06:15:00+00:00;0.13;;
688105;unknown;control;2024-01-13 06:30:00+00:00;0.133;;
688105;unknown;control;2024-01-13 06:45:00+00:00;0.111;;
688105;unknown;control;2024-01-13 07:00:00+00:00;0.268;;
688105;unknown;control;2024-01-13 07:15:00+00:00;0.142;;
688105;unknown;control;2024-01-13 07:30:00+00:00;0.18;;
688105;unknown;control;2024-01-13 07:45:00+00:00;0.116;;
688105;unknown;control;2024-01-13 08:00:00+00:00;0.117;;
688105;unknown;control;2024-01-13 08:15:00+00:00;0.15;;
688105;unknown;control;2024-01-13 08:30:00+00:00;0.165;;
688105;unknown;control;2024-01-13 08:45:00+00:00;0.749;;
688105;unknown;control;2024-01-13 09:00:00+00:00;0.5;;
688105;unknown;control;2024-01-13 09:15:00+00:00;0.087;;
688105;unknown;control;2024-01-13 09:30:00+00:00;0.082;;
688105;unknown;control;2024-01-13 09:45:00+00:00;0.087;;
688105;unknown;control;2024-01-13 10:00:00+00:00;0.438;;
688105;unknown;control;2024-01-13 10:15:00+00:00;0.768;;
688105;unknown;control;2024-01-13 10:30:00+00:00;0.326;;
688105;unknown;control;2024-01-13 10:45:00+00:00;0.136;;
688105;unknown;control;2024-01-13 11:00:00+00:00;0.089;;
688105;unknown;control;2024-01-13 11:15:00+00:00;0.334;;
688105;unknown;control;2024-01-13 11:30:00+00:00;0.78;;
688105;unknown;control;2024-01-13 11:45:00+00:00;0.593;;
688105;unknown;control;2024-01-13 12:00:00+00:00;0.268;;
688105;unknown;control;2024-01-13 12:15:00+00:00;0.193;;
688105;unknown;control;2024-01-13 12:30:00+00:00;0.192;;
688105;unknown;control;2024-01-13 12:45:00+00:00;0.156;;
688105;unknown;control;2024-01-13 13:00:00+00:00;0.587;;
688105;unknown;control;2024-01-13 13:15:00+00:00;0.838;;
688105;unknown;control;2024-01-13 13:30:00+00:00;0.213;;
688105;unknown;control;2024-01-13 13:45:00+00:00;0.18;;
688105;unknown;control;2024-01-13 14:00:00+00:00;0.207;;
688105;unknown;control;2024-01-13 14:15:00+00:00;0.222;;
688105;unknown;control;2024-01-13 14:30:00+00:00;0.806;;
688105;unknown;control;2024-01-13 14:45:00+00:00;0.661;;
688105;unknown;control;2024-01-13 15:00:00+00:00;0.14;;
688105;unknown;control;2024-01-13 15:15:00+00:00;0.18;;
688105;unknown;control;2024-01-13 15:30:00+00:00;0.216;;
688105;unknown;control;2024-01-13 15:45:00+00:00;0.68;;
688105;unknown;control;2024-01-13 16:00:00+00:00;0.873;;
688105;unknown;control;2024-01-13 16:15:00+00:00;1.147;;
688105;unknown;control;2024-01-13 16:30:00+00:00;0.538;;
688105;unknown;control;2024-01-13 16:45:00+00:00;0.377;;
688105;unknown;control;2024-01-13 17:00:00+00:00;0.399;;
688105;unknown;control;2024-01-13 17:15:00+00:00;0.834;;
688105;unknown;control;2024-01-13 17:30:00+00:00;0.877;;
688105;unknown;control;2024-01-13 17:45:00+00:00;0.927;;
688105;unknown;control;2024-01-13 18:00:00+00:00;0.87;;
688105;unknown;control;2024-01-13 18:15:00+00:00;0.798;;
688105;unknown;control;2024-01-13 18:30:00+00:00;0.88;;
688105;unknown;control;2024-01-13 18:45:00+00:00;0.895;;
688105;unknown;control;2024-01-13 19:00:00+00:00;0.88;;
688105;unknown;control;2024-01-13 19:15:00+00:00;0.947;;
688105;unknown;control;2024-01-13 19:30:00+00:00;0.951;;
688105;unknown;control;2024-01-13 19:45:00+00:00;0.961;;
688105;unknown;control;2024-01-13 20:00:00+00:00;0.964;;
688105;unknown;control;2024-01-13 20:15:00+00:00;0.975;;
688105;unknown;control;2024-01-13 20:30:00+00:00;1.08;;
688105;unknown;control;2024-01-13 20:45:00+00:00;0.395;;
688105;unknown;control;2024-01-13 21:00:00+00:00;0.186;;
688105;unknown;control;2024-01-13 21:15:00+00:00;0.183;;
688105;unknown;control;2024-01-13 21:30:00+00:00;0.186;;
688105;unknown;control;2024-01-13 21:45:00+00:00;0.203;;
688105;unknown;control;2024-01-13 22:00:00+00:00;0.227;;
688105;unknown;control;2024-01-13 22:15:00+00:00;0.218;;
688105;unknown;control;2024-01-13 22:30:00+00:00;0.133;;
688105;unknown;control;2024-01-13 22:45:00+00:00;0.098;;
688105;unknown;control;2024-01-13 23:00:00+00:00;0.126;;
688105;unknown;control;2024-01-13 23:15:00+00:00;0.735;;
688105;unknown;control;2024-01-13 23:30:00+00:00;0.781;;
688105;unknown;control;2024-01-13 23:45:00+00:00;0.391;;
688105;unknown;control;2024-01-14 00:00:00+00:00;0.883;;
688105;unknown;control;2024-01-14 00:15:00+00:00;0.905;;
688105;unknown;control;2024-01-14 00:30:00+00:00;0.935;;
688105;unknown;control;2024-01-14 00:45:00+00:00;0.547;;
688105;unknown;control;2024-01-14 01:00:00+00:00;0.101;;
688105;unknown;control;2024-01-14 01:15:00+00:00;0.102;;
688105;unknown;control;2024-01-14 01:30:00+00:00;0.901;;
688105;unknown;control;2024-01-14 01:45:00+00:00;0.904;;
688105;unknown;control;2024-01-14 02:00:00+00:00;0.886;;
688105;unknown;control;2024-01-14 02:15:00+00:00;1.505;;
688105;unknown;control;2024-01-14 02:30:00+00:00;1.588;;
688105;unknown;control;2024-01-14 02:45:00+00:00;1.025;;
688105;unknown;control;2024-01-14 03:00:00+00:00;0.854;;
688105;unknown;control;2024-01-14 03:15:00+00:00;0.864;;
688105;unknown;control;2024-01-14 03:30:00+00:00;0.849;;
688105;unknown;control;2024-01-14 03:45:00+00:00;0.854;;
688105;unknown;control;2024-01-14 04:00:00+00:00;0.86;;
688105;unknown;control;2024-01-14 04:15:00+00:00;0.863;;
688105;unknown;control;2024-01-14 04:30:00+00:00;0.871;;
688105;unknown;control;2024-01-14 04:45:00+00:00;0.901;;
688105;unknown;control;2024-01-14 05:00:00+00:00;0.907;;
688105;unknown;control;2024-01-14 05:15:00+00:00;0.896;;
688105;unknown;control;2024-01-14 05:30:00+00:00;0.906;;
688105;unknown;control;2024-01-14 05:45:00+00:00;0.318;;
688105;unknown;control;2024-01-14 06:00:00+00:00;0.102;;
688105;unknown;control;2024-01-14 06:15:00+00:00;0.126;;
688105;unknown;control;2024-01-14 06:30:00+00:00;0.191;;
688105;unknown;control;2024-01-14 06:45:00+00:00;0.156;;
688105;unknown;control;2024-01-14 07:00:00+00:00;0.126;;
688105;unknown;control;2024-01-14 07:15:00+00:00;0.14;;
688105;unknown;control;2024-01-14 07:30:00+00:00;0.277;;
688105;unknown;control;2024-01-14 07:45:00+00:00;0.147;;
688105;unknown;control;2024-01-14 08:00:00+00:00;0.33;;
688105;unknown;control;2024-01-14 08:15:00+00:00;0.793;;
688105;unknown;control;2024-01-14 08:30:00+00:00;0.362;;
688105;unknown;control;2024-01-14 08:45:00+00:00;0.13;;
688105;unknown;control;2024-01-14 09:00:00+00:00;0.106;;
688105;unknown;control;2024-01-14 09:15:00+00:00;0.226;;
688105;unknown;control;2024-01-14 09:30:00+00:00;0.77;;
688105;unknown;control;2024-01-14 09:45:00+00:00;0.771;;
688105;unknown;control;2024-01-14 10:00:00+00:00;0.149;;
688105;unknown;control;2024-01-14 10:15:00+00:00;0.058;;
688105;unknown;control;2024-01-14 10:30:00+00:00;0.029;;
688105;unknown;control;2024-01-14 10:45:00+00:00;0.056;;
688105;unknown;control;2024-01-14 11:00:00+00:00;0.21;;
688105;unknown;control;2024-01-14 11:15:00+00:00;0.896;;
688105;unknown;control;2024-01-14 11:30:00+00:00;0.915;;
688105;unknown;control;2024-01-14 11:45:00+00:00;0.0;;
688105;unknown;control;2024-01-14 12:00:00+00:00;0.426;;
688105;unknown;control;2024-01-14 12:15:00+00:00;0.487;;
688105;unknown;control;2024-01-14 12:30:00+00:00;0.363;;
688105;unknown;control;2024-01-14 12:45:00+00:00;0.686;;
688105;unknown;control;2024-01-14 13:00:00+00:00;0.241;;
688105;unknown;control;2024-01-14 13:15:00+00:00;0.207;;
688105;unknown;control;2024-01-14 13:30:00+00:00;0.136;;
688105;unknown;control;2024-01-14 13:45:00+00:00;0.038;;
688105;unknown;control;2024-01-14 14:00:00+00:00;0.018;;
688105;unknown;control;2024-01-14 14:15:00+00:00;0.749;;
688105;unknown;control;2024-01-14 14:30:00+00:00;0.862;;
688105;unknown;control;2024-01-14 14:45:00+00:00;0.487;;
688105;unknown;control;2024-01-14 15:00:00+00:00;0.197;;
688105;unknown;control;2024-01-14 15:15:00+00:00;0.17;;
688105;unknown;control;2024-01-14 15:30:00+00:00;0.392;;
688105;unknown;control;2024-01-14 15:45:00+00:00;0.81;;
688105;unknown;control;2024-01-14 16:00:00+00:00;0.396;;
688105;unknown;control;2024-01-14 16:15:00+00:00;0.239;;
688105;unknown;control;2024-01-14 16:30:00+00:00;0.276;;
688105;unknown;control;2024-01-14 16:45:00+00:00;0.313;;
688105;unknown;control;2024-01-14 17:00:00+00:00;0.806;;
688105;unknown;control;2024-01-14 17:15:00+00:00;1.004;;
688105;unknown;control;2024-01-14 17:30:00+00:00;1.192;;
688105;unknown;control;2024-01-14 17:45:00+00:00;0.822;;
688105;unknown;control;2024-01-14 18:00:00+00:00;0.902;;
688105;unknown;control;2024-01-14 18:15:00+00:00;0.9;;
688105;unknown;control;2024-01-14 18:30:00+00:00;0.904;;
688105;unknown;control;2024-01-14 18:45:00+00:00;0.899;;
688105;unknown;control;2024-01-14 19:00:00+00:00;0.894;;
688105;unknown;control;2024-01-14 19:15:00+00:00;1.021;;
688105;unknown;control;2024-01-14 19:30:00+00:00;0.94;;
688105;unknown;control;2024-01-14 19:45:00+00:00;0.926;;
688105;unknown;control;2024-01-14 20:00:00+00:00;0.925;;
688105;unknown;control;2024-01-14 20:15:00+00:00;0.927;;
688105;unknown;control;2024-01-14 20:30:00+00:00;0.991;;
688105;unknown;control;2024-01-14 20:45:00+00:00;0.399;;
688105;unknown;control;2024-01-14 21:00:00+00:00;0.2;;
688105;unknown;control;2024-01-14 21:15:00+00:00;0.191;;
688105;unknown;control;2024-01-14 21:30:00+00:00;0.179;;
688105;unknown;control;2024-01-14 21:45:00+00:00;0.171;;
688105;unknown;control;2024-01-14 22:00:00+00:00;0.141;;
688105;unknown;control;2024-01-14 22:15:00+00:00;0.119;;
688105;unknown;control;2024-01-14 22:30:00+00:00;0.103;;
688105;unknown;control;2024-01-14 22:45:00+00:00;0.115;;
688105;unknown;control;2024-01-14 23:00:00+00:00;0.11;;
688105;unknown;control;2024-01-14 23:15:00+00:00;0.107;;
688105;unknown;control;2024-01-14 23:30:00+00:00;0.096;;
688105;unknown;control;2024-01-14 23:45:00+00:00;0.308;;
688105;unknown;control;2024-01-15 00:00:00+00:00;0.798;;
688105;unknown;control;2024-01-15 00:15:00+00:00;0.851;;
688105;unknown;control;2024-01-15 00:30:00+00:00;0.905;;
688105;unknown;control;2024-01-15 00:45:00+00:00;0.941;;
688105;unknown;control;2024-01-15 01:00:00+00:00;0.707;;
688105;unknown;control;2024-01-15 01:15:00+00:00;0.096;;
688105;unknown;control;2024-01-15 01:30:00+00:00;0.879;;
688105;unknown;control;2024-01-15 01:45:00+00:00;0.889;;
688105;unknown;control;2024-01-15 02:00:00+00:00;0.893;;
688105;unknown;control;2024-01-15 02:15:00+00:00;0.956;;
688105;unknown;control;2024-01-15 02:30:00+00:00;1.573;;
688105;unknown;control;2024-01-15 02:45:00+00:00;0.988;;
688105;unknown;control;2024-01-15 03:00:00+00:00;0.825;;
688105;unknown;control;2024-01-15 03:15:00+00:00;0.836;;
688105;unknown;control;2024-01-15 03:30:00+00:00;0.846;;
688105;unknown;control;2024-01-15 03:45:00+00:00;0.857;;
688105;unknown;control;2024-01-15 04:00:00+00:00;0.878;;
688105;unknown;control;2024-01-15 04:15:00+00:00;0.886;;
688105;unknown;control;2024-01-15 04:30:00+00:00;0.889;;
688105;unknown;control;2024-01-15 04:45:00+00:00;0.893;;
688105;unknown;control;2024-01-15 05:00:00+00:00;0.9;;
688105;unknown;control;2024-01-15 05:15:00+00:00;0.9;;
688105;unknown;control;2024-01-15 05:30:00+00:00;0.994;;
688105;unknown;control;2024-01-15 05:45:00+00:00;0.448;;
688105;unknown;control;2024-01-15 06:00:00+00:00;0.169;;
688105;unknown;control;2024-01-15 06:15:00+00:00;0.149;;
688105;unknown;control;2024-01-15 06:30:00+00:00;0.177;;
688105;unknown;control;2024-01-15 06:45:00+00:00;0.257;;
688105;unknown;control;2024-01-15 07:00:00+00:00;0.145;;
688105;unknown;control;2024-01-15 07:15:00+00:00;0.159;;
688105;unknown;control;2024-01-15 07:30:00+00:00;0.149;;
688105;unknown;control;2024-01-15 07:45:00+00:00;0.13;;
688105;unknown;control;2024-01-15 08:00:00+00:00;0.129;;
688105;unknown;control;2024-01-15 08:15:00+00:00;0.128;;
688105;unknown;control;2024-01-15 08:30:00+00:00;0.129;;
688105;unknown;control;2024-01-15 08:45:00+00:00;0.239;;
688105;unknown;control;2024-01-15 09:00:00+00:00;0.177;;
688105;unknown;control;2024-01-15 09:15:00+00:00;0.169;;
688105;unknown;control;2024-01-15 09:30:00+00:00;0.748;;
688105;unknown;control;2024-01-15 09:45:00+00:00;0.303;;
688105;unknown;control;2024-01-15 10:00:00+00:00;0.092;;
688105;unknown;control;2024-01-15 10:15:00+00:00;0.092;;
688105;unknown;control;2024-01-15 10:30:00+00:00;0.105;;
688105;unknown;control;2024-01-15 10:45:00+00:00;0.09;;
688105;unknown;control;2024-01-15 11:00:00+00:00;0.413;;
688105;unknown;control;2024-01-15 11:15:00+00:00;0.598;;
688105;unknown;control;2024-01-15 11:30:00+00:00;0.079;;
688105;unknown;control;2024-01-15 11:45:00+00:00;0.082;;
688105;unknown;control;2024-01-15 12:00:00+00:00;0.075;;
688105;unknown;control;2024-01-15 12:15:00+00:00;0.086;;
688105;unknown;control;2024-01-15 12:30:00+00:00;0.274;;
688105;unknown;control;2024-01-15 12:45:00+00:00;0.707;;
688105;unknown;control;2024-01-15 13:00:00+00:00;0.07;;
688105;unknown;control;2024-01-15 13:15:00+00:00;0.076;;
688105;unknown;control;2024-01-15 13:30:00+00:00;0.084;;
688105;unknown;control;2024-01-15 13:45:00+00:00;0.102;;
688105;unknown;control;2024-01-15 14:00:00+00:00;0.252;;
688105;unknown;control;2024-01-15 14:15:00+00:00;0.73;;
688105;unknown;control;2024-01-15 14:30:00+00:00;0.185;;
688105;unknown;control;2024-01-15 14:45:00+00:00;0.091;;
688105;unknown;control;2024-01-15 15:00:00+00:00;0.092;;
688105;unknown;control;2024-01-15 15:15:00+00:00;0.1;;
688105;unknown;control;2024-01-15 15:30:00+00:00;0.373;;
688105;unknown;control;2024-01-15 15:45:00+00:00;0.748;;
688105;unknown;control;2024-01-15 16:00:00+00:00;0.52;;
688105;unknown;control;2024-01-15 16:15:00+00:00;0.112;;
688105;unknown;control;2024-01-15 16:30:00+00:00;0.099;;
688105;unknown;control;2024-01-15 16:45:00+00:00;0.098;;
688105;unknown;control;2024-01-15 17:00:00+00:00;0.72;;
688105;unknown;control;2024-01-15 17:15:00+00:00;0.773;;
688105;unknown;control;2024-01-15 17:30:00+00:00;0.807;;
688105;unknown;control;2024-01-15 17:45:00+00:00;0.972;;
688105;unknown;control;2024-01-15 18:00:00+00:00;0.814;;
688105;unknown;control;2024-01-15 18:15:00+00:00;1.055;;
688105;unknown;control;2024-01-15 18:30:00+00:00;1.124;;
688105;unknown;control;2024-01-15 18:45:00+00:00;0.886;;
688105;unknown;control;2024-01-15 19:00:00+00:00;0.909;;
688105;unknown;control;2024-01-15 19:15:00+00:00;0.888;;
688105;unknown;control;2024-01-15 19:30:00+00:00;0.894;;
688105;unknown;control;2024-01-15 19:45:00+00:00;0.909;;
688105;unknown;control;2024-01-15 20:00:00+00:00;0.916;;
688105;unknown;control;2024-01-15 20:15:00+00:00;0.918;;
688105;unknown;control;2024-01-15 20:30:00+00:00;0.921;;
688105;unknown;control;2024-01-15 20:45:00+00:00;0.392;;
688105;unknown;control;2024-01-15 21:00:00+00:00;0.215;;
688105;unknown;control;2024-01-15 21:15:00+00:00;0.186;;
688105;unknown;control;2024-01-15 21:30:00+00:00;0.128;;
688105;unknown;control;2024-01-15 21:45:00+00:00;0.111;;
688105;unknown;control;2024-01-15 22:00:00+00:00;0.103;;
688105;unknown;control;2024-01-15 22:15:00+00:00;0.099;;
688105;unknown;control;2024-01-15 22:30:00+00:00;0.119;;
688105;unknown;control;2024-01-15 22:45:00+00:00;0.127;;
688105;unknown;control;2024-01-15 23:00:00+00:00;0.11;;
688105;unknown;control;2024-01-15 23:15:00+00:00;0.209;;
688105;unknown;control;2024-01-15 23:30:00+00:00;0.744;;
688105;unknown;control;2024-01-15 23:45:00+00:00;0.803;;
688105;unknown;control;2024-01-16 00:00:00+00:00;0.865;;
688105;unknown;control;2024-01-16 00:15:00+00:00;0.896;;
688105;unknown;control;2024-01-16 00:30:00+00:00;0.928;;
688105;unknown;control;2024-01-16 00:45:00+00:00;0.232;;
688105;unknown;control;2024-01-16 01:00:00+00:00;0.103;;
688105;unknown;control;2024-01-16 01:15:00+00:00;0.121;;
688105;unknown;control;2024-01-16 01:30:00+00:00;0.912;;
688105;unknown;control;2024-01-16 01:45:00+00:00;0.904;;
688105;unknown;control;2024-01-16 02:00:00+00:00;0.996;;
688105;unknown;control;2024-01-16 02:15:00+00:00;1.539;;
688105;unknown;control;2024-01-16 02:30:00+00:00;1.332;;
688105;unknown;control;2024-01-16 02:45:00+00:00;0.833;;
688105;unknown;control;2024-01-16 03:00:00+00:00;0.838;;
688105;unknown;control;2024-01-16 03:15:00+00:00;0.848;;
688105;unknown;control;2024-01-16 03:30:00+00:00;0.859;;
688105;unknown;control;2024-01-16 03:45:00+00:00;0.867;;
688105;unknown;control;2024-01-16 04:00:00+00:00;0.878;;
688105;unknown;control;2024-01-16 04:15:00+00:00;0.883;;
688105;unknown;control;2024-01-16 04:30:00+00:00;0.869;;
688105;unknown;control;2024-01-16 04:45:00+00:00;0.872;;
688105;unknown;control;2024-01-16 05:00:00+00:00;0.877;;
688105;unknown;control;2024-01-16 05:15:00+00:00;0.948;;
688105;unknown;control;2024-01-16 05:30:00+00:00;1.478;;
688105;unknown;control;2024-01-16 05:45:00+00:00;1.136;;
688105;unknown;control;2024-01-16 06:00:00+00:00;0.145;;
688105;unknown;control;2024-01-16 06:15:00+00:00;0.109;;
688105;unknown;control;2024-01-16 06:30:00+00:00;0.096;;
688105;unknown;control;2024-01-16 06:45:00+00:00;0.104;;
688105;unknown;control;2024-01-16 07:00:00+00:00;0.11;;
688105;unknown;control;2024-01-16 07:15:00+00:00;0.095;;
688105;unknown;control;2024-01-16 07:30:00+00:00;0.095;;
688105;unknown;control;2024-01-16 07:45:00+00:00;0.105;;
688105;unknown;control;2024-01-16 08:00:00+00:00;0.11;;
688105;unknown;control;2024-01-16 08:15:00+00:00;0.752;;
688105;unknown;control;2024-01-16 08:30:00+00:00;0.627;;
688105;unknown;control;2024-01-16 08:45:00+00:00;0.02;;
688105;unknown;control;2024-01-16 09:00:00+00:00;0.044;;
688105;unknown;control;2024-01-16 09:15:00+00:00;0.018;;
688105;unknown;control;2024-01-16 09:30:00+00:00;0.314;;
688105;unknown;control;2024-01-16 09:45:00+00:00;0.701;;
688105;unknown;control;2024-01-16 10:00:00+00:00;0.051;;
688105;unknown;control;2024-01-16 10:15:00+00:00;0.022;;
688105;unknown;control;2024-01-16 10:30:00+00:00;0.016;;
688105;unknown;control;2024-01-16 10:45:00+00:00;0.001;;
688105;unknown;control;2024-01-16 11:00:00+00:00;0.297;;
688105;unknown;control;2024-01-16 11:15:00+00:00;0.579;;
688105;unknown;control;2024-01-16 11:30:00+00:00;0.112;;
688105;unknown;control;2024-01-16 11:45:00+00:00;0.0;;
688105;unknown;control;2024-01-16 12:00:00+00:00;0.0;;
688105;unknown;control;2024-01-16 12:15:00+00:00;0.0;;
688105;unknown;control;2024-01-16 12:30:00+00:00;0.053;;
688105;unknown;control;2024-01-16 12:45:00+00:00;0.355;;
688105;unknown;control;2024-01-16 13:00:00+00:00;0.102;;
688105;unknown;control;2024-01-16 13:15:00+00:00;0.0;;
688105;unknown;control;2024-01-16 13:30:00+00:00;0.0;;
688105;unknown;control;2024-01-16 13:45:00+00:00;0.0;;
688105;unknown;control;2024-01-16 14:00:00+00:00;0.021;;
688105;unknown;control;2024-01-16 14:15:00+00:00;0.091;;
688105;unknown;control;2024-01-16 14:30:00+00:00;0.0;;
688105;unknown;control;2024-01-16 14:45:00+00:00;0.0;;
688105;unknown;control;2024-01-16 15:00:00+00:00;0.001;;
688105;unknown;control;2024-01-16 15:15:00+00:00;0.148;;
688105;unknown;control;2024-01-16 15:30:00+00:00;0.69;;
688105;unknown;control;2024-01-16 15:45:00+00:00;0.421;;
688105;unknown;control;2024-01-16 16:00:00+00:00;0.096;;
688105;unknown;control;2024-01-16 16:15:00+00:00;0.1;;
688105;unknown;control;2024-01-16 16:30:00+00:00;0.116;;
688105;unknown;control;2024-01-16 16:45:00+00:00;0.676;;
688105;unknown;control;2024-01-16 17:00:00+00:00;0.754;;
688105;unknown;control;2024-01-16 17:15:00+00:00;0.771;;
688105;unknown;control;2024-01-16 17:30:00+00:00;0.782;;
688105;unknown;control;2024-01-16 17:45:00+00:00;0.783;;
688105;unknown;control;2024-01-16 18:00:00+00:00;0.799;;
688105;unknown;control;2024-01-16 18:15:00+00:00;0.792;;
688105;unknown;control;2024-01-16 18:30:00+00:00;0.874;;
688105;unknown;control;2024-01-16 18:45:00+00:00;0.837;;
688105;unknown;control;2024-01-16 19:00:00+00:00;0.903;;
688105;unknown;control;2024-01-16 19:15:00+00:00;0.881;;
688105;unknown;control;2024-01-16 19:30:00+00:00;0.86;;
688105;unknown;control;2024-01-16 19:45:00+00:00;0.852;;
688105;unknown;control;2024-01-16 20:00:00+00:00;0.846;;
688105;unknown;control;2024-01-16 20:15:00+00:00;0.832;;
688105;unknown;control;2024-01-16 20:30:00+00:00;0.842;;
688105;unknown;control;2024-01-16 20:45:00+00:00;0.311;;
688105;unknown;control;2024-01-16 21:00:00+00:00;0.1;;
688105;unknown;control;2024-01-16 21:15:00+00:00;0.098;;
688105;unknown;control;2024-01-16 21:30:00+00:00;0.114;;
688105;unknown;control;2024-01-16 21:45:00+00:00;0.116;;
688105;unknown;control;2024-01-16 22:00:00+00:00;0.129;;
688105;unknown;control;2024-01-16 22:15:00+00:00;0.117;;
688105;unknown;control;2024-01-16 22:30:00+00:00;0.102;;
688105;unknown;control;2024-01-16 22:45:00+00:00;0.099;;
688105;unknown;control;2024-01-16 23:00:00+00:00;0.097;;
688105;unknown;control;2024-01-16 23:15:00+00:00;0.109;;
688105;unknown;control;2024-01-16 23:30:00+00:00;0.109;;
688105;unknown;control;2024-01-16 23:45:00+00:00;0.319;;
688105;unknown;control;2024-01-17 00:00:00+00:00;0.825;;
688105;unknown;control;2024-01-17 00:15:00+00:00;0.885;;
688105;unknown;control;2024-01-17 00:30:00+00:00;0.937;;
688105;unknown;control;2024-01-17 00:45:00+00:00;0.432;;
688105;unknown;control;2024-01-17 01:00:00+00:00;0.096;;
688105;unknown;control;2024-01-17 01:15:00+00:00;0.095;;
688105;unknown;control;2024-01-17 01:30:00+00:00;0.885;;
688105;unknown;control;2024-01-17 01:45:00+00:00;0.898;;
688105;unknown;control;2024-01-17 02:00:00+00:00;0.928;;
688105;unknown;control;2024-01-17 02:15:00+00:00;0.513;;
688105;unknown;control;2024-01-17 02:30:00+00:00;0.756;;
688105;unknown;control;2024-01-17 02:45:00+00:00;0.79;;
688105;unknown;control;2024-01-17 03:00:00+00:00;0.809;;
688105;unknown;control;2024-01-17 03:15:00+00:00;0.829;;
688105;unknown;control;2024-01-17 03:30:00+00:00;0.847;;
688105;unknown;control;2024-01-17 03:45:00+00:00;0.841;;
688105;unknown;control;2024-01-17 04:00:00+00:00;0.857;;
688105;unknown;control;2024-01-17 04:15:00+00:00;0.865;;
688105;unknown;control;2024-01-17 04:30:00+00:00;0.874;;
688105;unknown;control;2024-01-17 04:45:00+00:00;0.889;;
688105;unknown;control;2024-01-17 05:00:00+00:00;0.876;;
688105;unknown;control;2024-01-17 05:15:00+00:00;0.872;;
688105;unknown;control;2024-01-17 05:30:00+00:00;0.88;;
688105;unknown;control;2024-01-17 05:45:00+00:00;0.405;;
688105;unknown;control;2024-01-17 06:00:00+00:00;0.13;;
688105;unknown;control;2024-01-17 06:15:00+00:00;0.141;;
688105;unknown;control;2024-01-17 06:30:00+00:00;0.107;;
688105;unknown;control;2024-01-17 06:45:00+00:00;0.104;;
688105;unknown;control;2024-01-17 07:00:00+00:00;0.094;;
688105;unknown;control;2024-01-17 07:15:00+00:00;0.101;;
688105;unknown;control;2024-01-17 07:30:00+00:00;0.11;;
688105;unknown;control;2024-01-17 07:45:00+00:00;0.091;;
688105;unknown;control;2024-01-17 08:00:00+00:00;0.094;;
688105;unknown;control;2024-01-17 08:15:00+00:00;0.08;;
688105;unknown;control;2024-01-17 08:30:00+00:00;0.076;;
688105;unknown;control;2024-01-17 08:45:00+00:00;0.074;;
688105;unknown;control;2024-01-17 09:00:00+00:00;0.055;;
688105;unknown;control;2024-01-17 09:15:00+00:00;0.03;;
688105;unknown;control;2024-01-17 09:30:00+00:00;0.025;;
688105;unknown;control;2024-01-17 09:45:00+00:00;0.008;;
688105;unknown;control;2024-01-17 10:00:00+00:00;0.001;;
688105;unknown;control;2024-01-17 10:15:00+00:00;0.001;;
688105;unknown;control;2024-01-17 10:30:00+00:00;0.011;;
688105;unknown;control;2024-01-17 10:45:00+00:00;0.02;;
688105;unknown;control;2024-01-17 11:00:00+00:00;0.086;;
688105;unknown;control;2024-01-17 11:15:00+00:00;0.517;;
688105;unknown;control;2024-01-17 11:30:00+00:00;0.0;;
688105;unknown;control;2024-01-17 11:45:00+00:00;0.001;;
688105;unknown;control;2024-01-17 12:00:00+00:00;0.001;;
688105;unknown;control;2024-01-17 12:15:00+00:00;0.0;;
688105;unknown;control;2024-01-17 12:30:00+00:00;0.0;;
688105;unknown;control;2024-01-17 12:45:00+00:00;0.001;;
688105;unknown;control;2024-01-17 13:00:00+00:00;0.0;;
688105;unknown;control;2024-01-17 13:15:00+00:00;0.003;;
688105;unknown;control;2024-01-17 13:30:00+00:00;0.002;;
688105;unknown;control;2024-01-17 13:45:00+00:00;0.001;;
688105;unknown;control;2024-01-17 14:00:00+00:00;0.02;;
688105;unknown;control;2024-01-17 14:15:00+00:00;0.282;;
688105;unknown;control;2024-01-17 14:30:00+00:00;0.263;;
688105;unknown;control;2024-01-17 14:45:00+00:00;0.04;;
688105;unknown;control;2024-01-17 15:00:00+00:00;0.069;;
688105;unknown;control;2024-01-17 15:15:00+00:00;0.092;;
688105;unknown;control;2024-01-17 15:30:00+00:00;0.097;;
688105;unknown;control;2024-01-17 15:45:00+00:00;0.098;;
688105;unknown;control;2024-01-17 16:00:00+00:00;0.106;;
688105;unknown;control;2024-01-17 16:15:00+00:00;0.114;;
688105;unknown;control;2024-01-17 16:30:00+00:00;0.112;;
688105;unknown;control;2024-01-17 16:45:00+00:00;0.124;;
688105;unknown;control;2024-01-17 17:00:00+00:00;0.396;;
688105;unknown;control;2024-01-17 17:15:00+00:00;0.697;;
688105;unknown;control;2024-01-17 17:30:00+00:00;0.718;;
688105;unknown;control;2024-01-17 17:45:00+00:00;0.733;;
688105;unknown;control;2024-01-17 18:00:00+00:00;0.804;;
688105;unknown;control;2024-01-17 18:15:00+00:00;1.047;;
688105;unknown;control;2024-01-17 18:30:00+00:00;0.86;;
688105;unknown;control;2024-01-17 18:45:00+00:00;0.806;;
688105;unknown;control;2024-01-17 19:00:00+00:00;0.796;;
688105;unknown;control;2024-01-17 19:15:00+00:00;0.876;;
688105;unknown;control;2024-01-17 19:30:00+00:00;0.845;;
688105;unknown;control;2024-01-17 19:45:00+00:00;0.846;;
688105;unknown;control;2024-01-17 20:00:00+00:00;0.877;;
688105;unknown;control;2024-01-17 20:15:00+00:00;0.969;;
688105;unknown;control;2024-01-17 20:30:00+00:00;0.543;;
688105;unknown;control;2024-01-17 20:45:00+00:00;0.518;;
688105;unknown;control;2024-01-17 21:00:00+00:00;0.221;;
688105;unknown;control;2024-01-17 21:15:00+00:00;0.207;;
688105;unknown;control;2024-01-17 21:30:00+00:00;0.208;;
688105;unknown;control;2024-01-17 21:45:00+00:00;0.22;;
688105;unknown;control;2024-01-17 22:00:00+00:00;0.227;;
688105;unknown;control;2024-01-17 22:15:00+00:00;0.242;;
688105;unknown;control;2024-01-17 22:30:00+00:00;0.41;;
688105;unknown;control;2024-01-17 22:45:00+00:00;0.654;;
688105;unknown;control;2024-01-17 23:00:00+00:00;0.367;;
688105;unknown;control;2024-01-17 23:15:00+00:00;0.141;;
688105;unknown;control;2024-01-17 23:30:00+00:00;0.163;;
688105;unknown;control;2024-01-17 23:45:00+00:00;0.392;;
688105;unknown;control;2024-01-18 00:00:00+00:00;0.95;;
688105;unknown;control;2024-01-18 00:15:00+00:00;0.82;;
688105;unknown;control;2024-01-18 00:30:00+00:00;0.109;;
688105;unknown;control;2024-01-18 00:45:00+00:00;0.118;;
688105;unknown;control;2024-01-18 01:00:00+00:00;0.123;;
688105;unknown;control;2024-01-18 01:15:00+00:00;0.117;;
688105;unknown;control;2024-01-18 01:30:00+00:00;0.909;;
688105;unknown;control;2024-01-18 01:45:00+00:00;0.904;;
688105;unknown;control;2024-01-18 02:00:00+00:00;0.92;;
688105;unknown;control;2024-01-18 02:15:00+00:00;0.928;;
688105;unknown;control;2024-01-18 02:30:00+00:00;0.286;;
688105;unknown;control;2024-01-18 02:45:00+00:00;0.109;;
688105;unknown;control;2024-01-18 03:00:00+00:00;0.693;;
688105;unknown;control;2024-01-18 03:15:00+00:00;0.799;;
688105;unknown;control;2024-01-18 03:30:00+00:00;0.843;;
688105;unknown;control;2024-01-18 03:45:00+00:00;0.849;;
688105;unknown;control;2024-01-18 04:00:00+00:00;0.853;;
688105;unknown;control;2024-01-18 04:15:00+00:00;0.866;;
688105;unknown;control;2024-01-18 04:30:00+00:00;0.886;;
688105;unknown;control;2024-01-18 04:45:00+00:00;0.916;;
688105;unknown;control;2024-01-18 05:00:00+00:00;0.304;;
688105;unknown;control;2024-01-18 05:15:00+00:00;0.125;;
688105;unknown;control;2024-01-18 05:30:00+00:00;0.156;;
688105;unknown;control;2024-01-18 05:45:00+00:00;0.299;;
688105;unknown;control;2024-01-18 06:00:00+00:00;0.148;;
688105;unknown;control;2024-01-18 06:15:00+00:00;0.205;;
688105;unknown;control;2024-01-18 06:30:00+00:00;0.14;;
688105;unknown;control;2024-01-18 06:45:00+00:00;0.132;;
688105;unknown;control;2024-01-18 07:00:00+00:00;0.134;;
688105;unknown;control;2024-01-18 07:15:00+00:00;0.146;;
688105;unknown;control;2024-01-18 07:30:00+00:00;0.133;;
688105;unknown;control;2024-01-18 07:45:00+00:00;0.152;;
688105;unknown;control;2024-01-18 08:00:00+00:00;0.057;;
688105;unknown;control;2024-01-18 08:15:00+00:00;0.0;;
688105;unknown;control;2024-01-18 08:30:00+00:00;0.001;;
688105;unknown;control;2024-01-18 08:45:00+00:00;0.0;;
688105;unknown;control;2024-01-18 09:00:00+00:00;0.023;;
688105;unknown;control;2024-01-18 09:15:00+00:00;0.0;;
688105;unknown;control;2024-01-18 09:30:00+00:00;0.042;;
688105;unknown;control;2024-01-18 09:45:00+00:00;0.087;;
688105;unknown;control;2024-01-18 10:00:00+00:00;0.012;;
688105;unknown;control;2024-01-18 10:15:00+00:00;0.026;;
688105;unknown;control;2024-01-18 10:30:00+00:00;0.007;;
688105;unknown;control;2024-01-18 10:45:00+00:00;0.0;;
688105;unknown;control;2024-01-18 11:00:00+00:00;0.041;;
688105;unknown;control;2024-01-18 11:15:00+00:00;0.008;;
688105;unknown;control;2024-01-18 11:30:00+00:00;0.048;;
688105;unknown;control;2024-01-18 11:45:00+00:00;0.172;;
688105;unknown;control;2024-01-18 12:00:00+00:00;0.0;;
688105;unknown;control;2024-01-18 12:15:00+00:00;0.245;;
688105;unknown;control;2024-01-18 12:30:00+00:00;0.144;;
688105;unknown;control;2024-01-18 12:45:00+00:00;0.01;;
688105;unknown;control;2024-01-18 13:00:00+00:00;0.007;;
688105;unknown;control;2024-01-18 13:15:00+00:00;0.001;;
688105;unknown;control;2024-01-18 13:30:00+00:00;0.005;;
688105;unknown;control;2024-01-18 13:45:00+00:00;0.051;;
688105;unknown;control;2024-01-18 14:00:00+00:00;0.034;;
688105;unknown;control;2024-01-18 14:15:00+00:00;0.091;;
688105;unknown;control;2024-01-18 14:30:00+00:00;0.083;;
688105;unknown;control;2024-01-18 14:45:00+00:00;0.088;;
688105;unknown;control;2024-01-18 15:00:00+00:00;0.096;;
688105;unknown;control;2024-01-18 15:15:00+00:00;0.118;;
688105;unknown;control;2024-01-18 15:30:00+00:00;0.128;;
688105;unknown;control;2024-01-18 15:45:00+00:00;0.128;;
688105;unknown;control;2024-01-18 16:00:00+00:00;0.127;;
688105;unknown;control;2024-01-18 16:15:00+00:00;0.128;;
688105;unknown;control;2024-01-18 16:30:00+00:00;0.145;;
688105;unknown;control;2024-01-18 16:45:00+00:00;0.244;;
688105;unknown;control;2024-01-18 17:00:00+00:00;0.505;;
688105;unknown;control;2024-01-18 17:15:00+00:00;0.733;;
688105;unknown;control;2024-01-18 17:30:00+00:00;0.749;;
688105;unknown;control;2024-01-18 17:45:00+00:00;0.832;;
688105;unknown;control;2024-01-18 18:00:00+00:00;0.83;;
688105;unknown;control;2024-01-18 18:15:00+00:00;0.791;;
688105;unknown;control;2024-01-18 18:30:00+00:00;0.784;;
688105;unknown;control;2024-01-18 18:45:00+00:00;0.86;;
688105;unknown;control;2024-01-18 19:00:00+00:00;0.84;;
688105;unknown;control;2024-01-18 19:15:00+00:00;0.816;;
688105;unknown;control;2024-01-18 19:30:00+00:00;0.812;;
688105;unknown;control;2024-01-18 19:45:00+00:00;0.797;;
688105;unknown;control;2024-01-18 20:00:00+00:00;0.8;;
688105;unknown;control;2024-01-18 20:15:00+00:00;0.817;;
688105;unknown;control;2024-01-18 20:30:00+00:00;0.88;;
688105;unknown;control;2024-01-18 20:45:00+00:00;0.363;;
688105;unknown;control;2024-01-18 21:00:00+00:00;0.139;;
688105;unknown;control;2024-01-18 21:15:00+00:00;0.117;;
688105;unknown;control;2024-01-18 21:30:00+00:00;0.11;;
688105;unknown;control;2024-01-18 21:45:00+00:00;0.099;;
688105;unknown;control;2024-01-18 22:00:00+00:00;0.107;;
688105;unknown;control;2024-01-18 22:15:00+00:00;0.113;;
688105;unknown;control;2024-01-18 22:30:00+00:00;0.098;;
688105;unknown;control;2024-01-18 22:45:00+00:00;0.098;;
688105;unknown;control;2024-01-18 23:00:00+00:00;0.107;;
688105;unknown;control;2024-01-18 23:15:00+00:00;0.114;;
688105;unknown;control;2024-01-18 23:30:00+00:00;0.126;;
688105;unknown;control;2024-01-18 23:45:00+00:00;0.325;;
688105;unknown;control;2024-01-19 00:00:00+00:00;0.8;;
688105;unknown;control;2024-01-19 00:15:00+00:00;0.851;;
688105;unknown;control;2024-01-19 00:30:00+00:00;0.892;;
688105;unknown;control;2024-01-19 00:45:00+00:00;0.948;;
688105;unknown;control;2024-01-19 01:00:00+00:00;0.127;;
688105;unknown;control;2024-01-19 01:15:00+00:00;0.109;;
688105;unknown;control;2024-01-19 01:30:00+00:00;0.893;;
688105;unknown;control;2024-01-19 01:45:00+00:00;0.903;;
688105;unknown;control;2024-01-19 02:00:00+00:00;0.916;;
688105;unknown;control;2024-01-19 02:15:00+00:00;0.907;;
688105;unknown;control;2024-01-19 02:30:00+00:00;0.888;;
688105;unknown;control;2024-01-19 02:45:00+00:00;0.757;;
688105;unknown;control;2024-01-19 03:00:00+00:00;0.799;;
688105;unknown;control;2024-01-19 03:15:00+00:00;0.823;;
688105;unknown;control;2024-01-19 03:30:00+00:00;0.836;;
688105;unknown;control;2024-01-19 03:45:00+00:00;0.846;;
688105;unknown;control;2024-01-19 04:00:00+00:00;0.851;;
688105;unknown;control;2024-01-19 04:15:00+00:00;0.855;;
688105;unknown;control;2024-01-19 04:30:00+00:00;0.867;;
688105;unknown;control;2024-01-19 04:45:00+00:00;0.867;;
688105;unknown;control;2024-01-19 05:00:00+00:00;0.858;;
688105;unknown;control;2024-01-19 05:15:00+00:00;0.862;;
688105;unknown;control;2024-01-19 05:30:00+00:00;0.974;;
688105;unknown;control;2024-01-19 05:45:00+00:00;1.128;;
688105;unknown;control;2024-01-19 06:00:00+00:00;0.249;;
688105;unknown;control;2024-01-19 06:15:00+00:00;0.165;;
688105;unknown;control;2024-01-19 06:30:00+00:00;0.293;;
688105;unknown;control;2024-01-19 06:45:00+00:00;0.15;;
688105;unknown;control;2024-01-19 07:00:00+00:00;0.147;;
688105;unknown;control;2024-01-19 07:15:00+00:00;0.13;;
688105;unknown;control;2024-01-19 07:30:00+00:00;0.101;;
688105;unknown;control;2024-01-19 07:45:00+00:00;0.095;;
688105;unknown;control;2024-01-19 08:00:00+00:00;0.097;;
688105;unknown;control;2024-01-19 08:15:00+00:00;0.1;;
688105;unknown;control;2024-01-19 08:30:00+00:00;0.518;;
688105;unknown;control;2024-01-19 08:45:00+00:00;0.584;;
688105;unknown;control;2024-01-19 09:00:00+00:00;0.107;;
688105;unknown;control;2024-01-19 09:15:00+00:00;0.107;;
688105;unknown;control;2024-01-19 09:30:00+00:00;0.098;;
688105;unknown;control;2024-01-19 09:45:00+00:00;0.128;;
688105;unknown;control;2024-01-19 10:00:00+00:00;0.104;;
688105;unknown;control;2024-01-19 10:15:00+00:00;0.093;;
688105;unknown;control;2024-01-19 10:30:00+00:00;0.093;;
688105;unknown;control;2024-01-19 10:45:00+00:00;0.093;;
688105;unknown;control;2024-01-19 11:00:00+00:00;0.432;;
688105;unknown;control;2024-01-19 11:15:00+00:00;0.701;;
688105;unknown;control;2024-01-19 11:30:00+00:00;0.706;;
688105;unknown;control;2024-01-19 11:45:00+00:00;0.333;;
688105;unknown;control;2024-01-19 12:00:00+00:00;0.052;;
688105;unknown;control;2024-01-19 12:15:00+00:00;0.057;;
688105;unknown;control;2024-01-19 12:30:00+00:00;0.059;;
688105;unknown;control;2024-01-19 12:45:00+00:00;0.371;;
688105;unknown;control;2024-01-19 13:00:00+00:00;0.691;;
688105;unknown;control;2024-01-19 13:15:00+00:00;0.14;;
688105;unknown;control;2024-01-19 13:30:00+00:00;0.064;;
688105;unknown;control;2024-01-19 13:45:00+00:00;0.077;;
688105;unknown;control;2024-01-19 14:00:00+00:00;0.066;;
688105;unknown;control;2024-01-19 14:15:00+00:00;0.592;;
688105;unknown;control;2024-01-19 14:30:00+00:00;0.675;;
688105;unknown;control;2024-01-19 14:45:00+00:00;0.065;;
688105;unknown;control;2024-01-19 15:00:00+00:00;0.088;;
688105;unknown;control;2024-01-19 15:15:00+00:00;0.098;;
688105;unknown;control;2024-01-19 15:30:00+00:00;0.252;;
688105;unknown;control;2024-01-19 15:45:00+00:00;0.737;;
688105;unknown;control;2024-01-19 16:00:00+00:00;0.708;;
688105;unknown;control;2024-01-19 16:15:00+00:00;0.121;;
688105;unknown;control;2024-01-19 16:30:00+00:00;0.127;;
688105;unknown;control;2024-01-19 16:45:00+00:00;0.098;;
688105;unknown;control;2024-01-19 17:00:00+00:00;0.699;;
688105;unknown;control;2024-01-19 17:15:00+00:00;0.838;;
688105;unknown;control;2024-01-19 17:30:00+00:00;0.777;;
688105;unknown;control;2024-01-19 17:45:00+00:00;0.838;;
688105;unknown;control;2024-01-19 18:00:00+00:00;1.109;;
688105;unknown;control;2024-01-19 18:15:00+00:00;1.033;;
688105;unknown;control;2024-01-19 18:30:00+00:00;0.851;;
688105;unknown;control;2024-01-19 18:45:00+00:00;0.882;;
688105;unknown;control;2024-01-19 19:00:00+00:00;0.917;;
688105;unknown;control;2024-01-19 19:15:00+00:00;0.877;;
688105;unknown;control;2024-01-19 19:30:00+00:00;0.991;;
688105;unknown;control;2024-01-19 19:45:00+00:00;0.99;;
688105;unknown;control;2024-01-19 20:00:00+00:00;0.936;;
688105;unknown;control;2024-01-19 20:15:00+00:00;0.919;;
688105;unknown;control;2024-01-19 20:30:00+00:00;0.926;;
688105;unknown;control;2024-01-19 20:45:00+00:00;0.398;;
688105;unknown;control;2024-01-19 21:00:00+00:00;0.215;;
688105;unknown;control;2024-01-19 21:15:00+00:00;0.211;;
688105;unknown;control;2024-01-19 21:30:00+00:00;0.171;;
688105;unknown;control;2024-01-19 21:45:00+00:00;0.133;;
688105;unknown;control;2024-01-19 22:00:00+00:00;0.104;;
688105;unknown;control;2024-01-19 22:15:00+00:00;0.623;;
688105;unknown;control;2024-01-19 22:30:00+00:00;0.765;;
688105;unknown;control;2024-01-19 22:45:00+00:00;0.809;;
688105;unknown;control;2024-01-19 23:00:00+00:00;0.144;;
688105;unknown;control;2024-01-19 23:15:00+00:00;0.108;;
688105;unknown;control;2024-01-19 23:30:00+00:00;0.197;;
688105;unknown;control;2024-01-19 23:45:00+00:00;0.777;;
688105;unknown;control;2024-01-20 00:00:00+00:00;0.801;;
688105;unknown;control;2024-01-20 00:15:00+00:00;0.827;;
688105;unknown;control;2024-01-20 00:30:00+00:00;0.854;;
688105;unknown;control;2024-01-20 00:45:00+00:00;0.894;;
688105;unknown;control;2024-01-20 01:00:00+00:00;0.903;;
688105;unknown;control;2024-01-20 01:15:00+00:00;0.76;;
688105;unknown;control;2024-01-20 01:30:00+00:00;0.891;;
688105;unknown;control;2024-01-20 01:45:00+00:00;0.901;;
688105;unknown;control;2024-01-20 02:00:00+00:00;0.913;;
688105;unknown;control;2024-01-20 02:15:00+00:00;1.44;;
688105;unknown;control;2024-01-20 02:30:00+00:00;1.003;;
688105;unknown;control;2024-01-20 02:45:00+00:00;0.813;;
688105;unknown;control;2024-01-20 03:00:00+00:00;0.834;;
688105;unknown;control;2024-01-20 03:15:00+00:00;0.848;;
688105;unknown;control;2024-01-20 03:30:00+00:00;0.844;;
688105;unknown;control;2024-01-20 03:45:00+00:00;1.014;;
688105;unknown;control;2024-01-20 04:00:00+00:00;0.888;;
688105;unknown;control;2024-01-20 04:15:00+00:00;0.903;;
688105;unknown;control;2024-01-20 04:30:00+00:00;0.9;;
688105;unknown;control;2024-01-20 04:45:00+00:00;0.886;;
688105;unknown;control;2024-01-20 05:00:00+00:00;0.966;;
688105;unknown;control;2024-01-20 05:15:00+00:00;0.895;;
688105;unknown;control;2024-01-20 05:30:00+00:00;1.557;;
688105;unknown;control;2024-01-20 05:45:00+00:00;0.604;;
688105;unknown;control;2024-01-20 06:00:00+00:00;0.223;;
688105;unknown;control;2024-01-20 06:15:00+00:00;0.143;;
688105;unknown;control;2024-01-20 06:30:00+00:00;0.144;;
688105;unknown;control;2024-01-20 06:45:00+00:00;0.139;;
688105;unknown;control;2024-01-20 07:00:00+00:00;0.127;;
688105;unknown;control;2024-01-20 07:15:00+00:00;0.159;;
688105;unknown;control;2024-01-20 07:30:00+00:00;0.756;;
688105;unknown;control;2024-01-20 07:45:00+00:00;0.805;;
688105;unknown;control;2024-01-20 08:00:00+00:00;0.485;;
688105;unknown;control;2024-01-20 08:15:00+00:00;0.085;;
688105;unknown;control;2024-01-20 08:30:00+00:00;0.077;;
688105;unknown;control;2024-01-20 08:45:00+00:00;0.313;;
688105;unknown;control;2024-01-20 09:00:00+00:00;0.737;;
688105;unknown;control;2024-01-20 09:15:00+00:00;0.762;;
688105;unknown;control;2024-01-20 09:30:00+00:00;0.072;;
688105;unknown;control;2024-01-20 09:45:00+00:00;0.03;;
688105;unknown;control;2024-01-20 10:00:00+00:00;0.039;;
688105;unknown;control;2024-01-20 10:15:00+00:00;0.439;;
688105;unknown;control;2024-01-20 10:30:00+00:00;0.696;;
688105;unknown;control;2024-01-20 10:45:00+00:00;0.601;;
688105;unknown;control;2024-01-20 11:00:00+00:00;0.026;;
688105;unknown;control;2024-01-20 11:15:00+00:00;0.024;;
688105;unknown;control;2024-01-20 11:30:00+00:00;0.091;;
688105;unknown;control;2024-01-20 11:45:00+00:00;0.658;;
688105;unknown;control;2024-01-20 12:00:00+00:00;0.865;;
688105;unknown;control;2024-01-20 12:15:00+00:00;0.191;;
688105;unknown;control;2024-01-20 12:30:00+00:00;0.0;;
688105;unknown;control;2024-01-20 12:45:00+00:00;0.075;;
688105;unknown;control;2024-01-20 13:00:00+00:00;0.001;;
688105;unknown;control;2024-01-20 13:15:00+00:00;0.486;;
688105;unknown;control;2024-01-20 13:30:00+00:00;0.584;;
688105;unknown;control;2024-01-20 13:45:00+00:00;0.23;;
688105;unknown;control;2024-01-20 14:00:00+00:00;0.0;;
688105;unknown;control;2024-01-20 14:15:00+00:00;0.0;;
688105;unknown;control;2024-01-20 14:30:00+00:00;0.155;;
688105;unknown;control;2024-01-20 14:45:00+00:00;0.588;;
688105;unknown;control;2024-01-20 15:00:00+00:00;0.444;;
688105;unknown;control;2024-01-20 15:15:00+00:00;0.013;;
688105;unknown;control;2024-01-20 15:30:00+00:00;0.368;;
688105;unknown;control;2024-01-20 15:45:00+00:00;0.336;;
688105;unknown;control;2024-01-20 16:00:00+00:00;0.771;;
688105;unknown;control;2024-01-20 16:15:00+00:00;0.801;;
688105;unknown;control;2024-01-20 16:30:00+00:00;0.72;;
688105;unknown;control;2024-01-20 16:45:00+00:00;0.185;;
688105;unknown;control;2024-01-20 17:00:00+00:00;0.332;;
688105;unknown;control;2024-01-20 17:15:00+00:00;1.499;;
688105;unknown;control;2024-01-20 17:30:00+00:00;2.076;;
688105;unknown;control;2024-01-20 17:45:00+00:00;1.294;;
688105;unknown;control;2024-01-20 18:00:00+00:00;1.095;;
688105;unknown;control;2024-01-20 18:15:00+00:00;1.151;;
688105;unknown;control;2024-01-20 18:30:00+00:00;1.307;;
688105;unknown;control;2024-01-20 18:45:00+00:00;1.051;;
688105;unknown;control;2024-01-20 19:00:00+00:00;1.045;;
688105;unknown;control;2024-01-20 19:15:00+00:00;1.036;;
688105;unknown;control;2024-01-20 19:30:00+00:00;1.228;;
688105;unknown;control;2024-01-20 19:45:00+00:00;1.249;;
688105;unknown;control;2024-01-20 20:00:00+00:00;1.023;;
688105;unknown;control;2024-01-20 20:15:00+00:00;1.063;;
688105;unknown;control;2024-01-20 20:30:00+00:00;1.527;;
688105;unknown;control;2024-01-20 20:45:00+00:00;0.622;;
688105;unknown;control;2024-01-20 21:00:00+00:00;0.329;;
688105;unknown;control;2024-01-20 21:15:00+00:00;0.323;;
688105;unknown;control;2024-01-20 21:30:00+00:00;0.31;;
688105;unknown;control;2024-01-20 21:45:00+00:00;0.803;;
688105;unknown;control;2024-01-20 22:00:00+00:00;0.928;;
688105;unknown;control;2024-01-20 22:15:00+00:00;1.026;;
688105;unknown;control;2024-01-20 22:30:00+00:00;1.038;;
688105;unknown;control;2024-01-20 22:45:00+00:00;0.658;;
688105;unknown;control;2024-01-20 23:00:00+00:00;0.343;;
688105;unknown;control;2024-01-20 23:15:00+00:00;0.367;;
688105;unknown;control;2024-01-20 23:30:00+00:00;0.783;;
688105;unknown;control;2024-01-20 23:45:00+00:00;0.824;;
688105;unknown;control;2024-01-21 00:00:00+00:00;1.184;;
688105;unknown;control;2024-01-21 00:15:00+00:00;0.951;;
688105;unknown;control;2024-01-21 00:30:00+00:00;0.889;;
688105;unknown;control;2024-01-21 00:45:00+00:00;0.895;;
688105;unknown;control;2024-01-21 01:00:00+00:00;0.908;;
688105;unknown;control;2024-01-21 01:15:00+00:00;0.726;;
688105;unknown;control;2024-01-21 01:30:00+00:00;0.889;;
688105;unknown;control;2024-01-21 01:45:00+00:00;0.908;;
688105;unknown;control;2024-01-21 02:00:00+00:00;1.121;;
688105;unknown;control;2024-01-21 02:15:00+00:00;1.581;;
688105;unknown;control;2024-01-21 02:30:00+00:00;1.381;;
688105;unknown;control;2024-01-21 02:45:00+00:00;0.832;;
688105;unknown;control;2024-01-21 03:00:00+00:00;0.842;;
688105;unknown;control;2024-01-21 03:15:00+00:00;0.861;;
688105;unknown;control;2024-01-21 03:30:00+00:00;0.872;;
688105;unknown;control;2024-01-21 03:45:00+00:00;0.863;;
688105;unknown;control;2024-01-21 04:00:00+00:00;0.881;;
688105;unknown;control;2024-01-21 04:15:00+00:00;0.882;;
688105;unknown;control;2024-01-21 04:30:00+00:00;0.885;;
688105;unknown;control;2024-01-21 04:45:00+00:00;0.896;;
688105;unknown;control;2024-01-21 05:00:00+00:00;0.904;;
688105;unknown;control;2024-01-21 05:15:00+00:00;0.884;;
688105;unknown;control;2024-01-21 05:30:00+00:00;0.885;;
688105;unknown;control;2024-01-21 05:45:00+00:00;0.643;;
688105;unknown;control;2024-01-21 06:00:00+00:00;0.097;;
688105;unknown;control;2024-01-21 06:15:00+00:00;0.104;;
688105;unknown;control;2024-01-21 06:30:00+00:00;0.122;;
688105;unknown;control;2024-01-21 06:45:00+00:00;0.442;;
688105;unknown;control;2024-01-21 07:00:00+00:00;0.79;;
688105;unknown;control;2024-01-21 07:15:00+00:00;0.916;;
688105;unknown;control;2024-01-21 07:30:00+00:00;0.992;;
688105;unknown;control;2024-01-21 07:45:00+00:00;0.417;;
688105;unknown;control;2024-01-21 08:00:00+00:00;0.169;;
688105;unknown;control;2024-01-21 08:15:00+00:00;0.103;;
688105;unknown;control;2024-01-21 08:30:00+00:00;0.471;;
688105;unknown;control;2024-01-21 08:45:00+00:00;0.714;;
688105;unknown;control;2024-01-21 09:00:00+00:00;0.719;;
688105;unknown;control;2024-01-21 09:15:00+00:00;0.447;;
688105;unknown;control;2024-01-21 09:30:00+00:00;0.006;;
688105;unknown;control;2024-01-21 09:45:00+00:00;0.0;;
688105;unknown;control;2024-01-21 10:00:00+00:00;0.007;;
688105;unknown;control;2024-01-21 10:15:00+00:00;0.282;;
688105;unknown;control;2024-01-21 10:30:00+00:00;0.667;;
688105;unknown;control;2024-01-21 10:45:00+00:00;0.413;;
688105;unknown;control;2024-01-21 11:00:00+00:00;0.066;;
688105;unknown;control;2024-01-21 11:15:00+00:00;0.137;;
688105;unknown;control;2024-01-21 11:30:00+00:00;0.116;;
688105;unknown;control;2024-01-21 11:45:00+00:00;0.854;;
688105;unknown;control;2024-01-21 12:00:00+00:00;0.634;;
688105;unknown;control;2024-01-21 12:15:00+00:00;0.0;;
688105;unknown;control;2024-01-21 12:30:00+00:00;0.001;;
688105;unknown;control;2024-01-21 12:45:00+00:00;0.0;;
688105;unknown;control;2024-01-21 13:00:00+00:00;0.039;;
688105;unknown;control;2024-01-21 13:15:00+00:00;0.255;;
688105;unknown;control;2024-01-21 13:30:00+00:00;0.248;;
688105;unknown;control;2024-01-21 13:45:00+00:00;0.0;;
688105;unknown;control;2024-01-21 14:00:00+00:00;0.0;;
688105;unknown;control;2024-01-21 14:15:00+00:00;0.03;;
688105;unknown;control;2024-01-21 14:30:00+00:00;0.221;;
688105;unknown;control;2024-01-21 14:45:00+00:00;0.447;;
688105;unknown;control;2024-01-21 15:00:00+00:00;0.227;;
688105;unknown;control;2024-01-21 15:15:00+00:00;0.039;;
688105;unknown;control;2024-01-21 15:30:00+00:00;0.002;;
688105;unknown;control;2024-01-21 15:45:00+00:00;0.072;;
688105;unknown;control;2024-01-21 16:00:00+00:00;0.456;;
688105;unknown;control;2024-01-21 16:15:00+00:00;0.813;;
688105;unknown;control;2024-01-21 16:30:00+00:00;0.864;;
688105;unknown;control;2024-01-21 16:45:00+00:00;0.252;;
688105;unknown;control;2024-01-21 17:00:00+00:00;0.327;;
688105;unknown;control;2024-01-21 17:15:00+00:00;1.209;;
688105;unknown;control;2024-01-21 17:30:00+00:00;0.914;;
688105;unknown;control;2024-01-21 17:45:00+00:00;0.888;;
688105;unknown;control;2024-01-21 18:00:00+00:00;0.893;;
688105;unknown;control;2024-01-21 18:15:00+00:00;0.898;;
688105;unknown;control;2024-01-21 18:30:00+00:00;0.907;;
688105;unknown;control;2024-01-21 18:45:00+00:00;0.906;;
688105;unknown;control;2024-01-21 19:00:00+00:00;0.909;;
688105;unknown;control;2024-01-21 19:15:00+00:00;0.91;;
688105;unknown;control;2024-01-21 19:30:00+00:00;1.014;;
688105;unknown;control;2024-01-21 19:45:00+00:00;0.926;;
688105;unknown;control;2024-01-21 20:00:00+00:00;0.911;;
688105;unknown;control;2024-01-21 20:15:00+00:00;0.915;;
688105;unknown;control;2024-01-21 20:30:00+00:00;0.908;;
688105;unknown;control;2024-01-21 20:45:00+00:00;0.354;;
688105;unknown;control;2024-01-21 21:00:00+00:00;0.137;;
688105;unknown;control;2024-01-21 21:15:00+00:00;0.118;;
688105;unknown;control;2024-01-21 21:30:00+00:00;0.111;;
688105;unknown;control;2024-01-21 21:45:00+00:00;0.103;;
688105;unknown;control;2024-01-21 22:00:00+00:00;0.115;;
688105;unknown;control;2024-01-21 22:15:00+00:00;0.39;;
688105;unknown;control;2024-01-21 22:30:00+00:00;0.753;;
688105;unknown;control;2024-01-21 22:45:00+00:00;0.789;;
688105;unknown;control;2024-01-21 23:00:00+00:00;0.288;;
688105;unknown;control;2024-01-21 23:15:00+00:00;0.122;;
688105;unknown;control;2024-01-21 23:30:00+00:00;0.11;;
688105;unknown;control;2024-01-21 23:45:00+00:00;0.534;;
688105;unknown;control;2024-01-22 00:00:00+00:00;0.803;;
688105;unknown;control;2024-01-22 00:15:00+00:00;0.837;;
688105;unknown;control;2024-01-22 00:30:00+00:00;0.859;;
688105;unknown;control;2024-01-22 00:45:00+00:00;0.88;;
688105;unknown;control;2024-01-22 01:00:00+00:00;0.906;;
688105;unknown;control;2024-01-22 01:15:00+00:00;0.935;;
688105;unknown;control;2024-01-22 01:30:00+00:00;1.088;;
688105;unknown;control;2024-01-22 01:45:00+00:00;0.9;;
688105;unknown;control;2024-01-22 02:00:00+00:00;0.902;;
688105;unknown;control;2024-01-22 02:15:00+00:00;1.13;;
688105;unknown;control;2024-01-22 02:30:00+00:00;1.566;;
688105;unknown;control;2024-01-22 02:45:00+00:00;1.593;;
688105;unknown;control;2024-01-22 03:00:00+00:00;1.21;;
688105;unknown;control;2024-01-22 03:15:00+00:00;0.837;;
688105;unknown;control;2024-01-22 03:30:00+00:00;0.846;;
688105;unknown;control;2024-01-22 03:45:00+00:00;0.871;;
688105;unknown;control;2024-01-22 04:00:00+00:00;0.88;;
688105;unknown;control;2024-01-22 04:15:00+00:00;0.88;;
688105;unknown;control;2024-01-22 04:30:00+00:00;0.88;;
688105;unknown;control;2024-01-22 04:45:00+00:00;0.884;;
688105;unknown;control;2024-01-22 05:00:00+00:00;0.894;;
688105;unknown;control;2024-01-22 05:15:00+00:00;0.944;;
688105;unknown;control;2024-01-22 05:30:00+00:00;0.972;;
688105;unknown;control;2024-01-22 05:45:00+00:00;0.963;;
688105;unknown;control;2024-01-22 06:00:00+00:00;0.156;;
688105;unknown;control;2024-01-22 06:15:00+00:00;0.155;;
688105;unknown;control;2024-01-22 06:30:00+00:00;0.149;;
688105;unknown;control;2024-01-22 06:45:00+00:00;0.15;;
688105;unknown;control;2024-01-22 07:00:00+00:00;0.246;;
688105;unknown;control;2024-01-22 07:15:00+00:00;0.163;;
688105;unknown;control;2024-01-22 07:30:00+00:00;0.136;;
688105;unknown;control;2024-01-22 07:45:00+00:00;0.557;;
688105;unknown;control;2024-01-22 08:00:00+00:00;0.752;;
688105;unknown;control;2024-01-22 08:15:00+00:00;0.115;;
688105;unknown;control;2024-01-22 08:30:00+00:00;0.098;;
688105;unknown;control;2024-01-22 08:45:00+00:00;0.12;;
688105;unknown;control;2024-01-22 09:00:00+00:00;0.162;;
688105;unknown;control;2024-01-22 09:15:00+00:00;0.662;;
688105;unknown;control;2024-01-22 09:30:00+00:00;0.251;;
688105;unknown;control;2024-01-22 09:45:00+00:00;0.0;;
688105;unknown;control;2024-01-22 10:00:00+00:00;0.0;;
688105;unknown;control;2024-01-22 10:15:00+00:00;0.0;;
688105;unknown;control;2024-01-22 10:30:00+00:00;0.0;;
688105;unknown;control;2024-01-22 10:45:00+00:00;0.0;;
688105;unknown;control;2024-01-22 11:00:00+00:00;0.136;;
688105;unknown;control;2024-01-22 11:15:00+00:00;0.178;;
688105;unknown;control;2024-01-22 11:30:00+00:00;0.0;;
688105;unknown;control;2024-01-22 11:45:00+00:00;0.0;;
688105;unknown;control;2024-01-22 12:00:00+00:00;0.001;;
688105;unknown;control;2024-01-22 12:15:00+00:00;0.001;;
688105;unknown;control;2024-01-22 12:30:00+00:00;0.0;;
688105;unknown;control;2024-01-22 12:45:00+00:00;0.0;;
688105;unknown;control;2024-01-22 13:00:00+00:00;0.0;;
688105;unknown;control;2024-01-22 13:15:00+00:00;0.31;;
688105;unknown;control;2024-01-22 13:30:00+00:00;0.677;;
688105;unknown;control;2024-01-22 13:45:00+00:00;0.122;;
688105;unknown;control;2024-01-22 14:00:00+00:00;0.045;;
688105;unknown;control;2024-01-22 14:15:00+00:00;0.068;;
688105;unknown;control;2024-01-22 14:30:00+00:00;0.077;;
688105;unknown;control;2024-01-22 14:45:00+00:00;0.091;;
688105;unknown;control;2024-01-22 15:00:00+00:00;0.094;;
688105;unknown;control;2024-01-22 15:15:00+00:00;0.096;;
688105;unknown;control;2024-01-22 15:30:00+00:00;0.114;;
688105;unknown;control;2024-01-22 15:45:00+00:00;0.117;;
688105;unknown;control;2024-01-22 16:00:00+00:00;0.271;;
688105;unknown;control;2024-01-22 16:15:00+00:00;0.739;;
688105;unknown;control;2024-01-22 16:30:00+00:00;0.167;;
688105;unknown;control;2024-01-22 16:45:00+00:00;0.117;;
688105;unknown;control;2024-01-22 17:00:00+00:00;0.1;;
688105;unknown;control;2024-01-22 17:15:00+00:00;0.624;;
688105;unknown;control;2024-01-22 17:30:00+00:00;0.722;;
688105;unknown;control;2024-01-22 17:45:00+00:00;0.749;;
688105;unknown;control;2024-01-22 18:00:00+00:00;0.779;;
688105;unknown;control;2024-01-22 18:15:00+00:00;1.118;;
688105;unknown;control;2024-01-22 18:30:00+00:00;1.201;;
688105;unknown;control;2024-01-22 18:45:00+00:00;0.873;;
688105;unknown;control;2024-01-22 19:00:00+00:00;0.819;;
688105;unknown;control;2024-01-22 19:15:00+00:00;0.884;;
688105;unknown;control;2024-01-22 19:30:00+00:00;0.903;;
688105;unknown;control;2024-01-22 19:45:00+00:00;0.859;;
688105;unknown;control;2024-01-22 20:00:00+00:00;0.843;;
688105;unknown;control;2024-01-22 20:15:00+00:00;0.883;;
688105;unknown;control;2024-01-22 20:30:00+00:00;0.873;;
688105;unknown;control;2024-01-22 20:45:00+00:00;0.36;;
688105;unknown;control;2024-01-22 21:00:00+00:00;0.52;;
688105;unknown;control;2024-01-22 21:15:00+00:00;0.14;;
688105;unknown;control;2024-01-22 21:30:00+00:00;0.122;;
688105;unknown;control;2024-01-22 21:45:00+00:00;0.126;;
688105;unknown;control;2024-01-22 22:00:00+00:00;0.11;;
688105;unknown;control;2024-01-22 22:15:00+00:00;0.139;;
688105;unknown;control;2024-01-22 22:30:00+00:00;0.123;;
688105;unknown;control;2024-01-22 22:45:00+00:00;0.157;;
688105;unknown;control;2024-01-22 23:00:00+00:00;0.54;;
688105;unknown;control;2024-01-22 23:15:00+00:00;0.216;;
688105;unknown;control;2024-01-22 23:30:00+00:00;0.332;;
688105;unknown;control;2024-01-22 23:45:00+00:00;0.339;;
688105;unknown;control;2024-01-23 00:00:00+00:00;0.896;;
688105;unknown;control;2024-01-23 00:15:00+00:00;0.975;;
688105;unknown;control;2024-01-23 00:30:00+00:00;0.195;;
688105;unknown;control;2024-01-23 00:45:00+00:00;0.12;;
688105;unknown;control;2024-01-23 01:00:00+00:00;0.096;;
688105;unknown;control;2024-01-23 01:15:00+00:00;0.096;;
688105;unknown;control;2024-01-23 01:30:00+00:00;0.882;;
688105;unknown;control;2024-01-23 01:45:00+00:00;0.911;;
688105;unknown;control;2024-01-23 02:00:00+00:00;0.91;;
688105;unknown;control;2024-01-23 02:15:00+00:00;0.916;;
688105;unknown;control;2024-01-23 02:30:00+00:00;0.511;;
688105;unknown;control;2024-01-23 02:45:00+00:00;0.746;;
688105;unknown;control;2024-01-23 03:00:00+00:00;0.789;;
688105;unknown;control;2024-01-23 03:15:00+00:00;0.801;;
688105;unknown;control;2024-01-23 03:30:00+00:00;0.812;;
688105;unknown;control;2024-01-23 03:45:00+00:00;0.823;;
688105;unknown;control;2024-01-23 04:00:00+00:00;0.839;;
688105;unknown;control;2024-01-23 04:15:00+00:00;0.867;;
688105;unknown;control;2024-01-23 04:30:00+00:00;0.856;;
688105;unknown;control;2024-01-23 04:45:00+00:00;0.866;;
688105;unknown;control;2024-01-23 05:00:00+00:00;0.865;;
688105;unknown;control;2024-01-23 05:15:00+00:00;0.883;;
688105;unknown;control;2024-01-23 05:30:00+00:00;0.985;;
688105;unknown;control;2024-01-23 05:45:00+00:00;1.004;;
688105;unknown;control;2024-01-23 06:00:00+00:00;0.17;;
688105;unknown;control;2024-01-23 06:15:00+00:00;0.19;;
688105;unknown;control;2024-01-23 06:30:00+00:00;0.185;;
688105;unknown;control;2024-01-23 06:45:00+00:00;0.148;;
688105;unknown;control;2024-01-23 07:00:00+00:00;0.147;;
688105;unknown;control;2024-01-23 07:15:00+00:00;0.311;;
688105;unknown;control;2024-01-23 07:30:00+00:00;0.211;;
688105;unknown;control;2024-01-23 07:45:00+00:00;0.179;;
688105;unknown;control;2024-01-23 08:00:00+00:00;0.07;;
688105;unknown;control;2024-01-23 08:15:00+00:00;0.014;;
688105;unknown;control;2024-01-23 08:30:00+00:00;0.073;;
688105;unknown;control;2024-01-23 08:45:00+00:00;0.207;;
688105;unknown;control;2024-01-23 09:00:00+00:00;0.177;;
688105;unknown;control;2024-01-23 09:15:00+00:00;0.28;;
688105;unknown;control;2024-01-23 09:30:00+00:00;0.009;;
688105;unknown;control;2024-01-23 09:45:00+00:00;0.0;;
688105;unknown;control;2024-01-23 10:00:00+00:00;0.0;;
688105;unknown;control;2024-01-23 10:15:00+00:00;0.0;;
688105;unknown;control;2024-01-23 10:30:00+00:00;0.0;;
688105;unknown;control;2024-01-23 10:45:00+00:00;0.0;;
688105;unknown;control;2024-01-23 11:00:00+00:00;0.0;;
688105;unknown;control;2024-01-23 11:15:00+00:00;0.0;;
688105;unknown;control;2024-01-23 11:30:00+00:00;0.0;;
688105;unknown;control;2024-01-23 11:45:00+00:00;0.0;;
688105;unknown;control;2024-01-23 12:00:00+00:00;0.0;;
688105;unknown;control;2024-01-23 12:15:00+00:00;0.0;;
688105;unknown;control;2024-01-23 12:30:00+00:00;0.0;;
688105;unknown;control;2024-01-23 12:45:00+00:00;0.0;;
688105;unknown;control;2024-01-23 13:00:00+00:00;0.0;;
688105;unknown;control;2024-01-23 13:15:00+00:00;0.0;;
688105;unknown;control;2024-01-23 13:30:00+00:00;0.001;;
688105;unknown;control;2024-01-23 13:45:00+00:00;0.002;;
688105;unknown;control;2024-01-23 14:00:00+00:00;0.004;;
688105;unknown;control;2024-01-23 14:15:00+00:00;0.021;;
688105;unknown;control;2024-01-23 14:30:00+00:00;0.049;;
688105;unknown;control;2024-01-23 14:45:00+00:00;0.036;;
688105;unknown;control;2024-01-23 15:00:00+00:00;0.059;;
688105;unknown;control;2024-01-23 15:15:00+00:00;0.067;;
688105;unknown;control;2024-01-23 15:30:00+00:00;0.108;;
688105;unknown;control;2024-01-23 15:45:00+00:00;0.127;;
688105;unknown;control;2024-01-23 16:00:00+00:00;0.1;;
688105;unknown;control;2024-01-23 16:15:00+00:00;0.101;;
688105;unknown;control;2024-01-23 16:30:00+00:00;0.104;;
688105;unknown;control;2024-01-23 16:45:00+00:00;0.132;;
688105;unknown;control;2024-01-23 17:00:00+00:00;0.23;;
688105;unknown;control;2024-01-23 17:15:00+00:00;0.182;;
688105;unknown;control;2024-01-23 17:30:00+00:00;0.699;;
688105;unknown;control;2024-01-23 17:45:00+00:00;0.783;;
688105;unknown;control;2024-01-23 18:00:00+00:00;0.787;;
688105;unknown;control;2024-01-23 18:15:00+00:00;1.077;;
688105;unknown;control;2024-01-23 18:30:00+00:00;0.827;;
688105;unknown;control;2024-01-23 18:45:00+00:00;0.954;;
688105;unknown;control;2024-01-23 19:00:00+00:00;0.893;;
688105;unknown;control;2024-01-23 19:15:00+00:00;1.048;;
688105;unknown;control;2024-01-23 19:30:00+00:00;0.94;;
688105;unknown;control;2024-01-23 19:45:00+00:00;0.903;;
688105;unknown;control;2024-01-23 20:00:00+00:00;0.887;;
688105;unknown;control;2024-01-23 20:15:00+00:00;0.894;;
688105;unknown;control;2024-01-23 20:30:00+00:00;0.908;;
688105;unknown;control;2024-01-23 20:45:00+00:00;0.384;;
688105;unknown;control;2024-01-23 21:00:00+00:00;0.15;;
688105;unknown;control;2024-01-23 21:15:00+00:00;0.115;;
688105;unknown;control;2024-01-23 21:30:00+00:00;0.121;;
688105;unknown;control;2024-01-23 21:45:00+00:00;0.125;;
688105;unknown;control;2024-01-23 22:00:00+00:00;0.112;;
688105;unknown;control;2024-01-23 22:15:00+00:00;0.102;;
688105;unknown;control;2024-01-23 22:30:00+00:00;0.1;;
688105;unknown;control;2024-01-23 22:45:00+00:00;0.112;;
688105;unknown;control;2024-01-23 23:00:00+00:00;0.105;;
688105;unknown;control;2024-01-23 23:15:00+00:00;0.097;;
688105;unknown;control;2024-01-23 23:30:00+00:00;0.107;;
688105;unknown;control;2024-01-23 23:45:00+00:00;0.351;;
688105;unknown;control;2024-01-24 00:00:00+00:00;0.915;;
688105;unknown;control;2024-01-24 00:15:00+00:00;0.961;;
688105;unknown;control;2024-01-24 00:30:00+00:00;0.287;;
688105;unknown;control;2024-01-24 00:45:00+00:00;0.097;;
688105;unknown;control;2024-01-24 01:00:00+00:00;0.102;;
688105;unknown;control;2024-01-24 01:15:00+00:00;0.111;;
688105;unknown;control;2024-01-24 01:30:00+00:00;0.893;;
688105;unknown;control;2024-01-24 01:45:00+00:00;0.895;;
688105;unknown;control;2024-01-24 02:00:00+00:00;0.902;;
688105;unknown;control;2024-01-24 02:15:00+00:00;0.91;;
688105;unknown;control;2024-01-24 02:30:00+00:00;0.883;;
688105;unknown;control;2024-01-24 02:45:00+00:00;0.139;;
688105;unknown;control;2024-01-24 03:00:00+00:00;0.736;;
688105;unknown;control;2024-01-24 03:15:00+00:00;0.783;;
688105;unknown;control;2024-01-24 03:30:00+00:00;0.826;;
688105;unknown;control;2024-01-24 03:45:00+00:00;0.835;;
688105;unknown;control;2024-01-24 04:00:00+00:00;0.849;;
688105;unknown;control;2024-01-24 04:15:00+00:00;0.877;;
688105;unknown;control;2024-01-24 04:30:00+00:00;0.89;;
688105;unknown;control;2024-01-24 04:45:00+00:00;0.64;;
688105;unknown;control;2024-01-24 05:00:00+00:00;0.1;;
688105;unknown;control;2024-01-24 05:15:00+00:00;0.271;;
688105;unknown;control;2024-01-24 05:30:00+00:00;1.48;;
688105;unknown;control;2024-01-24 05:45:00+00:00;0.635;;
688105;unknown;control;2024-01-24 06:00:00+00:00;0.174;;
688105;unknown;control;2024-01-24 06:15:00+00:00;0.125;;
688105;unknown;control;2024-01-24 06:30:00+00:00;0.148;;
688105;unknown;control;2024-01-24 06:45:00+00:00;0.101;;
688105;unknown;control;2024-01-24 07:00:00+00:00;0.105;;
688105;unknown;control;2024-01-24 07:15:00+00:00;0.098;;
688105;unknown;control;2024-01-24 07:30:00+00:00;0.091;;
688105;unknown;control;2024-01-24 07:45:00+00:00;0.072;;
688105;unknown;control;2024-01-24 08:00:00+00:00;0.042;;
688105;unknown;control;2024-01-24 08:15:00+00:00;0.026;;
688105;unknown;control;2024-01-24 08:30:00+00:00;0.001;;
688105;unknown;control;2024-01-24 08:45:00+00:00;0.0;;
688105;unknown;control;2024-01-24 09:00:00+00:00;0.0;;
688105;unknown;control;2024-01-24 09:15:00+00:00;0.003;;
688105;unknown;control;2024-01-24 09:30:00+00:00;0.042;;
688105;unknown;control;2024-01-24 09:45:00+00:00;0.047;;
688105;unknown;control;2024-01-24 10:00:00+00:00;0.01;;
688105;unknown;control;2024-01-24 10:15:00+00:00;0.0;;
688105;unknown;control;2024-01-24 10:30:00+00:00;0.001;;
688105;unknown;control;2024-01-24 10:45:00+00:00;0.0;;
688105;unknown;control;2024-01-24 11:00:00+00:00;0.0;;
688105;unknown;control;2024-01-24 11:15:00+00:00;0.0;;
688105;unknown;control;2024-01-24 11:30:00+00:00;0.0;;
688105;unknown;control;2024-01-24 11:45:00+00:00;0.002;;
688105;unknown;control;2024-01-24 12:00:00+00:00;0.005;;
688105;unknown;control;2024-01-24 12:15:00+00:00;0.0;;
688105;unknown;control;2024-01-24 12:30:00+00:00;0.0;;
688105;unknown;control;2024-01-24 12:45:00+00:00;0.0;;
688105;unknown;control;2024-01-24 13:00:00+00:00;0.0;;
688105;unknown;control;2024-01-24 13:15:00+00:00;0.001;;
688105;unknown;control;2024-01-24 13:30:00+00:00;0.0;;
688105;unknown;control;2024-01-24 13:45:00+00:00;0.0;;
688105;unknown;control;2024-01-24 14:00:00+00:00;0.0;;
688105;unknown;control;2024-01-24 14:15:00+00:00;0.001;;
688105;unknown;control;2024-01-24 14:30:00+00:00;0.0;;
688105;unknown;control;2024-01-24 14:45:00+00:00;0.004;;
688105;unknown;control;2024-01-24 15:00:00+00:00;0.035;;
688105;unknown;control;2024-01-24 15:15:00+00:00;0.052;;
688105;unknown;control;2024-01-24 15:30:00+00:00;0.104;;
688105;unknown;control;2024-01-24 15:45:00+00:00;0.111;;
688105;unknown;control;2024-01-24 16:00:00+00:00;0.108;;
688105;unknown;control;2024-01-24 16:15:00+00:00;0.1;;
688105;unknown;control;2024-01-24 16:30:00+00:00;0.099;;
688105;unknown;control;2024-01-24 16:45:00+00:00;0.149;;
688105;unknown;control;2024-01-24 17:00:00+00:00;0.292;;
688105;unknown;control;2024-01-24 17:15:00+00:00;0.377;;
688105;unknown;control;2024-01-24 17:30:00+00:00;0.22;;
688105;unknown;control;2024-01-24 17:45:00+00:00;0.663;;
688105;unknown;control;2024-01-24 18:00:00+00:00;0.795;;
688105;unknown;control;2024-01-24 18:15:00+00:00;0.781;;
688105;unknown;control;2024-01-24 18:30:00+00:00;0.78;;
688105;unknown;control;2024-01-24 18:45:00+00:00;0.882;;
688105;unknown;control;2024-01-24 19:00:00+00:00;0.911;;
688105;unknown;control;2024-01-24 19:15:00+00:00;0.479;;
688105;unknown;control;2024-01-24 19:30:00+00:00;0.198;;
688105;unknown;control;2024-01-24 19:45:00+00:00;0.342;;
688105;unknown;control;2024-01-24 20:00:00+00:00;0.822;;
688105;unknown;control;2024-01-24 20:15:00+00:00;0.851;;
688105;unknown;control;2024-01-24 20:30:00+00:00;0.866;;
688105;unknown;control;2024-01-24 20:45:00+00:00;0.333;;
688105;unknown;control;2024-01-24 21:00:00+00:00;0.124;;
688105;unknown;control;2024-01-24 21:15:00+00:00;0.133;;
688105;unknown;control;2024-01-24 21:30:00+00:00;0.115;;
688105;unknown;control;2024-01-24 21:45:00+00:00;0.109;;
688105;unknown;control;2024-01-24 22:00:00+00:00;0.095;;
688105;unknown;control;2024-01-24 22:15:00+00:00;0.101;;
688105;unknown;control;2024-01-24 22:30:00+00:00;0.11;;
688105;unknown;control;2024-01-24 22:45:00+00:00;0.094;;
688105;unknown;control;2024-01-24 23:00:00+00:00;0.098;;
688105;unknown;control;2024-01-24 23:15:00+00:00;0.106;;
688105;unknown;control;2024-01-24 23:30:00+00:00;0.117;;
688105;unknown;control;2024-01-24 23:45:00+00:00;0.352;;
688105;unknown;control;2024-01-25 00:00:00+00:00;0.879;;
688105;unknown;control;2024-01-25 00:15:00+00:00;0.948;;
688105;unknown;control;2024-01-25 00:30:00+00:00;0.115;;
688105;unknown;control;2024-01-25 00:45:00+00:00;0.109;;
688105;unknown;control;2024-01-25 01:00:00+00:00;0.108;;
688105;unknown;control;2024-01-25 01:15:00+00:00;0.106;;
688105;unknown;control;2024-01-25 01:30:00+00:00;0.892;;
688105;unknown;control;2024-01-25 01:45:00+00:00;0.887;;
688105;unknown;control;2024-01-25 02:00:00+00:00;0.889;;
688105;unknown;control;2024-01-25 02:15:00+00:00;0.757;;
688105;unknown;control;2024-01-25 02:30:00+00:00;0.093;;
688105;unknown;control;2024-01-25 02:45:00+00:00;0.103;;
688105;unknown;control;2024-01-25 03:00:00+00:00;0.117;;
688105;unknown;control;2024-01-25 03:15:00+00:00;0.762;;
688105;unknown;control;2024-01-25 03:30:00+00:00;0.778;;
688105;unknown;control;2024-01-25 03:45:00+00:00;0.802;;
688105;unknown;control;2024-01-25 04:00:00+00:00;0.829;;
688105;unknown;control;2024-01-25 04:15:00+00:00;0.875;;
688105;unknown;control;2024-01-25 04:30:00+00:00;0.903;;
688105;unknown;control;2024-01-25 04:45:00+00:00;0.329;;
688105;unknown;control;2024-01-25 05:00:00+00:00;0.108;;
688105;unknown;control;2024-01-25 05:15:00+00:00;0.103;;
688105;unknown;control;2024-01-25 05:30:00+00:00;0.334;;
688105;unknown;control;2024-01-25 05:45:00+00:00;0.932;;
688105;unknown;control;2024-01-25 06:00:00+00:00;0.103;;
688105;unknown;control;2024-01-25 06:15:00+00:00;0.099;;
688105;unknown;control;2024-01-25 06:30:00+00:00;0.184;;
688105;unknown;control;2024-01-25 06:45:00+00:00;0.164;;
688105;unknown;control;2024-01-25 07:00:00+00:00;0.132;;
688105;unknown;control;2024-01-25 07:15:00+00:00;0.179;;
688105;unknown;control;2024-01-25 07:30:00+00:00;0.118;;
688105;unknown;control;2024-01-25 07:45:00+00:00;0.146;;
688105;unknown;control;2024-01-25 08:00:00+00:00;0.072;;
688105;unknown;control;2024-01-25 08:15:00+00:00;0.066;;
688105;unknown;control;2024-01-25 08:30:00+00:00;0.065;;
688105;unknown;control;2024-01-25 08:45:00+00:00;0.044;;
688105;unknown;control;2024-01-25 09:00:00+00:00;0.014;;
688105;unknown;control;2024-01-25 09:15:00+00:00;0.094;;
688105;unknown;control;2024-01-25 09:30:00+00:00;0.099;;
688105;unknown;control;2024-01-25 09:45:00+00:00;0.26;;
688105;unknown;control;2024-01-25 10:00:00+00:00;0.001;;
688105;unknown;control;2024-01-25 10:15:00+00:00;0.001;;
688105;unknown;control;2024-01-25 10:30:00+00:00;0.011;;
688105;unknown;control;2024-01-25 10:45:00+00:00;0.0;;
688105;unknown;control;2024-01-25 11:00:00+00:00;0.357;;
688105;unknown;control;2024-01-25 11:15:00+00:00;0.467;;
688105;unknown;control;2024-01-25 11:30:00+00:00;0.006;;
688105;unknown;control;2024-01-25 11:45:00+00:00;0.0;;
688105;unknown;control;2024-01-25 12:00:00+00:00;0.001;;
688105;unknown;control;2024-01-25 12:15:00+00:00;0.0;;
688105;unknown;control;2024-01-25 12:30:00+00:00;0.01;;
688105;unknown;control;2024-01-25 12:45:00+00:00;0.115;;
688105;unknown;control;2024-01-25 13:00:00+00:00;0.079;;
688105;unknown;control;2024-01-25 13:15:00+00:00;0.003;;
688105;unknown;control;2024-01-25 13:30:00+00:00;0.0;;
688105;unknown;control;2024-01-25 13:45:00+00:00;0.008;;
688105;unknown;control;2024-01-25 14:00:00+00:00;0.0;;
688105;unknown;control;2024-01-25 14:15:00+00:00;0.066;;
688105;unknown;control;2024-01-25 14:30:00+00:00;0.0;;
688105;unknown;control;2024-01-25 14:45:00+00:00;0.0;;
688105;unknown;control;2024-01-25 15:00:00+00:00;0.027;;
688105;unknown;control;2024-01-25 15:15:00+00:00;0.056;;
688105;unknown;control;2024-01-25 15:30:00+00:00;0.088;;
688105;unknown;control;2024-01-25 15:45:00+00:00;0.17;;
688105;unknown;control;2024-01-25 16:00:00+00:00;0.129;;
688105;unknown;control;2024-01-25 16:15:00+00:00;0.132;;
688105;unknown;control;2024-01-25 16:30:00+00:00;0.114;;
688105;unknown;control;2024-01-25 16:45:00+00:00;0.103;;
688105;unknown;control;2024-01-25 17:00:00+00:00;0.086;;
688105;unknown;control;2024-01-25 17:15:00+00:00;0.126;;
688105;unknown;control;2024-01-25 17:30:00+00:00;0.555;;
688105;unknown;control;2024-01-25 17:45:00+00:00;0.79;;
688105;unknown;control;2024-01-25 18:00:00+00:00;1.0;;
688105;unknown;control;2024-01-25 18:15:00+00:00;0.855;;
688105;unknown;control;2024-01-25 18:30:00+00:00;0.757;;
688105;unknown;control;2024-01-25 18:45:00+00:00;0.904;;
688105;unknown;control;2024-01-25 19:00:00+00:00;0.81;;
688105;unknown;control;2024-01-25 19:15:00+00:00;0.883;;
688105;unknown;control;2024-01-25 19:30:00+00:00;0.223;;
688105;unknown;control;2024-01-25 19:45:00+00:00;0.196;;
688105;unknown;control;2024-01-25 20:00:00+00:00;0.499;;
688105;unknown;control;2024-01-25 20:15:00+00:00;0.819;;
688105;unknown;control;2024-01-25 20:30:00+00:00;0.847;;
688105;unknown;control;2024-01-25 20:45:00+00:00;0.366;;
688105;unknown;control;2024-01-25 21:00:00+00:00;0.209;;
688105;unknown;control;2024-01-25 21:15:00+00:00;0.202;;
688105;unknown;control;2024-01-25 21:30:00+00:00;0.204;;
688105;unknown;control;2024-01-25 21:45:00+00:00;0.148;;
688105;unknown;control;2024-01-25 22:00:00+00:00;0.107;;
688105;unknown;control;2024-01-25 22:15:00+00:00;0.114;;
688105;unknown;control;2024-01-25 22:30:00+00:00;0.097;;
688105;unknown;control;2024-01-25 22:45:00+00:00;0.102;;
688105;unknown;control;2024-01-25 23:00:00+00:00;0.107;;
688105;unknown;control;2024-01-25 23:15:00+00:00;0.112;;
688105;unknown;control;2024-01-25 23:30:00+00:00;0.109;;
688105;unknown;control;2024-01-25 23:45:00+00:00;0.331;;
688105;unknown;control;2024-01-26 00:00:00+00:00;0.863;;
688105;unknown;control;2024-01-26 00:15:00+00:00;0.928;;
688105;unknown;control;2024-01-26 00:30:00+00:00;0.413;;
688105;unknown;control;2024-01-26 00:45:00+00:00;0.113;;
688105;unknown;control;2024-01-26 01:00:00+00:00;0.106;;
688105;unknown;control;2024-01-26 01:15:00+00:00;0.106;;
688105;unknown;control;2024-01-26 01:30:00+00:00;0.881;;
688105;unknown;control;2024-01-26 01:45:00+00:00;0.894;;
688105;unknown;control;2024-01-26 02:00:00+00:00;0.878;;
688105;unknown;control;2024-01-26 02:15:00+00:00;0.816;;
688105;unknown;control;2024-01-26 02:30:00+00:00;0.099;;
688105;unknown;control;2024-01-26 02:45:00+00:00;0.115;;
688105;unknown;control;2024-01-26 03:00:00+00:00;0.188;;
688105;unknown;control;2024-01-26 03:15:00+00:00;0.747;;
688105;unknown;control;2024-01-26 03:30:00+00:00;0.776;;
688105;unknown;control;2024-01-26 03:45:00+00:00;0.797;;
688105;unknown;control;2024-01-26 04:00:00+00:00;0.832;;
688105;unknown;control;2024-01-26 04:15:00+00:00;0.854;;
688105;unknown;control;2024-01-26 04:30:00+00:00;0.88;;
688105;unknown;control;2024-01-26 04:45:00+00:00;0.906;;
688105;unknown;control;2024-01-26 05:00:00+00:00;0.284;;
688105;unknown;control;2024-01-26 05:15:00+00:00;0.171;;
688105;unknown;control;2024-01-26 05:30:00+00:00;0.558;;
688105;unknown;control;2024-01-26 05:45:00+00:00;1.125;;
688105;unknown;control;2024-01-26 06:00:00+00:00;0.165;;
688105;unknown;control;2024-01-26 06:15:00+00:00;0.16;;
688105;unknown;control;2024-01-26 06:30:00+00:00;0.147;;
688105;unknown;control;2024-01-26 06:45:00+00:00;0.237;;
688105;unknown;control;2024-01-26 07:00:00+00:00;0.126;;
688105;unknown;control;2024-01-26 07:15:00+00:00;0.083;;
688105;unknown;control;2024-01-26 07:30:00+00:00;0.005;;
688105;unknown;control;2024-01-26 07:45:00+00:00;0.0;;
688105;unknown;control;2024-01-26 08:00:00+00:00;0.001;;
688105;unknown;control;2024-01-26 08:15:00+00:00;0.0;;
688105;unknown;control;2024-01-26 08:30:00+00:00;0.0;;
688105;unknown;control;2024-01-26 08:45:00+00:00;0.0;;
688105;unknown;control;2024-01-26 09:00:00+00:00;0.0;;
688105;unknown;control;2024-01-26 09:15:00+00:00;0.0;;
688105;unknown;control;2024-01-26 09:30:00+00:00;0.0;;
688105;unknown;control;2024-01-26 09:45:00+00:00;0.0;;
688105;unknown;control;2024-01-26 10:00:00+00:00;0.0;;
688105;unknown;control;2024-01-26 10:15:00+00:00;0.0;;
688105;unknown;control;2024-01-26 10:30:00+00:00;0.0;;
688105;unknown;control;2024-01-26 10:45:00+00:00;0.0;;
688105;unknown;control;2024-01-26 11:00:00+00:00;0.0;;
688105;unknown;control;2024-01-26 11:15:00+00:00;0.0;;
688105;unknown;control;2024-01-26 11:30:00+00:00;0.001;;
688105;unknown;control;2024-01-26 11:45:00+00:00;0.0;;
688105;unknown;control;2024-01-26 12:00:00+00:00;0.0;;
688105;unknown;control;2024-01-26 12:15:00+00:00;0.0;;
688105;unknown;control;2024-01-26 12:30:00+00:00;0.013;;
688105;unknown;control;2024-01-26 12:45:00+00:00;0.34;;
688105;unknown;control;2024-01-26 13:00:00+00:00;0.007;;
688105;unknown;control;2024-01-26 13:15:00+00:00;0.053;;
688105;unknown;control;2024-01-26 13:30:00+00:00;0.055;;
688105;unknown;control;2024-01-26 13:45:00+00:00;0.068;;
688105;unknown;control;2024-01-26 14:00:00+00:00;0.065;;
688105;unknown;control;2024-01-26 14:15:00+00:00;0.048;;
688105;unknown;control;2024-01-26 14:30:00+00:00;0.279;;
688105;unknown;control;2024-01-26 14:45:00+00:00;0.401;;
688105;unknown;control;2024-01-26 15:00:00+00:00;0.074;;
688105;unknown;control;2024-01-26 15:15:00+00:00;0.104;;
688105;unknown;control;2024-01-26 15:30:00+00:00;0.111;;
688105;unknown;control;2024-01-26 15:45:00+00:00;0.112;;
688105;unknown;control;2024-01-26 16:00:00+00:00;0.094;;
688105;unknown;control;2024-01-26 16:15:00+00:00;0.097;;
688105;unknown;control;2024-01-26 16:30:00+00:00;0.098;;
688105;unknown;control;2024-01-26 16:45:00+00:00;0.107;;
688105;unknown;control;2024-01-26 17:00:00+00:00;0.121;;
688105;unknown;control;2024-01-26 17:15:00+00:00;0.131;;
688105;unknown;control;2024-01-26 17:30:00+00:00;0.456;;
688105;unknown;control;2024-01-26 17:45:00+00:00;1.002;;
688105;unknown;control;2024-01-26 18:00:00+00:00;1.024;;
688105;unknown;control;2024-01-26 18:15:00+00:00;0.851;;
688105;unknown;control;2024-01-26 18:30:00+00:00;0.818;;
688105;unknown;control;2024-01-26 18:45:00+00:00;0.873;;
688105;unknown;control;2024-01-26 19:00:00+00:00;0.866;;
688105;unknown;control;2024-01-26 19:15:00+00:00;0.878;;
688105;unknown;control;2024-01-26 19:30:00+00:00;0.883;;
688105;unknown;control;2024-01-26 19:45:00+00:00;0.223;;
688105;unknown;control;2024-01-26 20:00:00+00:00;0.233;;
688105;unknown;control;2024-01-26 20:15:00+00:00;0.791;;
688105;unknown;control;2024-01-26 20:30:00+00:00;0.833;;
688105;unknown;control;2024-01-26 20:45:00+00:00;0.367;;
688105;unknown;control;2024-01-26 21:00:00+00:00;0.253;;
688105;unknown;control;2024-01-26 21:15:00+00:00;0.262;;
688105;unknown;control;2024-01-26 21:30:00+00:00;0.216;;
688105;unknown;control;2024-01-26 21:45:00+00:00;0.247;;
688105;unknown;control;2024-01-26 22:00:00+00:00;0.181;;
688105;unknown;control;2024-01-26 22:15:00+00:00;0.189;;
688105;unknown;control;2024-01-26 22:30:00+00:00;0.143;;
688105;unknown;control;2024-01-26 22:45:00+00:00;0.11;;
688105;unknown;control;2024-01-26 23:00:00+00:00;0.107;;
688105;unknown;control;2024-01-26 23:15:00+00:00;0.094;;
688105;unknown;control;2024-01-26 23:30:00+00:00;0.102;;
688105;unknown;control;2024-01-26 23:45:00+00:00;0.333;;
688105;unknown;control;2024-01-27 00:00:00+00:00;0.831;;
688105;unknown;control;2024-01-27 00:15:00+00:00;0.901;;
688105;unknown;control;2024-01-27 00:30:00+00:00;0.975;;
688105;unknown;control;2024-01-27 00:45:00+00:00;0.203;;
688105;unknown;control;2024-01-27 01:00:00+00:00;0.116;;
688105;unknown;control;2024-01-27 01:15:00+00:00;0.094;;
688105;unknown;control;2024-01-27 01:30:00+00:00;0.879;;
688105;unknown;control;2024-01-27 01:45:00+00:00;0.881;;
688105;unknown;control;2024-01-27 02:00:00+00:00;0.897;;
688105;unknown;control;2024-01-27 02:15:00+00:00;0.925;;
688105;unknown;control;2024-01-27 02:30:00+00:00;0.629;;
688105;unknown;control;2024-01-27 02:45:00+00:00;0.273;;
688105;unknown;control;2024-01-27 03:00:00+00:00;0.737;;
688105;unknown;control;2024-01-27 03:15:00+00:00;0.787;;
688105;unknown;control;2024-01-27 03:30:00+00:00;0.805;;
688105;unknown;control;2024-01-27 03:45:00+00:00;0.802;;
688105;unknown;control;2024-01-27 04:00:00+00:00;0.818;;
688105;unknown;control;2024-01-27 04:15:00+00:00;0.83;;
688105;unknown;control;2024-01-27 04:30:00+00:00;0.847;;
688105;unknown;control;2024-01-27 04:45:00+00:00;0.86;;
688105;unknown;control;2024-01-27 05:00:00+00:00;0.849;;
688105;unknown;control;2024-01-27 05:15:00+00:00;0.859;;
688105;unknown;control;2024-01-27 05:30:00+00:00;0.869;;
688105;unknown;control;2024-01-27 05:45:00+00:00;0.305;;
688105;unknown;control;2024-01-27 06:00:00+00:00;0.108;;
688105;unknown;control;2024-01-27 06:15:00+00:00;0.111;;
688105;unknown;control;2024-01-27 06:30:00+00:00;0.116;;
688105;unknown;control;2024-01-27 06:45:00+00:00;0.154;;
688105;unknown;control;2024-01-27 07:00:00+00:00;0.178;;
688105;unknown;control;2024-01-27 07:15:00+00:00;0.139;;
688105;unknown;control;2024-01-27 07:30:00+00:00;0.075;;
688105;unknown;control;2024-01-27 07:45:00+00:00;0.013;;
688105;unknown;control;2024-01-27 08:00:00+00:00;0.034;;
688105;unknown;control;2024-01-27 08:15:00+00:00;0.001;;
688105;unknown;control;2024-01-27 08:30:00+00:00;0.0;;
688105;unknown;control;2024-01-27 08:45:00+00:00;0.0;;
688105;unknown;control;2024-01-27 09:00:00+00:00;0.0;;
688105;unknown;control;2024-01-27 09:15:00+00:00;0.0;;
688105;unknown;control;2024-01-27 09:30:00+00:00;0.0;;
688105;unknown;control;2024-01-27 09:45:00+00:00;0.0;;
688105;unknown;control;2024-01-27 10:00:00+00:00;0.0;;
688105;unknown;control;2024-01-27 10:15:00+00:00;0.0;;
688105;unknown;control;2024-01-27 10:30:00+00:00;0.0;;
688105;unknown;control;2024-01-27 10:45:00+00:00;0.0;;
688105;unknown;control;2024-01-27 11:00:00+00:00;0.0;;
688105;unknown;control;2024-01-27 11:15:00+00:00;0.0;;
688105;unknown;control;2024-01-27 11:30:00+00:00;0.0;;
688105;unknown;control;2024-01-27 11:45:00+00:00;0.0;;
688105;unknown;control;2024-01-27 12:00:00+00:00;0.0;;
688105;unknown;control;2024-01-27 12:15:00+00:00;0.0;;
688105;unknown;control;2024-01-27 12:30:00+00:00;0.0;;
688105;unknown;control;2024-01-27 12:45:00+00:00;0.0;;
688105;unknown;control;2024-01-27 13:00:00+00:00;0.0;;
688105;unknown;control;2024-01-27 13:15:00+00:00;0.0;;
688105;unknown;control;2024-01-27 13:30:00+00:00;0.0;;
688105;unknown;control;2024-01-27 13:45:00+00:00;0.0;;
688105;unknown;control;2024-01-27 14:00:00+00:00;0.0;;
688105;unknown;control;2024-01-27 14:15:00+00:00;0.0;;
688105;unknown;control;2024-01-27 14:30:00+00:00;0.0;;
688105;unknown;control;2024-01-27 14:45:00+00:00;0.0;;
688105;unknown;control;2024-01-27 15:00:00+00:00;0.0;;
688105;unknown;control;2024-01-27 15:15:00+00:00;0.0;;
688105;unknown;control;2024-01-27 15:30:00+00:00;0.01;;
688105;unknown;control;2024-01-27 15:45:00+00:00;0.027;;
688105;unknown;control;2024-01-27 16:00:00+00:00;0.078;;
688105;unknown;control;2024-01-27 16:15:00+00:00;0.101;;
688105;unknown;control;2024-01-27 16:30:00+00:00;0.102;;
688105;unknown;control;2024-01-27 16:45:00+00:00;0.091;;
688105;unknown;control;2024-01-27 17:00:00+00:00;0.102;;
688105;unknown;control;2024-01-27 17:15:00+00:00;0.363;;
688105;unknown;control;2024-01-27 17:30:00+00:00;0.676;;
688105;unknown;control;2024-01-27 17:45:00+00:00;0.694;;
688105;unknown;control;2024-01-27 18:00:00+00:00;0.708;;
688105;unknown;control;2024-01-27 18:15:00+00:00;0.749;;
688105;unknown;control;2024-01-27 18:30:00+00:00;0.749;;
688105;unknown;control;2024-01-27 18:45:00+00:00;0.748;;
688105;unknown;control;2024-01-27 19:00:00+00:00;0.75;;
688105;unknown;control;2024-01-27 19:15:00+00:00;0.747;;
688105;unknown;control;2024-01-27 19:30:00+00:00;0.765;;
688105;unknown;control;2024-01-27 19:45:00+00:00;0.765;;
688105;unknown;control;2024-01-27 20:00:00+00:00;0.763;;
688105;unknown;control;2024-01-27 20:15:00+00:00;0.779;;
688105;unknown;control;2024-01-27 20:30:00+00:00;0.79;;
688105;unknown;control;2024-01-27 20:45:00+00:00;0.292;;
688105;unknown;control;2024-01-27 21:00:00+00:00;0.107;;
688105;unknown;control;2024-01-27 21:15:00+00:00;0.085;;
688105;unknown;control;2024-01-27 21:30:00+00:00;0.085;;
688105;unknown;control;2024-01-27 21:45:00+00:00;0.085;;
688105;unknown;control;2024-01-27 22:00:00+00:00;0.098;;
688105;unknown;control;2024-01-27 22:15:00+00:00;0.093;;
688105;unknown;control;2024-01-27 22:30:00+00:00;0.101;;
688105;unknown;control;2024-01-27 22:45:00+00:00;0.099;;
688105;unknown;control;2024-01-27 23:00:00+00:00;0.096;;
688105;unknown;control;2024-01-27 23:15:00+00:00;0.1;;
688105;unknown;control;2024-01-27 23:30:00+00:00;0.09;;
688105;unknown;control;2024-01-27 23:45:00+00:00;0.317;;
688105;unknown;control;2024-01-28 00:00:00+00:00;0.838;;
688105;unknown;control;2024-01-28 00:15:00+00:00;0.891;;
688105;unknown;control;2024-01-28 00:30:00+00:00;0.963;;
688105;unknown;control;2024-01-28 00:45:00+00:00;0.304;;
688105;unknown;control;2024-01-28 01:00:00+00:00;0.096;;
688105;unknown;control;2024-01-28 01:15:00+00:00;0.095;;
688105;unknown;control;2024-01-28 01:30:00+00:00;0.866;;
688105;unknown;control;2024-01-28 01:45:00+00:00;0.889;;
688105;unknown;control;2024-01-28 02:00:00+00:00;0.882;;
688105;unknown;control;2024-01-28 02:15:00+00:00;0.876;;
688105;unknown;control;2024-01-28 02:30:00+00:00;1.306;;
688105;unknown;control;2024-01-28 02:45:00+00:00;1.378;;
688105;unknown;control;2024-01-28 03:00:00+00:00;0.798;;
688105;unknown;control;2024-01-28 03:15:00+00:00;0.808;;
688105;unknown;control;2024-01-28 03:30:00+00:00;0.81;;
688105;unknown;control;2024-01-28 03:45:00+00:00;0.808;;
688105;unknown;control;2024-01-28 04:00:00+00:00;0.809;;
688105;unknown;control;2024-01-28 04:15:00+00:00;0.828;;
688105;unknown;control;2024-01-28 04:30:00+00:00;0.825;;
688105;unknown;control;2024-01-28 04:45:00+00:00;0.824;;
688105;unknown;control;2024-01-28 05:00:00+00:00;0.837;;
688105;unknown;control;2024-01-28 05:15:00+00:00;0.848;;
688105;unknown;control;2024-01-28 05:30:00+00:00;0.872;;
688105;unknown;control;2024-01-28 05:45:00+00:00;0.3;;
688105;unknown;control;2024-01-28 06:00:00+00:00;0.088;;
688105;unknown;control;2024-01-28 06:15:00+00:00;0.088;;
688105;unknown;control;2024-01-28 06:30:00+00:00;0.084;;
688105;unknown;control;2024-01-28 06:45:00+00:00;0.098;;
688105;unknown;control;2024-01-28 07:00:00+00:00;0.101;;
688105;unknown;control;2024-01-28 07:15:00+00:00;0.083;;
688105;unknown;control;2024-01-28 07:30:00+00:00;0.053;;
688105;unknown;control;2024-01-28 07:45:00+00:00;0.031;;
688105;unknown;control;2024-01-28 08:00:00+00:00;0.006;;
688105;unknown;control;2024-01-28 08:15:00+00:00;0.0;;
688105;unknown;control;2024-01-28 08:30:00+00:00;0.0;;
688105;unknown;control;2024-01-28 08:45:00+00:00;0.0;;
688105;unknown;control;2024-01-28 09:00:00+00:00;0.0;;
688105;unknown;control;2024-01-28 09:15:00+00:00;0.0;;
688105;unknown;control;2024-01-28 09:30:00+00:00;0.0;;
688105;unknown;control;2024-01-28 09:45:00+00:00;0.0;;
688105;unknown;control;2024-01-28 10:00:00+00:00;0.0;;
688105;unknown;control;2024-01-28 10:15:00+00:00;0.0;;
688105;unknown;control;2024-01-28 10:30:00+00:00;0.0;;
688105;unknown;control;2024-01-28 10:45:00+00:00;0.0;;
688105;unknown;control;2024-01-28 11:00:00+00:00;0.0;;
688105;unknown;control;2024-01-28 11:15:00+00:00;0.0;;
688105;unknown;control;2024-01-28 11:30:00+00:00;0.0;;
688105;unknown;control;2024-01-28 11:45:00+00:00;0.0;;
688105;unknown;control;2024-01-28 12:00:00+00:00;0.0;;
688105;unknown;control;2024-01-28 12:15:00+00:00;0.0;;
688105;unknown;control;2024-01-28 12:30:00+00:00;0.0;;
688105;unknown;control;2024-01-28 12:45:00+00:00;0.0;;
688105;unknown;control;2024-01-28 13:00:00+00:00;0.0;;
688105;unknown;control;2024-01-28 13:15:00+00:00;0.0;;
688105;unknown;control;2024-01-28 13:30:00+00:00;0.0;;
688105;unknown;control;2024-01-28 13:45:00+00:00;0.0;;
688105;unknown;control;2024-01-28 14:00:00+00:00;0.0;;
688105;unknown;control;2024-01-28 14:15:00+00:00;0.0;;
688105;unknown;control;2024-01-28 14:30:00+00:00;0.0;;
688105;unknown;control;2024-01-28 14:45:00+00:00;0.0;;
688105;unknown;control;2024-01-28 15:00:00+00:00;0.0;;
688105;unknown;control;2024-01-28 15:15:00+00:00;0.0;;
688105;unknown;control;2024-01-28 15:30:00+00:00;0.0;;
688105;unknown;control;2024-01-28 15:45:00+00:00;0.009;;
688105;unknown;control;2024-01-28 16:00:00+00:00;0.052;;
688105;unknown;control;2024-01-28 16:15:00+00:00;0.087;;
688105;unknown;control;2024-01-28 16:30:00+00:00;0.087;;
688105;unknown;control;2024-01-28 16:45:00+00:00;0.536;;
688105;unknown;control;2024-01-28 17:00:00+00:00;0.698;;
688105;unknown;control;2024-01-28 17:15:00+00:00;0.716;;
688105;unknown;control;2024-01-28 17:30:00+00:00;0.73;;
688105;unknown;control;2024-01-28 17:45:00+00:00;0.74;;
688105;unknown;control;2024-01-28 18:00:00+00:00;0.757;;
688105;unknown;control;2024-01-28 18:15:00+00:00;0.748;;
688105;unknown;control;2024-01-28 18:30:00+00:00;0.748;;
688105;unknown;control;2024-01-28 18:45:00+00:00;0.752;;
688105;unknown;control;2024-01-28 19:00:00+00:00;0.757;;
688105;unknown;control;2024-01-28 19:15:00+00:00;0.778;;
688105;unknown;control;2024-01-28 19:30:00+00:00;0.789;;
688105;unknown;control;2024-01-28 19:45:00+00:00;0.785;;
688105;unknown;control;2024-01-28 20:00:00+00:00;0.788;;
688105;unknown;control;2024-01-28 20:15:00+00:00;0.791;;
688105;unknown;control;2024-01-28 20:30:00+00:00;0.794;;
688105;unknown;control;2024-01-28 20:45:00+00:00;0.272;;
688105;unknown;control;2024-01-28 21:00:00+00:00;0.084;;
688105;unknown;control;2024-01-28 21:15:00+00:00;0.085;;
688105;unknown;control;2024-01-28 21:30:00+00:00;0.085;;
688105;unknown;control;2024-01-28 21:45:00+00:00;0.11;;
688105;unknown;control;2024-01-28 22:00:00+00:00;0.105;;
688105;unknown;control;2024-01-28 22:15:00+00:00;0.098;;
688105;unknown;control;2024-01-28 22:30:00+00:00;0.093;;
688105;unknown;control;2024-01-28 22:45:00+00:00;0.085;;
688105;unknown;control;2024-01-28 23:00:00+00:00;0.097;;
688105;unknown;control;2024-01-28 23:15:00+00:00;0.088;;
688105;unknown;control;2024-01-28 23:30:00+00:00;0.194;;
688105;unknown;control;2024-01-28 23:45:00+00:00;0.74;;
688105;unknown;control;2024-01-29 00:00:00+00:00;0.806;;
688105;unknown;control;2024-01-29 00:15:00+00:00;0.867;;
688105;unknown;control;2024-01-29 00:30:00+00:00;0.9;;
688105;unknown;control;2024-01-29 00:45:00+00:00;0.7;;
688105;unknown;control;2024-01-29 01:00:00+00:00;0.083;;
688105;unknown;control;2024-01-29 01:15:00+00:00;0.082;;
688105;unknown;control;2024-01-29 01:30:00+00:00;0.882;;
688105;unknown;control;2024-01-29 01:45:00+00:00;0.883;;
688105;unknown;control;2024-01-29 02:00:00+00:00;0.879;;
688105;unknown;control;2024-01-29 02:15:00+00:00;0.9;;
688105;unknown;control;2024-01-29 02:30:00+00:00;0.734;;
688105;unknown;control;2024-01-29 02:45:00+00:00;0.797;;
688105;unknown;control;2024-01-29 03:00:00+00:00;0.798;;
688105;unknown;control;2024-01-29 03:15:00+00:00;0.799;;
688105;unknown;control;2024-01-29 03:30:00+00:00;0.807;;
688105;unknown;control;2024-01-29 03:45:00+00:00;0.813;;
688105;unknown;control;2024-01-29 04:00:00+00:00;0.836;;
688105;unknown;control;2024-01-29 04:15:00+00:00;0.838;;
688105;unknown;control;2024-01-29 04:30:00+00:00;0.843;;
688105;unknown;control;2024-01-29 04:45:00+00:00;0.846;;
688105;unknown;control;2024-01-29 05:00:00+00:00;0.852;;
688105;unknown;control;2024-01-29 05:15:00+00:00;0.859;;
688105;unknown;control;2024-01-29 05:30:00+00:00;0.852;;
688105;unknown;control;2024-01-29 05:45:00+00:00;0.286;;
688105;unknown;control;2024-01-29 06:00:00+00:00;0.089;;
688105;unknown;control;2024-01-29 06:15:00+00:00;0.089;;
688105;unknown;control;2024-01-29 06:30:00+00:00;0.112;;
688105;unknown;control;2024-01-29 06:45:00+00:00;0.099;;
688105;unknown;control;2024-01-29 07:00:00+00:00;0.074;;
688105;unknown;control;2024-01-29 07:15:00+00:00;0.036;;
688105;unknown;control;2024-01-29 07:30:00+00:00;0.007;;
688105;unknown;control;2024-01-29 07:45:00+00:00;0.0;;
688105;unknown;control;2024-01-29 08:00:00+00:00;0.0;;
688105;unknown;control;2024-01-29 08:15:00+00:00;0.039;;
688105;unknown;control;2024-01-29 08:30:00+00:00;0.342;;
688105;unknown;control;2024-01-29 08:45:00+00:00;0.133;;
688105;unknown;control;2024-01-29 09:00:00+00:00;0.0;;
688105;unknown;control;2024-01-29 09:15:00+00:00;0.0;;
688105;unknown;control;2024-01-29 09:30:00+00:00;0.0;;
688105;unknown;control;2024-01-29 09:45:00+00:00;0.0;;
688105;unknown;control;2024-01-29 10:00:00+00:00;0.0;;
688105;unknown;control;2024-01-29 10:15:00+00:00;0.0;;
688105;unknown;control;2024-01-29 10:30:00+00:00;0.0;;
688105;unknown;control;2024-01-29 10:45:00+00:00;0.0;;
688105;unknown;control;2024-01-29 11:00:00+00:00;0.0;;
688105;unknown;control;2024-01-29 11:15:00+00:00;0.0;;
688105;unknown;control;2024-01-29 11:30:00+00:00;0.0;;
688105;unknown;control;2024-01-29 11:45:00+00:00;0.0;;
688105;unknown;control;2024-01-29 12:00:00+00:00;0.0;;
688105;unknown;control;2024-01-29 12:15:00+00:00;0.0;;
688105;unknown;control;2024-01-29 12:30:00+00:00;0.0;;
688105;unknown;control;2024-01-29 12:45:00+00:00;0.0;;
688105;unknown;control;2024-01-29 13:00:00+00:00;0.0;;
688105;unknown;control;2024-01-29 13:15:00+00:00;0.0;;
688105;unknown;control;2024-01-29 13:30:00+00:00;0.0;;
688105;unknown;control;2024-01-29 13:45:00+00:00;0.0;;
688105;unknown;control;2024-01-29 14:00:00+00:00;0.0;;
688105;unknown;control;2024-01-29 14:15:00+00:00;0.0;;
688105;unknown;control;2024-01-29 14:30:00+00:00;0.0;;
688105;unknown;control;2024-01-29 14:45:00+00:00;0.0;;
688105;unknown;control;2024-01-29 15:00:00+00:00;0.001;;
688105;unknown;control;2024-01-29 15:15:00+00:00;0.0;;
688105;unknown;control;2024-01-29 15:30:00+00:00;0.0;;
688105;unknown;control;2024-01-29 15:45:00+00:00;0.008;;
688105;unknown;control;2024-01-29 16:00:00+00:00;0.06;;
688105;unknown;control;2024-01-29 16:15:00+00:00;0.098;;
688105;unknown;control;2024-01-29 16:30:00+00:00;0.106;;
688105;unknown;control;2024-01-29 16:45:00+00:00;0.669;;
688105;unknown;control;2024-01-29 17:00:00+00:00;0.705;;
688105;unknown;control;2024-01-29 17:15:00+00:00;0.718;;
688105;unknown;control;2024-01-29 17:30:00+00:00;0.736;;
688105;unknown;control;2024-01-29 17:45:00+00:00;0.768;;
688105;unknown;control;2024-01-29 18:00:00+00:00;0.76;;
688105;unknown;control;2024-01-29 18:15:00+00:00;0.762;;
688105;unknown;control;2024-01-29 18:30:00+00:00;0.754;;
688105;unknown;control;2024-01-29 18:45:00+00:00;0.761;;
688105;unknown;control;2024-01-29 19:00:00+00:00;0.781;;
688105;unknown;control;2024-01-29 19:15:00+00:00;0.771;;
688105;unknown;control;2024-01-29 19:30:00+00:00;0.775;;
688105;unknown;control;2024-01-29 19:45:00+00:00;0.792;;
688105;unknown;control;2024-01-29 20:00:00+00:00;0.794;;
688105;unknown;control;2024-01-29 20:15:00+00:00;0.815;;
688105;unknown;control;2024-01-29 20:30:00+00:00;0.803;;
688105;unknown;control;2024-01-29 20:45:00+00:00;0.263;;
688105;unknown;control;2024-01-29 21:00:00+00:00;0.085;;
688105;unknown;control;2024-01-29 21:15:00+00:00;0.087;;
688105;unknown;control;2024-01-29 21:30:00+00:00;0.101;;
688105;unknown;control;2024-01-29 21:45:00+00:00;0.086;;
688105;unknown;control;2024-01-29 22:00:00+00:00;0.097;;
688105;unknown;control;2024-01-29 22:15:00+00:00;0.098;;
688105;unknown;control;2024-01-29 22:30:00+00:00;0.101;;
688105;unknown;control;2024-01-29 22:45:00+00:00;0.113;;
688105;unknown;control;2024-01-29 23:00:00+00:00;0.083;;
688105;unknown;control;2024-01-29 23:15:00+00:00;0.407;;
688105;unknown;control;2024-01-29 23:30:00+00:00;0.728;;
688105;unknown;control;2024-01-29 23:45:00+00:00;0.802;;
688105;unknown;control;2024-01-30 00:00:00+00:00;0.869;;
688105;unknown;control;2024-01-30 00:15:00+00:00;0.908;;
688105;unknown;control;2024-01-30 00:30:00+00:00;0.505;;
688105;unknown;control;2024-01-30 00:45:00+00:00;0.095;;
688105;unknown;control;2024-01-30 01:00:00+00:00;0.099;;
688105;unknown;control;2024-01-30 01:15:00+00:00;0.104;;
688105;unknown;control;2024-01-30 01:30:00+00:00;0.865;;
688105;unknown;control;2024-01-30 01:45:00+00:00;0.876;;
688105;unknown;control;2024-01-30 02:00:00+00:00;0.992;;
688105;unknown;control;2024-01-30 02:15:00+00:00;1.385;;
688105;unknown;control;2024-01-30 02:30:00+00:00;0.791;;
688105;unknown;control;2024-01-30 02:45:00+00:00;0.805;;
688105;unknown;control;2024-01-30 03:00:00+00:00;0.816;;
688105;unknown;control;2024-01-30 03:15:00+00:00;0.824;;
688105;unknown;control;2024-01-30 03:30:00+00:00;0.829;;
688105;unknown;control;2024-01-30 03:45:00+00:00;0.839;;
688105;unknown;control;2024-01-30 04:00:00+00:00;0.829;;
688105;unknown;control;2024-01-30 04:15:00+00:00;0.833;;
688105;unknown;control;2024-01-30 04:30:00+00:00;0.835;;
688105;unknown;control;2024-01-30 04:45:00+00:00;0.844;;
688105;unknown;control;2024-01-30 05:00:00+00:00;0.877;;
688105;unknown;control;2024-01-30 05:15:00+00:00;0.864;;
688105;unknown;control;2024-01-30 05:30:00+00:00;0.871;;
688105;unknown;control;2024-01-30 05:45:00+00:00;0.3;;
688105;unknown;control;2024-01-30 06:00:00+00:00;0.101;;
688105;unknown;control;2024-01-30 06:15:00+00:00;0.101;;
688105;unknown;control;2024-01-30 06:30:00+00:00;0.085;;
688105;unknown;control;2024-01-30 06:45:00+00:00;0.084;;
688105;unknown;control;2024-01-30 07:00:00+00:00;0.079;;
688105;unknown;control;2024-01-30 07:15:00+00:00;0.034;;
688105;unknown;control;2024-01-30 07:30:00+00:00;0.016;;
688105;unknown;control;2024-01-30 07:45:00+00:00;0.0;;
688105;unknown;control;2024-01-30 08:00:00+00:00;0.178;;
688105;unknown;control;2024-01-30 08:15:00+00:00;0.48;;
688105;unknown;control;2024-01-30 08:30:00+00:00;0.054;;
688105;unknown;control;2024-01-30 08:45:00+00:00;0.0;;
688105;unknown;control;2024-01-30 09:00:00+00:00;0.0;;
688105;unknown;control;2024-01-30 09:15:00+00:00;0.0;;
688105;unknown;control;2024-01-30 09:30:00+00:00;0.0;;
688105;unknown;control;2024-01-30 09:45:00+00:00;0.001;;
688105;unknown;control;2024-01-30 10:00:00+00:00;0.0;;
688105;unknown;control;2024-01-30 10:15:00+00:00;0.0;;
688105;unknown;control;2024-01-30 10:30:00+00:00;0.0;;
688105;unknown;control;2024-01-30 10:45:00+00:00;0.0;;
688105;unknown;control;2024-01-30 11:00:00+00:00;0.0;;
688105;unknown;control;2024-01-30 11:15:00+00:00;0.0;;
688105;unknown;control;2024-01-30 11:30:00+00:00;0.0;;
688105;unknown;control;2024-01-30 11:45:00+00:00;0.0;;
688105;unknown;control;2024-01-30 12:00:00+00:00;0.0;;
688105;unknown;control;2024-01-30 12:15:00+00:00;0.0;;
688105;unknown;control;2024-01-30 12:30:00+00:00;0.0;;
688105;unknown;control;2024-01-30 12:45:00+00:00;0.0;;
688105;unknown;control;2024-01-30 13:00:00+00:00;0.0;;
688105;unknown;control;2024-01-30 13:15:00+00:00;0.0;;
688105;unknown;control;2024-01-30 13:30:00+00:00;0.0;;
688105;unknown;control;2024-01-30 13:45:00+00:00;0.0;;
688105;unknown;control;2024-01-30 14:00:00+00:00;0.0;;
688105;unknown;control;2024-01-30 14:15:00+00:00;0.0;;
688105;unknown;control;2024-01-30 14:30:00+00:00;0.0;;
688105;unknown;control;2024-01-30 14:45:00+00:00;0.0;;
688105;unknown;control;2024-01-30 15:00:00+00:00;0.0;;
688105;unknown;control;2024-01-30 15:15:00+00:00;0.0;;
688105;unknown;control;2024-01-30 15:30:00+00:00;0.002;;
688105;unknown;control;2024-01-30 15:45:00+00:00;0.031;;
688105;unknown;control;2024-01-30 16:00:00+00:00;0.098;;
688105;unknown;control;2024-01-30 16:15:00+00:00;0.11;;
688105;unknown;control;2024-01-30 16:30:00+00:00;0.101;;
688105;unknown;control;2024-01-30 16:45:00+00:00;0.099;;
688105;unknown;control;2024-01-30 17:00:00+00:00;0.655;;
688105;unknown;control;2024-01-30 17:15:00+00:00;0.7;;
688105;unknown;control;2024-01-30 17:30:00+00:00;0.713;;
688105;unknown;control;2024-01-30 17:45:00+00:00;0.717;;
688105;unknown;control;2024-01-30 18:00:00+00:00;0.731;;
688105;unknown;control;2024-01-30 18:15:00+00:00;0.752;;
688105;unknown;control;2024-01-30 18:30:00+00:00;0.768;;
688105;unknown;control;2024-01-30 18:45:00+00:00;0.774;;
688105;unknown;control;2024-01-30 19:00:00+00:00;0.757;;
688105;unknown;control;2024-01-30 19:15:00+00:00;0.762;;
688105;unknown;control;2024-01-30 19:30:00+00:00;0.766;;
688105;unknown;control;2024-01-30 19:45:00+00:00;0.781;;
688105;unknown;control;2024-01-30 20:00:00+00:00;0.788;;
688105;unknown;control;2024-01-30 20:15:00+00:00;0.794;;
688105;unknown;control;2024-01-30 20:30:00+00:00;0.8;;
688105;unknown;control;2024-01-30 20:45:00+00:00;0.275;;
688105;unknown;control;2024-01-30 21:00:00+00:00;0.105;;
688105;unknown;control;2024-01-30 21:15:00+00:00;0.095;;
688105;unknown;control;2024-01-30 21:30:00+00:00;0.086;;
688105;unknown;control;2024-01-30 21:45:00+00:00;0.085;;
688105;unknown;control;2024-01-30 22:00:00+00:00;0.085;;
688105;unknown;control;2024-01-30 22:15:00+00:00;0.1;;
688105;unknown;control;2024-01-30 22:30:00+00:00;0.109;;
688105;unknown;control;2024-01-30 22:45:00+00:00;0.099;;
688105;unknown;control;2024-01-30 23:00:00+00:00;0.096;;
688105;unknown;control;2024-01-30 23:15:00+00:00;0.095;;
688105;unknown;control;2024-01-30 23:30:00+00:00;0.094;;
688105;unknown;control;2024-01-30 23:45:00+00:00;0.335;;
688105;unknown;control;2024-01-31 00:00:00+00:00;0.86;;
688105;unknown;control;2024-01-31 00:15:00+00:00;0.92;;
688105;unknown;control;2024-01-31 00:30:00+00:00;0.139;;
688105;unknown;control;2024-01-31 00:45:00+00:00;0.106;;
688105;unknown;control;2024-01-31 01:00:00+00:00;0.105;;
688105;unknown;control;2024-01-31 01:15:00+00:00;0.096;;
688105;unknown;control;2024-01-31 01:30:00+00:00;0.883;;
688105;unknown;control;2024-01-31 01:45:00+00:00;0.884;;
688105;unknown;control;2024-01-31 02:00:00+00:00;0.896;;
688105;unknown;control;2024-01-31 02:15:00+00:00;0.801;;
688105;unknown;control;2024-01-31 02:30:00+00:00;0.451;;
688105;unknown;control;2024-01-31 02:45:00+00:00;0.725;;
688105;unknown;control;2024-01-31 03:00:00+00:00;0.783;;
688105;unknown;control;2024-01-31 03:15:00+00:00;0.815;;
688105;unknown;control;2024-01-31 03:30:00+00:00;0.818;;
688105;unknown;control;2024-01-31 03:45:00+00:00;0.82;;
688105;unknown;control;2024-01-31 04:00:00+00:00;0.815;;
688105;unknown;control;2024-01-31 04:15:00+00:00;0.821;;
688105;unknown;control;2024-01-31 04:30:00+00:00;0.839;;
688105;unknown;control;2024-01-31 04:45:00+00:00;0.836;;
688105;unknown;control;2024-01-31 05:00:00+00:00;0.836;;
688105;unknown;control;2024-01-31 05:15:00+00:00;0.853;;
688105;unknown;control;2024-01-31 05:30:00+00:00;0.861;;
688105;unknown;control;2024-01-31 05:45:00+00:00;0.312;;
688105;unknown;control;2024-01-31 06:00:00+00:00;0.103;;
688105;unknown;control;2024-01-31 06:15:00+00:00;0.089;;
688105;unknown;control;2024-01-31 06:30:00+00:00;0.085;;
688105;unknown;control;2024-01-31 06:45:00+00:00;0.085;;
688105;unknown;control;2024-01-31 07:00:00+00:00;0.1;;
688105;unknown;control;2024-01-31 07:15:00+00:00;0.038;;
688105;unknown;control;2024-01-31 07:30:00+00:00;0.0;;
688105;unknown;control;2024-01-31 07:45:00+00:00;0.0;;
688105;unknown;control;2024-01-31 08:00:00+00:00;0.0;;
688105;unknown;control;2024-01-31 08:15:00+00:00;0.0;;
688105;unknown;control;2024-01-31 08:30:00+00:00;0.0;;
688105;unknown;control;2024-01-31 08:45:00+00:00;0.0;;
688105;unknown;control;2024-01-31 09:00:00+00:00;0.0;;
688105;unknown;control;2024-01-31 09:15:00+00:00;0.0;;
688105;unknown;control;2024-01-31 09:30:00+00:00;0.0;;
688105;unknown;control;2024-01-31 09:45:00+00:00;0.0;;
688105;unknown;control;2024-01-31 10:00:00+00:00;0.0;;
688105;unknown;control;2024-01-31 10:15:00+00:00;0.0;;
688105;unknown;control;2024-01-31 10:30:00+00:00;0.0;;
688105;unknown;control;2024-01-31 10:45:00+00:00;0.0;;
688105;unknown;control;2024-01-31 11:00:00+00:00;0.0;;
688105;unknown;control;2024-01-31 11:15:00+00:00;0.0;;
688105;unknown;control;2024-01-31 11:30:00+00:00;0.0;;
688105;unknown;control;2024-01-31 11:45:00+00:00;0.0;;
688105;unknown;control;2024-01-31 12:00:00+00:00;0.0;;
688105;unknown;control;2024-01-31 12:15:00+00:00;0.0;;
688105;unknown;control;2024-01-31 12:30:00+00:00;0.0;;
688105;unknown;control;2024-01-31 12:45:00+00:00;0.0;;
688105;unknown;control;2024-01-31 13:00:00+00:00;0.0;;
688105;unknown;control;2024-01-31 13:15:00+00:00;0.0;;
688105;unknown;control;2024-01-31 13:30:00+00:00;0.0;;
688105;unknown;control;2024-01-31 13:45:00+00:00;0.0;;
688105;unknown;control;2024-01-31 14:00:00+00:00;0.0;;
688105;unknown;control;2024-01-31 14:15:00+00:00;0.0;;
688105;unknown;control;2024-01-31 14:30:00+00:00;0.0;;
688105;unknown;control;2024-01-31 14:45:00+00:00;0.0;;
688105;unknown;control;2024-01-31 15:00:00+00:00;0.0;;
688105;unknown;control;2024-01-31 15:15:00+00:00;0.0;;
688105;unknown;control;2024-01-31 15:30:00+00:00;0.003;;
688105;unknown;control;2024-01-31 15:45:00+00:00;0.0;;
688105;unknown;control;2024-01-31 16:00:00+00:00;0.037;;
688105;unknown;control;2024-01-31 16:15:00+00:00;0.087;;
688105;unknown;control;2024-01-31 16:30:00+00:00;0.087;;
688105;unknown;control;2024-01-31 16:45:00+00:00;0.084;;
688105;unknown;control;2024-01-31 17:00:00+00:00;0.102;;
688105;unknown;control;2024-01-31 17:15:00+00:00;0.527;;
688105;unknown;control;2024-01-31 17:30:00+00:00;0.7;;
688105;unknown;control;2024-01-31 17:45:00+00:00;0.715;;
688105;unknown;control;2024-01-31 18:00:00+00:00;0.734;;
688105;unknown;control;2024-01-31 18:15:00+00:00;0.744;;
688105;unknown;control;2024-01-31 18:30:00+00:00;0.734;;
688105;unknown;control;2024-01-31 18:45:00+00:00;0.741;;
688105;unknown;control;2024-01-31 19:00:00+00:00;0.745;;
688105;unknown;control;2024-01-31 19:15:00+00:00;0.761;;
688105;unknown;control;2024-01-31 19:30:00+00:00;0.788;;
688105;unknown;control;2024-01-31 19:45:00+00:00;0.775;;
688105;unknown;control;2024-01-31 20:00:00+00:00;0.781;;
688105;unknown;control;2024-01-31 20:15:00+00:00;0.782;;
688105;unknown;control;2024-01-31 20:30:00+00:00;0.781;;
688105;unknown;control;2024-01-31 20:45:00+00:00;0.276;;
688105;unknown;control;2024-01-31 21:00:00+00:00;0.084;;
688105;unknown;control;2024-01-31 21:15:00+00:00;0.085;;
688105;unknown;control;2024-01-31 21:30:00+00:00;0.088;;
688105;unknown;control;2024-01-31 21:45:00+00:00;0.105;;
688105;unknown;control;2024-01-31 22:00:00+00:00;0.113;;
688105;unknown;control;2024-01-31 22:15:00+00:00;0.098;;
688105;unknown;control;2024-01-31 22:30:00+00:00;0.084;;
688105;unknown;control;2024-01-31 22:45:00+00:00;0.086;;
688105;unknown;control;2024-01-31 23:00:00+00:00;0.088;;
688105;unknown;control;2024-01-31 23:15:00+00:00;0.096;;
688105;unknown;control;2024-01-31 23:30:00+00:00;0.089;;
688105;unknown;control;2024-01-31 23:45:00+00:00;0.329;;
688105;unknown;control;2024-02-01 00:00:00+00:00;0.837;;
688105;unknown;control;2024-02-01 00:15:00+00:00;0.905;;
688105;unknown;control;2024-02-01 00:30:00+00:00;0.665;;
688105;unknown;control;2024-02-01 00:45:00+00:00;0.083;;
688105;unknown;control;2024-02-01 01:00:00+00:00;0.082;;
688105;unknown;control;2024-02-01 01:15:00+00:00;0.083;;
688105;unknown;control;2024-02-01 01:30:00+00:00;0.877;;
688105;unknown;control;2024-02-01 01:45:00+00:00;0.898;;
688105;unknown;control;2024-02-01 02:00:00+00:00;0.896;;
688105;unknown;control;2024-02-01 02:15:00+00:00;0.58;;
688105;unknown;control;2024-02-01 02:30:00+00:00;0.23;;
688105;unknown;control;2024-02-01 02:45:00+00:00;0.729;;
688105;unknown;control;2024-02-01 03:00:00+00:00;0.772;;
688105;unknown;control;2024-02-01 03:15:00+00:00;0.785;;
688105;unknown;control;2024-02-01 03:30:00+00:00;0.797;;
688105;unknown;control;2024-02-01 03:45:00+00:00;0.806;;
688105;unknown;control;2024-02-01 04:00:00+00:00;0.828;;
688105;unknown;control;2024-02-01 04:15:00+00:00;0.841;;
688105;unknown;control;2024-02-01 04:30:00+00:00;0.837;;
688105;unknown;control;2024-02-01 04:45:00+00:00;0.845;;
688105;unknown;control;2024-02-01 05:00:00+00:00;0.852;;
688105;unknown;control;2024-02-01 05:15:00+00:00;0.867;;
688105;unknown;control;2024-02-01 05:30:00+00:00;0.884;;
688105;unknown;control;2024-02-01 05:45:00+00:00;0.292;;
688105;unknown;control;2024-02-01 06:00:00+00:00;0.088;;
688105;unknown;control;2024-02-01 06:15:00+00:00;0.094;;
688105;unknown;control;2024-02-01 06:30:00+00:00;0.111;;
688105;unknown;control;2024-02-01 06:45:00+00:00;0.107;;
688105;unknown;control;2024-02-01 07:00:00+00:00;0.094;;
688105;unknown;control;2024-02-01 07:15:00+00:00;0.085;;
688105;unknown;control;2024-02-01 07:30:00+00:00;0.082;;
688105;unknown;control;2024-02-01 07:45:00+00:00;0.076;;
688105;unknown;control;2024-02-01 08:00:00+00:00;0.078;;
688105;unknown;control;2024-02-01 08:15:00+00:00;0.077;;
688105;unknown;control;2024-02-01 08:30:00+00:00;0.067;;
688105;unknown;control;2024-02-01 08:45:00+00:00;0.033;;
688105;unknown;control;2024-02-01 09:00:00+00:00;0.055;;
688105;unknown;control;2024-02-01 09:15:00+00:00;0.018;;
688105;unknown;control;2024-02-01 09:30:00+00:00;0.001;;
688105;unknown;control;2024-02-01 09:45:00+00:00;0.0;;
688105;unknown;control;2024-02-01 10:00:00+00:00;0.0;;
688105;unknown;control;2024-02-01 10:15:00+00:00;0.019;;
688105;unknown;control;2024-02-01 10:30:00+00:00;0.008;;
688105;unknown;control;2024-02-01 10:45:00+00:00;0.005;;
688105;unknown;control;2024-02-01 11:00:00+00:00;0.008;;
688105;unknown;control;2024-02-01 11:15:00+00:00;0.002;;
688105;unknown;control;2024-02-01 11:30:00+00:00;0.005;;
688105;unknown;control;2024-02-01 11:45:00+00:00;0.0;;
688105;unknown;control;2024-02-01 12:00:00+00:00;0.003;;
688105;unknown;control;2024-02-01 12:15:00+00:00;0.0;;
688105;unknown;control;2024-02-01 12:30:00+00:00;0.002;;
688105;unknown;control;2024-02-01 12:45:00+00:00;0.053;;
688105;unknown;control;2024-02-01 13:00:00+00:00;0.051;;
688105;unknown;control;2024-02-01 13:15:00+00:00;0.034;;
688105;unknown;control;2024-02-01 13:30:00+00:00;0.012;;
688105;unknown;control;2024-02-01 13:45:00+00:00;0.021;;
688105;unknown;control;2024-02-01 14:00:00+00:00;0.042;;
688105;unknown;control;2024-02-01 14:15:00+00:00;0.047;;
688105;unknown;control;2024-02-01 14:30:00+00:00;0.053;;
688105;unknown;control;2024-02-01 14:45:00+00:00;0.068;;
688105;unknown;control;2024-02-01 15:00:00+00:00;0.061;;
688105;unknown;control;2024-02-01 15:15:00+00:00;0.078;;
688105;unknown;control;2024-02-01 15:30:00+00:00;0.069;;
688105;unknown;control;2024-02-01 15:45:00+00:00;0.084;;
688105;unknown;control;2024-02-01 16:00:00+00:00;0.086;;
688105;unknown;control;2024-02-01 16:15:00+00:00;0.09;;
688105;unknown;control;2024-02-01 16:30:00+00:00;0.114;;
688105;unknown;control;2024-02-01 16:45:00+00:00;0.095;;
688105;unknown;control;2024-02-01 17:00:00+00:00;0.095;;
688105;unknown;control;2024-02-01 17:15:00+00:00;0.093;;
688105;unknown;control;2024-02-01 17:30:00+00:00;0.557;;
688105;unknown;control;2024-02-01 17:45:00+00:00;0.709;;
688105;unknown;control;2024-02-01 18:00:00+00:00;0.709;;
688105;unknown;control;2024-02-01 18:15:00+00:00;0.724;;
688105;unknown;control;2024-02-01 18:30:00+00:00;0.746;;
688105;unknown;control;2024-02-01 18:45:00+00:00;0.754;;
688105;unknown;control;2024-02-01 19:00:00+00:00;0.773;;
688105;unknown;control;2024-02-01 19:15:00+00:00;0.75;;
688105;unknown;control;2024-02-01 19:30:00+00:00;0.757;;
688105;unknown;control;2024-02-01 19:45:00+00:00;0.768;;
688105;unknown;control;2024-02-01 20:00:00+00:00;0.783;;
688105;unknown;control;2024-02-01 20:15:00+00:00;0.822;;
688105;unknown;control;2024-02-01 20:30:00+00:00;0.824;;
688105;unknown;control;2024-02-01 20:45:00+00:00;0.284;;
688105;unknown;control;2024-02-01 21:00:00+00:00;0.098;;
688105;unknown;control;2024-02-01 21:15:00+00:00;0.089;;
688105;unknown;control;2024-02-01 21:30:00+00:00;0.102;;
688105;unknown;control;2024-02-01 21:45:00+00:00;0.085;;
688105;unknown;control;2024-02-01 22:00:00+00:00;0.085;;
688105;unknown;control;2024-02-01 22:15:00+00:00;0.092;;
688105;unknown;control;2024-02-01 22:30:00+00:00;0.103;;
688105;unknown;control;2024-02-01 22:45:00+00:00;0.115;;
688105;unknown;control;2024-02-01 23:00:00+00:00;0.09;;
688105;unknown;control;2024-02-01 23:15:00+00:00;0.082;;
688105;unknown;control;2024-02-01 23:30:00+00:00;0.083;;
688105;unknown;control;2024-02-01 23:45:00+00:00;0.349;;
688105;unknown;control;2024-02-02 00:00:00+00:00;0.932;;
688105;unknown;control;2024-02-02 00:15:00+00:00;0.244;;
688105;unknown;control;2024-02-02 00:30:00+00:00;0.096;;
688105;unknown;control;2024-02-02 00:45:00+00:00;0.096;;
688105;unknown;control;2024-02-02 01:00:00+00:00;0.098;;
688105;unknown;control;2024-02-02 01:15:00+00:00;0.097;;
688105;unknown;control;2024-02-02 01:30:00+00:00;0.87;;
688105;unknown;control;2024-02-02 01:45:00+00:00;0.868;;
688105;unknown;control;2024-02-02 02:00:00+00:00;0.878;;
688105;unknown;control;2024-02-02 02:15:00+00:00;0.782;;
688105;unknown;control;2024-02-02 02:30:00+00:00;0.11;;
688105;unknown;control;2024-02-02 02:45:00+00:00;0.283;;
688105;unknown;control;2024-02-02 03:00:00+00:00;0.74;;
688105;unknown;control;2024-02-02 03:15:00+00:00;0.771;;
688105;unknown;control;2024-02-02 03:30:00+00:00;0.792;;
688105;unknown;control;2024-02-02 03:45:00+00:00;0.806;;
688105;unknown;control;2024-02-02 04:00:00+00:00;0.804;;
688105;unknown;control;2024-02-02 04:15:00+00:00;0.814;;
688105;unknown;control;2024-02-02 04:30:00+00:00;0.84;;
688105;unknown;control;2024-02-02 04:45:00+00:00;0.865;;
688105;unknown;control;2024-02-02 05:00:00+00:00;0.886;;
688105;unknown;control;2024-02-02 05:15:00+00:00;0.879;;
688105;unknown;control;2024-02-02 05:30:00+00:00;0.62;;
688105;unknown;control;2024-02-02 05:45:00+00:00;0.089;;
688105;unknown;control;2024-02-02 06:00:00+00:00;0.097;;
688105;unknown;control;2024-02-02 06:15:00+00:00;0.105;;
688105;unknown;control;2024-02-02 06:30:00+00:00;0.099;;
688105;unknown;control;2024-02-02 06:45:00+00:00;0.098;;
688105;unknown;control;2024-02-02 07:00:00+00:00;0.088;;
688105;unknown;control;2024-02-02 07:15:00+00:00;0.062;;
688105;unknown;control;2024-02-02 07:30:00+00:00;0.053;;
688105;unknown;control;2024-02-02 07:45:00+00:00;0.033;;
688105;unknown;control;2024-02-02 08:00:00+00:00;0.021;;
688105;unknown;control;2024-02-02 08:15:00+00:00;0.01;;
688105;unknown;control;2024-02-02 08:30:00+00:00;0.001;;
688105;unknown;control;2024-02-02 08:45:00+00:00;0.0;;
688105;unknown;control;2024-02-02 09:00:00+00:00;0.0;;
688105;unknown;control;2024-02-02 09:15:00+00:00;0.0;;
688105;unknown;control;2024-02-02 09:30:00+00:00;0.0;;
688105;unknown;control;2024-02-02 09:45:00+00:00;0.0;;
688105;unknown;control;2024-02-02 10:00:00+00:00;0.0;;
688105;unknown;control;2024-02-02 10:15:00+00:00;0.0;;
688105;unknown;control;2024-02-02 10:30:00+00:00;0.0;;
688105;unknown;control;2024-02-02 10:45:00+00:00;0.0;;
688105;unknown;control;2024-02-02 11:00:00+00:00;0.0;;
688105;unknown;control;2024-02-02 11:15:00+00:00;0.0;;
688105;unknown;control;2024-02-02 11:30:00+00:00;0.0;;
688105;unknown;control;2024-02-02 11:45:00+00:00;0.0;;
688105;unknown;control;2024-02-02 12:00:00+00:00;0.0;;
688105;unknown;control;2024-02-02 12:15:00+00:00;0.0;;
688105;unknown;control;2024-02-02 12:30:00+00:00;0.0;;
688105;unknown;control;2024-02-02 12:45:00+00:00;0.0;;
688105;unknown;control;2024-02-02 13:00:00+00:00;0.0;;
688105;unknown;control;2024-02-02 13:15:00+00:00;0.0;;
688105;unknown;control;2024-02-02 13:30:00+00:00;0.0;;
688105;unknown;control;2024-02-02 13:45:00+00:00;0.0;;
688105;unknown;control;2024-02-02 14:00:00+00:00;0.0;;
688105;unknown;control;2024-02-02 14:15:00+00:00;0.0;;
688105;unknown;control;2024-02-02 14:30:00+00:00;0.0;;
688105;unknown;control;2024-02-02 14:45:00+00:00;0.0;;
688105;unknown;control;2024-02-02 15:00:00+00:00;0.0;;
688105;unknown;control;2024-02-02 15:15:00+00:00;0.0;;
688105;unknown;control;2024-02-02 15:30:00+00:00;0.0;;
688105;unknown;control;2024-02-02 15:45:00+00:00;0.0;;
688105;unknown;control;2024-02-02 16:00:00+00:00;0.044;;
688105;unknown;control;2024-02-02 16:15:00+00:00;0.096;;
688105;unknown;control;2024-02-02 16:30:00+00:00;0.101;;
688105;unknown;control;2024-02-02 16:45:00+00:00;0.088;;
688105;unknown;control;2024-02-02 17:00:00+00:00;0.082;;
688105;unknown;control;2024-02-02 17:15:00+00:00;0.103;;
688105;unknown;control;2024-02-02 17:30:00+00:00;0.39;;
688105;unknown;control;2024-02-02 17:45:00+00:00;0.691;;
688105;unknown;control;2024-02-02 18:00:00+00:00;0.721;;
688105;unknown;control;2024-02-02 18:15:00+00:00;0.733;;
688105;unknown;control;2024-02-02 18:30:00+00:00;0.759;;
688105;unknown;control;2024-02-02 18:45:00+00:00;0.742;;
688105;unknown;control;2024-02-02 19:00:00+00:00;0.745;;
688105;unknown;control;2024-02-02 19:15:00+00:00;0.751;;
688105;unknown;control;2024-02-02 19:30:00+00:00;0.754;;
688105;unknown;control;2024-02-02 19:45:00+00:00;0.784;;
688105;unknown;control;2024-02-02 20:00:00+00:00;0.779;;
688105;unknown;control;2024-02-02 20:15:00+00:00;0.784;;
688105;unknown;control;2024-02-02 20:30:00+00:00;0.794;;
688105;unknown;control;2024-02-02 20:45:00+00:00;0.264;;
688105;unknown;control;2024-02-02 21:00:00+00:00;0.102;;
688105;unknown;control;2024-02-02 21:15:00+00:00;0.086;;
688105;unknown;control;2024-02-02 21:30:00+00:00;0.086;;
688105;unknown;control;2024-02-02 21:45:00+00:00;0.085;;
688105;unknown;control;2024-02-02 22:00:00+00:00;0.099;;
688105;unknown;control;2024-02-02 22:15:00+00:00;0.116;;
688105;unknown;control;2024-02-02 22:30:00+00:00;0.1;;
688105;unknown;control;2024-02-02 22:45:00+00:00;0.093;;
688105;unknown;control;2024-02-02 23:00:00+00:00;0.082;;
688105;unknown;control;2024-02-02 23:15:00+00:00;0.084;;
688105;unknown;control;2024-02-02 23:30:00+00:00;0.099;;
688105;unknown;control;2024-02-02 23:45:00+00:00;0.333;;
688105;unknown;control;2024-02-03 00:00:00+00:00;0.873;;
688105;unknown;control;2024-02-03 00:15:00+00:00;0.903;;
688105;unknown;control;2024-02-03 00:30:00+00:00;0.097;;
688105;unknown;control;2024-02-03 00:45:00+00:00;0.113;;
688105;unknown;control;2024-02-03 01:00:00+00:00;0.088;;
688105;unknown;control;2024-02-03 01:15:00+00:00;0.082;;
688105;unknown;control;2024-02-03 01:30:00+00:00;0.87;;
688105;unknown;control;2024-02-03 01:45:00+00:00;0.892;;
688105;unknown;control;2024-02-03 02:00:00+00:00;0.907;;
688105;unknown;control;2024-02-03 02:15:00+00:00;0.679;;
688105;unknown;control;2024-02-03 02:30:00+00:00;0.37;;
688105;unknown;control;2024-02-03 02:45:00+00:00;0.741;;
688105;unknown;control;2024-02-03 03:00:00+00:00;0.784;;
688105;unknown;control;2024-02-03 03:15:00+00:00;0.807;;
688105;unknown;control;2024-02-03 03:30:00+00:00;0.799;;
688105;unknown;control;2024-02-03 03:45:00+00:00;0.806;;
688105;unknown;control;2024-02-03 04:00:00+00:00;0.807;;
688105;unknown;control;2024-02-03 04:15:00+00:00;0.828;;
688105;unknown;control;2024-02-03 04:30:00+00:00;0.846;;
688105;unknown;control;2024-02-03 04:45:00+00:00;0.835;;
688105;unknown;control;2024-02-03 05:00:00+00:00;0.838;;
688105;unknown;control;2024-02-03 05:15:00+00:00;0.831;;
688105;unknown;control;2024-02-03 05:30:00+00:00;0.845;;
688105;unknown;control;2024-02-03 05:45:00+00:00;0.294;;
688105;unknown;control;2024-02-03 06:00:00+00:00;0.089;;
688105;unknown;control;2024-02-03 06:15:00+00:00;0.096;;
688105;unknown;control;2024-02-03 06:30:00+00:00;0.099;;
688105;unknown;control;2024-02-03 06:45:00+00:00;0.102;;
688105;unknown;control;2024-02-03 07:00:00+00:00;0.098;;
688105;unknown;control;2024-02-03 07:15:00+00:00;0.039;;
688105;unknown;control;2024-02-03 07:30:00+00:00;0.01;;
688105;unknown;control;2024-02-03 07:45:00+00:00;0.0;;
688105;unknown;control;2024-02-03 08:00:00+00:00;0.0;;
688105;unknown;control;2024-02-03 08:15:00+00:00;0.0;;
688105;unknown;control;2024-02-03 08:30:00+00:00;0.0;;
688105;unknown;control;2024-02-03 08:45:00+00:00;0.0;;
688105;unknown;control;2024-02-03 09:00:00+00:00;0.0;;
688105;unknown;control;2024-02-03 09:15:00+00:00;0.0;;
688105;unknown;control;2024-02-03 09:30:00+00:00;0.0;;
688105;unknown;control;2024-02-03 09:45:00+00:00;0.0;;
688105;unknown;control;2024-02-03 10:00:00+00:00;0.0;;
688105;unknown;control;2024-02-03 10:15:00+00:00;0.0;;
688105;unknown;control;2024-02-03 10:30:00+00:00;0.0;;
688105;unknown;control;2024-02-03 10:45:00+00:00;0.0;;
688105;unknown;control;2024-02-03 11:00:00+00:00;0.0;;
688105;unknown;control;2024-02-03 11:15:00+00:00;0.0;;
688105;unknown;control;2024-02-03 11:30:00+00:00;0.0;;
688105;unknown;control;2024-02-03 11:45:00+00:00;0.0;;
688105;unknown;control;2024-02-03 12:00:00+00:00;0.0;;
688105;unknown;control;2024-02-03 12:15:00+00:00;0.0;;
688105;unknown;control;2024-02-03 12:30:00+00:00;0.0;;
688105;unknown;control;2024-02-03 12:45:00+00:00;0.0;;
688105;unknown;control;2024-02-03 13:00:00+00:00;0.0;;
688105;unknown;control;2024-02-03 13:15:00+00:00;0.0;;
688105;unknown;control;2024-02-03 13:30:00+00:00;0.0;;
688105;unknown;control;2024-02-03 13:45:00+00:00;0.0;;
688105;unknown;control;2024-02-03 14:00:00+00:00;0.0;;
688105;unknown;control;2024-02-03 14:15:00+00:00;0.0;;
688105;unknown;control;2024-02-03 14:30:00+00:00;0.0;;
688105;unknown;control;2024-02-03 14:45:00+00:00;0.0;;
688105;unknown;control;2024-02-03 15:00:00+00:00;0.0;;
688105;unknown;control;2024-02-03 15:15:00+00:00;0.049;;
688105;unknown;control;2024-02-03 15:30:00+00:00;0.032;;
688105;unknown;control;2024-02-03 15:45:00+00:00;0.0;;
688105;unknown;control;2024-02-03 16:00:00+00:00;0.022;;
688105;unknown;control;2024-02-03 16:15:00+00:00;0.122;;
688105;unknown;control;2024-02-03 16:30:00+00:00;0.698;;
688105;unknown;control;2024-02-03 16:45:00+00:00;0.29;;
688105;unknown;control;2024-02-03 17:00:00+00:00;0.324;;
688105;unknown;control;2024-02-03 17:15:00+00:00;0.69;;
688105;unknown;control;2024-02-03 17:30:00+00:00;1.007;;
688105;unknown;control;2024-02-03 17:45:00+00:00;0.879;;
688105;unknown;control;2024-02-03 18:00:00+00:00;0.914;;
688105;unknown;control;2024-02-03 18:15:00+00:00;0.866;;
688105;unknown;control;2024-02-03 18:30:00+00:00;1.312;;
688105;unknown;control;2024-02-03 18:45:00+00:00;1.144;;
688105;unknown;control;2024-02-03 19:00:00+00:00;0.984;;
688105;unknown;control;2024-02-03 19:15:00+00:00;0.964;;
688105;unknown;control;2024-02-03 19:30:00+00:00;0.965;;
688105;unknown;control;2024-02-03 19:45:00+00:00;1.036;;
688105;unknown;control;2024-02-03 20:00:00+00:00;1.003;;
688105;unknown;control;2024-02-03 20:15:00+00:00;1.014;;
688105;unknown;control;2024-02-03 20:30:00+00:00;0.982;;
688105;unknown;control;2024-02-03 20:45:00+00:00;0.442;;
688105;unknown;control;2024-02-03 21:00:00+00:00;0.257;;
688105;unknown;control;2024-02-03 21:15:00+00:00;0.25;;
688105;unknown;control;2024-02-03 21:30:00+00:00;0.251;;
688105;unknown;control;2024-02-03 21:45:00+00:00;0.244;;
688105;unknown;control;2024-02-03 22:00:00+00:00;0.251;;
688105;unknown;control;2024-02-03 22:15:00+00:00;0.189;;
688105;unknown;control;2024-02-03 22:30:00+00:00;0.198;;
688105;unknown;control;2024-02-03 22:45:00+00:00;0.197;;
688105;unknown;control;2024-02-03 23:00:00+00:00;0.209;;
688105;unknown;control;2024-02-03 23:15:00+00:00;0.125;;
688105;unknown;control;2024-02-03 23:30:00+00:00;0.102;;
688105;unknown;control;2024-02-03 23:45:00+00:00;0.337;;
688105;unknown;control;2024-02-04 00:00:00+00:00;0.882;;
688105;unknown;control;2024-02-04 00:15:00+00:00;0.855;;
688105;unknown;control;2024-02-04 00:30:00+00:00;0.103;;
688105;unknown;control;2024-02-04 00:45:00+00:00;0.118;;
688105;unknown;control;2024-02-04 01:00:00+00:00;0.107;;
688105;unknown;control;2024-02-04 01:15:00+00:00;0.104;;
688105;unknown;control;2024-02-04 01:30:00+00:00;0.876;;
688105;unknown;control;2024-02-04 01:45:00+00:00;0.883;;
688105;unknown;control;2024-02-04 02:00:00+00:00;0.9;;
688105;unknown;control;2024-02-04 02:15:00+00:00;0.9;;
688105;unknown;control;2024-02-04 02:30:00+00:00;0.2;;
688105;unknown;control;2024-02-04 02:45:00+00:00;0.588;;
688105;unknown;control;2024-02-04 03:00:00+00:00;0.768;;
688105;unknown;control;2024-02-04 03:15:00+00:00;0.799;;
688105;unknown;control;2024-02-04 03:30:00+00:00;0.814;;
688105;unknown;control;2024-02-04 03:45:00+00:00;0.813;;
688105;unknown;control;2024-02-04 04:00:00+00:00;0.811;;
688105;unknown;control;2024-02-04 04:15:00+00:00;0.819;;
688105;unknown;control;2024-02-04 04:30:00+00:00;0.836;;
688105;unknown;control;2024-02-04 04:45:00+00:00;0.868;;
688105;unknown;control;2024-02-04 05:00:00+00:00;0.892;;
688105;unknown;control;2024-02-04 05:15:00+00:00;0.892;;
688105;unknown;control;2024-02-04 05:30:00+00:00;0.9;;
688105;unknown;control;2024-02-04 05:45:00+00:00;0.298;;
688105;unknown;control;2024-02-04 06:00:00+00:00;0.095;;
688105;unknown;control;2024-02-04 06:15:00+00:00;0.108;;
688105;unknown;control;2024-02-04 06:30:00+00:00;0.117;;
688105;unknown;control;2024-02-04 06:45:00+00:00;0.104;;
688105;unknown;control;2024-02-04 07:00:00+00:00;0.064;;
688105;unknown;control;2024-02-04 07:15:00+00:00;0.004;;
688105;unknown;control;2024-02-04 07:30:00+00:00;0.094;;
688105;unknown;control;2024-02-04 07:45:00+00:00;0.0;;
688105;unknown;control;2024-02-04 08:00:00+00:00;0.052;;
688105;unknown;control;2024-02-04 08:15:00+00:00;0.134;;
688105;unknown;control;2024-02-04 08:30:00+00:00;0.359;;
688105;unknown;control;2024-02-04 08:45:00+00:00;0.004;;
688105;unknown;control;2024-02-04 09:00:00+00:00;0.0;;
688105;unknown;control;2024-02-04 09:15:00+00:00;0.0;;
688105;unknown;control;2024-02-04 09:30:00+00:00;0.0;;
688105;unknown;control;2024-02-04 09:45:00+00:00;0.0;;
688105;unknown;control;2024-02-04 10:00:00+00:00;0.0;;
688105;unknown;control;2024-02-04 10:15:00+00:00;0.0;;
688105;unknown;control;2024-02-04 10:30:00+00:00;0.0;;
688105;unknown;control;2024-02-04 10:45:00+00:00;0.0;;
688105;unknown;control;2024-02-04 11:00:00+00:00;0.0;;
688105;unknown;control;2024-02-04 11:15:00+00:00;0.001;;
688105;unknown;control;2024-02-04 11:30:00+00:00;0.0;;
688105;unknown;control;2024-02-04 11:45:00+00:00;0.0;;
688105;unknown;control;2024-02-04 12:00:00+00:00;0.0;;
688105;unknown;control;2024-02-04 12:15:00+00:00;0.0;;
688105;unknown;control;2024-02-04 12:30:00+00:00;0.0;;
688105;unknown;control;2024-02-04 12:45:00+00:00;0.001;;
688105;unknown;control;2024-02-04 13:00:00+00:00;0.0;;
688105;unknown;control;2024-02-04 13:15:00+00:00;0.0;;
688105;unknown;control;2024-02-04 13:30:00+00:00;0.0;;
688105;unknown;control;2024-02-04 13:45:00+00:00;0.0;;
688105;unknown;control;2024-02-04 14:00:00+00:00;0.053;;
688105;unknown;control;2024-02-04 14:15:00+00:00;0.096;;
688105;unknown;control;2024-02-04 14:30:00+00:00;0.264;;
688105;unknown;control;2024-02-04 14:45:00+00:00;0.0;;
688105;unknown;control;2024-02-04 15:00:00+00:00;0.001;;
688105;unknown;control;2024-02-04 15:15:00+00:00;0.028;;
688105;unknown;control;2024-02-04 15:30:00+00:00;0.09;;
688105;unknown;control;2024-02-04 15:45:00+00:00;0.136;;
688105;unknown;control;2024-02-04 16:00:00+00:00;0.148;;
688105;unknown;control;2024-02-04 16:15:00+00:00;0.128;;
688105;unknown;control;2024-02-04 16:30:00+00:00;0.142;;
688105;unknown;control;2024-02-04 16:45:00+00:00;0.185;;
688105;unknown;control;2024-02-04 17:00:00+00:00;0.195;;
688105;unknown;control;2024-02-04 17:15:00+00:00;0.205;;
688105;unknown;control;2024-02-04 17:30:00+00:00;0.57;;
688105;unknown;control;2024-02-04 17:45:00+00:00;0.841;;
688105;unknown;control;2024-02-04 18:00:00+00:00;0.988;;
688105;unknown;control;2024-02-04 18:15:00+00:00;0.836;;
688105;unknown;control;2024-02-04 18:30:00+00:00;0.825;;
688105;unknown;control;2024-02-04 18:45:00+00:00;0.808;;
688105;unknown;control;2024-02-04 19:00:00+00:00;0.819;;
688105;unknown;control;2024-02-04 19:15:00+00:00;0.844;;
688105;unknown;control;2024-02-04 19:30:00+00:00;0.85;;
688105;unknown;control;2024-02-04 19:45:00+00:00;0.877;;
688105;unknown;control;2024-02-04 20:00:00+00:00;0.891;;
688105;unknown;control;2024-02-04 20:15:00+00:00;0.885;;
688105;unknown;control;2024-02-04 20:30:00+00:00;0.895;;
688105;unknown;control;2024-02-04 20:45:00+00:00;0.338;;
688105;unknown;control;2024-02-04 21:00:00+00:00;0.137;;
688105;unknown;control;2024-02-04 21:15:00+00:00;0.13;;
688105;unknown;control;2024-02-04 21:30:00+00:00;0.13;;
688105;unknown;control;2024-02-04 21:45:00+00:00;0.102;;
688105;unknown;control;2024-02-04 22:00:00+00:00;0.111;;
688105;unknown;control;2024-02-04 22:15:00+00:00;0.106;;
688105;unknown;control;2024-02-04 22:30:00+00:00;0.117;;
688105;unknown;control;2024-02-04 22:45:00+00:00;0.102;;
688105;unknown;control;2024-02-04 23:00:00+00:00;0.088;;
688105;unknown;control;2024-02-04 23:15:00+00:00;0.088;;
688105;unknown;control;2024-02-04 23:30:00+00:00;0.088;;
688105;unknown;control;2024-02-04 23:45:00+00:00;0.352;;
688105;unknown;control;2024-02-05 00:00:00+00:00;0.892;;
688105;unknown;control;2024-02-05 00:15:00+00:00;0.94;;
688105;unknown;control;2024-02-05 00:30:00+00:00;0.54;;
688105;unknown;control;2024-02-05 00:45:00+00:00;0.088;;
688105;unknown;control;2024-02-05 01:00:00+00:00;0.093;;
688105;unknown;control;2024-02-05 01:15:00+00:00;0.105;;
688105;unknown;control;2024-02-05 01:30:00+00:00;0.878;;
688105;unknown;control;2024-02-05 01:45:00+00:00;0.898;;
688105;unknown;control;2024-02-05 02:00:00+00:00;0.9;;
688105;unknown;control;2024-02-05 02:15:00+00:00;0.901;;
688105;unknown;control;2024-02-05 02:30:00+00:00;1.197;;
688105;unknown;control;2024-02-05 02:45:00+00:00;1.149;;
688105;unknown;control;2024-02-05 03:00:00+00:00;0.778;;
688105;unknown;control;2024-02-05 03:15:00+00:00;0.795;;
688105;unknown;control;2024-02-05 03:30:00+00:00;0.806;;
688105;unknown;control;2024-02-05 03:45:00+00:00;0.826;;
688105;unknown;control;2024-02-05 04:00:00+00:00;0.848;;
688105;unknown;control;2024-02-05 04:15:00+00:00;0.839;;
688105;unknown;control;2024-02-05 04:30:00+00:00;0.844;;
688105;unknown;control;2024-02-05 04:45:00+00:00;0.842;;
688105;unknown;control;2024-02-05 05:00:00+00:00;0.861;;
688105;unknown;control;2024-02-05 05:15:00+00:00;0.883;;
688105;unknown;control;2024-02-05 05:30:00+00:00;0.982;;
688105;unknown;control;2024-02-05 05:45:00+00:00;1.077;;
688105;unknown;control;2024-02-05 06:00:00+00:00;0.167;;
688105;unknown;control;2024-02-05 06:15:00+00:00;0.217;;
688105;unknown;control;2024-02-05 06:30:00+00:00;0.167;;
688105;unknown;control;2024-02-05 06:45:00+00:00;0.128;;
688105;unknown;control;2024-02-05 07:00:00+00:00;0.104;;
688105;unknown;control;2024-02-05 07:15:00+00:00;0.167;;
688105;unknown;control;2024-02-05 07:30:00+00:00;0.021;;
688105;unknown;control;2024-02-05 07:45:00+00:00;0.047;;
688105;unknown;control;2024-02-05 08:00:00+00:00;0.013;;
688105;unknown;control;2024-02-05 08:15:00+00:00;0.0;;
688105;unknown;control;2024-02-05 08:30:00+00:00;0.0;;
688105;unknown;control;2024-02-05 08:45:00+00:00;0.0;;
688105;unknown;control;2024-02-05 09:00:00+00:00;0.0;;
688105;unknown;control;2024-02-05 09:15:00+00:00;0.0;;
688105;unknown;control;2024-02-05 09:30:00+00:00;0.0;;
688105;unknown;control;2024-02-05 09:45:00+00:00;0.0;;
688105;unknown;control;2024-02-05 10:00:00+00:00;0.0;;
688105;unknown;control;2024-02-05 10:15:00+00:00;0.0;;
688105;unknown;control;2024-02-05 10:30:00+00:00;0.0;;
688105;unknown;control;2024-02-05 10:45:00+00:00;0.0;;
688105;unknown;control;2024-02-05 11:00:00+00:00;0.0;;
688105;unknown;control;2024-02-05 11:15:00+00:00;0.0;;
688105;unknown;control;2024-02-05 11:30:00+00:00;0.0;;
688105;unknown;control;2024-02-05 11:45:00+00:00;0.0;;
688105;unknown;control;2024-02-05 12:00:00+00:00;0.0;;
688105;unknown;control;2024-02-05 12:15:00+00:00;0.0;;
688105;unknown;control;2024-02-05 12:30:00+00:00;0.0;;
688105;unknown;control;2024-02-05 12:45:00+00:00;0.0;;
688105;unknown;control;2024-02-05 13:00:00+00:00;0.0;;
688105;unknown;control;2024-02-05 13:15:00+00:00;0.0;;
688105;unknown;control;2024-02-05 13:30:00+00:00;0.0;;
688105;unknown;control;2024-02-05 13:45:00+00:00;0.0;;
688105;unknown;control;2024-02-05 14:00:00+00:00;0.0;;
688105;unknown;control;2024-02-05 14:15:00+00:00;0.0;;
688105;unknown;control;2024-02-05 14:30:00+00:00;0.0;;
688105;unknown;control;2024-02-05 14:45:00+00:00;0.0;;
688105;unknown;control;2024-02-05 15:00:00+00:00;0.0;;
688105;unknown;control;2024-02-05 15:15:00+00:00;0.0;;
688105;unknown;control;2024-02-05 15:30:00+00:00;0.0;;
688105;unknown;control;2024-02-05 15:45:00+00:00;0.0;;
688105;unknown;control;2024-02-05 16:00:00+00:00;0.008;;
688105;unknown;control;2024-02-05 16:15:00+00:00;0.079;;
688105;unknown;control;2024-02-05 16:30:00+00:00;0.116;;
688105;unknown;control;2024-02-05 16:45:00+00:00;0.1;;
688105;unknown;control;2024-02-05 17:00:00+00:00;0.125;;
688105;unknown;control;2024-02-05 17:15:00+00:00;0.28;;
688105;unknown;control;2024-02-05 17:30:00+00:00;1.066;;
688105;unknown;control;2024-02-05 17:45:00+00:00;1.41;;
688105;unknown;control;2024-02-05 18:00:00+00:00;1.466;;
688105;unknown;control;2024-02-05 18:15:00+00:00;0.936;;
688105;unknown;control;2024-02-05 18:30:00+00:00;0.798;;
688105;unknown;control;2024-02-05 18:45:00+00:00;0.876;;
688105;unknown;control;2024-02-05 19:00:00+00:00;0.817;;
688105;unknown;control;2024-02-05 19:15:00+00:00;0.796;;
688105;unknown;control;2024-02-05 19:30:00+00:00;0.97;;
688105;unknown;control;2024-02-05 19:45:00+00:00;0.904;;
688105;unknown;control;2024-02-05 20:00:00+00:00;0.907;;
688105;unknown;control;2024-02-05 20:15:00+00:00;0.91;;
688105;unknown;control;2024-02-05 20:30:00+00:00;0.916;;
688105;unknown;control;2024-02-05 20:45:00+00:00;0.368;;
688105;unknown;control;2024-02-05 21:00:00+00:00;0.177;;
688105;unknown;control;2024-02-05 21:15:00+00:00;0.246;;
688105;unknown;control;2024-02-05 21:30:00+00:00;0.147;;
688105;unknown;control;2024-02-05 21:45:00+00:00;0.126;;
688105;unknown;control;2024-02-05 22:00:00+00:00;0.104;;
688105;unknown;control;2024-02-05 22:15:00+00:00;0.102;;
688105;unknown;control;2024-02-05 22:30:00+00:00;0.094;;
688105;unknown;control;2024-02-05 22:45:00+00:00;0.106;;
688105;unknown;control;2024-02-05 23:00:00+00:00;0.088;;
688105;unknown;control;2024-02-05 23:15:00+00:00;0.088;;
688105;unknown;control;2024-02-05 23:30:00+00:00;0.098;;
688105;unknown;control;2024-02-05 23:45:00+00:00;0.35;;
688105;unknown;control;2024-02-06 00:00:00+00:00;0.832;;
688105;unknown;control;2024-02-06 00:15:00+00:00;0.883;;
688105;unknown;control;2024-02-06 00:30:00+00:00;0.925;;
688105;unknown;control;2024-02-06 00:45:00+00:00;0.418;;
688105;unknown;control;2024-02-06 01:00:00+00:00;0.096;;
688105;unknown;control;2024-02-06 01:15:00+00:00;0.088;;
688105;unknown;control;2024-02-06 01:30:00+00:00;0.874;;
688105;unknown;control;2024-02-06 01:45:00+00:00;0.892;;
688105;unknown;control;2024-02-06 02:00:00+00:00;0.902;;
688105;unknown;control;2024-02-06 02:15:00+00:00;0.887;;
688105;unknown;control;2024-02-06 02:30:00+00:00;1.248;;
688105;unknown;control;2024-02-06 02:45:00+00:00;0.749;;
688105;unknown;control;2024-02-06 03:00:00+00:00;0.805;;
688105;unknown;control;2024-02-06 03:15:00+00:00;0.807;;
688105;unknown;control;2024-02-06 03:30:00+00:00;0.831;;
688105;unknown;control;2024-02-06 03:45:00+00:00;0.837;;
688105;unknown;control;2024-02-06 04:00:00+00:00;0.853;;
688105;unknown;control;2024-02-06 04:15:00+00:00;0.848;;
688105;unknown;control;2024-02-06 04:30:00+00:00;0.844;;
688105;unknown;control;2024-02-06 04:45:00+00:00;0.845;;
688105;unknown;control;2024-02-06 05:00:00+00:00;0.852;;
688105;unknown;control;2024-02-06 05:15:00+00:00;0.871;;
688105;unknown;control;2024-02-06 05:30:00+00:00;1.362;;
688105;unknown;control;2024-02-06 05:45:00+00:00;1.161;;
688105;unknown;control;2024-02-06 06:00:00+00:00;0.137;;
688105;unknown;control;2024-02-06 06:15:00+00:00;0.122;;
688105;unknown;control;2024-02-06 06:30:00+00:00;0.087;;
688105;unknown;control;2024-02-06 06:45:00+00:00;0.086;;
688105;unknown;control;2024-02-06 07:00:00+00:00;0.084;;
688105;unknown;control;2024-02-06 07:15:00+00:00;0.066;;
688105;unknown;control;2024-02-06 07:30:00+00:00;0.038;;
688105;unknown;control;2024-02-06 07:45:00+00:00;0.023;;
688105;unknown;control;2024-02-06 08:00:00+00:00;0.007;;
688105;unknown;control;2024-02-06 08:15:00+00:00;0.0;;
688105;unknown;control;2024-02-06 08:30:00+00:00;0.0;;
688105;unknown;control;2024-02-06 08:45:00+00:00;0.0;;
688105;unknown;control;2024-02-06 09:00:00+00:00;0.0;;
688105;unknown;control;2024-02-06 09:15:00+00:00;0.0;;
688105;unknown;control;2024-02-06 09:30:00+00:00;0.0;;
688105;unknown;control;2024-02-06 09:45:00+00:00;0.0;;
688105;unknown;control;2024-02-06 10:00:00+00:00;0.0;;
688105;unknown;control;2024-02-06 10:15:00+00:00;0.0;;
688105;unknown;control;2024-02-06 10:30:00+00:00;0.0;;
688105;unknown;control;2024-02-06 10:45:00+00:00;0.0;;
688105;unknown;control;2024-02-06 11:00:00+00:00;0.0;;
688105;unknown;control;2024-02-06 11:15:00+00:00;0.0;;
688105;unknown;control;2024-02-06 11:30:00+00:00;0.0;;
688105;unknown;control;2024-02-06 11:45:00+00:00;0.0;;
688105;unknown;control;2024-02-06 12:00:00+00:00;0.0;;
688105;unknown;control;2024-02-06 12:15:00+00:00;0.0;;
688105;unknown;control;2024-02-06 12:30:00+00:00;0.0;;
688105;unknown;control;2024-02-06 12:45:00+00:00;0.0;;
688105;unknown;control;2024-02-06 13:00:00+00:00;0.0;;
688105;unknown;control;2024-02-06 13:15:00+00:00;0.0;;
688105;unknown;control;2024-02-06 13:30:00+00:00;0.0;;
688105;unknown;control;2024-02-06 13:45:00+00:00;0.0;;
688105;unknown;control;2024-02-06 14:00:00+00:00;0.0;;
688105;unknown;control;2024-02-06 14:15:00+00:00;0.0;;
688105;unknown;control;2024-02-06 14:30:00+00:00;0.0;;
688105;unknown;control;2024-02-06 14:45:00+00:00;0.0;;
688105;unknown;control;2024-02-06 15:00:00+00:00;0.0;;
688105;unknown;control;2024-02-06 15:15:00+00:00;0.0;;
688105;unknown;control;2024-02-06 15:30:00+00:00;0.0;;
688105;unknown;control;2024-02-06 15:45:00+00:00;0.0;;
688105;unknown;control;2024-02-06 16:00:00+00:00;0.015;;
688105;unknown;control;2024-02-06 16:15:00+00:00;0.188;;
688105;unknown;control;2024-02-06 16:30:00+00:00;0.147;;
688105;unknown;control;2024-02-06 16:45:00+00:00;0.126;;
688105;unknown;control;2024-02-06 17:00:00+00:00;0.505;;
688105;unknown;control;2024-02-06 17:15:00+00:00;0.717;;
688105;unknown;control;2024-02-06 17:30:00+00:00;0.743;;
688105;unknown;control;2024-02-06 17:45:00+00:00;0.777;;
688105;unknown;control;2024-02-06 18:00:00+00:00;0.984;;
688105;unknown;control;2024-02-06 18:15:00+00:00;1.015;;
688105;unknown;control;2024-02-06 18:30:00+00:00;0.844;;
688105;unknown;control;2024-02-06 18:45:00+00:00;0.801;;
688105;unknown;control;2024-02-06 19:00:00+00:00;0.852;;
688105;unknown;control;2024-02-06 19:15:00+00:00;0.856;;
688105;unknown;control;2024-02-06 19:30:00+00:00;0.878;;
688105;unknown;control;2024-02-06 19:45:00+00:00;0.885;;
688105;unknown;control;2024-02-06 20:00:00+00:00;0.896;;
688105;unknown;control;2024-02-06 20:15:00+00:00;0.91;;
688105;unknown;control;2024-02-06 20:30:00+00:00;0.914;;
688105;unknown;control;2024-02-06 20:45:00+00:00;0.369;;
688105;unknown;control;2024-02-06 21:00:00+00:00;0.183;;
688105;unknown;control;2024-02-06 21:15:00+00:00;0.183;;
688105;unknown;control;2024-02-06 21:30:00+00:00;0.123;;
688105;unknown;control;2024-02-06 21:45:00+00:00;0.124;;
688105;unknown;control;2024-02-06 22:00:00+00:00;0.127;;
688105;unknown;control;2024-02-06 22:15:00+00:00;0.11;;
688105;unknown;control;2024-02-06 22:30:00+00:00;0.094;;
688105;unknown;control;2024-02-06 22:45:00+00:00;0.093;;
688105;unknown;control;2024-02-06 23:00:00+00:00;0.096;;
688105;unknown;control;2024-02-06 23:15:00+00:00;0.109;;
688105;unknown;control;2024-02-06 23:30:00+00:00;0.108;;
688105;unknown;control;2024-02-06 23:45:00+00:00;0.362;;
688105;unknown;control;2024-02-07 00:00:00+00:00;0.92;;
688105;unknown;control;2024-02-07 00:15:00+00:00;0.704;;
688105;unknown;control;2024-02-07 00:30:00+00:00;0.102;;
688105;unknown;control;2024-02-07 00:45:00+00:00;0.108;;
688105;unknown;control;2024-02-07 01:00:00+00:00;0.102;;
688105;unknown;control;2024-02-07 01:15:00+00:00;0.092;;
688105;unknown;control;2024-02-07 01:30:00+00:00;0.877;;
688105;unknown;control;2024-02-07 01:45:00+00:00;0.895;;
688105;unknown;control;2024-02-07 02:00:00+00:00;0.916;;
688105;unknown;control;2024-02-07 02:15:00+00:00;0.702;;
688105;unknown;control;2024-02-07 02:30:00+00:00;0.592;;
688105;unknown;control;2024-02-07 02:45:00+00:00;0.756;;
688105;unknown;control;2024-02-07 03:00:00+00:00;0.789;;
688105;unknown;control;2024-02-07 03:15:00+00:00;0.804;;
688105;unknown;control;2024-02-07 03:30:00+00:00;0.83;;
688105;unknown;control;2024-02-07 03:45:00+00:00;0.844;;
688105;unknown;control;2024-02-07 04:00:00+00:00;0.845;;
688105;unknown;control;2024-02-07 04:15:00+00:00;0.848;;
688105;unknown;control;2024-02-07 04:30:00+00:00;0.851;;
688105;unknown;control;2024-02-07 04:45:00+00:00;0.855;;
688105;unknown;control;2024-02-07 05:00:00+00:00;0.871;;
688105;unknown;control;2024-02-07 05:15:00+00:00;0.87;;
688105;unknown;control;2024-02-07 05:30:00+00:00;0.942;;
688105;unknown;control;2024-02-07 05:45:00+00:00;0.82;;
688105;unknown;control;2024-02-07 06:00:00+00:00;0.165;;
688105;unknown;control;2024-02-07 06:15:00+00:00;0.2;;
688105;unknown;control;2024-02-07 06:30:00+00:00;0.145;;
688105;unknown;control;2024-02-07 06:45:00+00:00;0.107;;
688105;unknown;control;2024-02-07 07:00:00+00:00;0.098;;
688105;unknown;control;2024-02-07 07:15:00+00:00;0.135;;
688105;unknown;control;2024-02-07 07:30:00+00:00;0.042;;
688105;unknown;control;2024-02-07 07:45:00+00:00;0.03;;
688105;unknown;control;2024-02-07 08:00:00+00:00;0.048;;
688105;unknown;control;2024-02-07 08:15:00+00:00;0.036;;
688105;unknown;control;2024-02-07 08:30:00+00:00;0.042;;
688105;unknown;control;2024-02-07 08:45:00+00:00;0.002;;
688105;unknown;control;2024-02-07 09:00:00+00:00;0.001;;
688105;unknown;control;2024-02-07 09:15:00+00:00;0.007;;
688105;unknown;control;2024-02-07 09:30:00+00:00;0.0;;
688105;unknown;control;2024-02-07 09:45:00+00:00;0.0;;
688105;unknown;control;2024-02-07 10:00:00+00:00;0.0;;
688105;unknown;control;2024-02-07 10:15:00+00:00;0.0;;
688105;unknown;control;2024-02-07 10:30:00+00:00;0.0;;
688105;unknown;control;2024-02-07 10:45:00+00:00;0.0;;
688105;unknown;control;2024-02-07 11:00:00+00:00;0.0;;
688105;unknown;control;2024-02-07 11:15:00+00:00;0.0;;
688105;unknown;control;2024-02-07 11:30:00+00:00;0.0;;
688105;unknown;control;2024-02-07 11:45:00+00:00;0.001;;
688105;unknown;control;2024-02-07 12:00:00+00:00;0.0;;
688105;unknown;control;2024-02-07 12:15:00+00:00;0.06;;
688105;unknown;control;2024-02-07 12:30:00+00:00;0.032;;
688105;unknown;control;2024-02-07 12:45:00+00:00;0.0;;
688105;unknown;control;2024-02-07 13:00:00+00:00;0.0;;
688105;unknown;control;2024-02-07 13:15:00+00:00;0.0;;
688105;unknown;control;2024-02-07 13:30:00+00:00;0.0;;
688105;unknown;control;2024-02-07 13:45:00+00:00;0.0;;
688105;unknown;control;2024-02-07 14:00:00+00:00;0.0;;
688105;unknown;control;2024-02-07 14:15:00+00:00;0.0;;
688105;unknown;control;2024-02-07 14:30:00+00:00;0.0;;
688105;unknown;control;2024-02-07 14:45:00+00:00;0.0;;
688105;unknown;control;2024-02-07 15:00:00+00:00;0.0;;
688105;unknown;control;2024-02-07 15:15:00+00:00;0.0;;
688105;unknown;control;2024-02-07 15:30:00+00:00;0.006;;
688105;unknown;control;2024-02-07 15:45:00+00:00;0.008;;
688105;unknown;control;2024-02-07 16:00:00+00:00;0.05;;
688105;unknown;control;2024-02-07 16:15:00+00:00;0.115;;
688105;unknown;control;2024-02-07 16:30:00+00:00;0.117;;
688105;unknown;control;2024-02-07 16:45:00+00:00;0.121;;
688105;unknown;control;2024-02-07 17:00:00+00:00;0.106;;
688105;unknown;control;2024-02-07 17:15:00+00:00;0.107;;
688105;unknown;control;2024-02-07 17:30:00+00:00;0.375;;
688105;unknown;control;2024-02-07 17:45:00+00:00;1.033;;
688105;unknown;control;2024-02-07 18:00:00+00:00;0.912;;
688105;unknown;control;2024-02-07 18:15:00+00:00;0.926;;
688105;unknown;control;2024-02-07 18:30:00+00:00;0.837;;
688105;unknown;control;2024-02-07 18:45:00+00:00;0.9;;
688105;unknown;control;2024-02-07 19:00:00+00:00;0.872;;
688105;unknown;control;2024-02-07 19:15:00+00:00;0.896;;
688105;unknown;control;2024-02-07 19:30:00+00:00;0.907;;
688105;unknown;control;2024-02-07 19:45:00+00:00;0.92;;
688105;unknown;control;2024-02-07 20:00:00+00:00;0.932;;
688105;unknown;control;2024-02-07 20:15:00+00:00;0.914;;
688105;unknown;control;2024-02-07 20:30:00+00:00;0.226;;
688105;unknown;control;2024-02-07 20:45:00+00:00;0.186;;
688105;unknown;control;2024-02-07 21:00:00+00:00;0.205;;
688105;unknown;control;2024-02-07 21:15:00+00:00;0.209;;
688105;unknown;control;2024-02-07 21:30:00+00:00;0.146;;
688105;unknown;control;2024-02-07 21:45:00+00:00;0.118;;
688105;unknown;control;2024-02-07 22:00:00+00:00;0.106;;
688105;unknown;control;2024-02-07 22:15:00+00:00;0.092;;
688105;unknown;control;2024-02-07 22:30:00+00:00;0.092;;
688105;unknown;control;2024-02-07 22:45:00+00:00;0.108;;
688105;unknown;control;2024-02-07 23:00:00+00:00;0.091;;
688105;unknown;control;2024-02-07 23:15:00+00:00;0.099;;
688105;unknown;control;2024-02-07 23:30:00+00:00;0.103;;
688105;unknown;control;2024-02-07 23:45:00+00:00;0.341;;
688105;unknown;control;2024-02-08 00:00:00+00:00;0.868;;
688105;unknown;control;2024-02-08 00:15:00+00:00;0.927;;
688105;unknown;control;2024-02-08 00:30:00+00:00;0.368;;
688105;unknown;control;2024-02-08 00:45:00+00:00;0.088;;
688105;unknown;control;2024-02-08 01:00:00+00:00;0.101;;
688105;unknown;control;2024-02-08 01:15:00+00:00;0.115;;
688105;unknown;control;2024-02-08 01:30:00+00:00;0.88;;
688105;unknown;control;2024-02-08 01:45:00+00:00;0.879;;
688105;unknown;control;2024-02-08 02:00:00+00:00;0.87;;
688105;unknown;control;2024-02-08 02:15:00+00:00;0.894;;
688105;unknown;control;2024-02-08 02:30:00+00:00;0.466;;
688105;unknown;control;2024-02-08 02:45:00+00:00;0.09;;
688105;unknown;control;2024-02-08 03:00:00+00:00;0.731;;
688105;unknown;control;2024-02-08 03:15:00+00:00;0.789;;
688105;unknown;control;2024-02-08 03:30:00+00:00;0.822;;
688105;unknown;control;2024-02-08 03:45:00+00:00;0.814;;
688105;unknown;control;2024-02-08 04:00:00+00:00;0.827;;
688105;unknown;control;2024-02-08 04:15:00+00:00;0.849;;
688105;unknown;control;2024-02-08 04:30:00+00:00;0.874;;
688105;unknown;control;2024-02-08 04:45:00+00:00;0.915;;
688105;unknown;control;2024-02-08 05:00:00+00:00;0.189;;
688105;unknown;control;2024-02-08 05:15:00+00:00;0.105;;
688105;unknown;control;2024-02-08 05:30:00+00:00;0.482;;
688105;unknown;control;2024-02-08 05:45:00+00:00;1.086;;
688105;unknown;control;2024-02-08 06:00:00+00:00;0.111;;
688105;unknown;control;2024-02-08 06:15:00+00:00;0.089;;
688105;unknown;control;2024-02-08 06:30:00+00:00;0.098;;
688105;unknown;control;2024-02-08 06:45:00+00:00;0.157;;
688105;unknown;control;2024-02-08 07:00:00+00:00;0.13;;
688105;unknown;control;2024-02-08 07:15:00+00:00;0.031;;
688105;unknown;control;2024-02-08 07:30:00+00:00;0.072;;
688105;unknown;control;2024-02-08 07:45:00+00:00;0.037;;
688105;unknown;control;2024-02-08 08:00:00+00:00;0.034;;
688105;unknown;control;2024-02-08 08:15:00+00:00;0.0;;
688105;unknown;control;2024-02-08 08:30:00+00:00;0.07;;
688105;unknown;control;2024-02-08 08:45:00+00:00;0.0;;
688105;unknown;control;2024-02-08 09:00:00+00:00;0.0;;
688105;unknown;control;2024-02-08 09:15:00+00:00;0.0;;
688105;unknown;control;2024-02-08 09:30:00+00:00;0.006;;
688105;unknown;control;2024-02-08 09:45:00+00:00;0.023;;
688105;unknown;control;2024-02-08 10:00:00+00:00;0.001;;
688105;unknown;control;2024-02-08 10:15:00+00:00;0.0;;
688105;unknown;control;2024-02-08 10:30:00+00:00;0.0;;
688105;unknown;control;2024-02-08 10:45:00+00:00;0.016;;
688105;unknown;control;2024-02-08 11:00:00+00:00;0.016;;
688105;unknown;control;2024-02-08 11:15:00+00:00;0.0;;
688105;unknown;control;2024-02-08 11:30:00+00:00;0.0;;
688105;unknown;control;2024-02-08 11:45:00+00:00;0.0;;
688105;unknown;control;2024-02-08 12:00:00+00:00;0.0;;
688105;unknown;control;2024-02-08 12:15:00+00:00;0.0;;
688105;unknown;control;2024-02-08 12:30:00+00:00;0.03;;
688105;unknown;control;2024-02-08 12:45:00+00:00;0.016;;
688105;unknown;control;2024-02-08 13:00:00+00:00;0.079;;
688105;unknown;control;2024-02-08 13:15:00+00:00;0.0;;
688105;unknown;control;2024-02-08 13:30:00+00:00;0.097;;
688105;unknown;control;2024-02-08 13:45:00+00:00;0.018;;
688105;unknown;control;2024-02-08 14:00:00+00:00;0.0;;
688105;unknown;control;2024-02-08 14:15:00+00:00;0.0;;
688105;unknown;control;2024-02-08 14:30:00+00:00;0.014;;
688105;unknown;control;2024-02-08 14:45:00+00:00;0.008;;
688105;unknown;control;2024-02-08 15:00:00+00:00;0.013;;
688105;unknown;control;2024-02-08 15:15:00+00:00;0.0;;
688105;unknown;control;2024-02-08 15:30:00+00:00;0.003;;
688105;unknown;control;2024-02-08 15:45:00+00:00;0.052;;
688105;unknown;control;2024-02-08 16:00:00+00:00;0.089;;
688105;unknown;control;2024-02-08 16:15:00+00:00;0.119;;
688105;unknown;control;2024-02-08 16:30:00+00:00;0.115;;
688105;unknown;control;2024-02-08 16:45:00+00:00;0.091;;
688105;unknown;control;2024-02-08 17:00:00+00:00;0.081;;
688105;unknown;control;2024-02-08 17:15:00+00:00;0.107;;
688105;unknown;control;2024-02-08 17:30:00+00:00;0.543;;
688105;unknown;control;2024-02-08 17:45:00+00:00;0.702;;
688105;unknown;control;2024-02-08 18:00:00+00:00;0.737;;
688105;unknown;control;2024-02-08 18:15:00+00:00;0.9;;
688105;unknown;control;2024-02-08 18:30:00+00:00;1.069;;
688105;unknown;control;2024-02-08 18:45:00+00:00;0.785;;
688105;unknown;control;2024-02-08 19:00:00+00:00;0.799;;
688105;unknown;control;2024-02-08 19:15:00+00:00;0.912;;
688105;unknown;control;2024-02-08 19:30:00+00:00;0.692;;
688105;unknown;control;2024-02-08 19:45:00+00:00;0.194;;
688105;unknown;control;2024-02-08 20:00:00+00:00;0.182;;
688105;unknown;control;2024-02-08 20:15:00+00:00;0.801;;
688105;unknown;control;2024-02-08 20:30:00+00:00;0.817;;
688105;unknown;control;2024-02-08 20:45:00+00:00;0.31;;
688105;unknown;control;2024-02-08 21:00:00+00:00;0.136;;
688105;unknown;control;2024-02-08 21:15:00+00:00;0.102;;
688105;unknown;control;2024-02-08 21:30:00+00:00;0.092;;
688105;unknown;control;2024-02-08 21:45:00+00:00;0.09;;
688105;unknown;control;2024-02-08 22:00:00+00:00;0.104;;
688105;unknown;control;2024-02-08 22:15:00+00:00;0.108;;
688105;unknown;control;2024-02-08 22:30:00+00:00;0.104;;
688105;unknown;control;2024-02-08 22:45:00+00:00;0.104;;
688105;unknown;control;2024-02-08 23:00:00+00:00;0.095;;
688105;unknown;control;2024-02-08 23:15:00+00:00;0.105;;
688105;unknown;control;2024-02-08 23:30:00+00:00;0.092;;
688105;unknown;control;2024-02-08 23:45:00+00:00;0.328;;
688105;unknown;control;2024-02-09 00:00:00+00:00;0.851;;
688105;unknown;control;2024-02-09 00:15:00+00:00;0.929;;
688105;unknown;control;2024-02-09 00:30:00+00:00;0.807;;
688105;unknown;control;2024-02-09 00:45:00+00:00;0.101;;
688105;unknown;control;2024-02-09 01:00:00+00:00;0.09;;
688105;unknown;control;2024-02-09 01:15:00+00:00;0.089;;
688105;unknown;control;2024-02-09 01:30:00+00:00;0.881;;
688105;unknown;control;2024-02-09 01:45:00+00:00;0.884;;
688105;unknown;control;2024-02-09 02:00:00+00:00;0.878;;
688105;unknown;control;2024-02-09 02:15:00+00:00;0.901;;
688105;unknown;control;2024-02-09 02:30:00+00:00;0.326;;
688105;unknown;control;2024-02-09 02:45:00+00:00;0.116;;
688105;unknown;control;2024-02-09 03:00:00+00:00;0.206;;
688105;unknown;control;2024-02-09 03:15:00+00:00;0.73;;
688105;unknown;control;2024-02-09 03:30:00+00:00;0.781;;
688105;unknown;control;2024-02-09 03:45:00+00:00;0.811;;
688105;unknown;control;2024-02-09 04:00:00+00:00;0.859;;
688105;unknown;control;2024-02-09 04:15:00+00:00;0.873;;
688105;unknown;control;2024-02-09 04:30:00+00:00;0.897;;
688105;unknown;control;2024-02-09 04:45:00+00:00;0.187;;
688105;unknown;control;2024-02-09 05:00:00+00:00;0.102;;
688105;unknown;control;2024-02-09 05:15:00+00:00;0.097;;
688105;unknown;control;2024-02-09 05:30:00+00:00;0.326;;
688105;unknown;control;2024-02-09 05:45:00+00:00;1.191;;
688105;unknown;control;2024-02-09 06:00:00+00:00;0.203;;
688105;unknown;control;2024-02-09 06:15:00+00:00;0.143;;
688105;unknown;control;2024-02-09 06:30:00+00:00;0.103;;
688105;unknown;control;2024-02-09 06:45:00+00:00;0.086;;
688105;unknown;control;2024-02-09 07:00:00+00:00;0.078;;
688105;unknown;control;2024-02-09 07:15:00+00:00;0.07;;
688105;unknown;control;2024-02-09 07:30:00+00:00;0.053;;
688105;unknown;control;2024-02-09 07:45:00+00:00;0.03;;
688105;unknown;control;2024-02-09 08:00:00+00:00;0.006;;
688105;unknown;control;2024-02-09 08:15:00+00:00;0.001;;
688105;unknown;control;2024-02-09 08:30:00+00:00;0.0;;
688105;unknown;control;2024-02-09 08:45:00+00:00;0.0;;
688105;unknown;control;2024-02-09 09:00:00+00:00;0.0;;
688105;unknown;control;2024-02-09 09:15:00+00:00;0.0;;
688105;unknown;control;2024-02-09 09:30:00+00:00;0.0;;
688105;unknown;control;2024-02-09 09:45:00+00:00;0.001;;
688105;unknown;control;2024-02-09 10:00:00+00:00;0.0;;
688105;unknown;control;2024-02-09 10:15:00+00:00;0.0;;
688105;unknown;control;2024-02-09 10:30:00+00:00;0.0;;
688105;unknown;control;2024-02-09 10:45:00+00:00;0.0;;
688105;unknown;control;2024-02-09 11:00:00+00:00;0.0;;
688105;unknown;control;2024-02-09 11:15:00+00:00;0.0;;
688105;unknown;control;2024-02-09 11:30:00+00:00;0.0;;
688105;unknown;control;2024-02-09 11:45:00+00:00;0.0;;
688105;unknown;control;2024-02-09 12:00:00+00:00;0.0;;
688105;unknown;control;2024-02-09 12:15:00+00:00;0.0;;
688105;unknown;control;2024-02-09 12:30:00+00:00;0.001;;
688105;unknown;control;2024-02-09 12:45:00+00:00;0.0;;
688105;unknown;control;2024-02-09 13:00:00+00:00;0.0;;
688105;unknown;control;2024-02-09 13:15:00+00:00;0.0;;
688105;unknown;control;2024-02-09 13:30:00+00:00;0.0;;
688105;unknown;control;2024-02-09 13:45:00+00:00;0.0;;
688105;unknown;control;2024-02-09 14:00:00+00:00;0.0;;
688105;unknown;control;2024-02-09 14:15:00+00:00;0.0;;
688105;unknown;control;2024-02-09 14:30:00+00:00;0.0;;
688105;unknown;control;2024-02-09 14:45:00+00:00;0.0;;
688105;unknown;control;2024-02-09 15:00:00+00:00;0.0;;
688105;unknown;control;2024-02-09 15:15:00+00:00;0.007;;
688105;unknown;control;2024-02-09 15:30:00+00:00;0.06;;
688105;unknown;control;2024-02-09 15:45:00+00:00;0.077;;
688105;unknown;control;2024-02-09 16:00:00+00:00;0.095;;
688105;unknown;control;2024-02-09 16:15:00+00:00;0.099;;
688105;unknown;control;2024-02-09 16:30:00+00:00;0.097;;
688105;unknown;control;2024-02-09 16:45:00+00:00;0.094;;
688105;unknown;control;2024-02-09 17:00:00+00:00;0.078;;
688105;unknown;control;2024-02-09 17:15:00+00:00;0.089;;
688105;unknown;control;2024-02-09 17:30:00+00:00;0.369;;
688105;unknown;control;2024-02-09 17:45:00+00:00;0.705;;
688105;unknown;control;2024-02-09 18:00:00+00:00;0.958;;
688105;unknown;control;2024-02-09 18:15:00+00:00;1.063;;
688105;unknown;control;2024-02-09 18:30:00+00:00;0.832;;
688105;unknown;control;2024-02-09 18:45:00+00:00;0.85;;
688105;unknown;control;2024-02-09 19:00:00+00:00;0.921;;
688105;unknown;control;2024-02-09 19:15:00+00:00;0.9;;
688105;unknown;control;2024-02-09 19:30:00+00:00;0.381;;
688105;unknown;control;2024-02-09 19:45:00+00:00;0.189;;
688105;unknown;control;2024-02-09 20:00:00+00:00;0.351;;
688105;unknown;control;2024-02-09 20:15:00+00:00;0.813;;
688105;unknown;control;2024-02-09 20:30:00+00:00;0.833;;
688105;unknown;control;2024-02-09 20:45:00+00:00;0.35;;
688105;unknown;control;2024-02-09 21:00:00+00:00;0.204;;
688105;unknown;control;2024-02-09 21:15:00+00:00;0.201;;
688105;unknown;control;2024-02-09 21:30:00+00:00;0.249;;
688105;unknown;control;2024-02-09 21:45:00+00:00;0.176;;
688105;unknown;control;2024-02-09 22:00:00+00:00;0.189;;
688105;unknown;control;2024-02-09 22:15:00+00:00;0.187;;
688105;unknown;control;2024-02-09 22:30:00+00:00;0.185;;
688105;unknown;control;2024-02-09 22:45:00+00:00;0.19;;
688105;unknown;control;2024-02-09 23:00:00+00:00;0.187;;
688105;unknown;control;2024-02-09 23:15:00+00:00;0.192;;
688105;unknown;control;2024-02-09 23:30:00+00:00;0.179;;
688105;unknown;control;2024-02-09 23:45:00+00:00;0.419;;
688105;unknown;control;2024-02-10 00:00:00+00:00;0.945;;
688105;unknown;control;2024-02-10 00:15:00+00:00;1.03;;
688105;unknown;control;2024-02-10 00:30:00+00:00;0.325;;
688105;unknown;control;2024-02-10 00:45:00+00:00;0.1;;
688105;unknown;control;2024-02-10 01:00:00+00:00;0.089;;
688105;unknown;control;2024-02-10 01:15:00+00:00;0.088;;
688105;unknown;control;2024-02-10 01:30:00+00:00;0.878;;
688105;unknown;control;2024-02-10 01:45:00+00:00;0.895;;
688105;unknown;control;2024-02-10 02:00:00+00:00;0.887;;
688105;unknown;control;2024-02-10 02:15:00+00:00;0.802;;
688105;unknown;control;2024-02-10 02:30:00+00:00;0.091;;
688105;unknown;control;2024-02-10 02:45:00+00:00;0.096;;
688105;unknown;control;2024-02-10 03:00:00+00:00;0.656;;
688105;unknown;control;2024-02-10 03:15:00+00:00;0.77;;
688105;unknown;control;2024-02-10 03:30:00+00:00;0.801;;
688105;unknown;control;2024-02-10 03:45:00+00:00;0.816;;
688105;unknown;control;2024-02-10 04:00:00+00:00;0.84;;
688105;unknown;control;2024-02-10 04:15:00+00:00;0.849;;
688105;unknown;control;2024-02-10 04:30:00+00:00;0.86;;
688105;unknown;control;2024-02-10 04:45:00+00:00;0.882;;
688105;unknown;control;2024-02-10 05:00:00+00:00;0.475;;
688105;unknown;control;2024-02-10 05:15:00+00:00;0.117;;
688105;unknown;control;2024-02-10 05:30:00+00:00;0.112;;
688105;unknown;control;2024-02-10 05:45:00+00:00;0.103;;
688105;unknown;control;2024-02-10 06:00:00+00:00;0.09;;
688105;unknown;control;2024-02-10 06:15:00+00:00;0.091;;
688105;unknown;control;2024-02-10 06:30:00+00:00;0.1;;
688105;unknown;control;2024-02-10 06:45:00+00:00;0.092;;
688105;unknown;control;2024-02-10 07:00:00+00:00;0.092;;
688105;unknown;control;2024-02-10 07:15:00+00:00;0.069;;
688105;unknown;control;2024-02-10 07:30:00+00:00;0.062;;
688105;unknown;control;2024-02-10 07:45:00+00:00;0.121;;
688105;unknown;control;2024-02-10 08:00:00+00:00;0.038;;
688105;unknown;control;2024-02-10 08:15:00+00:00;0.07;;
688105;unknown;control;2024-02-10 08:30:00+00:00;0.028;;
688105;unknown;control;2024-02-10 08:45:00+00:00;0.014;;
688105;unknown;control;2024-02-10 09:00:00+00:00;0.015;;
688105;unknown;control;2024-02-10 09:15:00+00:00;0.015;;
688105;unknown;control;2024-02-10 09:30:00+00:00;0.007;;
688105;unknown;control;2024-02-10 09:45:00+00:00;0.0;;
688105;unknown;control;2024-02-10 10:00:00+00:00;0.0;;
688105;unknown;control;2024-02-10 10:15:00+00:00;0.0;;
688105;unknown;control;2024-02-10 10:30:00+00:00;0.0;;
688105;unknown;control;2024-02-10 10:45:00+00:00;0.0;;
688105;unknown;control;2024-02-10 11:00:00+00:00;0.0;;
688105;unknown;control;2024-02-10 11:15:00+00:00;0.0;;
688105;unknown;control;2024-02-10 11:30:00+00:00;0.002;;
688105;unknown;control;2024-02-10 11:45:00+00:00;0.0;;
688105;unknown;control;2024-02-10 12:00:00+00:00;0.0;;
688105;unknown;control;2024-02-10 12:15:00+00:00;0.0;;
688105;unknown;control;2024-02-10 12:30:00+00:00;0.0;;
688105;unknown;control;2024-02-10 12:45:00+00:00;0.0;;
688105;unknown;control;2024-02-10 13:00:00+00:00;0.0;;
688105;unknown;control;2024-02-10 13:15:00+00:00;0.065;;
688105;unknown;control;2024-02-10 13:30:00+00:00;0.129;;
688105;unknown;control;2024-02-10 13:45:00+00:00;0.0;;
688105;unknown;control;2024-02-10 14:00:00+00:00;0.0;;
688105;unknown;control;2024-02-10 14:15:00+00:00;0.0;;
688105;unknown;control;2024-02-10 14:30:00+00:00;0.0;;
688105;unknown;control;2024-02-10 14:45:00+00:00;0.0;;
688105;unknown;control;2024-02-10 15:00:00+00:00;0.0;;
688105;unknown;control;2024-02-10 15:15:00+00:00;0.001;;
688105;unknown;control;2024-02-10 15:30:00+00:00;0.022;;
688105;unknown;control;2024-02-10 15:45:00+00:00;0.076;;
688105;unknown;control;2024-02-10 16:00:00+00:00;0.105;;
688105;unknown;control;2024-02-10 16:15:00+00:00;0.091;;
688105;unknown;control;2024-02-10 16:30:00+00:00;0.093;;
688105;unknown;control;2024-02-10 16:45:00+00:00;0.085;;
688105;unknown;control;2024-02-10 17:00:00+00:00;0.835;;
688105;unknown;control;2024-02-10 17:15:00+00:00;0.969;;
688105;unknown;control;2024-02-10 17:30:00+00:00;0.979;;
688105;unknown;control;2024-02-10 17:45:00+00:00;0.75;;
688105;unknown;control;2024-02-10 18:00:00+00:00;0.8;;
688105;unknown;control;2024-02-10 18:15:00+00:00;0.854;;
688105;unknown;control;2024-02-10 18:30:00+00:00;0.856;;
688105;unknown;control;2024-02-10 18:45:00+00:00;0.9;;
688105;unknown;control;2024-02-10 19:00:00+00:00;0.919;;
688105;unknown;control;2024-02-10 19:15:00+00:00;1.009;;
688105;unknown;control;2024-02-10 19:30:00+00:00;0.26;;
688105;unknown;control;2024-02-10 19:45:00+00:00;0.389;;
688105;unknown;control;2024-02-10 20:00:00+00:00;0.888;;
688105;unknown;control;2024-02-10 20:15:00+00:00;0.858;;
688105;unknown;control;2024-02-10 20:30:00+00:00;0.893;;
688105;unknown;control;2024-02-10 20:45:00+00:00;0.378;;
688105;unknown;control;2024-02-10 21:00:00+00:00;0.194;;
688105;unknown;control;2024-02-10 21:15:00+00:00;0.289;;
688105;unknown;control;2024-02-10 21:30:00+00:00;0.545;;
688105;unknown;control;2024-02-10 21:45:00+00:00;0.388;;
688105;unknown;control;2024-02-10 22:00:00+00:00;0.188;;
688105;unknown;control;2024-02-10 22:15:00+00:00;0.149;;
688105;unknown;control;2024-02-10 22:30:00+00:00;0.115;;
688105;unknown;control;2024-02-10 22:45:00+00:00;0.108;;
688105;unknown;control;2024-02-10 23:00:00+00:00;0.109;;
688105;unknown;control;2024-02-10 23:15:00+00:00;0.105;;
688105;unknown;control;2024-02-10 23:30:00+00:00;0.092;;
688105;unknown;control;2024-02-10 23:45:00+00:00;0.342;;
688105;unknown;control;2024-02-11 00:00:00+00:00;0.864;;
688105;unknown;control;2024-02-11 00:15:00+00:00;0.942;;
688105;unknown;control;2024-02-11 00:30:00+00:00;0.792;;
688105;unknown;control;2024-02-11 00:45:00+00:00;0.092;;
688105;unknown;control;2024-02-11 01:00:00+00:00;0.093;;
688105;unknown;control;2024-02-11 01:15:00+00:00;0.094;;
688105;unknown;control;2024-02-11 01:30:00+00:00;0.905;;
688105;unknown;control;2024-02-11 01:45:00+00:00;0.9;;
688105;unknown;control;2024-02-11 02:00:00+00:00;0.894;;
688105;unknown;control;2024-02-11 02:15:00+00:00;0.889;;
688105;unknown;control;2024-02-11 02:30:00+00:00;0.892;;
688105;unknown;control;2024-02-11 02:45:00+00:00;0.358;;
688105;unknown;control;2024-02-11 03:00:00+00:00;0.737;;
688105;unknown;control;2024-02-11 03:15:00+00:00;0.791;;
688105;unknown;control;2024-02-11 03:30:00+00:00;0.808;;
688105;unknown;control;2024-02-11 03:45:00+00:00;0.832;;
688105;unknown;control;2024-02-11 04:00:00+00:00;0.85;;
688105;unknown;control;2024-02-11 04:15:00+00:00;0.842;;
688105;unknown;control;2024-02-11 04:30:00+00:00;0.864;;
688105;unknown;control;2024-02-11 04:45:00+00:00;1.617;;
688105;unknown;control;2024-02-11 05:00:00+00:00;1.663;;
688105;unknown;control;2024-02-11 05:15:00+00:00;1.279;;
688105;unknown;control;2024-02-11 05:30:00+00:00;0.885;;
688105;unknown;control;2024-02-11 05:45:00+00:00;0.289;;
688105;unknown;control;2024-02-11 06:00:00+00:00;0.094;;
688105;unknown;control;2024-02-11 06:15:00+00:00;0.253;;
688105;unknown;control;2024-02-11 06:30:00+00:00;0.179;;
688105;unknown;control;2024-02-11 06:45:00+00:00;0.149;;
688105;unknown;control;2024-02-11 07:00:00+00:00;0.174;;
688105;unknown;control;2024-02-11 07:15:00+00:00;0.082;;
688105;unknown;control;2024-02-11 07:30:00+00:00;0.087;;
688105;unknown;control;2024-02-11 07:45:00+00:00;0.058;;
688105;unknown;control;2024-02-11 08:00:00+00:00;0.027;;
688105;unknown;control;2024-02-11 08:15:00+00:00;0.087;;
688105;unknown;control;2024-02-11 08:30:00+00:00;0.035;;
688105;unknown;control;2024-02-11 08:45:00+00:00;0.006;;
688105;unknown;control;2024-02-11 09:00:00+00:00;0.051;;
688105;unknown;control;2024-02-11 09:15:00+00:00;0.055;;
688105;unknown;control;2024-02-11 09:30:00+00:00;0.206;;
688105;unknown;control;2024-02-11 09:45:00+00:00;0.154;;
688105;unknown;control;2024-02-11 10:00:00+00:00;0.0;;
688105;unknown;control;2024-02-11 10:15:00+00:00;0.0;;
688105;unknown;control;2024-02-11 10:30:00+00:00;0.0;;
688105;unknown;control;2024-02-11 10:45:00+00:00;0.0;;
688105;unknown;control;2024-02-11 11:00:00+00:00;0.0;;
688105;unknown;control;2024-02-11 11:15:00+00:00;0.0;;
688105;unknown;control;2024-02-11 11:30:00+00:00;0.011;;
688105;unknown;control;2024-02-11 11:45:00+00:00;0.002;;
688105;unknown;control;2024-02-11 12:00:00+00:00;0.0;;
688105;unknown;control;2024-02-11 12:15:00+00:00;0.15;;
688105;unknown;control;2024-02-11 12:30:00+00:00;0.006;;
688105;unknown;control;2024-02-11 12:45:00+00:00;0.0;;
688105;unknown;control;2024-02-11 13:00:00+00:00;0.0;;
688105;unknown;control;2024-02-11 13:15:00+00:00;0.006;;
688105;unknown;control;2024-02-11 13:30:00+00:00;0.007;;
688105;unknown;control;2024-02-11 13:45:00+00:00;0.0;;
688105;unknown;control;2024-02-11 14:00:00+00:00;0.001;;
688105;unknown;control;2024-02-11 14:15:00+00:00;0.042;;
688105;unknown;control;2024-02-11 14:30:00+00:00;0.035;;
688105;unknown;control;2024-02-11 14:45:00+00:00;0.003;;
688105;unknown;control;2024-02-11 15:00:00+00:00;0.003;;
688105;unknown;control;2024-02-11 15:15:00+00:00;0.0;;
688105;unknown;control;2024-02-11 15:30:00+00:00;0.01;;
688105;unknown;control;2024-02-11 15:45:00+00:00;0.044;;
688105;unknown;control;2024-02-11 16:00:00+00:00;0.102;;
688105;unknown;control;2024-02-11 16:15:00+00:00;0.183;;
688105;unknown;control;2024-02-11 16:30:00+00:00;0.211;;
688105;unknown;control;2024-02-11 16:45:00+00:00;0.225;;
688105;unknown;control;2024-02-11 17:00:00+00:00;0.245;;
688105;unknown;control;2024-02-11 17:15:00+00:00;0.635;;
688105;unknown;control;2024-02-11 17:30:00+00:00;0.666;;
688105;unknown;control;2024-02-11 17:45:00+00:00;0.811;;
688105;unknown;control;2024-02-11 18:00:00+00:00;0.903;;
688105;unknown;control;2024-02-11 18:15:00+00:00;0.825;;
688105;unknown;control;2024-02-11 18:30:00+00:00;0.866;;
688105;unknown;control;2024-02-11 18:45:00+00:00;0.975;;
688105;unknown;control;2024-02-11 19:00:00+00:00;0.875;;
688105;unknown;control;2024-02-11 19:15:00+00:00;0.86;;
688105;unknown;control;2024-02-11 19:30:00+00:00;0.858;;
688105;unknown;control;2024-02-11 19:45:00+00:00;0.856;;
688105;unknown;control;2024-02-11 20:00:00+00:00;0.867;;
688105;unknown;control;2024-02-11 20:15:00+00:00;0.896;;
688105;unknown;control;2024-02-11 20:30:00+00:00;0.901;;
688105;unknown;control;2024-02-11 20:45:00+00:00;0.366;;
688105;unknown;control;2024-02-11 21:00:00+00:00;0.187;;
688105;unknown;control;2024-02-11 21:15:00+00:00;0.145;;
688105;unknown;control;2024-02-11 21:30:00+00:00;0.117;;
688105;unknown;control;2024-02-11 21:45:00+00:00;0.09;;
688105;unknown;control;2024-02-11 22:00:00+00:00;0.088;;
688105;unknown;control;2024-02-11 22:15:00+00:00;0.088;;
688105;unknown;control;2024-02-11 22:30:00+00:00;0.111;;
688105;unknown;control;2024-02-11 22:45:00+00:00;0.111;;
688105;unknown;control;2024-02-11 23:00:00+00:00;0.101;;
688105;unknown;control;2024-02-11 23:15:00+00:00;0.09;;
688105;unknown;control;2024-02-11 23:30:00+00:00;0.088;;
688105;unknown;control;2024-02-11 23:45:00+00:00;0.362;;
688105;unknown;control;2024-02-12 00:00:00+00:00;0.89;;
688105;unknown;control;2024-02-12 00:15:00+00:00;0.959;;
688105;unknown;control;2024-02-12 00:30:00+00:00;0.573;;
688105;unknown;control;2024-02-12 00:45:00+00:00;0.107;;
688105;unknown;control;2024-02-12 01:00:00+00:00;0.113;;
688105;unknown;control;2024-02-12 01:15:00+00:00;0.087;;
688105;unknown;control;2024-02-12 01:30:00+00:00;0.864;;
688105;unknown;control;2024-02-12 01:45:00+00:00;0.863;;
688105;unknown;control;2024-02-12 02:00:00+00:00;0.88;;
688105;unknown;control;2024-02-12 02:15:00+00:00;0.896;;
688105;unknown;control;2024-02-12 02:30:00+00:00;0.895;;
688105;unknown;control;2024-02-12 02:45:00+00:00;0.895;;
688105;unknown;control;2024-02-12 03:00:00+00:00;0.826;;
688105;unknown;control;2024-02-12 03:15:00+00:00;0.787;;
688105;unknown;control;2024-02-12 03:30:00+00:00;0.788;;
688105;unknown;control;2024-02-12 03:45:00+00:00;0.804;;
688105;unknown;control;2024-02-12 04:00:00+00:00;0.836;;
688105;unknown;control;2024-02-12 04:15:00+00:00;0.865;;
688105;unknown;control;2024-02-12 04:30:00+00:00;0.887;;
688105;unknown;control;2024-02-12 04:45:00+00:00;0.883;;
688105;unknown;control;2024-02-12 05:00:00+00:00;0.561;;
688105;unknown;control;2024-02-12 05:15:00+00:00;0.087;;
688105;unknown;control;2024-02-12 05:30:00+00:00;0.115;;
688105;unknown;control;2024-02-12 05:45:00+00:00;0.794;;
688105;unknown;control;2024-02-12 06:00:00+00:00;0.213;;
688105;unknown;control;2024-02-12 06:15:00+00:00;0.173;;
688105;unknown;control;2024-02-12 06:30:00+00:00;0.169;;
688105;unknown;control;2024-02-12 06:45:00+00:00;0.24;;
688105;unknown;control;2024-02-12 07:00:00+00:00;0.126;;
688105;unknown;control;2024-02-12 07:15:00+00:00;0.122;;
688105;unknown;control;2024-02-12 07:30:00+00:00;0.18;;
688105;unknown;control;2024-02-12 07:45:00+00:00;0.139;;
688105;unknown;control;2024-02-12 08:00:00+00:00;0.13;;
688105;unknown;control;2024-02-12 08:15:00+00:00;0.108;;
688105;unknown;control;2024-02-12 08:30:00+00:00;0.083;;
688105;unknown;control;2024-02-12 08:45:00+00:00;0.392;;
688105;unknown;control;2024-02-12 09:00:00+00:00;0.248;;
688105;unknown;control;2024-02-12 09:15:00+00:00;0.195;;
688105;unknown;control;2024-02-12 09:30:00+00:00;0.251;;
688105;unknown;control;2024-02-12 09:45:00+00:00;0.0;;
688105;unknown;control;2024-02-12 10:00:00+00:00;0.0;;
688105;unknown;control;2024-02-12 10:15:00+00:00;0.0;;
688105;unknown;control;2024-02-12 10:30:00+00:00;0.0;;
688105;unknown;control;2024-02-12 10:45:00+00:00;0.0;;
688105;unknown;control;2024-02-12 11:00:00+00:00;0.0;;
688105;unknown;control;2024-02-12 11:15:00+00:00;0.0;;
688105;unknown;control;2024-02-12 11:30:00+00:00;0.0;;
688105;unknown;control;2024-02-12 11:45:00+00:00;0.0;;
688105;unknown;control;2024-02-12 12:00:00+00:00;0.0;;
688105;unknown;control;2024-02-12 12:15:00+00:00;0.0;;
688105;unknown;control;2024-02-12 12:30:00+00:00;0.0;;
688105;unknown;control;2024-02-12 12:45:00+00:00;0.0;;
688105;unknown;control;2024-02-12 13:00:00+00:00;0.0;;
688105;unknown;control;2024-02-12 13:15:00+00:00;0.0;;
688105;unknown;control;2024-02-12 13:30:00+00:00;0.0;;
688105;unknown;control;2024-02-12 13:45:00+00:00;0.0;;
688105;unknown;control;2024-02-12 14:00:00+00:00;0.0;;
688105;unknown;control;2024-02-12 14:15:00+00:00;0.0;;
688105;unknown;control;2024-02-12 14:30:00+00:00;0.0;;
688105;unknown;control;2024-02-12 14:45:00+00:00;0.0;;
688105;unknown;control;2024-02-12 15:00:00+00:00;0.0;;
688105;unknown;control;2024-02-12 15:15:00+00:00;0.0;;
688105;unknown;control;2024-02-12 15:30:00+00:00;0.0;;
688105;unknown;control;2024-02-12 15:45:00+00:00;0.0;;
688105;unknown;control;2024-02-12 16:00:00+00:00;0.031;;
688105;unknown;control;2024-02-12 16:15:00+00:00;0.094;;
688105;unknown;control;2024-02-12 16:30:00+00:00;0.092;;
688105;unknown;control;2024-02-12 16:45:00+00:00;0.094;;
688105;unknown;control;2024-02-12 17:00:00+00:00;0.099;;
688105;unknown;control;2024-02-12 17:15:00+00:00;0.226;;
688105;unknown;control;2024-02-12 17:30:00+00:00;0.688;;
688105;unknown;control;2024-02-12 17:45:00+00:00;0.694;;
688105;unknown;control;2024-02-12 18:00:00+00:00;0.724;;
688105;unknown;control;2024-02-12 18:15:00+00:00;0.867;;
688105;unknown;control;2024-02-12 18:30:00+00:00;1.007;;
688105;unknown;control;2024-02-12 18:45:00+00:00;0.893;;
688105;unknown;control;2024-02-12 19:00:00+00:00;0.852;;
688105;unknown;control;2024-02-12 19:15:00+00:00;0.903;;
688105;unknown;control;2024-02-12 19:30:00+00:00;0.866;;
688105;unknown;control;2024-02-12 19:45:00+00:00;0.882;;
688105;unknown;control;2024-02-12 20:00:00+00:00;0.878;;
688105;unknown;control;2024-02-12 20:15:00+00:00;0.894;;
688105;unknown;control;2024-02-12 20:30:00+00:00;0.919;;
688105;unknown;control;2024-02-12 20:45:00+00:00;0.379;;
688105;unknown;control;2024-02-12 21:00:00+00:00;0.165;;
688105;unknown;control;2024-02-12 21:15:00+00:00;0.143;;
688105;unknown;control;2024-02-12 21:30:00+00:00;0.12;;
688105;unknown;control;2024-02-12 21:45:00+00:00;0.099;;
688105;unknown;control;2024-02-12 22:00:00+00:00;0.108;;
688105;unknown;control;2024-02-12 22:15:00+00:00;0.113;;
688105;unknown;control;2024-02-12 22:30:00+00:00;0.106;;
688105;unknown;control;2024-02-12 22:45:00+00:00;0.106;;
688105;unknown;control;2024-02-12 23:00:00+00:00;0.103;;
688105;unknown;control;2024-02-12 23:15:00+00:00;0.107;;
688105;unknown;control;2024-02-12 23:30:00+00:00;0.094;;
688105;unknown;control;2024-02-12 23:45:00+00:00;0.353;;
688105;unknown;control;2024-02-13 00:00:00+00:00;0.908;;
688105;unknown;control;2024-02-13 00:15:00+00:00;0.717;;
688105;unknown;control;2024-02-13 00:30:00+00:00;0.116;;
688105;unknown;control;2024-02-13 00:45:00+00:00;0.104;;
688105;unknown;control;2024-02-13 01:00:00+00:00;0.092;;
688105;unknown;control;2024-02-13 01:15:00+00:00;0.094;;
688105;unknown;control;2024-02-13 01:30:00+00:00;0.901;;
688105;unknown;control;2024-02-13 01:45:00+00:00;0.893;;
688105;unknown;control;2024-02-13 02:00:00+00:00;0.917;;
688105;unknown;control;2024-02-13 02:15:00+00:00;0.919;;
688105;unknown;control;2024-02-13 02:30:00+00:00;0.626;;
688105;unknown;control;2024-02-13 02:45:00+00:00;0.43;;
688105;unknown;control;2024-02-13 03:00:00+00:00;0.76;;
688105;unknown;control;2024-02-13 03:15:00+00:00;0.783;;
688105;unknown;control;2024-02-13 03:30:00+00:00;0.797;;
688105;unknown;control;2024-02-13 03:45:00+00:00;0.827;;
688105;unknown;control;2024-02-13 04:00:00+00:00;0.836;;
688105;unknown;control;2024-02-13 04:15:00+00:00;0.835;;
688105;unknown;control;2024-02-13 04:30:00+00:00;0.836;;
688105;unknown;control;2024-02-13 04:45:00+00:00;0.845;;
688105;unknown;control;2024-02-13 05:00:00+00:00;0.875;;
688105;unknown;control;2024-02-13 05:15:00+00:00;0.881;;
688105;unknown;control;2024-02-13 05:30:00+00:00;0.903;;
688105;unknown;control;2024-02-13 05:45:00+00:00;0.726;;
688105;unknown;control;2024-02-13 06:00:00+00:00;0.147;;
688105;unknown;control;2024-02-13 06:15:00+00:00;0.157;;
688105;unknown;control;2024-02-13 06:30:00+00:00;0.273;;
688105;unknown;control;2024-02-13 06:45:00+00:00;0.123;;
688105;unknown;control;2024-02-13 07:00:00+00:00;0.052;;
688105;unknown;control;2024-02-13 07:15:00+00:00;0.047;;
688105;unknown;control;2024-02-13 07:30:00+00:00;0.006;;
688105;unknown;control;2024-02-13 07:45:00+00:00;0.0;;
688105;unknown;control;2024-02-13 08:00:00+00:00;0.0;;
688105;unknown;control;2024-02-13 08:15:00+00:00;0.0;;
688105;unknown;control;2024-02-13 08:30:00+00:00;0.0;;
688105;unknown;control;2024-02-13 08:45:00+00:00;0.0;;
688105;unknown;control;2024-02-13 09:00:00+00:00;0.0;;
688105;unknown;control;2024-02-13 09:15:00+00:00;0.0;;
688105;unknown;control;2024-02-13 09:30:00+00:00;0.0;;
688105;unknown;control;2024-02-13 09:45:00+00:00;0.0;;
688105;unknown;control;2024-02-13 10:00:00+00:00;0.0;;
688105;unknown;control;2024-02-13 10:15:00+00:00;0.0;;
688105;unknown;control;2024-02-13 10:30:00+00:00;0.0;;
688105;unknown;control;2024-02-13 10:45:00+00:00;0.0;;
688105;unknown;control;2024-02-13 11:00:00+00:00;0.0;;
688105;unknown;control;2024-02-13 11:15:00+00:00;0.0;;
688105;unknown;control;2024-02-13 11:30:00+00:00;0.0;;
688105;unknown;control;2024-02-13 11:45:00+00:00;0.0;;
688105;unknown;control;2024-02-13 12:00:00+00:00;0.0;;
688105;unknown;control;2024-02-13 12:15:00+00:00;0.0;;
688105;unknown;control;2024-02-13 12:30:00+00:00;0.0;;
688105;unknown;control;2024-02-13 12:45:00+00:00;0.0;;
688105;unknown;control;2024-02-13 13:00:00+00:00;0.0;;
688105;unknown;control;2024-02-13 13:15:00+00:00;0.0;;
688105;unknown;control;2024-02-13 13:30:00+00:00;0.0;;
688105;unknown;control;2024-02-13 13:45:00+00:00;0.0;;
688105;unknown;control;2024-02-13 14:00:00+00:00;0.0;;
688105;unknown;control;2024-02-13 14:15:00+00:00;0.0;;
688105;unknown;control;2024-02-13 14:30:00+00:00;0.0;;
688105;unknown;control;2024-02-13 14:45:00+00:00;0.0;;
688105;unknown;control;2024-02-13 15:00:00+00:00;0.0;;
688105;unknown;control;2024-02-13 15:15:00+00:00;0.0;;
688105;unknown;control;2024-02-13 15:30:00+00:00;0.0;;
688105;unknown;control;2024-02-13 15:45:00+00:00;0.0;;
688105;unknown;control;2024-02-13 16:00:00+00:00;0.0;;
688105;unknown;control;2024-02-13 16:15:00+00:00;0.028;;
688105;unknown;control;2024-02-13 16:30:00+00:00;0.08;;
688105;unknown;control;2024-02-13 16:45:00+00:00;0.096;;
688105;unknown;control;2024-02-13 17:00:00+00:00;0.116;;
688105;unknown;control;2024-02-13 17:15:00+00:00;0.109;;
688105;unknown;control;2024-02-13 17:30:00+00:00;0.418;;
688105;unknown;control;2024-02-13 17:45:00+00:00;0.695;;
688105;unknown;control;2024-02-13 18:00:00+00:00;0.873;;
688105;unknown;control;2024-02-13 18:15:00+00:00;1.032;;
688105;unknown;control;2024-02-13 18:30:00+00:00;0.817;;
688105;unknown;control;2024-02-13 18:45:00+00:00;0.875;;
688105;unknown;control;2024-02-13 19:00:00+00:00;0.953;;
688105;unknown;control;2024-02-13 19:15:00+00:00;0.899;;
688105;unknown;control;2024-02-13 19:30:00+00:00;0.882;;
688105;unknown;control;2024-02-13 19:45:00+00:00;0.87;;
688105;unknown;control;2024-02-13 20:00:00+00:00;0.873;;
688105;unknown;control;2024-02-13 20:15:00+00:00;0.88;;
688105;unknown;control;2024-02-13 20:30:00+00:00;0.905;;
688105;unknown;control;2024-02-13 20:45:00+00:00;0.372;;
688105;unknown;control;2024-02-13 21:00:00+00:00;0.154;;
688105;unknown;control;2024-02-13 21:15:00+00:00;0.135;;
688105;unknown;control;2024-02-13 21:30:00+00:00;0.114;;
688105;unknown;control;2024-02-13 21:45:00+00:00;0.114;;
688105;unknown;control;2024-02-13 22:00:00+00:00;0.1;;
688105;unknown;control;2024-02-13 22:15:00+00:00;0.093;;
688105;unknown;control;2024-02-13 22:30:00+00:00;0.107;;
688105;unknown;control;2024-02-13 22:45:00+00:00;0.106;;
688105;unknown;control;2024-02-13 23:00:00+00:00;0.122;;
688105;unknown;control;2024-02-13 23:15:00+00:00;0.095;;
688105;unknown;control;2024-02-13 23:30:00+00:00;0.093;;
688105;unknown;control;2024-02-13 23:45:00+00:00;0.348;;
688105;unknown;control;2024-02-14 00:00:00+00:00;0.894;;
688105;unknown;control;2024-02-14 00:15:00+00:00;0.972;;
688105;unknown;control;2024-02-14 00:30:00+00:00;0.221;;
688105;unknown;control;2024-02-14 00:45:00+00:00;0.105;;
688105;unknown;control;2024-02-14 01:00:00+00:00;0.105;;
688105;unknown;control;2024-02-14 01:15:00+00:00;0.105;;
688105;unknown;control;2024-02-14 01:30:00+00:00;0.878;;
688105;unknown;control;2024-02-14 01:45:00+00:00;0.884;;
688105;unknown;control;2024-02-14 02:00:00+00:00;0.887;;
688105;unknown;control;2024-02-14 02:15:00+00:00;0.892;;
688105;unknown;control;2024-02-14 02:30:00+00:00;0.917;;
688105;unknown;control;2024-02-14 02:45:00+00:00;0.905;;
688105;unknown;control;2024-02-14 03:00:00+00:00;0.771;;
688105;unknown;control;2024-02-14 03:15:00+00:00;0.79;;
688105;unknown;control;2024-02-14 03:30:00+00:00;0.809;;
688105;unknown;control;2024-02-14 03:45:00+00:00;0.823;;
688105;unknown;control;2024-02-14 04:00:00+00:00;0.822;;
688105;unknown;control;2024-02-14 04:15:00+00:00;0.842;;
688105;unknown;control;2024-02-14 04:30:00+00:00;0.845;;
688105;unknown;control;2024-02-14 04:45:00+00:00;0.868;;
688105;unknown;control;2024-02-14 05:00:00+00:00;0.855;;
688105;unknown;control;2024-02-14 05:15:00+00:00;0.864;;
688105;unknown;control;2024-02-14 05:30:00+00:00;0.97;;
688105;unknown;control;2024-02-14 05:45:00+00:00;1.079;;
688105;unknown;control;2024-02-14 06:00:00+00:00;0.176;;
688105;unknown;control;2024-02-14 06:15:00+00:00;0.14;;
688105;unknown;control;2024-02-14 06:30:00+00:00;0.138;;
688105;unknown;control;2024-02-14 06:45:00+00:00;0.218;;
688105;unknown;control;2024-02-14 07:00:00+00:00;0.026;;
688105;unknown;control;2024-02-14 07:15:00+00:00;0.0;;
688105;unknown;control;2024-02-14 07:30:00+00:00;0.0;;
688105;unknown;control;2024-02-14 07:45:00+00:00;0.0;;
688105;unknown;control;2024-02-14 08:00:00+00:00;0.0;;
688105;unknown;control;2024-02-14 08:15:00+00:00;0.001;;
688105;unknown;control;2024-02-14 08:30:00+00:00;0.0;;
688105;unknown;control;2024-02-14 08:45:00+00:00;0.0;;
688105;unknown;control;2024-02-14 09:00:00+00:00;0.0;;
688105;unknown;control;2024-02-14 09:15:00+00:00;0.0;;
688105;unknown;control;2024-02-14 09:30:00+00:00;0.002;;
688105;unknown;control;2024-02-14 09:45:00+00:00;0.0;;
688105;unknown;control;2024-02-14 10:00:00+00:00;0.0;;
688105;unknown;control;2024-02-14 10:15:00+00:00;0.0;;
688105;unknown;control;2024-02-14 10:30:00+00:00;0.0;;
688105;unknown;control;2024-02-14 10:45:00+00:00;0.0;;
688105;unknown;control;2024-02-14 11:00:00+00:00;0.0;;
688105;unknown;control;2024-02-14 11:15:00+00:00;0.0;;
688105;unknown;control;2024-02-14 11:30:00+00:00;0.0;;
688105;unknown;control;2024-02-14 11:45:00+00:00;0.0;;
688105;unknown;control;2024-02-14 12:00:00+00:00;0.0;;
688105;unknown;control;2024-02-14 12:15:00+00:00;0.001;;
688105;unknown;control;2024-02-14 12:30:00+00:00;0.033;;
688105;unknown;control;2024-02-14 12:45:00+00:00;0.0;;
688105;unknown;control;2024-02-14 13:00:00+00:00;0.0;;
688105;unknown;control;2024-02-14 13:15:00+00:00;0.0;;
688105;unknown;control;2024-02-14 13:30:00+00:00;0.0;;
688105;unknown;control;2024-02-14 13:45:00+00:00;0.0;;
688105;unknown;control;2024-02-14 14:00:00+00:00;0.001;;
688105;unknown;control;2024-02-14 14:15:00+00:00;0.106;;
688105;unknown;control;2024-02-14 14:30:00+00:00;0.093;;
688105;unknown;control;2024-02-14 14:45:00+00:00;0.0;;
688105;unknown;control;2024-02-14 15:00:00+00:00;0.013;;
688105;unknown;control;2024-02-14 15:15:00+00:00;0.0;;
688105;unknown;control;2024-02-14 15:30:00+00:00;0.012;;
688105;unknown;control;2024-02-14 15:45:00+00:00;0.07;;
688105;unknown;control;2024-02-14 16:00:00+00:00;0.08;;
688105;unknown;control;2024-02-14 16:15:00+00:00;0.101;;
688105;unknown;control;2024-02-14 16:30:00+00:00;0.121;;
688105;unknown;control;2024-02-14 16:45:00+00:00;0.133;;
688105;unknown;control;2024-02-14 17:00:00+00:00;0.146;;
688105;unknown;control;2024-02-14 17:15:00+00:00;0.138;;
688105;unknown;control;2024-02-14 17:30:00+00:00;0.13;;
688105;unknown;control;2024-02-14 17:45:00+00:00;0.995;;
688105;unknown;control;2024-02-14 18:00:00+00:00;0.922;;
688105;unknown;control;2024-02-14 18:15:00+00:00;0.778;;
688105;unknown;control;2024-02-14 18:30:00+00:00;0.823;;
688105;unknown;control;2024-02-14 18:45:00+00:00;0.809;;
688105;unknown;control;2024-02-14 19:00:00+00:00;0.911;;
688105;unknown;control;2024-02-14 19:15:00+00:00;0.894;;
688105;unknown;control;2024-02-14 19:30:00+00:00;0.451;;
688105;unknown;control;2024-02-14 19:45:00+00:00;0.179;;
688105;unknown;control;2024-02-14 20:00:00+00:00;0.185;;
688105;unknown;control;2024-02-14 20:15:00+00:00;0.831;;
688105;unknown;control;2024-02-14 20:30:00+00:00;0.864;;
688105;unknown;control;2024-02-14 20:45:00+00:00;0.391;;
688105;unknown;control;2024-02-14 21:00:00+00:00;0.169;;
688105;unknown;control;2024-02-14 21:15:00+00:00;0.15;;
688105;unknown;control;2024-02-14 21:30:00+00:00;0.135;;
688105;unknown;control;2024-02-14 21:45:00+00:00;0.123;;
688105;unknown;control;2024-02-14 22:00:00+00:00;0.121;;
688105;unknown;control;2024-02-14 22:15:00+00:00;0.12;;
688105;unknown;control;2024-02-14 22:30:00+00:00;0.11;;
688105;unknown;control;2024-02-14 22:45:00+00:00;0.1;;
688105;unknown;control;2024-02-14 23:00:00+00:00;0.091;;
688105;unknown;control;2024-02-14 23:15:00+00:00;0.092;;
688105;unknown;control;2024-02-14 23:30:00+00:00;0.102;;
688105;unknown;control;2024-02-14 23:45:00+00:00;0.357;;
688105;unknown;control;2024-02-15 00:00:00+00:00;0.887;;
688105;unknown;control;2024-02-15 00:15:00+00:00;0.944;;
688105;unknown;control;2024-02-15 00:30:00+00:00;0.382;;
688105;unknown;control;2024-02-15 00:45:00+00:00;0.092;;
688105;unknown;control;2024-02-15 01:00:00+00:00;0.092;;
688105;unknown;control;2024-02-15 01:15:00+00:00;0.101;;
688105;unknown;control;2024-02-15 01:30:00+00:00;0.898;;
688105;unknown;control;2024-02-15 01:45:00+00:00;0.905;;
688105;unknown;control;2024-02-15 02:00:00+00:00;0.892;;
688105;unknown;control;2024-02-15 02:15:00+00:00;0.889;;
688105;unknown;control;2024-02-15 02:30:00+00:00;0.322;;
688105;unknown;control;2024-02-15 02:45:00+00:00;0.475;;
688105;unknown;control;2024-02-15 03:00:00+00:00;0.781;;
688105;unknown;control;2024-02-15 03:15:00+00:00;0.808;;
688105;unknown;control;2024-02-15 03:30:00+00:00;0.81;;
688105;unknown;control;2024-02-15 03:45:00+00:00;0.812;;
688105;unknown;control;2024-02-15 04:00:00+00:00;0.813;;
688105;unknown;control;2024-02-15 04:15:00+00:00;0.822;;
688105;unknown;control;2024-02-15 04:30:00+00:00;0.844;;
688105;unknown;control;2024-02-15 04:45:00+00:00;0.844;;
688105;unknown;control;2024-02-15 05:00:00+00:00;0.857;;
688105;unknown;control;2024-02-15 05:15:00+00:00;0.869;;
688105;unknown;control;2024-02-15 05:30:00+00:00;1.369;;
688105;unknown;control;2024-02-15 05:45:00+00:00;1.153;;
688105;unknown;control;2024-02-15 06:00:00+00:00;0.151;;
688105;unknown;control;2024-02-15 06:15:00+00:00;0.114;;
688105;unknown;control;2024-02-15 06:30:00+00:00;0.17;;
688105;unknown;control;2024-02-15 06:45:00+00:00;0.067;;
688105;unknown;control;2024-02-15 07:00:00+00:00;0.037;;
688105;unknown;control;2024-02-15 07:15:00+00:00;0.003;;
688105;unknown;control;2024-02-15 07:30:00+00:00;0.049;;
688105;unknown;control;2024-02-15 07:45:00+00:00;0.0;;
688105;unknown;control;2024-02-15 08:00:00+00:00;0.0;;
688105;unknown;control;2024-02-15 08:15:00+00:00;0.0;;
688105;unknown;control;2024-02-15 08:30:00+00:00;0.0;;
688105;unknown;control;2024-02-15 08:45:00+00:00;0.0;;
688105;unknown;control;2024-02-15 09:00:00+00:00;0.0;;
688105;unknown;control;2024-02-15 09:15:00+00:00;0.0;;
688105;unknown;control;2024-02-15 09:30:00+00:00;0.0;;
688105;unknown;control;2024-02-15 09:45:00+00:00;0.0;;
688105;unknown;control;2024-02-15 10:00:00+00:00;0.0;;
688105;unknown;control;2024-02-15 10:15:00+00:00;0.0;;
688105;unknown;control;2024-02-15 10:30:00+00:00;0.0;;
688105;unknown;control;2024-02-15 10:45:00+00:00;0.0;;
688105;unknown;control;2024-02-15 11:00:00+00:00;0.0;;
688105;unknown;control;2024-02-15 11:15:00+00:00;0.0;;
688105;unknown;control;2024-02-15 11:30:00+00:00;0.0;;
688105;unknown;control;2024-02-15 11:45:00+00:00;0.0;;
688105;unknown;control;2024-02-15 12:00:00+00:00;0.0;;
688105;unknown;control;2024-02-15 12:15:00+00:00;0.0;;
688105;unknown;control;2024-02-15 12:30:00+00:00;0.0;;
688105;unknown;control;2024-02-15 12:45:00+00:00;0.0;;
688105;unknown;control;2024-02-15 13:00:00+00:00;0.0;;
688105;unknown;control;2024-02-15 13:15:00+00:00;0.0;;
688105;unknown;control;2024-02-15 13:30:00+00:00;0.0;;
688105;unknown;control;2024-02-15 13:45:00+00:00;0.0;;
688105;unknown;control;2024-02-15 14:00:00+00:00;0.0;;
688105;unknown;control;2024-02-15 14:15:00+00:00;0.0;;
688105;unknown;control;2024-02-15 14:30:00+00:00;0.0;;
688105;unknown;control;2024-02-15 14:45:00+00:00;0.0;;
688105;unknown;control;2024-02-15 15:00:00+00:00;0.0;;
688105;unknown;control;2024-02-15 15:15:00+00:00;0.054;;
688105;unknown;control;2024-02-15 15:30:00+00:00;0.0;;
688105;unknown;control;2024-02-15 15:45:00+00:00;0.004;;
688105;unknown;control;2024-02-15 16:00:00+00:00;0.034;;
688105;unknown;control;2024-02-15 16:15:00+00:00;0.059;;
688105;unknown;control;2024-02-15 16:30:00+00:00;0.11;;
688105;unknown;control;2024-02-15 16:45:00+00:00;0.134;;
688105;unknown;control;2024-02-15 17:00:00+00:00;0.144;;
688105;unknown;control;2024-02-15 17:15:00+00:00;0.171;;
688105;unknown;control;2024-02-15 17:30:00+00:00;0.182;;
688105;unknown;control;2024-02-15 17:45:00+00:00;0.548;;
688105;unknown;control;2024-02-15 18:00:00+00:00;0.839;;
688105;unknown;control;2024-02-15 18:15:00+00:00;1.193;;
688105;unknown;control;2024-02-15 18:30:00+00:00;0.814;;
688105;unknown;control;2024-02-15 18:45:00+00:00;0.96;;
688105;unknown;control;2024-02-15 19:00:00+00:00;0.862;;
688105;unknown;control;2024-02-15 19:15:00+00:00;0.297;;
688105;unknown;control;2024-02-15 19:30:00+00:00;0.193;;
688105;unknown;control;2024-02-15 19:45:00+00:00;0.35;;
688105;unknown;control;2024-02-15 20:00:00+00:00;0.829;;
688105;unknown;control;2024-02-15 20:15:00+00:00;0.851;;
688105;unknown;control;2024-02-15 20:30:00+00:00;0.899;;
688105;unknown;control;2024-02-15 20:45:00+00:00;0.365;;
688105;unknown;control;2024-02-15 21:00:00+00:00;0.209;;
688105;unknown;control;2024-02-15 21:15:00+00:00;0.216;;
688105;unknown;control;2024-02-15 21:30:00+00:00;0.141;;
688105;unknown;control;2024-02-15 21:45:00+00:00;0.092;;
688105;unknown;control;2024-02-15 22:00:00+00:00;0.091;;
688105;unknown;control;2024-02-15 22:15:00+00:00;0.093;;
688105;unknown;control;2024-02-15 22:30:00+00:00;0.109;;
688105;unknown;control;2024-02-15 22:45:00+00:00;0.108;;
688105;unknown;control;2024-02-15 23:00:00+00:00;0.11;;
688105;unknown;control;2024-02-15 23:15:00+00:00;0.105;;
688105;unknown;control;2024-02-15 23:30:00+00:00;0.1;;
688105;unknown;control;2024-02-15 23:45:00+00:00;0.375;;
688105;unknown;control;2024-02-16 00:00:00+00:00;0.887;;
688105;unknown;control;2024-02-16 00:15:00+00:00;0.959;;
688105;unknown;control;2024-02-16 00:30:00+00:00;0.173;;
688105;unknown;control;2024-02-16 00:45:00+00:00;0.113;;
688105;unknown;control;2024-02-16 01:00:00+00:00;0.111;;
688105;unknown;control;2024-02-16 01:15:00+00:00;0.092;;
688105;unknown;control;2024-02-16 01:30:00+00:00;0.87;;
688105;unknown;control;2024-02-16 01:45:00+00:00;0.871;;
688105;unknown;control;2024-02-16 02:00:00+00:00;0.894;;
688105;unknown;control;2024-02-16 02:15:00+00:00;0.912;;
688105;unknown;control;2024-02-16 02:30:00+00:00;0.254;;
688105;unknown;control;2024-02-16 02:45:00+00:00;0.103;;
688105;unknown;control;2024-02-16 03:00:00+00:00;0.634;;
688105;unknown;control;2024-02-16 03:15:00+00:00;0.787;;
688105;unknown;control;2024-02-16 03:30:00+00:00;0.798;;
688105;unknown;control;2024-02-16 03:45:00+00:00;0.808;;
688105;unknown;control;2024-02-16 04:00:00+00:00;0.841;;
688105;unknown;control;2024-02-16 04:15:00+00:00;0.864;;
688105;unknown;control;2024-02-16 04:30:00+00:00;0.901;;
688105;unknown;control;2024-02-16 04:45:00+00:00;0.897;;
688105;unknown;control;2024-02-16 05:00:00+00:00;0.271;;
688105;unknown;control;2024-02-16 05:15:00+00:00;0.091;;
688105;unknown;control;2024-02-16 05:30:00+00:00;0.209;;
688105;unknown;control;2024-02-16 05:45:00+00:00;0.774;;
688105;unknown;control;2024-02-16 06:00:00+00:00;0.176;;
688105;unknown;control;2024-02-16 06:15:00+00:00;0.127;;
688105;unknown;control;2024-02-16 06:30:00+00:00;0.114;;
688105;unknown;control;2024-02-16 06:45:00+00:00;0.199;;
688105;unknown;control;2024-02-16 07:00:00+00:00;0.049;;
688105;unknown;control;2024-02-16 07:15:00+00:00;0.013;;
688105;unknown;control;2024-02-16 07:30:00+00:00;0.0;;
688105;unknown;control;2024-02-16 07:45:00+00:00;0.0;;
688105;unknown;control;2024-02-16 08:00:00+00:00;0.0;;
688105;unknown;control;2024-02-16 08:15:00+00:00;0.0;;
688105;unknown;control;2024-02-16 08:30:00+00:00;0.0;;
688105;unknown;control;2024-02-16 08:45:00+00:00;0.0;;
688105;unknown;control;2024-02-16 09:00:00+00:00;0.0;;
688105;unknown;control;2024-02-16 09:15:00+00:00;0.002;;
688105;unknown;control;2024-02-16 09:30:00+00:00;0.0;;
688105;unknown;control;2024-02-16 09:45:00+00:00;0.0;;
688105;unknown;control;2024-02-16 10:00:00+00:00;0.0;;
688105;unknown;control;2024-02-16 10:15:00+00:00;0.0;;
688105;unknown;control;2024-02-16 10:30:00+00:00;0.0;;
688105;unknown;control;2024-02-16 10:45:00+00:00;0.0;;
688105;unknown;control;2024-02-16 11:00:00+00:00;0.0;;
688105;unknown;control;2024-02-16 11:15:00+00:00;0.0;;
688105;unknown;control;2024-02-16 11:30:00+00:00;0.0;;
688105;unknown;control;2024-02-16 11:45:00+00:00;0.0;;
688105;unknown;control;2024-02-16 12:00:00+00:00;0.0;;
688105;unknown;control;2024-02-16 12:15:00+00:00;0.0;;
688105;unknown;control;2024-02-16 12:30:00+00:00;0.0;;
688105;unknown;control;2024-02-16 12:45:00+00:00;0.0;;
688105;unknown;control;2024-02-16 13:00:00+00:00;0.0;;
688105;unknown;control;2024-02-16 13:15:00+00:00;0.0;;
688105;unknown;control;2024-02-16 13:30:00+00:00;0.0;;
688105;unknown;control;2024-02-16 13:45:00+00:00;0.0;;
688105;unknown;control;2024-02-16 14:00:00+00:00;0.0;;
688105;unknown;control;2024-02-16 14:15:00+00:00;0.0;;
688105;unknown;control;2024-02-16 14:30:00+00:00;0.0;;
688105;unknown;control;2024-02-16 14:45:00+00:00;0.0;;
688105;unknown;control;2024-02-16 15:00:00+00:00;0.0;;
688105;unknown;control;2024-02-16 15:15:00+00:00;0.0;;
688105;unknown;control;2024-02-16 15:30:00+00:00;0.001;;
688105;unknown;control;2024-02-16 15:45:00+00:00;0.0;;
688105;unknown;control;2024-02-16 16:00:00+00:00;0.0;;
688105;unknown;control;2024-02-16 16:15:00+00:00;0.028;;
688105;unknown;control;2024-02-16 16:30:00+00:00;0.065;;
688105;unknown;control;2024-02-16 16:45:00+00:00;0.094;;
688105;unknown;control;2024-02-16 17:00:00+00:00;0.086;;
688105;unknown;control;2024-02-16 17:15:00+00:00;0.088;;
688105;unknown;control;2024-02-16 17:30:00+00:00;0.179;;
688105;unknown;control;2024-02-16 17:45:00+00:00;0.721;;
688105;unknown;control;2024-02-16 18:00:00+00:00;0.976;;
688105;unknown;control;2024-02-16 18:15:00+00:00;0.766;;
688105;unknown;control;2024-02-16 18:30:00+00:00;0.792;;
688105;unknown;control;2024-02-16 18:45:00+00:00;0.86;;
688105;unknown;control;2024-02-16 19:00:00+00:00;0.28;;
688105;unknown;control;2024-02-16 19:15:00+00:00;0.192;;
688105;unknown;control;2024-02-16 19:30:00+00:00;0.447;;
688105;unknown;control;2024-02-16 19:45:00+00:00;0.826;;
688105;unknown;control;2024-02-16 20:00:00+00:00;0.845;;
688105;unknown;control;2024-02-16 20:15:00+00:00;0.428;;
688105;unknown;control;2024-02-16 20:30:00+00:00;0.182;;
688105;unknown;control;2024-02-16 20:45:00+00:00;0.201;;
688105;unknown;control;2024-02-16 21:00:00+00:00;0.208;;
688105;unknown;control;2024-02-16 21:15:00+00:00;0.185;;
688105;unknown;control;2024-02-16 21:30:00+00:00;0.178;;
688105;unknown;control;2024-02-16 21:45:00+00:00;0.177;;
688105;unknown;control;2024-02-16 22:00:00+00:00;0.186;;
688105;unknown;control;2024-02-16 22:15:00+00:00;0.185;;
688105;unknown;control;2024-02-16 22:30:00+00:00;0.132;;
688105;unknown;control;2024-02-16 22:45:00+00:00;0.11;;
688105;unknown;control;2024-02-16 23:00:00+00:00;0.093;;
688105;unknown;control;2024-02-16 23:15:00+00:00;0.103;;
688105;unknown;control;2024-02-16 23:30:00+00:00;0.101;;
688105;unknown;control;2024-02-16 23:45:00+00:00;0.327;;
688105;unknown;control;2024-02-17 00:00:00+00:00;0.821;;
688105;unknown;control;2024-02-17 00:15:00+00:00;0.894;;
688105;unknown;control;2024-02-17 00:30:00+00:00;0.97;;
688105;unknown;control;2024-02-17 00:45:00+00:00;0.197;;
688105;unknown;control;2024-02-17 01:00:00+00:00;0.091;;
688105;unknown;control;2024-02-17 01:15:00+00:00;0.092;;
688105;unknown;control;2024-02-17 01:30:00+00:00;0.881;;
688105;unknown;control;2024-02-17 01:45:00+00:00;0.909;;
688105;unknown;control;2024-02-17 02:00:00+00:00;0.898;;
688105;unknown;control;2024-02-17 02:15:00+00:00;0.9;;
688105;unknown;control;2024-02-17 02:30:00+00:00;0.25;;
688105;unknown;control;2024-02-17 02:45:00+00:00;0.096;;
688105;unknown;control;2024-02-17 03:00:00+00:00;0.108;;
688105;unknown;control;2024-02-17 03:15:00+00:00;0.518;;
688105;unknown;control;2024-02-17 03:30:00+00:00;0.79;;
688105;unknown;control;2024-02-17 03:45:00+00:00;0.817;;
688105;unknown;control;2024-02-17 04:00:00+00:00;0.848;;
688105;unknown;control;2024-02-17 04:15:00+00:00;0.878;;
688105;unknown;control;2024-02-17 04:30:00+00:00;0.845;;
688105;unknown;control;2024-02-17 04:45:00+00:00;0.09;;
688105;unknown;control;2024-02-17 05:00:00+00:00;0.094;;
688105;unknown;control;2024-02-17 05:15:00+00:00;0.117;;
688105;unknown;control;2024-02-17 05:30:00+00:00;0.114;;
688105;unknown;control;2024-02-17 05:45:00+00:00;0.127;;
688105;unknown;control;2024-02-17 06:00:00+00:00;0.093;;
688105;unknown;control;2024-02-17 06:15:00+00:00;0.091;;
688105;unknown;control;2024-02-17 06:30:00+00:00;0.105;;
688105;unknown;control;2024-02-17 06:45:00+00:00;0.099;;
688105;unknown;control;2024-02-17 07:00:00+00:00;0.224;;
688105;unknown;control;2024-02-17 07:15:00+00:00;0.116;;
688105;unknown;control;2024-02-17 07:30:00+00:00;0.101;;
688105;unknown;control;2024-02-17 07:45:00+00:00;0.144;;
688105;unknown;control;2024-02-17 08:00:00+00:00;0.079;;
688105;unknown;control;2024-02-17 08:15:00+00:00;0.061;;
688105;unknown;control;2024-02-17 08:30:00+00:00;0.031;;
688105;unknown;control;2024-02-17 08:45:00+00:00;0.039;;
688105;unknown;control;2024-02-17 09:00:00+00:00;0.0;;
688105;unknown;control;2024-02-17 09:15:00+00:00;0.0;;
688105;unknown;control;2024-02-17 09:30:00+00:00;0.0;;
688105;unknown;control;2024-02-17 09:45:00+00:00;0.001;;
688105;unknown;control;2024-02-17 10:00:00+00:00;0.0;;
688105;unknown;control;2024-02-17 10:15:00+00:00;0.0;;
688105;unknown;control;2024-02-17 10:30:00+00:00;0.0;;
688105;unknown;control;2024-02-17 10:45:00+00:00;0.0;;
688105;unknown;control;2024-02-17 11:00:00+00:00;0.0;;
688105;unknown;control;2024-02-17 11:15:00+00:00;0.0;;
688105;unknown;control;2024-02-17 11:30:00+00:00;0.173;;
688105;unknown;control;2024-02-17 11:45:00+00:00;0.063;;
688105;unknown;control;2024-02-17 12:00:00+00:00;0.023;;
688105;unknown;control;2024-02-17 12:15:00+00:00;0.011;;
688105;unknown;control;2024-02-17 12:30:00+00:00;0.0;;
688105;unknown;control;2024-02-17 12:45:00+00:00;0.043;;
688105;unknown;control;2024-02-17 13:00:00+00:00;0.069;;
688105;unknown;control;2024-02-17 13:15:00+00:00;0.0;;
688105;unknown;control;2024-02-17 13:30:00+00:00;0.0;;
688105;unknown;control;2024-02-17 13:45:00+00:00;0.459;;
688105;unknown;control;2024-02-17 14:00:00+00:00;0.562;;
688105;unknown;control;2024-02-17 14:15:00+00:00;0.166;;
688105;unknown;control;2024-02-17 14:30:00+00:00;0.0;;
688105;unknown;control;2024-02-17 14:45:00+00:00;0.008;;
688105;unknown;control;2024-02-17 15:00:00+00:00;0.0;;
688105;unknown;control;2024-02-17 15:15:00+00:00;0.02;;
688105;unknown;control;2024-02-17 15:30:00+00:00;0.053;;
688105;unknown;control;2024-02-17 15:45:00+00:00;0.079;;
688105;unknown;control;2024-02-17 16:00:00+00:00;0.148;;
688105;unknown;control;2024-02-17 16:15:00+00:00;0.086;;
688105;unknown;control;2024-02-17 16:30:00+00:00;0.121;;
688105;unknown;control;2024-02-17 16:45:00+00:00;0.442;;
688105;unknown;control;2024-02-17 17:00:00+00:00;0.535;;
688105;unknown;control;2024-02-17 17:15:00+00:00;0.15;;
688105;unknown;control;2024-02-17 17:30:00+00:00;0.313;;
688105;unknown;control;2024-02-17 17:45:00+00:00;0.746;;
688105;unknown;control;2024-02-17 18:00:00+00:00;0.796;;
688105;unknown;control;2024-02-17 18:15:00+00:00;0.816;;
688105;unknown;control;2024-02-17 18:30:00+00:00;0.833;;
688105;unknown;control;2024-02-17 18:45:00+00:00;0.928;;
688105;unknown;control;2024-02-17 19:00:00+00:00;0.485;;
688105;unknown;control;2024-02-17 19:15:00+00:00;0.193;;
688105;unknown;control;2024-02-17 19:30:00+00:00;0.188;;
688105;unknown;control;2024-02-17 19:45:00+00:00;0.754;;
688105;unknown;control;2024-02-17 20:00:00+00:00;0.834;;
688105;unknown;control;2024-02-17 20:15:00+00:00;0.96;;
688105;unknown;control;2024-02-17 20:30:00+00:00;0.194;;
688105;unknown;control;2024-02-17 20:45:00+00:00;0.192;;
688105;unknown;control;2024-02-17 21:00:00+00:00;0.192;;
688105;unknown;control;2024-02-17 21:15:00+00:00;0.177;;
688105;unknown;control;2024-02-17 21:30:00+00:00;0.19;;
688105;unknown;control;2024-02-17 21:45:00+00:00;0.192;;
688105;unknown;control;2024-02-17 22:00:00+00:00;0.197;;
688105;unknown;control;2024-02-17 22:15:00+00:00;0.147;;
688105;unknown;control;2024-02-17 22:30:00+00:00;0.122;;
688105;unknown;control;2024-02-17 22:45:00+00:00;0.1;;
688105;unknown;control;2024-02-17 23:00:00+00:00;0.092;;
688105;unknown;control;2024-02-17 23:15:00+00:00;0.099;;
688105;unknown;control;2024-02-17 23:30:00+00:00;0.106;;
688105;unknown;control;2024-02-17 23:45:00+00:00;0.353;;
688105;unknown;control;2024-02-18 00:00:00+00:00;0.84;;
688105;unknown;control;2024-02-18 00:15:00+00:00;0.899;;
688105;unknown;control;2024-02-18 00:30:00+00:00;0.949;;
688105;unknown;control;2024-02-18 00:45:00+00:00;0.092;;
688105;unknown;control;2024-02-18 01:00:00+00:00;0.104;;
688105;unknown;control;2024-02-18 01:15:00+00:00;0.116;;
688105;unknown;control;2024-02-18 01:30:00+00:00;0.896;;
688105;unknown;control;2024-02-18 01:45:00+00:00;0.881;;
688105;unknown;control;2024-02-18 02:00:00+00:00;0.874;;
688105;unknown;control;2024-02-18 02:15:00+00:00;0.888;;
688105;unknown;control;2024-02-18 02:30:00+00:00;0.883;;
688105;unknown;control;2024-02-18 02:45:00+00:00;0.115;;
688105;unknown;control;2024-02-18 03:00:00+00:00;0.4;;
688105;unknown;control;2024-02-18 03:15:00+00:00;0.773;;
688105;unknown;control;2024-02-18 03:30:00+00:00;0.784;;
688105;unknown;control;2024-02-18 03:45:00+00:00;0.799;;
688105;unknown;control;2024-02-18 04:00:00+00:00;0.818;;
688105;unknown;control;2024-02-18 04:15:00+00:00;0.864;;
688105;unknown;control;2024-02-18 04:30:00+00:00;0.903;;
688105;unknown;control;2024-02-18 04:45:00+00:00;0.916;;
688105;unknown;control;2024-02-18 05:00:00+00:00;0.168;;
688105;unknown;control;2024-02-18 05:15:00+00:00;0.091;;
688105;unknown;control;2024-02-18 05:30:00+00:00;0.091;;
688105;unknown;control;2024-02-18 05:45:00+00:00;0.101;;
688105;unknown;control;2024-02-18 06:00:00+00:00;0.116;;
688105;unknown;control;2024-02-18 06:15:00+00:00;0.109;;
688105;unknown;control;2024-02-18 06:30:00+00:00;0.103;;
688105;unknown;control;2024-02-18 06:45:00+00:00;0.145;;
688105;unknown;control;2024-02-18 07:00:00+00:00;0.05;;
688105;unknown;control;2024-02-18 07:15:00+00:00;0.194;;
688105;unknown;control;2024-02-18 07:30:00+00:00;0.091;;
688105;unknown;control;2024-02-18 07:45:00+00:00;0.091;;
688105;unknown;control;2024-02-18 08:00:00+00:00;0.017;;
688105;unknown;control;2024-02-18 08:15:00+00:00;0.029;;
688105;unknown;control;2024-02-18 08:30:00+00:00;0.0;;
688105;unknown;control;2024-02-18 08:45:00+00:00;0.0;;
688105;unknown;control;2024-02-18 09:00:00+00:00;0.0;;
688105;unknown;control;2024-02-18 09:15:00+00:00;0.0;;
688105;unknown;control;2024-02-18 09:30:00+00:00;0.0;;
688105;unknown;control;2024-02-18 09:45:00+00:00;0.0;;
688105;unknown;control;2024-02-18 10:00:00+00:00;0.0;;
688105;unknown;control;2024-02-18 10:15:00+00:00;0.0;;
688105;unknown;control;2024-02-18 10:30:00+00:00;0.0;;
688105;unknown;control;2024-02-18 10:45:00+00:00;0.0;;
688105;unknown;control;2024-02-18 11:00:00+00:00;0.012;;
688105;unknown;control;2024-02-18 11:15:00+00:00;0.0;;
688105;unknown;control;2024-02-18 11:30:00+00:00;0.023;;
688105;unknown;control;2024-02-18 11:45:00+00:00;0.082;;
688105;unknown;control;2024-02-18 12:00:00+00:00;0.0;;
688105;unknown;control;2024-02-18 12:15:00+00:00;0.014;;
688105;unknown;control;2024-02-18 12:30:00+00:00;0.0;;
688105;unknown;control;2024-02-18 12:45:00+00:00;0.0;;
688105;unknown;control;2024-02-18 13:00:00+00:00;0.0;;
688105;unknown;control;2024-02-18 13:15:00+00:00;0.013;;
688105;unknown;control;2024-02-18 13:30:00+00:00;0.0;;
688105;unknown;control;2024-02-18 13:45:00+00:00;0.0;;
688105;unknown;control;2024-02-18 14:00:00+00:00;0.0;;
688105;unknown;control;2024-02-18 14:15:00+00:00;0.0;;
688105;unknown;control;2024-02-18 14:30:00+00:00;0.002;;
688105;unknown;control;2024-02-18 14:45:00+00:00;0.0;;
688105;unknown;control;2024-02-18 15:00:00+00:00;0.003;;
688105;unknown;control;2024-02-18 15:15:00+00:00;0.0;;
688105;unknown;control;2024-02-18 15:30:00+00:00;0.009;;
688105;unknown;control;2024-02-18 15:45:00+00:00;0.011;;
688105;unknown;control;2024-02-18 16:00:00+00:00;0.026;;
688105;unknown;control;2024-02-18 16:15:00+00:00;0.316;;
688105;unknown;control;2024-02-18 16:30:00+00:00;0.595;;
688105;unknown;control;2024-02-18 16:45:00+00:00;0.239;;
688105;unknown;control;2024-02-18 17:00:00+00:00;0.224;;
688105;unknown;control;2024-02-18 17:15:00+00:00;0.282;;
688105;unknown;control;2024-02-18 17:30:00+00:00;0.706;;
688105;unknown;control;2024-02-18 17:45:00+00:00;0.783;;
688105;unknown;control;2024-02-18 18:00:00+00:00;0.798;;
688105;unknown;control;2024-02-18 18:15:00+00:00;0.975;;
688105;unknown;control;2024-02-18 18:30:00+00:00;0.898;;
688105;unknown;control;2024-02-18 18:45:00+00:00;0.882;;
688105;unknown;control;2024-02-18 19:00:00+00:00;0.886;;
688105;unknown;control;2024-02-18 19:15:00+00:00;0.569;;
688105;unknown;control;2024-02-18 19:30:00+00:00;0.194;;
688105;unknown;control;2024-02-18 19:45:00+00:00;0.195;;
688105;unknown;control;2024-02-18 20:00:00+00:00;0.827;;
688105;unknown;control;2024-02-18 20:15:00+00:00;0.855;;
688105;unknown;control;2024-02-18 20:30:00+00:00;0.882;;
688105;unknown;control;2024-02-18 20:45:00+00:00;0.358;;
688105;unknown;control;2024-02-18 21:00:00+00:00;0.176;;
688105;unknown;control;2024-02-18 21:15:00+00:00;0.146;;
688105;unknown;control;2024-02-18 21:30:00+00:00;0.157;;
688105;unknown;control;2024-02-18 21:45:00+00:00;0.115;;
688105;unknown;control;2024-02-18 22:00:00+00:00;0.109;;
688105;unknown;control;2024-02-18 22:15:00+00:00;0.097;;
688105;unknown;control;2024-02-18 22:30:00+00:00;0.083;;
688105;unknown;control;2024-02-18 22:45:00+00:00;0.082;;
688105;unknown;control;2024-02-18 23:00:00+00:00;0.089;;
688105;unknown;control;2024-02-18 23:15:00+00:00;0.097;;
688105;unknown;control;2024-02-18 23:30:00+00:00;0.114;;
688105;unknown;control;2024-02-18 23:45:00+00:00;0.356;;
688105;unknown;control;2024-02-19 00:00:00+00:00;0.869;;
688105;unknown;control;2024-02-19 00:15:00+00:00;0.934;;
688105;unknown;control;2024-02-19 00:30:00+00:00;0.328;;
688105;unknown;control;2024-02-19 00:45:00+00:00;0.096;;
688105;unknown;control;2024-02-19 01:00:00+00:00;0.113;;
688105;unknown;control;2024-02-19 01:15:00+00:00;0.106;;
688105;unknown;control;2024-02-19 01:30:00+00:00;0.866;;
688105;unknown;control;2024-02-19 01:45:00+00:00;0.869;;
688105;unknown;control;2024-02-19 02:00:00+00:00;0.867;;
688105;unknown;control;2024-02-19 02:15:00+00:00;0.891;;
688105;unknown;control;2024-02-19 02:30:00+00:00;0.807;;
688105;unknown;control;2024-02-19 02:45:00+00:00;0.109;;
688105;unknown;control;2024-02-19 03:00:00+00:00;0.27;;
688105;unknown;control;2024-02-19 03:15:00+00:00;0.742;;
688105;unknown;control;2024-02-19 03:30:00+00:00;0.775;;
688105;unknown;control;2024-02-19 03:45:00+00:00;0.797;;
688105;unknown;control;2024-02-19 04:00:00+00:00;0.856;;
688105;unknown;control;2024-02-19 04:15:00+00:00;0.875;;
688105;unknown;control;2024-02-19 04:30:00+00:00;0.888;;
688105;unknown;control;2024-02-19 04:45:00+00:00;0.358;;
688105;unknown;control;2024-02-19 05:00:00+00:00;0.082;;
688105;unknown;control;2024-02-19 05:15:00+00:00;0.084;;
688105;unknown;control;2024-02-19 05:30:00+00:00;0.119;;
688105;unknown;control;2024-02-19 05:45:00+00:00;0.687;;
688105;unknown;control;2024-02-19 06:00:00+00:00;0.146;;
688105;unknown;control;2024-02-19 06:15:00+00:00;0.135;;
688105;unknown;control;2024-02-19 06:30:00+00:00;0.18;;
688105;unknown;control;2024-02-19 06:45:00+00:00;0.191;;
688105;unknown;control;2024-02-19 07:00:00+00:00;0.395;;
688105;unknown;control;2024-02-19 07:15:00+00:00;0.232;;
688105;unknown;control;2024-02-19 07:30:00+00:00;0.13;;
688105;unknown;control;2024-02-19 07:45:00+00:00;0.123;;
688105;unknown;control;2024-02-19 08:00:00+00:00;0.018;;
688105;unknown;control;2024-02-19 08:15:00+00:00;0.006;;
688105;unknown;control;2024-02-19 08:30:00+00:00;0.185;;
688105;unknown;control;2024-02-19 08:45:00+00:00;0.044;;
688105;unknown;control;2024-02-19 09:00:00+00:00;0.325;;
688105;unknown;control;2024-02-19 09:15:00+00:00;0.115;;
688105;unknown;control;2024-02-19 09:30:00+00:00;0.0;;
688105;unknown;control;2024-02-19 09:45:00+00:00;0.0;;
688105;unknown;control;2024-02-19 10:00:00+00:00;0.0;;
688105;unknown;control;2024-02-19 10:15:00+00:00;0.0;;
688105;unknown;control;2024-02-19 10:30:00+00:00;0.0;;
688105;unknown;control;2024-02-19 10:45:00+00:00;0.0;;
688105;unknown;control;2024-02-19 11:00:00+00:00;0.0;;
688105;unknown;control;2024-02-19 11:15:00+00:00;0.0;;
688105;unknown;control;2024-02-19 11:30:00+00:00;0.027;;
688105;unknown;control;2024-02-19 11:45:00+00:00;0.0;;
688105;unknown;control;2024-02-19 12:00:00+00:00;0.0;;
688105;unknown;control;2024-02-19 12:15:00+00:00;0.0;;
688105;unknown;control;2024-02-19 12:30:00+00:00;0.0;;
688105;unknown;control;2024-02-19 12:45:00+00:00;0.0;;
688105;unknown;control;2024-02-19 13:00:00+00:00;0.0;;
688105;unknown;control;2024-02-19 13:15:00+00:00;0.001;;
688105;unknown;control;2024-02-19 13:30:00+00:00;0.0;;
688105;unknown;control;2024-02-19 13:45:00+00:00;0.0;;
688105;unknown;control;2024-02-19 14:00:00+00:00;0.0;;
688105;unknown;control;2024-02-19 14:15:00+00:00;0.0;;
688105;unknown;control;2024-02-19 14:30:00+00:00;0.0;;
688105;unknown;control;2024-02-19 14:45:00+00:00;0.0;;
688105;unknown;control;2024-02-19 15:00:00+00:00;0.0;;
688105;unknown;control;2024-02-19 15:15:00+00:00;0.0;;
688105;unknown;control;2024-02-19 15:30:00+00:00;0.0;;
688105;unknown;control;2024-02-19 15:45:00+00:00;0.0;;
688105;unknown;control;2024-02-19 16:00:00+00:00;0.0;;
688105;unknown;control;2024-02-19 16:15:00+00:00;0.014;;
688105;unknown;control;2024-02-19 16:30:00+00:00;0.06;;
688105;unknown;control;2024-02-19 16:45:00+00:00;0.357;;
688105;unknown;control;2024-02-19 17:00:00+00:00;0.223;;
688105;unknown;control;2024-02-19 17:15:00+00:00;0.126;;
688105;unknown;control;2024-02-19 17:30:00+00:00;0.481;;
688105;unknown;control;2024-02-19 17:45:00+00:00;0.696;;
688105;unknown;control;2024-02-19 18:00:00+00:00;0.91;;
688105;unknown;control;2024-02-19 18:15:00+00:00;0.864;;
688105;unknown;control;2024-02-19 18:30:00+00:00;0.792;;
688105;unknown;control;2024-02-19 18:45:00+00:00;0.928;;
688105;unknown;control;2024-02-19 19:00:00+00:00;0.817;;
688105;unknown;control;2024-02-19 19:15:00+00:00;0.566;;
688105;unknown;control;2024-02-19 19:30:00+00:00;0.167;;
688105;unknown;control;2024-02-19 19:45:00+00:00;0.179;;
688105;unknown;control;2024-02-19 20:00:00+00:00;0.803;;
688105;unknown;control;2024-02-19 20:15:00+00:00;0.848;;
688105;unknown;control;2024-02-19 20:30:00+00:00;0.882;;
688105;unknown;control;2024-02-19 20:45:00+00:00;0.346;;
688105;unknown;control;2024-02-19 21:00:00+00:00;0.123;;
688105;unknown;control;2024-02-19 21:15:00+00:00;0.1;;
688105;unknown;control;2024-02-19 21:30:00+00:00;0.143;;
688105;unknown;control;2024-02-19 21:45:00+00:00;0.149;;
688105;unknown;control;2024-02-19 22:00:00+00:00;0.097;;
688105;unknown;control;2024-02-19 22:15:00+00:00;0.092;;
688105;unknown;control;2024-02-19 22:30:00+00:00;0.083;;
688105;unknown;control;2024-02-19 22:45:00+00:00;0.087;;
688105;unknown;control;2024-02-19 23:00:00+00:00;0.099;;
688105;unknown;control;2024-02-19 23:15:00+00:00;0.104;;
688105;unknown;control;2024-02-19 23:30:00+00:00;0.099;;
688105;unknown;control;2024-02-19 23:45:00+00:00;0.357;;
688105;unknown;control;2024-02-20 00:00:00+00:00;0.874;;
688105;unknown;control;2024-02-20 00:15:00+00:00;0.937;;
688105;unknown;control;2024-02-20 00:30:00+00:00;0.324;;
688105;unknown;control;2024-02-20 00:45:00+00:00;0.096;;
688105;unknown;control;2024-02-20 01:00:00+00:00;0.098;;
688105;unknown;control;2024-02-20 01:15:00+00:00;0.098;;
688105;unknown;control;2024-02-20 01:30:00+00:00;0.874;;
688105;unknown;control;2024-02-20 01:45:00+00:00;0.867;;
688105;unknown;control;2024-02-20 02:00:00+00:00;0.881;;
688105;unknown;control;2024-02-20 02:15:00+00:00;0.891;;
688105;unknown;control;2024-02-20 02:30:00+00:00;0.53;;
688105;unknown;control;2024-02-20 02:45:00+00:00;0.098;;
688105;unknown;control;2024-02-20 03:00:00+00:00;0.383;;
688105;unknown;control;2024-02-20 03:15:00+00:00;0.756;;
688105;unknown;control;2024-02-20 03:30:00+00:00;0.793;;
688105;unknown;control;2024-02-20 03:45:00+00:00;0.809;;
688105;unknown;control;2024-02-20 04:00:00+00:00;0.82;;
688105;unknown;control;2024-02-20 04:15:00+00:00;0.845;;
688105;unknown;control;2024-02-20 04:30:00+00:00;0.869;;
688105;unknown;control;2024-02-20 04:45:00+00:00;0.889;;
688105;unknown;control;2024-02-20 05:00:00+00:00;0.623;;
688105;unknown;control;2024-02-20 05:15:00+00:00;0.093;;
688105;unknown;control;2024-02-20 05:30:00+00:00;0.15;;
688105;unknown;control;2024-02-20 05:45:00+00:00;0.846;;
688105;unknown;control;2024-02-20 06:00:00+00:00;0.234;;
688105;unknown;control;2024-02-20 06:15:00+00:00;0.119;;
688105;unknown;control;2024-02-20 06:30:00+00:00;0.116;;
688105;unknown;control;2024-02-20 06:45:00+00:00;0.108;;
688105;unknown;control;2024-02-20 07:00:00+00:00;0.069;;
688105;unknown;control;2024-02-20 07:15:00+00:00;0.032;;
688105;unknown;control;2024-02-20 07:30:00+00:00;0.0;;
688105;unknown;control;2024-02-20 07:45:00+00:00;0.0;;
688105;unknown;control;2024-02-20 08:00:00+00:00;0.0;;
688105;unknown;control;2024-02-20 08:15:00+00:00;0.0;;
688105;unknown;control;2024-02-20 08:30:00+00:00;0.0;;
688105;unknown;control;2024-02-20 08:45:00+00:00;0.0;;
688105;unknown;control;2024-02-20 09:00:00+00:00;0.0;;
688105;unknown;control;2024-02-20 09:15:00+00:00;0.0;;
688105;unknown;control;2024-02-20 09:30:00+00:00;0.001;;
688105;unknown;control;2024-02-20 09:45:00+00:00;0.0;;
688105;unknown;control;2024-02-20 10:00:00+00:00;0.0;;
688105;unknown;control;2024-02-20 10:15:00+00:00;0.0;;
688105;unknown;control;2024-02-20 10:30:00+00:00;0.0;;
688105;unknown;control;2024-02-20 10:45:00+00:00;0.0;;
688105;unknown;control;2024-02-20 11:00:00+00:00;0.0;;
688105;unknown;control;2024-02-20 11:15:00+00:00;0.0;;
688105;unknown;control;2024-02-20 11:30:00+00:00;0.0;;
688105;unknown;control;2024-02-20 11:45:00+00:00;0.0;;
688105;unknown;control;2024-02-20 12:00:00+00:00;0.0;;
688105;unknown;control;2024-02-20 12:15:00+00:00;0.0;;
688105;unknown;control;2024-02-20 12:30:00+00:00;0.0;;
688105;unknown;control;2024-02-20 12:45:00+00:00;0.0;;
688105;unknown;control;2024-02-20 13:00:00+00:00;0.0;;
688105;unknown;control;2024-02-20 13:15:00+00:00;0.006;;
688105;unknown;control;2024-02-20 13:30:00+00:00;0.017;;
688105;unknown;control;2024-02-20 13:45:00+00:00;0.0;;
688105;unknown;control;2024-02-20 14:00:00+00:00;0.0;;
688105;unknown;control;2024-02-20 14:15:00+00:00;0.0;;
688105;unknown;control;2024-02-20 14:30:00+00:00;0.0;;
688105;unknown;control;2024-02-20 14:45:00+00:00;0.0;;
688105;unknown;control;2024-02-20 15:00:00+00:00;0.0;;
688105;unknown;control;2024-02-20 15:15:00+00:00;0.286;;
688105;unknown;control;2024-02-20 15:30:00+00:00;0.057;;
688105;unknown;control;2024-02-20 15:45:00+00:00;0.0;;
688105;unknown;control;2024-02-20 16:00:00+00:00;0.0;;
688105;unknown;control;2024-02-20 16:15:00+00:00;0.0;;
688105;unknown;control;2024-02-20 16:30:00+00:00;0.01;;
688105;unknown;control;2024-02-20 16:45:00+00:00;0.07;;
688105;unknown;control;2024-02-20 17:00:00+00:00;0.099;;
688105;unknown;control;2024-02-20 17:15:00+00:00;0.098;;
688105;unknown;control;2024-02-20 17:30:00+00:00;0.55;;
688105;unknown;control;2024-02-20 17:45:00+00:00;0.684;;
688105;unknown;control;2024-02-20 18:00:00+00:00;0.852;;
688105;unknown;control;2024-02-20 18:15:00+00:00;1.174;;
688105;unknown;control;2024-02-20 18:30:00+00:00;0.922;;
688105;unknown;control;2024-02-20 18:45:00+00:00;0.893;;
688105;unknown;control;2024-02-20 19:00:00+00:00;0.923;;
688105;unknown;control;2024-02-20 19:15:00+00:00;0.874;;
688105;unknown;control;2024-02-20 19:30:00+00:00;0.889;;
688105;unknown;control;2024-02-20 19:45:00+00:00;0.883;;
688105;unknown;control;2024-02-20 20:00:00+00:00;0.897;;
688105;unknown;control;2024-02-20 20:15:00+00:00;0.907;;
688105;unknown;control;2024-02-20 20:30:00+00:00;1.137;;
688105;unknown;control;2024-02-20 20:45:00+00:00;0.392;;
688105;unknown;control;2024-02-20 21:00:00+00:00;0.247;;
688105;unknown;control;2024-02-20 21:15:00+00:00;0.174;;
688105;unknown;control;2024-02-20 21:30:00+00:00;0.167;;
688105;unknown;control;2024-02-20 21:45:00+00:00;0.13;;
688105;unknown;control;2024-02-20 22:00:00+00:00;0.114;;
688105;unknown;control;2024-02-20 22:15:00+00:00;0.101;;
688105;unknown;control;2024-02-20 22:30:00+00:00;0.088;;
688105;unknown;control;2024-02-20 22:45:00+00:00;0.091;;
688105;unknown;control;2024-02-20 23:00:00+00:00;0.105;;
688105;unknown;control;2024-02-20 23:15:00+00:00;0.089;;
688105;unknown;control;2024-02-20 23:30:00+00:00;0.098;;
688105;unknown;control;2024-02-20 23:45:00+00:00;0.369;;
688105;unknown;control;2024-02-21 00:00:00+00:00;0.919;;
688105;unknown;control;2024-02-21 00:15:00+00:00;0.943;;
688105;unknown;control;2024-02-21 00:30:00+00:00;0.088;;
688105;unknown;control;2024-02-21 00:45:00+00:00;0.089;;
688105;unknown;control;2024-02-21 01:00:00+00:00;0.089;;
688105;unknown;control;2024-02-21 01:15:00+00:00;0.11;;
688105;unknown;control;2024-02-21 01:30:00+00:00;0.889;;
688105;unknown;control;2024-02-21 01:45:00+00:00;0.895;;
688105;unknown;control;2024-02-21 02:00:00+00:00;0.886;;
688105;unknown;control;2024-02-21 02:15:00+00:00;0.889;;
688105;unknown;control;2024-02-21 02:30:00+00:00;0.738;;
688105;unknown;control;2024-02-21 02:45:00+00:00;0.716;;
688105;unknown;control;2024-02-21 03:00:00+00:00;0.77;;
688105;unknown;control;2024-02-21 03:15:00+00:00;0.803;;
688105;unknown;control;2024-02-21 03:30:00+00:00;0.815;;
688105;unknown;control;2024-02-21 03:45:00+00:00;0.831;;
688105;unknown;control;2024-02-21 04:00:00+00:00;0.819;;
688105;unknown;control;2024-02-21 04:15:00+00:00;0.824;;
688105;unknown;control;2024-02-21 04:30:00+00:00;0.83;;
688105;unknown;control;2024-02-21 04:45:00+00:00;0.857;;
688105;unknown;control;2024-02-21 05:00:00+00:00;0.883;;
688105;unknown;control;2024-02-21 05:15:00+00:00;0.879;;
688105;unknown;control;2024-02-21 05:30:00+00:00;0.983;;
688105;unknown;control;2024-02-21 05:45:00+00:00;1.08;;
688105;unknown;control;2024-02-21 06:00:00+00:00;0.219;;
688105;unknown;control;2024-02-21 06:15:00+00:00;0.188;;
688105;unknown;control;2024-02-21 06:30:00+00:00;0.117;;
688105;unknown;control;2024-02-21 06:45:00+00:00;0.161;;
688105;unknown;control;2024-02-21 07:00:00+00:00;0.015;;
688105;unknown;control;2024-02-21 07:15:00+00:00;0.0;;
688105;unknown;control;2024-02-21 07:30:00+00:00;0.0;;
688105;unknown;control;2024-02-21 07:45:00+00:00;0.0;;
688105;unknown;control;2024-02-21 08:00:00+00:00;0.0;;
688105;unknown;control;2024-02-21 08:15:00+00:00;0.0;;
688105;unknown;control;2024-02-21 08:30:00+00:00;0.0;;
688105;unknown;control;2024-02-21 08:45:00+00:00;0.0;;
688105;unknown;control;2024-02-21 09:00:00+00:00;0.0;;
688105;unknown;control;2024-02-21 09:15:00+00:00;0.0;;
688105;unknown;control;2024-02-21 09:30:00+00:00;0.0;;
688105;unknown;control;2024-02-21 09:45:00+00:00;0.0;;
688105;unknown;control;2024-02-21 10:00:00+00:00;0.0;;
688105;unknown;control;2024-02-21 10:15:00+00:00;0.0;;
688105;unknown;control;2024-02-21 10:30:00+00:00;0.0;;
688105;unknown;control;2024-02-21 10:45:00+00:00;0.0;;
688105;unknown;control;2024-02-21 11:00:00+00:00;0.0;;
688105;unknown;control;2024-02-21 11:15:00+00:00;0.0;;
688105;unknown;control;2024-02-21 11:30:00+00:00;0.0;;
688105;unknown;control;2024-02-21 11:45:00+00:00;0.0;;
688105;unknown;control;2024-02-21 12:00:00+00:00;0.0;;
688105;unknown;control;2024-02-21 12:15:00+00:00;0.0;;
688105;unknown;control;2024-02-21 12:30:00+00:00;0.0;;
688105;unknown;control;2024-02-21 12:45:00+00:00;0.0;;
688105;unknown;control;2024-02-21 13:00:00+00:00;0.0;;
688105;unknown;control;2024-02-21 13:15:00+00:00;0.0;;
688105;unknown;control;2024-02-21 13:30:00+00:00;0.0;;
688105;unknown;control;2024-02-21 13:45:00+00:00;0.0;;
688105;unknown;control;2024-02-21 14:00:00+00:00;0.0;;
688105;unknown;control;2024-02-21 14:15:00+00:00;0.0;;
688105;unknown;control;2024-02-21 14:30:00+00:00;0.0;;
688105;unknown;control;2024-02-21 14:45:00+00:00;0.0;;
688105;unknown;control;2024-02-21 15:00:00+00:00;0.0;;
688105;unknown;control;2024-02-21 15:15:00+00:00;0.0;;
688105;unknown;control;2024-02-21 15:30:00+00:00;0.001;;
688105;unknown;control;2024-02-21 15:45:00+00:00;0.0;;
688105;unknown;control;2024-02-21 16:00:00+00:00;0.01;;
688105;unknown;control;2024-02-21 16:15:00+00:00;0.047;;
688105;unknown;control;2024-02-21 16:30:00+00:00;0.082;;
688105;unknown;control;2024-02-21 16:45:00+00:00;0.108;;
688105;unknown;control;2024-02-21 17:00:00+00:00;0.094;;
688105;unknown;control;2024-02-21 17:15:00+00:00;0.098;;
688105;unknown;control;2024-02-21 17:30:00+00:00;0.089;;
688105;unknown;control;2024-02-21 17:45:00+00:00;0.544;;
688105;unknown;control;2024-02-21 18:00:00+00:00;0.739;;
688105;unknown;control;2024-02-21 18:15:00+00:00;1.18;;
688105;unknown;control;2024-02-21 18:30:00+00:00;0.84;;
688105;unknown;control;2024-02-21 18:45:00+00:00;0.835;;
688105;unknown;control;2024-02-21 19:00:00+00:00;1.018;;
688105;unknown;control;2024-02-21 19:15:00+00:00;0.89;;
688105;unknown;control;2024-02-21 19:30:00+00:00;0.427;;
688105;unknown;control;2024-02-21 19:45:00+00:00;0.184;;
688105;unknown;control;2024-02-21 20:00:00+00:00;0.345;;
688105;unknown;control;2024-02-21 20:15:00+00:00;0.847;;
688105;unknown;control;2024-02-21 20:30:00+00:00;0.849;;
688105;unknown;control;2024-02-21 20:45:00+00:00;0.333;;
688105;unknown;control;2024-02-21 21:00:00+00:00;0.175;;
688105;unknown;control;2024-02-21 21:15:00+00:00;0.121;;
688105;unknown;control;2024-02-21 21:30:00+00:00;0.143;;
688105;unknown;control;2024-02-21 21:45:00+00:00;0.111;;
688105;unknown;control;2024-02-21 22:00:00+00:00;0.103;;
688105;unknown;control;2024-02-21 22:15:00+00:00;0.09;;
688105;unknown;control;2024-02-21 22:30:00+00:00;0.097;;
688105;unknown;control;2024-02-21 22:45:00+00:00;0.105;;
688105;unknown;control;2024-02-21 23:00:00+00:00;0.09;;
688105;unknown;control;2024-02-21 23:15:00+00:00;0.103;;
688105;unknown;control;2024-02-21 23:30:00+00:00;0.102;;
688105;unknown;control;2024-02-21 23:45:00+00:00;0.358;;
688105;unknown;control;2024-02-22 00:00:00+00:00;0.875;;
688105;unknown;control;2024-02-22 00:15:00+00:00;0.925;;
688105;unknown;control;2024-02-22 00:30:00+00:00;0.383;;
688105;unknown;control;2024-02-22 00:45:00+00:00;0.097;;
688105;unknown;control;2024-02-22 01:00:00+00:00;0.111;;
688105;unknown;control;2024-02-22 01:15:00+00:00;0.114;;
688105;unknown;control;2024-02-22 01:30:00+00:00;0.886;;
688105;unknown;control;2024-02-22 01:45:00+00:00;0.878;;
688105;unknown;control;2024-02-22 02:00:00+00:00;0.877;;
688105;unknown;control;2024-02-22 02:15:00+00:00;0.899;;
688105;unknown;control;2024-02-22 02:30:00+00:00;0.425;;
688105;unknown;control;2024-02-22 02:45:00+00:00;0.104;;
688105;unknown;control;2024-02-22 03:00:00+00:00;0.102;;
688105;unknown;control;2024-02-22 03:15:00+00:00;0.625;;
688105;unknown;control;2024-02-22 03:30:00+00:00;0.787;;
688105;unknown;control;2024-02-22 03:45:00+00:00;0.793;;
688105;unknown;control;2024-02-22 04:00:00+00:00;0.816;;
688105;unknown;control;2024-02-22 04:15:00+00:00;0.845;;
688105;unknown;control;2024-02-22 04:30:00+00:00;0.896;;
688105;unknown;control;2024-02-22 04:45:00+00:00;0.866;;
688105;unknown;control;2024-02-22 05:00:00+00:00;0.094;;
688105;unknown;control;2024-02-22 05:15:00+00:00;0.088;;
688105;unknown;control;2024-02-22 05:30:00+00:00;0.258;;
688105;unknown;control;2024-02-22 05:45:00+00:00;0.601;;
688105;unknown;control;2024-02-22 06:00:00+00:00;0.233;;
688105;unknown;control;2024-02-22 06:15:00+00:00;0.142;;
688105;unknown;control;2024-02-22 06:30:00+00:00;0.132;;
688105;unknown;control;2024-02-22 06:45:00+00:00;0.124;;
688105;unknown;control;2024-02-22 07:00:00+00:00;0.117;;
688105;unknown;control;2024-02-22 07:15:00+00:00;0.11;;
688105;unknown;control;2024-02-22 07:30:00+00:00;0.142;;
688105;unknown;control;2024-02-22 07:45:00+00:00;0.071;;
688105;unknown;control;2024-02-22 08:00:00+00:00;0.078;;
688105;unknown;control;2024-02-22 08:15:00+00:00;0.052;;
688105;unknown;control;2024-02-22 08:30:00+00:00;0.025;;
688105;unknown;control;2024-02-22 08:45:00+00:00;0.11;;
688105;unknown;control;2024-02-22 09:00:00+00:00;0.002;;
688105;unknown;control;2024-02-22 09:15:00+00:00;0.005;;
688105;unknown;control;2024-02-22 09:30:00+00:00;0.032;;
688105;unknown;control;2024-02-22 09:45:00+00:00;0.053;;
688105;unknown;control;2024-02-22 10:00:00+00:00;0.0;;
688105;unknown;control;2024-02-22 10:15:00+00:00;0.0;;
688105;unknown;control;2024-02-22 10:30:00+00:00;0.0;;
688105;unknown;control;2024-02-22 10:45:00+00:00;0.0;;
688105;unknown;control;2024-02-22 11:00:00+00:00;0.008;;
688105;unknown;control;2024-02-22 11:15:00+00:00;0.018;;
688105;unknown;control;2024-02-22 11:30:00+00:00;0.0;;
688105;unknown;control;2024-02-22 11:45:00+00:00;0.0;;
688105;unknown;control;2024-02-22 12:00:00+00:00;0.0;;
688105;unknown;control;2024-02-22 12:15:00+00:00;0.0;;
688105;unknown;control;2024-02-22 12:30:00+00:00;0.071;;
688105;unknown;control;2024-02-22 12:45:00+00:00;0.001;;
688105;unknown;control;2024-02-22 13:00:00+00:00;0.029;;
688105;unknown;control;2024-02-22 13:15:00+00:00;0.022;;
688105;unknown;control;2024-02-22 13:30:00+00:00;0.021;;
688105;unknown;control;2024-02-22 13:45:00+00:00;0.041;;
688105;unknown;control;2024-02-22 14:00:00+00:00;0.034;;
688105;unknown;control;2024-02-22 14:15:00+00:00;0.05;;
688105;unknown;control;2024-02-22 14:30:00+00:00;0.05;;
688105;unknown;control;2024-02-22 14:45:00+00:00;0.073;;
688105;unknown;control;2024-02-22 15:00:00+00:00;0.151;;
688105;unknown;control;2024-02-22 15:15:00+00:00;0.048;;
688105;unknown;control;2024-02-22 15:30:00+00:00;0.056;;
688105;unknown;control;2024-02-22 15:45:00+00:00;0.105;;
688105;unknown;control;2024-02-22 16:00:00+00:00;0.127;;
688105;unknown;control;2024-02-22 16:15:00+00:00;0.112;;
688105;unknown;control;2024-02-22 16:30:00+00:00;0.1;;
688105;unknown;control;2024-02-22 16:45:00+00:00;0.077;;
688105;unknown;control;2024-02-22 17:00:00+00:00;0.074;;
688105;unknown;control;2024-02-22 17:15:00+00:00;0.101;;
688105;unknown;control;2024-02-22 17:30:00+00:00;0.588;;
688105;unknown;control;2024-02-22 17:45:00+00:00;0.756;;
688105;unknown;control;2024-02-22 18:00:00+00:00;0.801;;
688105;unknown;control;2024-02-22 18:15:00+00:00;0.819;;
688105;unknown;control;2024-02-22 18:30:00+00:00;0.817;;
688105;unknown;control;2024-02-22 18:45:00+00:00;0.828;;
688105;unknown;control;2024-02-22 19:00:00+00:00;0.848;;
688105;unknown;control;2024-02-22 19:15:00+00:00;0.887;;
688105;unknown;control;2024-02-22 19:30:00+00:00;0.277;;
688105;unknown;control;2024-02-22 19:45:00+00:00;0.174;;
688105;unknown;control;2024-02-22 20:00:00+00:00;0.337;;
688105;unknown;control;2024-02-22 20:15:00+00:00;0.81;;
688105;unknown;control;2024-02-22 20:30:00+00:00;0.848;;
688105;unknown;control;2024-02-22 20:45:00+00:00;0.366;;
688105;unknown;control;2024-02-22 21:00:00+00:00;0.243;;
688105;unknown;control;2024-02-22 21:15:00+00:00;0.192;;
688105;unknown;control;2024-02-22 21:30:00+00:00;0.121;;
688105;unknown;control;2024-02-22 21:45:00+00:00;0.111;;
688105;unknown;control;2024-02-22 22:00:00+00:00;0.092;;
688105;unknown;control;2024-02-22 22:15:00+00:00;0.1;;
688105;unknown;control;2024-02-22 22:30:00+00:00;0.103;;
688105;unknown;control;2024-02-22 22:45:00+00:00;0.118;;
688105;unknown;control;2024-02-22 23:00:00+00:00;0.094;;
688105;unknown;control;2024-02-22 23:15:00+00:00;0.088;;
688105;unknown;control;2024-02-22 23:30:00+00:00;0.088;;
688105;unknown;control;2024-02-22 23:45:00+00:00;0.356;;
688105;unknown;control;2024-02-23 00:00:00+00:00;0.9;;
688105;unknown;control;2024-02-23 00:15:00+00:00;0.955;;
688105;unknown;control;2024-02-23 00:30:00+00:00;0.102;;
688105;unknown;control;2024-02-23 00:45:00+00:00;0.088;;
688105;unknown;control;2024-02-23 01:00:00+00:00;0.093;;
688105;unknown;control;2024-02-23 01:15:00+00:00;0.099;;
688105;unknown;control;2024-02-23 01:30:00+00:00;0.861;;
688105;unknown;control;2024-02-23 01:45:00+00:00;0.872;;
688105;unknown;control;2024-02-23 02:00:00+00:00;0.893;;
688105;unknown;control;2024-02-23 02:15:00+00:00;0.912;;
688105;unknown;control;2024-02-23 02:30:00+00:00;0.112;;
688105;unknown;control;2024-02-23 02:45:00+00:00;0.456;;
688105;unknown;control;2024-02-23 03:00:00+00:00;0.75;;
688105;unknown;control;2024-02-23 03:15:00+00:00;0.781;;
688105;unknown;control;2024-02-23 03:30:00+00:00;0.822;;
688105;unknown;control;2024-02-23 03:45:00+00:00;0.821;;
688105;unknown;control;2024-02-23 04:00:00+00:00;0.829;;
688105;unknown;control;2024-02-23 04:15:00+00:00;0.83;;
688105;unknown;control;2024-02-23 04:30:00+00:00;0.846;;
688105;unknown;control;2024-02-23 04:45:00+00:00;0.873;;
688105;unknown;control;2024-02-23 05:00:00+00:00;0.875;;
688105;unknown;control;2024-02-23 05:15:00+00:00;0.861;;
688105;unknown;control;2024-02-23 05:30:00+00:00;0.675;;
688105;unknown;control;2024-02-23 05:45:00+00:00;0.874;;
688105;unknown;control;2024-02-23 06:00:00+00:00;0.096;;
688105;unknown;control;2024-02-23 06:15:00+00:00;0.099;;
688105;unknown;control;2024-02-23 06:30:00+00:00;0.151;;
688105;unknown;control;2024-02-23 06:45:00+00:00;0.034;;
688105;unknown;control;2024-02-23 07:00:00+00:00;0.044;;
688105;unknown;control;2024-02-23 07:15:00+00:00;0.026;;
688105;unknown;control;2024-02-23 07:30:00+00:00;0.0;;
688105;unknown;control;2024-02-23 07:45:00+00:00;0.0;;
688105;unknown;control;2024-02-23 08:00:00+00:00;0.0;;
688105;unknown;control;2024-02-23 08:15:00+00:00;0.0;;
688105;unknown;control;2024-02-23 08:30:00+00:00;0.0;;
688105;unknown;control;2024-02-23 08:45:00+00:00;0.0;;
688105;unknown;control;2024-02-23 09:00:00+00:00;0.0;;
688105;unknown;control;2024-02-23 09:15:00+00:00;0.0;;
688105;unknown;control;2024-02-23 09:30:00+00:00;0.0;;
688105;unknown;control;2024-02-23 09:45:00+00:00;0.0;;
688105;unknown;control;2024-02-23 10:00:00+00:00;0.0;;
688105;unknown;control;2024-02-23 10:15:00+00:00;0.0;;
688105;unknown;control;2024-02-23 10:30:00+00:00;0.0;;
688105;unknown;control;2024-02-23 10:45:00+00:00;0.0;;
688105;unknown;control;2024-02-23 11:00:00+00:00;0.0;;
688105;unknown;control;2024-02-23 11:15:00+00:00;0.0;;
688105;unknown;control;2024-02-23 11:30:00+00:00;0.0;;
688105;unknown;control;2024-02-23 11:45:00+00:00;0.0;;
688105;unknown;control;2024-02-23 12:00:00+00:00;0.0;;
688105;unknown;control;2024-02-23 12:15:00+00:00;0.0;;
688105;unknown;control;2024-02-23 12:30:00+00:00;0.0;;
688105;unknown;control;2024-02-23 12:45:00+00:00;0.0;;
688105;unknown;control;2024-02-23 13:00:00+00:00;0.0;;
688105;unknown;control;2024-02-23 13:15:00+00:00;0.0;;
688105;unknown;control;2024-02-23 13:30:00+00:00;0.0;;
688105;unknown;control;2024-02-23 13:45:00+00:00;0.0;;
688105;unknown;control;2024-02-23 14:00:00+00:00;0.0;;
688105;unknown;control;2024-02-23 14:15:00+00:00;0.0;;
688105;unknown;control;2024-02-23 14:30:00+00:00;0.0;;
688105;unknown;control;2024-02-23 14:45:00+00:00;0.0;;
688105;unknown;control;2024-02-23 15:00:00+00:00;0.0;;
688105;unknown;control;2024-02-23 15:15:00+00:00;0.0;;
688105;unknown;control;2024-02-23 15:30:00+00:00;0.001;;
688105;unknown;control;2024-02-23 15:45:00+00:00;0.0;;
688105;unknown;control;2024-02-23 16:00:00+00:00;0.0;;
688105;unknown;control;2024-02-23 16:15:00+00:00;0.039;;
688105;unknown;control;2024-02-23 16:30:00+00:00;0.073;;
688105;unknown;control;2024-02-23 16:45:00+00:00;0.086;;
688105;unknown;control;2024-02-23 17:00:00+00:00;0.091;;
688105;unknown;control;2024-02-23 17:15:00+00:00;0.131;;
688105;unknown;control;2024-02-23 17:30:00+00:00;0.679;;
688105;unknown;control;2024-02-23 17:45:00+00:00;0.891;;
688105;unknown;control;2024-02-23 18:00:00+00:00;0.743;;
688105;unknown;control;2024-02-23 18:15:00+00:00;0.812;;
688105;unknown;control;2024-02-23 18:30:00+00:00;0.888;;
688105;unknown;control;2024-02-23 18:45:00+00:00;0.839;;
688105;unknown;control;2024-02-23 19:00:00+00:00;0.859;;
688105;unknown;control;2024-02-23 19:15:00+00:00;0.862;;
688105;unknown;control;2024-02-23 19:30:00+00:00;0.902;;
688105;unknown;control;2024-02-23 19:45:00+00:00;0.893;;
688105;unknown;control;2024-02-23 20:00:00+00:00;0.908;;
688105;unknown;control;2024-02-23 20:15:00+00:00;0.896;;
688105;unknown;control;2024-02-23 20:30:00+00:00;0.889;;
688105;unknown;control;2024-02-23 20:45:00+00:00;0.376;;
688105;unknown;control;2024-02-23 21:00:00+00:00;0.216;;
688105;unknown;control;2024-02-23 21:15:00+00:00;0.228;;
688105;unknown;control;2024-02-23 21:30:00+00:00;0.204;;
688105;unknown;control;2024-02-23 21:45:00+00:00;0.202;;
688105;unknown;control;2024-02-23 22:00:00+00:00;0.185;;
688105;unknown;control;2024-02-23 22:15:00+00:00;0.187;;
688105;unknown;control;2024-02-23 22:30:00+00:00;0.201;;
688105;unknown;control;2024-02-23 22:45:00+00:00;0.186;;
688105;unknown;control;2024-02-23 23:00:00+00:00;0.178;;
688105;unknown;control;2024-02-23 23:15:00+00:00;0.11;;
688105;unknown;control;2024-02-23 23:30:00+00:00;0.096;;
688105;unknown;control;2024-02-23 23:45:00+00:00;0.357;;
688105;unknown;control;2024-02-24 00:00:00+00:00;0.859;;
688105;unknown;control;2024-02-24 00:15:00+00:00;0.937;;
688105;unknown;control;2024-02-24 00:30:00+00:00;0.437;;
688105;unknown;control;2024-02-24 00:45:00+00:00;0.112;;
688105;unknown;control;2024-02-24 01:00:00+00:00;0.096;;
688105;unknown;control;2024-02-24 01:15:00+00:00;0.088;;
688105;unknown;control;2024-02-24 01:30:00+00:00;0.861;;
688105;unknown;control;2024-02-24 01:45:00+00:00;0.869;;
688105;unknown;control;2024-02-24 02:00:00+00:00;0.903;;
688105;unknown;control;2024-02-24 02:15:00+00:00;0.899;;
688105;unknown;control;2024-02-24 02:30:00+00:00;0.442;;
688105;unknown;control;2024-02-24 02:45:00+00:00;0.728;;
688105;unknown;control;2024-02-24 03:00:00+00:00;0.772;;
688105;unknown;control;2024-02-24 03:15:00+00:00;0.807;;
688105;unknown;control;2024-02-24 03:30:00+00:00;0.805;;
688105;unknown;control;2024-02-24 03:45:00+00:00;0.813;;
688105;unknown;control;2024-02-24 04:00:00+00:00;0.834;;
688105;unknown;control;2024-02-24 04:15:00+00:00;0.841;;
688105;unknown;control;2024-02-24 04:30:00+00:00;0.867;;
688105;unknown;control;2024-02-24 04:45:00+00:00;0.856;;
688105;unknown;control;2024-02-24 05:00:00+00:00;0.86;;
688105;unknown;control;2024-02-24 05:15:00+00:00;0.873;;
688105;unknown;control;2024-02-24 05:30:00+00:00;0.888;;
688105;unknown;control;2024-02-24 05:45:00+00:00;0.291;;
688105;unknown;control;2024-02-24 06:00:00+00:00;0.138;;
688105;unknown;control;2024-02-24 06:15:00+00:00;0.15;;
688105;unknown;control;2024-02-24 06:30:00+00:00;0.111;;
688105;unknown;control;2024-02-24 06:45:00+00:00;0.095;;
688105;unknown;control;2024-02-24 07:00:00+00:00;0.037;;
688105;unknown;control;2024-02-24 07:15:00+00:00;0.019;;
688105;unknown;control;2024-02-24 07:30:00+00:00;0.0;;
688105;unknown;control;2024-02-24 07:45:00+00:00;0.027;;
688105;unknown;control;2024-02-24 08:00:00+00:00;0.001;;
688105;unknown;control;2024-02-24 08:15:00+00:00;0.0;;
688105;unknown;control;2024-02-24 08:30:00+00:00;0.336;;
688105;unknown;control;2024-02-24 08:45:00+00:00;0.012;;
688105;unknown;control;2024-02-24 09:00:00+00:00;0.0;;
688105;unknown;control;2024-02-24 09:15:00+00:00;0.0;;
688105;unknown;control;2024-02-24 09:30:00+00:00;0.0;;
688105;unknown;control;2024-02-24 09:45:00+00:00;0.0;;
688105;unknown;control;2024-02-24 10:00:00+00:00;0.0;;
688105;unknown;control;2024-02-24 10:15:00+00:00;0.0;;
688105;unknown;control;2024-02-24 10:30:00+00:00;0.0;;
688105;unknown;control;2024-02-24 10:45:00+00:00;0.0;;
688105;unknown;control;2024-02-24 11:00:00+00:00;0.0;;
688105;unknown;control;2024-02-24 11:15:00+00:00;0.0;;
688105;unknown;control;2024-02-24 11:30:00+00:00;0.0;;
688105;unknown;control;2024-02-24 11:45:00+00:00;0.0;;
688105;unknown;control;2024-02-24 12:00:00+00:00;0.01;;
688105;unknown;control;2024-02-24 12:15:00+00:00;0.0;;
688105;unknown;control;2024-02-24 12:30:00+00:00;0.005;;
688105;unknown;control;2024-02-24 12:45:00+00:00;0.036;;
688105;unknown;control;2024-02-24 13:00:00+00:00;0.0;;
688105;unknown;control;2024-02-24 13:15:00+00:00;0.0;;
688105;unknown;control;2024-02-24 13:30:00+00:00;0.0;;
688105;unknown;control;2024-02-24 13:45:00+00:00;0.0;;
688105;unknown;control;2024-02-24 14:00:00+00:00;0.0;;
688105;unknown;control;2024-02-24 14:15:00+00:00;0.0;;
688105;unknown;control;2024-02-24 14:30:00+00:00;0.0;;
688105;unknown;control;2024-02-24 14:45:00+00:00;0.007;;
688105;unknown;control;2024-02-24 15:00:00+00:00;0.034;;
688105;unknown;control;2024-02-24 15:15:00+00:00;0.009;;
688105;unknown;control;2024-02-24 15:30:00+00:00;0.106;;
688105;unknown;control;2024-02-24 15:45:00+00:00;0.178;;
688105;unknown;control;2024-02-24 16:00:00+00:00;0.22;;
688105;unknown;control;2024-02-24 16:15:00+00:00;0.095;;
688105;unknown;control;2024-02-24 16:30:00+00:00;0.202;;
688105;unknown;control;2024-02-24 16:45:00+00:00;0.245;;
688105;unknown;control;2024-02-24 17:00:00+00:00;0.441;;
688105;unknown;control;2024-02-24 17:15:00+00:00;0.616;;
688105;unknown;control;2024-02-24 17:30:00+00:00;0.493;;
688105;unknown;control;2024-02-24 17:45:00+00:00;0.753;;
688105;unknown;control;2024-02-24 18:00:00+00:00;0.781;;
688105;unknown;control;2024-02-24 18:15:00+00:00;0.796;;
688105;unknown;control;2024-02-24 18:30:00+00:00;0.806;;
688105;unknown;control;2024-02-24 18:45:00+00:00;0.863;;
688105;unknown;control;2024-02-24 19:00:00+00:00;1.007;;
688105;unknown;control;2024-02-24 19:15:00+00:00;0.869;;
688105;unknown;control;2024-02-24 19:30:00+00:00;0.884;;
688105;unknown;control;2024-02-24 19:45:00+00:00;0.902;;
688105;unknown;control;2024-02-24 20:00:00+00:00;0.95;;
688105;unknown;control;2024-02-24 20:15:00+00:00;0.946;;
688105;unknown;control;2024-02-24 20:30:00+00:00;0.944;;
688105;unknown;control;2024-02-24 20:45:00+00:00;0.198;;
688105;unknown;control;2024-02-24 21:00:00+00:00;0.191;;
688105;unknown;control;2024-02-24 21:15:00+00:00;0.19;;
688105;unknown;control;2024-02-24 21:30:00+00:00;0.181;;
688105;unknown;control;2024-02-24 21:45:00+00:00;0.165;;
688105;unknown;control;2024-02-24 22:00:00+00:00;0.121;;
688105;unknown;control;2024-02-24 22:15:00+00:00;0.107;;
688105;unknown;control;2024-02-24 22:30:00+00:00;0.105;;
688105;unknown;control;2024-02-24 22:45:00+00:00;0.104;;
688105;unknown;control;2024-02-24 23:00:00+00:00;0.105;;
688105;unknown;control;2024-02-24 23:15:00+00:00;0.118;;
688105;unknown;control;2024-02-24 23:30:00+00:00;0.118;;
688105;unknown;control;2024-02-24 23:45:00+00:00;0.373;;
688105;unknown;control;2024-02-25 00:00:00+00:00;0.884;;
688105;unknown;control;2024-02-25 00:15:00+00:00;0.942;;
688105;unknown;control;2024-02-25 00:30:00+00:00;0.166;;
688105;unknown;control;2024-02-25 00:45:00+00:00;0.094;;
688105;unknown;control;2024-02-25 01:00:00+00:00;0.104;;
688105;unknown;control;2024-02-25 01:15:00+00:00;0.121;;
688105;unknown;control;2024-02-25 01:30:00+00:00;0.9;;
688105;unknown;control;2024-02-25 01:45:00+00:00;0.904;;
688105;unknown;control;2024-02-25 02:00:00+00:00;0.901;;
688105;unknown;control;2024-02-25 02:15:00+00:00;0.897;;
688105;unknown;control;2024-02-25 02:30:00+00:00;1.144;;
688105;unknown;control;2024-02-25 02:45:00+00:00;0.742;;
688105;unknown;control;2024-02-25 03:00:00+00:00;0.793;;
688105;unknown;control;2024-02-25 03:15:00+00:00;0.812;;
688105;unknown;control;2024-02-25 03:30:00+00:00;0.81;;
688105;unknown;control;2024-02-25 03:45:00+00:00;0.826;;
688105;unknown;control;2024-02-25 04:00:00+00:00;0.841;;
688105;unknown;control;2024-02-25 04:15:00+00:00;0.847;;
688105;unknown;control;2024-02-25 04:30:00+00:00;0.867;;
688105;unknown;control;2024-02-25 04:45:00+00:00;0.861;;
688105;unknown;control;2024-02-25 05:00:00+00:00;0.861;;
688105;unknown;control;2024-02-25 05:15:00+00:00;0.854;;
688105;unknown;control;2024-02-25 05:30:00+00:00;0.859;;
688105;unknown;control;2024-02-25 05:45:00+00:00;0.266;;
688105;unknown;control;2024-02-25 06:00:00+00:00;0.089;;
688105;unknown;control;2024-02-25 06:15:00+00:00;0.11;;
688105;unknown;control;2024-02-25 06:30:00+00:00;0.089;;
688105;unknown;control;2024-02-25 06:45:00+00:00;0.061;;
688105;unknown;control;2024-02-25 07:00:00+00:00;0.114;;
688105;unknown;control;2024-02-25 07:15:00+00:00;0.009;;
688105;unknown;control;2024-02-25 07:30:00+00:00;0.0;;
688105;unknown;control;2024-02-25 07:45:00+00:00;0.043;;
688105;unknown;control;2024-02-25 08:00:00+00:00;0.005;;
688105;unknown;control;2024-02-25 08:15:00+00:00;0.0;;
688105;unknown;control;2024-02-25 08:30:00+00:00;0.002;;
688105;unknown;control;2024-02-25 08:45:00+00:00;0.005;;
688105;unknown;control;2024-02-25 09:00:00+00:00;0.0;;
688105;unknown;control;2024-02-25 09:15:00+00:00;0.0;;
688105;unknown;control;2024-02-25 09:30:00+00:00;0.0;;
688105;unknown;control;2024-02-25 09:45:00+00:00;0.0;;
688105;unknown;control;2024-02-25 10:00:00+00:00;0.0;;
688105;unknown;control;2024-02-25 10:15:00+00:00;0.0;;
688105;unknown;control;2024-02-25 10:30:00+00:00;0.0;;
688105;unknown;control;2024-02-25 10:45:00+00:00;0.0;;
688105;unknown;control;2024-02-25 11:00:00+00:00;0.0;;
688105;unknown;control;2024-02-25 11:15:00+00:00;0.0;;
688105;unknown;control;2024-02-25 11:30:00+00:00;0.0;;
688105;unknown;control;2024-02-25 11:45:00+00:00;0.0;;
688105;unknown;control;2024-02-25 12:00:00+00:00;0.0;;
688105;unknown;control;2024-02-25 12:15:00+00:00;0.0;;
688105;unknown;control;2024-02-25 12:30:00+00:00;0.0;;
688105;unknown;control;2024-02-25 12:45:00+00:00;0.0;;
688105;unknown;control;2024-02-25 13:00:00+00:00;0.0;;
688105;unknown;control;2024-02-25 13:15:00+00:00;0.0;;
688105;unknown;control;2024-02-25 13:30:00+00:00;0.0;;
688105;unknown;control;2024-02-25 13:45:00+00:00;0.0;;
688105;unknown;control;2024-02-25 14:00:00+00:00;0.0;;
688105;unknown;control;2024-02-25 14:15:00+00:00;0.0;;
688105;unknown;control;2024-02-25 14:30:00+00:00;0.0;;
688105;unknown;control;2024-02-25 14:45:00+00:00;0.0;;
688105;unknown;control;2024-02-25 15:00:00+00:00;0.0;;
688105;unknown;control;2024-02-25 15:15:00+00:00;0.0;;
688105;unknown;control;2024-02-25 15:30:00+00:00;0.0;;
688105;unknown;control;2024-02-25 15:45:00+00:00;0.0;;
688105;unknown;control;2024-02-25 16:00:00+00:00;0.0;;
688105;unknown;control;2024-02-25 16:15:00+00:00;0.011;;
688105;unknown;control;2024-02-25 16:30:00+00:00;0.104;;
688105;unknown;control;2024-02-25 16:45:00+00:00;0.151;;
688105;unknown;control;2024-02-25 17:00:00+00:00;0.191;;
688105;unknown;control;2024-02-25 17:15:00+00:00;0.623;;
688105;unknown;control;2024-02-25 17:30:00+00:00;0.687;;
688105;unknown;control;2024-02-25 17:45:00+00:00;0.758;;
688105;unknown;control;2024-02-25 18:00:00+00:00;0.876;;
688105;unknown;control;2024-02-25 18:15:00+00:00;0.891;;
688105;unknown;control;2024-02-25 18:30:00+00:00;1.169;;
688105;unknown;control;2024-02-25 18:45:00+00:00;0.91;;
688105;unknown;control;2024-02-25 19:00:00+00:00;0.964;;
688105;unknown;control;2024-02-25 19:15:00+00:00;0.971;;
688105;unknown;control;2024-02-25 19:30:00+00:00;1.014;;
688105;unknown;control;2024-02-25 19:45:00+00:00;0.906;;
688105;unknown;control;2024-02-25 20:00:00+00:00;0.927;;
688105;unknown;control;2024-02-25 20:15:00+00:00;0.935;;
688105;unknown;control;2024-02-25 20:30:00+00:00;0.542;;
688105;unknown;control;2024-02-25 20:45:00+00:00;0.181;;
688105;unknown;control;2024-02-25 21:00:00+00:00;0.21;;
688105;unknown;control;2024-02-25 21:15:00+00:00;0.176;;
688105;unknown;control;2024-02-25 21:30:00+00:00;0.137;;
688105;unknown;control;2024-02-25 21:45:00+00:00;0.117;;
688105;unknown;control;2024-02-25 22:00:00+00:00;0.109;;
688105;unknown;control;2024-02-25 22:15:00+00:00;0.093;;
688105;unknown;control;2024-02-25 22:30:00+00:00;0.093;;
688105;unknown;control;2024-02-25 22:45:00+00:00;0.106;;
688105;unknown;control;2024-02-25 23:00:00+00:00;0.104;;
688105;unknown;control;2024-02-25 23:15:00+00:00;0.107;;
688105;unknown;control;2024-02-25 23:30:00+00:00;0.109;;
688105;unknown;control;2024-02-25 23:45:00+00:00;0.348;;
688105;unknown;control;2024-02-26 00:00:00+00:00;0.826;;
688105;unknown;control;2024-02-26 00:15:00+00:00;0.902;;
688105;unknown;control;2024-02-26 00:30:00+00:00;0.974;;
688105;unknown;control;2024-02-26 00:45:00+00:00;0.157;;
688105;unknown;control;2024-02-26 01:00:00+00:00;0.107;;
688105;unknown;control;2024-02-26 01:15:00+00:00;0.113;;
688105;unknown;control;2024-02-26 01:30:00+00:00;0.882;;
688105;unknown;control;2024-02-26 01:45:00+00:00;0.871;;
688105;unknown;control;2024-02-26 02:00:00+00:00;0.88;;
688105;unknown;control;2024-02-26 02:15:00+00:00;0.895;;
688105;unknown;control;2024-02-26 02:30:00+00:00;0.905;;
688105;unknown;control;2024-02-26 02:45:00+00:00;0.939;;
688105;unknown;control;2024-02-26 03:00:00+00:00;0.755;;
688105;unknown;control;2024-02-26 03:15:00+00:00;0.796;;
688105;unknown;control;2024-02-26 03:30:00+00:00;0.801;;
688105;unknown;control;2024-02-26 03:45:00+00:00;0.815;;
688105;unknown;control;2024-02-26 04:00:00+00:00;0.842;;
688105;unknown;control;2024-02-26 04:15:00+00:00;0.868;;
688105;unknown;control;2024-02-26 04:30:00+00:00;0.89;;
688105;unknown;control;2024-02-26 04:45:00+00:00;0.909;;
688105;unknown;control;2024-02-26 05:00:00+00:00;0.424;;
688105;unknown;control;2024-02-26 05:15:00+00:00;0.09;;
688105;unknown;control;2024-02-26 05:30:00+00:00;0.124;;
688105;unknown;control;2024-02-26 05:45:00+00:00;0.931;;
688105;unknown;control;2024-02-26 06:00:00+00:00;0.238;;
688105;unknown;control;2024-02-26 06:15:00+00:00;0.169;;
688105;unknown;control;2024-02-26 06:30:00+00:00;0.04;;
688105;unknown;control;2024-02-26 06:45:00+00:00;0.025;;
688105;unknown;control;2024-02-26 07:00:00+00:00;0.0;;
688105;unknown;control;2024-02-26 07:15:00+00:00;0.001;;
688105;unknown;control;2024-02-26 07:30:00+00:00;0.0;;
688105;unknown;control;2024-02-26 07:45:00+00:00;0.0;;
688105;unknown;control;2024-02-26 08:00:00+00:00;0.0;;
688105;unknown;control;2024-02-26 08:15:00+00:00;0.0;;
688105;unknown;control;2024-02-26 08:30:00+00:00;0.0;;
688105;unknown;control;2024-02-26 08:45:00+00:00;0.0;;
688105;unknown;control;2024-02-26 09:00:00+00:00;0.0;;
688105;unknown;control;2024-02-26 09:15:00+00:00;0.0;;
688105;unknown;control;2024-02-26 09:30:00+00:00;0.0;;
688105;unknown;control;2024-02-26 09:45:00+00:00;0.0;;
688105;unknown;control;2024-02-26 10:00:00+00:00;0.0;;
688105;unknown;control;2024-02-26 10:15:00+00:00;0.0;;
688105;unknown;control;2024-02-26 10:30:00+00:00;0.0;;
688105;unknown;control;2024-02-26 10:45:00+00:00;0.0;;
688105;unknown;control;2024-02-26 11:00:00+00:00;0.0;;
688105;unknown;control;2024-02-26 11:15:00+00:00;0.0;;
688105;unknown;control;2024-02-26 11:30:00+00:00;0.0;;
688105;unknown;control;2024-02-26 11:45:00+00:00;0.0;;
688105;unknown;control;2024-02-26 12:00:00+00:00;0.0;;
688105;unknown;control;2024-02-26 12:15:00+00:00;0.0;;
688105;unknown;control;2024-02-26 12:30:00+00:00;0.0;;
688105;unknown;control;2024-02-26 12:45:00+00:00;0.0;;
688105;unknown;control;2024-02-26 13:00:00+00:00;0.0;;
688105;unknown;control;2024-02-26 13:15:00+00:00;0.0;;
688105;unknown;control;2024-02-26 13:30:00+00:00;0.0;;
688105;unknown;control;2024-02-26 13:45:00+00:00;0.0;;
688105;unknown;control;2024-02-26 14:00:00+00:00;0.0;;
688105;unknown;control;2024-02-26 14:15:00+00:00;0.0;;
688105;unknown;control;2024-02-26 14:30:00+00:00;0.0;;
688105;unknown;control;2024-02-26 14:45:00+00:00;0.0;;
688105;unknown;control;2024-02-26 15:00:00+00:00;0.0;;
688105;unknown;control;2024-02-26 15:15:00+00:00;0.001;;
688105;unknown;control;2024-02-26 15:30:00+00:00;0.0;;
688105;unknown;control;2024-02-26 15:45:00+00:00;0.016;;
688105;unknown;control;2024-02-26 16:00:00+00:00;0.018;;
688105;unknown;control;2024-02-26 16:15:00+00:00;0.027;;
688105;unknown;control;2024-02-26 16:30:00+00:00;0.058;;
688105;unknown;control;2024-02-26 16:45:00+00:00;0.075;;
688105;unknown;control;2024-02-26 17:00:00+00:00;0.185;;
688105;unknown;control;2024-02-26 17:15:00+00:00;0.123;;
688105;unknown;control;2024-02-26 17:30:00+00:00;0.682;;
688105;unknown;control;2024-02-26 17:45:00+00:00;1.05;;
688105;unknown;control;2024-02-26 18:00:00+00:00;0.776;;
688105;unknown;control;2024-02-26 18:15:00+00:00;0.776;;
688105;unknown;control;2024-02-26 18:30:00+00:00;0.811;;
688105;unknown;control;2024-02-26 18:45:00+00:00;0.908;;
688105;unknown;control;2024-02-26 19:00:00+00:00;0.903;;
688105;unknown;control;2024-02-26 19:15:00+00:00;0.874;;
688105;unknown;control;2024-02-26 19:30:00+00:00;0.869;;
688105;unknown;control;2024-02-26 19:45:00+00:00;0.886;;
688105;unknown;control;2024-02-26 20:00:00+00:00;1.021;;
688105;unknown;control;2024-02-26 20:15:00+00:00;0.63;;
688105;unknown;control;2024-02-26 20:30:00+00:00;0.199;;
688105;unknown;control;2024-02-26 20:45:00+00:00;0.191;;
688105;unknown;control;2024-02-26 21:00:00+00:00;0.137;;
688105;unknown;control;2024-02-26 21:15:00+00:00;0.098;;
688105;unknown;control;2024-02-26 21:30:00+00:00;0.099;;
688105;unknown;control;2024-02-26 21:45:00+00:00;0.104;;
688105;unknown;control;2024-02-26 22:00:00+00:00;0.109;;
688105;unknown;control;2024-02-26 22:15:00+00:00;0.104;;
688105;unknown;control;2024-02-26 22:30:00+00:00;0.104;;
688105;unknown;control;2024-02-26 22:45:00+00:00;0.094;;
688105;unknown;control;2024-02-26 23:00:00+00:00;0.088;;
688105;unknown;control;2024-02-26 23:15:00+00:00;0.105;;
688105;unknown;control;2024-02-26 23:30:00+00:00;0.105;;
688105;unknown;control;2024-02-26 23:45:00+00:00;0.35;;
688105;unknown;control;2024-02-27 00:00:00+00:00;0.849;;
688105;unknown;control;2024-02-27 00:15:00+00:00;0.923;;
688105;unknown;control;2024-02-27 00:30:00+00:00;0.623;;
688105;unknown;control;2024-02-27 00:45:00+00:00;0.094;;
688105;unknown;control;2024-02-27 01:00:00+00:00;0.108;;
688105;unknown;control;2024-02-27 01:15:00+00:00;0.098;;
688105;unknown;control;2024-02-27 01:30:00+00:00;0.886;;
688105;unknown;control;2024-02-27 01:45:00+00:00;0.883;;
688105;unknown;control;2024-02-27 02:00:00+00:00;0.892;;
688105;unknown;control;2024-02-27 02:15:00+00:00;0.794;;
688105;unknown;control;2024-02-27 02:30:00+00:00;0.102;;
688105;unknown;control;2024-02-27 02:45:00+00:00;0.127;;
688105;unknown;control;2024-02-27 03:00:00+00:00;0.725;;
688105;unknown;control;2024-02-27 03:15:00+00:00;0.789;;
688105;unknown;control;2024-02-27 03:30:00+00:00;0.807;;
688105;unknown;control;2024-02-27 03:45:00+00:00;0.821;;
688105;unknown;control;2024-02-27 04:00:00+00:00;0.831;;
688105;unknown;control;2024-02-27 04:15:00+00:00;0.868;;
688105;unknown;control;2024-02-27 04:30:00+00:00;0.879;;
688105;unknown;control;2024-02-27 04:45:00+00:00;0.89;;
688105;unknown;control;2024-02-27 05:00:00+00:00;0.195;;
688105;unknown;control;2024-02-27 05:15:00+00:00;0.103;;
688105;unknown;control;2024-02-27 05:30:00+00:00;0.191;;
688105;unknown;control;2024-02-27 05:45:00+00:00;1.062;;
688105;unknown;control;2024-02-27 06:00:00+00:00;0.127;;
688105;unknown;control;2024-02-27 06:15:00+00:00;0.106;;
688105;unknown;control;2024-02-27 06:30:00+00:00;0.05;;
688105;unknown;control;2024-02-27 06:45:00+00:00;0.038;;
688105;unknown;control;2024-02-27 07:00:00+00:00;0.252;;
688105;unknown;control;2024-02-27 07:15:00+00:00;0.296;;
688105;unknown;control;2024-02-27 07:30:00+00:00;0.55;;
688105;unknown;control;2024-02-27 07:45:00+00:00;0.243;;
688105;unknown;control;2024-02-27 08:00:00+00:00;0.084;;
688105;unknown;control;2024-02-27 08:15:00+00:00;0.013;;
688105;unknown;control;2024-02-27 08:30:00+00:00;0.206;;
688105;unknown;control;2024-02-27 08:45:00+00:00;0.0;;
688105;unknown;control;2024-02-27 09:00:00+00:00;0.033;;
688105;unknown;control;2024-02-27 09:15:00+00:00;0.0;;
688105;unknown;control;2024-02-27 09:30:00+00:00;0.0;;
688105;unknown;control;2024-02-27 09:45:00+00:00;0.0;;
688105;unknown;control;2024-02-27 10:00:00+00:00;0.0;;
688105;unknown;control;2024-02-27 10:15:00+00:00;0.0;;
688105;unknown;control;2024-02-27 10:30:00+00:00;0.0;;
688105;unknown;control;2024-02-27 10:45:00+00:00;0.0;;
688105;unknown;control;2024-02-27 11:00:00+00:00;0.0;;
688105;unknown;control;2024-02-27 11:15:00+00:00;0.0;;
688105;unknown;control;2024-02-27 11:30:00+00:00;0.0;;
688105;unknown;control;2024-02-27 11:45:00+00:00;0.0;;
688105;unknown;control;2024-02-27 12:00:00+00:00;0.0;;
688105;unknown;control;2024-02-27 12:15:00+00:00;0.0;;
688105;unknown;control;2024-02-27 12:30:00+00:00;0.0;;
688105;unknown;control;2024-02-27 12:45:00+00:00;0.0;;
688105;unknown;control;2024-02-27 13:00:00+00:00;0.0;;
688105;unknown;control;2024-02-27 13:15:00+00:00;0.0;;
688105;unknown;control;2024-02-27 13:30:00+00:00;0.0;;
688105;unknown;control;2024-02-27 13:45:00+00:00;0.0;;
688105;unknown;control;2024-02-27 14:00:00+00:00;0.0;;
688105;unknown;control;2024-02-27 14:15:00+00:00;0.0;;
688105;unknown;control;2024-02-27 14:30:00+00:00;0.0;;
688105;unknown;control;2024-02-27 14:45:00+00:00;0.0;;
688105;unknown;control;2024-02-27 15:00:00+00:00;0.0;;
688105;unknown;control;2024-02-27 15:15:00+00:00;0.0;;
688105;unknown;control;2024-02-27 15:30:00+00:00;0.001;;
688105;unknown;control;2024-02-27 15:45:00+00:00;0.0;;
688105;unknown;control;2024-02-27 16:00:00+00:00;0.016;;
688105;unknown;control;2024-02-27 16:15:00+00:00;0.016;;
688105;unknown;control;2024-02-27 16:30:00+00:00;0.027;;
688105;unknown;control;2024-02-27 16:45:00+00:00;0.057;;
688105;unknown;control;2024-02-27 17:00:00+00:00;0.092;;
688105;unknown;control;2024-02-27 17:15:00+00:00;0.127;;
688105;unknown;control;2024-02-27 17:30:00+00:00;0.597;;
688105;unknown;control;2024-02-27 17:45:00+00:00;0.788;;
688105;unknown;control;2024-02-27 18:00:00+00:00;0.737;;
688105;unknown;control;2024-02-27 18:15:00+00:00;0.949;;
688105;unknown;control;2024-02-27 18:30:00+00:00;0.804;;
688105;unknown;control;2024-02-27 18:45:00+00:00;0.887;;
688105;unknown;control;2024-02-27 19:00:00+00:00;0.898;;
688105;unknown;control;2024-02-27 19:15:00+00:00;0.896;;
688105;unknown;control;2024-02-27 19:30:00+00:00;0.537;;
688105;unknown;control;2024-02-27 19:45:00+00:00;0.171;;
688105;unknown;control;2024-02-27 20:00:00+00:00;0.219;;
688105;unknown;control;2024-02-27 20:15:00+00:00;0.855;;
688105;unknown;control;2024-02-27 20:30:00+00:00;0.852;;
688105;unknown;control;2024-02-27 20:45:00+00:00;0.35;;
688105;unknown;control;2024-02-27 21:00:00+00:00;0.199;;
688105;unknown;control;2024-02-27 21:15:00+00:00;0.173;;
688105;unknown;control;2024-02-27 21:30:00+00:00;0.161;;
688105;unknown;control;2024-02-27 21:45:00+00:00;0.106;;
688105;unknown;control;2024-02-27 22:00:00+00:00;0.094;;
688105;unknown;control;2024-02-27 22:15:00+00:00;0.103;;
688105;unknown;control;2024-02-27 22:30:00+00:00;0.115;;
688105;unknown;control;2024-02-27 22:45:00+00:00;0.101;;
688105;unknown;control;2024-02-27 23:00:00+00:00;0.085;;
688105;unknown;control;2024-02-27 23:15:00+00:00;0.085;;
688105;unknown;control;2024-02-27 23:30:00+00:00;0.085;;
688105;unknown;control;2024-02-27 23:45:00+00:00;0.362;;
