Household_ID;Group;AffectsTimePoint;Timestamp;kWh_received_Total;kWh_received_HeatPump;kWh_received_Other
808410;treatment;before visit;2023-03-24 00:00:00+00:00;0.092;;
808410;treatment;before visit;2023-03-24 00:15:00+00:00;0.098;;
808410;treatment;before visit;2023-03-24 00:30:00+00:00;0.342;;
808410;treatment;before visit;2023-03-24 00:45:00+00:00;0.39;;
808410;treatment;before visit;2023-03-24 01:00:00+00:00;0.278;;
808410;treatment;before visit;2023-03-24 01:15:00+00:00;0.092;;
808410;treatment;before visit;2023-03-24 01:30:00+00:00;0.095;;
808410;treatment;before visit;2023-03-24 01:45:00+00:00;0.092;;
808410;treatment;before visit;2023-03-24 02:00:00+00:00;0.092;;
808410;treatment;before visit;2023-03-24 02:15:00+00:00;0.095;;
808410;treatment;before visit;2023-03-24 02:30:00+00:00;0.437;;
808410;treatment;before visit;2023-03-24 02:45:00+00:00;0.359;;
808410;treatment;before visit;2023-03-24 03:00:00+00:00;0.262;;
808410;treatment;before visit;2023-03-24 03:15:00+00:00;0.092;;
808410;treatment;before visit;2023-03-24 03:30:00+00:00;0.092;;
808410;treatment;before visit;2023-03-24 03:45:00+00:00;0.092;;
808410;treatment;before visit;2023-03-24 04:00:00+00:00;0.095;;
808410;treatment;before visit;2023-03-24 04:15:00+00:00;0.1;;
808410;treatment;before visit;2023-03-24 04:30:00+00:00;0.45;;
808410;treatment;before visit;2023-03-24 04:45:00+00:00;0.354;;
808410;treatment;before visit;2023-03-24 05:00:00+00:00;0.265;;
808410;treatment;before visit;2023-03-24 05:15:00+00:00;0.097;;
808410;treatment;before visit;2023-03-24 05:30:00+00:00;0.099;;
808410;treatment;before visit;2023-03-24 05:45:00+00:00;0.094;;
808410;treatment;before visit;2023-03-24 06:00:00+00:00;0.1;;
808410;treatment;before visit;2023-03-24 06:15:00+00:00;0.101;;
808410;treatment;before visit;2023-03-24 06:30:00+00:00;0.445;;
808410;treatment;before visit;2023-03-24 06:45:00+00:00;0.63;;
808410;treatment;before visit;2023-03-24 07:00:00+00:00;0.389;;
808410;treatment;before visit;2023-03-24 07:15:00+00:00;0.189;;
808410;treatment;before visit;2023-03-24 07:30:00+00:00;0.176;;
808410;treatment;before visit;2023-03-24 07:45:00+00:00;0.35;;
808410;treatment;before visit;2023-03-24 08:00:00+00:00;0.598;;
808410;treatment;before visit;2023-03-24 08:15:00+00:00;0.221;;
808410;treatment;before visit;2023-03-24 08:30:00+00:00;0.404;;
808410;treatment;before visit;2023-03-24 08:45:00+00:00;0.642;;
808410;treatment;before visit;2023-03-24 09:00:00+00:00;0.229;;
808410;treatment;before visit;2023-03-24 09:15:00+00:00;0.053;;
808410;treatment;before visit;2023-03-24 09:30:00+00:00;0.016;;
808410;treatment;before visit;2023-03-24 09:45:00+00:00;0.04;;
808410;treatment;before visit;2023-03-24 10:00:00+00:00;0.045;;
808410;treatment;before visit;2023-03-24 10:15:00+00:00;0.005;;
808410;treatment;before visit;2023-03-24 10:30:00+00:00;0.183;;
808410;treatment;before visit;2023-03-24 10:45:00+00:00;0.21;;
808410;treatment;before visit;2023-03-24 11:00:00+00:00;0.345;;
808410;treatment;before visit;2023-03-24 11:15:00+00:00;0.038;;
808410;treatment;before visit;2023-03-24 11:30:00+00:00;0.005;;
808410;treatment;before visit;2023-03-24 11:45:00+00:00;0.017;;
808410;treatment;before visit;2023-03-24 12:00:00+00:00;0.049;;
808410;treatment;before visit;2023-03-24 12:15:00+00:00;0.055;;
808410;treatment;before visit;2023-03-24 12:30:00+00:00;0.44;;
808410;treatment;before visit;2023-03-24 12:45:00+00:00;0.379;;
808410;treatment;before visit;2023-03-24 13:00:00+00:00;0.339;;
808410;treatment;before visit;2023-03-24 13:15:00+00:00;0.134;;
808410;treatment;before visit;2023-03-24 13:30:00+00:00;0.062;;
808410;treatment;before visit;2023-03-24 13:45:00+00:00;0.099;;
808410;treatment;before visit;2023-03-24 14:00:00+00:00;0.09;;
808410;treatment;before visit;2023-03-24 14:15:00+00:00;0.47;;
808410;treatment;before visit;2023-03-24 14:30:00+00:00;0.434;;
808410;treatment;before visit;2023-03-24 14:45:00+00:00;0.356;;
808410;treatment;before visit;2023-03-24 15:00:00+00:00;0.128;;
808410;treatment;before visit;2023-03-24 15:15:00+00:00;0.123;;
808410;treatment;before visit;2023-03-24 15:30:00+00:00;0.145;;
808410;treatment;before visit;2023-03-24 15:45:00+00:00;0.15;;
808410;treatment;before visit;2023-03-24 16:00:00+00:00;0.471;;
808410;treatment;before visit;2023-03-24 16:15:00+00:00;0.464;;
808410;treatment;before visit;2023-03-24 16:30:00+00:00;0.391;;
808410;treatment;before visit;2023-03-24 16:45:00+00:00;0.272;;
808410;treatment;before visit;2023-03-24 17:00:00+00:00;0.092;;
808410;treatment;before visit;2023-03-24 17:15:00+00:00;0.091;;
808410;treatment;before visit;2023-03-24 17:30:00+00:00;0.088;;
808410;treatment;before visit;2023-03-24 17:45:00+00:00;0.086;;
808410;treatment;before visit;2023-03-24 18:00:00+00:00;0.438;;
808410;treatment;before visit;2023-03-24 18:15:00+00:00;0.471;;
808410;treatment;before visit;2023-03-24 18:30:00+00:00;0.346;;
808410;treatment;before visit;2023-03-24 18:45:00+00:00;0.185;;
808410;treatment;before visit;2023-03-24 19:00:00+00:00;0.109;;
808410;treatment;before visit;2023-03-24 19:15:00+00:00;0.138;;
808410;treatment;before visit;2023-03-24 19:30:00+00:00;0.116;;
808410;treatment;before visit;2023-03-24 19:45:00+00:00;0.122;;
808410;treatment;before visit;2023-03-24 20:00:00+00:00;0.56;;
808410;treatment;before visit;2023-03-24 20:15:00+00:00;0.458;;
808410;treatment;before visit;2023-03-24 20:30:00+00:00;0.282;;
808410;treatment;before visit;2023-03-24 20:45:00+00:00;0.088;;
808410;treatment;before visit;2023-03-24 21:00:00+00:00;0.087;;
808410;treatment;before visit;2023-03-24 21:15:00+00:00;0.088;;
808410;treatment;before visit;2023-03-24 21:30:00+00:00;0.095;;
808410;treatment;before visit;2023-03-24 21:45:00+00:00;0.518;;
808410;treatment;before visit;2023-03-24 22:00:00+00:00;0.457;;
808410;treatment;before visit;2023-03-24 22:15:00+00:00;0.348;;
808410;treatment;before visit;2023-03-24 22:30:00+00:00;0.111;;
808410;treatment;before visit;2023-03-24 22:45:00+00:00;0.083;;
808410;treatment;before visit;2023-03-24 23:00:00+00:00;0.08;;
808410;treatment;before visit;2023-03-24 23:15:00+00:00;0.081;;
808410;treatment;before visit;2023-03-24 23:30:00+00:00;0.323;;
808410;treatment;before visit;2023-03-24 23:45:00+00:00;0.491;;
808410;treatment;before visit;2023-11-12 00:00:00+00:00;0.21;;
808410;treatment;before visit;2023-11-12 00:15:00+00:00;0.122;;
808410;treatment;before visit;2023-11-12 00:30:00+00:00;0.12;;
808410;treatment;before visit;2023-11-12 00:45:00+00:00;0.617;;
808410;treatment;before visit;2023-11-12 01:00:00+00:00;0.547;;
808410;treatment;before visit;2023-11-12 01:15:00+00:00;0.386;;
808410;treatment;before visit;2023-11-12 01:30:00+00:00;0.121;;
808410;treatment;before visit;2023-11-12 01:45:00+00:00;0.115;;
808410;treatment;before visit;2023-11-12 02:00:00+00:00;0.404;;
808410;treatment;before visit;2023-11-12 02:15:00+00:00;0.582;;
808410;treatment;before visit;2023-11-12 02:30:00+00:00;0.487;;
808410;treatment;before visit;2023-11-12 02:45:00+00:00;0.195;;
808410;treatment;before visit;2023-11-12 03:00:00+00:00;0.115;;
808410;treatment;before visit;2023-11-12 03:15:00+00:00;0.121;;
808410;treatment;before visit;2023-11-12 03:30:00+00:00;0.655;;
808410;treatment;before visit;2023-11-12 03:45:00+00:00;0.583;;
808410;treatment;before visit;2023-11-12 04:00:00+00:00;0.346;;
808410;treatment;before visit;2023-11-12 04:15:00+00:00;0.122;;
808410;treatment;before visit;2023-11-12 04:30:00+00:00;0.12;;
808410;treatment;before visit;2023-11-12 04:45:00+00:00;0.4;;
808410;treatment;before visit;2023-11-12 05:00:00+00:00;0.693;;
808410;treatment;before visit;2023-11-12 05:15:00+00:00;0.657;;
808410;treatment;before visit;2023-11-12 05:30:00+00:00;0.481;;
808410;treatment;before visit;2023-11-12 05:45:00+00:00;0.223;;
808410;treatment;before visit;2023-11-12 06:00:00+00:00;0.223;;
808410;treatment;before visit;2023-11-12 06:15:00+00:00;0.57;;
808410;treatment;before visit;2023-11-12 06:30:00+00:00;0.679;;
808410;treatment;before visit;2023-11-12 06:45:00+00:00;0.583;;
808410;treatment;before visit;2023-11-12 07:00:00+00:00;0.343;;
808410;treatment;before visit;2023-11-12 07:15:00+00:00;0.226;;
808410;treatment;before visit;2023-11-12 07:30:00+00:00;0.241;;
808410;treatment;before visit;2023-11-12 07:45:00+00:00;0.743;;
808410;treatment;before visit;2023-11-12 08:00:00+00:00;0.894;;
808410;treatment;before visit;2023-11-12 08:15:00+00:00;0.669;;
808410;treatment;before visit;2023-11-12 08:30:00+00:00;0.413;;
808410;treatment;before visit;2023-11-12 08:45:00+00:00;0.437;;
808410;treatment;before visit;2023-11-12 09:00:00+00:00;0.55;;
808410;treatment;before visit;2023-11-12 09:15:00+00:00;1.026;;
808410;treatment;before visit;2023-11-12 09:30:00+00:00;0.762;;
808410;treatment;before visit;2023-11-12 09:45:00+00:00;0.708;;
808410;treatment;before visit;2023-11-12 10:00:00+00:00;0.533;;
808410;treatment;before visit;2023-11-12 10:15:00+00:00;0.499;;
808410;treatment;before visit;2023-11-12 10:30:00+00:00;0.478;;
808410;treatment;before visit;2023-11-12 10:45:00+00:00;0.464;;
808410;treatment;before visit;2023-11-12 11:00:00+00:00;0.433;;
808410;treatment;before visit;2023-11-12 11:15:00+00:00;0.43;;
808410;treatment;before visit;2023-11-12 11:30:00+00:00;0.878;;
808410;treatment;before visit;2023-11-12 11:45:00+00:00;0.864;;
808410;treatment;before visit;2023-11-12 12:00:00+00:00;0.504;;
808410;treatment;before visit;2023-11-12 12:15:00+00:00;0.441;;
808410;treatment;before visit;2023-11-12 12:30:00+00:00;0.463;;
808410;treatment;before visit;2023-11-12 12:45:00+00:00;0.497;;
808410;treatment;before visit;2023-11-12 13:00:00+00:00;0.407;;
808410;treatment;before visit;2023-11-12 13:15:00+00:00;0.401;;
808410;treatment;before visit;2023-11-12 13:30:00+00:00;0.411;;
808410;treatment;before visit;2023-11-12 13:45:00+00:00;0.276;;
808410;treatment;before visit;2023-11-12 14:00:00+00:00;0.117;;
808410;treatment;before visit;2023-11-12 14:15:00+00:00;0.127;;
808410;treatment;before visit;2023-11-12 14:30:00+00:00;0.112;;
808410;treatment;before visit;2023-11-12 14:45:00+00:00;0.507;;
808410;treatment;before visit;2023-11-12 15:00:00+00:00;0.526;;
808410;treatment;before visit;2023-11-12 15:15:00+00:00;0.5;;
808410;treatment;before visit;2023-11-12 15:30:00+00:00;0.271;;
808410;treatment;before visit;2023-11-12 15:45:00+00:00;0.192;;
808410;treatment;before visit;2023-11-12 16:00:00+00:00;0.176;;
808410;treatment;before visit;2023-11-12 16:15:00+00:00;0.466;;
808410;treatment;before visit;2023-11-12 16:30:00+00:00;0.543;;
808410;treatment;before visit;2023-11-12 16:45:00+00:00;0.395;;
808410;treatment;before visit;2023-11-12 17:00:00+00:00;0.138;;
808410;treatment;before visit;2023-11-12 17:15:00+00:00;0.119;;
808410;treatment;before visit;2023-11-12 17:30:00+00:00;0.153;;
808410;treatment;before visit;2023-11-12 17:45:00+00:00;0.453;;
808410;treatment;before visit;2023-11-12 18:00:00+00:00;0.098;;
808410;treatment;before visit;2023-11-12 18:15:00+00:00;0.376;;
808410;treatment;before visit;2023-11-12 18:30:00+00:00;0.513;;
808410;treatment;before visit;2023-11-12 18:45:00+00:00;0.371;;
808410;treatment;before visit;2023-11-12 19:00:00+00:00;0.137;;
808410;treatment;before visit;2023-11-12 19:15:00+00:00;0.12;;
808410;treatment;before visit;2023-11-12 19:30:00+00:00;0.125;;
808410;treatment;before visit;2023-11-12 19:45:00+00:00;0.253;;
808410;treatment;before visit;2023-11-12 20:00:00+00:00;0.864;;
808410;treatment;before visit;2023-11-12 20:15:00+00:00;0.464;;
808410;treatment;before visit;2023-11-12 20:30:00+00:00;0.291;;
808410;treatment;before visit;2023-11-12 20:45:00+00:00;0.497;;
808410;treatment;before visit;2023-11-12 21:00:00+00:00;0.37;;
808410;treatment;before visit;2023-11-12 21:15:00+00:00;0.095;;
808410;treatment;before visit;2023-11-12 21:30:00+00:00;0.1;;
808410;treatment;before visit;2023-11-12 21:45:00+00:00;0.532;;
808410;treatment;before visit;2023-11-12 22:00:00+00:00;0.412;;
808410;treatment;before visit;2023-11-12 22:15:00+00:00;0.249;;
808410;treatment;before visit;2023-11-12 22:30:00+00:00;0.181;;
808410;treatment;before visit;2023-11-12 22:45:00+00:00;0.181;;
808410;treatment;before visit;2023-11-12 23:00:00+00:00;0.181;;
808410;treatment;before visit;2023-11-12 23:15:00+00:00;0.353;;
808410;treatment;before visit;2023-11-12 23:30:00+00:00;0.582;;
808410;treatment;before visit;2023-11-12 23:45:00+00:00;0.496;;
808410;treatment;before visit;2023-11-14 00:00:00+00:00;0.517;;
808410;treatment;before visit;2023-11-14 00:15:00+00:00;0.427;;
808410;treatment;before visit;2023-11-14 00:30:00+00:00;0.111;;
808410;treatment;before visit;2023-11-14 00:45:00+00:00;0.079;;
808410;treatment;before visit;2023-11-14 01:00:00+00:00;0.076;;
808410;treatment;before visit;2023-11-14 01:15:00+00:00;0.077;;
808410;treatment;before visit;2023-11-14 01:30:00+00:00;0.136;;
808410;treatment;before visit;2023-11-14 01:45:00+00:00;0.405;;
808410;treatment;before visit;2023-11-14 02:00:00+00:00;0.295;;
808410;treatment;before visit;2023-11-14 02:15:00+00:00;0.12;;
808410;treatment;before visit;2023-11-14 02:30:00+00:00;0.078;;
808410;treatment;before visit;2023-11-14 02:45:00+00:00;0.083;;
808410;treatment;before visit;2023-11-14 03:00:00+00:00;0.086;;
808410;treatment;before visit;2023-11-14 03:15:00+00:00;0.102;;
808410;treatment;before visit;2023-11-14 03:30:00+00:00;0.434;;
808410;treatment;before visit;2023-11-14 03:45:00+00:00;0.309;;
808410;treatment;before visit;2023-11-14 04:00:00+00:00;0.129;;
808410;treatment;before visit;2023-11-14 04:15:00+00:00;0.089;;
808410;treatment;before visit;2023-11-14 04:30:00+00:00;0.104;;
808410;treatment;before visit;2023-11-14 04:45:00+00:00;0.504;;
808410;treatment;before visit;2023-11-14 05:00:00+00:00;0.366;;
808410;treatment;before visit;2023-11-14 05:15:00+00:00;0.246;;
808410;treatment;before visit;2023-11-14 05:30:00+00:00;0.091;;
808410;treatment;before visit;2023-11-14 05:45:00+00:00;0.084;;
808410;treatment;before visit;2023-11-14 06:00:00+00:00;0.079;;
808410;treatment;before visit;2023-11-14 06:15:00+00:00;0.442;;
808410;treatment;before visit;2023-11-14 06:30:00+00:00;0.471;;
808410;treatment;before visit;2023-11-14 06:45:00+00:00;0.328;;
808410;treatment;before visit;2023-11-14 07:00:00+00:00;0.295;;
808410;treatment;before visit;2023-11-14 07:15:00+00:00;0.176;;
808410;treatment;before visit;2023-11-14 07:30:00+00:00;0.131;;
808410;treatment;before visit;2023-11-14 07:45:00+00:00;0.254;;
808410;treatment;before visit;2023-11-14 08:00:00+00:00;0.483;;
808410;treatment;before visit;2023-11-14 08:15:00+00:00;0.385;;
808410;treatment;before visit;2023-11-14 08:30:00+00:00;0.157;;
808410;treatment;before visit;2023-11-14 08:45:00+00:00;0.085;;
808410;treatment;before visit;2023-11-14 09:00:00+00:00;0.02;;
808410;treatment;before visit;2023-11-14 09:15:00+00:00;0.046;;
808410;treatment;before visit;2023-11-14 09:30:00+00:00;0.495;;
808410;treatment;before visit;2023-11-14 09:45:00+00:00;0.397;;
808410;treatment;before visit;2023-11-14 10:00:00+00:00;0.19;;
808410;treatment;before visit;2023-11-14 10:15:00+00:00;0.085;;
808410;treatment;before visit;2023-11-14 10:30:00+00:00;0.107;;
808410;treatment;before visit;2023-11-14 10:45:00+00:00;0.38;;
808410;treatment;before visit;2023-11-14 11:00:00+00:00;0.766;;
808410;treatment;before visit;2023-11-14 11:15:00+00:00;0.49;;
808410;treatment;before visit;2023-11-14 11:30:00+00:00;0.336;;
808410;treatment;before visit;2023-11-14 11:45:00+00:00;0.041;;
808410;treatment;before visit;2023-11-14 12:00:00+00:00;0.072;;
808410;treatment;before visit;2023-11-14 12:15:00+00:00;0.093;;
808410;treatment;before visit;2023-11-14 12:30:00+00:00;0.194;;
808410;treatment;before visit;2023-11-14 12:45:00+00:00;0.554;;
808410;treatment;before visit;2023-11-14 13:00:00+00:00;0.436;;
808410;treatment;before visit;2023-11-14 13:15:00+00:00;0.211;;
808410;treatment;before visit;2023-11-14 13:30:00+00:00;0.115;;
808410;treatment;before visit;2023-11-14 13:45:00+00:00;0.125;;
808410;treatment;before visit;2023-11-14 14:00:00+00:00;0.162;;
808410;treatment;before visit;2023-11-14 14:15:00+00:00;0.494;;
808410;treatment;before visit;2023-11-14 14:30:00+00:00;0.732;;
808410;treatment;before visit;2023-11-14 14:45:00+00:00;0.608;;
808410;treatment;before visit;2023-11-14 15:00:00+00:00;0.393;;
808410;treatment;before visit;2023-11-14 15:15:00+00:00;0.366;;
808410;treatment;before visit;2023-11-14 15:30:00+00:00;0.372;;
808410;treatment;before visit;2023-11-14 15:45:00+00:00;0.358;;
808410;treatment;before visit;2023-11-14 16:00:00+00:00;0.739;;
808410;treatment;before visit;2023-11-14 16:15:00+00:00;0.613;;
808410;treatment;before visit;2023-11-14 16:30:00+00:00;0.478;;
808410;treatment;before visit;2023-11-14 16:45:00+00:00;0.276;;
808410;treatment;before visit;2023-11-14 17:00:00+00:00;0.26;;
808410;treatment;before visit;2023-11-14 17:15:00+00:00;0.235;;
808410;treatment;before visit;2023-11-14 17:30:00+00:00;0.27;;
808410;treatment;before visit;2023-11-14 17:45:00+00:00;0.985;;
808410;treatment;before visit;2023-11-14 18:00:00+00:00;0.523;;
808410;treatment;before visit;2023-11-14 18:15:00+00:00;0.403;;
808410;treatment;before visit;2023-11-14 18:30:00+00:00;0.123;;
808410;treatment;before visit;2023-11-14 18:45:00+00:00;0.142;;
808410;treatment;before visit;2023-11-14 19:00:00+00:00;0.129;;
808410;treatment;before visit;2023-11-14 19:15:00+00:00;0.133;;
808410;treatment;before visit;2023-11-14 19:30:00+00:00;0.516;;
808410;treatment;before visit;2023-11-14 19:45:00+00:00;0.402;;
808410;treatment;before visit;2023-11-14 20:00:00+00:00;0.397;;
808410;treatment;before visit;2023-11-14 20:15:00+00:00;0.547;;
808410;treatment;before visit;2023-11-14 20:30:00+00:00;0.108;;
808410;treatment;before visit;2023-11-14 20:45:00+00:00;0.108;;
808410;treatment;before visit;2023-11-14 21:00:00+00:00;0.633;;
808410;treatment;before visit;2023-11-14 21:15:00+00:00;0.756;;
808410;treatment;before visit;2023-11-14 21:30:00+00:00;0.344;;
808410;treatment;before visit;2023-11-14 21:45:00+00:00;0.156;;
808410;treatment;before visit;2023-11-14 22:00:00+00:00;0.097;;
808410;treatment;before visit;2023-11-14 22:15:00+00:00;0.131;;
808410;treatment;before visit;2023-11-14 22:30:00+00:00;0.103;;
808410;treatment;before visit;2023-11-14 22:45:00+00:00;0.387;;
808410;treatment;before visit;2023-11-14 23:00:00+00:00;0.475;;
808410;treatment;before visit;2023-11-14 23:15:00+00:00;0.333;;
808410;treatment;before visit;2023-11-14 23:30:00+00:00;0.081;;
808410;treatment;before visit;2023-11-14 23:45:00+00:00;0.078;;
808410;treatment;before visit;2023-11-17 00:00:00+00:00;0.088;;
808410;treatment;before visit;2023-11-17 00:15:00+00:00;0.077;;
808410;treatment;before visit;2023-11-17 00:30:00+00:00;0.085;;
808410;treatment;before visit;2023-11-17 00:45:00+00:00;0.538;;
808410;treatment;before visit;2023-11-17 01:00:00+00:00;0.418;;
808410;treatment;before visit;2023-11-17 01:15:00+00:00;0.282;;
808410;treatment;before visit;2023-11-17 01:30:00+00:00;0.081;;
808410;treatment;before visit;2023-11-17 01:45:00+00:00;0.079;;
808410;treatment;before visit;2023-11-17 02:00:00+00:00;0.08;;
808410;treatment;before visit;2023-11-17 02:15:00+00:00;0.257;;
808410;treatment;before visit;2023-11-17 02:30:00+00:00;0.519;;
808410;treatment;before visit;2023-11-17 02:45:00+00:00;0.439;;
808410;treatment;before visit;2023-11-17 03:00:00+00:00;0.135;;
808410;treatment;before visit;2023-11-17 03:15:00+00:00;0.079;;
808410;treatment;before visit;2023-11-17 03:30:00+00:00;0.083;;
808410;treatment;before visit;2023-11-17 03:45:00+00:00;0.09;;
808410;treatment;before visit;2023-11-17 04:00:00+00:00;0.497;;
808410;treatment;before visit;2023-11-17 04:15:00+00:00;0.519;;
808410;treatment;before visit;2023-11-17 04:30:00+00:00;0.465;;
808410;treatment;before visit;2023-11-17 04:45:00+00:00;0.167;;
808410;treatment;before visit;2023-11-17 05:00:00+00:00;0.115;;
808410;treatment;before visit;2023-11-17 05:15:00+00:00;0.108;;
808410;treatment;before visit;2023-11-17 05:30:00+00:00;0.105;;
808410;treatment;before visit;2023-11-17 05:45:00+00:00;0.47;;
808410;treatment;before visit;2023-11-17 06:00:00+00:00;0.592;;
808410;treatment;before visit;2023-11-17 06:15:00+00:00;0.485;;
808410;treatment;before visit;2023-11-17 06:30:00+00:00;0.235;;
808410;treatment;before visit;2023-11-17 06:45:00+00:00;0.306;;
808410;treatment;before visit;2023-11-17 07:00:00+00:00;0.154;;
808410;treatment;before visit;2023-11-17 07:15:00+00:00;0.136;;
808410;treatment;before visit;2023-11-17 07:30:00+00:00;0.214;;
808410;treatment;before visit;2023-11-17 07:45:00+00:00;0.613;;
808410;treatment;before visit;2023-11-17 08:00:00+00:00;0.516;;
808410;treatment;before visit;2023-11-17 08:15:00+00:00;0.471;;
808410;treatment;before visit;2023-11-17 08:30:00+00:00;0.132;;
808410;treatment;before visit;2023-11-17 08:45:00+00:00;0.16;;
808410;treatment;before visit;2023-11-17 09:00:00+00:00;0.198;;
808410;treatment;before visit;2023-11-17 09:15:00+00:00;0.198;;
808410;treatment;before visit;2023-11-17 09:30:00+00:00;0.615;;
808410;treatment;before visit;2023-11-17 09:45:00+00:00;0.584;;
808410;treatment;before visit;2023-11-17 10:00:00+00:00;0.442;;
808410;treatment;before visit;2023-11-17 10:15:00+00:00;0.17;;
808410;treatment;before visit;2023-11-17 10:30:00+00:00;0.02;;
808410;treatment;before visit;2023-11-17 10:45:00+00:00;0.274;;
808410;treatment;before visit;2023-11-17 11:00:00+00:00;0.293;;
808410;treatment;before visit;2023-11-17 11:15:00+00:00;0.702;;
808410;treatment;before visit;2023-11-17 11:30:00+00:00;0.613;;
808410;treatment;before visit;2023-11-17 11:45:00+00:00;0.422;;
808410;treatment;before visit;2023-11-17 12:00:00+00:00;0.13;;
808410;treatment;before visit;2023-11-17 12:15:00+00:00;0.067;;
808410;treatment;before visit;2023-11-17 12:30:00+00:00;0.006;;
808410;treatment;before visit;2023-11-17 12:45:00+00:00;0.021;;
808410;treatment;before visit;2023-11-17 13:00:00+00:00;0.194;;
808410;treatment;before visit;2023-11-17 13:15:00+00:00;0.525;;
808410;treatment;before visit;2023-11-17 13:30:00+00:00;0.316;;
808410;treatment;before visit;2023-11-17 13:45:00+00:00;0.091;;
808410;treatment;before visit;2023-11-17 14:00:00+00:00;0.006;;
808410;treatment;before visit;2023-11-17 14:15:00+00:00;0.053;;
808410;treatment;before visit;2023-11-17 14:30:00+00:00;0.1;;
808410;treatment;before visit;2023-11-17 14:45:00+00:00;0.156;;
808410;treatment;before visit;2023-11-17 15:00:00+00:00;0.672;;
808410;treatment;before visit;2023-11-17 15:15:00+00:00;0.908;;
808410;treatment;before visit;2023-11-17 15:30:00+00:00;0.719;;
808410;treatment;before visit;2023-11-17 15:45:00+00:00;0.469;;
808410;treatment;before visit;2023-11-17 16:00:00+00:00;0.402;;
808410;treatment;before visit;2023-11-17 16:15:00+00:00;0.377;;
808410;treatment;before visit;2023-11-17 16:30:00+00:00;0.381;;
808410;treatment;before visit;2023-11-17 16:45:00+00:00;0.508;;
808410;treatment;before visit;2023-11-17 17:00:00+00:00;0.814;;
808410;treatment;before visit;2023-11-17 17:15:00+00:00;0.617;;
808410;treatment;before visit;2023-11-17 17:30:00+00:00;0.373;;
808410;treatment;before visit;2023-11-17 17:45:00+00:00;0.137;;
808410;treatment;before visit;2023-11-17 18:00:00+00:00;0.158;;
808410;treatment;before visit;2023-11-17 18:15:00+00:00;0.17;;
808410;treatment;before visit;2023-11-17 18:30:00+00:00;0.165;;
808410;treatment;before visit;2023-11-17 18:45:00+00:00;0.56;;
808410;treatment;before visit;2023-11-17 19:00:00+00:00;0.631;;
808410;treatment;before visit;2023-11-17 19:15:00+00:00;0.533;;
808410;treatment;before visit;2023-11-17 19:30:00+00:00;0.328;;
808410;treatment;before visit;2023-11-17 19:45:00+00:00;0.158;;
808410;treatment;before visit;2023-11-17 20:00:00+00:00;0.149;;
808410;treatment;before visit;2023-11-17 20:15:00+00:00;0.135;;
808410;treatment;before visit;2023-11-17 20:30:00+00:00;0.129;;
808410;treatment;before visit;2023-11-17 20:45:00+00:00;0.61;;
808410;treatment;before visit;2023-11-17 21:00:00+00:00;0.541;;
808410;treatment;before visit;2023-11-17 21:15:00+00:00;0.44;;
808410;treatment;before visit;2023-11-17 21:30:00+00:00;0.18;;
808410;treatment;before visit;2023-11-17 21:45:00+00:00;0.106;;
808410;treatment;before visit;2023-11-17 22:00:00+00:00;0.105;;
808410;treatment;before visit;2023-11-17 22:15:00+00:00;0.102;;
808410;treatment;before visit;2023-11-17 22:30:00+00:00;0.211;;
808410;treatment;before visit;2023-11-17 22:45:00+00:00;0.676;;
808410;treatment;before visit;2023-11-17 23:00:00+00:00;0.571;;
808410;treatment;before visit;2023-11-17 23:15:00+00:00;0.389;;
808410;treatment;before visit;2023-11-17 23:30:00+00:00;0.204;;
808410;treatment;before visit;2023-11-17 23:45:00+00:00;0.319;;
808410;treatment;before visit;2023-11-19 00:00:00+00:00;0.464;;
808410;treatment;before visit;2023-11-19 00:15:00+00:00;0.224;;
808410;treatment;before visit;2023-11-19 00:30:00+00:00;0.088;;
808410;treatment;before visit;2023-11-19 00:45:00+00:00;0.085;;
808410;treatment;before visit;2023-11-19 01:00:00+00:00;0.078;;
808410;treatment;before visit;2023-11-19 01:15:00+00:00;0.508;;
808410;treatment;before visit;2023-11-19 01:30:00+00:00;0.546;;
808410;treatment;before visit;2023-11-19 01:45:00+00:00;0.44;;
808410;treatment;before visit;2023-11-19 02:00:00+00:00;0.211;;
808410;treatment;before visit;2023-11-19 02:15:00+00:00;0.186;;
808410;treatment;before visit;2023-11-19 02:30:00+00:00;0.188;;
808410;treatment;before visit;2023-11-19 02:45:00+00:00;0.224;;
808410;treatment;before visit;2023-11-19 03:00:00+00:00;0.657;;
808410;treatment;before visit;2023-11-19 03:15:00+00:00;0.533;;
808410;treatment;before visit;2023-11-19 03:30:00+00:00;0.388;;
808410;treatment;before visit;2023-11-19 03:45:00+00:00;0.196;;
808410;treatment;before visit;2023-11-19 04:00:00+00:00;0.197;;
808410;treatment;before visit;2023-11-19 04:15:00+00:00;0.216;;
808410;treatment;before visit;2023-11-19 04:30:00+00:00;0.342;;
808410;treatment;before visit;2023-11-19 04:45:00+00:00;0.487;;
808410;treatment;before visit;2023-11-19 05:00:00+00:00;0.37;;
808410;treatment;before visit;2023-11-19 05:15:00+00:00;0.218;;
808410;treatment;before visit;2023-11-19 05:30:00+00:00;0.095;;
808410;treatment;before visit;2023-11-19 05:45:00+00:00;0.09;;
808410;treatment;before visit;2023-11-19 06:00:00+00:00;0.083;;
808410;treatment;before visit;2023-11-19 06:15:00+00:00;0.331;;
808410;treatment;before visit;2023-11-19 06:30:00+00:00;0.449;;
808410;treatment;before visit;2023-11-19 06:45:00+00:00;0.363;;
808410;treatment;before visit;2023-11-19 07:00:00+00:00;0.169;;
808410;treatment;before visit;2023-11-19 07:15:00+00:00;0.275;;
808410;treatment;before visit;2023-11-19 07:30:00+00:00;0.273;;
808410;treatment;before visit;2023-11-19 07:45:00+00:00;0.117;;
808410;treatment;before visit;2023-11-19 08:00:00+00:00;0.521;;
808410;treatment;before visit;2023-11-19 08:15:00+00:00;0.408;;
808410;treatment;before visit;2023-11-19 08:30:00+00:00;0.232;;
808410;treatment;before visit;2023-11-19 08:45:00+00:00;0.094;;
808410;treatment;before visit;2023-11-19 09:00:00+00:00;0.081;;
808410;treatment;before visit;2023-11-19 09:15:00+00:00;0.082;;
808410;treatment;before visit;2023-11-19 09:30:00+00:00;0.337;;
808410;treatment;before visit;2023-11-19 09:45:00+00:00;0.362;;
808410;treatment;before visit;2023-11-19 10:00:00+00:00;0.28;;
808410;treatment;before visit;2023-11-19 10:15:00+00:00;0.016;;
808410;treatment;before visit;2023-11-19 10:30:00+00:00;0.039;;
808410;treatment;before visit;2023-11-19 10:45:00+00:00;0.434;;
808410;treatment;before visit;2023-11-19 11:00:00+00:00;0.41;;
808410;treatment;before visit;2023-11-19 11:15:00+00:00;0.24;;
808410;treatment;before visit;2023-11-19 11:30:00+00:00;0.038;;
808410;treatment;before visit;2023-11-19 11:45:00+00:00;0.392;;
808410;treatment;before visit;2023-11-19 12:00:00+00:00;0.216;;
808410;treatment;before visit;2023-11-19 12:15:00+00:00;0.031;;
808410;treatment;before visit;2023-11-19 12:30:00+00:00;0.002;;
808410;treatment;before visit;2023-11-19 12:45:00+00:00;0.025;;
808410;treatment;before visit;2023-11-19 13:00:00+00:00;0.018;;
808410;treatment;before visit;2023-11-19 13:15:00+00:00;0.016;;
808410;treatment;before visit;2023-11-19 13:30:00+00:00;0.362;;
808410;treatment;before visit;2023-11-19 13:45:00+00:00;0.281;;
808410;treatment;before visit;2023-11-19 14:00:00+00:00;0.088;;
808410;treatment;before visit;2023-11-19 14:15:00+00:00;0.052;;
808410;treatment;before visit;2023-11-19 14:30:00+00:00;0.096;;
808410;treatment;before visit;2023-11-19 14:45:00+00:00;0.118;;
808410;treatment;before visit;2023-11-19 15:00:00+00:00;0.139;;
808410;treatment;before visit;2023-11-19 15:15:00+00:00;0.478;;
808410;treatment;before visit;2023-11-19 15:30:00+00:00;0.404;;
808410;treatment;before visit;2023-11-19 15:45:00+00:00;0.23;;
808410;treatment;before visit;2023-11-19 16:00:00+00:00;0.161;;
808410;treatment;before visit;2023-11-19 16:15:00+00:00;0.164;;
808410;treatment;before visit;2023-11-19 16:30:00+00:00;0.172;;
808410;treatment;before visit;2023-11-19 16:45:00+00:00;0.167;;
808410;treatment;before visit;2023-11-19 17:00:00+00:00;0.471;;
808410;treatment;before visit;2023-11-19 17:15:00+00:00;0.468;;
808410;treatment;before visit;2023-11-19 17:30:00+00:00;0.411;;
808410;treatment;before visit;2023-11-19 17:45:00+00:00;0.108;;
808410;treatment;before visit;2023-11-19 18:00:00+00:00;0.09;;
808410;treatment;before visit;2023-11-19 18:15:00+00:00;0.099;;
808410;treatment;before visit;2023-11-19 18:30:00+00:00;0.127;;
808410;treatment;before visit;2023-11-19 18:45:00+00:00;0.485;;
808410;treatment;before visit;2023-11-19 19:00:00+00:00;0.387;;
808410;treatment;before visit;2023-11-19 19:15:00+00:00;0.218;;
808410;treatment;before visit;2023-11-19 19:30:00+00:00;0.123;;
808410;treatment;before visit;2023-11-19 19:45:00+00:00;0.104;;
808410;treatment;before visit;2023-11-19 20:00:00+00:00;0.194;;
808410;treatment;before visit;2023-11-19 20:15:00+00:00;0.237;;
808410;treatment;before visit;2023-11-19 20:30:00+00:00;0.572;;
808410;treatment;before visit;2023-11-19 20:45:00+00:00;0.454;;
808410;treatment;before visit;2023-11-19 21:00:00+00:00;0.438;;
808410;treatment;before visit;2023-11-19 21:15:00+00:00;0.216;;
808410;treatment;before visit;2023-11-19 21:30:00+00:00;0.214;;
808410;treatment;before visit;2023-11-19 21:45:00+00:00;0.203;;
808410;treatment;before visit;2023-11-19 22:00:00+00:00;0.559;;
808410;treatment;before visit;2023-11-19 22:15:00+00:00;0.514;;
808410;treatment;before visit;2023-11-19 22:30:00+00:00;0.483;;
808410;treatment;before visit;2023-11-19 22:45:00+00:00;0.229;;
808410;treatment;before visit;2023-11-19 23:00:00+00:00;0.208;;
808410;treatment;before visit;2023-11-19 23:15:00+00:00;0.19;;
808410;treatment;before visit;2023-11-19 23:30:00+00:00;0.316;;
808410;treatment;before visit;2023-11-19 23:45:00+00:00;0.592;;
808410;treatment;before visit;2023-11-28 00:00:00+00:00;0.52;;
808410;treatment;before visit;2023-11-28 00:15:00+00:00;0.515;;
808410;treatment;before visit;2023-11-28 00:30:00+00:00;0.425;;
808410;treatment;before visit;2023-11-28 00:45:00+00:00;0.154;;
808410;treatment;before visit;2023-11-28 01:00:00+00:00;0.1;;
808410;treatment;before visit;2023-11-28 01:15:00+00:00;0.182;;
808410;treatment;before visit;2023-11-28 01:30:00+00:00;0.628;;
808410;treatment;before visit;2023-11-28 01:45:00+00:00;0.461;;
808410;treatment;before visit;2023-11-28 02:00:00+00:00;0.213;;
808410;treatment;before visit;2023-11-28 02:15:00+00:00;0.102;;
808410;treatment;before visit;2023-11-28 02:30:00+00:00;0.144;;
808410;treatment;before visit;2023-11-28 02:45:00+00:00;0.608;;
808410;treatment;before visit;2023-11-28 03:00:00+00:00;0.465;;
808410;treatment;before visit;2023-11-28 03:15:00+00:00;0.325;;
808410;treatment;before visit;2023-11-28 03:30:00+00:00;0.102;;
808410;treatment;before visit;2023-11-28 03:45:00+00:00;0.108;;
808410;treatment;before visit;2023-11-28 04:00:00+00:00;0.484;;
808410;treatment;before visit;2023-11-28 04:15:00+00:00;0.521;;
808410;treatment;before visit;2023-11-28 04:30:00+00:00;0.425;;
808410;treatment;before visit;2023-11-28 04:45:00+00:00;0.175;;
808410;treatment;before visit;2023-11-28 05:00:00+00:00;0.11;;
808410;treatment;before visit;2023-11-28 05:15:00+00:00;0.24;;
808410;treatment;before visit;2023-11-28 05:30:00+00:00;0.606;;
808410;treatment;before visit;2023-11-28 05:45:00+00:00;0.472;;
808410;treatment;before visit;2023-11-28 06:00:00+00:00;0.301;;
808410;treatment;before visit;2023-11-28 06:15:00+00:00;0.12;;
808410;treatment;before visit;2023-11-28 06:30:00+00:00;0.112;;
808410;treatment;before visit;2023-11-28 06:45:00+00:00;0.709;;
808410;treatment;before visit;2023-11-28 07:00:00+00:00;0.58;;
808410;treatment;before visit;2023-11-28 07:15:00+00:00;0.453;;
808410;treatment;before visit;2023-11-28 07:30:00+00:00;0.101;;
808410;treatment;before visit;2023-11-28 07:45:00+00:00;0.13;;
808410;treatment;before visit;2023-11-28 08:00:00+00:00;0.435;;
808410;treatment;before visit;2023-11-28 08:15:00+00:00;0.567;;
808410;treatment;before visit;2023-11-28 08:30:00+00:00;0.448;;
808410;treatment;before visit;2023-11-28 08:45:00+00:00;0.182;;
808410;treatment;before visit;2023-11-28 09:00:00+00:00;0.094;;
808410;treatment;before visit;2023-11-28 09:15:00+00:00;0.244;;
808410;treatment;before visit;2023-11-28 09:30:00+00:00;0.379;;
808410;treatment;before visit;2023-11-28 09:45:00+00:00;0.309;;
808410;treatment;before visit;2023-11-28 10:00:00+00:00;0.065;;
808410;treatment;before visit;2023-11-28 10:15:00+00:00;0.003;;
808410;treatment;before visit;2023-11-28 10:30:00+00:00;0.15;;
808410;treatment;before visit;2023-11-28 10:45:00+00:00;0.574;;
808410;treatment;before visit;2023-11-28 11:00:00+00:00;0.737;;
808410;treatment;before visit;2023-11-28 11:15:00+00:00;0.341;;
808410;treatment;before visit;2023-11-28 11:30:00+00:00;0.091;;
808410;treatment;before visit;2023-11-28 11:45:00+00:00;0.092;;
808410;treatment;before visit;2023-11-28 12:00:00+00:00;0.572;;
808410;treatment;before visit;2023-11-28 12:15:00+00:00;0.547;;
808410;treatment;before visit;2023-11-28 12:30:00+00:00;0.413;;
808410;treatment;before visit;2023-11-28 12:45:00+00:00;0.428;;
808410;treatment;before visit;2023-11-28 13:00:00+00:00;0.607;;
808410;treatment;before visit;2023-11-28 13:15:00+00:00;0.434;;
808410;treatment;before visit;2023-11-28 13:30:00+00:00;0.082;;
808410;treatment;before visit;2023-11-28 13:45:00+00:00;0.161;;
808410;treatment;before visit;2023-11-28 14:00:00+00:00;0.665;;
808410;treatment;before visit;2023-11-28 14:15:00+00:00;0.585;;
808410;treatment;before visit;2023-11-28 14:30:00+00:00;0.528;;
808410;treatment;before visit;2023-11-28 14:45:00+00:00;0.129;;
808410;treatment;before visit;2023-11-28 15:00:00+00:00;0.219;;
808410;treatment;before visit;2023-11-28 15:15:00+00:00;0.634;;
808410;treatment;before visit;2023-11-28 15:30:00+00:00;0.754;;
808410;treatment;before visit;2023-11-28 15:45:00+00:00;0.67;;
808410;treatment;before visit;2023-11-28 16:00:00+00:00;0.654;;
808410;treatment;before visit;2023-11-28 16:15:00+00:00;0.259;;
808410;treatment;before visit;2023-11-28 16:30:00+00:00;0.473;;
808410;treatment;before visit;2023-11-28 16:45:00+00:00;0.917;;
808410;treatment;before visit;2023-11-28 17:00:00+00:00;0.725;;
808410;treatment;before visit;2023-11-28 17:15:00+00:00;0.625;;
808410;treatment;before visit;2023-11-28 17:30:00+00:00;0.329;;
808410;treatment;before visit;2023-11-28 17:45:00+00:00;0.394;;
808410;treatment;before visit;2023-11-28 18:00:00+00:00;0.619;;
808410;treatment;before visit;2023-11-28 18:15:00+00:00;0.59;;
808410;treatment;before visit;2023-11-28 18:30:00+00:00;0.666;;
808410;treatment;before visit;2023-11-28 18:45:00+00:00;0.707;;
808410;treatment;before visit;2023-11-28 19:00:00+00:00;0.67;;
808410;treatment;before visit;2023-11-28 19:15:00+00:00;0.655;;
808410;treatment;before visit;2023-11-28 19:30:00+00:00;0.391;;
808410;treatment;before visit;2023-11-28 19:45:00+00:00;0.273;;
808410;treatment;before visit;2023-11-28 20:00:00+00:00;0.556;;
808410;treatment;before visit;2023-11-28 20:15:00+00:00;0.827;;
808410;treatment;before visit;2023-11-28 20:30:00+00:00;0.629;;
808410;treatment;before visit;2023-11-28 20:45:00+00:00;0.629;;
808410;treatment;before visit;2023-11-28 21:00:00+00:00;0.64;;
808410;treatment;before visit;2023-11-28 21:15:00+00:00;0.635;;
808410;treatment;before visit;2023-11-28 21:30:00+00:00;0.632;;
808410;treatment;before visit;2023-11-28 21:45:00+00:00;0.638;;
808410;treatment;before visit;2023-11-28 22:00:00+00:00;0.641;;
808410;treatment;before visit;2023-11-28 22:15:00+00:00;0.644;;
808410;treatment;before visit;2023-11-28 22:30:00+00:00;0.303;;
808410;treatment;before visit;2023-11-28 22:45:00+00:00;0.231;;
808410;treatment;before visit;2023-11-28 23:00:00+00:00;0.48;;
808410;treatment;before visit;2023-11-28 23:15:00+00:00;0.648;;
808410;treatment;before visit;2023-11-28 23:30:00+00:00;0.672;;
808410;treatment;before visit;2023-11-28 23:45:00+00:00;0.581;;
808410;treatment;before visit;2023-11-30 00:00:00+00:00;0.592;;
808410;treatment;before visit;2023-11-30 00:15:00+00:00;0.135;;
808410;treatment;before visit;2023-11-30 00:30:00+00:00;0.101;;
808410;treatment;before visit;2023-11-30 00:45:00+00:00;0.68;;
808410;treatment;before visit;2023-11-30 01:00:00+00:00;0.618;;
808410;treatment;before visit;2023-11-30 01:15:00+00:00;0.457;;
808410;treatment;before visit;2023-11-30 01:30:00+00:00;0.197;;
808410;treatment;before visit;2023-11-30 01:45:00+00:00;0.095;;
808410;treatment;before visit;2023-11-30 02:00:00+00:00;0.554;;
808410;treatment;before visit;2023-11-30 02:15:00+00:00;0.652;;
808410;treatment;before visit;2023-11-30 02:30:00+00:00;0.553;;
808410;treatment;before visit;2023-11-30 02:45:00+00:00;0.18;;
808410;treatment;before visit;2023-11-30 03:00:00+00:00;0.101;;
808410;treatment;before visit;2023-11-30 03:15:00+00:00;0.557;;
808410;treatment;before visit;2023-11-30 03:30:00+00:00;0.639;;
808410;treatment;before visit;2023-11-30 03:45:00+00:00;0.553;;
808410;treatment;before visit;2023-11-30 04:00:00+00:00;0.258;;
808410;treatment;before visit;2023-11-30 04:15:00+00:00;0.107;;
808410;treatment;before visit;2023-11-30 04:30:00+00:00;0.364;;
808410;treatment;before visit;2023-11-30 04:45:00+00:00;0.569;;
808410;treatment;before visit;2023-11-30 05:00:00+00:00;0.654;;
808410;treatment;before visit;2023-11-30 05:15:00+00:00;0.562;;
808410;treatment;before visit;2023-11-30 05:30:00+00:00;0.373;;
808410;treatment;before visit;2023-11-30 05:45:00+00:00;0.114;;
808410;treatment;before visit;2023-11-30 06:00:00+00:00;0.326;;
808410;treatment;before visit;2023-11-30 06:15:00+00:00;0.606;;
808410;treatment;before visit;2023-11-30 06:30:00+00:00;0.596;;
808410;treatment;before visit;2023-11-30 06:45:00+00:00;0.607;;
808410;treatment;before visit;2023-11-30 07:00:00+00:00;0.763;;
808410;treatment;before visit;2023-11-30 07:15:00+00:00;0.596;;
808410;treatment;before visit;2023-11-30 07:30:00+00:00;0.436;;
808410;treatment;before visit;2023-11-30 07:45:00+00:00;0.109;;
808410;treatment;before visit;2023-11-30 08:00:00+00:00;0.187;;
808410;treatment;before visit;2023-11-30 08:15:00+00:00;0.66;;
808410;treatment;before visit;2023-11-30 08:30:00+00:00;0.713;;
808410;treatment;before visit;2023-11-30 08:45:00+00:00;0.627;;
808410;treatment;before visit;2023-11-30 09:00:00+00:00;0.386;;
808410;treatment;before visit;2023-11-30 09:15:00+00:00;0.129;;
808410;treatment;before visit;2023-11-30 09:30:00+00:00;0.433;;
808410;treatment;before visit;2023-11-30 09:45:00+00:00;0.623;;
808410;treatment;before visit;2023-11-30 10:00:00+00:00;0.668;;
808410;treatment;before visit;2023-11-30 10:15:00+00:00;0.592;;
808410;treatment;before visit;2023-11-30 10:30:00+00:00;0.505;;
808410;treatment;before visit;2023-11-30 10:45:00+00:00;0.299;;
808410;treatment;before visit;2023-11-30 11:00:00+00:00;0.151;;
808410;treatment;before visit;2023-11-30 11:15:00+00:00;0.386;;
808410;treatment;before visit;2023-11-30 11:30:00+00:00;0.587;;
808410;treatment;before visit;2023-11-30 11:45:00+00:00;0.575;;
808410;treatment;before visit;2023-11-30 12:00:00+00:00;0.548;;
808410;treatment;before visit;2023-11-30 12:15:00+00:00;0.449;;
808410;treatment;before visit;2023-11-30 12:30:00+00:00;0.408;;
808410;treatment;before visit;2023-11-30 12:45:00+00:00;0.103;;
808410;treatment;before visit;2023-11-30 13:00:00+00:00;0.23;;
808410;treatment;before visit;2023-11-30 13:15:00+00:00;0.623;;
808410;treatment;before visit;2023-11-30 13:30:00+00:00;0.665;;
808410;treatment;before visit;2023-11-30 13:45:00+00:00;0.581;;
808410;treatment;before visit;2023-11-30 14:00:00+00:00;0.322;;
808410;treatment;before visit;2023-11-30 14:15:00+00:00;0.156;;
808410;treatment;before visit;2023-11-30 14:30:00+00:00;0.47;;
808410;treatment;before visit;2023-11-30 14:45:00+00:00;0.695;;
808410;treatment;before visit;2023-11-30 15:00:00+00:00;0.522;;
808410;treatment;before visit;2023-11-30 15:15:00+00:00;0.503;;
808410;treatment;before visit;2023-11-30 15:30:00+00:00;0.516;;
808410;treatment;before visit;2023-11-30 15:45:00+00:00;0.51;;
808410;treatment;before visit;2023-11-30 16:00:00+00:00;0.526;;
808410;treatment;before visit;2023-11-30 16:15:00+00:00;0.529;;
808410;treatment;before visit;2023-11-30 16:30:00+00:00;0.573;;
808410;treatment;before visit;2023-11-30 16:45:00+00:00;0.586;;
808410;treatment;before visit;2023-11-30 17:00:00+00:00;0.532;;
808410;treatment;before visit;2023-11-30 17:15:00+00:00;0.583;;
808410;treatment;before visit;2023-11-30 17:30:00+00:00;0.626;;
808410;treatment;before visit;2023-11-30 17:45:00+00:00;0.556;;
808410;treatment;before visit;2023-11-30 18:00:00+00:00;0.345;;
808410;treatment;before visit;2023-11-30 18:15:00+00:00;0.258;;
808410;treatment;before visit;2023-11-30 18:30:00+00:00;0.274;;
808410;treatment;before visit;2023-11-30 18:45:00+00:00;0.475;;
808410;treatment;before visit;2023-11-30 19:00:00+00:00;0.826;;
808410;treatment;before visit;2023-11-30 19:15:00+00:00;0.672;;
808410;treatment;before visit;2023-11-30 19:30:00+00:00;0.412;;
808410;treatment;before visit;2023-11-30 19:45:00+00:00;0.263;;
808410;treatment;before visit;2023-11-30 20:00:00+00:00;0.229;;
808410;treatment;before visit;2023-11-30 20:15:00+00:00;0.435;;
808410;treatment;before visit;2023-11-30 20:30:00+00:00;0.724;;
808410;treatment;before visit;2023-11-30 20:45:00+00:00;0.57;;
808410;treatment;before visit;2023-11-30 21:00:00+00:00;0.525;;
808410;treatment;before visit;2023-11-30 21:15:00+00:00;0.428;;
808410;treatment;before visit;2023-11-30 21:30:00+00:00;0.228;;
808410;treatment;before visit;2023-11-30 21:45:00+00:00;0.233;;
808410;treatment;before visit;2023-11-30 22:00:00+00:00;0.456;;
808410;treatment;before visit;2023-11-30 22:15:00+00:00;0.663;;
808410;treatment;before visit;2023-11-30 22:30:00+00:00;0.569;;
808410;treatment;before visit;2023-11-30 22:45:00+00:00;0.4;;
808410;treatment;before visit;2023-11-30 23:00:00+00:00;0.107;;
808410;treatment;before visit;2023-11-30 23:15:00+00:00;0.31;;
808410;treatment;before visit;2023-11-30 23:30:00+00:00;0.558;;
808410;treatment;before visit;2023-11-30 23:45:00+00:00;0.446;;
808410;treatment;before visit;2023-12-01 00:00:00+00:00;0.228;;
808410;treatment;before visit;2023-12-01 00:15:00+00:00;0.109;;
808410;treatment;before visit;2023-12-01 00:30:00+00:00;0.112;;
808410;treatment;before visit;2023-12-01 00:45:00+00:00;0.611;;
808410;treatment;before visit;2023-12-01 01:00:00+00:00;0.464;;
808410;treatment;before visit;2023-12-01 01:15:00+00:00;0.419;;
808410;treatment;before visit;2023-12-01 01:30:00+00:00;0.106;;
808410;treatment;before visit;2023-12-01 01:45:00+00:00;0.1;;
808410;treatment;before visit;2023-12-01 02:00:00+00:00;0.326;;
808410;treatment;before visit;2023-12-01 02:15:00+00:00;0.571;;
808410;treatment;before visit;2023-12-01 02:30:00+00:00;0.451;;
808410;treatment;before visit;2023-12-01 02:45:00+00:00;0.232;;
808410;treatment;before visit;2023-12-01 03:00:00+00:00;0.1;;
808410;treatment;before visit;2023-12-01 03:15:00+00:00;0.103;;
808410;treatment;before visit;2023-12-01 03:30:00+00:00;0.621;;
808410;treatment;before visit;2023-12-01 03:45:00+00:00;0.54;;
808410;treatment;before visit;2023-12-01 04:00:00+00:00;0.392;;
808410;treatment;before visit;2023-12-01 04:15:00+00:00;0.1;;
808410;treatment;before visit;2023-12-01 04:30:00+00:00;0.107;;
808410;treatment;before visit;2023-12-01 04:45:00+00:00;0.385;;
808410;treatment;before visit;2023-12-01 05:00:00+00:00;0.572;;
808410;treatment;before visit;2023-12-01 05:15:00+00:00;0.44;;
808410;treatment;before visit;2023-12-01 05:30:00+00:00;0.289;;
808410;treatment;before visit;2023-12-01 05:45:00+00:00;0.1;;
808410;treatment;before visit;2023-12-01 06:00:00+00:00;0.11;;
808410;treatment;before visit;2023-12-01 06:15:00+00:00;0.576;;
808410;treatment;before visit;2023-12-01 06:30:00+00:00;0.531;;
808410;treatment;before visit;2023-12-01 06:45:00+00:00;0.517;;
808410;treatment;before visit;2023-12-01 07:00:00+00:00;0.193;;
808410;treatment;before visit;2023-12-01 07:15:00+00:00;0.124;;
808410;treatment;before visit;2023-12-01 07:30:00+00:00;0.549;;
808410;treatment;before visit;2023-12-01 07:45:00+00:00;0.503;;
808410;treatment;before visit;2023-12-01 08:00:00+00:00;0.467;;
808410;treatment;before visit;2023-12-01 08:15:00+00:00;0.161;;
808410;treatment;before visit;2023-12-01 08:30:00+00:00;0.096;;
808410;treatment;before visit;2023-12-01 08:45:00+00:00;0.374;;
808410;treatment;before visit;2023-12-01 09:00:00+00:00;0.595;;
808410;treatment;before visit;2023-12-01 09:15:00+00:00;0.465;;
808410;treatment;before visit;2023-12-01 09:30:00+00:00;0.154;;
808410;treatment;before visit;2023-12-01 09:45:00+00:00;0.045;;
808410;treatment;before visit;2023-12-01 10:00:00+00:00;0.067;;
808410;treatment;before visit;2023-12-01 10:15:00+00:00;0.579;;
808410;treatment;before visit;2023-12-01 10:30:00+00:00;0.422;;
808410;treatment;before visit;2023-12-01 10:45:00+00:00;0.227;;
808410;treatment;before visit;2023-12-01 11:00:00+00:00;0.239;;
808410;treatment;before visit;2023-12-01 11:15:00+00:00;0.128;;
808410;treatment;before visit;2023-12-01 11:30:00+00:00;0.559;;
808410;treatment;before visit;2023-12-01 11:45:00+00:00;0.498;;
808410;treatment;before visit;2023-12-01 12:00:00+00:00;0.403;;
808410;treatment;before visit;2023-12-01 12:15:00+00:00;0.109;;
808410;treatment;before visit;2023-12-01 12:30:00+00:00;0.104;;
808410;treatment;before visit;2023-12-01 12:45:00+00:00;0.324;;
808410;treatment;before visit;2023-12-01 13:00:00+00:00;0.589;;
808410;treatment;before visit;2023-12-01 13:15:00+00:00;0.472;;
808410;treatment;before visit;2023-12-01 13:30:00+00:00;0.32;;
808410;treatment;before visit;2023-12-01 13:45:00+00:00;0.141;;
808410;treatment;before visit;2023-12-01 14:00:00+00:00;0.154;;
808410;treatment;before visit;2023-12-01 14:15:00+00:00;0.677;;
808410;treatment;before visit;2023-12-01 14:30:00+00:00;0.727;;
808410;treatment;before visit;2023-12-01 14:45:00+00:00;0.571;;
808410;treatment;before visit;2023-12-01 15:00:00+00:00;0.58;;
808410;treatment;before visit;2023-12-01 15:15:00+00:00;0.568;;
808410;treatment;before visit;2023-12-01 15:30:00+00:00;0.565;;
808410;treatment;before visit;2023-12-01 15:45:00+00:00;0.561;;
808410;treatment;before visit;2023-12-01 16:00:00+00:00;0.58;;
808410;treatment;before visit;2023-12-01 16:15:00+00:00;0.652;;
808410;treatment;before visit;2023-12-01 16:30:00+00:00;0.599;;
808410;treatment;before visit;2023-12-01 16:45:00+00:00;0.576;;
808410;treatment;before visit;2023-12-01 17:00:00+00:00;0.548;;
808410;treatment;before visit;2023-12-01 17:15:00+00:00;0.128;;
808410;treatment;before visit;2023-12-01 17:30:00+00:00;0.355;;
808410;treatment;before visit;2023-12-01 17:45:00+00:00;0.84;;
808410;treatment;before visit;2023-12-01 18:00:00+00:00;0.706;;
808410;treatment;before visit;2023-12-01 18:15:00+00:00;0.603;;
808410;treatment;before visit;2023-12-01 18:30:00+00:00;0.595;;
808410;treatment;before visit;2023-12-01 18:45:00+00:00;0.251;;
808410;treatment;before visit;2023-12-01 19:00:00+00:00;0.252;;
808410;treatment;before visit;2023-12-01 19:15:00+00:00;0.695;;
808410;treatment;before visit;2023-12-01 19:30:00+00:00;0.844;;
808410;treatment;before visit;2023-12-01 19:45:00+00:00;0.743;;
808410;treatment;before visit;2023-12-01 20:00:00+00:00;0.816;;
808410;treatment;before visit;2023-12-01 20:15:00+00:00;0.541;;
808410;treatment;before visit;2023-12-01 20:30:00+00:00;0.437;;
808410;treatment;before visit;2023-12-01 20:45:00+00:00;0.742;;
808410;treatment;before visit;2023-12-01 21:00:00+00:00;0.721;;
808410;treatment;before visit;2023-12-01 21:15:00+00:00;1.185;;
808410;treatment;before visit;2023-12-01 21:30:00+00:00;0.642;;
808410;treatment;before visit;2023-12-01 21:45:00+00:00;0.604;;
808410;treatment;before visit;2023-12-01 22:00:00+00:00;0.608;;
808410;treatment;before visit;2023-12-01 22:15:00+00:00;0.28;;
808410;treatment;before visit;2023-12-01 22:30:00+00:00;0.235;;
808410;treatment;before visit;2023-12-01 22:45:00+00:00;0.682;;
808410;treatment;before visit;2023-12-01 23:00:00+00:00;0.811;;
808410;treatment;before visit;2023-12-01 23:15:00+00:00;0.671;;
808410;treatment;before visit;2023-12-01 23:30:00+00:00;0.641;;
808410;treatment;before visit;2023-12-01 23:45:00+00:00;0.26;;
808410;treatment;before visit;2023-12-02 00:00:00+00:00;0.242;;
808410;treatment;before visit;2023-12-02 00:15:00+00:00;0.706;;
808410;treatment;before visit;2023-12-02 00:30:00+00:00;0.822;;
808410;treatment;before visit;2023-12-02 00:45:00+00:00;0.733;;
808410;treatment;before visit;2023-12-02 01:00:00+00:00;0.641;;
808410;treatment;before visit;2023-12-02 01:15:00+00:00;0.104;;
808410;treatment;before visit;2023-12-02 01:30:00+00:00;0.12;;
808410;treatment;before visit;2023-12-02 01:45:00+00:00;0.69;;
808410;treatment;before visit;2023-12-02 02:00:00+00:00;0.567;;
808410;treatment;before visit;2023-12-02 02:15:00+00:00;0.604;;
808410;treatment;before visit;2023-12-02 02:30:00+00:00;0.496;;
808410;treatment;before visit;2023-12-02 02:45:00+00:00;0.484;;
808410;treatment;before visit;2023-12-02 03:00:00+00:00;0.34;;
808410;treatment;before visit;2023-12-02 03:15:00+00:00;0.103;;
808410;treatment;before visit;2023-12-02 03:30:00+00:00;0.329;;
808410;treatment;before visit;2023-12-02 03:45:00+00:00;0.562;;
808410;treatment;before visit;2023-12-02 04:00:00+00:00;0.666;;
808410;treatment;before visit;2023-12-02 04:15:00+00:00;0.572;;
808410;treatment;before visit;2023-12-02 04:30:00+00:00;0.366;;
808410;treatment;before visit;2023-12-02 04:45:00+00:00;0.102;;
808410;treatment;before visit;2023-12-02 05:00:00+00:00;0.36;;
808410;treatment;before visit;2023-12-02 05:15:00+00:00;0.595;;
808410;treatment;before visit;2023-12-02 05:30:00+00:00;0.665;;
808410;treatment;before visit;2023-12-02 05:45:00+00:00;0.523;;
808410;treatment;before visit;2023-12-02 06:00:00+00:00;0.483;;
808410;treatment;before visit;2023-12-02 06:15:00+00:00;0.112;;
808410;treatment;before visit;2023-12-02 06:30:00+00:00;0.142;;
808410;treatment;before visit;2023-12-02 06:45:00+00:00;0.623;;
808410;treatment;before visit;2023-12-02 07:00:00+00:00;0.873;;
808410;treatment;before visit;2023-12-02 07:15:00+00:00;0.61;;
808410;treatment;before visit;2023-12-02 07:30:00+00:00;0.596;;
808410;treatment;before visit;2023-12-02 07:45:00+00:00;0.126;;
808410;treatment;before visit;2023-12-02 08:00:00+00:00;0.241;;
808410;treatment;before visit;2023-12-02 08:15:00+00:00;0.687;;
808410;treatment;before visit;2023-12-02 08:30:00+00:00;0.561;;
808410;treatment;before visit;2023-12-02 08:45:00+00:00;0.604;;
808410;treatment;before visit;2023-12-02 09:00:00+00:00;0.561;;
808410;treatment;before visit;2023-12-02 09:15:00+00:00;0.538;;
808410;treatment;before visit;2023-12-02 09:30:00+00:00;0.551;;
808410;treatment;before visit;2023-12-02 09:45:00+00:00;0.369;;
808410;treatment;before visit;2023-12-02 10:00:00+00:00;0.129;;
808410;treatment;before visit;2023-12-02 10:15:00+00:00;0.394;;
808410;treatment;before visit;2023-12-02 10:30:00+00:00;0.714;;
808410;treatment;before visit;2023-12-02 10:45:00+00:00;0.671;;
808410;treatment;before visit;2023-12-02 11:00:00+00:00;0.573;;
808410;treatment;before visit;2023-12-02 11:15:00+00:00;0.192;;
808410;treatment;before visit;2023-12-02 11:30:00+00:00;0.308;;
808410;treatment;before visit;2023-12-02 11:45:00+00:00;0.715;;
808410;treatment;before visit;2023-12-02 12:00:00+00:00;0.66;;
808410;treatment;before visit;2023-12-02 12:15:00+00:00;0.655;;
808410;treatment;before visit;2023-12-02 12:30:00+00:00;0.595;;
808410;treatment;before visit;2023-12-02 12:45:00+00:00;0.133;;
808410;treatment;before visit;2023-12-02 13:00:00+00:00;0.145;;
808410;treatment;before visit;2023-12-02 13:15:00+00:00;0.767;;
808410;treatment;before visit;2023-12-02 13:30:00+00:00;0.542;;
808410;treatment;before visit;2023-12-02 13:45:00+00:00;0.612;;
808410;treatment;before visit;2023-12-02 14:00:00+00:00;0.612;;
808410;treatment;before visit;2023-12-02 14:15:00+00:00;0.585;;
808410;treatment;before visit;2023-12-02 14:30:00+00:00;0.613;;
808410;treatment;before visit;2023-12-02 14:45:00+00:00;0.267;;
808410;treatment;before visit;2023-12-02 15:00:00+00:00;0.158;;
808410;treatment;before visit;2023-12-02 15:15:00+00:00;0.398;;
808410;treatment;before visit;2023-12-02 15:30:00+00:00;0.761;;
808410;treatment;before visit;2023-12-02 15:45:00+00:00;0.829;;
808410;treatment;before visit;2023-12-02 16:00:00+00:00;0.721;;
808410;treatment;before visit;2023-12-02 16:15:00+00:00;0.41;;
808410;treatment;before visit;2023-12-02 16:30:00+00:00;0.178;;
808410;treatment;before visit;2023-12-02 16:45:00+00:00;0.439;;
808410;treatment;before visit;2023-12-02 17:00:00+00:00;0.971;;
808410;treatment;before visit;2023-12-02 17:15:00+00:00;1.092;;
808410;treatment;before visit;2023-12-02 17:30:00+00:00;0.787;;
808410;treatment;before visit;2023-12-02 17:45:00+00:00;0.531;;
808410;treatment;before visit;2023-12-02 18:00:00+00:00;0.193;;
808410;treatment;before visit;2023-12-02 18:15:00+00:00;0.393;;
808410;treatment;before visit;2023-12-02 18:30:00+00:00;0.676;;
808410;treatment;before visit;2023-12-02 18:45:00+00:00;0.698;;
808410;treatment;before visit;2023-12-02 19:00:00+00:00;0.595;;
808410;treatment;before visit;2023-12-02 19:15:00+00:00;0.224;;
808410;treatment;before visit;2023-12-02 19:30:00+00:00;0.154;;
808410;treatment;before visit;2023-12-02 19:45:00+00:00;0.785;;
808410;treatment;before visit;2023-12-02 20:00:00+00:00;0.613;;
808410;treatment;before visit;2023-12-02 20:15:00+00:00;0.576;;
808410;treatment;before visit;2023-12-02 20:30:00+00:00;0.578;;
808410;treatment;before visit;2023-12-02 20:45:00+00:00;0.584;;
808410;treatment;before visit;2023-12-02 21:00:00+00:00;0.59;;
808410;treatment;before visit;2023-12-02 21:15:00+00:00;0.27;;
808410;treatment;before visit;2023-12-02 21:30:00+00:00;0.105;;
808410;treatment;before visit;2023-12-02 21:45:00+00:00;0.359;;
808410;treatment;before visit;2023-12-02 22:00:00+00:00;0.666;;
808410;treatment;before visit;2023-12-02 22:15:00+00:00;0.707;;
808410;treatment;before visit;2023-12-02 22:30:00+00:00;0.595;;
808410;treatment;before visit;2023-12-02 22:45:00+00:00;0.496;;
808410;treatment;before visit;2023-12-02 23:00:00+00:00;0.361;;
808410;treatment;before visit;2023-12-02 23:15:00+00:00;0.11;;
808410;treatment;before visit;2023-12-02 23:30:00+00:00;0.347;;
808410;treatment;before visit;2023-12-02 23:45:00+00:00;0.706;;
808410;treatment;before visit;2023-12-03 00:00:00+00:00;0.741;;
808410;treatment;before visit;2023-12-03 00:15:00+00:00;0.558;;
808410;treatment;before visit;2023-12-03 00:30:00+00:00;0.568;;
808410;treatment;before visit;2023-12-03 00:45:00+00:00;0.314;;
808410;treatment;before visit;2023-12-03 01:00:00+00:00;0.101;;
808410;treatment;before visit;2023-12-03 01:15:00+00:00;0.336;;
808410;treatment;before visit;2023-12-03 01:30:00+00:00;0.821;;
808410;treatment;before visit;2023-12-03 01:45:00+00:00;0.722;;
808410;treatment;before visit;2023-12-03 02:00:00+00:00;0.55;;
808410;treatment;before visit;2023-12-03 02:15:00+00:00;0.663;;
808410;treatment;before visit;2023-12-03 02:30:00+00:00;0.563;;
808410;treatment;before visit;2023-12-03 02:45:00+00:00;0.561;;
808410;treatment;before visit;2023-12-03 03:00:00+00:00;0.566;;
808410;treatment;before visit;2023-12-03 03:15:00+00:00;0.411;;
808410;treatment;before visit;2023-12-03 03:30:00+00:00;0.104;;
808410;treatment;before visit;2023-12-03 03:45:00+00:00;0.35;;
808410;treatment;before visit;2023-12-03 04:00:00+00:00;0.713;;
808410;treatment;before visit;2023-12-03 04:15:00+00:00;0.703;;
808410;treatment;before visit;2023-12-03 04:30:00+00:00;0.703;;
808410;treatment;before visit;2023-12-03 04:45:00+00:00;0.518;;
808410;treatment;before visit;2023-12-03 05:00:00+00:00;0.696;;
808410;treatment;before visit;2023-12-03 05:15:00+00:00;0.604;;
808410;treatment;before visit;2023-12-03 05:30:00+00:00;0.604;;
808410;treatment;before visit;2023-12-03 05:45:00+00:00;0.605;;
808410;treatment;before visit;2023-12-03 06:00:00+00:00;0.604;;
808410;treatment;before visit;2023-12-03 06:15:00+00:00;0.609;;
808410;treatment;before visit;2023-12-03 06:30:00+00:00;0.603;;
808410;treatment;before visit;2023-12-03 06:45:00+00:00;0.513;;
808410;treatment;before visit;2023-12-03 07:00:00+00:00;0.837;;
808410;treatment;before visit;2023-12-03 07:15:00+00:00;1.044;;
808410;treatment;before visit;2023-12-03 07:30:00+00:00;0.773;;
808410;treatment;before visit;2023-12-03 07:45:00+00:00;0.651;;
808410;treatment;before visit;2023-12-03 08:00:00+00:00;0.608;;
808410;treatment;before visit;2023-12-03 08:15:00+00:00;0.622;;
808410;treatment;before visit;2023-12-03 08:30:00+00:00;0.422;;
808410;treatment;before visit;2023-12-03 08:45:00+00:00;0.271;;
808410;treatment;before visit;2023-12-03 09:00:00+00:00;0.593;;
808410;treatment;before visit;2023-12-03 09:15:00+00:00;0.904;;
808410;treatment;before visit;2023-12-03 09:30:00+00:00;0.781;;
808410;treatment;before visit;2023-12-03 09:45:00+00:00;0.868;;
808410;treatment;before visit;2023-12-03 10:00:00+00:00;0.763;;
808410;treatment;before visit;2023-12-03 10:15:00+00:00;0.651;;
808410;treatment;before visit;2023-12-03 10:30:00+00:00;0.922;;
808410;treatment;before visit;2023-12-03 10:45:00+00:00;1.189;;
808410;treatment;before visit;2023-12-03 11:00:00+00:00;0.929;;
808410;treatment;before visit;2023-12-03 11:15:00+00:00;0.716;;
808410;treatment;before visit;2023-12-03 11:30:00+00:00;0.677;;
808410;treatment;before visit;2023-12-03 11:45:00+00:00;0.462;;
808410;treatment;before visit;2023-12-03 12:00:00+00:00;0.132;;
808410;treatment;before visit;2023-12-03 12:15:00+00:00;0.139;;
808410;treatment;before visit;2023-12-03 12:30:00+00:00;0.447;;
808410;treatment;before visit;2023-12-03 12:45:00+00:00;0.76;;
808410;treatment;before visit;2023-12-03 13:00:00+00:00;0.66;;
808410;treatment;before visit;2023-12-03 13:15:00+00:00;0.568;;
808410;treatment;before visit;2023-12-03 13:30:00+00:00;0.43;;
808410;treatment;before visit;2023-12-03 13:45:00+00:00;0.18;;
808410;treatment;before visit;2023-12-03 14:00:00+00:00;0.399;;
808410;treatment;before visit;2023-12-03 14:15:00+00:00;1.29;;
808410;treatment;before visit;2023-12-03 14:30:00+00:00;0.989;;
808410;treatment;before visit;2023-12-03 14:45:00+00:00;0.603;;
808410;treatment;before visit;2023-12-03 15:00:00+00:00;0.316;;
808410;treatment;before visit;2023-12-03 15:15:00+00:00;0.263;;
808410;treatment;before visit;2023-12-03 15:30:00+00:00;0.875;;
808410;treatment;before visit;2023-12-03 15:45:00+00:00;0.795;;
808410;treatment;before visit;2023-12-03 16:00:00+00:00;0.69;;
808410;treatment;before visit;2023-12-03 16:15:00+00:00;0.638;;
808410;treatment;before visit;2023-12-03 16:30:00+00:00;0.582;;
808410;treatment;before visit;2023-12-03 16:45:00+00:00;0.75;;
808410;treatment;before visit;2023-12-03 17:00:00+00:00;0.799;;
808410;treatment;before visit;2023-12-03 17:15:00+00:00;0.712;;
808410;treatment;before visit;2023-12-03 17:30:00+00:00;1.056;;
808410;treatment;before visit;2023-12-03 17:45:00+00:00;0.847;;
808410;treatment;before visit;2023-12-03 18:00:00+00:00;0.521;;
808410;treatment;before visit;2023-12-03 18:15:00+00:00;0.313;;
808410;treatment;before visit;2023-12-03 18:30:00+00:00;0.439;;
808410;treatment;before visit;2023-12-03 18:45:00+00:00;0.608;;
808410;treatment;before visit;2023-12-03 19:00:00+00:00;0.765;;
808410;treatment;before visit;2023-12-03 19:15:00+00:00;0.862;;
808410;treatment;before visit;2023-12-03 19:30:00+00:00;0.734;;
808410;treatment;before visit;2023-12-03 19:45:00+00:00;0.705;;
808410;treatment;before visit;2023-12-03 20:00:00+00:00;0.669;;
808410;treatment;before visit;2023-12-03 20:15:00+00:00;0.358;;
808410;treatment;before visit;2023-12-03 20:30:00+00:00;0.115;;
808410;treatment;before visit;2023-12-03 20:45:00+00:00;0.382;;
808410;treatment;before visit;2023-12-03 21:00:00+00:00;0.491;;
808410;treatment;before visit;2023-12-03 21:15:00+00:00;0.913;;
808410;treatment;before visit;2023-12-03 21:30:00+00:00;0.732;;
808410;treatment;before visit;2023-12-03 21:45:00+00:00;0.621;;
808410;treatment;before visit;2023-12-03 22:00:00+00:00;0.515;;
808410;treatment;before visit;2023-12-03 22:15:00+00:00;0.777;;
808410;treatment;before visit;2023-12-03 22:30:00+00:00;0.614;;
808410;treatment;before visit;2023-12-03 22:45:00+00:00;0.573;;
808410;treatment;before visit;2023-12-03 23:00:00+00:00;0.571;;
808410;treatment;before visit;2023-12-03 23:15:00+00:00;0.561;;
808410;treatment;before visit;2023-12-03 23:30:00+00:00;0.232;;
808410;treatment;before visit;2023-12-03 23:45:00+00:00;0.191;;
808410;treatment;before visit;2023-12-04 00:00:00+00:00;0.577;;
808410;treatment;before visit;2023-12-04 00:15:00+00:00;0.635;;
808410;treatment;before visit;2023-12-04 00:30:00+00:00;0.982;;
808410;treatment;before visit;2023-12-04 00:45:00+00:00;0.8;;
808410;treatment;before visit;2023-12-04 01:00:00+00:00;0.706;;
808410;treatment;before visit;2023-12-04 01:15:00+00:00;0.602;;
808410;treatment;before visit;2023-12-04 01:30:00+00:00;0.875;;
808410;treatment;before visit;2023-12-04 01:45:00+00:00;0.743;;
808410;treatment;before visit;2023-12-04 02:00:00+00:00;0.713;;
808410;treatment;before visit;2023-12-04 02:15:00+00:00;0.705;;
808410;treatment;before visit;2023-12-04 02:30:00+00:00;0.7;;
808410;treatment;before visit;2023-12-04 02:45:00+00:00;0.723;;
808410;treatment;before visit;2023-12-04 03:00:00+00:00;0.679;;
808410;treatment;before visit;2023-12-04 03:15:00+00:00;0.676;;
808410;treatment;before visit;2023-12-04 03:30:00+00:00;0.635;;
808410;treatment;before visit;2023-12-04 03:45:00+00:00;0.616;;
808410;treatment;before visit;2023-12-04 04:00:00+00:00;0.681;;
808410;treatment;before visit;2023-12-04 04:15:00+00:00;0.608;;
808410;treatment;before visit;2023-12-04 04:30:00+00:00;0.605;;
808410;treatment;before visit;2023-12-04 04:45:00+00:00;0.597;;
808410;treatment;before visit;2023-12-04 05:00:00+00:00;0.584;;
808410;treatment;before visit;2023-12-04 05:15:00+00:00;0.61;;
808410;treatment;before visit;2023-12-04 05:30:00+00:00;0.61;;
808410;treatment;before visit;2023-12-04 05:45:00+00:00;0.606;;
808410;treatment;before visit;2023-12-04 06:00:00+00:00;0.518;;
808410;treatment;before visit;2023-12-04 06:15:00+00:00;0.615;;
808410;treatment;before visit;2023-12-04 06:30:00+00:00;0.195;;
808410;treatment;before visit;2023-12-04 06:45:00+00:00;0.321;;
808410;treatment;before visit;2023-12-04 07:00:00+00:00;0.619;;
808410;treatment;before visit;2023-12-04 07:15:00+00:00;1.018;;
808410;treatment;before visit;2023-12-04 07:30:00+00:00;1.047;;
808410;treatment;before visit;2023-12-04 07:45:00+00:00;0.794;;
808410;treatment;before visit;2023-12-04 08:00:00+00:00;0.905;;
808410;treatment;before visit;2023-12-04 08:15:00+00:00;0.755;;
808410;treatment;before visit;2023-12-04 08:30:00+00:00;1.108;;
808410;treatment;before visit;2023-12-04 08:45:00+00:00;0.698;;
808410;treatment;before visit;2023-12-04 09:00:00+00:00;0.68;;
808410;treatment;before visit;2023-12-04 09:15:00+00:00;0.626;;
808410;treatment;before visit;2023-12-04 09:30:00+00:00;0.598;;
808410;treatment;before visit;2023-12-04 09:45:00+00:00;0.55;;
808410;treatment;before visit;2023-12-04 10:00:00+00:00;0.551;;
808410;treatment;before visit;2023-12-04 10:15:00+00:00;0.536;;
808410;treatment;before visit;2023-12-04 10:30:00+00:00;0.525;;
808410;treatment;before visit;2023-12-04 10:45:00+00:00;0.526;;
808410;treatment;before visit;2023-12-04 11:00:00+00:00;0.674;;
808410;treatment;before visit;2023-12-04 11:15:00+00:00;0.672;;
808410;treatment;before visit;2023-12-04 11:30:00+00:00;0.503;;
808410;treatment;before visit;2023-12-04 11:45:00+00:00;0.534;;
808410;treatment;before visit;2023-12-04 12:00:00+00:00;0.547;;
808410;treatment;before visit;2023-12-04 12:15:00+00:00;0.495;;
808410;treatment;before visit;2023-12-04 12:30:00+00:00;0.588;;
808410;treatment;before visit;2023-12-04 12:45:00+00:00;0.599;;
808410;treatment;before visit;2023-12-04 13:00:00+00:00;0.607;;
808410;treatment;before visit;2023-12-04 13:15:00+00:00;0.61;;
808410;treatment;before visit;2023-12-04 13:30:00+00:00;0.616;;
808410;treatment;before visit;2023-12-04 13:45:00+00:00;0.625;;
808410;treatment;before visit;2023-12-04 14:00:00+00:00;0.31;;
808410;treatment;before visit;2023-12-04 14:15:00+00:00;0.125;;
808410;treatment;before visit;2023-12-04 14:30:00+00:00;0.213;;
808410;treatment;before visit;2023-12-04 14:45:00+00:00;0.672;;
808410;treatment;before visit;2023-12-04 15:00:00+00:00;0.719;;
808410;treatment;before visit;2023-12-04 15:15:00+00:00;0.64;;
808410;treatment;before visit;2023-12-04 15:30:00+00:00;0.457;;
808410;treatment;before visit;2023-12-04 15:45:00+00:00;0.169;;
808410;treatment;before visit;2023-12-04 16:00:00+00:00;0.253;;
808410;treatment;before visit;2023-12-04 16:15:00+00:00;0.705;;
808410;treatment;before visit;2023-12-04 16:30:00+00:00;0.761;;
808410;treatment;before visit;2023-12-04 16:45:00+00:00;0.636;;
808410;treatment;before visit;2023-12-04 17:00:00+00:00;0.345;;
808410;treatment;before visit;2023-12-04 17:15:00+00:00;0.13;;
808410;treatment;before visit;2023-12-04 17:30:00+00:00;0.636;;
808410;treatment;before visit;2023-12-04 17:45:00+00:00;0.685;;
808410;treatment;before visit;2023-12-04 18:00:00+00:00;0.654;;
808410;treatment;before visit;2023-12-04 18:15:00+00:00;0.565;;
808410;treatment;before visit;2023-12-04 18:30:00+00:00;0.379;;
808410;treatment;before visit;2023-12-04 18:45:00+00:00;0.142;;
808410;treatment;before visit;2023-12-04 19:00:00+00:00;0.386;;
808410;treatment;before visit;2023-12-04 19:15:00+00:00;0.681;;
808410;treatment;before visit;2023-12-04 19:30:00+00:00;0.703;;
808410;treatment;before visit;2023-12-04 19:45:00+00:00;0.625;;
808410;treatment;before visit;2023-12-04 20:00:00+00:00;0.541;;
808410;treatment;before visit;2023-12-04 20:15:00+00:00;0.311;;
808410;treatment;before visit;2023-12-04 20:30:00+00:00;0.337;;
808410;treatment;before visit;2023-12-04 20:45:00+00:00;0.81;;
808410;treatment;before visit;2023-12-04 21:00:00+00:00;0.662;;
808410;treatment;before visit;2023-12-04 21:15:00+00:00;0.624;;
808410;treatment;before visit;2023-12-04 21:30:00+00:00;0.361;;
808410;treatment;before visit;2023-12-04 21:45:00+00:00;0.211;;
808410;treatment;before visit;2023-12-04 22:00:00+00:00;0.48;;
808410;treatment;before visit;2023-12-04 22:15:00+00:00;0.801;;
808410;treatment;before visit;2023-12-04 22:30:00+00:00;0.727;;
808410;treatment;before visit;2023-12-04 22:45:00+00:00;0.658;;
808410;treatment;before visit;2023-12-04 23:00:00+00:00;0.53;;
808410;treatment;before visit;2023-12-04 23:15:00+00:00;0.213;;
808410;treatment;before visit;2023-12-04 23:30:00+00:00;0.318;;
808410;treatment;before visit;2023-12-04 23:45:00+00:00;0.761;;
808410;treatment;before visit;2023-12-11 00:00:00+00:00;0.572;;
808410;treatment;before visit;2023-12-11 00:15:00+00:00;0.423;;
808410;treatment;before visit;2023-12-11 00:30:00+00:00;0.296;;
808410;treatment;before visit;2023-12-11 00:45:00+00:00;0.085;;
808410;treatment;before visit;2023-12-11 01:00:00+00:00;0.082;;
808410;treatment;before visit;2023-12-11 01:15:00+00:00;0.082;;
808410;treatment;before visit;2023-12-11 01:30:00+00:00;0.442;;
808410;treatment;before visit;2023-12-11 01:45:00+00:00;0.475;;
808410;treatment;before visit;2023-12-11 02:00:00+00:00;0.311;;
808410;treatment;before visit;2023-12-11 02:15:00+00:00;0.083;;
808410;treatment;before visit;2023-12-11 02:30:00+00:00;0.083;;
808410;treatment;before visit;2023-12-11 02:45:00+00:00;0.087;;
808410;treatment;before visit;2023-12-11 03:00:00+00:00;0.458;;
808410;treatment;before visit;2023-12-11 03:15:00+00:00;0.455;;
808410;treatment;before visit;2023-12-11 03:30:00+00:00;0.301;;
808410;treatment;before visit;2023-12-11 03:45:00+00:00;0.087;;
808410;treatment;before visit;2023-12-11 04:00:00+00:00;0.088;;
808410;treatment;before visit;2023-12-11 04:15:00+00:00;0.088;;
808410;treatment;before visit;2023-12-11 04:30:00+00:00;0.514;;
808410;treatment;before visit;2023-12-11 04:45:00+00:00;0.448;;
808410;treatment;before visit;2023-12-11 05:00:00+00:00;0.253;;
808410;treatment;before visit;2023-12-11 05:15:00+00:00;0.09;;
808410;treatment;before visit;2023-12-11 05:30:00+00:00;0.087;;
808410;treatment;before visit;2023-12-11 05:45:00+00:00;0.098;;
808410;treatment;before visit;2023-12-11 06:00:00+00:00;0.616;;
808410;treatment;before visit;2023-12-11 06:15:00+00:00;0.75;;
808410;treatment;before visit;2023-12-11 06:30:00+00:00;0.509;;
808410;treatment;before visit;2023-12-11 06:45:00+00:00;0.283;;
808410;treatment;before visit;2023-12-11 07:00:00+00:00;0.265;;
808410;treatment;before visit;2023-12-11 07:15:00+00:00;0.315;;
808410;treatment;before visit;2023-12-11 07:30:00+00:00;0.805;;
808410;treatment;before visit;2023-12-11 07:45:00+00:00;0.888;;
808410;treatment;before visit;2023-12-11 08:00:00+00:00;0.619;;
808410;treatment;before visit;2023-12-11 08:15:00+00:00;0.527;;
808410;treatment;before visit;2023-12-11 08:30:00+00:00;0.451;;
808410;treatment;before visit;2023-12-11 08:45:00+00:00;0.48;;
808410;treatment;before visit;2023-12-11 09:00:00+00:00;0.498;;
808410;treatment;before visit;2023-12-11 09:15:00+00:00;0.647;;
808410;treatment;before visit;2023-12-11 09:30:00+00:00;0.563;;
808410;treatment;before visit;2023-12-11 09:45:00+00:00;0.358;;
808410;treatment;before visit;2023-12-11 10:00:00+00:00;0.095;;
808410;treatment;before visit;2023-12-11 10:15:00+00:00;0.099;;
808410;treatment;before visit;2023-12-11 10:30:00+00:00;0.12;;
808410;treatment;before visit;2023-12-11 10:45:00+00:00;0.506;;
808410;treatment;before visit;2023-12-11 11:00:00+00:00;0.754;;
808410;treatment;before visit;2023-12-11 11:15:00+00:00;0.293;;
808410;treatment;before visit;2023-12-11 11:30:00+00:00;0.11;;
808410;treatment;before visit;2023-12-11 11:45:00+00:00;0.078;;
808410;treatment;before visit;2023-12-11 12:00:00+00:00;0.067;;
808410;treatment;before visit;2023-12-11 12:15:00+00:00;0.091;;
808410;treatment;before visit;2023-12-11 12:30:00+00:00;0.505;;
808410;treatment;before visit;2023-12-11 12:45:00+00:00;0.367;;
808410;treatment;before visit;2023-12-11 13:00:00+00:00;0.205;;
808410;treatment;before visit;2023-12-11 13:15:00+00:00;0.09;;
808410;treatment;before visit;2023-12-11 13:30:00+00:00;0.062;;
808410;treatment;before visit;2023-12-11 13:45:00+00:00;0.059;;
808410;treatment;before visit;2023-12-11 14:00:00+00:00;0.426;;
808410;treatment;before visit;2023-12-11 14:15:00+00:00;0.415;;
808410;treatment;before visit;2023-12-11 14:30:00+00:00;0.279;;
808410;treatment;before visit;2023-12-11 14:45:00+00:00;0.118;;
808410;treatment;before visit;2023-12-11 15:00:00+00:00;0.144;;
808410;treatment;before visit;2023-12-11 15:15:00+00:00;0.148;;
808410;treatment;before visit;2023-12-11 15:30:00+00:00;0.5;;
808410;treatment;before visit;2023-12-11 15:45:00+00:00;0.526;;
808410;treatment;before visit;2023-12-11 16:00:00+00:00;0.413;;
808410;treatment;before visit;2023-12-11 16:15:00+00:00;0.176;;
808410;treatment;before visit;2023-12-11 16:30:00+00:00;0.173;;
808410;treatment;before visit;2023-12-11 16:45:00+00:00;0.27;;
808410;treatment;before visit;2023-12-11 17:00:00+00:00;0.557;;
808410;treatment;before visit;2023-12-11 17:15:00+00:00;0.892;;
808410;treatment;before visit;2023-12-11 17:30:00+00:00;0.615;;
808410;treatment;before visit;2023-12-11 17:45:00+00:00;0.312;;
808410;treatment;before visit;2023-12-11 18:00:00+00:00;0.1;;
808410;treatment;before visit;2023-12-11 18:15:00+00:00;0.104;;
808410;treatment;before visit;2023-12-11 18:30:00+00:00;0.137;;
808410;treatment;before visit;2023-12-11 18:45:00+00:00;0.515;;
808410;treatment;before visit;2023-12-11 19:00:00+00:00;0.485;;
808410;treatment;before visit;2023-12-11 19:15:00+00:00;0.385;;
808410;treatment;before visit;2023-12-11 19:30:00+00:00;0.159;;
808410;treatment;before visit;2023-12-11 19:45:00+00:00;0.138;;
808410;treatment;before visit;2023-12-11 20:00:00+00:00;0.125;;
808410;treatment;before visit;2023-12-11 20:15:00+00:00;0.257;;
808410;treatment;before visit;2023-12-11 20:30:00+00:00;0.531;;
808410;treatment;before visit;2023-12-11 20:45:00+00:00;0.425;;
808410;treatment;before visit;2023-12-11 21:00:00+00:00;0.245;;
808410;treatment;before visit;2023-12-11 21:15:00+00:00;0.109;;
808410;treatment;before visit;2023-12-11 21:30:00+00:00;0.137;;
808410;treatment;before visit;2023-12-11 21:45:00+00:00;0.137;;
808410;treatment;before visit;2023-12-11 22:00:00+00:00;0.474;;
808410;treatment;before visit;2023-12-11 22:15:00+00:00;0.48;;
808410;treatment;before visit;2023-12-11 22:30:00+00:00;0.305;;
808410;treatment;before visit;2023-12-11 22:45:00+00:00;0.102;;
808410;treatment;before visit;2023-12-11 23:00:00+00:00;0.104;;
808410;treatment;before visit;2023-12-11 23:15:00+00:00;0.104;;
808410;treatment;before visit;2023-12-11 23:30:00+00:00;0.489;;
808410;treatment;before visit;2023-12-11 23:45:00+00:00;0.464;;
808410;treatment;before visit;2023-12-12 00:00:00+00:00;0.277;;
808410;treatment;before visit;2023-12-12 00:15:00+00:00;0.101;;
808410;treatment;before visit;2023-12-12 00:30:00+00:00;0.079;;
808410;treatment;before visit;2023-12-12 00:45:00+00:00;0.083;;
808410;treatment;before visit;2023-12-12 01:00:00+00:00;0.452;;
808410;treatment;before visit;2023-12-12 01:15:00+00:00;0.462;;
808410;treatment;before visit;2023-12-12 01:30:00+00:00;0.323;;
808410;treatment;before visit;2023-12-12 01:45:00+00:00;0.082;;
808410;treatment;before visit;2023-12-12 02:00:00+00:00;0.129;;
808410;treatment;before visit;2023-12-12 02:15:00+00:00;0.181;;
808410;treatment;before visit;2023-12-12 02:30:00+00:00;0.559;;
808410;treatment;before visit;2023-12-12 02:45:00+00:00;0.569;;
808410;treatment;before visit;2023-12-12 03:00:00+00:00;0.43;;
808410;treatment;before visit;2023-12-12 03:15:00+00:00;0.19;;
808410;treatment;before visit;2023-12-12 03:30:00+00:00;0.197;;
808410;treatment;before visit;2023-12-12 03:45:00+00:00;0.204;;
808410;treatment;before visit;2023-12-12 04:00:00+00:00;0.541;;
808410;treatment;before visit;2023-12-12 04:15:00+00:00;0.582;;
808410;treatment;before visit;2023-12-12 04:30:00+00:00;0.501;;
808410;treatment;before visit;2023-12-12 04:45:00+00:00;0.292;;
808410;treatment;before visit;2023-12-12 05:00:00+00:00;0.217;;
808410;treatment;before visit;2023-12-12 05:15:00+00:00;0.212;;
808410;treatment;before visit;2023-12-12 05:30:00+00:00;0.257;;
808410;treatment;before visit;2023-12-12 05:45:00+00:00;0.606;;
808410;treatment;before visit;2023-12-12 06:00:00+00:00;0.448;;
808410;treatment;before visit;2023-12-12 06:15:00+00:00;0.272;;
808410;treatment;before visit;2023-12-12 06:30:00+00:00;0.091;;
808410;treatment;before visit;2023-12-12 06:45:00+00:00;0.093;;
808410;treatment;before visit;2023-12-12 07:00:00+00:00;0.122;;
808410;treatment;before visit;2023-12-12 07:15:00+00:00;0.523;;
808410;treatment;before visit;2023-12-12 07:30:00+00:00;0.721;;
808410;treatment;before visit;2023-12-12 07:45:00+00:00;0.419;;
808410;treatment;before visit;2023-12-12 08:00:00+00:00;0.16;;
808410;treatment;before visit;2023-12-12 08:15:00+00:00;0.103;;
808410;treatment;before visit;2023-12-12 08:30:00+00:00;0.107;;
808410;treatment;before visit;2023-12-12 08:45:00+00:00;0.1;;
808410;treatment;before visit;2023-12-12 09:00:00+00:00;0.503;;
808410;treatment;before visit;2023-12-12 09:15:00+00:00;0.352;;
808410;treatment;before visit;2023-12-12 09:30:00+00:00;0.147;;
808410;treatment;before visit;2023-12-12 09:45:00+00:00;0.029;;
808410;treatment;before visit;2023-12-12 10:00:00+00:00;0.052;;
808410;treatment;before visit;2023-12-12 10:15:00+00:00;0.04;;
808410;treatment;before visit;2023-12-12 10:30:00+00:00;0.45;;
808410;treatment;before visit;2023-12-12 10:45:00+00:00;0.306;;
808410;treatment;before visit;2023-12-12 11:00:00+00:00;0.251;;
808410;treatment;before visit;2023-12-12 11:15:00+00:00;0.062;;
808410;treatment;before visit;2023-12-12 11:30:00+00:00;0.002;;
808410;treatment;before visit;2023-12-12 11:45:00+00:00;0.101;;
808410;treatment;before visit;2023-12-12 12:00:00+00:00;0.503;;
808410;treatment;before visit;2023-12-12 12:15:00+00:00;0.511;;
808410;treatment;before visit;2023-12-12 12:30:00+00:00;0.112;;
808410;treatment;before visit;2023-12-12 12:45:00+00:00;0.042;;
808410;treatment;before visit;2023-12-12 13:00:00+00:00;0.493;;
808410;treatment;before visit;2023-12-12 13:15:00+00:00;0.031;;
808410;treatment;before visit;2023-12-12 13:30:00+00:00;0.393;;
808410;treatment;before visit;2023-12-12 13:45:00+00:00;0.411;;
808410;treatment;before visit;2023-12-12 14:00:00+00:00;0.302;;
808410;treatment;before visit;2023-12-12 14:15:00+00:00;0.147;;
808410;treatment;before visit;2023-12-12 14:30:00+00:00;0.117;;
808410;treatment;before visit;2023-12-12 14:45:00+00:00;0.137;;
808410;treatment;before visit;2023-12-12 15:00:00+00:00;0.163;;
808410;treatment;before visit;2023-12-12 15:15:00+00:00;0.586;;
808410;treatment;before visit;2023-12-12 15:30:00+00:00;0.456;;
808410;treatment;before visit;2023-12-12 15:45:00+00:00;0.348;;
808410;treatment;before visit;2023-12-12 16:00:00+00:00;0.269;;
808410;treatment;before visit;2023-12-12 16:15:00+00:00;0.259;;
808410;treatment;before visit;2023-12-12 16:30:00+00:00;0.268;;
808410;treatment;before visit;2023-12-12 16:45:00+00:00;0.681;;
808410;treatment;before visit;2023-12-12 17:00:00+00:00;0.557;;
808410;treatment;before visit;2023-12-12 17:15:00+00:00;0.495;;
808410;treatment;before visit;2023-12-12 17:30:00+00:00;0.24;;
808410;treatment;before visit;2023-12-12 17:45:00+00:00;0.235;;
808410;treatment;before visit;2023-12-12 18:00:00+00:00;0.238;;
808410;treatment;before visit;2023-12-12 18:15:00+00:00;0.332;;
808410;treatment;before visit;2023-12-12 18:30:00+00:00;0.668;;
808410;treatment;before visit;2023-12-12 18:45:00+00:00;0.537;;
808410;treatment;before visit;2023-12-12 19:00:00+00:00;0.674;;
808410;treatment;before visit;2023-12-12 19:15:00+00:00;0.592;;
808410;treatment;before visit;2023-12-12 19:30:00+00:00;0.277;;
808410;treatment;before visit;2023-12-12 19:45:00+00:00;0.199;;
808410;treatment;before visit;2023-12-12 20:00:00+00:00;0.319;;
808410;treatment;before visit;2023-12-12 20:15:00+00:00;0.504;;
808410;treatment;before visit;2023-12-12 20:30:00+00:00;0.41;;
808410;treatment;before visit;2023-12-12 20:45:00+00:00;0.172;;
808410;treatment;before visit;2023-12-12 21:00:00+00:00;0.086;;
808410;treatment;before visit;2023-12-12 21:15:00+00:00;0.087;;
808410;treatment;before visit;2023-12-12 21:30:00+00:00;0.102;;
808410;treatment;before visit;2023-12-12 21:45:00+00:00;0.549;;
808410;treatment;before visit;2023-12-12 22:00:00+00:00;0.436;;
808410;treatment;before visit;2023-12-12 22:15:00+00:00;0.268;;
808410;treatment;before visit;2023-12-12 22:30:00+00:00;0.085;;
808410;treatment;before visit;2023-12-12 22:45:00+00:00;0.093;;
808410;treatment;before visit;2023-12-12 23:00:00+00:00;0.086;;
808410;treatment;before visit;2023-12-12 23:15:00+00:00;0.347;;
808410;treatment;before visit;2023-12-12 23:30:00+00:00;0.459;;
808410;treatment;before visit;2023-12-12 23:45:00+00:00;0.385;;
808410;treatment;before visit;2023-12-14 00:00:00+00:00;0.548;;
808410;treatment;before visit;2023-12-14 00:15:00+00:00;0.446;;
808410;treatment;before visit;2023-12-14 00:30:00+00:00;0.154;;
808410;treatment;before visit;2023-12-14 00:45:00+00:00;0.109;;
808410;treatment;before visit;2023-12-14 01:00:00+00:00;0.098;;
808410;treatment;before visit;2023-12-14 01:15:00+00:00;0.104;;
808410;treatment;before visit;2023-12-14 01:30:00+00:00;0.501;;
808410;treatment;before visit;2023-12-14 01:45:00+00:00;0.573;;
808410;treatment;before visit;2023-12-14 02:00:00+00:00;0.452;;
808410;treatment;before visit;2023-12-14 02:15:00+00:00;0.277;;
808410;treatment;before visit;2023-12-14 02:30:00+00:00;0.105;;
808410;treatment;before visit;2023-12-14 02:45:00+00:00;0.111;;
808410;treatment;before visit;2023-12-14 03:00:00+00:00;0.524;;
808410;treatment;before visit;2023-12-14 03:15:00+00:00;0.509;;
808410;treatment;before visit;2023-12-14 03:30:00+00:00;0.417;;
808410;treatment;before visit;2023-12-14 03:45:00+00:00;0.105;;
808410;treatment;before visit;2023-12-14 04:00:00+00:00;0.113;;
808410;treatment;before visit;2023-12-14 04:15:00+00:00;0.114;;
808410;treatment;before visit;2023-12-14 04:30:00+00:00;0.108;;
808410;treatment;before visit;2023-12-14 04:45:00+00:00;0.54;;
808410;treatment;before visit;2023-12-14 05:00:00+00:00;0.575;;
808410;treatment;before visit;2023-12-14 05:15:00+00:00;0.448;;
808410;treatment;before visit;2023-12-14 05:30:00+00:00;0.218;;
808410;treatment;before visit;2023-12-14 05:45:00+00:00;0.106;;
808410;treatment;before visit;2023-12-14 06:00:00+00:00;0.107;;
808410;treatment;before visit;2023-12-14 06:15:00+00:00;0.119;;
808410;treatment;before visit;2023-12-14 06:30:00+00:00;0.433;;
808410;treatment;before visit;2023-12-14 06:45:00+00:00;0.612;;
808410;treatment;before visit;2023-12-14 07:00:00+00:00;0.643;;
808410;treatment;before visit;2023-12-14 07:15:00+00:00;0.359;;
808410;treatment;before visit;2023-12-14 07:30:00+00:00;0.114;;
808410;treatment;before visit;2023-12-14 07:45:00+00:00;0.092;;
808410;treatment;before visit;2023-12-14 08:00:00+00:00;0.109;;
808410;treatment;before visit;2023-12-14 08:15:00+00:00;0.429;;
808410;treatment;before visit;2023-12-14 08:30:00+00:00;0.619;;
808410;treatment;before visit;2023-12-14 08:45:00+00:00;0.471;;
808410;treatment;before visit;2023-12-14 09:00:00+00:00;0.353;;
808410;treatment;before visit;2023-12-14 09:15:00+00:00;0.102;;
808410;treatment;before visit;2023-12-14 09:30:00+00:00;0.097;;
808410;treatment;before visit;2023-12-14 09:45:00+00:00;0.067;;
808410;treatment;before visit;2023-12-14 10:00:00+00:00;0.261;;
808410;treatment;before visit;2023-12-14 10:15:00+00:00;0.582;;
808410;treatment;before visit;2023-12-14 10:30:00+00:00;0.44;;
808410;treatment;before visit;2023-12-14 10:45:00+00:00;0.357;;
808410;treatment;before visit;2023-12-14 11:00:00+00:00;0.055;;
808410;treatment;before visit;2023-12-14 11:15:00+00:00;0.09;;
808410;treatment;before visit;2023-12-14 11:30:00+00:00;0.066;;
808410;treatment;before visit;2023-12-14 11:45:00+00:00;0.221;;
808410;treatment;before visit;2023-12-14 12:00:00+00:00;0.684;;
808410;treatment;before visit;2023-12-14 12:15:00+00:00;0.595;;
808410;treatment;before visit;2023-12-14 12:30:00+00:00;0.487;;
808410;treatment;before visit;2023-12-14 12:45:00+00:00;0.195;;
808410;treatment;before visit;2023-12-14 13:00:00+00:00;0.178;;
808410;treatment;before visit;2023-12-14 13:15:00+00:00;0.165;;
808410;treatment;before visit;2023-12-14 13:30:00+00:00;0.281;;
808410;treatment;before visit;2023-12-14 13:45:00+00:00;0.68;;
808410;treatment;before visit;2023-12-14 14:00:00+00:00;0.588;;
808410;treatment;before visit;2023-12-14 14:15:00+00:00;0.482;;
808410;treatment;before visit;2023-12-14 14:30:00+00:00;0.275;;
808410;treatment;before visit;2023-12-14 14:45:00+00:00;0.246;;
808410;treatment;before visit;2023-12-14 15:00:00+00:00;0.27;;
808410;treatment;before visit;2023-12-14 15:15:00+00:00;0.476;;
808410;treatment;before visit;2023-12-14 15:30:00+00:00;0.652;;
808410;treatment;before visit;2023-12-14 15:45:00+00:00;0.57;;
808410;treatment;before visit;2023-12-14 16:00:00+00:00;0.437;;
808410;treatment;before visit;2023-12-14 16:15:00+00:00;0.18;;
808410;treatment;before visit;2023-12-14 16:30:00+00:00;0.182;;
808410;treatment;before visit;2023-12-14 16:45:00+00:00;0.176;;
808410;treatment;before visit;2023-12-14 17:00:00+00:00;0.493;;
808410;treatment;before visit;2023-12-14 17:15:00+00:00;0.8;;
808410;treatment;before visit;2023-12-14 17:30:00+00:00;0.654;;
808410;treatment;before visit;2023-12-14 17:45:00+00:00;0.419;;
808410;treatment;before visit;2023-12-14 18:00:00+00:00;0.118;;
808410;treatment;before visit;2023-12-14 18:15:00+00:00;0.153;;
808410;treatment;before visit;2023-12-14 18:30:00+00:00;0.148;;
808410;treatment;before visit;2023-12-14 18:45:00+00:00;0.206;;
808410;treatment;before visit;2023-12-14 19:00:00+00:00;0.689;;
808410;treatment;before visit;2023-12-14 19:15:00+00:00;0.557;;
808410;treatment;before visit;2023-12-14 19:30:00+00:00;0.476;;
808410;treatment;before visit;2023-12-14 19:45:00+00:00;0.28;;
808410;treatment;before visit;2023-12-14 20:00:00+00:00;0.467;;
808410;treatment;before visit;2023-12-14 20:15:00+00:00;0.354;;
808410;treatment;before visit;2023-12-14 20:30:00+00:00;0.121;;
808410;treatment;before visit;2023-12-14 20:45:00+00:00;0.376;;
808410;treatment;before visit;2023-12-14 21:00:00+00:00;0.952;;
808410;treatment;before visit;2023-12-14 21:15:00+00:00;0.646;;
808410;treatment;before visit;2023-12-14 21:30:00+00:00;0.385;;
808410;treatment;before visit;2023-12-14 21:45:00+00:00;0.112;;
808410;treatment;before visit;2023-12-14 22:00:00+00:00;0.11;;
808410;treatment;before visit;2023-12-14 22:15:00+00:00;0.109;;
808410;treatment;before visit;2023-12-14 22:30:00+00:00;0.142;;
808410;treatment;before visit;2023-12-14 22:45:00+00:00;0.673;;
808410;treatment;before visit;2023-12-14 23:00:00+00:00;0.522;;
808410;treatment;before visit;2023-12-14 23:15:00+00:00;0.399;;
808410;treatment;before visit;2023-12-14 23:30:00+00:00;0.103;;
808410;treatment;before visit;2023-12-14 23:45:00+00:00;0.12;;
808410;treatment;before visit;2023-12-15 00:00:00+00:00;0.63;;
808410;treatment;before visit;2023-12-15 00:15:00+00:00;0.512;;
808410;treatment;before visit;2023-12-15 00:30:00+00:00;0.383;;
808410;treatment;before visit;2023-12-15 00:45:00+00:00;0.099;;
808410;treatment;before visit;2023-12-15 01:00:00+00:00;0.103;;
808410;treatment;before visit;2023-12-15 01:15:00+00:00;0.538;;
808410;treatment;before visit;2023-12-15 01:30:00+00:00;0.528;;
808410;treatment;before visit;2023-12-15 01:45:00+00:00;0.413;;
808410;treatment;before visit;2023-12-15 02:00:00+00:00;0.102;;
808410;treatment;before visit;2023-12-15 02:15:00+00:00;0.104;;
808410;treatment;before visit;2023-12-15 02:30:00+00:00;0.527;;
808410;treatment;before visit;2023-12-15 02:45:00+00:00;0.551;;
808410;treatment;before visit;2023-12-15 03:00:00+00:00;0.396;;
808410;treatment;before visit;2023-12-15 03:15:00+00:00;0.103;;
808410;treatment;before visit;2023-12-15 03:30:00+00:00;0.108;;
808410;treatment;before visit;2023-12-15 03:45:00+00:00;0.564;;
808410;treatment;before visit;2023-12-15 04:00:00+00:00;0.512;;
808410;treatment;before visit;2023-12-15 04:15:00+00:00;0.376;;
808410;treatment;before visit;2023-12-15 04:30:00+00:00;0.112;;
808410;treatment;before visit;2023-12-15 04:45:00+00:00;0.121;;
808410;treatment;before visit;2023-12-15 05:00:00+00:00;0.584;;
808410;treatment;before visit;2023-12-15 05:15:00+00:00;0.516;;
808410;treatment;before visit;2023-12-15 05:30:00+00:00;0.375;;
808410;treatment;before visit;2023-12-15 05:45:00+00:00;0.115;;
808410;treatment;before visit;2023-12-15 06:00:00+00:00;0.119;;
808410;treatment;before visit;2023-12-15 06:15:00+00:00;0.587;;
808410;treatment;before visit;2023-12-15 06:30:00+00:00;0.55;;
808410;treatment;before visit;2023-12-15 06:45:00+00:00;0.48;;
808410;treatment;before visit;2023-12-15 07:00:00+00:00;0.388;;
808410;treatment;before visit;2023-12-15 07:15:00+00:00;0.19;;
808410;treatment;before visit;2023-12-15 07:30:00+00:00;0.496;;
808410;treatment;before visit;2023-12-15 07:45:00+00:00;0.677;;
808410;treatment;before visit;2023-12-15 08:00:00+00:00;0.554;;
808410;treatment;before visit;2023-12-15 08:15:00+00:00;0.44;;
808410;treatment;before visit;2023-12-15 08:30:00+00:00;0.15;;
808410;treatment;before visit;2023-12-15 08:45:00+00:00;0.126;;
808410;treatment;before visit;2023-12-15 09:00:00+00:00;0.594;;
808410;treatment;before visit;2023-12-15 09:15:00+00:00;0.409;;
808410;treatment;before visit;2023-12-15 09:30:00+00:00;0.309;;
808410;treatment;before visit;2023-12-15 09:45:00+00:00;0.001;;
808410;treatment;before visit;2023-12-15 10:00:00+00:00;0.052;;
808410;treatment;before visit;2023-12-15 10:15:00+00:00;0.353;;
808410;treatment;before visit;2023-12-15 10:30:00+00:00;0.218;;
808410;treatment;before visit;2023-12-15 10:45:00+00:00;0.038;;
808410;treatment;before visit;2023-12-15 11:00:00+00:00;0.022;;
808410;treatment;before visit;2023-12-15 11:15:00+00:00;0.001;;
808410;treatment;before visit;2023-12-15 11:30:00+00:00;0.0;;
808410;treatment;before visit;2023-12-15 11:45:00+00:00;0.0;;
808410;treatment;before visit;2023-12-15 12:00:00+00:00;0.252;;
808410;treatment;before visit;2023-12-15 12:15:00+00:00;0.41;;
808410;treatment;before visit;2023-12-15 12:30:00+00:00;0.249;;
808410;treatment;before visit;2023-12-15 12:45:00+00:00;0.172;;
808410;treatment;before visit;2023-12-15 13:00:00+00:00;0.0;;
808410;treatment;before visit;2023-12-15 13:15:00+00:00;0.0;;
808410;treatment;before visit;2023-12-15 13:30:00+00:00;0.0;;
808410;treatment;before visit;2023-12-15 13:45:00+00:00;0.125;;
808410;treatment;before visit;2023-12-15 14:00:00+00:00;0.514;;
808410;treatment;before visit;2023-12-15 14:15:00+00:00;0.431;;
808410;treatment;before visit;2023-12-15 14:30:00+00:00;0.378;;
808410;treatment;before visit;2023-12-15 14:45:00+00:00;0.096;;
808410;treatment;before visit;2023-12-15 15:00:00+00:00;0.116;;
808410;treatment;before visit;2023-12-15 15:15:00+00:00;0.181;;
808410;treatment;before visit;2023-12-15 15:30:00+00:00;0.192;;
808410;treatment;before visit;2023-12-15 15:45:00+00:00;0.696;;
808410;treatment;before visit;2023-12-15 16:00:00+00:00;0.593;;
808410;treatment;before visit;2023-12-15 16:15:00+00:00;0.498;;
808410;treatment;before visit;2023-12-15 16:30:00+00:00;0.315;;
808410;treatment;before visit;2023-12-15 16:45:00+00:00;0.171;;
808410;treatment;before visit;2023-12-15 17:00:00+00:00;0.414;;
808410;treatment;before visit;2023-12-15 17:15:00+00:00;0.61;;
808410;treatment;before visit;2023-12-15 17:30:00+00:00;0.559;;
808410;treatment;before visit;2023-12-15 17:45:00+00:00;0.42;;
808410;treatment;before visit;2023-12-15 18:00:00+00:00;0.117;;
808410;treatment;before visit;2023-12-15 18:15:00+00:00;0.333;;
808410;treatment;before visit;2023-12-15 18:30:00+00:00;0.634;;
808410;treatment;before visit;2023-12-15 18:45:00+00:00;0.556;;
808410;treatment;before visit;2023-12-15 19:00:00+00:00;0.345;;
808410;treatment;before visit;2023-12-15 19:15:00+00:00;0.193;;
808410;treatment;before visit;2023-12-15 19:30:00+00:00;0.213;;
808410;treatment;before visit;2023-12-15 19:45:00+00:00;0.729;;
808410;treatment;before visit;2023-12-15 20:00:00+00:00;0.614;;
808410;treatment;before visit;2023-12-15 20:15:00+00:00;0.422;;
808410;treatment;before visit;2023-12-15 20:30:00+00:00;0.228;;
808410;treatment;before visit;2023-12-15 20:45:00+00:00;0.124;;
808410;treatment;before visit;2023-12-15 21:00:00+00:00;0.312;;
808410;treatment;before visit;2023-12-15 21:15:00+00:00;0.767;;
808410;treatment;before visit;2023-12-15 21:30:00+00:00;0.652;;
808410;treatment;before visit;2023-12-15 21:45:00+00:00;0.496;;
808410;treatment;before visit;2023-12-15 22:00:00+00:00;0.516;;
808410;treatment;before visit;2023-12-15 22:15:00+00:00;0.515;;
808410;treatment;before visit;2023-12-15 22:30:00+00:00;0.51;;
808410;treatment;before visit;2023-12-15 22:45:00+00:00;0.511;;
808410;treatment;before visit;2023-12-15 23:00:00+00:00;0.594;;
808410;treatment;before visit;2023-12-15 23:15:00+00:00;0.614;;
808410;treatment;before visit;2023-12-15 23:30:00+00:00;0.453;;
808410;treatment;before visit;2023-12-15 23:45:00+00:00;0.212;;
808410;treatment;before visit;2023-12-16 00:00:00+00:00;0.213;;
808410;treatment;before visit;2023-12-16 00:15:00+00:00;0.631;;
808410;treatment;before visit;2023-12-16 00:30:00+00:00;0.783;;
808410;treatment;before visit;2023-12-16 00:45:00+00:00;0.698;;
808410;treatment;before visit;2023-12-16 01:00:00+00:00;0.686;;
808410;treatment;before visit;2023-12-16 01:15:00+00:00;0.575;;
808410;treatment;before visit;2023-12-16 01:30:00+00:00;0.538;;
808410;treatment;before visit;2023-12-16 01:45:00+00:00;0.539;;
808410;treatment;before visit;2023-12-16 02:00:00+00:00;0.55;;
808410;treatment;before visit;2023-12-16 02:15:00+00:00;0.544;;
808410;treatment;before visit;2023-12-16 02:30:00+00:00;0.563;;
808410;treatment;before visit;2023-12-16 02:45:00+00:00;0.569;;
808410;treatment;before visit;2023-12-16 03:00:00+00:00;0.537;;
808410;treatment;before visit;2023-12-16 03:15:00+00:00;0.734;;
808410;treatment;before visit;2023-12-16 03:30:00+00:00;0.708;;
808410;treatment;before visit;2023-12-16 03:45:00+00:00;0.667;;
808410;treatment;before visit;2023-12-16 04:00:00+00:00;0.533;;
808410;treatment;before visit;2023-12-16 04:15:00+00:00;0.506;;
808410;treatment;before visit;2023-12-16 04:30:00+00:00;0.429;;
808410;treatment;before visit;2023-12-16 04:45:00+00:00;0.577;;
808410;treatment;before visit;2023-12-16 05:00:00+00:00;0.505;;
808410;treatment;before visit;2023-12-16 05:15:00+00:00;0.498;;
808410;treatment;before visit;2023-12-16 05:30:00+00:00;0.507;;
808410;treatment;before visit;2023-12-16 05:45:00+00:00;0.516;;
808410;treatment;before visit;2023-12-16 06:00:00+00:00;0.517;;
808410;treatment;before visit;2023-12-16 06:15:00+00:00;0.507;;
808410;treatment;before visit;2023-12-16 06:30:00+00:00;0.574;;
808410;treatment;before visit;2023-12-16 06:45:00+00:00;0.583;;
808410;treatment;before visit;2023-12-16 07:00:00+00:00;0.609;;
808410;treatment;before visit;2023-12-16 07:15:00+00:00;0.798;;
808410;treatment;before visit;2023-12-16 07:30:00+00:00;0.682;;
808410;treatment;before visit;2023-12-16 07:45:00+00:00;0.445;;
808410;treatment;before visit;2023-12-16 08:00:00+00:00;0.444;;
808410;treatment;before visit;2023-12-16 08:15:00+00:00;0.369;;
808410;treatment;before visit;2023-12-16 08:30:00+00:00;0.405;;
808410;treatment;before visit;2023-12-16 08:45:00+00:00;0.34;;
808410;treatment;before visit;2023-12-16 09:00:00+00:00;0.305;;
808410;treatment;before visit;2023-12-16 09:15:00+00:00;0.242;;
808410;treatment;before visit;2023-12-16 09:30:00+00:00;0.264;;
808410;treatment;before visit;2023-12-16 09:45:00+00:00;0.29;;
808410;treatment;before visit;2023-12-16 10:00:00+00:00;0.275;;
808410;treatment;before visit;2023-12-16 10:15:00+00:00;0.282;;
808410;treatment;before visit;2023-12-16 10:30:00+00:00;0.285;;
808410;treatment;before visit;2023-12-16 10:45:00+00:00;0.247;;
808410;treatment;before visit;2023-12-16 11:00:00+00:00;0.167;;
808410;treatment;before visit;2023-12-16 11:15:00+00:00;0.27;;
808410;treatment;before visit;2023-12-16 11:30:00+00:00;0.385;;
808410;treatment;before visit;2023-12-16 11:45:00+00:00;0.214;;
808410;treatment;before visit;2023-12-16 12:00:00+00:00;0.322;;
808410;treatment;before visit;2023-12-16 12:15:00+00:00;0.38;;
808410;treatment;before visit;2023-12-16 12:30:00+00:00;0.38;;
808410;treatment;before visit;2023-12-16 12:45:00+00:00;0.357;;
808410;treatment;before visit;2023-12-16 13:00:00+00:00;0.381;;
808410;treatment;before visit;2023-12-16 13:15:00+00:00;0.391;;
808410;treatment;before visit;2023-12-16 13:30:00+00:00;0.437;;
808410;treatment;before visit;2023-12-16 13:45:00+00:00;0.448;;
808410;treatment;before visit;2023-12-16 14:00:00+00:00;0.437;;
808410;treatment;before visit;2023-12-16 14:15:00+00:00;0.453;;
808410;treatment;before visit;2023-12-16 14:30:00+00:00;0.461;;
808410;treatment;before visit;2023-12-16 14:45:00+00:00;0.499;;
808410;treatment;before visit;2023-12-16 15:00:00+00:00;0.509;;
808410;treatment;before visit;2023-12-16 15:15:00+00:00;0.534;;
808410;treatment;before visit;2023-12-16 15:30:00+00:00;0.526;;
808410;treatment;before visit;2023-12-16 15:45:00+00:00;0.546;;
808410;treatment;before visit;2023-12-16 16:00:00+00:00;0.561;;
808410;treatment;before visit;2023-12-16 16:15:00+00:00;0.566;;
808410;treatment;before visit;2023-12-16 16:30:00+00:00;0.571;;
808410;treatment;before visit;2023-12-16 16:45:00+00:00;0.568;;
808410;treatment;before visit;2023-12-16 17:00:00+00:00;0.543;;
808410;treatment;before visit;2023-12-16 17:15:00+00:00;0.503;;
808410;treatment;before visit;2023-12-16 17:30:00+00:00;0.885;;
808410;treatment;before visit;2023-12-16 17:45:00+00:00;0.624;;
808410;treatment;before visit;2023-12-16 18:00:00+00:00;0.516;;
808410;treatment;before visit;2023-12-16 18:15:00+00:00;0.504;;
808410;treatment;before visit;2023-12-16 18:30:00+00:00;0.504;;
808410;treatment;before visit;2023-12-16 18:45:00+00:00;0.52;;
808410;treatment;before visit;2023-12-16 19:00:00+00:00;0.552;;
808410;treatment;before visit;2023-12-16 19:15:00+00:00;0.52;;
808410;treatment;before visit;2023-12-16 19:30:00+00:00;0.533;;
808410;treatment;before visit;2023-12-16 19:45:00+00:00;0.536;;
808410;treatment;before visit;2023-12-16 20:00:00+00:00;0.539;;
808410;treatment;before visit;2023-12-16 20:15:00+00:00;0.532;;
808410;treatment;before visit;2023-12-16 20:30:00+00:00;0.862;;
808410;treatment;before visit;2023-12-16 20:45:00+00:00;0.749;;
808410;treatment;before visit;2023-12-16 21:00:00+00:00;0.525;;
808410;treatment;before visit;2023-12-16 21:15:00+00:00;0.55;;
808410;treatment;before visit;2023-12-16 21:30:00+00:00;0.91;;
808410;treatment;before visit;2023-12-16 21:45:00+00:00;0.687;;
808410;treatment;before visit;2023-12-16 22:00:00+00:00;0.546;;
808410;treatment;before visit;2023-12-16 22:15:00+00:00;0.541;;
808410;treatment;before visit;2023-12-16 22:30:00+00:00;0.454;;
808410;treatment;before visit;2023-12-16 22:45:00+00:00;0.129;;
808410;treatment;before visit;2023-12-16 23:00:00+00:00;0.133;;
808410;treatment;before visit;2023-12-16 23:15:00+00:00;0.54;;
808410;treatment;before visit;2023-12-16 23:30:00+00:00;0.718;;
808410;treatment;before visit;2023-12-16 23:45:00+00:00;0.606;;
808410;treatment;before visit;2023-12-17 00:00:00+00:00;0.524;;
808410;treatment;before visit;2023-12-17 00:15:00+00:00;0.13;;
808410;treatment;before visit;2023-12-17 00:30:00+00:00;0.159;;
808410;treatment;before visit;2023-12-17 00:45:00+00:00;0.74;;
808410;treatment;before visit;2023-12-17 01:00:00+00:00;0.6;;
808410;treatment;before visit;2023-12-17 01:15:00+00:00;0.498;;
808410;treatment;before visit;2023-12-17 01:30:00+00:00;0.445;;
808410;treatment;before visit;2023-12-17 01:45:00+00:00;0.462;;
808410;treatment;before visit;2023-12-17 02:00:00+00:00;0.49;;
808410;treatment;before visit;2023-12-17 02:15:00+00:00;0.482;;
808410;treatment;before visit;2023-12-17 02:30:00+00:00;0.463;;
808410;treatment;before visit;2023-12-17 02:45:00+00:00;0.475;;
808410;treatment;before visit;2023-12-17 03:00:00+00:00;0.479;;
808410;treatment;before visit;2023-12-17 03:15:00+00:00;0.61;;
808410;treatment;before visit;2023-12-17 03:30:00+00:00;0.563;;
808410;treatment;before visit;2023-12-17 03:45:00+00:00;0.535;;
808410;treatment;before visit;2023-12-17 04:00:00+00:00;0.544;;
808410;treatment;before visit;2023-12-17 04:15:00+00:00;0.38;;
808410;treatment;before visit;2023-12-17 04:30:00+00:00;0.135;;
808410;treatment;before visit;2023-12-17 04:45:00+00:00;0.218;;
808410;treatment;before visit;2023-12-17 05:00:00+00:00;0.635;;
808410;treatment;before visit;2023-12-17 05:15:00+00:00;0.708;;
808410;treatment;before visit;2023-12-17 05:30:00+00:00;0.616;;
808410;treatment;before visit;2023-12-17 05:45:00+00:00;0.29;;
808410;treatment;before visit;2023-12-17 06:00:00+00:00;0.139;;
808410;treatment;before visit;2023-12-17 06:15:00+00:00;0.553;;
808410;treatment;before visit;2023-12-17 06:30:00+00:00;0.647;;
808410;treatment;before visit;2023-12-17 06:45:00+00:00;0.568;;
808410;treatment;before visit;2023-12-17 07:00:00+00:00;0.789;;
808410;treatment;before visit;2023-12-17 07:15:00+00:00;0.812;;
808410;treatment;before visit;2023-12-17 07:30:00+00:00;0.636;;
808410;treatment;before visit;2023-12-17 07:45:00+00:00;0.6;;
808410;treatment;before visit;2023-12-17 08:00:00+00:00;0.595;;
808410;treatment;before visit;2023-12-17 08:15:00+00:00;0.604;;
808410;treatment;before visit;2023-12-17 08:30:00+00:00;0.564;;
808410;treatment;before visit;2023-12-17 08:45:00+00:00;0.569;;
808410;treatment;before visit;2023-12-17 09:00:00+00:00;0.561;;
808410;treatment;before visit;2023-12-17 09:15:00+00:00;0.548;;
808410;treatment;before visit;2023-12-17 09:30:00+00:00;0.536;;
808410;treatment;before visit;2023-12-17 09:45:00+00:00;0.497;;
808410;treatment;before visit;2023-12-17 10:00:00+00:00;0.569;;
808410;treatment;before visit;2023-12-17 10:15:00+00:00;0.545;;
808410;treatment;before visit;2023-12-17 10:30:00+00:00;0.549;;
808410;treatment;before visit;2023-12-17 10:45:00+00:00;0.536;;
808410;treatment;before visit;2023-12-17 11:00:00+00:00;0.446;;
808410;treatment;before visit;2023-12-17 11:15:00+00:00;0.238;;
808410;treatment;before visit;2023-12-17 11:30:00+00:00;0.192;;
808410;treatment;before visit;2023-12-17 11:45:00+00:00;0.515;;
808410;treatment;before visit;2023-12-17 12:00:00+00:00;0.464;;
808410;treatment;before visit;2023-12-17 12:15:00+00:00;0.388;;
808410;treatment;before visit;2023-12-17 12:30:00+00:00;0.162;;
808410;treatment;before visit;2023-12-17 12:45:00+00:00;0.005;;
808410;treatment;before visit;2023-12-17 13:00:00+00:00;0.323;;
808410;treatment;before visit;2023-12-17 13:15:00+00:00;0.571;;
808410;treatment;before visit;2023-12-17 13:30:00+00:00;0.424;;
808410;treatment;before visit;2023-12-17 13:45:00+00:00;0.401;;
808410;treatment;before visit;2023-12-17 14:00:00+00:00;0.458;;
808410;treatment;before visit;2023-12-17 14:15:00+00:00;0.468;;
808410;treatment;before visit;2023-12-17 14:30:00+00:00;0.468;;
808410;treatment;before visit;2023-12-17 14:45:00+00:00;0.101;;
808410;treatment;before visit;2023-12-17 15:00:00+00:00;0.137;;
808410;treatment;before visit;2023-12-17 15:15:00+00:00;0.163;;
808410;treatment;before visit;2023-12-17 15:30:00+00:00;0.611;;
808410;treatment;before visit;2023-12-17 15:45:00+00:00;0.723;;
808410;treatment;before visit;2023-12-17 16:00:00+00:00;0.571;;
808410;treatment;before visit;2023-12-17 16:15:00+00:00;0.525;;
808410;treatment;before visit;2023-12-17 16:30:00+00:00;0.497;;
808410;treatment;before visit;2023-12-17 16:45:00+00:00;0.557;;
808410;treatment;before visit;2023-12-17 17:00:00+00:00;0.667;;
808410;treatment;before visit;2023-12-17 17:15:00+00:00;0.657;;
808410;treatment;before visit;2023-12-17 17:30:00+00:00;0.706;;
808410;treatment;before visit;2023-12-17 17:45:00+00:00;0.515;;
808410;treatment;before visit;2023-12-17 18:00:00+00:00;0.531;;
808410;treatment;before visit;2023-12-17 18:15:00+00:00;0.512;;
808410;treatment;before visit;2023-12-17 18:30:00+00:00;0.534;;
808410;treatment;before visit;2023-12-17 18:45:00+00:00;0.56;;
808410;treatment;before visit;2023-12-17 19:00:00+00:00;0.484;;
808410;treatment;before visit;2023-12-17 19:15:00+00:00;0.648;;
808410;treatment;before visit;2023-12-17 19:30:00+00:00;0.595;;
808410;treatment;before visit;2023-12-17 19:45:00+00:00;0.564;;
808410;treatment;before visit;2023-12-17 20:00:00+00:00;0.492;;
808410;treatment;before visit;2023-12-17 20:15:00+00:00;0.487;;
808410;treatment;before visit;2023-12-17 20:30:00+00:00;0.47;;
808410;treatment;before visit;2023-12-17 20:45:00+00:00;0.482;;
808410;treatment;before visit;2023-12-17 21:00:00+00:00;0.507;;
808410;treatment;before visit;2023-12-17 21:15:00+00:00;0.474;;
808410;treatment;before visit;2023-12-17 21:30:00+00:00;0.659;;
808410;treatment;before visit;2023-12-17 21:45:00+00:00;0.531;;
808410;treatment;before visit;2023-12-17 22:00:00+00:00;0.536;;
808410;treatment;before visit;2023-12-17 22:15:00+00:00;0.518;;
808410;treatment;before visit;2023-12-17 22:30:00+00:00;0.494;;
808410;treatment;before visit;2023-12-17 22:45:00+00:00;0.484;;
808410;treatment;before visit;2023-12-17 23:00:00+00:00;0.491;;
808410;treatment;before visit;2023-12-17 23:15:00+00:00;0.49;;
808410;treatment;before visit;2023-12-17 23:30:00+00:00;0.476;;
808410;treatment;before visit;2023-12-17 23:45:00+00:00;0.47;;
808410;treatment;before visit;2023-12-18 00:00:00+00:00;0.586;;
808410;treatment;before visit;2023-12-18 00:15:00+00:00;0.531;;
808410;treatment;before visit;2023-12-18 00:30:00+00:00;0.506;;
808410;treatment;before visit;2023-12-18 00:45:00+00:00;0.503;;
808410;treatment;before visit;2023-12-18 01:00:00+00:00;0.493;;
808410;treatment;before visit;2023-12-18 01:15:00+00:00;0.497;;
808410;treatment;before visit;2023-12-18 01:30:00+00:00;0.503;;
808410;treatment;before visit;2023-12-18 01:45:00+00:00;0.501;;
808410;treatment;before visit;2023-12-18 02:00:00+00:00;0.58;;
808410;treatment;before visit;2023-12-18 02:15:00+00:00;0.549;;
808410;treatment;before visit;2023-12-18 02:30:00+00:00;0.707;;
808410;treatment;before visit;2023-12-18 02:45:00+00:00;0.671;;
808410;treatment;before visit;2023-12-18 03:00:00+00:00;0.674;;
808410;treatment;before visit;2023-12-18 03:15:00+00:00;0.663;;
808410;treatment;before visit;2023-12-18 03:30:00+00:00;0.672;;
808410;treatment;before visit;2023-12-18 03:45:00+00:00;0.616;;
808410;treatment;before visit;2023-12-18 04:00:00+00:00;0.679;;
808410;treatment;before visit;2023-12-18 04:15:00+00:00;0.683;;
808410;treatment;before visit;2023-12-18 04:30:00+00:00;0.696;;
808410;treatment;before visit;2023-12-18 04:45:00+00:00;0.688;;
808410;treatment;before visit;2023-12-18 05:00:00+00:00;0.646;;
808410;treatment;before visit;2023-12-18 05:15:00+00:00;0.661;;
808410;treatment;before visit;2023-12-18 05:30:00+00:00;0.672;;
808410;treatment;before visit;2023-12-18 05:45:00+00:00;0.585;;
808410;treatment;before visit;2023-12-18 06:00:00+00:00;0.571;;
808410;treatment;before visit;2023-12-18 06:15:00+00:00;0.554;;
808410;treatment;before visit;2023-12-18 06:30:00+00:00;0.512;;
808410;treatment;before visit;2023-12-18 06:45:00+00:00;0.582;;
808410;treatment;before visit;2023-12-18 07:00:00+00:00;0.774;;
808410;treatment;before visit;2023-12-18 07:15:00+00:00;0.637;;
808410;treatment;before visit;2023-12-18 07:30:00+00:00;0.59;;
808410;treatment;before visit;2023-12-18 07:45:00+00:00;0.535;;
808410;treatment;before visit;2023-12-18 08:00:00+00:00;0.47;;
808410;treatment;before visit;2023-12-18 08:15:00+00:00;0.499;;
808410;treatment;before visit;2023-12-18 08:30:00+00:00;0.467;;
808410;treatment;before visit;2023-12-18 08:45:00+00:00;0.417;;
808410;treatment;before visit;2023-12-18 09:00:00+00:00;0.4;;
808410;treatment;before visit;2023-12-18 09:15:00+00:00;0.39;;
808410;treatment;before visit;2023-12-18 09:30:00+00:00;0.295;;
808410;treatment;before visit;2023-12-18 09:45:00+00:00;0.337;;
808410;treatment;before visit;2023-12-18 10:00:00+00:00;0.351;;
808410;treatment;before visit;2023-12-18 10:15:00+00:00;0.327;;
808410;treatment;before visit;2023-12-18 10:30:00+00:00;0.213;;
808410;treatment;before visit;2023-12-18 10:45:00+00:00;0.251;;
808410;treatment;before visit;2023-12-18 11:00:00+00:00;0.436;;
808410;treatment;before visit;2023-12-18 11:15:00+00:00;0.15;;
808410;treatment;before visit;2023-12-18 11:30:00+00:00;0.182;;
808410;treatment;before visit;2023-12-18 11:45:00+00:00;0.243;;
808410;treatment;before visit;2023-12-18 12:00:00+00:00;0.268;;
808410;treatment;before visit;2023-12-18 12:15:00+00:00;0.28;;
808410;treatment;before visit;2023-12-18 12:30:00+00:00;0.285;;
808410;treatment;before visit;2023-12-18 12:45:00+00:00;0.29;;
808410;treatment;before visit;2023-12-18 13:00:00+00:00;0.308;;
808410;treatment;before visit;2023-12-18 13:15:00+00:00;0.284;;
808410;treatment;before visit;2023-12-18 13:30:00+00:00;0.316;;
808410;treatment;before visit;2023-12-18 13:45:00+00:00;0.327;;
808410;treatment;before visit;2023-12-18 14:00:00+00:00;0.347;;
808410;treatment;before visit;2023-12-18 14:15:00+00:00;0.389;;
808410;treatment;before visit;2023-12-18 14:30:00+00:00;0.404;;
808410;treatment;before visit;2023-12-18 14:45:00+00:00;0.468;;
808410;treatment;before visit;2023-12-18 15:00:00+00:00;0.461;;
808410;treatment;before visit;2023-12-18 15:15:00+00:00;0.518;;
808410;treatment;before visit;2023-12-18 15:30:00+00:00;0.51;;
808410;treatment;before visit;2023-12-18 15:45:00+00:00;0.823;;
808410;treatment;before visit;2023-12-18 16:00:00+00:00;0.852;;
808410;treatment;before visit;2023-12-18 16:15:00+00:00;0.802;;
808410;treatment;before visit;2023-12-18 16:30:00+00:00;0.751;;
808410;treatment;before visit;2023-12-18 16:45:00+00:00;0.736;;
808410;treatment;before visit;2023-12-18 17:00:00+00:00;0.734;;
808410;treatment;before visit;2023-12-18 17:15:00+00:00;0.732;;
808410;treatment;before visit;2023-12-18 17:30:00+00:00;0.678;;
808410;treatment;before visit;2023-12-18 17:45:00+00:00;0.537;;
808410;treatment;before visit;2023-12-18 18:00:00+00:00;0.463;;
808410;treatment;before visit;2023-12-18 18:15:00+00:00;0.555;;
808410;treatment;before visit;2023-12-18 18:30:00+00:00;0.501;;
808410;treatment;before visit;2023-12-18 18:45:00+00:00;0.516;;
808410;treatment;before visit;2023-12-18 19:00:00+00:00;0.526;;
808410;treatment;before visit;2023-12-18 19:15:00+00:00;0.553;;
808410;treatment;before visit;2023-12-18 19:30:00+00:00;0.7;;
808410;treatment;before visit;2023-12-18 19:45:00+00:00;0.704;;
808410;treatment;before visit;2023-12-18 20:00:00+00:00;0.721;;
808410;treatment;before visit;2023-12-18 20:15:00+00:00;0.703;;
808410;treatment;before visit;2023-12-18 20:30:00+00:00;0.961;;
808410;treatment;before visit;2023-12-18 20:45:00+00:00;0.865;;
808410;treatment;before visit;2023-12-18 21:00:00+00:00;0.63;;
808410;treatment;before visit;2023-12-18 21:15:00+00:00;0.643;;
808410;treatment;before visit;2023-12-18 21:30:00+00:00;0.889;;
808410;treatment;before visit;2023-12-18 21:45:00+00:00;0.887;;
808410;treatment;before visit;2023-12-18 22:00:00+00:00;0.626;;
808410;treatment;before visit;2023-12-18 22:15:00+00:00;0.684;;
808410;treatment;before visit;2023-12-18 22:30:00+00:00;0.688;;
808410;treatment;before visit;2023-12-18 22:45:00+00:00;0.672;;
808410;treatment;before visit;2023-12-18 23:00:00+00:00;0.67;;
808410;treatment;before visit;2023-12-18 23:15:00+00:00;0.576;;
808410;treatment;before visit;2023-12-18 23:30:00+00:00;0.739;;
808410;treatment;before visit;2023-12-18 23:45:00+00:00;0.68;;
808410;treatment;before visit;2023-12-19 00:00:00+00:00;0.689;;
808410;treatment;before visit;2023-12-19 00:15:00+00:00;0.689;;
808410;treatment;before visit;2023-12-19 00:30:00+00:00;0.565;;
808410;treatment;before visit;2023-12-19 00:45:00+00:00;0.45;;
808410;treatment;before visit;2023-12-19 01:00:00+00:00;0.614;;
808410;treatment;before visit;2023-12-19 01:15:00+00:00;0.569;;
808410;treatment;before visit;2023-12-19 01:30:00+00:00;0.574;;
808410;treatment;before visit;2023-12-19 01:45:00+00:00;0.569;;
808410;treatment;before visit;2023-12-19 02:00:00+00:00;0.551;;
808410;treatment;before visit;2023-12-19 02:15:00+00:00;0.506;;
808410;treatment;before visit;2023-12-19 02:30:00+00:00;0.569;;
808410;treatment;before visit;2023-12-19 02:45:00+00:00;0.577;;
808410;treatment;before visit;2023-12-19 03:00:00+00:00;0.568;;
808410;treatment;before visit;2023-12-19 03:15:00+00:00;0.56;;
808410;treatment;before visit;2023-12-19 03:30:00+00:00;0.51;;
808410;treatment;before visit;2023-12-19 03:45:00+00:00;0.56;;
808410;treatment;before visit;2023-12-19 04:00:00+00:00;0.567;;
808410;treatment;before visit;2023-12-19 04:15:00+00:00;0.577;;
808410;treatment;before visit;2023-12-19 04:30:00+00:00;0.576;;
808410;treatment;before visit;2023-12-19 04:45:00+00:00;0.57;;
808410;treatment;before visit;2023-12-19 05:00:00+00:00;0.561;;
808410;treatment;before visit;2023-12-19 05:15:00+00:00;0.509;;
808410;treatment;before visit;2023-12-19 05:30:00+00:00;0.572;;
808410;treatment;before visit;2023-12-19 05:45:00+00:00;0.573;;
808410;treatment;before visit;2023-12-19 06:00:00+00:00;0.57;;
808410;treatment;before visit;2023-12-19 06:15:00+00:00;0.584;;
808410;treatment;before visit;2023-12-19 06:30:00+00:00;0.566;;
808410;treatment;before visit;2023-12-19 06:45:00+00:00;0.539;;
808410;treatment;before visit;2023-12-19 07:00:00+00:00;0.81;;
808410;treatment;before visit;2023-12-19 07:15:00+00:00;0.625;;
808410;treatment;before visit;2023-12-19 07:30:00+00:00;0.544;;
808410;treatment;before visit;2023-12-19 07:45:00+00:00;0.503;;
808410;treatment;before visit;2023-12-19 08:00:00+00:00;0.428;;
808410;treatment;before visit;2023-12-19 08:15:00+00:00;0.484;;
808410;treatment;before visit;2023-12-19 08:30:00+00:00;0.453;;
808410;treatment;before visit;2023-12-19 08:45:00+00:00;0.393;;
808410;treatment;before visit;2023-12-19 09:00:00+00:00;0.288;;
808410;treatment;before visit;2023-12-19 09:15:00+00:00;0.302;;
808410;treatment;before visit;2023-12-19 09:30:00+00:00;0.148;;
808410;treatment;before visit;2023-12-19 09:45:00+00:00;0.15;;
808410;treatment;before visit;2023-12-19 10:00:00+00:00;0.166;;
808410;treatment;before visit;2023-12-19 10:15:00+00:00;0.062;;
808410;treatment;before visit;2023-12-19 10:30:00+00:00;0.031;;
808410;treatment;before visit;2023-12-19 10:45:00+00:00;0.001;;
808410;treatment;before visit;2023-12-19 11:00:00+00:00;0.061;;
808410;treatment;before visit;2023-12-19 11:15:00+00:00;0.0;;
808410;treatment;before visit;2023-12-19 11:30:00+00:00;0.0;;
808410;treatment;before visit;2023-12-19 11:45:00+00:00;0.0;;
808410;treatment;before visit;2023-12-19 12:00:00+00:00;0.24;;
808410;treatment;before visit;2023-12-19 12:15:00+00:00;0.228;;
808410;treatment;before visit;2023-12-19 12:30:00+00:00;0.038;;
808410;treatment;before visit;2023-12-19 12:45:00+00:00;0.058;;
808410;treatment;before visit;2023-12-19 13:00:00+00:00;0.008;;
808410;treatment;before visit;2023-12-19 13:15:00+00:00;0.0;;
808410;treatment;before visit;2023-12-19 13:30:00+00:00;0.0;;
808410;treatment;before visit;2023-12-19 13:45:00+00:00;0.0;;
808410;treatment;before visit;2023-12-19 14:00:00+00:00;0.0;;
808410;treatment;before visit;2023-12-19 14:15:00+00:00;0.001;;
808410;treatment;before visit;2023-12-19 14:30:00+00:00;0.086;;
808410;treatment;before visit;2023-12-19 14:45:00+00:00;0.593;;
808410;treatment;before visit;2023-12-19 15:00:00+00:00;0.59;;
808410;treatment;before visit;2023-12-19 15:15:00+00:00;0.517;;
808410;treatment;before visit;2023-12-19 15:30:00+00:00;0.27;;
808410;treatment;before visit;2023-12-19 15:45:00+00:00;0.283;;
808410;treatment;before visit;2023-12-19 16:00:00+00:00;0.323;;
808410;treatment;before visit;2023-12-19 16:15:00+00:00;0.831;;
808410;treatment;before visit;2023-12-19 16:30:00+00:00;0.672;;
808410;treatment;before visit;2023-12-19 16:45:00+00:00;0.558;;
808410;treatment;before visit;2023-12-19 17:00:00+00:00;0.265;;
808410;treatment;before visit;2023-12-19 17:15:00+00:00;0.249;;
808410;treatment;before visit;2023-12-19 17:30:00+00:00;0.763;;
808410;treatment;before visit;2023-12-19 17:45:00+00:00;0.751;;
808410;treatment;before visit;2023-12-19 18:00:00+00:00;0.638;;
808410;treatment;before visit;2023-12-19 18:15:00+00:00;0.569;;
808410;treatment;before visit;2023-12-19 18:30:00+00:00;0.438;;
808410;treatment;before visit;2023-12-19 18:45:00+00:00;0.253;;
808410;treatment;before visit;2023-12-19 19:00:00+00:00;0.22;;
808410;treatment;before visit;2023-12-19 19:15:00+00:00;0.465;;
808410;treatment;before visit;2023-12-19 19:30:00+00:00;0.686;;
808410;treatment;before visit;2023-12-19 19:45:00+00:00;0.605;;
808410;treatment;before visit;2023-12-19 20:00:00+00:00;0.544;;
808410;treatment;before visit;2023-12-19 20:15:00+00:00;0.536;;
808410;treatment;before visit;2023-12-19 20:30:00+00:00;0.535;;
808410;treatment;before visit;2023-12-19 20:45:00+00:00;0.168;;
808410;treatment;before visit;2023-12-19 21:00:00+00:00;0.111;;
808410;treatment;before visit;2023-12-19 21:15:00+00:00;0.381;;
808410;treatment;before visit;2023-12-19 21:30:00+00:00;0.646;;
808410;treatment;before visit;2023-12-19 21:45:00+00:00;0.526;;
808410;treatment;before visit;2023-12-19 22:00:00+00:00;0.387;;
808410;treatment;before visit;2023-12-19 22:15:00+00:00;0.103;;
808410;treatment;before visit;2023-12-19 22:30:00+00:00;0.104;;
808410;treatment;before visit;2023-12-19 22:45:00+00:00;0.201;;
808410;treatment;before visit;2023-12-19 23:00:00+00:00;0.652;;
808410;treatment;before visit;2023-12-19 23:15:00+00:00;0.555;;
808410;treatment;before visit;2023-12-19 23:30:00+00:00;0.454;;
808410;treatment;before visit;2023-12-19 23:45:00+00:00;0.128;;
808410;treatment;before visit;2023-12-20 00:00:00+00:00;0.124;;
808410;treatment;before visit;2023-12-20 00:15:00+00:00;0.254;;
808410;treatment;before visit;2023-12-20 00:30:00+00:00;0.657;;
808410;treatment;before visit;2023-12-20 00:45:00+00:00;0.504;;
808410;treatment;before visit;2023-12-20 01:00:00+00:00;0.31;;
808410;treatment;before visit;2023-12-20 01:15:00+00:00;0.117;;
808410;treatment;before visit;2023-12-20 01:30:00+00:00;0.115;;
808410;treatment;before visit;2023-12-20 01:45:00+00:00;0.483;;
808410;treatment;before visit;2023-12-20 02:00:00+00:00;0.592;;
808410;treatment;before visit;2023-12-20 02:15:00+00:00;0.501;;
808410;treatment;before visit;2023-12-20 02:30:00+00:00;0.157;;
808410;treatment;before visit;2023-12-20 02:45:00+00:00;0.096;;
808410;treatment;before visit;2023-12-20 03:00:00+00:00;0.145;;
808410;treatment;before visit;2023-12-20 03:15:00+00:00;0.669;;
808410;treatment;before visit;2023-12-20 03:30:00+00:00;0.535;;
808410;treatment;before visit;2023-12-20 03:45:00+00:00;0.441;;
808410;treatment;before visit;2023-12-20 04:00:00+00:00;0.1;;
808410;treatment;before visit;2023-12-20 04:15:00+00:00;0.116;;
808410;treatment;before visit;2023-12-20 04:30:00+00:00;0.295;;
808410;treatment;before visit;2023-12-20 04:45:00+00:00;0.63;;
808410;treatment;before visit;2023-12-20 05:00:00+00:00;0.527;;
808410;treatment;before visit;2023-12-20 05:15:00+00:00;0.415;;
808410;treatment;before visit;2023-12-20 05:30:00+00:00;0.238;;
808410;treatment;before visit;2023-12-20 05:45:00+00:00;0.229;;
808410;treatment;before visit;2023-12-20 06:00:00+00:00;0.644;;
808410;treatment;before visit;2023-12-20 06:15:00+00:00;0.481;;
808410;treatment;before visit;2023-12-20 06:30:00+00:00;0.364;;
808410;treatment;before visit;2023-12-20 06:45:00+00:00;0.217;;
808410;treatment;before visit;2023-12-20 07:00:00+00:00;0.316;;
808410;treatment;before visit;2023-12-20 07:15:00+00:00;0.487;;
808410;treatment;before visit;2023-12-20 07:30:00+00:00;0.522;;
808410;treatment;before visit;2023-12-20 07:45:00+00:00;0.428;;
808410;treatment;before visit;2023-12-20 08:00:00+00:00;0.134;;
808410;treatment;before visit;2023-12-20 08:15:00+00:00;0.176;;
808410;treatment;before visit;2023-12-20 08:30:00+00:00;0.489;;
808410;treatment;before visit;2023-12-20 08:45:00+00:00;0.628;;
808410;treatment;before visit;2023-12-20 09:00:00+00:00;0.493;;
808410;treatment;before visit;2023-12-20 09:15:00+00:00;0.455;;
808410;treatment;before visit;2023-12-20 09:30:00+00:00;0.179;;
808410;treatment;before visit;2023-12-20 09:45:00+00:00;0.092;;
808410;treatment;before visit;2023-12-20 10:00:00+00:00;0.271;;
808410;treatment;before visit;2023-12-20 10:15:00+00:00;0.484;;
808410;treatment;before visit;2023-12-20 10:30:00+00:00;0.284;;
808410;treatment;before visit;2023-12-20 10:45:00+00:00;0.302;;
808410;treatment;before visit;2023-12-20 11:00:00+00:00;0.203;;
808410;treatment;before visit;2023-12-20 11:15:00+00:00;0.0;;
808410;treatment;before visit;2023-12-20 11:30:00+00:00;0.034;;
808410;treatment;before visit;2023-12-20 11:45:00+00:00;0.0;;
808410;treatment;before visit;2023-12-20 12:00:00+00:00;0.36;;
808410;treatment;before visit;2023-12-20 12:15:00+00:00;0.606;;
808410;treatment;before visit;2023-12-20 12:30:00+00:00;0.196;;
808410;treatment;before visit;2023-12-20 12:45:00+00:00;0.159;;
808410;treatment;before visit;2023-12-20 13:00:00+00:00;0.0;;
808410;treatment;before visit;2023-12-20 13:15:00+00:00;0.001;;
808410;treatment;before visit;2023-12-20 13:30:00+00:00;0.123;;
808410;treatment;before visit;2023-12-20 13:45:00+00:00;0.303;;
808410;treatment;before visit;2023-12-20 14:00:00+00:00;0.245;;
808410;treatment;before visit;2023-12-20 14:15:00+00:00;0.152;;
808410;treatment;before visit;2023-12-20 14:30:00+00:00;0.003;;
808410;treatment;before visit;2023-12-20 14:45:00+00:00;0.031;;
808410;treatment;before visit;2023-12-20 15:00:00+00:00;0.495;;
808410;treatment;before visit;2023-12-20 15:15:00+00:00;0.508;;
808410;treatment;before visit;2023-12-20 15:30:00+00:00;0.477;;
808410;treatment;before visit;2023-12-20 15:45:00+00:00;0.157;;
808410;treatment;before visit;2023-12-20 16:00:00+00:00;0.184;;
808410;treatment;before visit;2023-12-20 16:15:00+00:00;0.43;;
808410;treatment;before visit;2023-12-20 16:30:00+00:00;0.643;;
808410;treatment;before visit;2023-12-20 16:45:00+00:00;0.528;;
808410;treatment;before visit;2023-12-20 17:00:00+00:00;0.411;;
808410;treatment;before visit;2023-12-20 17:15:00+00:00;0.141;;
808410;treatment;before visit;2023-12-20 17:30:00+00:00;0.149;;
808410;treatment;before visit;2023-12-20 17:45:00+00:00;0.482;;
808410;treatment;before visit;2023-12-20 18:00:00+00:00;0.693;;
808410;treatment;before visit;2023-12-20 18:15:00+00:00;0.512;;
808410;treatment;before visit;2023-12-20 18:30:00+00:00;0.434;;
808410;treatment;before visit;2023-12-20 18:45:00+00:00;0.146;;
808410;treatment;before visit;2023-12-20 19:00:00+00:00;0.153;;
808410;treatment;before visit;2023-12-20 19:15:00+00:00;0.41;;
808410;treatment;before visit;2023-12-20 19:30:00+00:00;0.639;;
808410;treatment;before visit;2023-12-20 19:45:00+00:00;0.536;;
808410;treatment;before visit;2023-12-20 20:00:00+00:00;0.34;;
808410;treatment;before visit;2023-12-20 20:15:00+00:00;0.156;;
808410;treatment;before visit;2023-12-20 20:30:00+00:00;0.133;;
808410;treatment;before visit;2023-12-20 20:45:00+00:00;0.573;;
808410;treatment;before visit;2023-12-20 21:00:00+00:00;0.587;;
808410;treatment;before visit;2023-12-20 21:15:00+00:00;0.499;;
808410;treatment;before visit;2023-12-20 21:30:00+00:00;0.159;;
808410;treatment;before visit;2023-12-20 21:45:00+00:00;0.111;;
808410;treatment;before visit;2023-12-20 22:00:00+00:00;0.215;;
808410;treatment;before visit;2023-12-20 22:15:00+00:00;0.649;;
808410;treatment;before visit;2023-12-20 22:30:00+00:00;0.53;;
808410;treatment;before visit;2023-12-20 22:45:00+00:00;0.294;;
808410;treatment;before visit;2023-12-20 23:00:00+00:00;0.097;;
808410;treatment;before visit;2023-12-20 23:15:00+00:00;0.105;;
808410;treatment;before visit;2023-12-20 23:30:00+00:00;0.619;;
808410;treatment;before visit;2023-12-20 23:45:00+00:00;0.56;;
808410;treatment;before visit;2023-12-21 00:00:00+00:00;0.432;;
808410;treatment;before visit;2023-12-21 00:15:00+00:00;0.099;;
808410;treatment;before visit;2023-12-21 00:30:00+00:00;0.111;;
808410;treatment;before visit;2023-12-21 00:45:00+00:00;0.406;;
808410;treatment;before visit;2023-12-21 01:00:00+00:00;0.586;;
808410;treatment;before visit;2023-12-21 01:15:00+00:00;0.475;;
808410;treatment;before visit;2023-12-21 01:30:00+00:00;0.327;;
808410;treatment;before visit;2023-12-21 01:45:00+00:00;0.113;;
808410;treatment;before visit;2023-12-21 02:00:00+00:00;0.104;;
808410;treatment;before visit;2023-12-21 02:15:00+00:00;0.513;;
808410;treatment;before visit;2023-12-21 02:30:00+00:00;0.537;;
808410;treatment;before visit;2023-12-21 02:45:00+00:00;0.458;;
808410;treatment;before visit;2023-12-21 03:00:00+00:00;0.201;;
808410;treatment;before visit;2023-12-21 03:15:00+00:00;0.102;;
808410;treatment;before visit;2023-12-21 03:30:00+00:00;0.175;;
808410;treatment;before visit;2023-12-21 03:45:00+00:00;0.659;;
808410;treatment;before visit;2023-12-21 04:00:00+00:00;0.481;;
808410;treatment;before visit;2023-12-21 04:15:00+00:00;0.298;;
808410;treatment;before visit;2023-12-21 04:30:00+00:00;0.103;;
808410;treatment;before visit;2023-12-21 04:45:00+00:00;0.116;;
808410;treatment;before visit;2023-12-21 05:00:00+00:00;0.643;;
808410;treatment;before visit;2023-12-21 05:15:00+00:00;0.541;;
808410;treatment;before visit;2023-12-21 05:30:00+00:00;0.401;;
808410;treatment;before visit;2023-12-21 05:45:00+00:00;0.106;;
808410;treatment;before visit;2023-12-21 06:00:00+00:00;0.115;;
808410;treatment;before visit;2023-12-21 06:15:00+00:00;0.429;;
808410;treatment;before visit;2023-12-21 06:30:00+00:00;0.576;;
808410;treatment;before visit;2023-12-21 06:45:00+00:00;0.561;;
808410;treatment;before visit;2023-12-21 07:00:00+00:00;0.452;;
808410;treatment;before visit;2023-12-21 07:15:00+00:00;0.274;;
808410;treatment;before visit;2023-12-21 07:30:00+00:00;0.509;;
808410;treatment;before visit;2023-12-21 07:45:00+00:00;0.666;;
808410;treatment;before visit;2023-12-21 08:00:00+00:00;0.583;;
808410;treatment;before visit;2023-12-21 08:15:00+00:00;0.558;;
808410;treatment;before visit;2023-12-21 08:30:00+00:00;0.196;;
808410;treatment;before visit;2023-12-21 08:45:00+00:00;0.188;;
808410;treatment;before visit;2023-12-21 09:00:00+00:00;0.182;;
808410;treatment;before visit;2023-12-21 09:15:00+00:00;0.194;;
808410;treatment;before visit;2023-12-21 09:30:00+00:00;0.438;;
808410;treatment;before visit;2023-12-21 09:45:00+00:00;0.672;;
808410;treatment;before visit;2023-12-21 10:00:00+00:00;0.469;;
808410;treatment;before visit;2023-12-21 10:15:00+00:00;0.314;;
808410;treatment;before visit;2023-12-21 10:30:00+00:00;0.097;;
808410;treatment;before visit;2023-12-21 10:45:00+00:00;0.129;;
808410;treatment;before visit;2023-12-21 11:00:00+00:00;0.323;;
808410;treatment;before visit;2023-12-21 11:15:00+00:00;0.235;;
808410;treatment;before visit;2023-12-21 11:30:00+00:00;0.48;;
808410;treatment;before visit;2023-12-21 11:45:00+00:00;0.525;;
808410;treatment;before visit;2023-12-21 12:00:00+00:00;0.513;;
808410;treatment;before visit;2023-12-21 12:15:00+00:00;0.305;;
808410;treatment;before visit;2023-12-21 12:30:00+00:00;0.047;;
808410;treatment;before visit;2023-12-21 12:45:00+00:00;0.085;;
808410;treatment;before visit;2023-12-21 13:00:00+00:00;0.898;;
808410;treatment;before visit;2023-12-21 13:15:00+00:00;0.55;;
808410;treatment;before visit;2023-12-21 13:30:00+00:00;0.422;;
808410;treatment;before visit;2023-12-21 13:45:00+00:00;0.104;;
808410;treatment;before visit;2023-12-21 14:00:00+00:00;0.101;;
808410;treatment;before visit;2023-12-21 14:15:00+00:00;0.152;;
808410;treatment;before visit;2023-12-21 14:30:00+00:00;0.594;;
808410;treatment;before visit;2023-12-21 14:45:00+00:00;0.663;;
808410;treatment;before visit;2023-12-21 15:00:00+00:00;0.491;;
808410;treatment;before visit;2023-12-21 15:15:00+00:00;0.174;;
808410;treatment;before visit;2023-12-21 15:30:00+00:00;0.168;;
808410;treatment;before visit;2023-12-21 15:45:00+00:00;0.157;;
808410;treatment;before visit;2023-12-21 16:00:00+00:00;0.447;;
808410;treatment;before visit;2023-12-21 16:15:00+00:00;0.607;;
808410;treatment;before visit;2023-12-21 16:30:00+00:00;0.495;;
808410;treatment;before visit;2023-12-21 16:45:00+00:00;0.151;;
808410;treatment;before visit;2023-12-21 17:00:00+00:00;0.198;;
808410;treatment;before visit;2023-12-21 17:15:00+00:00;0.13;;
808410;treatment;before visit;2023-12-21 17:30:00+00:00;0.618;;
808410;treatment;before visit;2023-12-21 17:45:00+00:00;0.529;;
808410;treatment;before visit;2023-12-21 18:00:00+00:00;0.33;;
808410;treatment;before visit;2023-12-21 18:15:00+00:00;0.096;;
808410;treatment;before visit;2023-12-21 18:30:00+00:00;0.118;;
808410;treatment;before visit;2023-12-21 18:45:00+00:00;0.153;;
808410;treatment;before visit;2023-12-21 19:00:00+00:00;0.602;;
808410;treatment;before visit;2023-12-21 19:15:00+00:00;0.493;;
808410;treatment;before visit;2023-12-21 19:30:00+00:00;0.301;;
808410;treatment;before visit;2023-12-21 19:45:00+00:00;0.13;;
808410;treatment;before visit;2023-12-21 20:00:00+00:00;0.121;;
808410;treatment;before visit;2023-12-21 20:15:00+00:00;0.187;;
808410;treatment;before visit;2023-12-21 20:30:00+00:00;0.555;;
808410;treatment;before visit;2023-12-21 20:45:00+00:00;0.416;;
808410;treatment;before visit;2023-12-21 21:00:00+00:00;0.183;;
808410;treatment;before visit;2023-12-21 21:15:00+00:00;0.083;;
808410;treatment;before visit;2023-12-21 21:30:00+00:00;0.096;;
808410;treatment;before visit;2023-12-21 21:45:00+00:00;0.329;;
808410;treatment;before visit;2023-12-21 22:00:00+00:00;0.514;;
808410;treatment;before visit;2023-12-21 22:15:00+00:00;0.399;;
808410;treatment;before visit;2023-12-21 22:30:00+00:00;0.127;;
808410;treatment;before visit;2023-12-21 22:45:00+00:00;0.093;;
808410;treatment;before visit;2023-12-21 23:00:00+00:00;0.084;;
808410;treatment;before visit;2023-12-21 23:15:00+00:00;0.421;;
808410;treatment;before visit;2023-12-21 23:30:00+00:00;0.472;;
808410;treatment;before visit;2023-12-21 23:45:00+00:00;0.422;;
808410;treatment;before visit;2023-12-22 00:00:00+00:00;0.143;;
808410;treatment;before visit;2023-12-22 00:15:00+00:00;0.083;;
808410;treatment;before visit;2023-12-22 00:30:00+00:00;0.082;;
808410;treatment;before visit;2023-12-22 00:45:00+00:00;0.33;;
808410;treatment;before visit;2023-12-22 01:00:00+00:00;0.525;;
808410;treatment;before visit;2023-12-22 01:15:00+00:00;0.414;;
808410;treatment;before visit;2023-12-22 01:30:00+00:00;0.167;;
808410;treatment;before visit;2023-12-22 01:45:00+00:00;0.074;;
808410;treatment;before visit;2023-12-22 02:00:00+00:00;0.092;;
808410;treatment;before visit;2023-12-22 02:15:00+00:00;0.306;;
808410;treatment;before visit;2023-12-22 02:30:00+00:00;0.532;;
808410;treatment;before visit;2023-12-22 02:45:00+00:00;0.425;;
808410;treatment;before visit;2023-12-22 03:00:00+00:00;0.152;;
808410;treatment;before visit;2023-12-22 03:15:00+00:00;0.088;;
808410;treatment;before visit;2023-12-22 03:30:00+00:00;0.118;;
808410;treatment;before visit;2023-12-22 03:45:00+00:00;0.461;;
808410;treatment;before visit;2023-12-22 04:00:00+00:00;0.603;;
808410;treatment;before visit;2023-12-22 04:15:00+00:00;0.559;;
808410;treatment;before visit;2023-12-22 04:30:00+00:00;0.226;;
808410;treatment;before visit;2023-12-22 04:45:00+00:00;0.218;;
808410;treatment;before visit;2023-12-22 05:00:00+00:00;0.217;;
808410;treatment;before visit;2023-12-22 05:15:00+00:00;0.637;;
808410;treatment;before visit;2023-12-22 05:30:00+00:00;0.631;;
808410;treatment;before visit;2023-12-22 05:45:00+00:00;0.559;;
808410;treatment;before visit;2023-12-22 06:00:00+00:00;0.303;;
808410;treatment;before visit;2023-12-22 06:15:00+00:00;0.225;;
808410;treatment;before visit;2023-12-22 06:30:00+00:00;0.245;;
808410;treatment;before visit;2023-12-22 06:45:00+00:00;0.505;;
808410;treatment;before visit;2023-12-22 07:00:00+00:00;0.921;;
808410;treatment;before visit;2023-12-22 07:15:00+00:00;0.555;;
808410;treatment;before visit;2023-12-22 07:30:00+00:00;0.23;;
808410;treatment;before visit;2023-12-22 07:45:00+00:00;0.138;;
808410;treatment;before visit;2023-12-22 08:00:00+00:00;0.098;;
808410;treatment;before visit;2023-12-22 08:15:00+00:00;0.371;;
808410;treatment;before visit;2023-12-22 08:30:00+00:00;0.566;;
808410;treatment;before visit;2023-12-22 08:45:00+00:00;0.493;;
808410;treatment;before visit;2023-12-22 09:00:00+00:00;0.185;;
808410;treatment;before visit;2023-12-22 09:15:00+00:00;0.106;;
808410;treatment;before visit;2023-12-22 09:30:00+00:00;0.082;;
808410;treatment;before visit;2023-12-22 09:45:00+00:00;0.454;;
808410;treatment;before visit;2023-12-22 10:00:00+00:00;0.484;;
808410;treatment;before visit;2023-12-22 10:15:00+00:00;0.386;;
808410;treatment;before visit;2023-12-22 10:30:00+00:00;0.084;;
808410;treatment;before visit;2023-12-22 10:45:00+00:00;0.079;;
808410;treatment;before visit;2023-12-22 11:00:00+00:00;0.318;;
808410;treatment;before visit;2023-12-22 11:15:00+00:00;0.472;;
808410;treatment;before visit;2023-12-22 11:30:00+00:00;0.379;;
808410;treatment;before visit;2023-12-22 11:45:00+00:00;0.332;;
808410;treatment;before visit;2023-12-22 12:00:00+00:00;0.047;;
808410;treatment;before visit;2023-12-22 12:15:00+00:00;0.034;;
808410;treatment;before visit;2023-12-22 12:30:00+00:00;0.071;;
808410;treatment;before visit;2023-12-22 12:45:00+00:00;0.479;;
808410;treatment;before visit;2023-12-22 13:00:00+00:00;0.466;;
808410;treatment;before visit;2023-12-22 13:15:00+00:00;0.417;;
808410;treatment;before visit;2023-12-22 13:30:00+00:00;0.092;;
808410;treatment;before visit;2023-12-22 13:45:00+00:00;0.11;;
808410;treatment;before visit;2023-12-22 14:00:00+00:00;0.131;;
808410;treatment;before visit;2023-12-22 14:15:00+00:00;0.602;;
808410;treatment;before visit;2023-12-22 14:30:00+00:00;0.509;;
808410;treatment;before visit;2023-12-22 14:45:00+00:00;0.329;;
808410;treatment;before visit;2023-12-22 15:00:00+00:00;0.155;;
808410;treatment;before visit;2023-12-22 15:15:00+00:00;0.16;;
808410;treatment;before visit;2023-12-22 15:30:00+00:00;0.339;;
808410;treatment;before visit;2023-12-22 15:45:00+00:00;0.612;;
808410;treatment;before visit;2023-12-22 16:00:00+00:00;0.513;;
808410;treatment;before visit;2023-12-22 16:15:00+00:00;0.243;;
808410;treatment;before visit;2023-12-22 16:30:00+00:00;0.176;;
808410;treatment;before visit;2023-12-22 16:45:00+00:00;0.147;;
808410;treatment;before visit;2023-12-22 17:00:00+00:00;0.465;;
808410;treatment;before visit;2023-12-22 17:15:00+00:00;0.492;;
808410;treatment;before visit;2023-12-22 17:30:00+00:00;0.874;;
808410;treatment;before visit;2023-12-22 17:45:00+00:00;0.174;;
808410;treatment;before visit;2023-12-22 18:00:00+00:00;0.088;;
808410;treatment;before visit;2023-12-22 18:15:00+00:00;0.098;;
808410;treatment;before visit;2023-12-22 18:30:00+00:00;0.507;;
808410;treatment;before visit;2023-12-22 18:45:00+00:00;0.505;;
808410;treatment;before visit;2023-12-22 19:00:00+00:00;0.378;;
808410;treatment;before visit;2023-12-22 19:15:00+00:00;0.127;;
808410;treatment;before visit;2023-12-22 19:30:00+00:00;0.131;;
808410;treatment;before visit;2023-12-22 19:45:00+00:00;0.227;;
808410;treatment;before visit;2023-12-22 20:00:00+00:00;0.595;;
808410;treatment;before visit;2023-12-22 20:15:00+00:00;0.445;;
808410;treatment;before visit;2023-12-22 20:30:00+00:00;0.158;;
808410;treatment;before visit;2023-12-22 20:45:00+00:00;0.1;;
808410;treatment;before visit;2023-12-22 21:00:00+00:00;0.136;;
808410;treatment;before visit;2023-12-22 21:15:00+00:00;0.578;;
808410;treatment;before visit;2023-12-22 21:30:00+00:00;0.573;;
808410;treatment;before visit;2023-12-22 21:45:00+00:00;0.515;;
808410;treatment;before visit;2023-12-22 22:00:00+00:00;0.198;;
808410;treatment;before visit;2023-12-22 22:15:00+00:00;0.188;;
808410;treatment;before visit;2023-12-22 22:30:00+00:00;0.19;;
808410;treatment;before visit;2023-12-22 22:45:00+00:00;0.685;;
808410;treatment;before visit;2023-12-22 23:00:00+00:00;0.588;;
808410;treatment;before visit;2023-12-22 23:15:00+00:00;0.387;;
808410;treatment;before visit;2023-12-22 23:30:00+00:00;0.196;;
808410;treatment;before visit;2023-12-22 23:45:00+00:00;0.192;;
808410;treatment;before visit;2023-12-23 00:00:00+00:00;0.445;;
808410;treatment;before visit;2023-12-23 00:15:00+00:00;0.672;;
808410;treatment;before visit;2023-12-23 00:30:00+00:00;0.563;;
808410;treatment;before visit;2023-12-23 00:45:00+00:00;0.294;;
808410;treatment;before visit;2023-12-23 01:00:00+00:00;0.206;;
808410;treatment;before visit;2023-12-23 01:15:00+00:00;0.215;;
808410;treatment;before visit;2023-12-23 01:30:00+00:00;0.557;;
808410;treatment;before visit;2023-12-23 01:45:00+00:00;0.637;;
808410;treatment;before visit;2023-12-23 02:00:00+00:00;0.55;;
808410;treatment;before visit;2023-12-23 02:15:00+00:00;0.352;;
808410;treatment;before visit;2023-12-23 02:30:00+00:00;0.22;;
808410;treatment;before visit;2023-12-23 02:45:00+00:00;0.219;;
808410;treatment;before visit;2023-12-23 03:00:00+00:00;0.332;;
808410;treatment;before visit;2023-12-23 03:15:00+00:00;0.56;;
808410;treatment;before visit;2023-12-23 03:30:00+00:00;0.461;;
808410;treatment;before visit;2023-12-23 03:45:00+00:00;0.303;;
808410;treatment;before visit;2023-12-23 04:00:00+00:00;0.103;;
808410;treatment;before visit;2023-12-23 04:15:00+00:00;0.107;;
808410;treatment;before visit;2023-12-23 04:30:00+00:00;0.206;;
808410;treatment;before visit;2023-12-23 04:45:00+00:00;0.614;;
808410;treatment;before visit;2023-12-23 05:00:00+00:00;0.496;;
808410;treatment;before visit;2023-12-23 05:15:00+00:00;0.29;;
808410;treatment;before visit;2023-12-23 05:30:00+00:00;0.117;;
808410;treatment;before visit;2023-12-23 05:45:00+00:00;0.114;;
808410;treatment;before visit;2023-12-23 06:00:00+00:00;0.301;;
808410;treatment;before visit;2023-12-23 06:15:00+00:00;0.572;;
808410;treatment;before visit;2023-12-23 06:30:00+00:00;0.474;;
808410;treatment;before visit;2023-12-23 06:45:00+00:00;0.324;;
808410;treatment;before visit;2023-12-23 07:00:00+00:00;0.327;;
808410;treatment;before visit;2023-12-23 07:15:00+00:00;0.267;;
808410;treatment;before visit;2023-12-23 07:30:00+00:00;0.388;;
808410;treatment;before visit;2023-12-23 07:45:00+00:00;0.595;;
808410;treatment;before visit;2023-12-23 08:00:00+00:00;0.454;;
808410;treatment;before visit;2023-12-23 08:15:00+00:00;0.255;;
808410;treatment;before visit;2023-12-23 08:30:00+00:00;0.071;;
808410;treatment;before visit;2023-12-23 08:45:00+00:00;0.084;;
808410;treatment;before visit;2023-12-23 09:00:00+00:00;0.837;;
808410;treatment;before visit;2023-12-23 09:15:00+00:00;0.567;;
808410;treatment;before visit;2023-12-23 09:30:00+00:00;0.111;;
808410;treatment;before visit;2023-12-23 09:45:00+00:00;0.004;;
808410;treatment;before visit;2023-12-23 10:00:00+00:00;0.158;;
808410;treatment;before visit;2023-12-23 10:15:00+00:00;0.118;;
808410;treatment;before visit;2023-12-23 10:30:00+00:00;0.176;;
808410;treatment;before visit;2023-12-23 10:45:00+00:00;0.191;;
808410;treatment;before visit;2023-12-23 11:00:00+00:00;0.354;;
808410;treatment;before visit;2023-12-23 11:15:00+00:00;0.154;;
808410;treatment;before visit;2023-12-23 11:30:00+00:00;0.025;;
808410;treatment;before visit;2023-12-23 11:45:00+00:00;0.344;;
808410;treatment;before visit;2023-12-23 12:00:00+00:00;0.382;;
808410;treatment;before visit;2023-12-23 12:15:00+00:00;0.291;;
808410;treatment;before visit;2023-12-23 12:30:00+00:00;0.016;;
808410;treatment;before visit;2023-12-23 12:45:00+00:00;0.006;;
808410;treatment;before visit;2023-12-23 13:00:00+00:00;0.105;;
808410;treatment;before visit;2023-12-23 13:15:00+00:00;0.448;;
808410;treatment;before visit;2023-12-23 13:30:00+00:00;0.282;;
808410;treatment;before visit;2023-12-23 13:45:00+00:00;0.092;;
808410;treatment;before visit;2023-12-23 14:00:00+00:00;0.0;;
808410;treatment;before visit;2023-12-23 14:15:00+00:00;0.0;;
808410;treatment;before visit;2023-12-23 14:30:00+00:00;0.346;;
808410;treatment;before visit;2023-12-23 14:45:00+00:00;0.494;;
808410;treatment;before visit;2023-12-23 15:00:00+00:00;0.451;;
808410;treatment;before visit;2023-12-23 15:15:00+00:00;0.099;;
808410;treatment;before visit;2023-12-23 15:30:00+00:00;0.174;;
808410;treatment;before visit;2023-12-23 15:45:00+00:00;0.578;;
808410;treatment;before visit;2023-12-23 16:00:00+00:00;0.955;;
808410;treatment;before visit;2023-12-23 16:15:00+00:00;0.783;;
808410;treatment;before visit;2023-12-23 16:30:00+00:00;0.592;;
808410;treatment;before visit;2023-12-23 16:45:00+00:00;0.395;;
808410;treatment;before visit;2023-12-23 17:00:00+00:00;0.334;;
808410;treatment;before visit;2023-12-23 17:15:00+00:00;0.477;;
808410;treatment;before visit;2023-12-23 17:30:00+00:00;0.641;;
808410;treatment;before visit;2023-12-23 17:45:00+00:00;0.514;;
808410;treatment;before visit;2023-12-23 18:00:00+00:00;0.209;;
808410;treatment;before visit;2023-12-23 18:15:00+00:00;0.136;;
808410;treatment;before visit;2023-12-23 18:30:00+00:00;0.148;;
808410;treatment;before visit;2023-12-23 18:45:00+00:00;0.617;;
808410;treatment;before visit;2023-12-23 19:00:00+00:00;0.571;;
808410;treatment;before visit;2023-12-23 19:15:00+00:00;0.507;;
808410;treatment;before visit;2023-12-23 19:30:00+00:00;0.168;;
808410;treatment;before visit;2023-12-23 19:45:00+00:00;0.166;;
808410;treatment;before visit;2023-12-23 20:00:00+00:00;0.213;;
808410;treatment;before visit;2023-12-23 20:15:00+00:00;0.713;;
808410;treatment;before visit;2023-12-23 20:30:00+00:00;0.595;;
808410;treatment;before visit;2023-12-23 20:45:00+00:00;0.508;;
808410;treatment;before visit;2023-12-23 21:00:00+00:00;0.37;;
808410;treatment;before visit;2023-12-23 21:15:00+00:00;0.151;;
808410;treatment;before visit;2023-12-23 21:30:00+00:00;0.146;;
808410;treatment;before visit;2023-12-23 21:45:00+00:00;0.199;;
808410;treatment;before visit;2023-12-23 22:00:00+00:00;0.712;;
808410;treatment;before visit;2023-12-23 22:15:00+00:00;0.572;;
808410;treatment;before visit;2023-12-23 22:30:00+00:00;0.505;;
808410;treatment;before visit;2023-12-23 22:45:00+00:00;0.184;;
808410;treatment;before visit;2023-12-23 23:00:00+00:00;0.142;;
808410;treatment;before visit;2023-12-23 23:15:00+00:00;0.624;;
808410;treatment;before visit;2023-12-23 23:30:00+00:00;0.586;;
808410;treatment;before visit;2023-12-23 23:45:00+00:00;0.457;;
808410;treatment;before visit;2023-12-24 00:00:00+00:00;0.141;;
808410;treatment;before visit;2023-12-24 00:15:00+00:00;0.149;;
808410;treatment;before visit;2023-12-24 00:30:00+00:00;0.643;;
808410;treatment;before visit;2023-12-24 00:45:00+00:00;0.519;;
808410;treatment;before visit;2023-12-24 01:00:00+00:00;0.477;;
808410;treatment;before visit;2023-12-24 01:15:00+00:00;0.139;;
808410;treatment;before visit;2023-12-24 01:30:00+00:00;0.152;;
808410;treatment;before visit;2023-12-24 01:45:00+00:00;0.619;;
808410;treatment;before visit;2023-12-24 02:00:00+00:00;0.544;;
808410;treatment;before visit;2023-12-24 02:15:00+00:00;0.37;;
808410;treatment;before visit;2023-12-24 02:30:00+00:00;0.147;;
808410;treatment;before visit;2023-12-24 02:45:00+00:00;0.229;;
808410;treatment;before visit;2023-12-24 03:00:00+00:00;0.663;;
808410;treatment;before visit;2023-12-24 03:15:00+00:00;0.5;;
808410;treatment;before visit;2023-12-24 03:30:00+00:00;0.387;;
808410;treatment;before visit;2023-12-24 03:45:00+00:00;0.15;;
808410;treatment;before visit;2023-12-24 04:00:00+00:00;0.178;;
808410;treatment;before visit;2023-12-24 04:15:00+00:00;0.772;;
808410;treatment;before visit;2023-12-24 04:30:00+00:00;0.606;;
808410;treatment;before visit;2023-12-24 04:45:00+00:00;0.465;;
808410;treatment;before visit;2023-12-24 05:00:00+00:00;0.252;;
808410;treatment;before visit;2023-12-24 05:15:00+00:00;0.383;;
808410;treatment;before visit;2023-12-24 05:30:00+00:00;0.76;;
808410;treatment;before visit;2023-12-24 05:45:00+00:00;0.587;;
808410;treatment;before visit;2023-12-24 06:00:00+00:00;0.469;;
808410;treatment;before visit;2023-12-24 06:15:00+00:00;0.261;;
808410;treatment;before visit;2023-12-24 06:30:00+00:00;0.387;;
808410;treatment;before visit;2023-12-24 06:45:00+00:00;0.772;;
808410;treatment;before visit;2023-12-24 07:00:00+00:00;0.652;;
808410;treatment;before visit;2023-12-24 07:15:00+00:00;0.564;;
808410;treatment;before visit;2023-12-24 07:30:00+00:00;0.473;;
808410;treatment;before visit;2023-12-24 07:45:00+00:00;0.289;;
808410;treatment;before visit;2023-12-24 08:00:00+00:00;0.633;;
808410;treatment;before visit;2023-12-24 08:15:00+00:00;0.416;;
808410;treatment;before visit;2023-12-24 08:30:00+00:00;0.244;;
808410;treatment;before visit;2023-12-24 08:45:00+00:00;0.021;;
808410;treatment;before visit;2023-12-24 09:00:00+00:00;0.0;;
808410;treatment;before visit;2023-12-24 09:15:00+00:00;0.0;;
808410;treatment;before visit;2023-12-24 09:30:00+00:00;0.0;;
808410;treatment;before visit;2023-12-24 09:45:00+00:00;0.147;;
808410;treatment;before visit;2023-12-24 10:00:00+00:00;0.055;;
808410;treatment;before visit;2023-12-24 10:15:00+00:00;0.155;;
808410;treatment;before visit;2023-12-24 10:30:00+00:00;0.004;;
808410;treatment;before visit;2023-12-24 10:45:00+00:00;0.006;;
808410;treatment;before visit;2023-12-24 11:00:00+00:00;0.399;;
808410;treatment;before visit;2023-12-24 11:15:00+00:00;0.258;;
808410;treatment;before visit;2023-12-24 11:30:00+00:00;0.261;;
808410;treatment;before visit;2023-12-24 11:45:00+00:00;0.292;;
808410;treatment;before visit;2023-12-24 12:00:00+00:00;0.258;;
808410;treatment;before visit;2023-12-24 12:15:00+00:00;0.125;;
808410;treatment;before visit;2023-12-24 12:30:00+00:00;0.005;;
808410;treatment;before visit;2023-12-24 12:45:00+00:00;0.205;;
808410;treatment;before visit;2023-12-24 13:00:00+00:00;0.747;;
808410;treatment;before visit;2023-12-24 13:15:00+00:00;0.385;;
808410;treatment;before visit;2023-12-24 13:30:00+00:00;0.253;;
808410;treatment;before visit;2023-12-24 13:45:00+00:00;0.125;;
808410;treatment;before visit;2023-12-24 14:00:00+00:00;0.113;;
808410;treatment;before visit;2023-12-24 14:15:00+00:00;0.236;;
808410;treatment;before visit;2023-12-24 14:30:00+00:00;0.546;;
808410;treatment;before visit;2023-12-24 14:45:00+00:00;0.484;;
808410;treatment;before visit;2023-12-24 15:00:00+00:00;0.34;;
808410;treatment;before visit;2023-12-24 15:15:00+00:00;0.153;;
808410;treatment;before visit;2023-12-24 15:30:00+00:00;0.347;;
808410;treatment;before visit;2023-12-24 15:45:00+00:00;0.3;;
808410;treatment;before visit;2023-12-24 16:00:00+00:00;0.725;;
808410;treatment;before visit;2023-12-24 16:15:00+00:00;0.552;;
808410;treatment;before visit;2023-12-24 16:30:00+00:00;0.33;;
808410;treatment;before visit;2023-12-24 16:45:00+00:00;0.165;;
808410;treatment;before visit;2023-12-24 17:00:00+00:00;0.171;;
808410;treatment;before visit;2023-12-24 17:15:00+00:00;0.241;;
808410;treatment;before visit;2023-12-24 17:30:00+00:00;0.622;;
808410;treatment;before visit;2023-12-24 17:45:00+00:00;0.503;;
808410;treatment;before visit;2023-12-24 18:00:00+00:00;0.361;;
808410;treatment;before visit;2023-12-24 18:15:00+00:00;0.384;;
808410;treatment;before visit;2023-12-24 18:30:00+00:00;0.358;;
808410;treatment;before visit;2023-12-24 18:45:00+00:00;0.413;;
808410;treatment;before visit;2023-12-24 19:00:00+00:00;0.771;;
808410;treatment;before visit;2023-12-24 19:15:00+00:00;0.644;;
808410;treatment;before visit;2023-12-24 19:30:00+00:00;0.353;;
808410;treatment;before visit;2023-12-24 19:45:00+00:00;0.143;;
808410;treatment;before visit;2023-12-24 20:00:00+00:00;0.16;;
808410;treatment;before visit;2023-12-24 20:15:00+00:00;0.31;;
808410;treatment;before visit;2023-12-24 20:30:00+00:00;0.562;;
808410;treatment;before visit;2023-12-24 20:45:00+00:00;0.514;;
808410;treatment;before visit;2023-12-24 21:00:00+00:00;0.283;;
808410;treatment;before visit;2023-12-24 21:15:00+00:00;0.164;;
808410;treatment;before visit;2023-12-24 21:30:00+00:00;0.162;;
808410;treatment;before visit;2023-12-24 21:45:00+00:00;0.3;;
808410;treatment;before visit;2023-12-24 22:00:00+00:00;0.558;;
808410;treatment;before visit;2023-12-24 22:15:00+00:00;0.43;;
808410;treatment;before visit;2023-12-24 22:30:00+00:00;0.242;;
808410;treatment;before visit;2023-12-24 22:45:00+00:00;0.182;;
808410;treatment;before visit;2023-12-24 23:00:00+00:00;0.195;;
808410;treatment;before visit;2023-12-24 23:15:00+00:00;0.225;;
808410;treatment;before visit;2023-12-24 23:30:00+00:00;0.677;;
808410;treatment;before visit;2023-12-24 23:45:00+00:00;0.557;;
808410;treatment;before visit;2023-12-25 00:00:00+00:00;0.402;;
808410;treatment;before visit;2023-12-25 00:15:00+00:00;0.2;;
808410;treatment;before visit;2023-12-25 00:30:00+00:00;0.194;;
808410;treatment;before visit;2023-12-25 00:45:00+00:00;0.196;;
808410;treatment;before visit;2023-12-25 01:00:00+00:00;0.625;;
808410;treatment;before visit;2023-12-25 01:15:00+00:00;0.59;;
808410;treatment;before visit;2023-12-25 01:30:00+00:00;0.441;;
808410;treatment;before visit;2023-12-25 01:45:00+00:00;0.201;;
808410;treatment;before visit;2023-12-25 02:00:00+00:00;0.198;;
808410;treatment;before visit;2023-12-25 02:15:00+00:00;0.207;;
808410;treatment;before visit;2023-12-25 02:30:00+00:00;0.542;;
808410;treatment;before visit;2023-12-25 02:45:00+00:00;0.467;;
808410;treatment;before visit;2023-12-25 03:00:00+00:00;0.374;;
808410;treatment;before visit;2023-12-25 03:15:00+00:00;0.077;;
808410;treatment;before visit;2023-12-25 03:30:00+00:00;0.093;;
808410;treatment;before visit;2023-12-25 03:45:00+00:00;0.083;;
808410;treatment;before visit;2023-12-25 04:00:00+00:00;0.442;;
808410;treatment;before visit;2023-12-25 04:15:00+00:00;0.47;;
808410;treatment;before visit;2023-12-25 04:30:00+00:00;0.352;;
808410;treatment;before visit;2023-12-25 04:45:00+00:00;0.095;;
808410;treatment;before visit;2023-12-25 05:00:00+00:00;0.088;;
808410;treatment;before visit;2023-12-25 05:15:00+00:00;0.089;;
808410;treatment;before visit;2023-12-25 05:30:00+00:00;0.505;;
808410;treatment;before visit;2023-12-25 05:45:00+00:00;0.491;;
808410;treatment;before visit;2023-12-25 06:00:00+00:00;0.362;;
808410;treatment;before visit;2023-12-25 06:15:00+00:00;0.088;;
808410;treatment;before visit;2023-12-25 06:30:00+00:00;0.081;;
808410;treatment;before visit;2023-12-25 06:45:00+00:00;0.101;;
808410;treatment;before visit;2023-12-25 07:00:00+00:00;0.491;;
808410;treatment;before visit;2023-12-25 07:15:00+00:00;0.527;;
808410;treatment;before visit;2023-12-25 07:30:00+00:00;0.441;;
808410;treatment;before visit;2023-12-25 07:45:00+00:00;0.222;;
808410;treatment;before visit;2023-12-25 08:00:00+00:00;0.04;;
808410;treatment;before visit;2023-12-25 08:15:00+00:00;0.0;;
808410;treatment;before visit;2023-12-25 08:30:00+00:00;0.262;;
808410;treatment;before visit;2023-12-25 08:45:00+00:00;0.493;;
808410;treatment;before visit;2023-12-25 09:00:00+00:00;0.181;;
808410;treatment;before visit;2023-12-25 09:15:00+00:00;0.0;;
808410;treatment;before visit;2023-12-25 09:30:00+00:00;0.047;;
808410;treatment;before visit;2023-12-25 09:45:00+00:00;0.13;;
808410;treatment;before visit;2023-12-25 10:00:00+00:00;0.131;;
808410;treatment;before visit;2023-12-25 10:15:00+00:00;0.171;;
808410;treatment;before visit;2023-12-25 10:30:00+00:00;0.038;;
808410;treatment;before visit;2023-12-25 10:45:00+00:00;0.0;;
808410;treatment;before visit;2023-12-25 11:00:00+00:00;0.0;;
808410;treatment;before visit;2023-12-25 11:15:00+00:00;0.0;;
808410;treatment;before visit;2023-12-25 11:30:00+00:00;0.0;;
808410;treatment;before visit;2023-12-25 11:45:00+00:00;0.005;;
808410;treatment;before visit;2023-12-25 12:00:00+00:00;0.017;;
808410;treatment;before visit;2023-12-25 12:15:00+00:00;0.001;;
808410;treatment;before visit;2023-12-25 12:30:00+00:00;0.0;;
808410;treatment;before visit;2023-12-25 12:45:00+00:00;0.0;;
808410;treatment;before visit;2023-12-25 13:00:00+00:00;0.0;;
808410;treatment;before visit;2023-12-25 13:15:00+00:00;0.0;;
808410;treatment;before visit;2023-12-25 13:30:00+00:00;0.062;;
808410;treatment;before visit;2023-12-25 13:45:00+00:00;0.016;;
808410;treatment;before visit;2023-12-25 14:00:00+00:00;0.015;;
808410;treatment;before visit;2023-12-25 14:15:00+00:00;0.0;;
808410;treatment;before visit;2023-12-25 14:30:00+00:00;0.0;;
808410;treatment;before visit;2023-12-25 14:45:00+00:00;0.003;;
808410;treatment;before visit;2023-12-25 15:00:00+00:00;0.143;;
808410;treatment;before visit;2023-12-25 15:15:00+00:00;0.46;;
808410;treatment;before visit;2023-12-25 15:30:00+00:00;0.484;;
808410;treatment;before visit;2023-12-25 15:45:00+00:00;0.25;;
808410;treatment;before visit;2023-12-25 16:00:00+00:00;0.166;;
808410;treatment;before visit;2023-12-25 16:15:00+00:00;0.174;;
808410;treatment;before visit;2023-12-25 16:30:00+00:00;0.187;;
808410;treatment;before visit;2023-12-25 16:45:00+00:00;0.651;;
808410;treatment;before visit;2023-12-25 17:00:00+00:00;0.546;;
808410;treatment;before visit;2023-12-25 17:15:00+00:00;0.574;;
808410;treatment;before visit;2023-12-25 17:30:00+00:00;0.297;;
808410;treatment;before visit;2023-12-25 17:45:00+00:00;0.122;;
808410;treatment;before visit;2023-12-25 18:00:00+00:00;0.092;;
808410;treatment;before visit;2023-12-25 18:15:00+00:00;0.291;;
808410;treatment;before visit;2023-12-25 18:30:00+00:00;0.653;;
808410;treatment;before visit;2023-12-25 18:45:00+00:00;0.61;;
808410;treatment;before visit;2023-12-25 19:00:00+00:00;0.598;;
808410;treatment;before visit;2023-12-25 19:15:00+00:00;0.347;;
808410;treatment;before visit;2023-12-25 19:30:00+00:00;0.261;;
808410;treatment;before visit;2023-12-25 19:45:00+00:00;0.523;;
808410;treatment;before visit;2023-12-25 20:00:00+00:00;0.724;;
808410;treatment;before visit;2023-12-25 20:15:00+00:00;0.555;;
808410;treatment;before visit;2023-12-25 20:30:00+00:00;0.517;;
808410;treatment;before visit;2023-12-25 20:45:00+00:00;0.218;;
808410;treatment;before visit;2023-12-25 21:00:00+00:00;0.227;;
808410;treatment;before visit;2023-12-25 21:15:00+00:00;0.529;;
808410;treatment;before visit;2023-12-25 21:30:00+00:00;0.667;;
808410;treatment;before visit;2023-12-25 21:45:00+00:00;0.56;;
808410;treatment;before visit;2023-12-25 22:00:00+00:00;0.313;;
808410;treatment;before visit;2023-12-25 22:15:00+00:00;0.223;;
808410;treatment;before visit;2023-12-25 22:30:00+00:00;0.378;;
808410;treatment;before visit;2023-12-25 22:45:00+00:00;0.727;;
808410;treatment;before visit;2023-12-25 23:00:00+00:00;0.599;;
808410;treatment;before visit;2023-12-25 23:15:00+00:00;0.407;;
808410;treatment;before visit;2023-12-25 23:30:00+00:00;0.143;;
808410;treatment;before visit;2023-12-25 23:45:00+00:00;0.104;;
808410;treatment;before visit;2023-12-26 00:00:00+00:00;0.618;;
808410;treatment;before visit;2023-12-26 00:15:00+00:00;0.533;;
808410;treatment;before visit;2023-12-26 00:30:00+00:00;0.437;;
808410;treatment;before visit;2023-12-26 00:45:00+00:00;0.247;;
808410;treatment;before visit;2023-12-26 01:00:00+00:00;0.095;;
808410;treatment;before visit;2023-12-26 01:15:00+00:00;0.13;;
808410;treatment;before visit;2023-12-26 01:30:00+00:00;0.669;;
808410;treatment;before visit;2023-12-26 01:45:00+00:00;0.522;;
808410;treatment;before visit;2023-12-26 02:00:00+00:00;0.385;;
808410;treatment;before visit;2023-12-26 02:15:00+00:00;0.104;;
808410;treatment;before visit;2023-12-26 02:30:00+00:00;0.114;;
808410;treatment;before visit;2023-12-26 02:45:00+00:00;0.464;;
808410;treatment;before visit;2023-12-26 03:00:00+00:00;0.587;;
808410;treatment;before visit;2023-12-26 03:15:00+00:00;0.484;;
808410;treatment;before visit;2023-12-26 03:30:00+00:00;0.248;;
808410;treatment;before visit;2023-12-26 03:45:00+00:00;0.108;;
808410;treatment;before visit;2023-12-26 04:00:00+00:00;0.11;;
808410;treatment;before visit;2023-12-26 04:15:00+00:00;0.552;;
808410;treatment;before visit;2023-12-26 04:30:00+00:00;0.604;;
808410;treatment;before visit;2023-12-26 04:45:00+00:00;0.505;;
808410;treatment;before visit;2023-12-26 05:00:00+00:00;0.267;;
808410;treatment;before visit;2023-12-26 05:15:00+00:00;0.108;;
808410;treatment;before visit;2023-12-26 05:30:00+00:00;0.148;;
808410;treatment;before visit;2023-12-26 05:45:00+00:00;0.661;;
808410;treatment;before visit;2023-12-26 06:00:00+00:00;0.492;;
808410;treatment;before visit;2023-12-26 06:15:00+00:00;0.334;;
808410;treatment;before visit;2023-12-26 06:30:00+00:00;0.107;;
808410;treatment;before visit;2023-12-26 06:45:00+00:00;0.124;;
808410;treatment;before visit;2023-12-26 07:00:00+00:00;0.767;;
808410;treatment;before visit;2023-12-26 07:15:00+00:00;0.733;;
808410;treatment;before visit;2023-12-26 07:30:00+00:00;0.438;;
808410;treatment;before visit;2023-12-26 07:45:00+00:00;0.102;;
808410;treatment;before visit;2023-12-26 08:00:00+00:00;0.097;;
808410;treatment;before visit;2023-12-26 08:15:00+00:00;0.355;;
808410;treatment;before visit;2023-12-26 08:30:00+00:00;0.468;;
808410;treatment;before visit;2023-12-26 08:45:00+00:00;0.327;;
808410;treatment;before visit;2023-12-26 09:00:00+00:00;0.056;;
808410;treatment;before visit;2023-12-26 09:15:00+00:00;0.001;;
808410;treatment;before visit;2023-12-26 09:30:00+00:00;0.0;;
808410;treatment;before visit;2023-12-26 09:45:00+00:00;0.0;;
808410;treatment;before visit;2023-12-26 10:00:00+00:00;0.127;;
808410;treatment;before visit;2023-12-26 10:15:00+00:00;0.4;;
808410;treatment;before visit;2023-12-26 10:30:00+00:00;0.251;;
808410;treatment;before visit;2023-12-26 10:45:00+00:00;0.189;;
808410;treatment;before visit;2023-12-26 11:00:00+00:00;0.069;;
808410;treatment;before visit;2023-12-26 11:15:00+00:00;0.0;;
808410;treatment;before visit;2023-12-26 11:30:00+00:00;0.0;;
808410;treatment;before visit;2023-12-26 11:45:00+00:00;0.001;;
808410;treatment;before visit;2023-12-26 12:00:00+00:00;0.109;;
808410;treatment;before visit;2023-12-26 12:15:00+00:00;0.006;;
808410;treatment;before visit;2023-12-26 12:30:00+00:00;0.0;;
808410;treatment;before visit;2023-12-26 12:45:00+00:00;0.0;;
808410;treatment;before visit;2023-12-26 13:00:00+00:00;0.0;;
808410;treatment;before visit;2023-12-26 13:15:00+00:00;0.0;;
808410;treatment;before visit;2023-12-26 13:30:00+00:00;0.084;;
808410;treatment;before visit;2023-12-26 13:45:00+00:00;0.065;;
808410;treatment;before visit;2023-12-26 14:00:00+00:00;0.267;;
808410;treatment;before visit;2023-12-26 14:15:00+00:00;0.005;;
808410;treatment;before visit;2023-12-26 14:30:00+00:00;0.0;;
808410;treatment;before visit;2023-12-26 14:45:00+00:00;0.0;;
808410;treatment;before visit;2023-12-26 15:00:00+00:00;0.028;;
808410;treatment;before visit;2023-12-26 15:15:00+00:00;0.545;;
808410;treatment;before visit;2023-12-26 15:30:00+00:00;1.186;;
808410;treatment;before visit;2023-12-26 15:45:00+00:00;1.056;;
808410;treatment;before visit;2023-12-26 16:00:00+00:00;0.711;;
808410;treatment;before visit;2023-12-26 16:15:00+00:00;0.704;;
808410;treatment;before visit;2023-12-26 16:30:00+00:00;0.865;;
808410;treatment;before visit;2023-12-26 16:45:00+00:00;1.029;;
808410;treatment;before visit;2023-12-26 17:00:00+00:00;0.913;;
808410;treatment;before visit;2023-12-26 17:15:00+00:00;0.832;;
808410;treatment;before visit;2023-12-26 17:30:00+00:00;0.548;;
808410;treatment;before visit;2023-12-26 17:45:00+00:00;0.285;;
808410;treatment;before visit;2023-12-26 18:00:00+00:00;0.622;;
808410;treatment;before visit;2023-12-26 18:15:00+00:00;0.73;;
808410;treatment;before visit;2023-12-26 18:30:00+00:00;0.618;;
808410;treatment;before visit;2023-12-26 18:45:00+00:00;0.473;;
808410;treatment;before visit;2023-12-26 19:00:00+00:00;0.299;;
808410;treatment;before visit;2023-12-26 19:15:00+00:00;0.317;;
808410;treatment;before visit;2023-12-26 19:30:00+00:00;0.668;;
808410;treatment;before visit;2023-12-26 19:45:00+00:00;0.696;;
808410;treatment;before visit;2023-12-26 20:00:00+00:00;0.619;;
808410;treatment;before visit;2023-12-26 20:15:00+00:00;0.343;;
808410;treatment;before visit;2023-12-26 20:30:00+00:00;0.157;;
808410;treatment;before visit;2023-12-26 20:45:00+00:00;0.31;;
808410;treatment;before visit;2023-12-26 21:00:00+00:00;0.66;;
808410;treatment;before visit;2023-12-26 21:15:00+00:00;0.488;;
808410;treatment;before visit;2023-12-26 21:30:00+00:00;0.44;;
808410;treatment;before visit;2023-12-26 21:45:00+00:00;0.107;;
808410;treatment;before visit;2023-12-26 22:00:00+00:00;0.111;;
808410;treatment;before visit;2023-12-26 22:15:00+00:00;0.304;;
808410;treatment;before visit;2023-12-26 22:30:00+00:00;0.63;;
808410;treatment;before visit;2023-12-26 22:45:00+00:00;0.486;;
808410;treatment;before visit;2023-12-26 23:00:00+00:00;0.353;;
808410;treatment;before visit;2023-12-26 23:15:00+00:00;0.105;;
808410;treatment;before visit;2023-12-26 23:30:00+00:00;0.113;;
808410;treatment;before visit;2023-12-26 23:45:00+00:00;0.408;;
808410;treatment;before visit;2023-12-27 00:00:00+00:00;0.582;;
808410;treatment;before visit;2023-12-27 00:15:00+00:00;0.506;;
808410;treatment;before visit;2023-12-27 00:30:00+00:00;0.218;;
808410;treatment;before visit;2023-12-27 00:45:00+00:00;0.113;;
808410;treatment;before visit;2023-12-27 01:00:00+00:00;0.103;;
808410;treatment;before visit;2023-12-27 01:15:00+00:00;0.674;;
808410;treatment;before visit;2023-12-27 01:30:00+00:00;0.54;;
808410;treatment;before visit;2023-12-27 01:45:00+00:00;0.486;;
808410;treatment;before visit;2023-12-27 02:00:00+00:00;0.181;;
808410;treatment;before visit;2023-12-27 02:15:00+00:00;0.104;;
808410;treatment;before visit;2023-12-27 02:30:00+00:00;0.119;;
808410;treatment;before visit;2023-12-27 02:45:00+00:00;0.557;;
808410;treatment;before visit;2023-12-27 03:00:00+00:00;0.763;;
808410;treatment;before visit;2023-12-27 03:15:00+00:00;0.622;;
808410;treatment;before visit;2023-12-27 03:30:00+00:00;0.393;;
808410;treatment;before visit;2023-12-27 03:45:00+00:00;0.104;;
808410;treatment;before visit;2023-12-27 04:00:00+00:00;0.11;;
808410;treatment;before visit;2023-12-27 04:15:00+00:00;0.255;;
808410;treatment;before visit;2023-12-27 04:30:00+00:00;0.707;;
808410;treatment;before visit;2023-12-27 04:45:00+00:00;0.58;;
808410;treatment;before visit;2023-12-27 05:00:00+00:00;0.428;;
808410;treatment;before visit;2023-12-27 05:15:00+00:00;0.113;;
808410;treatment;before visit;2023-12-27 05:30:00+00:00;0.109;;
808410;treatment;before visit;2023-12-27 05:45:00+00:00;0.349;;
808410;treatment;before visit;2023-12-27 06:00:00+00:00;0.779;;
808410;treatment;before visit;2023-12-27 06:15:00+00:00;0.527;;
808410;treatment;before visit;2023-12-27 06:30:00+00:00;0.614;;
808410;treatment;before visit;2023-12-27 06:45:00+00:00;0.532;;
808410;treatment;before visit;2023-12-27 07:00:00+00:00;0.516;;
808410;treatment;before visit;2023-12-27 07:15:00+00:00;0.704;;
808410;treatment;before visit;2023-12-27 07:30:00+00:00;0.454;;
808410;treatment;before visit;2023-12-27 07:45:00+00:00;0.41;;
808410;treatment;before visit;2023-12-27 08:00:00+00:00;0.68;;
808410;treatment;before visit;2023-12-27 08:15:00+00:00;0.223;;
808410;treatment;before visit;2023-12-27 08:30:00+00:00;0.434;;
808410;treatment;before visit;2023-12-27 08:45:00+00:00;0.485;;
808410;treatment;before visit;2023-12-27 09:00:00+00:00;0.106;;
808410;treatment;before visit;2023-12-27 09:15:00+00:00;0.131;;
808410;treatment;before visit;2023-12-27 09:30:00+00:00;0.051;;
808410;treatment;before visit;2023-12-27 09:45:00+00:00;0.0;;
808410;treatment;before visit;2023-12-27 10:00:00+00:00;0.0;;
808410;treatment;before visit;2023-12-27 10:15:00+00:00;0.0;;
808410;treatment;before visit;2023-12-27 10:30:00+00:00;0.253;;
808410;treatment;before visit;2023-12-27 10:45:00+00:00;0.084;;
808410;treatment;before visit;2023-12-27 11:00:00+00:00;0.001;;
808410;treatment;before visit;2023-12-27 11:15:00+00:00;0.0;;
808410;treatment;before visit;2023-12-27 11:30:00+00:00;0.0;;
808410;treatment;before visit;2023-12-27 11:45:00+00:00;0.0;;
808410;treatment;before visit;2023-12-27 12:00:00+00:00;0.0;;
808410;treatment;before visit;2023-12-27 12:15:00+00:00;0.0;;
808410;treatment;before visit;2023-12-27 12:30:00+00:00;0.022;;
808410;treatment;before visit;2023-12-27 12:45:00+00:00;0.027;;
808410;treatment;before visit;2023-12-27 13:00:00+00:00;0.001;;
808410;treatment;before visit;2023-12-27 13:15:00+00:00;0.006;;
808410;treatment;before visit;2023-12-27 13:30:00+00:00;0.0;;
808410;treatment;before visit;2023-12-27 13:45:00+00:00;0.0;;
808410;treatment;before visit;2023-12-27 14:00:00+00:00;0.006;;
808410;treatment;before visit;2023-12-27 14:15:00+00:00;0.053;;
808410;treatment;before visit;2023-12-27 14:30:00+00:00;0.614;;
808410;treatment;before visit;2023-12-27 14:45:00+00:00;0.535;;
808410;treatment;before visit;2023-12-27 15:00:00+00:00;0.419;;
808410;treatment;before visit;2023-12-27 15:15:00+00:00;0.457;;
808410;treatment;before visit;2023-12-27 15:30:00+00:00;0.296;;
808410;treatment;before visit;2023-12-27 15:45:00+00:00;0.261;;
808410;treatment;before visit;2023-12-27 16:00:00+00:00;0.326;;
808410;treatment;before visit;2023-12-27 16:15:00+00:00;0.672;;
808410;treatment;before visit;2023-12-27 16:30:00+00:00;0.56;;
808410;treatment;before visit;2023-12-27 16:45:00+00:00;0.412;;
808410;treatment;before visit;2023-12-27 17:00:00+00:00;0.206;;
808410;treatment;before visit;2023-12-27 17:15:00+00:00;0.297;;
808410;treatment;before visit;2023-12-27 17:30:00+00:00;0.496;;
808410;treatment;before visit;2023-12-27 17:45:00+00:00;0.623;;
808410;treatment;before visit;2023-12-27 18:00:00+00:00;0.514;;
808410;treatment;before visit;2023-12-27 18:15:00+00:00;0.222;;
808410;treatment;before visit;2023-12-27 18:30:00+00:00;0.129;;
808410;treatment;before visit;2023-12-27 18:45:00+00:00;0.156;;
808410;treatment;before visit;2023-12-27 19:00:00+00:00;0.69;;
808410;treatment;before visit;2023-12-27 19:15:00+00:00;0.576;;
808410;treatment;before visit;2023-12-27 19:30:00+00:00;0.484;;
808410;treatment;before visit;2023-12-27 19:45:00+00:00;0.16;;
808410;treatment;before visit;2023-12-27 20:00:00+00:00;0.118;;
808410;treatment;before visit;2023-12-27 20:15:00+00:00;0.223;;
808410;treatment;before visit;2023-12-27 20:30:00+00:00;0.644;;
808410;treatment;before visit;2023-12-27 20:45:00+00:00;0.485;;
808410;treatment;before visit;2023-12-27 21:00:00+00:00;0.313;;
808410;treatment;before visit;2023-12-27 21:15:00+00:00;0.112;;
808410;treatment;before visit;2023-12-27 21:30:00+00:00;0.118;;
808410;treatment;before visit;2023-12-27 21:45:00+00:00;0.482;;
808410;treatment;before visit;2023-12-27 22:00:00+00:00;0.53;;
808410;treatment;before visit;2023-12-27 22:15:00+00:00;0.404;;
808410;treatment;before visit;2023-12-27 22:30:00+00:00;0.141;;
808410;treatment;before visit;2023-12-27 22:45:00+00:00;0.088;;
808410;treatment;before visit;2023-12-27 23:00:00+00:00;0.076;;
808410;treatment;before visit;2023-12-27 23:15:00+00:00;0.082;;
808410;treatment;before visit;2023-12-27 23:30:00+00:00;0.096;;
808410;treatment;before visit;2023-12-27 23:45:00+00:00;0.553;;
808410;treatment;before visit;2023-12-28 00:00:00+00:00;0.48;;
808410;treatment;before visit;2023-12-28 00:15:00+00:00;0.408;;
808410;treatment;before visit;2023-12-28 00:30:00+00:00;0.113;;
808410;treatment;before visit;2023-12-28 00:45:00+00:00;0.087;;
808410;treatment;before visit;2023-12-28 01:00:00+00:00;0.081;;
808410;treatment;before visit;2023-12-28 01:15:00+00:00;0.077;;
808410;treatment;before visit;2023-12-28 01:30:00+00:00;0.494;;
808410;treatment;before visit;2023-12-28 01:45:00+00:00;0.492;;
808410;treatment;before visit;2023-12-28 02:00:00+00:00;0.381;;
808410;treatment;before visit;2023-12-28 02:15:00+00:00;0.098;;
808410;treatment;before visit;2023-12-28 02:30:00+00:00;0.113;;
808410;treatment;before visit;2023-12-28 02:45:00+00:00;0.107;;
808410;treatment;before visit;2023-12-28 03:00:00+00:00;0.305;;
808410;treatment;before visit;2023-12-28 03:15:00+00:00;0.639;;
808410;treatment;before visit;2023-12-28 03:30:00+00:00;0.508;;
808410;treatment;before visit;2023-12-28 03:45:00+00:00;0.441;;
808410;treatment;before visit;2023-12-28 04:00:00+00:00;0.108;;
808410;treatment;before visit;2023-12-28 04:15:00+00:00;0.11;;
808410;treatment;before visit;2023-12-28 04:30:00+00:00;0.509;;
808410;treatment;before visit;2023-12-28 04:45:00+00:00;0.565;;
808410;treatment;before visit;2023-12-28 05:00:00+00:00;0.359;;
808410;treatment;before visit;2023-12-28 05:15:00+00:00;0.163;;
808410;treatment;before visit;2023-12-28 05:30:00+00:00;0.106;;
808410;treatment;before visit;2023-12-28 05:45:00+00:00;0.458;;
808410;treatment;before visit;2023-12-28 06:00:00+00:00;0.582;;
808410;treatment;before visit;2023-12-28 06:15:00+00:00;0.479;;
808410;treatment;before visit;2023-12-28 06:30:00+00:00;0.234;;
808410;treatment;before visit;2023-12-28 06:45:00+00:00;0.23;;
808410;treatment;before visit;2023-12-28 07:00:00+00:00;0.543;;
808410;treatment;before visit;2023-12-28 07:15:00+00:00;0.808;;
808410;treatment;before visit;2023-12-28 07:30:00+00:00;0.552;;
808410;treatment;before visit;2023-12-28 07:45:00+00:00;0.409;;
808410;treatment;before visit;2023-12-28 08:00:00+00:00;0.155;;
808410;treatment;before visit;2023-12-28 08:15:00+00:00;0.157;;
808410;treatment;before visit;2023-12-28 08:30:00+00:00;0.516;;
808410;treatment;before visit;2023-12-28 08:45:00+00:00;0.553;;
808410;treatment;before visit;2023-12-28 09:00:00+00:00;0.431;;
808410;treatment;before visit;2023-12-28 09:15:00+00:00;0.276;;
808410;treatment;before visit;2023-12-28 09:30:00+00:00;0.082;;
808410;treatment;before visit;2023-12-28 09:45:00+00:00;0.055;;
808410;treatment;before visit;2023-12-28 10:00:00+00:00;0.082;;
808410;treatment;before visit;2023-12-28 10:15:00+00:00;0.042;;
808410;treatment;before visit;2023-12-28 10:30:00+00:00;0.303;;
808410;treatment;before visit;2023-12-28 10:45:00+00:00;0.428;;
808410;treatment;before visit;2023-12-28 11:00:00+00:00;0.479;;
808410;treatment;before visit;2023-12-28 11:15:00+00:00;0.175;;
808410;treatment;before visit;2023-12-28 11:30:00+00:00;0.001;;
808410;treatment;before visit;2023-12-28 11:45:00+00:00;0.0;;
808410;treatment;before visit;2023-12-28 12:00:00+00:00;0.0;;
808410;treatment;before visit;2023-12-28 12:15:00+00:00;0.076;;
808410;treatment;before visit;2023-12-28 12:30:00+00:00;0.381;;
808410;treatment;before visit;2023-12-28 12:45:00+00:00;0.221;;
808410;treatment;before visit;2023-12-28 13:00:00+00:00;0.128;;
808410;treatment;before visit;2023-12-28 13:15:00+00:00;0.0;;
808410;treatment;before visit;2023-12-28 13:30:00+00:00;0.015;;
808410;treatment;before visit;2023-12-28 13:45:00+00:00;0.031;;
808410;treatment;before visit;2023-12-28 14:00:00+00:00;0.157;;
808410;treatment;before visit;2023-12-28 14:15:00+00:00;0.54;;
808410;treatment;before visit;2023-12-28 14:30:00+00:00;0.463;;
808410;treatment;before visit;2023-12-28 14:45:00+00:00;0.21;;
808410;treatment;before visit;2023-12-28 15:00:00+00:00;0.145;;
808410;treatment;before visit;2023-12-28 15:15:00+00:00;0.607;;
808410;treatment;before visit;2023-12-28 15:30:00+00:00;0.274;;
808410;treatment;before visit;2023-12-28 15:45:00+00:00;0.604;;
808410;treatment;before visit;2023-12-28 16:00:00+00:00;0.592;;
808410;treatment;before visit;2023-12-28 16:15:00+00:00;0.48;;
808410;treatment;before visit;2023-12-28 16:30:00+00:00;0.167;;
808410;treatment;before visit;2023-12-28 16:45:00+00:00;0.156;;
808410;treatment;before visit;2023-12-28 17:00:00+00:00;0.157;;
808410;treatment;before visit;2023-12-28 17:15:00+00:00;0.252;;
808410;treatment;before visit;2023-12-28 17:30:00+00:00;0.865;;
808410;treatment;before visit;2023-12-28 17:45:00+00:00;0.821;;
808410;treatment;before visit;2023-12-28 18:00:00+00:00;0.442;;
808410;treatment;before visit;2023-12-28 18:15:00+00:00;0.129;;
808410;treatment;before visit;2023-12-28 18:30:00+00:00;0.113;;
808410;treatment;before visit;2023-12-28 18:45:00+00:00;0.121;;
808410;treatment;before visit;2023-12-28 19:00:00+00:00;0.209;;
808410;treatment;before visit;2023-12-28 19:15:00+00:00;0.679;;
808410;treatment;before visit;2023-12-28 19:30:00+00:00;0.525;;
808410;treatment;before visit;2023-12-28 19:45:00+00:00;0.385;;
808410;treatment;before visit;2023-12-28 20:00:00+00:00;0.148;;
808410;treatment;before visit;2023-12-28 20:15:00+00:00;0.215;;
808410;treatment;before visit;2023-12-28 20:30:00+00:00;0.408;;
808410;treatment;before visit;2023-12-28 20:45:00+00:00;0.627;;
808410;treatment;before visit;2023-12-28 21:00:00+00:00;0.575;;
808410;treatment;before visit;2023-12-28 21:15:00+00:00;0.491;;
808410;treatment;before visit;2023-12-28 21:30:00+00:00;0.618;;
808410;treatment;before visit;2023-12-28 21:45:00+00:00;0.166;;
808410;treatment;before visit;2023-12-28 22:00:00+00:00;0.095;;
808410;treatment;before visit;2023-12-28 22:15:00+00:00;0.141;;
808410;treatment;before visit;2023-12-28 22:30:00+00:00;0.73;;
808410;treatment;before visit;2023-12-28 22:45:00+00:00;0.631;;
808410;treatment;before visit;2023-12-28 23:00:00+00:00;0.497;;
808410;treatment;before visit;2023-12-28 23:15:00+00:00;0.2;;
808410;treatment;before visit;2023-12-28 23:30:00+00:00;0.185;;
808410;treatment;before visit;2023-12-28 23:45:00+00:00;0.187;;
808410;treatment;before visit;2023-12-29 00:00:00+00:00;0.216;;
808410;treatment;before visit;2023-12-29 00:15:00+00:00;0.691;;
808410;treatment;before visit;2023-12-29 00:30:00+00:00;0.57;;
808410;treatment;before visit;2023-12-29 00:45:00+00:00;0.531;;
808410;treatment;before visit;2023-12-29 01:00:00+00:00;0.236;;
808410;treatment;before visit;2023-12-29 01:15:00+00:00;0.195;;
808410;treatment;before visit;2023-12-29 01:30:00+00:00;0.198;;
808410;treatment;before visit;2023-12-29 01:45:00+00:00;0.225;;
808410;treatment;before visit;2023-12-29 02:00:00+00:00;0.7;;
808410;treatment;before visit;2023-12-29 02:15:00+00:00;0.558;;
808410;treatment;before visit;2023-12-29 02:30:00+00:00;0.421;;
808410;treatment;before visit;2023-12-29 02:45:00+00:00;0.098;;
808410;treatment;before visit;2023-12-29 03:00:00+00:00;0.08;;
808410;treatment;before visit;2023-12-29 03:15:00+00:00;0.089;;
808410;treatment;before visit;2023-12-29 03:30:00+00:00;0.338;;
808410;treatment;before visit;2023-12-29 03:45:00+00:00;0.523;;
808410;treatment;before visit;2023-12-29 04:00:00+00:00;0.441;;
808410;treatment;before visit;2023-12-29 04:15:00+00:00;0.243;;
808410;treatment;before visit;2023-12-29 04:30:00+00:00;0.094;;
808410;treatment;before visit;2023-12-29 04:45:00+00:00;0.089;;
808410;treatment;before visit;2023-12-29 05:00:00+00:00;0.09;;
808410;treatment;before visit;2023-12-29 05:15:00+00:00;0.478;;
808410;treatment;before visit;2023-12-29 05:30:00+00:00;0.496;;
808410;treatment;before visit;2023-12-29 05:45:00+00:00;0.401;;
808410;treatment;before visit;2023-12-29 06:00:00+00:00;0.111;;
808410;treatment;before visit;2023-12-29 06:15:00+00:00;0.084;;
808410;treatment;before visit;2023-12-29 06:30:00+00:00;0.099;;
808410;treatment;before visit;2023-12-29 06:45:00+00:00;0.237;;
808410;treatment;before visit;2023-12-29 07:00:00+00:00;0.551;;
808410;treatment;before visit;2023-12-29 07:15:00+00:00;0.682;;
808410;treatment;before visit;2023-12-29 07:30:00+00:00;0.277;;
808410;treatment;before visit;2023-12-29 07:45:00+00:00;0.089;;
808410;treatment;before visit;2023-12-29 08:00:00+00:00;0.087;;
808410;treatment;before visit;2023-12-29 08:15:00+00:00;0.085;;
808410;treatment;before visit;2023-12-29 08:30:00+00:00;0.528;;
808410;treatment;before visit;2023-12-29 08:45:00+00:00;0.498;;
808410;treatment;before visit;2023-12-29 09:00:00+00:00;0.339;;
808410;treatment;before visit;2023-12-29 09:15:00+00:00;0.063;;
808410;treatment;before visit;2023-12-29 09:30:00+00:00;0.075;;
808410;treatment;before visit;2023-12-29 09:45:00+00:00;0.043;;
808410;treatment;before visit;2023-12-29 10:00:00+00:00;0.367;;
808410;treatment;before visit;2023-12-29 10:15:00+00:00;0.248;;
808410;treatment;before visit;2023-12-29 10:30:00+00:00;0.149;;
808410;treatment;before visit;2023-12-29 10:45:00+00:00;0.0;;
808410;treatment;before visit;2023-12-29 11:00:00+00:00;0.0;;
808410;treatment;before visit;2023-12-29 11:15:00+00:00;0.0;;
808410;treatment;before visit;2023-12-29 11:30:00+00:00;0.294;;
808410;treatment;before visit;2023-12-29 11:45:00+00:00;0.284;;
808410;treatment;before visit;2023-12-29 12:00:00+00:00;0.035;;
808410;treatment;before visit;2023-12-29 12:15:00+00:00;0.005;;
808410;treatment;before visit;2023-12-29 12:30:00+00:00;0.0;;
808410;treatment;before visit;2023-12-29 12:45:00+00:00;0.0;;
808410;treatment;before visit;2023-12-29 13:00:00+00:00;0.0;;
808410;treatment;before visit;2023-12-29 13:15:00+00:00;0.185;;
808410;treatment;before visit;2023-12-29 13:30:00+00:00;0.017;;
808410;treatment;before visit;2023-12-29 13:45:00+00:00;0.104;;
808410;treatment;before visit;2023-12-29 14:00:00+00:00;0.0;;
808410;treatment;before visit;2023-12-29 14:15:00+00:00;0.0;;
808410;treatment;before visit;2023-12-29 14:30:00+00:00;0.053;;
808410;treatment;before visit;2023-12-29 14:45:00+00:00;0.258;;
808410;treatment;before visit;2023-12-29 15:00:00+00:00;0.55;;
808410;treatment;before visit;2023-12-29 15:15:00+00:00;0.484;;
808410;treatment;before visit;2023-12-29 15:30:00+00:00;0.165;;
808410;treatment;before visit;2023-12-29 15:45:00+00:00;0.149;;
808410;treatment;before visit;2023-12-29 16:00:00+00:00;0.144;;
808410;treatment;before visit;2023-12-29 16:15:00+00:00;0.344;;
808410;treatment;before visit;2023-12-29 16:30:00+00:00;0.564;;
808410;treatment;before visit;2023-12-29 16:45:00+00:00;0.462;;
808410;treatment;before visit;2023-12-29 17:00:00+00:00;0.162;;
808410;treatment;before visit;2023-12-29 17:15:00+00:00;0.354;;
808410;treatment;before visit;2023-12-29 17:30:00+00:00;0.464;;
808410;treatment;before visit;2023-12-29 17:45:00+00:00;0.349;;
808410;treatment;before visit;2023-12-29 18:00:00+00:00;0.537;;
808410;treatment;before visit;2023-12-29 18:15:00+00:00;0.439;;
808410;treatment;before visit;2023-12-29 18:30:00+00:00;0.156;;
808410;treatment;before visit;2023-12-29 18:45:00+00:00;0.131;;
808410;treatment;before visit;2023-12-29 19:00:00+00:00;0.122;;
808410;treatment;before visit;2023-12-29 19:15:00+00:00;0.183;;
808410;treatment;before visit;2023-12-29 19:30:00+00:00;0.589;;
808410;treatment;before visit;2023-12-29 19:45:00+00:00;0.463;;
808410;treatment;before visit;2023-12-29 20:00:00+00:00;0.266;;
808410;treatment;before visit;2023-12-29 20:15:00+00:00;0.193;;
808410;treatment;before visit;2023-12-29 20:30:00+00:00;0.188;;
808410;treatment;before visit;2023-12-29 20:45:00+00:00;0.207;;
808410;treatment;before visit;2023-12-29 21:00:00+00:00;0.65;;
808410;treatment;before visit;2023-12-29 21:15:00+00:00;0.564;;
808410;treatment;before visit;2023-12-29 21:30:00+00:00;0.338;;
808410;treatment;before visit;2023-12-29 21:45:00+00:00;0.197;;
808410;treatment;before visit;2023-12-29 22:00:00+00:00;0.192;;
808410;treatment;before visit;2023-12-29 22:15:00+00:00;0.202;;
808410;treatment;before visit;2023-12-29 22:30:00+00:00;0.631;;
808410;treatment;before visit;2023-12-29 22:45:00+00:00;0.566;;
808410;treatment;before visit;2023-12-29 23:00:00+00:00;0.416;;
808410;treatment;before visit;2023-12-29 23:15:00+00:00;0.195;;
808410;treatment;before visit;2023-12-29 23:30:00+00:00;0.21;;
808410;treatment;before visit;2023-12-29 23:45:00+00:00;0.205;;
808410;treatment;before visit;2023-12-30 00:00:00+00:00;0.473;;
808410;treatment;before visit;2023-12-30 00:15:00+00:00;0.611;;
808410;treatment;before visit;2023-12-30 00:30:00+00:00;0.495;;
808410;treatment;before visit;2023-12-30 00:45:00+00:00;0.254;;
808410;treatment;before visit;2023-12-30 01:00:00+00:00;0.21;;
808410;treatment;before visit;2023-12-30 01:15:00+00:00;0.207;;
808410;treatment;before visit;2023-12-30 01:30:00+00:00;0.387;;
808410;treatment;before visit;2023-12-30 01:45:00+00:00;0.649;;
808410;treatment;before visit;2023-12-30 02:00:00+00:00;0.555;;
808410;treatment;before visit;2023-12-30 02:15:00+00:00;0.328;;
808410;treatment;before visit;2023-12-30 02:30:00+00:00;0.081;;
808410;treatment;before visit;2023-12-30 02:45:00+00:00;0.09;;
808410;treatment;before visit;2023-12-30 03:00:00+00:00;0.087;;
808410;treatment;before visit;2023-12-30 03:15:00+00:00;0.305;;
808410;treatment;before visit;2023-12-30 03:30:00+00:00;0.524;;
808410;treatment;before visit;2023-12-30 03:45:00+00:00;0.432;;
808410;treatment;before visit;2023-12-30 04:00:00+00:00;0.171;;
808410;treatment;before visit;2023-12-30 04:15:00+00:00;0.089;;
808410;treatment;before visit;2023-12-30 04:30:00+00:00;0.082;;
808410;treatment;before visit;2023-12-30 04:45:00+00:00;0.118;;
808410;treatment;before visit;2023-12-30 05:00:00+00:00;0.669;;
808410;treatment;before visit;2023-12-30 05:15:00+00:00;0.528;;
808410;treatment;before visit;2023-12-30 05:30:00+00:00;0.466;;
808410;treatment;before visit;2023-12-30 05:45:00+00:00;0.234;;
808410;treatment;before visit;2023-12-30 06:00:00+00:00;0.113;;
808410;treatment;before visit;2023-12-30 06:15:00+00:00;0.114;;
808410;treatment;before visit;2023-12-30 06:30:00+00:00;0.109;;
808410;treatment;before visit;2023-12-30 06:45:00+00:00;0.331;;
808410;treatment;before visit;2023-12-30 07:00:00+00:00;0.648;;
808410;treatment;before visit;2023-12-30 07:15:00+00:00;0.72;;
808410;treatment;before visit;2023-12-30 07:30:00+00:00;0.54;;
808410;treatment;before visit;2023-12-30 07:45:00+00:00;0.066;;
808410;treatment;before visit;2023-12-30 08:00:00+00:00;0.042;;
808410;treatment;before visit;2023-12-30 08:15:00+00:00;0.184;;
808410;treatment;before visit;2023-12-30 08:30:00+00:00;0.314;;
808410;treatment;before visit;2023-12-30 08:45:00+00:00;0.102;;
808410;treatment;before visit;2023-12-30 09:00:00+00:00;0.0;;
808410;treatment;before visit;2023-12-30 09:15:00+00:00;0.0;;
808410;treatment;before visit;2023-12-30 09:30:00+00:00;0.0;;
808410;treatment;before visit;2023-12-30 09:45:00+00:00;0.0;;
808410;treatment;before visit;2023-12-30 10:00:00+00:00;0.235;;
808410;treatment;before visit;2023-12-30 10:15:00+00:00;0.142;;
808410;treatment;before visit;2023-12-30 10:30:00+00:00;0.048;;
808410;treatment;before visit;2023-12-30 10:45:00+00:00;0.0;;
808410;treatment;before visit;2023-12-30 11:00:00+00:00;0.0;;
808410;treatment;before visit;2023-12-30 11:15:00+00:00;0.0;;
808410;treatment;before visit;2023-12-30 11:30:00+00:00;0.083;;
808410;treatment;before visit;2023-12-30 11:45:00+00:00;0.032;;
808410;treatment;before visit;2023-12-30 12:00:00+00:00;0.0;;
808410;treatment;before visit;2023-12-30 12:15:00+00:00;0.0;;
808410;treatment;before visit;2023-12-30 12:30:00+00:00;0.0;;
808410;treatment;before visit;2023-12-30 12:45:00+00:00;0.0;;
808410;treatment;before visit;2023-12-30 13:00:00+00:00;0.0;;
808410;treatment;before visit;2023-12-30 13:15:00+00:00;0.011;;
808410;treatment;before visit;2023-12-30 13:30:00+00:00;0.187;;
808410;treatment;before visit;2023-12-30 13:45:00+00:00;0.023;;
808410;treatment;before visit;2023-12-30 14:00:00+00:00;0.075;;
808410;treatment;before visit;2023-12-30 14:15:00+00:00;0.001;;
808410;treatment;before visit;2023-12-30 14:30:00+00:00;0.0;;
808410;treatment;before visit;2023-12-30 14:45:00+00:00;0.012;;
808410;treatment;before visit;2023-12-30 15:00:00+00:00;0.067;;
808410;treatment;before visit;2023-12-30 15:15:00+00:00;0.472;;
808410;treatment;before visit;2023-12-30 15:30:00+00:00;0.53;;
808410;treatment;before visit;2023-12-30 15:45:00+00:00;0.446;;
808410;treatment;before visit;2023-12-30 16:00:00+00:00;0.15;;
808410;treatment;before visit;2023-12-30 16:15:00+00:00;0.166;;
808410;treatment;before visit;2023-12-30 16:30:00+00:00;0.149;;
808410;treatment;before visit;2023-12-30 16:45:00+00:00;0.135;;
808410;treatment;before visit;2023-12-30 17:00:00+00:00;0.615;;
808410;treatment;before visit;2023-12-30 17:15:00+00:00;0.584;;
808410;treatment;before visit;2023-12-30 17:30:00+00:00;0.806;;
808410;treatment;before visit;2023-12-30 17:45:00+00:00;0.318;;
808410;treatment;before visit;2023-12-30 18:00:00+00:00;0.157;;
808410;treatment;before visit;2023-12-30 18:15:00+00:00;0.172;;
808410;treatment;before visit;2023-12-30 18:30:00+00:00;0.153;;
808410;treatment;before visit;2023-12-30 18:45:00+00:00;0.434;;
808410;treatment;before visit;2023-12-30 19:00:00+00:00;0.642;;
808410;treatment;before visit;2023-12-30 19:15:00+00:00;0.491;;
808410;treatment;before visit;2023-12-30 19:30:00+00:00;0.268;;
808410;treatment;before visit;2023-12-30 19:45:00+00:00;0.155;;
808410;treatment;before visit;2023-12-30 20:00:00+00:00;0.382;;
808410;treatment;before visit;2023-12-30 20:15:00+00:00;0.58;;
808410;treatment;before visit;2023-12-30 20:30:00+00:00;0.458;;
808410;treatment;before visit;2023-12-30 20:45:00+00:00;0.189;;
808410;treatment;before visit;2023-12-30 21:00:00+00:00;0.139;;
808410;treatment;before visit;2023-12-30 21:15:00+00:00;0.296;;
808410;treatment;before visit;2023-12-30 21:30:00+00:00;0.614;;
808410;treatment;before visit;2023-12-30 21:45:00+00:00;0.488;;
808410;treatment;before visit;2023-12-30 22:00:00+00:00;0.28;;
808410;treatment;before visit;2023-12-30 22:15:00+00:00;0.096;;
808410;treatment;before visit;2023-12-30 22:30:00+00:00;0.111;;
808410;treatment;before visit;2023-12-30 22:45:00+00:00;0.613;;
808410;treatment;before visit;2023-12-30 23:00:00+00:00;0.521;;
808410;treatment;before visit;2023-12-30 23:15:00+00:00;0.404;;
808410;treatment;before visit;2023-12-30 23:30:00+00:00;0.101;;
808410;treatment;before visit;2023-12-30 23:45:00+00:00;0.17;;
808410;treatment;before visit;2023-12-31 00:00:00+00:00;0.461;;
808410;treatment;before visit;2023-12-31 00:15:00+00:00;0.679;;
808410;treatment;before visit;2023-12-31 00:30:00+00:00;0.543;;
808410;treatment;before visit;2023-12-31 00:45:00+00:00;0.545;;
808410;treatment;before visit;2023-12-31 01:00:00+00:00;0.208;;
808410;treatment;before visit;2023-12-31 01:15:00+00:00;0.217;;
808410;treatment;before visit;2023-12-31 01:30:00+00:00;0.35;;
808410;treatment;before visit;2023-12-31 01:45:00+00:00;0.739;;
808410;treatment;before visit;2023-12-31 02:00:00+00:00;0.611;;
808410;treatment;before visit;2023-12-31 02:15:00+00:00;0.555;;
808410;treatment;before visit;2023-12-31 02:30:00+00:00;0.239;;
808410;treatment;before visit;2023-12-31 02:45:00+00:00;0.216;;
808410;treatment;before visit;2023-12-31 03:00:00+00:00;0.32;;
808410;treatment;before visit;2023-12-31 03:15:00+00:00;0.774;;
808410;treatment;before visit;2023-12-31 03:30:00+00:00;0.557;;
808410;treatment;before visit;2023-12-31 03:45:00+00:00;0.444;;
808410;treatment;before visit;2023-12-31 04:00:00+00:00;0.132;;
808410;treatment;before visit;2023-12-31 04:15:00+00:00;0.11;;
808410;treatment;before visit;2023-12-31 04:30:00+00:00;0.144;;
808410;treatment;before visit;2023-12-31 04:45:00+00:00;0.685;;
808410;treatment;before visit;2023-12-31 05:00:00+00:00;0.619;;
808410;treatment;before visit;2023-12-31 05:15:00+00:00;0.576;;
808410;treatment;before visit;2023-12-31 05:30:00+00:00;0.537;;
808410;treatment;before visit;2023-12-31 05:45:00+00:00;0.431;;
808410;treatment;before visit;2023-12-31 06:00:00+00:00;0.118;;
808410;treatment;before visit;2023-12-31 06:15:00+00:00;0.112;;
808410;treatment;before visit;2023-12-31 06:30:00+00:00;0.332;;
808410;treatment;before visit;2023-12-31 06:45:00+00:00;0.605;;
808410;treatment;before visit;2023-12-31 07:00:00+00:00;0.502;;
808410;treatment;before visit;2023-12-31 07:15:00+00:00;0.293;;
808410;treatment;before visit;2023-12-31 07:30:00+00:00;0.161;;
808410;treatment;before visit;2023-12-31 07:45:00+00:00;0.671;;
808410;treatment;before visit;2023-12-31 08:00:00+00:00;0.768;;
808410;treatment;before visit;2023-12-31 08:15:00+00:00;0.504;;
808410;treatment;before visit;2023-12-31 08:30:00+00:00;0.316;;
808410;treatment;before visit;2023-12-31 08:45:00+00:00;0.285;;
808410;treatment;before visit;2023-12-31 09:00:00+00:00;0.255;;
808410;treatment;before visit;2023-12-31 09:15:00+00:00;0.019;;
808410;treatment;before visit;2023-12-31 09:30:00+00:00;0.366;;
808410;treatment;before visit;2023-12-31 09:45:00+00:00;0.256;;
808410;treatment;before visit;2023-12-31 10:00:00+00:00;0.027;;
808410;treatment;before visit;2023-12-31 10:15:00+00:00;0.0;;
808410;treatment;before visit;2023-12-31 10:30:00+00:00;0.119;;
808410;treatment;before visit;2023-12-31 10:45:00+00:00;0.274;;
808410;treatment;before visit;2023-12-31 11:00:00+00:00;0.166;;
808410;treatment;before visit;2023-12-31 11:15:00+00:00;0.306;;
808410;treatment;before visit;2023-12-31 11:30:00+00:00;0.363;;
808410;treatment;before visit;2023-12-31 11:45:00+00:00;0.213;;
808410;treatment;before visit;2023-12-31 12:00:00+00:00;0.22;;
808410;treatment;before visit;2023-12-31 12:15:00+00:00;0.035;;
808410;treatment;before visit;2023-12-31 12:30:00+00:00;0.019;;
808410;treatment;before visit;2023-12-31 12:45:00+00:00;0.193;;
808410;treatment;before visit;2023-12-31 13:00:00+00:00;0.608;;
808410;treatment;before visit;2023-12-31 13:15:00+00:00;0.478;;
808410;treatment;before visit;2023-12-31 13:30:00+00:00;0.365;;
808410;treatment;before visit;2023-12-31 13:45:00+00:00;0.125;;
808410;treatment;before visit;2023-12-31 14:00:00+00:00;0.149;;
808410;treatment;before visit;2023-12-31 14:15:00+00:00;0.971;;
808410;treatment;before visit;2023-12-31 14:30:00+00:00;1.048;;
808410;treatment;before visit;2023-12-31 14:45:00+00:00;0.601;;
808410;treatment;before visit;2023-12-31 15:00:00+00:00;0.226;;
808410;treatment;before visit;2023-12-31 15:15:00+00:00;0.199;;
808410;treatment;before visit;2023-12-31 15:30:00+00:00;0.457;;
808410;treatment;before visit;2023-12-31 15:45:00+00:00;0.776;;
808410;treatment;before visit;2023-12-31 16:00:00+00:00;0.636;;
808410;treatment;before visit;2023-12-31 16:15:00+00:00;0.451;;
808410;treatment;before visit;2023-12-31 16:30:00+00:00;0.26;;
808410;treatment;before visit;2023-12-31 16:45:00+00:00;0.257;;
808410;treatment;before visit;2023-12-31 17:00:00+00:00;0.739;;
808410;treatment;before visit;2023-12-31 17:15:00+00:00;0.702;;
808410;treatment;before visit;2023-12-31 17:30:00+00:00;0.631;;
808410;treatment;before visit;2023-12-31 17:45:00+00:00;0.347;;
808410;treatment;before visit;2023-12-31 18:00:00+00:00;0.355;;
808410;treatment;before visit;2023-12-31 18:15:00+00:00;0.713;;
808410;treatment;before visit;2023-12-31 18:30:00+00:00;0.847;;
808410;treatment;before visit;2023-12-31 18:45:00+00:00;0.648;;
808410;treatment;before visit;2023-12-31 19:00:00+00:00;0.36;;
808410;treatment;before visit;2023-12-31 19:15:00+00:00;0.256;;
808410;treatment;before visit;2023-12-31 19:30:00+00:00;0.426;;
808410;treatment;before visit;2023-12-31 19:45:00+00:00;0.849;;
808410;treatment;before visit;2023-12-31 20:00:00+00:00;0.592;;
808410;treatment;before visit;2023-12-31 20:15:00+00:00;0.52;;
808410;treatment;before visit;2023-12-31 20:30:00+00:00;0.235;;
808410;treatment;before visit;2023-12-31 20:45:00+00:00;0.242;;
808410;treatment;before visit;2023-12-31 21:00:00+00:00;0.503;;
808410;treatment;before visit;2023-12-31 21:15:00+00:00;0.69;;
808410;treatment;before visit;2023-12-31 21:30:00+00:00;0.582;;
808410;treatment;before visit;2023-12-31 21:45:00+00:00;0.397;;
808410;treatment;before visit;2023-12-31 22:00:00+00:00;0.243;;
808410;treatment;before visit;2023-12-31 22:15:00+00:00;0.235;;
808410;treatment;before visit;2023-12-31 22:30:00+00:00;0.735;;
808410;treatment;before visit;2023-12-31 22:45:00+00:00;0.687;;
808410;treatment;before visit;2023-12-31 23:00:00+00:00;0.584;;
808410;treatment;before visit;2023-12-31 23:15:00+00:00;0.218;;
808410;treatment;before visit;2023-12-31 23:30:00+00:00;0.118;;
808410;treatment;before visit;2023-12-31 23:45:00+00:00;0.154;;
808410;treatment;before visit;2024-01-01 00:00:00+00:00;0.673;;
808410;treatment;before visit;2024-01-01 00:15:00+00:00;0.546;;
808410;treatment;before visit;2024-01-01 00:30:00+00:00;0.429;;
808410;treatment;before visit;2024-01-01 00:45:00+00:00;0.11;;
808410;treatment;before visit;2024-01-01 01:00:00+00:00;0.105;;
808410;treatment;before visit;2024-01-01 01:15:00+00:00;0.297;;
808410;treatment;before visit;2024-01-01 01:30:00+00:00;0.59;;
808410;treatment;before visit;2024-01-01 01:45:00+00:00;0.463;;
808410;treatment;before visit;2024-01-01 02:00:00+00:00;0.362;;
808410;treatment;before visit;2024-01-01 02:15:00+00:00;0.11;;
808410;treatment;before visit;2024-01-01 02:30:00+00:00;0.103;;
808410;treatment;before visit;2024-01-01 02:45:00+00:00;0.398;;
808410;treatment;before visit;2024-01-01 03:00:00+00:00;0.577;;
808410;treatment;before visit;2024-01-01 03:15:00+00:00;0.484;;
808410;treatment;before visit;2024-01-01 03:30:00+00:00;0.249;;
808410;treatment;before visit;2024-01-01 03:45:00+00:00;0.1;;
808410;treatment;before visit;2024-01-01 04:00:00+00:00;0.104;;
808410;treatment;before visit;2024-01-01 04:15:00+00:00;0.562;;
808410;treatment;before visit;2024-01-01 04:30:00+00:00;0.566;;
808410;treatment;before visit;2024-01-01 04:45:00+00:00;0.448;;
808410;treatment;before visit;2024-01-01 05:00:00+00:00;0.111;;
808410;treatment;before visit;2024-01-01 05:15:00+00:00;0.111;;
808410;treatment;before visit;2024-01-01 05:30:00+00:00;0.331;;
808410;treatment;before visit;2024-01-01 05:45:00+00:00;0.599;;
808410;treatment;before visit;2024-01-01 06:00:00+00:00;0.474;;
808410;treatment;before visit;2024-01-01 06:15:00+00:00;0.177;;
808410;treatment;before visit;2024-01-01 06:30:00+00:00;0.11;;
808410;treatment;before visit;2024-01-01 06:45:00+00:00;0.26;;
808410;treatment;before visit;2024-01-01 07:00:00+00:00;0.62;;
808410;treatment;before visit;2024-01-01 07:15:00+00:00;0.486;;
808410;treatment;before visit;2024-01-01 07:30:00+00:00;0.343;;
808410;treatment;before visit;2024-01-01 07:45:00+00:00;0.251;;
808410;treatment;before visit;2024-01-01 08:00:00+00:00;0.226;;
808410;treatment;before visit;2024-01-01 08:15:00+00:00;0.364;;
808410;treatment;before visit;2024-01-01 08:30:00+00:00;0.508;;
808410;treatment;before visit;2024-01-01 08:45:00+00:00;0.349;;
808410;treatment;before visit;2024-01-01 09:00:00+00:00;0.062;;
808410;treatment;before visit;2024-01-01 09:15:00+00:00;0.031;;
808410;treatment;before visit;2024-01-01 09:30:00+00:00;0.178;;
808410;treatment;before visit;2024-01-01 09:45:00+00:00;0.402;;
808410;treatment;before visit;2024-01-01 10:00:00+00:00;0.225;;
808410;treatment;before visit;2024-01-01 10:15:00+00:00;0.033;;
808410;treatment;before visit;2024-01-01 10:30:00+00:00;0.0;;
808410;treatment;before visit;2024-01-01 10:45:00+00:00;0.0;;
808410;treatment;before visit;2024-01-01 11:00:00+00:00;0.004;;
808410;treatment;before visit;2024-01-01 11:15:00+00:00;0.0;;
808410;treatment;before visit;2024-01-01 11:30:00+00:00;0.133;;
808410;treatment;before visit;2024-01-01 11:45:00+00:00;0.265;;
808410;treatment;before visit;2024-01-01 12:00:00+00:00;0.077;;
808410;treatment;before visit;2024-01-01 12:15:00+00:00;0.05;;
808410;treatment;before visit;2024-01-01 12:30:00+00:00;0.084;;
808410;treatment;before visit;2024-01-01 12:45:00+00:00;0.364;;
808410;treatment;before visit;2024-01-01 13:00:00+00:00;0.111;;
808410;treatment;before visit;2024-01-01 13:15:00+00:00;0.25;;
808410;treatment;before visit;2024-01-01 13:30:00+00:00;0.446;;
808410;treatment;before visit;2024-01-01 13:45:00+00:00;0.415;;
808410;treatment;before visit;2024-01-01 14:00:00+00:00;0.141;;
808410;treatment;before visit;2024-01-01 14:15:00+00:00;0.067;;
808410;treatment;before visit;2024-01-01 14:30:00+00:00;0.004;;
808410;treatment;before visit;2024-01-01 14:45:00+00:00;0.0;;
808410;treatment;before visit;2024-01-01 15:00:00+00:00;0.4;;
808410;treatment;before visit;2024-01-01 15:15:00+00:00;0.534;;
808410;treatment;before visit;2024-01-01 15:30:00+00:00;0.594;;
808410;treatment;before visit;2024-01-01 15:45:00+00:00;0.456;;
808410;treatment;before visit;2024-01-01 16:00:00+00:00;0.334;;
808410;treatment;before visit;2024-01-01 16:15:00+00:00;0.275;;
808410;treatment;before visit;2024-01-01 16:30:00+00:00;0.265;;
808410;treatment;before visit;2024-01-01 16:45:00+00:00;0.528;;
808410;treatment;before visit;2024-01-01 17:00:00+00:00;0.786;;
808410;treatment;before visit;2024-01-01 17:15:00+00:00;0.671;;
808410;treatment;before visit;2024-01-01 17:30:00+00:00;1.077;;
808410;treatment;before visit;2024-01-01 17:45:00+00:00;0.743;;
808410;treatment;before visit;2024-01-01 18:00:00+00:00;0.112;;
808410;treatment;before visit;2024-01-01 18:15:00+00:00;0.389;;
808410;treatment;before visit;2024-01-01 18:30:00+00:00;0.588;;
808410;treatment;before visit;2024-01-01 18:45:00+00:00;0.444;;
808410;treatment;before visit;2024-01-01 19:00:00+00:00;0.215;;
808410;treatment;before visit;2024-01-01 19:15:00+00:00;0.158;;
808410;treatment;before visit;2024-01-01 19:30:00+00:00;0.471;;
808410;treatment;before visit;2024-01-01 19:45:00+00:00;0.623;;
808410;treatment;before visit;2024-01-01 20:00:00+00:00;0.497;;
808410;treatment;before visit;2024-01-01 20:15:00+00:00;0.221;;
808410;treatment;before visit;2024-01-01 20:30:00+00:00;0.157;;
808410;treatment;before visit;2024-01-01 20:45:00+00:00;0.349;;
808410;treatment;before visit;2024-01-01 21:00:00+00:00;0.627;;
808410;treatment;before visit;2024-01-01 21:15:00+00:00;0.49;;
808410;treatment;before visit;2024-01-01 21:30:00+00:00;0.293;;
808410;treatment;before visit;2024-01-01 21:45:00+00:00;0.114;;
808410;treatment;before visit;2024-01-01 22:00:00+00:00;0.107;;
808410;treatment;before visit;2024-01-01 22:15:00+00:00;0.607;;
808410;treatment;before visit;2024-01-01 22:30:00+00:00;0.541;;
808410;treatment;before visit;2024-01-01 22:45:00+00:00;0.433;;
808410;treatment;before visit;2024-01-01 23:00:00+00:00;0.095;;
808410;treatment;before visit;2024-01-01 23:15:00+00:00;0.104;;
808410;treatment;before visit;2024-01-01 23:30:00+00:00;0.506;;
808410;treatment;before visit;2024-01-01 23:45:00+00:00;0.589;;
808410;treatment;before visit;2024-01-02 00:00:00+00:00;0.456;;
808410;treatment;before visit;2024-01-02 00:15:00+00:00;0.292;;
808410;treatment;before visit;2024-01-02 00:30:00+00:00;0.104;;
808410;treatment;before visit;2024-01-02 00:45:00+00:00;0.109;;
808410;treatment;before visit;2024-01-02 01:00:00+00:00;0.58;;
808410;treatment;before visit;2024-01-02 01:15:00+00:00;0.588;;
808410;treatment;before visit;2024-01-02 01:30:00+00:00;0.469;;
808410;treatment;before visit;2024-01-02 01:45:00+00:00;0.171;;
808410;treatment;before visit;2024-01-02 02:00:00+00:00;0.105;;
808410;treatment;before visit;2024-01-02 02:15:00+00:00;0.212;;
808410;treatment;before visit;2024-01-02 02:30:00+00:00;0.538;;
808410;treatment;before visit;2024-01-02 02:45:00+00:00;0.595;;
808410;treatment;before visit;2024-01-02 03:00:00+00:00;0.429;;
808410;treatment;before visit;2024-01-02 03:15:00+00:00;0.271;;
808410;treatment;before visit;2024-01-02 03:30:00+00:00;0.104;;
808410;treatment;before visit;2024-01-02 03:45:00+00:00;0.213;;
808410;treatment;before visit;2024-01-02 04:00:00+00:00;0.63;;
808410;treatment;before visit;2024-01-02 04:15:00+00:00;0.524;;
808410;treatment;before visit;2024-01-02 04:30:00+00:00;0.349;;
808410;treatment;before visit;2024-01-02 04:45:00+00:00;0.11;;
808410;treatment;before visit;2024-01-02 05:00:00+00:00;0.111;;
808410;treatment;before visit;2024-01-02 05:15:00+00:00;0.504;;
808410;treatment;before visit;2024-01-02 05:30:00+00:00;0.555;;
808410;treatment;before visit;2024-01-02 05:45:00+00:00;0.455;;
808410;treatment;before visit;2024-01-02 06:00:00+00:00;0.148;;
808410;treatment;before visit;2024-01-02 06:15:00+00:00;0.112;;
808410;treatment;before visit;2024-01-02 06:30:00+00:00;0.262;;
808410;treatment;before visit;2024-01-02 06:45:00+00:00;0.6;;
808410;treatment;before visit;2024-01-02 07:00:00+00:00;0.506;;
808410;treatment;before visit;2024-01-02 07:15:00+00:00;0.534;;
808410;treatment;before visit;2024-01-02 07:30:00+00:00;0.235;;
808410;treatment;before visit;2024-01-02 07:45:00+00:00;0.104;;
808410;treatment;before visit;2024-01-02 08:00:00+00:00;0.577;;
808410;treatment;before visit;2024-01-02 08:15:00+00:00;0.566;;
808410;treatment;before visit;2024-01-02 08:30:00+00:00;0.747;;
808410;treatment;before visit;2024-01-02 08:45:00+00:00;0.357;;
808410;treatment;before visit;2024-01-02 09:00:00+00:00;0.134;;
808410;treatment;before visit;2024-01-02 09:15:00+00:00;0.106;;
808410;treatment;before visit;2024-01-02 09:30:00+00:00;0.423;;
808410;treatment;before visit;2024-01-02 09:45:00+00:00;0.489;;
808410;treatment;before visit;2024-01-02 10:00:00+00:00;0.448;;
808410;treatment;before visit;2024-01-02 10:15:00+00:00;0.317;;
808410;treatment;before visit;2024-01-02 10:30:00+00:00;0.134;;
808410;treatment;before visit;2024-01-02 10:45:00+00:00;0.456;;
808410;treatment;before visit;2024-01-02 11:00:00+00:00;0.383;;
808410;treatment;before visit;2024-01-02 11:15:00+00:00;0.221;;
808410;treatment;before visit;2024-01-02 11:30:00+00:00;0.541;;
808410;treatment;before visit;2024-01-02 11:45:00+00:00;0.416;;
808410;treatment;before visit;2024-01-02 12:00:00+00:00;0.13;;
808410;treatment;before visit;2024-01-02 12:15:00+00:00;0.074;;
808410;treatment;before visit;2024-01-02 12:30:00+00:00;0.109;;
808410;treatment;before visit;2024-01-02 12:45:00+00:00;0.168;;
808410;treatment;before visit;2024-01-02 13:00:00+00:00;0.643;;
808410;treatment;before visit;2024-01-02 13:15:00+00:00;0.555;;
808410;treatment;before visit;2024-01-02 13:30:00+00:00;0.387;;
808410;treatment;before visit;2024-01-02 13:45:00+00:00;0.193;;
808410;treatment;before visit;2024-01-02 14:00:00+00:00;0.216;;
808410;treatment;before visit;2024-01-02 14:15:00+00:00;0.203;;
808410;treatment;before visit;2024-01-02 14:30:00+00:00;0.552;;
808410;treatment;before visit;2024-01-02 14:45:00+00:00;0.651;;
808410;treatment;before visit;2024-01-02 15:00:00+00:00;0.449;;
808410;treatment;before visit;2024-01-02 15:15:00+00:00;0.592;;
808410;treatment;before visit;2024-01-02 15:30:00+00:00;0.341;;
808410;treatment;before visit;2024-01-02 15:45:00+00:00;0.386;;
808410;treatment;before visit;2024-01-02 16:00:00+00:00;0.431;;
808410;treatment;before visit;2024-01-02 16:15:00+00:00;0.774;;
808410;treatment;before visit;2024-01-02 16:30:00+00:00;0.676;;
808410;treatment;before visit;2024-01-02 16:45:00+00:00;0.457;;
808410;treatment;before visit;2024-01-02 17:00:00+00:00;0.246;;
808410;treatment;before visit;2024-01-02 17:15:00+00:00;0.163;;
808410;treatment;before visit;2024-01-02 17:30:00+00:00;0.109;;
808410;treatment;before visit;2024-01-02 17:45:00+00:00;0.587;;
808410;treatment;before visit;2024-01-02 18:00:00+00:00;0.506;;
808410;treatment;before visit;2024-01-02 18:15:00+00:00;0.348;;
808410;treatment;before visit;2024-01-02 18:30:00+00:00;0.146;;
808410;treatment;before visit;2024-01-02 18:45:00+00:00;0.151;;
808410;treatment;before visit;2024-01-02 19:00:00+00:00;0.154;;
808410;treatment;before visit;2024-01-02 19:15:00+00:00;0.532;;
808410;treatment;before visit;2024-01-02 19:30:00+00:00;0.536;;
808410;treatment;before visit;2024-01-02 19:45:00+00:00;0.345;;
808410;treatment;before visit;2024-01-02 20:00:00+00:00;0.139;;
808410;treatment;before visit;2024-01-02 20:15:00+00:00;0.1;;
808410;treatment;before visit;2024-01-02 20:30:00+00:00;0.082;;
808410;treatment;before visit;2024-01-02 20:45:00+00:00;0.497;;
808410;treatment;before visit;2024-01-02 21:00:00+00:00;0.463;;
808410;treatment;before visit;2024-01-02 21:15:00+00:00;0.348;;
808410;treatment;before visit;2024-01-02 21:30:00+00:00;0.085;;
808410;treatment;before visit;2024-01-02 21:45:00+00:00;0.081;;
808410;treatment;before visit;2024-01-02 22:00:00+00:00;0.088;;
808410;treatment;before visit;2024-01-02 22:15:00+00:00;0.392;;
808410;treatment;before visit;2024-01-02 22:30:00+00:00;0.481;;
808410;treatment;before visit;2024-01-02 22:45:00+00:00;0.367;;
808410;treatment;before visit;2024-01-02 23:00:00+00:00;0.079;;
808410;treatment;before visit;2024-01-02 23:15:00+00:00;0.084;;
808410;treatment;before visit;2024-01-02 23:30:00+00:00;0.088;;
808410;treatment;before visit;2024-01-02 23:45:00+00:00;0.34;;
808410;treatment;before visit;2024-01-03 00:00:00+00:00;0.475;;
808410;treatment;before visit;2024-01-03 00:15:00+00:00;0.39;;
808410;treatment;before visit;2024-01-03 00:30:00+00:00;0.095;;
808410;treatment;before visit;2024-01-03 00:45:00+00:00;0.109;;
808410;treatment;before visit;2024-01-03 01:00:00+00:00;0.116;;
808410;treatment;before visit;2024-01-03 01:15:00+00:00;0.383;;
808410;treatment;before visit;2024-01-03 01:30:00+00:00;0.479;;
808410;treatment;before visit;2024-01-03 01:45:00+00:00;0.4;;
808410;treatment;before visit;2024-01-03 02:00:00+00:00;0.111;;
808410;treatment;before visit;2024-01-03 02:15:00+00:00;0.076;;
808410;treatment;before visit;2024-01-03 02:30:00+00:00;0.081;;
808410;treatment;before visit;2024-01-03 02:45:00+00:00;0.327;;
808410;treatment;before visit;2024-01-03 03:00:00+00:00;0.479;;
808410;treatment;before visit;2024-01-03 03:15:00+00:00;0.386;;
808410;treatment;before visit;2024-01-03 03:30:00+00:00;0.152;;
808410;treatment;before visit;2024-01-03 03:45:00+00:00;0.083;;
808410;treatment;before visit;2024-01-03 04:00:00+00:00;0.087;;
808410;treatment;before visit;2024-01-03 04:15:00+00:00;0.23;;
808410;treatment;before visit;2024-01-03 04:30:00+00:00;0.502;;
808410;treatment;before visit;2024-01-03 04:45:00+00:00;0.417;;
808410;treatment;before visit;2024-01-03 05:00:00+00:00;0.215;;
808410;treatment;before visit;2024-01-03 05:15:00+00:00;0.088;;
808410;treatment;before visit;2024-01-03 05:30:00+00:00;0.08;;
808410;treatment;before visit;2024-01-03 05:45:00+00:00;0.111;;
808410;treatment;before visit;2024-01-03 06:00:00+00:00;0.571;;
808410;treatment;before visit;2024-01-03 06:15:00+00:00;0.465;;
808410;treatment;before visit;2024-01-03 06:30:00+00:00;0.198;;
808410;treatment;before visit;2024-01-03 06:45:00+00:00;0.09;;
808410;treatment;before visit;2024-01-03 07:00:00+00:00;0.1;;
808410;treatment;before visit;2024-01-03 07:15:00+00:00;0.273;;
808410;treatment;before visit;2024-01-03 07:30:00+00:00;1.243;;
808410;treatment;before visit;2024-01-03 07:45:00+00:00;0.697;;
808410;treatment;before visit;2024-01-03 08:00:00+00:00;0.29;;
808410;treatment;before visit;2024-01-03 08:15:00+00:00;0.0;;
808410;treatment;before visit;2024-01-03 08:30:00+00:00;0.003;;
808410;treatment;before visit;2024-01-03 08:45:00+00:00;0.18;;
808410;treatment;before visit;2024-01-03 09:00:00+00:00;0.425;;
808410;treatment;before visit;2024-01-03 09:15:00+00:00;0.276;;
808410;treatment;before visit;2024-01-03 09:30:00+00:00;0.034;;
808410;treatment;before visit;2024-01-03 09:45:00+00:00;0.006;;
808410;treatment;before visit;2024-01-03 10:00:00+00:00;0.001;;
808410;treatment;before visit;2024-01-03 10:15:00+00:00;0.296;;
808410;treatment;before visit;2024-01-03 10:30:00+00:00;0.189;;
808410;treatment;before visit;2024-01-03 10:45:00+00:00;0.174;;
808410;treatment;before visit;2024-01-03 11:00:00+00:00;0.208;;
808410;treatment;before visit;2024-01-03 11:15:00+00:00;0.0;;
808410;treatment;before visit;2024-01-03 11:30:00+00:00;0.004;;
808410;treatment;before visit;2024-01-03 11:45:00+00:00;0.0;;
808410;treatment;before visit;2024-01-03 12:00:00+00:00;0.121;;
808410;treatment;before visit;2024-01-03 12:15:00+00:00;0.175;;
808410;treatment;before visit;2024-01-03 12:30:00+00:00;0.11;;
808410;treatment;before visit;2024-01-03 12:45:00+00:00;0.038;;
808410;treatment;before visit;2024-01-03 13:00:00+00:00;0.003;;
808410;treatment;before visit;2024-01-03 13:15:00+00:00;0.001;;
808410;treatment;before visit;2024-01-03 13:30:00+00:00;0.0;;
808410;treatment;before visit;2024-01-03 13:45:00+00:00;0.226;;
808410;treatment;before visit;2024-01-03 14:00:00+00:00;0.199;;
808410;treatment;before visit;2024-01-03 14:15:00+00:00;0.105;;
808410;treatment;before visit;2024-01-03 14:30:00+00:00;0.058;;
808410;treatment;before visit;2024-01-03 14:45:00+00:00;0.094;;
808410;treatment;before visit;2024-01-03 15:00:00+00:00;0.104;;
808410;treatment;before visit;2024-01-03 15:15:00+00:00;0.146;;
808410;treatment;before visit;2024-01-03 15:30:00+00:00;0.561;;
808410;treatment;before visit;2024-01-03 15:45:00+00:00;0.449;;
808410;treatment;before visit;2024-01-03 16:00:00+00:00;0.286;;
808410;treatment;before visit;2024-01-03 16:15:00+00:00;0.169;;
808410;treatment;before visit;2024-01-03 16:30:00+00:00;0.173;;
808410;treatment;before visit;2024-01-03 16:45:00+00:00;0.474;;
808410;treatment;before visit;2024-01-03 17:00:00+00:00;0.501;;
808410;treatment;before visit;2024-01-03 17:15:00+00:00;0.516;;
808410;treatment;before visit;2024-01-03 17:30:00+00:00;0.375;;
808410;treatment;before visit;2024-01-03 17:45:00+00:00;0.115;;
808410;treatment;before visit;2024-01-03 18:00:00+00:00;0.095;;
808410;treatment;before visit;2024-01-03 18:15:00+00:00;0.451;;
808410;treatment;before visit;2024-01-03 18:30:00+00:00;0.519;;
808410;treatment;before visit;2024-01-03 18:45:00+00:00;0.435;;
808410;treatment;before visit;2024-01-03 19:00:00+00:00;0.143;;
808410;treatment;before visit;2024-01-03 19:15:00+00:00;0.12;;
808410;treatment;before visit;2024-01-03 19:30:00+00:00;0.125;;
808410;treatment;before visit;2024-01-03 19:45:00+00:00;0.525;;
808410;treatment;before visit;2024-01-03 20:00:00+00:00;0.48;;
808410;treatment;before visit;2024-01-03 20:15:00+00:00;0.336;;
808410;treatment;before visit;2024-01-03 20:30:00+00:00;0.083;;
808410;treatment;before visit;2024-01-03 20:45:00+00:00;0.097;;
808410;treatment;before visit;2024-01-03 21:00:00+00:00;0.095;;
808410;treatment;before visit;2024-01-03 21:15:00+00:00;0.57;;
808410;treatment;before visit;2024-01-03 21:30:00+00:00;0.459;;
808410;treatment;before visit;2024-01-03 21:45:00+00:00;0.276;;
808410;treatment;before visit;2024-01-03 22:00:00+00:00;0.089;;
808410;treatment;before visit;2024-01-03 22:15:00+00:00;0.079;;
808410;treatment;before visit;2024-01-03 22:30:00+00:00;0.135;;
808410;treatment;before visit;2024-01-03 22:45:00+00:00;0.572;;
808410;treatment;before visit;2024-01-03 23:00:00+00:00;0.454;;
808410;treatment;before visit;2024-01-03 23:15:00+00:00;0.22;;
808410;treatment;before visit;2024-01-03 23:30:00+00:00;0.08;;
808410;treatment;before visit;2024-01-03 23:45:00+00:00;0.077;;
808410;treatment;before visit;2024-01-04 00:00:00+00:00;0.249;;
808410;treatment;before visit;2024-01-04 00:15:00+00:00;0.541;;
808410;treatment;before visit;2024-01-04 00:30:00+00:00;0.441;;
808410;treatment;before visit;2024-01-04 00:45:00+00:00;0.157;;
808410;treatment;before visit;2024-01-04 01:00:00+00:00;0.079;;
808410;treatment;before visit;2024-01-04 01:15:00+00:00;0.079;;
808410;treatment;before visit;2024-01-04 01:30:00+00:00;0.321;;
808410;treatment;before visit;2024-01-04 01:45:00+00:00;0.523;;
808410;treatment;before visit;2024-01-04 02:00:00+00:00;0.442;;
808410;treatment;before visit;2024-01-04 02:15:00+00:00;0.094;;
808410;treatment;before visit;2024-01-04 02:30:00+00:00;0.079;;
808410;treatment;before visit;2024-01-04 02:45:00+00:00;0.08;;
808410;treatment;before visit;2024-01-04 03:00:00+00:00;0.454;;
808410;treatment;before visit;2024-01-04 03:15:00+00:00;0.483;;
808410;treatment;before visit;2024-01-04 03:30:00+00:00;0.426;;
808410;treatment;before visit;2024-01-04 03:45:00+00:00;0.081;;
808410;treatment;before visit;2024-01-04 04:00:00+00:00;0.085;;
808410;treatment;before visit;2024-01-04 04:15:00+00:00;0.091;;
808410;treatment;before visit;2024-01-04 04:30:00+00:00;0.459;;
808410;treatment;before visit;2024-01-04 04:45:00+00:00;0.491;;
808410;treatment;before visit;2024-01-04 05:00:00+00:00;0.393;;
808410;treatment;before visit;2024-01-04 05:15:00+00:00;0.095;;
808410;treatment;before visit;2024-01-04 05:30:00+00:00;0.078;;
808410;treatment;before visit;2024-01-04 05:45:00+00:00;0.087;;
808410;treatment;before visit;2024-01-04 06:00:00+00:00;0.507;;
808410;treatment;before visit;2024-01-04 06:15:00+00:00;0.494;;
808410;treatment;before visit;2024-01-04 06:30:00+00:00;0.408;;
808410;treatment;before visit;2024-01-04 06:45:00+00:00;0.31;;
808410;treatment;before visit;2024-01-04 07:00:00+00:00;0.11;;
808410;treatment;before visit;2024-01-04 07:15:00+00:00;0.221;;
808410;treatment;before visit;2024-01-04 07:30:00+00:00;0.64;;
808410;treatment;before visit;2024-01-04 07:45:00+00:00;0.56;;
808410;treatment;before visit;2024-01-04 08:00:00+00:00;0.61;;
808410;treatment;before visit;2024-01-04 08:15:00+00:00;0.5;;
808410;treatment;before visit;2024-01-04 08:30:00+00:00;0.337;;
808410;treatment;before visit;2024-01-04 08:45:00+00:00;0.161;;
808410;treatment;before visit;2024-01-04 09:00:00+00:00;0.485;;
808410;treatment;before visit;2024-01-04 09:15:00+00:00;0.989;;
808410;treatment;before visit;2024-01-04 09:30:00+00:00;0.537;;
808410;treatment;before visit;2024-01-04 09:45:00+00:00;0.11;;
808410;treatment;before visit;2024-01-04 10:00:00+00:00;0.009;;
808410;treatment;before visit;2024-01-04 10:15:00+00:00;0.05;;
808410;treatment;before visit;2024-01-04 10:30:00+00:00;0.265;;
808410;treatment;before visit;2024-01-04 10:45:00+00:00;0.389;;
808410;treatment;before visit;2024-01-04 11:00:00+00:00;0.394;;
808410;treatment;before visit;2024-01-04 11:15:00+00:00;0.062;;
808410;treatment;before visit;2024-01-04 11:30:00+00:00;0.0;;
808410;treatment;before visit;2024-01-04 11:45:00+00:00;0.0;;
808410;treatment;before visit;2024-01-04 12:00:00+00:00;0.071;;
808410;treatment;before visit;2024-01-04 12:15:00+00:00;0.125;;
808410;treatment;before visit;2024-01-04 12:30:00+00:00;0.004;;
808410;treatment;before visit;2024-01-04 12:45:00+00:00;0.006;;
808410;treatment;before visit;2024-01-04 13:00:00+00:00;0.0;;
808410;treatment;before visit;2024-01-04 13:15:00+00:00;0.0;;
808410;treatment;before visit;2024-01-04 13:30:00+00:00;0.04;;
808410;treatment;before visit;2024-01-04 13:45:00+00:00;0.039;;
808410;treatment;before visit;2024-01-04 14:00:00+00:00;0.081;;
808410;treatment;before visit;2024-01-04 14:15:00+00:00;0.001;;
808410;treatment;before visit;2024-01-04 14:30:00+00:00;0.0;;
808410;treatment;before visit;2024-01-04 14:45:00+00:00;0.015;;
808410;treatment;before visit;2024-01-04 15:00:00+00:00;0.18;;
808410;treatment;before visit;2024-01-04 15:15:00+00:00;0.542;;
808410;treatment;before visit;2024-01-04 15:30:00+00:00;0.452;;
808410;treatment;before visit;2024-01-04 15:45:00+00:00;0.219;;
808410;treatment;before visit;2024-01-04 16:00:00+00:00;0.141;;
808410;treatment;before visit;2024-01-04 16:15:00+00:00;0.153;;
808410;treatment;before visit;2024-01-04 16:30:00+00:00;0.253;;
808410;treatment;before visit;2024-01-04 16:45:00+00:00;0.684;;
808410;treatment;before visit;2024-01-04 17:00:00+00:00;0.702;;
808410;treatment;before visit;2024-01-04 17:15:00+00:00;0.693;;
808410;treatment;before visit;2024-01-04 17:30:00+00:00;0.417;;
808410;treatment;before visit;2024-01-04 17:45:00+00:00;0.469;;
808410;treatment;before visit;2024-01-04 18:00:00+00:00;0.694;;
808410;treatment;before visit;2024-01-04 18:15:00+00:00;0.456;;
808410;treatment;before visit;2024-01-04 18:30:00+00:00;0.277;;
808410;treatment;before visit;2024-01-04 18:45:00+00:00;0.162;;
808410;treatment;before visit;2024-01-04 19:00:00+00:00;0.26;;
808410;treatment;before visit;2024-01-04 19:15:00+00:00;0.6;;
808410;treatment;before visit;2024-01-04 19:30:00+00:00;0.509;;
808410;treatment;before visit;2024-01-04 19:45:00+00:00;0.468;;
808410;treatment;before visit;2024-01-04 20:00:00+00:00;0.21;;
808410;treatment;before visit;2024-01-04 20:15:00+00:00;0.139;;
808410;treatment;before visit;2024-01-04 20:30:00+00:00;0.12;;
808410;treatment;before visit;2024-01-04 20:45:00+00:00;0.114;;
808410;treatment;before visit;2024-01-04 21:00:00+00:00;0.334;;
808410;treatment;before visit;2024-01-04 21:15:00+00:00;0.627;;
808410;treatment;before visit;2024-01-04 21:30:00+00:00;0.459;;
808410;treatment;before visit;2024-01-04 21:45:00+00:00;0.371;;
808410;treatment;before visit;2024-01-04 22:00:00+00:00;0.104;;
808410;treatment;before visit;2024-01-04 22:15:00+00:00;0.1;;
808410;treatment;before visit;2024-01-04 22:30:00+00:00;0.431;;
808410;treatment;before visit;2024-01-04 22:45:00+00:00;0.579;;
808410;treatment;before visit;2024-01-04 23:00:00+00:00;0.463;;
808410;treatment;before visit;2024-01-04 23:15:00+00:00;0.139;;
808410;treatment;before visit;2024-01-04 23:30:00+00:00;0.098;;
808410;treatment;before visit;2024-01-04 23:45:00+00:00;0.389;;
808410;treatment;before visit;2024-01-05 00:00:00+00:00;0.579;;
808410;treatment;before visit;2024-01-05 00:15:00+00:00;0.443;;
808410;treatment;before visit;2024-01-05 00:30:00+00:00;0.224;;
808410;treatment;before visit;2024-01-05 00:45:00+00:00;0.101;;
808410;treatment;before visit;2024-01-05 01:00:00+00:00;0.253;;
808410;treatment;before visit;2024-01-05 01:15:00+00:00;0.611;;
808410;treatment;before visit;2024-01-05 01:30:00+00:00;0.457;;
808410;treatment;before visit;2024-01-05 01:45:00+00:00;0.268;;
808410;treatment;before visit;2024-01-05 02:00:00+00:00;0.109;;
808410;treatment;before visit;2024-01-05 02:15:00+00:00;0.129;;
808410;treatment;before visit;2024-01-05 02:30:00+00:00;0.641;;
808410;treatment;before visit;2024-01-05 02:45:00+00:00;0.499;;
808410;treatment;before visit;2024-01-05 03:00:00+00:00;0.335;;
808410;treatment;before visit;2024-01-05 03:15:00+00:00;0.101;;
808410;treatment;before visit;2024-01-05 03:30:00+00:00;0.103;;
808410;treatment;before visit;2024-01-05 03:45:00+00:00;0.571;;
808410;treatment;before visit;2024-01-05 04:00:00+00:00;0.516;;
808410;treatment;before visit;2024-01-05 04:15:00+00:00;0.374;;
808410;treatment;before visit;2024-01-05 04:30:00+00:00;0.106;;
808410;treatment;before visit;2024-01-05 04:45:00+00:00;0.107;;
808410;treatment;before visit;2024-01-05 05:00:00+00:00;0.113;;
808410;treatment;before visit;2024-01-05 05:15:00+00:00;0.104;;
808410;treatment;before visit;2024-01-05 05:30:00+00:00;0.458;;
808410;treatment;before visit;2024-01-05 05:45:00+00:00;0.6;;
808410;treatment;before visit;2024-01-05 06:00:00+00:00;0.474;;
808410;treatment;before visit;2024-01-05 06:15:00+00:00;0.357;;
808410;treatment;before visit;2024-01-05 06:30:00+00:00;0.165;;
808410;treatment;before visit;2024-01-05 06:45:00+00:00;0.233;;
808410;treatment;before visit;2024-01-05 07:00:00+00:00;0.433;;
808410;treatment;before visit;2024-01-05 07:15:00+00:00;0.319;;
808410;treatment;before visit;2024-01-05 07:30:00+00:00;0.706;;
808410;treatment;before visit;2024-01-05 07:45:00+00:00;0.609;;
808410;treatment;before visit;2024-01-05 08:00:00+00:00;0.575;;
808410;treatment;before visit;2024-01-05 08:15:00+00:00;0.568;;
808410;treatment;before visit;2024-01-05 08:30:00+00:00;0.164;;
808410;treatment;before visit;2024-01-05 08:45:00+00:00;0.141;;
808410;treatment;before visit;2024-01-05 09:00:00+00:00;0.141;;
808410;treatment;before visit;2024-01-05 09:15:00+00:00;0.193;;
808410;treatment;before visit;2024-01-05 09:30:00+00:00;0.698;;
808410;treatment;before visit;2024-01-05 09:45:00+00:00;0.589;;
808410;treatment;before visit;2024-01-05 10:00:00+00:00;0.439;;
808410;treatment;before visit;2024-01-05 10:15:00+00:00;0.139;;
808410;treatment;before visit;2024-01-05 10:30:00+00:00;0.097;;
808410;treatment;before visit;2024-01-05 10:45:00+00:00;0.186;;
808410;treatment;before visit;2024-01-05 11:00:00+00:00;0.571;;
808410;treatment;before visit;2024-01-05 11:15:00+00:00;0.672;;
808410;treatment;before visit;2024-01-05 11:30:00+00:00;0.507;;
808410;treatment;before visit;2024-01-05 11:45:00+00:00;0.347;;
808410;treatment;before visit;2024-01-05 12:00:00+00:00;0.012;;
808410;treatment;before visit;2024-01-05 12:15:00+00:00;0.019;;
808410;treatment;before visit;2024-01-05 12:30:00+00:00;0.02;;
808410;treatment;before visit;2024-01-05 12:45:00+00:00;0.013;;
808410;treatment;before visit;2024-01-05 13:00:00+00:00;0.499;;
808410;treatment;before visit;2024-01-05 13:15:00+00:00;0.501;;
808410;treatment;before visit;2024-01-05 13:30:00+00:00;0.393;;
808410;treatment;before visit;2024-01-05 13:45:00+00:00;0.206;;
808410;treatment;before visit;2024-01-05 14:00:00+00:00;0.079;;
808410;treatment;before visit;2024-01-05 14:15:00+00:00;0.089;;
808410;treatment;before visit;2024-01-05 14:30:00+00:00;0.098;;
808410;treatment;before visit;2024-01-05 14:45:00+00:00;0.385;;
808410;treatment;before visit;2024-01-05 15:00:00+00:00;0.639;;
808410;treatment;before visit;2024-01-05 15:15:00+00:00;0.559;;
808410;treatment;before visit;2024-01-05 15:30:00+00:00;0.445;;
808410;treatment;before visit;2024-01-05 15:45:00+00:00;0.178;;
808410;treatment;before visit;2024-01-05 16:00:00+00:00;0.184;;
808410;treatment;before visit;2024-01-05 16:15:00+00:00;0.185;;
808410;treatment;before visit;2024-01-05 16:30:00+00:00;0.238;;
808410;treatment;before visit;2024-01-05 16:45:00+00:00;0.736;;
808410;treatment;before visit;2024-01-05 17:00:00+00:00;0.614;;
808410;treatment;before visit;2024-01-05 17:15:00+00:00;0.47;;
808410;treatment;before visit;2024-01-05 17:30:00+00:00;0.205;;
808410;treatment;before visit;2024-01-05 17:45:00+00:00;0.602;;
808410;treatment;before visit;2024-01-05 18:00:00+00:00;0.151;;
808410;treatment;before visit;2024-01-05 18:15:00+00:00;0.124;;
808410;treatment;before visit;2024-01-05 18:30:00+00:00;0.458;;
808410;treatment;before visit;2024-01-05 18:45:00+00:00;0.634;;
808410;treatment;before visit;2024-01-05 19:00:00+00:00;0.519;;
808410;treatment;before visit;2024-01-05 19:15:00+00:00;0.402;;
808410;treatment;before visit;2024-01-05 19:30:00+00:00;0.146;;
808410;treatment;before visit;2024-01-05 19:45:00+00:00;0.145;;
808410;treatment;before visit;2024-01-05 20:00:00+00:00;0.139;;
808410;treatment;before visit;2024-01-05 20:15:00+00:00;0.125;;
808410;treatment;before visit;2024-01-05 20:30:00+00:00;0.664;;
808410;treatment;before visit;2024-01-05 20:45:00+00:00;0.542;;
808410;treatment;before visit;2024-01-05 21:00:00+00:00;0.438;;
808410;treatment;before visit;2024-01-05 21:15:00+00:00;0.148;;
808410;treatment;before visit;2024-01-05 21:30:00+00:00;0.106;;
808410;treatment;before visit;2024-01-05 21:45:00+00:00;0.108;;
808410;treatment;before visit;2024-01-05 22:00:00+00:00;0.106;;
808410;treatment;before visit;2024-01-05 22:15:00+00:00;0.528;;
808410;treatment;before visit;2024-01-05 22:30:00+00:00;0.546;;
808410;treatment;before visit;2024-01-05 22:45:00+00:00;0.441;;
808410;treatment;before visit;2024-01-05 23:00:00+00:00;0.426;;
808410;treatment;before visit;2024-01-05 23:15:00+00:00;0.202;;
808410;treatment;before visit;2024-01-05 23:30:00+00:00;0.214;;
808410;treatment;before visit;2024-01-05 23:45:00+00:00;0.726;;
808410;treatment;before visit;2024-01-06 00:00:00+00:00;0.57;;
808410;treatment;before visit;2024-01-06 00:15:00+00:00;0.434;;
808410;treatment;before visit;2024-01-06 00:30:00+00:00;0.208;;
808410;treatment;before visit;2024-01-06 00:45:00+00:00;0.233;;
808410;treatment;before visit;2024-01-06 01:00:00+00:00;0.733;;
808410;treatment;before visit;2024-01-06 01:15:00+00:00;0.593;;
808410;treatment;before visit;2024-01-06 01:30:00+00:00;0.553;;
808410;treatment;before visit;2024-01-06 01:45:00+00:00;0.223;;
808410;treatment;before visit;2024-01-06 02:00:00+00:00;0.22;;
808410;treatment;before visit;2024-01-06 02:15:00+00:00;0.515;;
808410;treatment;before visit;2024-01-06 02:30:00+00:00;0.692;;
808410;treatment;before visit;2024-01-06 02:45:00+00:00;0.558;;
808410;treatment;before visit;2024-01-06 03:00:00+00:00;0.415;;
808410;treatment;before visit;2024-01-06 03:15:00+00:00;0.23;;
808410;treatment;before visit;2024-01-06 03:30:00+00:00;0.242;;
808410;treatment;before visit;2024-01-06 03:45:00+00:00;0.703;;
808410;treatment;before visit;2024-01-06 04:00:00+00:00;0.63;;
808410;treatment;before visit;2024-01-06 04:15:00+00:00;0.574;;
808410;treatment;before visit;2024-01-06 04:30:00+00:00;0.165;;
808410;treatment;before visit;2024-01-06 04:45:00+00:00;0.107;;
808410;treatment;before visit;2024-01-06 05:00:00+00:00;0.278;;
808410;treatment;before visit;2024-01-06 05:15:00+00:00;0.605;;
808410;treatment;before visit;2024-01-06 05:30:00+00:00;0.464;;
808410;treatment;before visit;2024-01-06 05:45:00+00:00;0.358;;
808410;treatment;before visit;2024-01-06 06:00:00+00:00;0.1;;
808410;treatment;before visit;2024-01-06 06:15:00+00:00;0.107;;
808410;treatment;before visit;2024-01-06 06:30:00+00:00;0.525;;
808410;treatment;before visit;2024-01-06 06:45:00+00:00;0.543;;
808410;treatment;before visit;2024-01-06 07:00:00+00:00;0.448;;
808410;treatment;before visit;2024-01-06 07:15:00+00:00;0.442;;
808410;treatment;before visit;2024-01-06 07:30:00+00:00;0.26;;
808410;treatment;before visit;2024-01-06 07:45:00+00:00;0.247;;
808410;treatment;before visit;2024-01-06 08:00:00+00:00;0.597;;
808410;treatment;before visit;2024-01-06 08:15:00+00:00;0.501;;
808410;treatment;before visit;2024-01-06 08:30:00+00:00;0.344;;
808410;treatment;before visit;2024-01-06 08:45:00+00:00;0.471;;
808410;treatment;before visit;2024-01-06 09:00:00+00:00;0.315;;
808410;treatment;before visit;2024-01-06 09:15:00+00:00;0.53;;
808410;treatment;before visit;2024-01-06 09:30:00+00:00;0.451;;
808410;treatment;before visit;2024-01-06 09:45:00+00:00;0.668;;
808410;treatment;before visit;2024-01-06 10:00:00+00:00;0.258;;
808410;treatment;before visit;2024-01-06 10:15:00+00:00;0.062;;
808410;treatment;before visit;2024-01-06 10:30:00+00:00;0.326;;
808410;treatment;before visit;2024-01-06 10:45:00+00:00;0.548;;
808410;treatment;before visit;2024-01-06 11:00:00+00:00;0.418;;
808410;treatment;before visit;2024-01-06 11:15:00+00:00;0.176;;
808410;treatment;before visit;2024-01-06 11:30:00+00:00;0.253;;
808410;treatment;before visit;2024-01-06 11:45:00+00:00;0.307;;
808410;treatment;before visit;2024-01-06 12:00:00+00:00;0.557;;
808410;treatment;before visit;2024-01-06 12:15:00+00:00;0.442;;
808410;treatment;before visit;2024-01-06 12:30:00+00:00;0.264;;
808410;treatment;before visit;2024-01-06 12:45:00+00:00;0.081;;
808410;treatment;before visit;2024-01-06 13:00:00+00:00;0.098;;
808410;treatment;before visit;2024-01-06 13:15:00+00:00;0.58;;
808410;treatment;before visit;2024-01-06 13:30:00+00:00;0.564;;
808410;treatment;before visit;2024-01-06 13:45:00+00:00;0.488;;
808410;treatment;before visit;2024-01-06 14:00:00+00:00;0.16;;
808410;treatment;before visit;2024-01-06 14:15:00+00:00;0.14;;
808410;treatment;before visit;2024-01-06 14:30:00+00:00;0.448;;
808410;treatment;before visit;2024-01-06 14:45:00+00:00;0.612;;
808410;treatment;before visit;2024-01-06 15:00:00+00:00;0.501;;
808410;treatment;before visit;2024-01-06 15:15:00+00:00;0.403;;
808410;treatment;before visit;2024-01-06 15:30:00+00:00;0.18;;
808410;treatment;before visit;2024-01-06 15:45:00+00:00;0.187;;
808410;treatment;before visit;2024-01-06 16:00:00+00:00;0.629;;
808410;treatment;before visit;2024-01-06 16:15:00+00:00;0.656;;
808410;treatment;before visit;2024-01-06 16:30:00+00:00;0.546;;
808410;treatment;before visit;2024-01-06 16:45:00+00:00;0.25;;
808410;treatment;before visit;2024-01-06 17:00:00+00:00;0.253;;
808410;treatment;before visit;2024-01-06 17:15:00+00:00;0.451;;
808410;treatment;before visit;2024-01-06 17:30:00+00:00;0.72;;
808410;treatment;before visit;2024-01-06 17:45:00+00:00;0.84;;
808410;treatment;before visit;2024-01-06 18:00:00+00:00;0.487;;
808410;treatment;before visit;2024-01-06 18:15:00+00:00;0.114;;
808410;treatment;before visit;2024-01-06 18:30:00+00:00;0.114;;
808410;treatment;before visit;2024-01-06 18:45:00+00:00;0.374;;
808410;treatment;before visit;2024-01-06 19:00:00+00:00;0.676;;
808410;treatment;before visit;2024-01-06 19:15:00+00:00;0.533;;
808410;treatment;before visit;2024-01-06 19:30:00+00:00;0.467;;
808410;treatment;before visit;2024-01-06 19:45:00+00:00;0.235;;
808410;treatment;before visit;2024-01-06 20:00:00+00:00;0.125;;
808410;treatment;before visit;2024-01-06 20:15:00+00:00;0.197;;
808410;treatment;before visit;2024-01-06 20:30:00+00:00;0.647;;
808410;treatment;before visit;2024-01-06 20:45:00+00:00;0.715;;
808410;treatment;before visit;2024-01-06 21:00:00+00:00;0.616;;
808410;treatment;before visit;2024-01-06 21:15:00+00:00;0.539;;
808410;treatment;before visit;2024-01-06 21:30:00+00:00;0.427;;
808410;treatment;before visit;2024-01-06 21:45:00+00:00;0.18;;
808410;treatment;before visit;2024-01-06 22:00:00+00:00;0.112;;
808410;treatment;before visit;2024-01-06 22:15:00+00:00;0.393;;
808410;treatment;before visit;2024-01-06 22:30:00+00:00;0.695;;
808410;treatment;before visit;2024-01-06 22:45:00+00:00;0.594;;
808410;treatment;before visit;2024-01-06 23:00:00+00:00;0.554;;
808410;treatment;before visit;2024-01-06 23:15:00+00:00;0.467;;
808410;treatment;before visit;2024-01-06 23:30:00+00:00;0.406;;
808410;treatment;before visit;2024-01-06 23:45:00+00:00;0.409;;
808410;treatment;before visit;2024-01-07 00:00:00+00:00;0.41;;
808410;treatment;before visit;2024-01-07 00:15:00+00:00;0.419;;
808410;treatment;before visit;2024-01-07 00:30:00+00:00;0.318;;
808410;treatment;before visit;2024-01-07 00:45:00+00:00;0.097;;
808410;treatment;before visit;2024-01-07 01:00:00+00:00;0.098;;
808410;treatment;before visit;2024-01-07 01:15:00+00:00;0.192;;
808410;treatment;before visit;2024-01-07 01:30:00+00:00;0.637;;
808410;treatment;before visit;2024-01-07 01:45:00+00:00;0.48;;
808410;treatment;before visit;2024-01-07 02:00:00+00:00;0.379;;
808410;treatment;before visit;2024-01-07 02:15:00+00:00;0.108;;
808410;treatment;before visit;2024-01-07 02:30:00+00:00;0.104;;
808410;treatment;before visit;2024-01-07 02:45:00+00:00;0.414;;
808410;treatment;before visit;2024-01-07 03:00:00+00:00;0.587;;
808410;treatment;before visit;2024-01-07 03:15:00+00:00;0.55;;
808410;treatment;before visit;2024-01-07 03:30:00+00:00;0.307;;
808410;treatment;before visit;2024-01-07 03:45:00+00:00;0.1;;
808410;treatment;before visit;2024-01-07 04:00:00+00:00;0.102;;
808410;treatment;before visit;2024-01-07 04:15:00+00:00;0.454;;
808410;treatment;before visit;2024-01-07 04:30:00+00:00;0.706;;
808410;treatment;before visit;2024-01-07 04:45:00+00:00;0.611;;
808410;treatment;before visit;2024-01-07 05:00:00+00:00;0.55;;
808410;treatment;before visit;2024-01-07 05:15:00+00:00;0.272;;
808410;treatment;before visit;2024-01-07 05:30:00+00:00;0.113;;
808410;treatment;before visit;2024-01-07 05:45:00+00:00;0.106;;
808410;treatment;before visit;2024-01-07 06:00:00+00:00;0.445;;
808410;treatment;before visit;2024-01-07 06:15:00+00:00;0.703;;
808410;treatment;before visit;2024-01-07 06:30:00+00:00;0.505;;
808410;treatment;before visit;2024-01-07 06:45:00+00:00;0.592;;
808410;treatment;before visit;2024-01-07 07:00:00+00:00;0.613;;
808410;treatment;before visit;2024-01-07 07:15:00+00:00;0.803;;
808410;treatment;before visit;2024-01-07 07:30:00+00:00;0.788;;
808410;treatment;before visit;2024-01-07 07:45:00+00:00;0.616;;
808410;treatment;before visit;2024-01-07 08:00:00+00:00;0.571;;
808410;treatment;before visit;2024-01-07 08:15:00+00:00;0.637;;
808410;treatment;before visit;2024-01-07 08:30:00+00:00;0.568;;
808410;treatment;before visit;2024-01-07 08:45:00+00:00;0.559;;
808410;treatment;before visit;2024-01-07 09:00:00+00:00;0.53;;
808410;treatment;before visit;2024-01-07 09:15:00+00:00;0.461;;
808410;treatment;before visit;2024-01-07 09:30:00+00:00;0.506;;
808410;treatment;before visit;2024-01-07 09:45:00+00:00;0.493;;
808410;treatment;before visit;2024-01-07 10:00:00+00:00;0.478;;
808410;treatment;before visit;2024-01-07 10:15:00+00:00;0.48;;
808410;treatment;before visit;2024-01-07 10:30:00+00:00;0.213;;
808410;treatment;before visit;2024-01-07 10:45:00+00:00;0.139;;
808410;treatment;before visit;2024-01-07 11:00:00+00:00;0.146;;
808410;treatment;before visit;2024-01-07 11:15:00+00:00;1.163;;
808410;treatment;before visit;2024-01-07 11:30:00+00:00;0.926;;
808410;treatment;before visit;2024-01-07 11:45:00+00:00;0.375;;
808410;treatment;before visit;2024-01-07 12:00:00+00:00;0.19;;
808410;treatment;before visit;2024-01-07 12:15:00+00:00;0.102;;
808410;treatment;before visit;2024-01-07 12:30:00+00:00;0.107;;
808410;treatment;before visit;2024-01-07 12:45:00+00:00;0.441;;
808410;treatment;before visit;2024-01-07 13:00:00+00:00;0.61;;
808410;treatment;before visit;2024-01-07 13:15:00+00:00;0.525;;
808410;treatment;before visit;2024-01-07 13:30:00+00:00;0.489;;
808410;treatment;before visit;2024-01-07 13:45:00+00:00;0.213;;
808410;treatment;before visit;2024-01-07 14:00:00+00:00;0.255;;
808410;treatment;before visit;2024-01-07 14:15:00+00:00;0.566;;
808410;treatment;before visit;2024-01-07 14:30:00+00:00;0.844;;
808410;treatment;before visit;2024-01-07 14:45:00+00:00;0.735;;
808410;treatment;before visit;2024-01-07 15:00:00+00:00;0.686;;
808410;treatment;before visit;2024-01-07 15:15:00+00:00;0.412;;
808410;treatment;before visit;2024-01-07 15:30:00+00:00;0.43;;
808410;treatment;before visit;2024-01-07 15:45:00+00:00;0.728;;
808410;treatment;before visit;2024-01-07 16:00:00+00:00;0.635;;
808410;treatment;before visit;2024-01-07 16:15:00+00:00;0.607;;
808410;treatment;before visit;2024-01-07 16:30:00+00:00;0.173;;
808410;treatment;before visit;2024-01-07 16:45:00+00:00;0.15;;
808410;treatment;before visit;2024-01-07 17:00:00+00:00;0.729;;
808410;treatment;before visit;2024-01-07 17:15:00+00:00;0.574;;
808410;treatment;before visit;2024-01-07 17:30:00+00:00;0.676;;
808410;treatment;before visit;2024-01-07 17:45:00+00:00;0.805;;
808410;treatment;before visit;2024-01-07 18:00:00+00:00;0.535;;
808410;treatment;before visit;2024-01-07 18:15:00+00:00;0.523;;
808410;treatment;before visit;2024-01-07 18:30:00+00:00;0.485;;
808410;treatment;before visit;2024-01-07 18:45:00+00:00;0.171;;
808410;treatment;before visit;2024-01-07 19:00:00+00:00;0.197;;
808410;treatment;before visit;2024-01-07 19:15:00+00:00;0.665;;
808410;treatment;before visit;2024-01-07 19:30:00+00:00;0.725;;
808410;treatment;before visit;2024-01-07 19:45:00+00:00;0.663;;
808410;treatment;before visit;2024-01-07 20:00:00+00:00;0.525;;
808410;treatment;before visit;2024-01-07 20:15:00+00:00;0.13;;
808410;treatment;before visit;2024-01-07 20:30:00+00:00;0.173;;
808410;treatment;before visit;2024-01-07 20:45:00+00:00;0.76;;
808410;treatment;before visit;2024-01-07 21:00:00+00:00;0.604;;
808410;treatment;before visit;2024-01-07 21:15:00+00:00;0.495;;
808410;treatment;before visit;2024-01-07 21:30:00+00:00;0.501;;
808410;treatment;before visit;2024-01-07 21:45:00+00:00;0.51;;
808410;treatment;before visit;2024-01-07 22:00:00+00:00;0.508;;
808410;treatment;before visit;2024-01-07 22:15:00+00:00;0.502;;
808410;treatment;before visit;2024-01-07 22:30:00+00:00;0.5;;
808410;treatment;before visit;2024-01-07 22:45:00+00:00;0.507;;
808410;treatment;before visit;2024-01-07 23:00:00+00:00;0.499;;
808410;treatment;before visit;2024-01-07 23:15:00+00:00;0.502;;
808410;treatment;before visit;2024-01-07 23:30:00+00:00;0.5;;
808410;treatment;before visit;2024-01-07 23:45:00+00:00;0.501;;
808410;treatment;before visit;2024-01-08 00:00:00+00:00;0.471;;
808410;treatment;before visit;2024-01-08 00:15:00+00:00;0.56;;
808410;treatment;before visit;2024-01-08 00:30:00+00:00;0.563;;
808410;treatment;before visit;2024-01-08 00:45:00+00:00;0.572;;
808410;treatment;before visit;2024-01-08 01:00:00+00:00;0.564;;
808410;treatment;before visit;2024-01-08 01:15:00+00:00;0.564;;
808410;treatment;before visit;2024-01-08 01:30:00+00:00;0.566;;
808410;treatment;before visit;2024-01-08 01:45:00+00:00;0.571;;
808410;treatment;before visit;2024-01-08 02:00:00+00:00;0.318;;
808410;treatment;before visit;2024-01-08 02:15:00+00:00;0.098;;
808410;treatment;before visit;2024-01-08 02:30:00+00:00;0.22;;
808410;treatment;before visit;2024-01-08 02:45:00+00:00;0.753;;
808410;treatment;before visit;2024-01-08 03:00:00+00:00;0.696;;
808410;treatment;before visit;2024-01-08 03:15:00+00:00;0.58;;
808410;treatment;before visit;2024-01-08 03:30:00+00:00;0.668;;
808410;treatment;before visit;2024-01-08 03:45:00+00:00;0.674;;
808410;treatment;before visit;2024-01-08 04:00:00+00:00;0.684;;
808410;treatment;before visit;2024-01-08 04:15:00+00:00;0.679;;
808410;treatment;before visit;2024-01-08 04:30:00+00:00;0.681;;
808410;treatment;before visit;2024-01-08 04:45:00+00:00;0.344;;
808410;treatment;before visit;2024-01-08 05:00:00+00:00;0.226;;
808410;treatment;before visit;2024-01-08 05:15:00+00:00;0.456;;
808410;treatment;before visit;2024-01-08 05:30:00+00:00;0.888;;
808410;treatment;before visit;2024-01-08 05:45:00+00:00;0.712;;
808410;treatment;before visit;2024-01-08 06:00:00+00:00;0.661;;
808410;treatment;before visit;2024-01-08 06:15:00+00:00;0.514;;
808410;treatment;before visit;2024-01-08 06:30:00+00:00;0.306;;
808410;treatment;before visit;2024-01-08 06:45:00+00:00;0.61;;
808410;treatment;before visit;2024-01-08 07:00:00+00:00;0.923;;
808410;treatment;before visit;2024-01-08 07:15:00+00:00;0.748;;
808410;treatment;before visit;2024-01-08 07:30:00+00:00;0.688;;
808410;treatment;before visit;2024-01-08 07:45:00+00:00;0.73;;
808410;treatment;before visit;2024-01-08 08:00:00+00:00;0.711;;
808410;treatment;before visit;2024-01-08 08:15:00+00:00;0.7;;
808410;treatment;before visit;2024-01-08 08:30:00+00:00;0.563;;
808410;treatment;before visit;2024-01-08 08:45:00+00:00;0.25;;
808410;treatment;before visit;2024-01-08 09:00:00+00:00;0.369;;
808410;treatment;before visit;2024-01-08 09:15:00+00:00;1.246;;
808410;treatment;before visit;2024-01-08 09:30:00+00:00;1.132;;
808410;treatment;before visit;2024-01-08 09:45:00+00:00;0.784;;
808410;treatment;before visit;2024-01-08 10:00:00+00:00;0.691;;
808410;treatment;before visit;2024-01-08 10:15:00+00:00;1.025;;
808410;treatment;before visit;2024-01-08 10:30:00+00:00;0.716;;
808410;treatment;before visit;2024-01-08 10:45:00+00:00;0.603;;
808410;treatment;before visit;2024-01-08 11:00:00+00:00;0.78;;
808410;treatment;before visit;2024-01-08 11:15:00+00:00;0.675;;
808410;treatment;before visit;2024-01-08 11:30:00+00:00;0.587;;
808410;treatment;before visit;2024-01-08 11:45:00+00:00;0.656;;
808410;treatment;before visit;2024-01-08 12:00:00+00:00;0.613;;
808410;treatment;before visit;2024-01-08 12:15:00+00:00;0.363;;
808410;treatment;before visit;2024-01-08 12:30:00+00:00;0.188;;
808410;treatment;before visit;2024-01-08 12:45:00+00:00;0.205;;
808410;treatment;before visit;2024-01-08 13:00:00+00:00;0.909;;
808410;treatment;before visit;2024-01-08 13:15:00+00:00;0.724;;
808410;treatment;before visit;2024-01-08 13:30:00+00:00;0.582;;
808410;treatment;before visit;2024-01-08 13:45:00+00:00;0.322;;
808410;treatment;before visit;2024-01-08 14:00:00+00:00;0.153;;
808410;treatment;before visit;2024-01-08 14:15:00+00:00;0.388;;
808410;treatment;before visit;2024-01-08 14:30:00+00:00;0.844;;
808410;treatment;before visit;2024-01-08 14:45:00+00:00;0.76;;
808410;treatment;before visit;2024-01-08 15:00:00+00:00;0.587;;
808410;treatment;before visit;2024-01-08 15:15:00+00:00;0.63;;
808410;treatment;before visit;2024-01-08 15:30:00+00:00;0.642;;
808410;treatment;before visit;2024-01-08 15:45:00+00:00;0.603;;
808410;treatment;before visit;2024-01-08 16:00:00+00:00;0.477;;
808410;treatment;before visit;2024-01-08 16:15:00+00:00;0.174;;
808410;treatment;before visit;2024-01-08 16:30:00+00:00;0.286;;
808410;treatment;before visit;2024-01-08 16:45:00+00:00;0.832;;
808410;treatment;before visit;2024-01-08 17:00:00+00:00;0.625;;
808410;treatment;before visit;2024-01-08 17:15:00+00:00;0.464;;
808410;treatment;before visit;2024-01-08 17:30:00+00:00;0.138;;
808410;treatment;before visit;2024-01-08 17:45:00+00:00;0.579;;
808410;treatment;before visit;2024-01-08 18:00:00+00:00;0.781;;
808410;treatment;before visit;2024-01-08 18:15:00+00:00;0.603;;
808410;treatment;before visit;2024-01-08 18:30:00+00:00;0.617;;
808410;treatment;before visit;2024-01-08 18:45:00+00:00;0.256;;
808410;treatment;before visit;2024-01-08 19:00:00+00:00;0.138;;
808410;treatment;before visit;2024-01-08 19:15:00+00:00;0.613;;
808410;treatment;before visit;2024-01-08 19:30:00+00:00;0.71;;
808410;treatment;before visit;2024-01-08 19:45:00+00:00;0.635;;
808410;treatment;before visit;2024-01-08 20:00:00+00:00;0.537;;
808410;treatment;before visit;2024-01-08 20:15:00+00:00;0.145;;
808410;treatment;before visit;2024-01-08 20:30:00+00:00;0.214;;
808410;treatment;before visit;2024-01-08 20:45:00+00:00;0.613;;
808410;treatment;before visit;2024-01-08 21:00:00+00:00;0.763;;
808410;treatment;before visit;2024-01-08 21:15:00+00:00;0.609;;
808410;treatment;before visit;2024-01-08 21:30:00+00:00;0.478;;
808410;treatment;before visit;2024-01-08 21:45:00+00:00;0.107;;
808410;treatment;before visit;2024-01-08 22:00:00+00:00;0.276;;
808410;treatment;before visit;2024-01-08 22:15:00+00:00;0.729;;
808410;treatment;before visit;2024-01-08 22:30:00+00:00;0.609;;
808410;treatment;before visit;2024-01-08 22:45:00+00:00;0.387;;
808410;treatment;before visit;2024-01-08 23:00:00+00:00;0.104;;
808410;treatment;before visit;2024-01-08 23:15:00+00:00;0.376;;
808410;treatment;before visit;2024-01-08 23:30:00+00:00;0.783;;
808410;treatment;before visit;2024-01-08 23:45:00+00:00;0.676;;
808410;treatment;before visit;2024-01-09 00:00:00+00:00;0.515;;
808410;treatment;before visit;2024-01-09 00:15:00+00:00;0.204;;
808410;treatment;before visit;2024-01-09 00:30:00+00:00;0.492;;
808410;treatment;before visit;2024-01-09 00:45:00+00:00;0.875;;
808410;treatment;before visit;2024-01-09 01:00:00+00:00;0.765;;
808410;treatment;before visit;2024-01-09 01:15:00+00:00;0.612;;
808410;treatment;before visit;2024-01-09 01:30:00+00:00;0.676;;
808410;treatment;before visit;2024-01-09 01:45:00+00:00;0.681;;
808410;treatment;before visit;2024-01-09 02:00:00+00:00;0.683;;
808410;treatment;before visit;2024-01-09 02:15:00+00:00;0.692;;
808410;treatment;before visit;2024-01-09 02:30:00+00:00;0.688;;
808410;treatment;before visit;2024-01-09 02:45:00+00:00;0.654;;
808410;treatment;before visit;2024-01-09 03:00:00+00:00;0.389;;
808410;treatment;before visit;2024-01-09 03:15:00+00:00;0.103;;
808410;treatment;before visit;2024-01-09 03:30:00+00:00;0.344;;
808410;treatment;before visit;2024-01-09 03:45:00+00:00;0.726;;
808410;treatment;before visit;2024-01-09 04:00:00+00:00;0.561;;
808410;treatment;before visit;2024-01-09 04:15:00+00:00;0.582;;
808410;treatment;before visit;2024-01-09 04:30:00+00:00;0.142;;
808410;treatment;before visit;2024-01-09 04:45:00+00:00;0.11;;
808410;treatment;before visit;2024-01-09 05:00:00+00:00;0.728;;
808410;treatment;before visit;2024-01-09 05:15:00+00:00;0.656;;
808410;treatment;before visit;2024-01-09 05:30:00+00:00;0.574;;
808410;treatment;before visit;2024-01-09 05:45:00+00:00;0.569;;
808410;treatment;before visit;2024-01-09 06:00:00+00:00;0.304;;
808410;treatment;before visit;2024-01-09 06:15:00+00:00;0.111;;
808410;treatment;before visit;2024-01-09 06:30:00+00:00;0.374;;
808410;treatment;before visit;2024-01-09 06:45:00+00:00;0.77;;
808410;treatment;before visit;2024-01-09 07:00:00+00:00;0.809;;
808410;treatment;before visit;2024-01-09 07:15:00+00:00;0.843;;
808410;treatment;before visit;2024-01-09 07:30:00+00:00;0.664;;
808410;treatment;before visit;2024-01-09 07:45:00+00:00;0.556;;
808410;treatment;before visit;2024-01-09 08:00:00+00:00;0.109;;
808410;treatment;before visit;2024-01-09 08:15:00+00:00;0.141;;
808410;treatment;before visit;2024-01-09 08:30:00+00:00;0.745;;
808410;treatment;before visit;2024-01-09 08:45:00+00:00;0.774;;
808410;treatment;before visit;2024-01-09 09:00:00+00:00;0.647;;
808410;treatment;before visit;2024-01-09 09:15:00+00:00;0.602;;
808410;treatment;before visit;2024-01-09 09:30:00+00:00;0.525;;
808410;treatment;before visit;2024-01-09 09:45:00+00:00;0.741;;
808410;treatment;before visit;2024-01-09 10:00:00+00:00;0.512;;
808410;treatment;before visit;2024-01-09 10:15:00+00:00;0.498;;
808410;treatment;before visit;2024-01-09 10:30:00+00:00;0.496;;
808410;treatment;before visit;2024-01-09 10:45:00+00:00;0.505;;
808410;treatment;before visit;2024-01-09 11:00:00+00:00;0.721;;
808410;treatment;before visit;2024-01-09 11:15:00+00:00;0.633;;
808410;treatment;before visit;2024-01-09 11:30:00+00:00;0.503;;
808410;treatment;before visit;2024-01-09 11:45:00+00:00;0.559;;
808410;treatment;before visit;2024-01-09 12:00:00+00:00;0.554;;
808410;treatment;before visit;2024-01-09 12:15:00+00:00;0.541;;
808410;treatment;before visit;2024-01-09 12:30:00+00:00;0.56;;
808410;treatment;before visit;2024-01-09 12:45:00+00:00;0.554;;
808410;treatment;before visit;2024-01-09 13:00:00+00:00;0.427;;
808410;treatment;before visit;2024-01-09 13:15:00+00:00;0.14;;
808410;treatment;before visit;2024-01-09 13:30:00+00:00;0.198;;
808410;treatment;before visit;2024-01-09 13:45:00+00:00;0.833;;
808410;treatment;before visit;2024-01-09 14:00:00+00:00;0.701;;
808410;treatment;before visit;2024-01-09 14:15:00+00:00;0.547;;
808410;treatment;before visit;2024-01-09 14:30:00+00:00;0.732;;
808410;treatment;before visit;2024-01-09 14:45:00+00:00;0.596;;
808410;treatment;before visit;2024-01-09 15:00:00+00:00;0.574;;
808410;treatment;before visit;2024-01-09 15:15:00+00:00;0.553;;
808410;treatment;before visit;2024-01-09 15:30:00+00:00;0.567;;
808410;treatment;before visit;2024-01-09 15:45:00+00:00;0.607;;
808410;treatment;before visit;2024-01-09 16:00:00+00:00;0.617;;
808410;treatment;before visit;2024-01-09 16:15:00+00:00;0.571;;
808410;treatment;before visit;2024-01-09 16:30:00+00:00;0.588;;
808410;treatment;before visit;2024-01-09 16:45:00+00:00;0.889;;
808410;treatment;before visit;2024-01-09 17:00:00+00:00;0.751;;
808410;treatment;before visit;2024-01-09 17:15:00+00:00;0.669;;
808410;treatment;before visit;2024-01-09 17:30:00+00:00;0.561;;
808410;treatment;before visit;2024-01-09 17:45:00+00:00;0.523;;
808410;treatment;before visit;2024-01-09 18:00:00+00:00;0.522;;
808410;treatment;before visit;2024-01-09 18:15:00+00:00;0.446;;
808410;treatment;before visit;2024-01-09 18:30:00+00:00;0.826;;
808410;treatment;before visit;2024-01-09 18:45:00+00:00;0.664;;
808410;treatment;before visit;2024-01-09 19:00:00+00:00;0.661;;
808410;treatment;before visit;2024-01-09 19:15:00+00:00;0.655;;
808410;treatment;before visit;2024-01-09 19:30:00+00:00;0.633;;
808410;treatment;before visit;2024-01-09 19:45:00+00:00;0.548;;
808410;treatment;before visit;2024-01-09 20:00:00+00:00;0.235;;
808410;treatment;before visit;2024-01-09 20:15:00+00:00;0.215;;
808410;treatment;before visit;2024-01-09 20:30:00+00:00;0.364;;
808410;treatment;before visit;2024-01-09 20:45:00+00:00;0.958;;
808410;treatment;before visit;2024-01-09 21:00:00+00:00;0.835;;
808410;treatment;before visit;2024-01-09 21:15:00+00:00;0.743;;
808410;treatment;before visit;2024-01-09 21:30:00+00:00;0.716;;
808410;treatment;before visit;2024-01-09 21:45:00+00:00;0.725;;
808410;treatment;before visit;2024-01-09 22:00:00+00:00;0.728;;
808410;treatment;before visit;2024-01-09 22:15:00+00:00;0.728;;
808410;treatment;before visit;2024-01-09 22:30:00+00:00;0.712;;
808410;treatment;before visit;2024-01-09 22:45:00+00:00;0.61;;
808410;treatment;before visit;2024-01-09 23:00:00+00:00;0.767;;
808410;treatment;before visit;2024-01-09 23:15:00+00:00;0.686;;
808410;treatment;before visit;2024-01-09 23:30:00+00:00;0.675;;
808410;treatment;before visit;2024-01-09 23:45:00+00:00;0.671;;
808410;treatment;before visit;2024-01-10 00:00:00+00:00;0.673;;
808410;treatment;before visit;2024-01-10 00:15:00+00:00;0.677;;
808410;treatment;before visit;2024-01-10 00:30:00+00:00;0.684;;
808410;treatment;before visit;2024-01-10 00:45:00+00:00;0.784;;
808410;treatment;before visit;2024-01-10 01:00:00+00:00;0.693;;
808410;treatment;before visit;2024-01-10 01:15:00+00:00;0.575;;
808410;treatment;before visit;2024-01-10 01:30:00+00:00;0.565;;
808410;treatment;before visit;2024-01-10 01:45:00+00:00;0.559;;
808410;treatment;before visit;2024-01-10 02:00:00+00:00;0.551;;
808410;treatment;before visit;2024-01-10 02:15:00+00:00;0.583;;
808410;treatment;before visit;2024-01-10 02:30:00+00:00;0.605;;
808410;treatment;before visit;2024-01-10 02:45:00+00:00;0.601;;
808410;treatment;before visit;2024-01-10 03:00:00+00:00;0.601;;
808410;treatment;before visit;2024-01-10 03:15:00+00:00;0.592;;
808410;treatment;before visit;2024-01-10 03:30:00+00:00;0.599;;
808410;treatment;before visit;2024-01-10 03:45:00+00:00;0.561;;
808410;treatment;before visit;2024-01-10 04:00:00+00:00;0.6;;
808410;treatment;before visit;2024-01-10 04:15:00+00:00;0.602;;
808410;treatment;before visit;2024-01-10 04:30:00+00:00;0.531;;
808410;treatment;before visit;2024-01-10 04:45:00+00:00;0.515;;
808410;treatment;before visit;2024-01-10 05:00:00+00:00;0.473;;
808410;treatment;before visit;2024-01-10 05:15:00+00:00;0.107;;
808410;treatment;before visit;2024-01-10 05:30:00+00:00;0.108;;
808410;treatment;before visit;2024-01-10 05:45:00+00:00;0.409;;
808410;treatment;before visit;2024-01-10 06:00:00+00:00;0.75;;
808410;treatment;before visit;2024-01-10 06:15:00+00:00;0.719;;
808410;treatment;before visit;2024-01-10 06:30:00+00:00;0.65;;
808410;treatment;before visit;2024-01-10 06:45:00+00:00;0.582;;
808410;treatment;before visit;2024-01-10 07:00:00+00:00;0.814;;
808410;treatment;before visit;2024-01-10 07:15:00+00:00;0.614;;
808410;treatment;before visit;2024-01-10 07:30:00+00:00;0.637;;
808410;treatment;before visit;2024-01-10 07:45:00+00:00;0.628;;
808410;treatment;before visit;2024-01-10 08:00:00+00:00;0.583;;
808410;treatment;before visit;2024-01-10 08:15:00+00:00;0.548;;
808410;treatment;before visit;2024-01-10 08:30:00+00:00;0.53;;
808410;treatment;before visit;2024-01-10 08:45:00+00:00;0.134;;
808410;treatment;before visit;2024-01-10 09:00:00+00:00;0.143;;
808410;treatment;before visit;2024-01-10 09:15:00+00:00;0.642;;
808410;treatment;before visit;2024-01-10 09:30:00+00:00;0.715;;
808410;treatment;before visit;2024-01-10 09:45:00+00:00;0.526;;
808410;treatment;before visit;2024-01-10 10:00:00+00:00;0.593;;
808410;treatment;before visit;2024-01-10 10:15:00+00:00;0.596;;
808410;treatment;before visit;2024-01-10 10:30:00+00:00;0.548;;
808410;treatment;before visit;2024-01-10 10:45:00+00:00;0.357;;
808410;treatment;before visit;2024-01-10 11:00:00+00:00;0.223;;
808410;treatment;before visit;2024-01-10 11:15:00+00:00;0.418;;
808410;treatment;before visit;2024-01-10 11:30:00+00:00;1.026;;
808410;treatment;before visit;2024-01-10 11:45:00+00:00;0.783;;
808410;treatment;before visit;2024-01-10 12:00:00+00:00;0.51;;
808410;treatment;before visit;2024-01-10 12:15:00+00:00;0.145;;
808410;treatment;before visit;2024-01-10 12:30:00+00:00;0.411;;
808410;treatment;before visit;2024-01-10 12:45:00+00:00;1.117;;
808410;treatment;before visit;2024-01-10 13:00:00+00:00;0.579;;
808410;treatment;before visit;2024-01-10 13:15:00+00:00;0.609;;
808410;treatment;before visit;2024-01-10 13:30:00+00:00;0.599;;
808410;treatment;before visit;2024-01-10 13:45:00+00:00;0.571;;
808410;treatment;before visit;2024-01-10 14:00:00+00:00;0.535;;
808410;treatment;before visit;2024-01-10 14:15:00+00:00;0.336;;
808410;treatment;before visit;2024-01-10 14:30:00+00:00;0.138;;
808410;treatment;before visit;2024-01-10 14:45:00+00:00;0.501;;
808410;treatment;before visit;2024-01-10 15:00:00+00:00;0.721;;
808410;treatment;before visit;2024-01-10 15:15:00+00:00;0.727;;
808410;treatment;before visit;2024-01-10 15:30:00+00:00;0.674;;
808410;treatment;before visit;2024-01-10 15:45:00+00:00;0.641;;
808410;treatment;before visit;2024-01-10 16:00:00+00:00;0.678;;
808410;treatment;before visit;2024-01-10 16:15:00+00:00;0.572;;
808410;treatment;before visit;2024-01-10 16:30:00+00:00;0.754;;
808410;treatment;before visit;2024-01-10 16:45:00+00:00;0.673;;
808410;treatment;before visit;2024-01-10 17:00:00+00:00;0.606;;
808410;treatment;before visit;2024-01-10 17:15:00+00:00;0.606;;
808410;treatment;before visit;2024-01-10 17:30:00+00:00;0.61;;
808410;treatment;before visit;2024-01-10 17:45:00+00:00;0.6;;
808410;treatment;before visit;2024-01-10 18:00:00+00:00;0.595;;
808410;treatment;before visit;2024-01-10 18:15:00+00:00;0.527;;
808410;treatment;before visit;2024-01-10 18:30:00+00:00;0.684;;
808410;treatment;before visit;2024-01-10 18:45:00+00:00;0.703;;
808410;treatment;before visit;2024-01-10 19:00:00+00:00;0.74;;
808410;treatment;before visit;2024-01-10 19:15:00+00:00;0.732;;
808410;treatment;before visit;2024-01-10 19:30:00+00:00;0.74;;
808410;treatment;before visit;2024-01-10 19:45:00+00:00;0.748;;
808410;treatment;before visit;2024-01-10 20:00:00+00:00;0.686;;
808410;treatment;before visit;2024-01-10 20:15:00+00:00;0.669;;
808410;treatment;before visit;2024-01-10 20:30:00+00:00;0.664;;
808410;treatment;before visit;2024-01-10 20:45:00+00:00;0.634;;
808410;treatment;before visit;2024-01-10 21:00:00+00:00;0.665;;
808410;treatment;before visit;2024-01-10 21:15:00+00:00;0.677;;
808410;treatment;before visit;2024-01-10 21:30:00+00:00;0.683;;
808410;treatment;before visit;2024-01-10 21:45:00+00:00;0.694;;
808410;treatment;before visit;2024-01-10 22:00:00+00:00;0.687;;
808410;treatment;before visit;2024-01-10 22:15:00+00:00;0.68;;
808410;treatment;before visit;2024-01-10 22:30:00+00:00;0.668;;
808410;treatment;before visit;2024-01-10 22:45:00+00:00;0.614;;
808410;treatment;before visit;2024-01-10 23:00:00+00:00;0.68;;
808410;treatment;before visit;2024-01-10 23:15:00+00:00;0.635;;
808410;treatment;before visit;2024-01-10 23:30:00+00:00;0.563;;
808410;treatment;before visit;2024-01-10 23:45:00+00:00;0.571;;
808410;treatment;before visit;2024-01-11 00:00:00+00:00;0.566;;
808410;treatment;before visit;2024-01-11 00:15:00+00:00;0.555;;
808410;treatment;before visit;2024-01-11 00:30:00+00:00;0.545;;
808410;treatment;before visit;2024-01-11 00:45:00+00:00;0.511;;
808410;treatment;before visit;2024-01-11 01:00:00+00:00;0.577;;
808410;treatment;before visit;2024-01-11 01:15:00+00:00;0.572;;
808410;treatment;before visit;2024-01-11 01:30:00+00:00;0.568;;
808410;treatment;before visit;2024-01-11 01:45:00+00:00;0.575;;
808410;treatment;before visit;2024-01-11 02:00:00+00:00;0.581;;
808410;treatment;before visit;2024-01-11 02:15:00+00:00;0.514;;
808410;treatment;before visit;2024-01-11 02:30:00+00:00;0.552;;
808410;treatment;before visit;2024-01-11 02:45:00+00:00;0.549;;
808410;treatment;before visit;2024-01-11 03:00:00+00:00;0.562;;
808410;treatment;before visit;2024-01-11 03:15:00+00:00;0.557;;
808410;treatment;before visit;2024-01-11 03:30:00+00:00;0.555;;
808410;treatment;before visit;2024-01-11 03:45:00+00:00;0.595;;
808410;treatment;before visit;2024-01-11 04:00:00+00:00;0.511;;
808410;treatment;before visit;2024-01-11 04:15:00+00:00;0.589;;
808410;treatment;before visit;2024-01-11 04:30:00+00:00;0.592;;
808410;treatment;before visit;2024-01-11 04:45:00+00:00;0.594;;
808410;treatment;before visit;2024-01-11 05:00:00+00:00;0.598;;
808410;treatment;before visit;2024-01-11 05:15:00+00:00;0.589;;
808410;treatment;before visit;2024-01-11 05:30:00+00:00;0.562;;
808410;treatment;before visit;2024-01-11 05:45:00+00:00;0.537;;
808410;treatment;before visit;2024-01-11 06:00:00+00:00;0.563;;
808410;treatment;before visit;2024-01-11 06:15:00+00:00;0.573;;
808410;treatment;before visit;2024-01-11 06:30:00+00:00;0.562;;
808410;treatment;before visit;2024-01-11 06:45:00+00:00;0.573;;
808410;treatment;before visit;2024-01-11 07:00:00+00:00;0.813;;
808410;treatment;before visit;2024-01-11 07:15:00+00:00;0.642;;
808410;treatment;before visit;2024-01-11 07:30:00+00:00;0.497;;
808410;treatment;before visit;2024-01-11 07:45:00+00:00;0.55;;
808410;treatment;before visit;2024-01-11 08:00:00+00:00;0.573;;
808410;treatment;before visit;2024-01-11 08:15:00+00:00;0.628;;
808410;treatment;before visit;2024-01-11 08:30:00+00:00;0.62;;
808410;treatment;before visit;2024-01-11 08:45:00+00:00;0.596;;
808410;treatment;before visit;2024-01-11 09:00:00+00:00;0.566;;
808410;treatment;before visit;2024-01-11 09:15:00+00:00;0.526;;
808410;treatment;before visit;2024-01-11 09:30:00+00:00;0.595;;
808410;treatment;before visit;2024-01-11 09:45:00+00:00;0.584;;
808410;treatment;before visit;2024-01-11 10:00:00+00:00;0.588;;
808410;treatment;before visit;2024-01-11 10:15:00+00:00;0.621;;
808410;treatment;before visit;2024-01-11 10:30:00+00:00;0.607;;
808410;treatment;before visit;2024-01-11 10:45:00+00:00;0.606;;
808410;treatment;before visit;2024-01-11 11:00:00+00:00;0.739;;
808410;treatment;before visit;2024-01-11 11:15:00+00:00;0.747;;
808410;treatment;before visit;2024-01-11 11:30:00+00:00;0.512;;
808410;treatment;before visit;2024-01-11 11:45:00+00:00;0.628;;
808410;treatment;before visit;2024-01-11 12:00:00+00:00;0.615;;
808410;treatment;before visit;2024-01-11 12:15:00+00:00;0.624;;
808410;treatment;before visit;2024-01-11 12:30:00+00:00;0.648;;
808410;treatment;before visit;2024-01-11 12:45:00+00:00;0.641;;
808410;treatment;before visit;2024-01-11 13:00:00+00:00;0.643;;
808410;treatment;before visit;2024-01-11 13:15:00+00:00;0.626;;
808410;treatment;before visit;2024-01-11 13:30:00+00:00;0.612;;
808410;treatment;before visit;2024-01-11 13:45:00+00:00;0.528;;
808410;treatment;before visit;2024-01-11 14:00:00+00:00;0.586;;
808410;treatment;before visit;2024-01-11 14:15:00+00:00;0.612;;
808410;treatment;before visit;2024-01-11 14:30:00+00:00;0.61;;
808410;treatment;before visit;2024-01-11 14:45:00+00:00;0.612;;
808410;treatment;before visit;2024-01-11 15:00:00+00:00;0.646;;
808410;treatment;before visit;2024-01-11 15:15:00+00:00;0.681;;
808410;treatment;before visit;2024-01-11 15:30:00+00:00;0.645;;
808410;treatment;before visit;2024-01-11 15:45:00+00:00;0.579;;
808410;treatment;before visit;2024-01-11 16:00:00+00:00;0.652;;
808410;treatment;before visit;2024-01-11 16:15:00+00:00;0.632;;
808410;treatment;before visit;2024-01-11 16:30:00+00:00;0.637;;
808410;treatment;before visit;2024-01-11 16:45:00+00:00;0.861;;
808410;treatment;before visit;2024-01-11 17:00:00+00:00;0.774;;
808410;treatment;before visit;2024-01-11 17:15:00+00:00;0.615;;
808410;treatment;before visit;2024-01-11 17:30:00+00:00;0.839;;
808410;treatment;before visit;2024-01-11 17:45:00+00:00;0.681;;
808410;treatment;before visit;2024-01-11 18:00:00+00:00;0.579;;
808410;treatment;before visit;2024-01-11 18:15:00+00:00;0.572;;
808410;treatment;before visit;2024-01-11 18:30:00+00:00;0.65;;
808410;treatment;before visit;2024-01-11 18:45:00+00:00;0.723;;
808410;treatment;before visit;2024-01-11 19:00:00+00:00;0.735;;
808410;treatment;before visit;2024-01-11 19:15:00+00:00;0.733;;
808410;treatment;before visit;2024-01-11 19:30:00+00:00;0.844;;
808410;treatment;before visit;2024-01-11 19:45:00+00:00;0.74;;
808410;treatment;before visit;2024-01-11 20:00:00+00:00;0.721;;
808410;treatment;before visit;2024-01-11 20:15:00+00:00;0.618;;
808410;treatment;before visit;2024-01-11 20:30:00+00:00;0.602;;
808410;treatment;before visit;2024-01-11 20:45:00+00:00;0.523;;
808410;treatment;before visit;2024-01-11 21:00:00+00:00;0.226;;
808410;treatment;before visit;2024-01-11 21:15:00+00:00;0.416;;
808410;treatment;before visit;2024-01-11 21:30:00+00:00;0.879;;
808410;treatment;before visit;2024-01-11 21:45:00+00:00;0.666;;
808410;treatment;before visit;2024-01-11 22:00:00+00:00;0.727;;
808410;treatment;before visit;2024-01-11 22:15:00+00:00;0.68;;
808410;treatment;before visit;2024-01-11 22:30:00+00:00;0.661;;
808410;treatment;before visit;2024-01-11 22:45:00+00:00;0.662;;
808410;treatment;before visit;2024-01-11 23:00:00+00:00;0.359;;
808410;treatment;before visit;2024-01-11 23:15:00+00:00;0.11;;
808410;treatment;before visit;2024-01-11 23:30:00+00:00;0.365;;
808410;treatment;before visit;2024-01-11 23:45:00+00:00;0.652;;
808410;treatment;before visit;2024-01-12 00:00:00+00:00;0.678;;
808410;treatment;before visit;2024-01-12 00:15:00+00:00;0.588;;
808410;treatment;before visit;2024-01-12 00:30:00+00:00;0.509;;
808410;treatment;before visit;2024-01-12 00:45:00+00:00;0.1;;
808410;treatment;before visit;2024-01-12 01:00:00+00:00;0.159;;
808410;treatment;before visit;2024-01-12 01:15:00+00:00;0.822;;
808410;treatment;before visit;2024-01-12 01:30:00+00:00;0.53;;
808410;treatment;before visit;2024-01-12 01:45:00+00:00;0.605;;
808410;treatment;before visit;2024-01-12 02:00:00+00:00;0.564;;
808410;treatment;before visit;2024-01-12 02:15:00+00:00;0.539;;
808410;treatment;before visit;2024-01-12 02:30:00+00:00;0.532;;
808410;treatment;before visit;2024-01-12 02:45:00+00:00;0.116;;
808410;treatment;before visit;2024-01-12 03:00:00+00:00;0.118;;
808410;treatment;before visit;2024-01-12 03:15:00+00:00;0.818;;
808410;treatment;before visit;2024-01-12 03:30:00+00:00;0.568;;
808410;treatment;before visit;2024-01-12 03:45:00+00:00;0.702;;
808410;treatment;before visit;2024-01-12 04:00:00+00:00;0.566;;
808410;treatment;before visit;2024-01-12 04:15:00+00:00;0.539;;
808410;treatment;before visit;2024-01-12 04:30:00+00:00;0.14;;
808410;treatment;before visit;2024-01-12 04:45:00+00:00;0.108;;
808410;treatment;before visit;2024-01-12 05:00:00+00:00;0.716;;
808410;treatment;before visit;2024-01-12 05:15:00+00:00;0.583;;
808410;treatment;before visit;2024-01-12 05:30:00+00:00;0.689;;
808410;treatment;before visit;2024-01-12 05:45:00+00:00;0.638;;
808410;treatment;before visit;2024-01-12 06:00:00+00:00;0.602;;
808410;treatment;before visit;2024-01-12 06:15:00+00:00;0.596;;
808410;treatment;before visit;2024-01-12 06:30:00+00:00;0.617;;
808410;treatment;before visit;2024-01-12 06:45:00+00:00;0.656;;
808410;treatment;before visit;2024-01-12 07:00:00+00:00;0.812;;
808410;treatment;before visit;2024-01-12 07:15:00+00:00;0.663;;
808410;treatment;before visit;2024-01-12 07:30:00+00:00;0.565;;
808410;treatment;before visit;2024-01-12 07:45:00+00:00;0.281;;
808410;treatment;before visit;2024-01-12 08:00:00+00:00;0.111;;
808410;treatment;before visit;2024-01-12 08:15:00+00:00;0.391;;
808410;treatment;before visit;2024-01-12 08:30:00+00:00;0.789;;
808410;treatment;before visit;2024-01-12 08:45:00+00:00;0.85;;
808410;treatment;before visit;2024-01-12 09:00:00+00:00;1.05;;
808410;treatment;before visit;2024-01-12 09:15:00+00:00;0.652;;
808410;treatment;before visit;2024-01-12 09:30:00+00:00;0.555;;
808410;treatment;before visit;2024-01-12 09:45:00+00:00;0.268;;
808410;treatment;before visit;2024-01-12 10:00:00+00:00;0.552;;
808410;treatment;before visit;2024-01-12 10:15:00+00:00;0.685;;
808410;treatment;before visit;2024-01-12 10:30:00+00:00;0.601;;
808410;treatment;before visit;2024-01-12 10:45:00+00:00;0.525;;
808410;treatment;before visit;2024-01-12 11:00:00+00:00;0.262;;
808410;treatment;before visit;2024-01-12 11:15:00+00:00;0.222;;
808410;treatment;before visit;2024-01-12 11:30:00+00:00;0.779;;
808410;treatment;before visit;2024-01-12 11:45:00+00:00;0.595;;
808410;treatment;before visit;2024-01-12 12:00:00+00:00;0.576;;
808410;treatment;before visit;2024-01-12 12:15:00+00:00;0.219;;
808410;treatment;before visit;2024-01-12 12:30:00+00:00;0.133;;
808410;treatment;before visit;2024-01-12 12:45:00+00:00;0.444;;
808410;treatment;before visit;2024-01-12 13:00:00+00:00;0.839;;
808410;treatment;before visit;2024-01-12 13:15:00+00:00;0.788;;
808410;treatment;before visit;2024-01-12 13:30:00+00:00;0.733;;
808410;treatment;before visit;2024-01-12 13:45:00+00:00;0.389;;
808410;treatment;before visit;2024-01-12 14:00:00+00:00;0.118;;
808410;treatment;before visit;2024-01-12 14:15:00+00:00;0.469;;
808410;treatment;before visit;2024-01-12 14:30:00+00:00;0.711;;
808410;treatment;before visit;2024-01-12 14:45:00+00:00;0.6;;
808410;treatment;before visit;2024-01-12 15:00:00+00:00;0.451;;
808410;treatment;before visit;2024-01-12 15:15:00+00:00;0.139;;
808410;treatment;before visit;2024-01-12 15:30:00+00:00;0.373;;
808410;treatment;before visit;2024-01-12 15:45:00+00:00;0.709;;
808410;treatment;before visit;2024-01-12 16:00:00+00:00;0.775;;
808410;treatment;before visit;2024-01-12 16:15:00+00:00;0.642;;
808410;treatment;before visit;2024-01-12 16:30:00+00:00;0.56;;
808410;treatment;before visit;2024-01-12 16:45:00+00:00;0.182;;
808410;treatment;before visit;2024-01-12 17:00:00+00:00;0.303;;
808410;treatment;before visit;2024-01-12 17:15:00+00:00;0.804;;
808410;treatment;before visit;2024-01-12 17:30:00+00:00;0.691;;
808410;treatment;before visit;2024-01-12 17:45:00+00:00;1.031;;
808410;treatment;before visit;2024-01-12 18:00:00+00:00;0.605;;
808410;treatment;before visit;2024-01-12 18:15:00+00:00;0.599;;
808410;treatment;before visit;2024-01-12 18:30:00+00:00;0.587;;
808410;treatment;before visit;2024-01-12 18:45:00+00:00;0.699;;
808410;treatment;before visit;2024-01-12 19:00:00+00:00;0.249;;
808410;treatment;before visit;2024-01-12 19:15:00+00:00;0.251;;
808410;treatment;before visit;2024-01-12 19:30:00+00:00;0.889;;
808410;treatment;before visit;2024-01-12 19:45:00+00:00;0.726;;
808410;treatment;before visit;2024-01-12 20:00:00+00:00;0.844;;
808410;treatment;before visit;2024-01-12 20:15:00+00:00;0.962;;
808410;treatment;before visit;2024-01-12 20:30:00+00:00;0.925;;
808410;treatment;before visit;2024-01-12 20:45:00+00:00;0.671;;
808410;treatment;before visit;2024-01-12 21:00:00+00:00;0.503;;
808410;treatment;before visit;2024-01-12 21:15:00+00:00;0.644;;
808410;treatment;before visit;2024-01-12 21:30:00+00:00;0.575;;
808410;treatment;before visit;2024-01-12 21:45:00+00:00;0.74;;
808410;treatment;before visit;2024-01-12 22:00:00+00:00;0.825;;
808410;treatment;before visit;2024-01-12 22:15:00+00:00;0.746;;
808410;treatment;before visit;2024-01-12 22:30:00+00:00;0.673;;
808410;treatment;before visit;2024-01-12 22:45:00+00:00;0.678;;
808410;treatment;before visit;2024-01-12 23:00:00+00:00;0.47;;
808410;treatment;before visit;2024-01-12 23:15:00+00:00;0.215;;
808410;treatment;before visit;2024-01-12 23:30:00+00:00;0.474;;
808410;treatment;before visit;2024-01-12 23:45:00+00:00;0.794;;
808410;treatment;before visit;2024-01-13 00:00:00+00:00;0.808;;
808410;treatment;before visit;2024-01-13 00:15:00+00:00;0.717;;
808410;treatment;before visit;2024-01-13 00:30:00+00:00;0.711;;
808410;treatment;before visit;2024-01-13 00:45:00+00:00;0.365;;
808410;treatment;before visit;2024-01-13 01:00:00+00:00;0.223;;
808410;treatment;before visit;2024-01-13 01:15:00+00:00;0.547;;
808410;treatment;before visit;2024-01-13 01:30:00+00:00;0.859;;
808410;treatment;before visit;2024-01-13 01:45:00+00:00;0.67;;
808410;treatment;before visit;2024-01-13 02:00:00+00:00;0.511;;
808410;treatment;before visit;2024-01-13 02:15:00+00:00;0.508;;
808410;treatment;before visit;2024-01-13 02:30:00+00:00;0.11;;
808410;treatment;before visit;2024-01-13 02:45:00+00:00;0.229;;
808410;treatment;before visit;2024-01-13 03:00:00+00:00;0.628;;
808410;treatment;before visit;2024-01-13 03:15:00+00:00;0.765;;
808410;treatment;before visit;2024-01-13 03:30:00+00:00;0.661;;
808410;treatment;before visit;2024-01-13 03:45:00+00:00;0.547;;
808410;treatment;before visit;2024-01-13 04:00:00+00:00;0.641;;
808410;treatment;before visit;2024-01-13 04:15:00+00:00;0.606;;
808410;treatment;before visit;2024-01-13 04:30:00+00:00;0.596;;
808410;treatment;before visit;2024-01-13 04:45:00+00:00;0.5;;
808410;treatment;before visit;2024-01-13 05:00:00+00:00;0.695;;
808410;treatment;before visit;2024-01-13 05:15:00+00:00;0.602;;
808410;treatment;before visit;2024-01-13 05:30:00+00:00;0.596;;
808410;treatment;before visit;2024-01-13 05:45:00+00:00;0.583;;
808410;treatment;before visit;2024-01-13 06:00:00+00:00;0.608;;
808410;treatment;before visit;2024-01-13 06:15:00+00:00;0.562;;
808410;treatment;before visit;2024-01-13 06:30:00+00:00;0.557;;
808410;treatment;before visit;2024-01-13 06:45:00+00:00;0.527;;
808410;treatment;before visit;2024-01-13 07:00:00+00:00;0.52;;
808410;treatment;before visit;2024-01-13 07:15:00+00:00;0.79;;
808410;treatment;before visit;2024-01-13 07:30:00+00:00;0.709;;
808410;treatment;before visit;2024-01-13 07:45:00+00:00;0.577;;
808410;treatment;before visit;2024-01-13 08:00:00+00:00;0.661;;
808410;treatment;before visit;2024-01-13 08:15:00+00:00;0.6;;
808410;treatment;before visit;2024-01-13 08:30:00+00:00;0.627;;
808410;treatment;before visit;2024-01-13 08:45:00+00:00;0.59;;
808410;treatment;before visit;2024-01-13 09:00:00+00:00;0.612;;
808410;treatment;before visit;2024-01-13 09:15:00+00:00;0.561;;
808410;treatment;before visit;2024-01-13 09:30:00+00:00;0.613;;
808410;treatment;before visit;2024-01-13 09:45:00+00:00;0.614;;
808410;treatment;before visit;2024-01-13 10:00:00+00:00;0.622;;
808410;treatment;before visit;2024-01-13 10:15:00+00:00;0.613;;
808410;treatment;before visit;2024-01-13 10:30:00+00:00;0.576;;
808410;treatment;before visit;2024-01-13 10:45:00+00:00;0.547;;
808410;treatment;before visit;2024-01-13 11:00:00+00:00;0.611;;
808410;treatment;before visit;2024-01-13 11:15:00+00:00;0.594;;
808410;treatment;before visit;2024-01-13 11:30:00+00:00;0.825;;
808410;treatment;before visit;2024-01-13 11:45:00+00:00;0.558;;
808410;treatment;before visit;2024-01-13 12:00:00+00:00;0.581;;
808410;treatment;before visit;2024-01-13 12:15:00+00:00;0.588;;
808410;treatment;before visit;2024-01-13 12:30:00+00:00;0.478;;
808410;treatment;before visit;2024-01-13 12:45:00+00:00;0.639;;
808410;treatment;before visit;2024-01-13 13:00:00+00:00;0.58;;
808410;treatment;before visit;2024-01-13 13:15:00+00:00;0.6;;
808410;treatment;before visit;2024-01-13 13:30:00+00:00;0.602;;
808410;treatment;before visit;2024-01-13 13:45:00+00:00;0.605;;
808410;treatment;before visit;2024-01-13 14:00:00+00:00;0.594;;
808410;treatment;before visit;2024-01-13 14:15:00+00:00;0.606;;
808410;treatment;before visit;2024-01-13 14:30:00+00:00;0.612;;
808410;treatment;before visit;2024-01-13 14:45:00+00:00;0.582;;
808410;treatment;before visit;2024-01-13 15:00:00+00:00;0.607;;
808410;treatment;before visit;2024-01-13 15:15:00+00:00;0.528;;
808410;treatment;before visit;2024-01-13 15:30:00+00:00;0.606;;
808410;treatment;before visit;2024-01-13 15:45:00+00:00;0.634;;
808410;treatment;before visit;2024-01-13 16:00:00+00:00;0.664;;
808410;treatment;before visit;2024-01-13 16:15:00+00:00;0.678;;
808410;treatment;before visit;2024-01-13 16:30:00+00:00;0.688;;
808410;treatment;before visit;2024-01-13 16:45:00+00:00;0.818;;
808410;treatment;before visit;2024-01-13 17:00:00+00:00;0.777;;
808410;treatment;before visit;2024-01-13 17:15:00+00:00;1.0;;
808410;treatment;before visit;2024-01-13 17:30:00+00:00;0.77;;
808410;treatment;before visit;2024-01-13 17:45:00+00:00;0.673;;
808410;treatment;before visit;2024-01-13 18:00:00+00:00;0.606;;
808410;treatment;before visit;2024-01-13 18:15:00+00:00;0.532;;
808410;treatment;before visit;2024-01-13 18:30:00+00:00;0.63;;
808410;treatment;before visit;2024-01-13 18:45:00+00:00;0.613;;
808410;treatment;before visit;2024-01-13 19:00:00+00:00;0.601;;
808410;treatment;before visit;2024-01-13 19:15:00+00:00;0.613;;
808410;treatment;before visit;2024-01-13 19:30:00+00:00;0.604;;
808410;treatment;before visit;2024-01-13 19:45:00+00:00;0.495;;
808410;treatment;before visit;2024-01-13 20:00:00+00:00;0.629;;
808410;treatment;before visit;2024-01-13 20:15:00+00:00;0.665;;
808410;treatment;before visit;2024-01-13 20:30:00+00:00;0.669;;
808410;treatment;before visit;2024-01-13 20:45:00+00:00;0.651;;
808410;treatment;before visit;2024-01-13 21:00:00+00:00;0.553;;
808410;treatment;before visit;2024-01-13 21:15:00+00:00;0.715;;
808410;treatment;before visit;2024-01-13 21:30:00+00:00;0.678;;
808410;treatment;before visit;2024-01-13 21:45:00+00:00;0.673;;
808410;treatment;before visit;2024-01-13 22:00:00+00:00;0.621;;
808410;treatment;before visit;2024-01-13 22:15:00+00:00;0.667;;
808410;treatment;before visit;2024-01-13 22:30:00+00:00;0.681;;
808410;treatment;before visit;2024-01-13 22:45:00+00:00;0.686;;
808410;treatment;before visit;2024-01-13 23:00:00+00:00;0.683;;
808410;treatment;before visit;2024-01-13 23:15:00+00:00;0.631;;
808410;treatment;before visit;2024-01-13 23:30:00+00:00;0.717;;
808410;treatment;before visit;2024-01-13 23:45:00+00:00;0.726;;
808410;treatment;before visit;2024-01-14 00:00:00+00:00;0.734;;
808410;treatment;before visit;2024-01-14 00:15:00+00:00;0.751;;
808410;treatment;before visit;2024-01-14 00:30:00+00:00;0.716;;
808410;treatment;before visit;2024-01-14 00:45:00+00:00;0.598;;
808410;treatment;before visit;2024-01-14 01:00:00+00:00;0.596;;
808410;treatment;before visit;2024-01-14 01:15:00+00:00;0.564;;
808410;treatment;before visit;2024-01-14 01:30:00+00:00;0.544;;
808410;treatment;before visit;2024-01-14 01:45:00+00:00;0.567;;
808410;treatment;before visit;2024-01-14 02:00:00+00:00;0.583;;
808410;treatment;before visit;2024-01-14 02:15:00+00:00;0.56;;
808410;treatment;before visit;2024-01-14 02:30:00+00:00;0.537;;
808410;treatment;before visit;2024-01-14 02:45:00+00:00;0.64;;
808410;treatment;before visit;2024-01-14 03:00:00+00:00;0.654;;
808410;treatment;before visit;2024-01-14 03:15:00+00:00;0.641;;
808410;treatment;before visit;2024-01-14 03:30:00+00:00;0.607;;
808410;treatment;before visit;2024-01-14 03:45:00+00:00;0.659;;
808410;treatment;before visit;2024-01-14 04:00:00+00:00;0.648;;
808410;treatment;before visit;2024-01-14 04:15:00+00:00;0.596;;
808410;treatment;before visit;2024-01-14 04:30:00+00:00;0.665;;
808410;treatment;before visit;2024-01-14 04:45:00+00:00;0.666;;
808410;treatment;before visit;2024-01-14 05:00:00+00:00;0.65;;
808410;treatment;before visit;2024-01-14 05:15:00+00:00;0.601;;
808410;treatment;before visit;2024-01-14 05:30:00+00:00;0.7;;
808410;treatment;before visit;2024-01-14 05:45:00+00:00;0.606;;
808410;treatment;before visit;2024-01-14 06:00:00+00:00;0.502;;
808410;treatment;before visit;2024-01-14 06:15:00+00:00;0.716;;
808410;treatment;before visit;2024-01-14 06:30:00+00:00;0.563;;
808410;treatment;before visit;2024-01-14 06:45:00+00:00;0.56;;
808410;treatment;before visit;2024-01-14 07:00:00+00:00;0.516;;
808410;treatment;before visit;2024-01-14 07:15:00+00:00;0.955;;
808410;treatment;before visit;2024-01-14 07:30:00+00:00;0.728;;
808410;treatment;before visit;2024-01-14 07:45:00+00:00;0.59;;
808410;treatment;before visit;2024-01-14 08:00:00+00:00;0.488;;
808410;treatment;before visit;2024-01-14 08:15:00+00:00;0.712;;
808410;treatment;before visit;2024-01-14 08:30:00+00:00;0.619;;
808410;treatment;before visit;2024-01-14 08:45:00+00:00;0.584;;
808410;treatment;before visit;2024-01-14 09:00:00+00:00;0.589;;
808410;treatment;before visit;2024-01-14 09:15:00+00:00;0.664;;
808410;treatment;before visit;2024-01-14 09:30:00+00:00;0.593;;
808410;treatment;before visit;2024-01-14 09:45:00+00:00;0.576;;
808410;treatment;before visit;2024-01-14 10:00:00+00:00;0.548;;
808410;treatment;before visit;2024-01-14 10:15:00+00:00;0.594;;
808410;treatment;before visit;2024-01-14 10:30:00+00:00;0.565;;
808410;treatment;before visit;2024-01-14 10:45:00+00:00;0.567;;
808410;treatment;before visit;2024-01-14 11:00:00+00:00;0.541;;
808410;treatment;before visit;2024-01-14 11:15:00+00:00;0.673;;
808410;treatment;before visit;2024-01-14 11:30:00+00:00;0.572;;
808410;treatment;before visit;2024-01-14 11:45:00+00:00;0.479;;
808410;treatment;before visit;2024-01-14 12:00:00+00:00;0.496;;
808410;treatment;before visit;2024-01-14 12:15:00+00:00;0.485;;
808410;treatment;before visit;2024-01-14 12:30:00+00:00;0.489;;
808410;treatment;before visit;2024-01-14 12:45:00+00:00;0.464;;
808410;treatment;before visit;2024-01-14 13:00:00+00:00;0.403;;
808410;treatment;before visit;2024-01-14 13:15:00+00:00;0.566;;
808410;treatment;before visit;2024-01-14 13:30:00+00:00;0.526;;
808410;treatment;before visit;2024-01-14 13:45:00+00:00;0.561;;
808410;treatment;before visit;2024-01-14 14:00:00+00:00;0.598;;
808410;treatment;before visit;2024-01-14 14:15:00+00:00;0.601;;
808410;treatment;before visit;2024-01-14 14:30:00+00:00;0.598;;
808410;treatment;before visit;2024-01-14 14:45:00+00:00;0.606;;
808410;treatment;before visit;2024-01-14 15:00:00+00:00;0.413;;
808410;treatment;before visit;2024-01-14 15:15:00+00:00;0.151;;
808410;treatment;before visit;2024-01-14 15:30:00+00:00;0.741;;
808410;treatment;before visit;2024-01-14 15:45:00+00:00;1.067;;
808410;treatment;before visit;2024-01-14 16:00:00+00:00;0.789;;
808410;treatment;before visit;2024-01-14 16:15:00+00:00;0.835;;
808410;treatment;before visit;2024-01-14 16:30:00+00:00;0.841;;
808410;treatment;before visit;2024-01-14 16:45:00+00:00;0.839;;
808410;treatment;before visit;2024-01-14 17:00:00+00:00;0.787;;
808410;treatment;before visit;2024-01-14 17:15:00+00:00;0.55;;
808410;treatment;before visit;2024-01-14 17:30:00+00:00;0.244;;
808410;treatment;before visit;2024-01-14 17:45:00+00:00;0.121;;
808410;treatment;before visit;2024-01-14 18:00:00+00:00;0.53;;
808410;treatment;before visit;2024-01-14 18:15:00+00:00;0.736;;
808410;treatment;before visit;2024-01-14 18:30:00+00:00;0.574;;
808410;treatment;before visit;2024-01-14 18:45:00+00:00;0.539;;
808410;treatment;before visit;2024-01-14 19:00:00+00:00;0.55;;
808410;treatment;before visit;2024-01-14 19:15:00+00:00;0.568;;
808410;treatment;before visit;2024-01-14 19:30:00+00:00;0.598;;
808410;treatment;before visit;2024-01-14 19:45:00+00:00;0.59;;
808410;treatment;before visit;2024-01-14 20:00:00+00:00;0.972;;
808410;treatment;before visit;2024-01-14 20:15:00+00:00;0.865;;
808410;treatment;before visit;2024-01-14 20:30:00+00:00;0.673;;
808410;treatment;before visit;2024-01-14 20:45:00+00:00;0.622;;
808410;treatment;before visit;2024-01-14 21:00:00+00:00;0.743;;
808410;treatment;before visit;2024-01-14 21:15:00+00:00;0.64;;
808410;treatment;before visit;2024-01-14 21:30:00+00:00;0.588;;
808410;treatment;before visit;2024-01-14 21:45:00+00:00;0.737;;
808410;treatment;before visit;2024-01-14 22:00:00+00:00;0.644;;
808410;treatment;before visit;2024-01-14 22:15:00+00:00;0.56;;
808410;treatment;before visit;2024-01-14 22:30:00+00:00;0.342;;
808410;treatment;before visit;2024-01-14 22:45:00+00:00;0.22;;
808410;treatment;before visit;2024-01-14 23:00:00+00:00;0.643;;
808410;treatment;before visit;2024-01-14 23:15:00+00:00;0.733;;
808410;treatment;before visit;2024-01-14 23:30:00+00:00;0.686;;
808410;treatment;before visit;2024-01-14 23:45:00+00:00;0.638;;
808410;treatment;before visit;2024-01-15 00:00:00+00:00;0.362;;
808410;treatment;before visit;2024-01-15 00:15:00+00:00;0.18;;
808410;treatment;before visit;2024-01-15 00:30:00+00:00;0.119;;
808410;treatment;before visit;2024-01-15 00:45:00+00:00;0.763;;
808410;treatment;before visit;2024-01-15 01:00:00+00:00;0.629;;
808410;treatment;before visit;2024-01-15 01:15:00+00:00;0.541;;
808410;treatment;before visit;2024-01-15 01:30:00+00:00;0.457;;
808410;treatment;before visit;2024-01-15 01:45:00+00:00;0.103;;
808410;treatment;before visit;2024-01-15 02:00:00+00:00;0.26;;
808410;treatment;before visit;2024-01-15 02:15:00+00:00;0.593;;
808410;treatment;before visit;2024-01-15 02:30:00+00:00;0.659;;
808410;treatment;before visit;2024-01-15 02:45:00+00:00;0.557;;
808410;treatment;before visit;2024-01-15 03:00:00+00:00;0.515;;
808410;treatment;before visit;2024-01-15 03:15:00+00:00;0.289;;
808410;treatment;before visit;2024-01-15 03:30:00+00:00;0.112;;
808410;treatment;before visit;2024-01-15 03:45:00+00:00;0.542;;
808410;treatment;before visit;2024-01-15 04:00:00+00:00;0.621;;
808410;treatment;before visit;2024-01-15 04:15:00+00:00;0.571;;
808410;treatment;before visit;2024-01-15 04:30:00+00:00;0.574;;
808410;treatment;before visit;2024-01-15 04:45:00+00:00;0.591;;
808410;treatment;before visit;2024-01-15 05:00:00+00:00;0.559;;
808410;treatment;before visit;2024-01-15 05:15:00+00:00;0.506;;
808410;treatment;before visit;2024-01-15 05:30:00+00:00;0.113;;
808410;treatment;before visit;2024-01-15 05:45:00+00:00;0.141;;
808410;treatment;before visit;2024-01-15 06:00:00+00:00;0.789;;
808410;treatment;before visit;2024-01-15 06:15:00+00:00;0.818;;
808410;treatment;before visit;2024-01-15 06:30:00+00:00;0.476;;
808410;treatment;before visit;2024-01-15 06:45:00+00:00;0.122;;
808410;treatment;before visit;2024-01-15 07:00:00+00:00;0.379;;
808410;treatment;before visit;2024-01-15 07:15:00+00:00;0.774;;
808410;treatment;before visit;2024-01-15 07:30:00+00:00;0.67;;
808410;treatment;before visit;2024-01-15 07:45:00+00:00;0.691;;
808410;treatment;before visit;2024-01-15 08:00:00+00:00;0.295;;
808410;treatment;before visit;2024-01-15 08:15:00+00:00;0.642;;
808410;treatment;before visit;2024-01-15 08:30:00+00:00;0.755;;
808410;treatment;before visit;2024-01-15 08:45:00+00:00;0.974;;
808410;treatment;before visit;2024-01-15 09:00:00+00:00;0.817;;
808410;treatment;before visit;2024-01-15 09:15:00+00:00;0.434;;
808410;treatment;before visit;2024-01-15 09:30:00+00:00;0.113;;
808410;treatment;before visit;2024-01-15 09:45:00+00:00;0.495;;
808410;treatment;before visit;2024-01-15 10:00:00+00:00;0.651;;
808410;treatment;before visit;2024-01-15 10:15:00+00:00;0.563;;
808410;treatment;before visit;2024-01-15 10:30:00+00:00;0.281;;
808410;treatment;before visit;2024-01-15 10:45:00+00:00;0.12;;
808410;treatment;before visit;2024-01-15 11:00:00+00:00;0.882;;
808410;treatment;before visit;2024-01-15 11:15:00+00:00;0.669;;
808410;treatment;before visit;2024-01-15 11:30:00+00:00;0.531;;
808410;treatment;before visit;2024-01-15 11:45:00+00:00;0.381;;
808410;treatment;before visit;2024-01-15 12:00:00+00:00;0.105;;
808410;treatment;before visit;2024-01-15 12:15:00+00:00;0.41;;
808410;treatment;before visit;2024-01-15 12:30:00+00:00;0.67;;
808410;treatment;before visit;2024-01-15 12:45:00+00:00;0.586;;
808410;treatment;before visit;2024-01-15 13:00:00+00:00;0.4;;
808410;treatment;before visit;2024-01-15 13:15:00+00:00;0.109;;
808410;treatment;before visit;2024-01-15 13:30:00+00:00;0.401;;
808410;treatment;before visit;2024-01-15 13:45:00+00:00;0.716;;
808410;treatment;before visit;2024-01-15 14:00:00+00:00;0.617;;
808410;treatment;before visit;2024-01-15 14:15:00+00:00;0.422;;
808410;treatment;before visit;2024-01-15 14:30:00+00:00;0.11;;
808410;treatment;before visit;2024-01-15 14:45:00+00:00;0.349;;
808410;treatment;before visit;2024-01-15 15:00:00+00:00;0.625;;
808410;treatment;before visit;2024-01-15 15:15:00+00:00;0.708;;
808410;treatment;before visit;2024-01-15 15:30:00+00:00;0.628;;
808410;treatment;before visit;2024-01-15 15:45:00+00:00;0.586;;
808410;treatment;before visit;2024-01-15 16:00:00+00:00;0.339;;
808410;treatment;before visit;2024-01-15 16:15:00+00:00;0.159;;
808410;treatment;before visit;2024-01-15 16:30:00+00:00;0.606;;
808410;treatment;before visit;2024-01-15 16:45:00+00:00;0.702;;
808410;treatment;before visit;2024-01-15 17:00:00+00:00;0.61;;
808410;treatment;before visit;2024-01-15 17:15:00+00:00;0.564;;
808410;treatment;before visit;2024-01-15 17:30:00+00:00;0.507;;
808410;treatment;before visit;2024-01-15 17:45:00+00:00;0.307;;
808410;treatment;before visit;2024-01-15 18:00:00+00:00;0.776;;
808410;treatment;before visit;2024-01-15 18:15:00+00:00;0.746;;
808410;treatment;before visit;2024-01-15 18:30:00+00:00;0.728;;
808410;treatment;before visit;2024-01-15 18:45:00+00:00;0.67;;
808410;treatment;before visit;2024-01-15 19:00:00+00:00;0.281;;
808410;treatment;before visit;2024-01-15 19:15:00+00:00;0.327;;
808410;treatment;before visit;2024-01-15 19:30:00+00:00;0.924;;
808410;treatment;before visit;2024-01-15 19:45:00+00:00;0.724;;
808410;treatment;before visit;2024-01-15 20:00:00+00:00;0.643;;
808410;treatment;before visit;2024-01-15 20:15:00+00:00;0.442;;
808410;treatment;before visit;2024-01-15 20:30:00+00:00;0.223;;
808410;treatment;before visit;2024-01-15 20:45:00+00:00;0.483;;
808410;treatment;before visit;2024-01-15 21:00:00+00:00;0.796;;
808410;treatment;before visit;2024-01-15 21:15:00+00:00;0.762;;
808410;treatment;before visit;2024-01-15 21:30:00+00:00;0.65;;
808410;treatment;before visit;2024-01-15 21:45:00+00:00;0.64;;
808410;treatment;before visit;2024-01-15 22:00:00+00:00;0.365;;
808410;treatment;before visit;2024-01-15 22:15:00+00:00;0.207;;
808410;treatment;before visit;2024-01-15 22:30:00+00:00;0.729;;
808410;treatment;before visit;2024-01-15 22:45:00+00:00;0.763;;
808410;treatment;before visit;2024-01-15 23:00:00+00:00;0.675;;
808410;treatment;before visit;2024-01-15 23:15:00+00:00;0.634;;
808410;treatment;before visit;2024-01-15 23:30:00+00:00;0.259;;
808410;treatment;before visit;2024-01-15 23:45:00+00:00;0.229;;
808410;treatment;before visit;2024-01-16 00:00:00+00:00;0.761;;
808410;treatment;before visit;2024-01-16 00:15:00+00:00;0.627;;
808410;treatment;before visit;2024-01-16 00:30:00+00:00;0.523;;
808410;treatment;before visit;2024-01-16 00:45:00+00:00;0.43;;
808410;treatment;before visit;2024-01-16 01:00:00+00:00;0.1;;
808410;treatment;before visit;2024-01-16 01:15:00+00:00;0.33;;
808410;treatment;before visit;2024-01-16 01:30:00+00:00;0.772;;
808410;treatment;before visit;2024-01-16 01:45:00+00:00;0.584;;
808410;treatment;before visit;2024-01-16 02:00:00+00:00;0.579;;
808410;treatment;before visit;2024-01-16 02:15:00+00:00;0.483;;
808410;treatment;before visit;2024-01-16 02:30:00+00:00;0.109;;
808410;treatment;before visit;2024-01-16 02:45:00+00:00;0.187;;
808410;treatment;before visit;2024-01-16 03:00:00+00:00;0.696;;
808410;treatment;before visit;2024-01-16 03:15:00+00:00;0.791;;
808410;treatment;before visit;2024-01-16 03:30:00+00:00;0.613;;
808410;treatment;before visit;2024-01-16 03:45:00+00:00;0.572;;
808410;treatment;before visit;2024-01-16 04:00:00+00:00;0.105;;
808410;treatment;before visit;2024-01-16 04:15:00+00:00;0.129;;
808410;treatment;before visit;2024-01-16 04:30:00+00:00;0.825;;
808410;treatment;before visit;2024-01-16 04:45:00+00:00;0.694;;
808410;treatment;before visit;2024-01-16 05:00:00+00:00;0.628;;
808410;treatment;before visit;2024-01-16 05:15:00+00:00;0.572;;
808410;treatment;before visit;2024-01-16 05:30:00+00:00;0.459;;
808410;treatment;before visit;2024-01-16 05:45:00+00:00;0.237;;
808410;treatment;before visit;2024-01-16 06:00:00+00:00;0.112;;
808410;treatment;before visit;2024-01-16 06:15:00+00:00;0.575;;
808410;treatment;before visit;2024-01-16 06:30:00+00:00;0.682;;
808410;treatment;before visit;2024-01-16 06:45:00+00:00;0.618;;
808410;treatment;before visit;2024-01-16 07:00:00+00:00;0.605;;
808410;treatment;before visit;2024-01-16 07:15:00+00:00;0.709;;
808410;treatment;before visit;2024-01-16 07:30:00+00:00;0.179;;
808410;treatment;before visit;2024-01-16 07:45:00+00:00;0.26;;
808410;treatment;before visit;2024-01-16 08:00:00+00:00;0.7;;
808410;treatment;before visit;2024-01-16 08:15:00+00:00;0.829;;
808410;treatment;before visit;2024-01-16 08:30:00+00:00;0.689;;
808410;treatment;before visit;2024-01-16 08:45:00+00:00;0.583;;
808410;treatment;before visit;2024-01-16 09:00:00+00:00;0.558;;
808410;treatment;before visit;2024-01-16 09:15:00+00:00;0.103;;
808410;treatment;before visit;2024-01-16 09:30:00+00:00;0.08;;
808410;treatment;before visit;2024-01-16 09:45:00+00:00;0.679;;
808410;treatment;before visit;2024-01-16 10:00:00+00:00;0.561;;
808410;treatment;before visit;2024-01-16 10:15:00+00:00;0.449;;
808410;treatment;before visit;2024-01-16 10:30:00+00:00;0.098;;
808410;treatment;before visit;2024-01-16 10:45:00+00:00;0.014;;
808410;treatment;before visit;2024-01-16 11:00:00+00:00;0.571;;
808410;treatment;before visit;2024-01-16 11:15:00+00:00;0.68;;
808410;treatment;before visit;2024-01-16 11:30:00+00:00;0.433;;
808410;treatment;before visit;2024-01-16 11:45:00+00:00;0.55;;
808410;treatment;before visit;2024-01-16 12:00:00+00:00;0.242;;
808410;treatment;before visit;2024-01-16 12:15:00+00:00;0.085;;
808410;treatment;before visit;2024-01-16 12:30:00+00:00;0.541;;
808410;treatment;before visit;2024-01-16 12:45:00+00:00;0.53;;
808410;treatment;before visit;2024-01-16 13:00:00+00:00;0.319;;
808410;treatment;before visit;2024-01-16 13:15:00+00:00;0.285;;
808410;treatment;before visit;2024-01-16 13:30:00+00:00;0.001;;
808410;treatment;before visit;2024-01-16 13:45:00+00:00;0.047;;
808410;treatment;before visit;2024-01-16 14:00:00+00:00;0.526;;
808410;treatment;before visit;2024-01-16 14:15:00+00:00;0.463;;
808410;treatment;before visit;2024-01-16 14:30:00+00:00;0.487;;
808410;treatment;before visit;2024-01-16 14:45:00+00:00;0.409;;
808410;treatment;before visit;2024-01-16 15:00:00+00:00;0.377;;
808410;treatment;before visit;2024-01-16 15:15:00+00:00;0.183;;
808410;treatment;before visit;2024-01-16 15:30:00+00:00;0.281;;
808410;treatment;before visit;2024-01-16 15:45:00+00:00;0.893;;
808410;treatment;before visit;2024-01-16 16:00:00+00:00;0.777;;
808410;treatment;before visit;2024-01-16 16:15:00+00:00;0.64;;
808410;treatment;before visit;2024-01-16 16:30:00+00:00;0.299;;
808410;treatment;before visit;2024-01-16 16:45:00+00:00;0.151;;
808410;treatment;before visit;2024-01-16 17:00:00+00:00;0.585;;
808410;treatment;before visit;2024-01-16 17:15:00+00:00;0.699;;
808410;treatment;before visit;2024-01-16 17:30:00+00:00;0.602;;
808410;treatment;before visit;2024-01-16 17:45:00+00:00;0.415;;
808410;treatment;before visit;2024-01-16 18:00:00+00:00;0.173;;
808410;treatment;before visit;2024-01-16 18:15:00+00:00;0.413;;
808410;treatment;before visit;2024-01-16 18:30:00+00:00;0.727;;
808410;treatment;before visit;2024-01-16 18:45:00+00:00;0.621;;
808410;treatment;before visit;2024-01-16 19:00:00+00:00;0.543;;
808410;treatment;before visit;2024-01-16 19:15:00+00:00;0.162;;
808410;treatment;before visit;2024-01-16 19:30:00+00:00;0.221;;
808410;treatment;before visit;2024-01-16 19:45:00+00:00;0.667;;
808410;treatment;before visit;2024-01-16 20:00:00+00:00;0.734;;
808410;treatment;before visit;2024-01-16 20:15:00+00:00;0.567;;
808410;treatment;before visit;2024-01-16 20:30:00+00:00;0.492;;
808410;treatment;before visit;2024-01-16 20:45:00+00:00;0.114;;
808410;treatment;before visit;2024-01-16 21:00:00+00:00;0.16;;
808410;treatment;before visit;2024-01-16 21:15:00+00:00;0.743;;
808410;treatment;before visit;2024-01-16 21:30:00+00:00;0.551;;
808410;treatment;before visit;2024-01-16 21:45:00+00:00;0.442;;
808410;treatment;before visit;2024-01-16 22:00:00+00:00;0.11;;
808410;treatment;before visit;2024-01-16 22:15:00+00:00;0.288;;
808410;treatment;before visit;2024-01-16 22:30:00+00:00;0.7;;
808410;treatment;before visit;2024-01-16 22:45:00+00:00;0.584;;
808410;treatment;before visit;2024-01-16 23:00:00+00:00;0.51;;
808410;treatment;before visit;2024-01-16 23:15:00+00:00;0.234;;
808410;treatment;before visit;2024-01-16 23:30:00+00:00;0.537;;
808410;treatment;before visit;2024-01-16 23:45:00+00:00;0.604;;
808410;treatment;before visit;2024-01-17 00:00:00+00:00;0.547;;
808410;treatment;before visit;2024-01-17 00:15:00+00:00;0.473;;
808410;treatment;before visit;2024-01-17 00:30:00+00:00;0.101;;
808410;treatment;before visit;2024-01-17 00:45:00+00:00;0.157;;
808410;treatment;before visit;2024-01-17 01:00:00+00:00;0.639;;
808410;treatment;before visit;2024-01-17 01:15:00+00:00;0.613;;
808410;treatment;before visit;2024-01-17 01:30:00+00:00;0.581;;
808410;treatment;before visit;2024-01-17 01:45:00+00:00;0.491;;
808410;treatment;before visit;2024-01-17 02:00:00+00:00;0.475;;
808410;treatment;before visit;2024-01-17 02:15:00+00:00;0.26;;
808410;treatment;before visit;2024-01-17 02:30:00+00:00;0.108;;
808410;treatment;before visit;2024-01-17 02:45:00+00:00;0.569;;
808410;treatment;before visit;2024-01-17 03:00:00+00:00;0.532;;
808410;treatment;before visit;2024-01-17 03:15:00+00:00;0.566;;
808410;treatment;before visit;2024-01-17 03:30:00+00:00;0.558;;
808410;treatment;before visit;2024-01-17 03:45:00+00:00;0.53;;
808410;treatment;before visit;2024-01-17 04:00:00+00:00;0.521;;
808410;treatment;before visit;2024-01-17 04:15:00+00:00;0.519;;
808410;treatment;before visit;2024-01-17 04:30:00+00:00;0.14;;
808410;treatment;before visit;2024-01-17 04:45:00+00:00;0.113;;
808410;treatment;before visit;2024-01-17 05:00:00+00:00;0.524;;
808410;treatment;before visit;2024-01-17 05:15:00+00:00;0.703;;
808410;treatment;before visit;2024-01-17 05:30:00+00:00;0.603;;
808410;treatment;before visit;2024-01-17 05:45:00+00:00;0.546;;
808410;treatment;before visit;2024-01-17 06:00:00+00:00;0.219;;
808410;treatment;before visit;2024-01-17 06:15:00+00:00;0.114;;
808410;treatment;before visit;2024-01-17 06:30:00+00:00;0.2;;
808410;treatment;before visit;2024-01-17 06:45:00+00:00;0.67;;
808410;treatment;before visit;2024-01-17 07:00:00+00:00;0.715;;
808410;treatment;before visit;2024-01-17 07:15:00+00:00;0.506;;
808410;treatment;before visit;2024-01-17 07:30:00+00:00;0.25;;
808410;treatment;before visit;2024-01-17 07:45:00+00:00;0.603;;
808410;treatment;before visit;2024-01-17 08:00:00+00:00;0.587;;
808410;treatment;before visit;2024-01-17 08:15:00+00:00;0.594;;
808410;treatment;before visit;2024-01-17 08:30:00+00:00;0.806;;
808410;treatment;before visit;2024-01-17 08:45:00+00:00;0.733;;
808410;treatment;before visit;2024-01-17 09:00:00+00:00;0.44;;
808410;treatment;before visit;2024-01-17 09:15:00+00:00;0.422;;
808410;treatment;before visit;2024-01-17 09:30:00+00:00;0.766;;
808410;treatment;before visit;2024-01-17 09:45:00+00:00;0.313;;
808410;treatment;before visit;2024-01-17 10:00:00+00:00;0.041;;
808410;treatment;before visit;2024-01-17 10:15:00+00:00;0.051;;
808410;treatment;before visit;2024-01-17 10:30:00+00:00;0.323;;
808410;treatment;before visit;2024-01-17 10:45:00+00:00;0.479;;
808410;treatment;before visit;2024-01-17 11:00:00+00:00;0.533;;
808410;treatment;before visit;2024-01-17 11:15:00+00:00;0.391;;
808410;treatment;before visit;2024-01-17 11:30:00+00:00;0.004;;
808410;treatment;before visit;2024-01-17 11:45:00+00:00;0.001;;
808410;treatment;before visit;2024-01-17 12:00:00+00:00;0.263;;
808410;treatment;before visit;2024-01-17 12:15:00+00:00;0.332;;
808410;treatment;before visit;2024-01-17 12:30:00+00:00;0.203;;
808410;treatment;before visit;2024-01-17 12:45:00+00:00;0.08;;
808410;treatment;before visit;2024-01-17 13:00:00+00:00;0.028;;
808410;treatment;before visit;2024-01-17 13:15:00+00:00;0.029;;
808410;treatment;before visit;2024-01-17 13:30:00+00:00;0.444;;
808410;treatment;before visit;2024-01-17 13:45:00+00:00;0.342;;
808410;treatment;before visit;2024-01-17 14:00:00+00:00;0.197;;
808410;treatment;before visit;2024-01-17 14:15:00+00:00;0.064;;
808410;treatment;before visit;2024-01-17 14:30:00+00:00;0.091;;
808410;treatment;before visit;2024-01-17 14:45:00+00:00;0.093;;
808410;treatment;before visit;2024-01-17 15:00:00+00:00;0.274;;
808410;treatment;before visit;2024-01-17 15:15:00+00:00;0.645;;
808410;treatment;before visit;2024-01-17 15:30:00+00:00;0.587;;
808410;treatment;before visit;2024-01-17 15:45:00+00:00;0.555;;
808410;treatment;before visit;2024-01-17 16:00:00+00:00;0.288;;
808410;treatment;before visit;2024-01-17 16:15:00+00:00;0.3;;
808410;treatment;before visit;2024-01-17 16:30:00+00:00;0.748;;
808410;treatment;before visit;2024-01-17 16:45:00+00:00;0.661;;
808410;treatment;before visit;2024-01-17 17:00:00+00:00;0.546;;
808410;treatment;before visit;2024-01-17 17:15:00+00:00;0.467;;
808410;treatment;before visit;2024-01-17 17:30:00+00:00;0.236;;
808410;treatment;before visit;2024-01-17 17:45:00+00:00;0.248;;
808410;treatment;before visit;2024-01-17 18:00:00+00:00;0.257;;
808410;treatment;before visit;2024-01-17 18:15:00+00:00;0.248;;
808410;treatment;before visit;2024-01-17 18:30:00+00:00;0.575;;
808410;treatment;before visit;2024-01-17 18:45:00+00:00;0.573;;
808410;treatment;before visit;2024-01-17 19:00:00+00:00;0.505;;
808410;treatment;before visit;2024-01-17 19:15:00+00:00;0.385;;
808410;treatment;before visit;2024-01-17 19:30:00+00:00;0.155;;
808410;treatment;before visit;2024-01-17 19:45:00+00:00;0.133;;
808410;treatment;before visit;2024-01-17 20:00:00+00:00;0.107;;
808410;treatment;before visit;2024-01-17 20:15:00+00:00;0.206;;
808410;treatment;before visit;2024-01-17 20:30:00+00:00;0.597;;
808410;treatment;before visit;2024-01-17 20:45:00+00:00;0.498;;
808410;treatment;before visit;2024-01-17 21:00:00+00:00;0.235;;
808410;treatment;before visit;2024-01-17 21:15:00+00:00;0.107;;
808410;treatment;before visit;2024-01-17 21:30:00+00:00;0.107;;
808410;treatment;before visit;2024-01-17 21:45:00+00:00;0.231;;
808410;treatment;before visit;2024-01-17 22:00:00+00:00;0.545;;
808410;treatment;before visit;2024-01-17 22:15:00+00:00;0.431;;
808410;treatment;before visit;2024-01-17 22:30:00+00:00;0.205;;
808410;treatment;before visit;2024-01-17 22:45:00+00:00;0.093;;
808410;treatment;before visit;2024-01-17 23:00:00+00:00;0.093;;
808410;treatment;before visit;2024-01-17 23:15:00+00:00;0.167;;
808410;treatment;before visit;2024-01-17 23:30:00+00:00;0.543;;
808410;treatment;before visit;2024-01-17 23:45:00+00:00;0.442;;
808410;treatment;before visit;2024-01-18 00:00:00+00:00;0.18;;
808410;treatment;before visit;2024-01-18 00:15:00+00:00;0.085;;
808410;treatment;before visit;2024-01-18 00:30:00+00:00;0.077;;
808410;treatment;before visit;2024-01-18 00:45:00+00:00;0.257;;
808410;treatment;before visit;2024-01-18 01:00:00+00:00;0.526;;
808410;treatment;before visit;2024-01-18 01:15:00+00:00;0.422;;
808410;treatment;before visit;2024-01-18 01:30:00+00:00;0.168;;
808410;treatment;before visit;2024-01-18 01:45:00+00:00;0.081;;
808410;treatment;before visit;2024-01-18 02:00:00+00:00;0.08;;
808410;treatment;before visit;2024-01-18 02:15:00+00:00;0.302;;
808410;treatment;before visit;2024-01-18 02:30:00+00:00;0.524;;
808410;treatment;before visit;2024-01-18 02:45:00+00:00;0.427;;
808410;treatment;before visit;2024-01-18 03:00:00+00:00;0.154;;
808410;treatment;before visit;2024-01-18 03:15:00+00:00;0.076;;
808410;treatment;before visit;2024-01-18 03:30:00+00:00;0.08;;
808410;treatment;before visit;2024-01-18 03:45:00+00:00;0.381;;
808410;treatment;before visit;2024-01-18 04:00:00+00:00;0.544;;
808410;treatment;before visit;2024-01-18 04:15:00+00:00;0.451;;
808410;treatment;before visit;2024-01-18 04:30:00+00:00;0.251;;
808410;treatment;before visit;2024-01-18 04:45:00+00:00;0.107;;
808410;treatment;before visit;2024-01-18 05:00:00+00:00;0.109;;
808410;treatment;before visit;2024-01-18 05:15:00+00:00;0.122;;
808410;treatment;before visit;2024-01-18 05:30:00+00:00;0.602;;
808410;treatment;before visit;2024-01-18 05:45:00+00:00;0.484;;
808410;treatment;before visit;2024-01-18 06:00:00+00:00;0.418;;
808410;treatment;before visit;2024-01-18 06:15:00+00:00;0.135;;
808410;treatment;before visit;2024-01-18 06:30:00+00:00;0.117;;
808410;treatment;before visit;2024-01-18 06:45:00+00:00;0.294;;
808410;treatment;before visit;2024-01-18 07:00:00+00:00;0.39;;
808410;treatment;before visit;2024-01-18 07:15:00+00:00;0.578;;
808410;treatment;before visit;2024-01-18 07:30:00+00:00;0.385;;
808410;treatment;before visit;2024-01-18 07:45:00+00:00;0.254;;
808410;treatment;before visit;2024-01-18 08:00:00+00:00;0.108;;
808410;treatment;before visit;2024-01-18 08:15:00+00:00;0.13;;
808410;treatment;before visit;2024-01-18 08:30:00+00:00;0.13;;
808410;treatment;before visit;2024-01-18 08:45:00+00:00;0.501;;
808410;treatment;before visit;2024-01-18 09:00:00+00:00;0.428;;
808410;treatment;before visit;2024-01-18 09:15:00+00:00;0.325;;
808410;treatment;before visit;2024-01-18 09:30:00+00:00;0.156;;
808410;treatment;before visit;2024-01-18 09:45:00+00:00;0.085;;
808410;treatment;before visit;2024-01-18 10:00:00+00:00;0.098;;
808410;treatment;before visit;2024-01-18 10:15:00+00:00;0.528;;
808410;treatment;before visit;2024-01-18 10:30:00+00:00;0.353;;
808410;treatment;before visit;2024-01-18 10:45:00+00:00;0.152;;
808410;treatment;before visit;2024-01-18 11:00:00+00:00;0.325;;
808410;treatment;before visit;2024-01-18 11:15:00+00:00;0.066;;
808410;treatment;before visit;2024-01-18 11:30:00+00:00;0.008;;
808410;treatment;before visit;2024-01-18 11:45:00+00:00;0.002;;
808410;treatment;before visit;2024-01-18 12:00:00+00:00;0.403;;
808410;treatment;before visit;2024-01-18 12:15:00+00:00;0.376;;
808410;treatment;before visit;2024-01-18 12:30:00+00:00;0.335;;
808410;treatment;before visit;2024-01-18 12:45:00+00:00;0.091;;
808410;treatment;before visit;2024-01-18 13:00:00+00:00;0.05;;
808410;treatment;before visit;2024-01-18 13:15:00+00:00;0.07;;
808410;treatment;before visit;2024-01-18 13:30:00+00:00;0.221;;
808410;treatment;before visit;2024-01-18 13:45:00+00:00;0.512;;
808410;treatment;before visit;2024-01-18 14:00:00+00:00;0.414;;
808410;treatment;before visit;2024-01-18 14:15:00+00:00;0.332;;
808410;treatment;before visit;2024-01-18 14:30:00+00:00;0.08;;
808410;treatment;before visit;2024-01-18 14:45:00+00:00;0.112;;
808410;treatment;before visit;2024-01-18 15:00:00+00:00;0.482;;
808410;treatment;before visit;2024-01-18 15:15:00+00:00;0.618;;
808410;treatment;before visit;2024-01-18 15:30:00+00:00;0.519;;
808410;treatment;before visit;2024-01-18 15:45:00+00:00;0.456;;
808410;treatment;before visit;2024-01-18 16:00:00+00:00;0.177;;
808410;treatment;before visit;2024-01-18 16:15:00+00:00;0.191;;
808410;treatment;before visit;2024-01-18 16:30:00+00:00;0.719;;
808410;treatment;before visit;2024-01-18 16:45:00+00:00;0.558;;
808410;treatment;before visit;2024-01-18 17:00:00+00:00;0.488;;
808410;treatment;before visit;2024-01-18 17:15:00+00:00;0.132;;
808410;treatment;before visit;2024-01-18 17:30:00+00:00;0.353;;
808410;treatment;before visit;2024-01-18 17:45:00+00:00;0.88;;
808410;treatment;before visit;2024-01-18 18:00:00+00:00;0.669;;
808410;treatment;before visit;2024-01-18 18:15:00+00:00;0.598;;
808410;treatment;before visit;2024-01-18 18:30:00+00:00;0.467;;
808410;treatment;before visit;2024-01-18 18:45:00+00:00;0.517;;
808410;treatment;before visit;2024-01-18 19:00:00+00:00;0.484;;
808410;treatment;before visit;2024-01-18 19:15:00+00:00;0.472;;
808410;treatment;before visit;2024-01-18 19:30:00+00:00;0.488;;
808410;treatment;before visit;2024-01-18 19:45:00+00:00;0.5;;
808410;treatment;before visit;2024-01-18 20:00:00+00:00;0.458;;
808410;treatment;before visit;2024-01-18 20:15:00+00:00;0.463;;
808410;treatment;before visit;2024-01-18 20:30:00+00:00;0.541;;
808410;treatment;before visit;2024-01-18 20:45:00+00:00;0.582;;
808410;treatment;before visit;2024-01-18 21:00:00+00:00;0.567;;
808410;treatment;before visit;2024-01-18 21:15:00+00:00;0.577;;
808410;treatment;before visit;2024-01-18 21:30:00+00:00;0.573;;
808410;treatment;before visit;2024-01-18 21:45:00+00:00;0.496;;
808410;treatment;before visit;2024-01-18 22:00:00+00:00;0.574;;
808410;treatment;before visit;2024-01-18 22:15:00+00:00;0.559;;
808410;treatment;before visit;2024-01-18 22:30:00+00:00;0.564;;
808410;treatment;before visit;2024-01-18 22:45:00+00:00;0.556;;
808410;treatment;before visit;2024-01-18 23:00:00+00:00;0.571;;
808410;treatment;before visit;2024-01-18 23:15:00+00:00;0.572;;
808410;treatment;before visit;2024-01-18 23:30:00+00:00;0.557;;
808410;treatment;before visit;2024-01-18 23:45:00+00:00;0.558;;
808410;treatment;before visit;2024-01-19 00:00:00+00:00;0.493;;
808410;treatment;before visit;2024-01-19 00:15:00+00:00;0.578;;
808410;treatment;before visit;2024-01-19 00:30:00+00:00;0.566;;
808410;treatment;before visit;2024-01-19 00:45:00+00:00;0.573;;
808410;treatment;before visit;2024-01-19 01:00:00+00:00;0.573;;
808410;treatment;before visit;2024-01-19 01:15:00+00:00;0.57;;
808410;treatment;before visit;2024-01-19 01:30:00+00:00;0.584;;
808410;treatment;before visit;2024-01-19 01:45:00+00:00;0.576;;
808410;treatment;before visit;2024-01-19 02:00:00+00:00;0.57;;
808410;treatment;before visit;2024-01-19 02:15:00+00:00;0.567;;
808410;treatment;before visit;2024-01-19 02:30:00+00:00;0.558;;
808410;treatment;before visit;2024-01-19 02:45:00+00:00;0.521;;
808410;treatment;before visit;2024-01-19 03:00:00+00:00;0.573;;
808410;treatment;before visit;2024-01-19 03:15:00+00:00;0.584;;
808410;treatment;before visit;2024-01-19 03:30:00+00:00;0.587;;
808410;treatment;before visit;2024-01-19 03:45:00+00:00;0.59;;
808410;treatment;before visit;2024-01-19 04:00:00+00:00;0.591;;
808410;treatment;before visit;2024-01-19 04:15:00+00:00;0.596;;
808410;treatment;before visit;2024-01-19 04:30:00+00:00;0.594;;
808410;treatment;before visit;2024-01-19 04:45:00+00:00;0.587;;
808410;treatment;before visit;2024-01-19 05:00:00+00:00;0.602;;
808410;treatment;before visit;2024-01-19 05:15:00+00:00;0.593;;
808410;treatment;before visit;2024-01-19 05:30:00+00:00;0.577;;
808410;treatment;before visit;2024-01-19 05:45:00+00:00;0.458;;
808410;treatment;before visit;2024-01-19 06:00:00+00:00;0.616;;
808410;treatment;before visit;2024-01-19 06:15:00+00:00;0.58;;
808410;treatment;before visit;2024-01-19 06:30:00+00:00;0.583;;
808410;treatment;before visit;2024-01-19 06:45:00+00:00;0.641;;
808410;treatment;before visit;2024-01-19 07:00:00+00:00;0.861;;
808410;treatment;before visit;2024-01-19 07:15:00+00:00;0.763;;
808410;treatment;before visit;2024-01-19 07:30:00+00:00;0.741;;
808410;treatment;before visit;2024-01-19 07:45:00+00:00;0.704;;
808410;treatment;before visit;2024-01-19 08:00:00+00:00;0.64;;
808410;treatment;before visit;2024-01-19 08:15:00+00:00;0.66;;
808410;treatment;before visit;2024-01-19 08:30:00+00:00;0.682;;
808410;treatment;before visit;2024-01-19 08:45:00+00:00;0.644;;
808410;treatment;before visit;2024-01-19 09:00:00+00:00;0.627;;
808410;treatment;before visit;2024-01-19 09:15:00+00:00;0.721;;
808410;treatment;before visit;2024-01-19 09:30:00+00:00;0.729;;
808410;treatment;before visit;2024-01-19 09:45:00+00:00;0.728;;
808410;treatment;before visit;2024-01-19 10:00:00+00:00;0.728;;
808410;treatment;before visit;2024-01-19 10:15:00+00:00;0.728;;
808410;treatment;before visit;2024-01-19 10:30:00+00:00;0.742;;
808410;treatment;before visit;2024-01-19 10:45:00+00:00;0.707;;
808410;treatment;before visit;2024-01-19 11:00:00+00:00;0.415;;
808410;treatment;before visit;2024-01-19 11:15:00+00:00;0.11;;
808410;treatment;before visit;2024-01-19 11:30:00+00:00;0.413;;
808410;treatment;before visit;2024-01-19 11:45:00+00:00;0.721;;
808410;treatment;before visit;2024-01-19 12:00:00+00:00;0.549;;
808410;treatment;before visit;2024-01-19 12:15:00+00:00;0.328;;
808410;treatment;before visit;2024-01-19 12:30:00+00:00;0.13;;
808410;treatment;before visit;2024-01-19 12:45:00+00:00;0.439;;
808410;treatment;before visit;2024-01-19 13:00:00+00:00;0.699;;
808410;treatment;before visit;2024-01-19 13:15:00+00:00;0.602;;
808410;treatment;before visit;2024-01-19 13:30:00+00:00;0.495;;
808410;treatment;before visit;2024-01-19 13:45:00+00:00;0.031;;
808410;treatment;before visit;2024-01-19 14:00:00+00:00;0.0;;
808410;treatment;before visit;2024-01-19 14:15:00+00:00;0.513;;
808410;treatment;before visit;2024-01-19 14:30:00+00:00;0.427;;
808410;treatment;before visit;2024-01-19 14:45:00+00:00;0.375;;
808410;treatment;before visit;2024-01-19 15:00:00+00:00;0.08;;
808410;treatment;before visit;2024-01-19 15:15:00+00:00;0.001;;
808410;treatment;before visit;2024-01-19 15:30:00+00:00;0.459;;
808410;treatment;before visit;2024-01-19 15:45:00+00:00;0.669;;
808410;treatment;before visit;2024-01-19 16:00:00+00:00;0.638;;
808410;treatment;before visit;2024-01-19 16:15:00+00:00;0.469;;
808410;treatment;before visit;2024-01-19 16:30:00+00:00;0.165;;
808410;treatment;before visit;2024-01-19 16:45:00+00:00;0.192;;
808410;treatment;before visit;2024-01-19 17:00:00+00:00;1.297;;
808410;treatment;before visit;2024-01-19 17:15:00+00:00;0.836;;
808410;treatment;before visit;2024-01-19 17:30:00+00:00;0.679;;
808410;treatment;before visit;2024-01-19 17:45:00+00:00;0.547;;
808410;treatment;before visit;2024-01-19 18:00:00+00:00;0.11;;
808410;treatment;before visit;2024-01-19 18:15:00+00:00;0.119;;
808410;treatment;before visit;2024-01-19 18:30:00+00:00;0.444;;
808410;treatment;before visit;2024-01-19 18:45:00+00:00;0.913;;
808410;treatment;before visit;2024-01-19 19:00:00+00:00;0.765;;
808410;treatment;before visit;2024-01-19 19:15:00+00:00;0.683;;
808410;treatment;before visit;2024-01-19 19:30:00+00:00;0.66;;
808410;treatment;before visit;2024-01-19 19:45:00+00:00;0.624;;
808410;treatment;before visit;2024-01-19 20:00:00+00:00;0.431;;
808410;treatment;before visit;2024-01-19 20:15:00+00:00;0.344;;
808410;treatment;before visit;2024-01-19 20:30:00+00:00;0.439;;
808410;treatment;before visit;2024-01-19 20:45:00+00:00;0.899;;
808410;treatment;before visit;2024-01-19 21:00:00+00:00;0.787;;
808410;treatment;before visit;2024-01-19 21:15:00+00:00;0.994;;
808410;treatment;before visit;2024-01-19 21:30:00+00:00;0.57;;
808410;treatment;before visit;2024-01-19 21:45:00+00:00;0.225;;
808410;treatment;before visit;2024-01-19 22:00:00+00:00;0.107;;
808410;treatment;before visit;2024-01-19 22:15:00+00:00;0.392;;
808410;treatment;before visit;2024-01-19 22:30:00+00:00;0.831;;
808410;treatment;before visit;2024-01-19 22:45:00+00:00;0.694;;
808410;treatment;before visit;2024-01-19 23:00:00+00:00;0.745;;
808410;treatment;before visit;2024-01-19 23:15:00+00:00;0.753;;
808410;treatment;before visit;2024-01-19 23:30:00+00:00;0.359;;
808410;treatment;before visit;2024-01-19 23:45:00+00:00;0.232;;
808410;treatment;before visit;2024-01-20 00:00:00+00:00;0.606;;
808410;treatment;before visit;2024-01-20 00:15:00+00:00;0.893;;
808410;treatment;before visit;2024-01-20 00:30:00+00:00;0.7;;
808410;treatment;before visit;2024-01-20 00:45:00+00:00;0.897;;
808410;treatment;before visit;2024-01-20 01:00:00+00:00;0.805;;
808410;treatment;before visit;2024-01-20 01:15:00+00:00;0.774;;
808410;treatment;before visit;2024-01-20 01:30:00+00:00;0.681;;
808410;treatment;before visit;2024-01-20 01:45:00+00:00;0.664;;
808410;treatment;before visit;2024-01-20 02:00:00+00:00;0.674;;
808410;treatment;before visit;2024-01-20 02:15:00+00:00;0.679;;
808410;treatment;before visit;2024-01-20 02:30:00+00:00;0.677;;
808410;treatment;before visit;2024-01-20 02:45:00+00:00;0.668;;
808410;treatment;before visit;2024-01-20 03:00:00+00:00;0.727;;
808410;treatment;before visit;2024-01-20 03:15:00+00:00;0.829;;
808410;treatment;before visit;2024-01-20 03:30:00+00:00;0.764;;
808410;treatment;before visit;2024-01-20 03:45:00+00:00;0.693;;
808410;treatment;before visit;2024-01-20 04:00:00+00:00;0.566;;
808410;treatment;before visit;2024-01-20 04:15:00+00:00;0.553;;
808410;treatment;before visit;2024-01-20 04:30:00+00:00;0.56;;
808410;treatment;before visit;2024-01-20 04:45:00+00:00;0.487;;
808410;treatment;before visit;2024-01-20 05:00:00+00:00;0.682;;
808410;treatment;before visit;2024-01-20 05:15:00+00:00;0.591;;
808410;treatment;before visit;2024-01-20 05:30:00+00:00;0.559;;
808410;treatment;before visit;2024-01-20 05:45:00+00:00;0.556;;
808410;treatment;before visit;2024-01-20 06:00:00+00:00;0.569;;
808410;treatment;before visit;2024-01-20 06:15:00+00:00;0.557;;
808410;treatment;before visit;2024-01-20 06:30:00+00:00;0.55;;
808410;treatment;before visit;2024-01-20 06:45:00+00:00;0.55;;
808410;treatment;before visit;2024-01-20 07:00:00+00:00;0.591;;
808410;treatment;before visit;2024-01-20 07:15:00+00:00;0.9;;
808410;treatment;before visit;2024-01-20 07:30:00+00:00;0.75;;
808410;treatment;before visit;2024-01-20 07:45:00+00:00;0.567;;
808410;treatment;before visit;2024-01-20 08:00:00+00:00;0.564;;
808410;treatment;before visit;2024-01-20 08:15:00+00:00;0.569;;
808410;treatment;before visit;2024-01-20 08:30:00+00:00;0.568;;
808410;treatment;before visit;2024-01-20 08:45:00+00:00;0.597;;
808410;treatment;before visit;2024-01-20 09:00:00+00:00;0.56;;
808410;treatment;before visit;2024-01-20 09:15:00+00:00;0.073;;
808410;treatment;before visit;2024-01-20 09:30:00+00:00;0.108;;
808410;treatment;before visit;2024-01-20 09:45:00+00:00;0.458;;
808410;treatment;before visit;2024-01-20 10:00:00+00:00;0.689;;
808410;treatment;before visit;2024-01-20 10:15:00+00:00;0.528;;
808410;treatment;before visit;2024-01-20 10:30:00+00:00;0.532;;
808410;treatment;before visit;2024-01-20 10:45:00+00:00;0.451;;
808410;treatment;before visit;2024-01-20 11:00:00+00:00;0.412;;
808410;treatment;before visit;2024-01-20 11:15:00+00:00;0.309;;
808410;treatment;before visit;2024-01-20 11:30:00+00:00;0.489;;
808410;treatment;before visit;2024-01-20 11:45:00+00:00;0.26;;
808410;treatment;before visit;2024-01-20 12:00:00+00:00;0.171;;
808410;treatment;before visit;2024-01-20 12:15:00+00:00;0.154;;
808410;treatment;before visit;2024-01-20 12:30:00+00:00;0.088;;
808410;treatment;before visit;2024-01-20 12:45:00+00:00;0.058;;
808410;treatment;before visit;2024-01-20 13:00:00+00:00;0.009;;
808410;treatment;before visit;2024-01-20 13:15:00+00:00;0.0;;
808410;treatment;before visit;2024-01-20 13:30:00+00:00;0.0;;
808410;treatment;before visit;2024-01-20 13:45:00+00:00;0.001;;
808410;treatment;before visit;2024-01-20 14:00:00+00:00;0.0;;
808410;treatment;before visit;2024-01-20 14:15:00+00:00;0.065;;
808410;treatment;before visit;2024-01-20 14:30:00+00:00;0.194;;
808410;treatment;before visit;2024-01-20 14:45:00+00:00;0.218;;
808410;treatment;before visit;2024-01-20 15:00:00+00:00;0.2;;
808410;treatment;before visit;2024-01-20 15:15:00+00:00;0.258;;
808410;treatment;before visit;2024-01-20 15:30:00+00:00;0.322;;
808410;treatment;before visit;2024-01-20 15:45:00+00:00;0.43;;
808410;treatment;before visit;2024-01-20 16:00:00+00:00;0.541;;
808410;treatment;before visit;2024-01-20 16:15:00+00:00;0.541;;
808410;treatment;before visit;2024-01-20 16:30:00+00:00;0.575;;
808410;treatment;before visit;2024-01-20 16:45:00+00:00;0.559;;
808410;treatment;before visit;2024-01-20 17:00:00+00:00;0.561;;
808410;treatment;before visit;2024-01-20 17:15:00+00:00;0.526;;
808410;treatment;before visit;2024-01-20 17:30:00+00:00;0.705;;
808410;treatment;before visit;2024-01-20 17:45:00+00:00;0.846;;
808410;treatment;before visit;2024-01-20 18:00:00+00:00;0.519;;
808410;treatment;before visit;2024-01-20 18:15:00+00:00;0.514;;
808410;treatment;before visit;2024-01-20 18:30:00+00:00;0.525;;
808410;treatment;before visit;2024-01-20 18:45:00+00:00;0.548;;
808410;treatment;before visit;2024-01-20 19:00:00+00:00;0.535;;
808410;treatment;before visit;2024-01-20 19:15:00+00:00;0.529;;
808410;treatment;before visit;2024-01-20 19:30:00+00:00;0.59;;
808410;treatment;before visit;2024-01-20 19:45:00+00:00;0.733;;
808410;treatment;before visit;2024-01-20 20:00:00+00:00;0.683;;
808410;treatment;before visit;2024-01-20 20:15:00+00:00;0.63;;
808410;treatment;before visit;2024-01-20 20:30:00+00:00;0.611;;
808410;treatment;before visit;2024-01-20 20:45:00+00:00;0.598;;
808410;treatment;before visit;2024-01-20 21:00:00+00:00;0.614;;
808410;treatment;before visit;2024-01-20 21:15:00+00:00;0.584;;
808410;treatment;before visit;2024-01-20 21:30:00+00:00;0.101;;
808410;treatment;before visit;2024-01-20 21:45:00+00:00;0.111;;
808410;treatment;before visit;2024-01-20 22:00:00+00:00;0.483;;
808410;treatment;before visit;2024-01-20 22:15:00+00:00;0.518;;
808410;treatment;before visit;2024-01-20 22:30:00+00:00;0.862;;
808410;treatment;before visit;2024-01-20 22:45:00+00:00;0.663;;
808410;treatment;before visit;2024-01-20 23:00:00+00:00;0.599;;
808410;treatment;before visit;2024-01-20 23:15:00+00:00;0.614;;
808410;treatment;before visit;2024-01-20 23:30:00+00:00;0.617;;
808410;treatment;before visit;2024-01-20 23:45:00+00:00;0.596;;
808410;treatment;before visit;2024-01-21 00:00:00+00:00;0.544;;
808410;treatment;before visit;2024-01-21 00:15:00+00:00;0.573;;
808410;treatment;before visit;2024-01-21 00:30:00+00:00;0.553;;
808410;treatment;before visit;2024-01-21 00:45:00+00:00;0.555;;
808410;treatment;before visit;2024-01-21 01:00:00+00:00;0.553;;
808410;treatment;before visit;2024-01-21 01:15:00+00:00;0.55;;
808410;treatment;before visit;2024-01-21 01:30:00+00:00;0.542;;
808410;treatment;before visit;2024-01-21 01:45:00+00:00;0.458;;
808410;treatment;before visit;2024-01-21 02:00:00+00:00;0.768;;
808410;treatment;before visit;2024-01-21 02:15:00+00:00;0.65;;
808410;treatment;before visit;2024-01-21 02:30:00+00:00;0.594;;
808410;treatment;before visit;2024-01-21 02:45:00+00:00;0.596;;
808410;treatment;before visit;2024-01-21 03:00:00+00:00;0.594;;
808410;treatment;before visit;2024-01-21 03:15:00+00:00;0.594;;
808410;treatment;before visit;2024-01-21 03:30:00+00:00;0.461;;
808410;treatment;before visit;2024-01-21 03:45:00+00:00;0.182;;
808410;treatment;before visit;2024-01-21 04:00:00+00:00;0.354;;
808410;treatment;before visit;2024-01-21 04:15:00+00:00;0.713;;
808410;treatment;before visit;2024-01-21 04:30:00+00:00;0.644;;
808410;treatment;before visit;2024-01-21 04:45:00+00:00;0.649;;
808410;treatment;before visit;2024-01-21 05:00:00+00:00;0.692;;
808410;treatment;before visit;2024-01-21 05:15:00+00:00;0.663;;
808410;treatment;before visit;2024-01-21 05:30:00+00:00;0.651;;
808410;treatment;before visit;2024-01-21 05:45:00+00:00;0.672;;
808410;treatment;before visit;2024-01-21 06:00:00+00:00;0.713;;
808410;treatment;before visit;2024-01-21 06:15:00+00:00;0.659;;
808410;treatment;before visit;2024-01-21 06:30:00+00:00;0.676;;
808410;treatment;before visit;2024-01-21 06:45:00+00:00;0.683;;
808410;treatment;before visit;2024-01-21 07:00:00+00:00;0.659;;
808410;treatment;before visit;2024-01-21 07:15:00+00:00;0.881;;
808410;treatment;before visit;2024-01-21 07:30:00+00:00;0.759;;
808410;treatment;before visit;2024-01-21 07:45:00+00:00;0.51;;
808410;treatment;before visit;2024-01-21 08:00:00+00:00;0.646;;
808410;treatment;before visit;2024-01-21 08:15:00+00:00;0.594;;
808410;treatment;before visit;2024-01-21 08:30:00+00:00;0.604;;
808410;treatment;before visit;2024-01-21 08:45:00+00:00;0.578;;
808410;treatment;before visit;2024-01-21 09:00:00+00:00;0.563;;
808410;treatment;before visit;2024-01-21 09:15:00+00:00;0.53;;
808410;treatment;before visit;2024-01-21 09:30:00+00:00;0.515;;
808410;treatment;before visit;2024-01-21 09:45:00+00:00;0.375;;
808410;treatment;before visit;2024-01-21 10:00:00+00:00;0.264;;
808410;treatment;before visit;2024-01-21 10:15:00+00:00;0.011;;
808410;treatment;before visit;2024-01-21 10:30:00+00:00;0.067;;
808410;treatment;before visit;2024-01-21 10:45:00+00:00;0.64;;
808410;treatment;before visit;2024-01-21 11:00:00+00:00;0.51;;
808410;treatment;before visit;2024-01-21 11:15:00+00:00;0.411;;
808410;treatment;before visit;2024-01-21 11:30:00+00:00;0.329;;
808410;treatment;before visit;2024-01-21 11:45:00+00:00;0.0;;
808410;treatment;before visit;2024-01-21 12:00:00+00:00;0.122;;
808410;treatment;before visit;2024-01-21 12:15:00+00:00;0.296;;
808410;treatment;before visit;2024-01-21 12:30:00+00:00;0.474;;
808410;treatment;before visit;2024-01-21 12:45:00+00:00;0.093;;
808410;treatment;before visit;2024-01-21 13:00:00+00:00;0.116;;
808410;treatment;before visit;2024-01-21 13:15:00+00:00;0.0;;
808410;treatment;before visit;2024-01-21 13:30:00+00:00;0.0;;
808410;treatment;before visit;2024-01-21 13:45:00+00:00;0.088;;
808410;treatment;before visit;2024-01-21 14:00:00+00:00;0.105;;
808410;treatment;before visit;2024-01-21 14:15:00+00:00;0.126;;
808410;treatment;before visit;2024-01-21 14:30:00+00:00;0.106;;
808410;treatment;before visit;2024-01-21 14:45:00+00:00;0.008;;
808410;treatment;before visit;2024-01-21 15:00:00+00:00;0.0;;
808410;treatment;before visit;2024-01-21 15:15:00+00:00;0.287;;
808410;treatment;before visit;2024-01-21 15:30:00+00:00;0.423;;
808410;treatment;before visit;2024-01-21 15:45:00+00:00;0.437;;
808410;treatment;before visit;2024-01-21 16:00:00+00:00;0.416;;
808410;treatment;before visit;2024-01-21 16:15:00+00:00;0.147;;
808410;treatment;before visit;2024-01-21 16:30:00+00:00;0.225;;
808410;treatment;before visit;2024-01-21 16:45:00+00:00;0.797;;
808410;treatment;before visit;2024-01-21 17:00:00+00:00;0.609;;
808410;treatment;before visit;2024-01-21 17:15:00+00:00;0.62;;
808410;treatment;before visit;2024-01-21 17:30:00+00:00;0.526;;
808410;treatment;before visit;2024-01-21 17:45:00+00:00;0.113;;
808410;treatment;before visit;2024-01-21 18:00:00+00:00;0.598;;
808410;treatment;before visit;2024-01-21 18:15:00+00:00;0.657;;
808410;treatment;before visit;2024-01-21 18:30:00+00:00;0.567;;
808410;treatment;before visit;2024-01-21 18:45:00+00:00;0.372;;
808410;treatment;before visit;2024-01-21 19:00:00+00:00;0.136;;
808410;treatment;before visit;2024-01-21 19:15:00+00:00;0.434;;
808410;treatment;before visit;2024-01-21 19:30:00+00:00;0.767;;
808410;treatment;before visit;2024-01-21 19:45:00+00:00;0.626;;
808410;treatment;before visit;2024-01-21 20:00:00+00:00;0.628;;
808410;treatment;before visit;2024-01-21 20:15:00+00:00;0.284;;
808410;treatment;before visit;2024-01-21 20:30:00+00:00;0.365;;
808410;treatment;before visit;2024-01-21 20:45:00+00:00;0.815;;
808410;treatment;before visit;2024-01-21 21:00:00+00:00;0.74;;
808410;treatment;before visit;2024-01-21 21:15:00+00:00;0.631;;
808410;treatment;before visit;2024-01-21 21:30:00+00:00;0.779;;
808410;treatment;before visit;2024-01-21 21:45:00+00:00;0.816;;
808410;treatment;before visit;2024-01-21 22:00:00+00:00;0.147;;
808410;treatment;before visit;2024-01-21 22:15:00+00:00;0.107;;
808410;treatment;before visit;2024-01-21 22:30:00+00:00;0.701;;
808410;treatment;before visit;2024-01-21 22:45:00+00:00;0.619;;
808410;treatment;before visit;2024-01-21 23:00:00+00:00;0.535;;
808410;treatment;before visit;2024-01-21 23:15:00+00:00;0.345;;
808410;treatment;before visit;2024-01-21 23:30:00+00:00;0.099;;
808410;treatment;before visit;2024-01-21 23:45:00+00:00;0.342;;
808410;treatment;before visit;2024-01-22 00:00:00+00:00;0.611;;
808410;treatment;before visit;2024-01-22 00:15:00+00:00;0.679;;
808410;treatment;before visit;2024-01-22 00:30:00+00:00;0.552;;
808410;treatment;before visit;2024-01-22 00:45:00+00:00;0.509;;
808410;treatment;before visit;2024-01-22 01:00:00+00:00;0.327;;
808410;treatment;before visit;2024-01-22 01:15:00+00:00;0.148;;
808410;treatment;before visit;2024-01-22 01:30:00+00:00;0.548;;
808410;treatment;before visit;2024-01-22 01:45:00+00:00;0.662;;
808410;treatment;before visit;2024-01-22 02:00:00+00:00;0.566;;
808410;treatment;before visit;2024-01-22 02:15:00+00:00;0.387;;
808410;treatment;before visit;2024-01-22 02:30:00+00:00;0.118;;
808410;treatment;before visit;2024-01-22 02:45:00+00:00;0.384;;
808410;treatment;before visit;2024-01-22 03:00:00+00:00;0.712;;
808410;treatment;before visit;2024-01-22 03:15:00+00:00;0.605;;
808410;treatment;before visit;2024-01-22 03:30:00+00:00;0.501;;
808410;treatment;before visit;2024-01-22 03:45:00+00:00;0.2;;
808410;treatment;before visit;2024-01-22 04:00:00+00:00;0.369;;
808410;treatment;before visit;2024-01-22 04:15:00+00:00;0.682;;
808410;treatment;before visit;2024-01-22 04:30:00+00:00;0.808;;
808410;treatment;before visit;2024-01-22 04:45:00+00:00;0.705;;
808410;treatment;before visit;2024-01-22 05:00:00+00:00;0.638;;
808410;treatment;before visit;2024-01-22 05:15:00+00:00;0.441;;
808410;treatment;before visit;2024-01-22 05:30:00+00:00;0.216;;
808410;treatment;before visit;2024-01-22 05:45:00+00:00;0.585;;
808410;treatment;before visit;2024-01-22 06:00:00+00:00;0.798;;
808410;treatment;before visit;2024-01-22 06:15:00+00:00;0.908;;
808410;treatment;before visit;2024-01-22 06:30:00+00:00;0.706;;
808410;treatment;before visit;2024-01-22 06:45:00+00:00;0.51;;
808410;treatment;before visit;2024-01-22 07:00:00+00:00;0.242;;
808410;treatment;before visit;2024-01-22 07:15:00+00:00;0.517;;
808410;treatment;before visit;2024-01-22 07:30:00+00:00;0.808;;
808410;treatment;before visit;2024-01-22 07:45:00+00:00;0.799;;
808410;treatment;before visit;2024-01-22 08:00:00+00:00;0.333;;
808410;treatment;before visit;2024-01-22 08:15:00+00:00;0.125;;
808410;treatment;before visit;2024-01-22 08:30:00+00:00;0.18;;
808410;treatment;before visit;2024-01-22 08:45:00+00:00;0.525;;
808410;treatment;before visit;2024-01-22 09:00:00+00:00;0.539;;
808410;treatment;before visit;2024-01-22 09:15:00+00:00;0.377;;
808410;treatment;before visit;2024-01-22 09:30:00+00:00;0.201;;
808410;treatment;before visit;2024-01-22 09:45:00+00:00;0.0;;
808410;treatment;before visit;2024-01-22 10:00:00+00:00;0.0;;
808410;treatment;before visit;2024-01-22 10:15:00+00:00;0.195;;
808410;treatment;before visit;2024-01-22 10:30:00+00:00;0.157;;
808410;treatment;before visit;2024-01-22 10:45:00+00:00;0.043;;
808410;treatment;before visit;2024-01-22 11:00:00+00:00;0.011;;
808410;treatment;before visit;2024-01-22 11:15:00+00:00;0.0;;
808410;treatment;before visit;2024-01-22 11:30:00+00:00;0.001;;
808410;treatment;before visit;2024-01-22 11:45:00+00:00;0.351;;
808410;treatment;before visit;2024-01-22 12:00:00+00:00;0.322;;
808410;treatment;before visit;2024-01-22 12:15:00+00:00;0.24;;
808410;treatment;before visit;2024-01-22 12:30:00+00:00;0.005;;
808410;treatment;before visit;2024-01-22 12:45:00+00:00;0.065;;
808410;treatment;before visit;2024-01-22 13:00:00+00:00;0.249;;
808410;treatment;before visit;2024-01-22 13:15:00+00:00;0.153;;
808410;treatment;before visit;2024-01-22 13:30:00+00:00;0.638;;
808410;treatment;before visit;2024-01-22 13:45:00+00:00;0.485;;
808410;treatment;before visit;2024-01-22 14:00:00+00:00;0.407;;
808410;treatment;before visit;2024-01-22 14:15:00+00:00;0.086;;
808410;treatment;before visit;2024-01-22 14:30:00+00:00;0.12;;
808410;treatment;before visit;2024-01-22 14:45:00+00:00;0.502;;
808410;treatment;before visit;2024-01-22 15:00:00+00:00;0.586;;
808410;treatment;before visit;2024-01-22 15:15:00+00:00;0.53;;
808410;treatment;before visit;2024-01-22 15:30:00+00:00;0.288;;
808410;treatment;before visit;2024-01-22 15:45:00+00:00;0.173;;
808410;treatment;before visit;2024-01-22 16:00:00+00:00;0.323;;
808410;treatment;before visit;2024-01-22 16:15:00+00:00;0.696;;
808410;treatment;before visit;2024-01-22 16:30:00+00:00;0.546;;
808410;treatment;before visit;2024-01-22 16:45:00+00:00;0.348;;
808410;treatment;before visit;2024-01-22 17:00:00+00:00;0.161;;
808410;treatment;before visit;2024-01-22 17:15:00+00:00;0.171;;
808410;treatment;before visit;2024-01-22 17:30:00+00:00;1.053;;
808410;treatment;before visit;2024-01-22 17:45:00+00:00;0.547;;
808410;treatment;before visit;2024-01-22 18:00:00+00:00;0.403;;
808410;treatment;before visit;2024-01-22 18:15:00+00:00;0.124;;
808410;treatment;before visit;2024-01-22 18:30:00+00:00;0.142;;
808410;treatment;before visit;2024-01-22 18:45:00+00:00;0.492;;
808410;treatment;before visit;2024-01-22 19:00:00+00:00;0.565;;
808410;treatment;before visit;2024-01-22 19:15:00+00:00;0.493;;
808410;treatment;before visit;2024-01-22 19:30:00+00:00;0.193;;
808410;treatment;before visit;2024-01-22 19:45:00+00:00;0.147;;
808410;treatment;before visit;2024-01-22 20:00:00+00:00;0.358;;
808410;treatment;before visit;2024-01-22 20:15:00+00:00;0.582;;
808410;treatment;before visit;2024-01-22 20:30:00+00:00;0.529;;
808410;treatment;before visit;2024-01-22 20:45:00+00:00;0.453;;
808410;treatment;before visit;2024-01-22 21:00:00+00:00;0.195;;
808410;treatment;before visit;2024-01-22 21:15:00+00:00;0.203;;
808410;treatment;before visit;2024-01-22 21:30:00+00:00;0.579;;
808410;treatment;before visit;2024-01-22 21:45:00+00:00;0.629;;
808410;treatment;before visit;2024-01-22 22:00:00+00:00;0.557;;
808410;treatment;before visit;2024-01-22 22:15:00+00:00;0.438;;
808410;treatment;before visit;2024-01-22 22:30:00+00:00;0.205;;
808410;treatment;before visit;2024-01-22 22:45:00+00:00;0.215;;
808410;treatment;before visit;2024-01-22 23:00:00+00:00;0.585;;
808410;treatment;before visit;2024-01-22 23:15:00+00:00;0.601;;
808410;treatment;before visit;2024-01-22 23:30:00+00:00;0.534;;
808410;treatment;before visit;2024-01-22 23:45:00+00:00;0.363;;
808410;treatment;before visit;2024-01-23 00:00:00+00:00;0.21;;
808410;treatment;before visit;2024-01-23 00:15:00+00:00;0.264;;
808410;treatment;before visit;2024-01-23 00:30:00+00:00;0.736;;
808410;treatment;before visit;2024-01-23 00:45:00+00:00;0.581;;
808410;treatment;before visit;2024-01-23 01:00:00+00:00;0.49;;
808410;treatment;before visit;2024-01-23 01:15:00+00:00;0.138;;
808410;treatment;before visit;2024-01-23 01:30:00+00:00;0.093;;
808410;treatment;before visit;2024-01-23 01:45:00+00:00;0.346;;
808410;treatment;before visit;2024-01-23 02:00:00+00:00;0.555;;
808410;treatment;before visit;2024-01-23 02:15:00+00:00;0.431;;
808410;treatment;before visit;2024-01-23 02:30:00+00:00;0.219;;
808410;treatment;before visit;2024-01-23 02:45:00+00:00;0.102;;
808410;treatment;before visit;2024-01-23 03:00:00+00:00;0.214;;
808410;treatment;before visit;2024-01-23 03:15:00+00:00;0.609;;
808410;treatment;before visit;2024-01-23 03:30:00+00:00;0.472;;
808410;treatment;before visit;2024-01-23 03:45:00+00:00;0.329;;
808410;treatment;before visit;2024-01-23 04:00:00+00:00;0.102;;
808410;treatment;before visit;2024-01-23 04:15:00+00:00;0.113;;
808410;treatment;before visit;2024-01-23 04:30:00+00:00;0.55;;
808410;treatment;before visit;2024-01-23 04:45:00+00:00;0.497;;
808410;treatment;before visit;2024-01-23 05:00:00+00:00;0.421;;
808410;treatment;before visit;2024-01-23 05:15:00+00:00;0.171;;
808410;treatment;before visit;2024-01-23 05:30:00+00:00;0.113;;
808410;treatment;before visit;2024-01-23 05:45:00+00:00;0.363;;
808410;treatment;before visit;2024-01-23 06:00:00+00:00;0.546;;
808410;treatment;before visit;2024-01-23 06:15:00+00:00;0.455;;
808410;treatment;before visit;2024-01-23 06:30:00+00:00;0.24;;
808410;treatment;before visit;2024-01-23 06:45:00+00:00;0.259;;
808410;treatment;before visit;2024-01-23 07:00:00+00:00;0.288;;
808410;treatment;before visit;2024-01-23 07:15:00+00:00;0.627;;
808410;treatment;before visit;2024-01-23 07:30:00+00:00;0.434;;
808410;treatment;before visit;2024-01-23 07:45:00+00:00;0.331;;
808410;treatment;before visit;2024-01-23 08:00:00+00:00;0.024;;
808410;treatment;before visit;2024-01-23 08:15:00+00:00;0.0;;
808410;treatment;before visit;2024-01-23 08:30:00+00:00;0.294;;
808410;treatment;before visit;2024-01-23 08:45:00+00:00;0.388;;
808410;treatment;before visit;2024-01-23 09:00:00+00:00;0.028;;
808410;treatment;before visit;2024-01-23 09:15:00+00:00;0.007;;
808410;treatment;before visit;2024-01-23 09:30:00+00:00;0.016;;
808410;treatment;before visit;2024-01-23 09:45:00+00:00;0.238;;
808410;treatment;before visit;2024-01-23 10:00:00+00:00;0.299;;
808410;treatment;before visit;2024-01-23 10:15:00+00:00;0.033;;
808410;treatment;before visit;2024-01-23 10:30:00+00:00;0.319;;
808410;treatment;before visit;2024-01-23 10:45:00+00:00;0.089;;
808410;treatment;before visit;2024-01-23 11:00:00+00:00;0.073;;
808410;treatment;before visit;2024-01-23 11:15:00+00:00;0.0;;
808410;treatment;before visit;2024-01-23 11:30:00+00:00;0.0;;
808410;treatment;before visit;2024-01-23 11:45:00+00:00;0.012;;
808410;treatment;before visit;2024-01-23 12:00:00+00:00;0.01;;
808410;treatment;before visit;2024-01-23 12:15:00+00:00;0.014;;
808410;treatment;before visit;2024-01-23 12:30:00+00:00;0.0;;
808410;treatment;before visit;2024-01-23 12:45:00+00:00;0.0;;
808410;treatment;before visit;2024-01-23 13:00:00+00:00;0.129;;
808410;treatment;before visit;2024-01-23 13:15:00+00:00;1.042;;
808410;treatment;before visit;2024-01-23 13:30:00+00:00;0.897;;
808410;treatment;before visit;2024-01-23 13:45:00+00:00;0.418;;
808410;treatment;before visit;2024-01-23 14:00:00+00:00;0.209;;
808410;treatment;before visit;2024-01-23 14:15:00+00:00;0.155;;
808410;treatment;before visit;2024-01-23 14:30:00+00:00;0.098;;
808410;treatment;before visit;2024-01-23 14:45:00+00:00;0.443;;
808410;treatment;before visit;2024-01-23 15:00:00+00:00;0.51;;
808410;treatment;before visit;2024-01-23 15:15:00+00:00;0.444;;
808410;treatment;before visit;2024-01-23 15:30:00+00:00;0.155;;
808410;treatment;before visit;2024-01-23 15:45:00+00:00;0.154;;
808410;treatment;before visit;2024-01-23 16:00:00+00:00;0.144;;
808410;treatment;before visit;2024-01-23 16:15:00+00:00;0.362;;
808410;treatment;before visit;2024-01-23 16:30:00+00:00;0.644;;
808410;treatment;before visit;2024-01-23 16:45:00+00:00;0.504;;
808410;treatment;before visit;2024-01-23 17:00:00+00:00;0.234;;
808410;treatment;before visit;2024-01-23 17:15:00+00:00;0.117;;
808410;treatment;before visit;2024-01-23 17:30:00+00:00;0.318;;
808410;treatment;before visit;2024-01-23 17:45:00+00:00;0.413;;
808410;treatment;before visit;2024-01-23 18:00:00+00:00;0.586;;
808410;treatment;before visit;2024-01-23 18:15:00+00:00;0.455;;
808410;treatment;before visit;2024-01-23 18:30:00+00:00;0.428;;
808410;treatment;before visit;2024-01-23 18:45:00+00:00;0.239;;
808410;treatment;before visit;2024-01-23 19:00:00+00:00;0.243;;
808410;treatment;before visit;2024-01-23 19:15:00+00:00;0.255;;
808410;treatment;before visit;2024-01-23 19:30:00+00:00;0.75;;
808410;treatment;before visit;2024-01-23 19:45:00+00:00;0.712;;
808410;treatment;before visit;2024-01-23 20:00:00+00:00;0.587;;
808410;treatment;before visit;2024-01-23 20:15:00+00:00;0.448;;
808410;treatment;before visit;2024-01-23 20:30:00+00:00;0.211;;
808410;treatment;before visit;2024-01-23 20:45:00+00:00;0.212;;
808410;treatment;before visit;2024-01-23 21:00:00+00:00;0.22;;
808410;treatment;before visit;2024-01-23 21:15:00+00:00;0.494;;
808410;treatment;before visit;2024-01-23 21:30:00+00:00;0.67;;
808410;treatment;before visit;2024-01-23 21:45:00+00:00;0.562;;
808410;treatment;before visit;2024-01-23 22:00:00+00:00;0.499;;
808410;treatment;before visit;2024-01-23 22:15:00+00:00;0.416;;
808410;treatment;before visit;2024-01-23 22:30:00+00:00;0.214;;
808410;treatment;before visit;2024-01-23 22:45:00+00:00;0.207;;
808410;treatment;before visit;2024-01-23 23:00:00+00:00;0.201;;
808410;treatment;before visit;2024-01-23 23:15:00+00:00;0.547;;
808410;treatment;before visit;2024-01-23 23:30:00+00:00;0.655;;
808410;treatment;before visit;2024-01-23 23:45:00+00:00;0.491;;
808410;treatment;before visit;2024-01-24 00:00:00+00:00;0.336;;
808410;treatment;before visit;2024-01-24 00:15:00+00:00;0.1;;
808410;treatment;before visit;2024-01-24 00:30:00+00:00;0.084;;
808410;treatment;before visit;2024-01-24 00:45:00+00:00;0.074;;
808410;treatment;before visit;2024-01-24 01:00:00+00:00;0.46;;
808410;treatment;before visit;2024-01-24 01:15:00+00:00;0.546;;
808410;treatment;before visit;2024-01-24 01:30:00+00:00;0.442;;
808410;treatment;before visit;2024-01-24 01:45:00+00:00;0.103;;
808410;treatment;before visit;2024-01-24 02:00:00+00:00;0.103;;
808410;treatment;before visit;2024-01-24 02:15:00+00:00;0.074;;
808410;treatment;before visit;2024-01-24 02:30:00+00:00;0.444;;
808410;treatment;before visit;2024-01-24 02:45:00+00:00;0.494;;
808410;treatment;before visit;2024-01-24 03:00:00+00:00;0.398;;
808410;treatment;before visit;2024-01-24 03:15:00+00:00;0.127;;
808410;treatment;before visit;2024-01-24 03:30:00+00:00;0.13;;
808410;treatment;before visit;2024-01-24 03:45:00+00:00;0.093;;
808410;treatment;before visit;2024-01-24 04:00:00+00:00;0.443;;
808410;treatment;before visit;2024-01-24 04:15:00+00:00;0.487;;
808410;treatment;before visit;2024-01-24 04:30:00+00:00;0.386;;
808410;treatment;before visit;2024-01-24 04:45:00+00:00;0.16;;
808410;treatment;before visit;2024-01-24 05:00:00+00:00;0.1;;
808410;treatment;before visit;2024-01-24 05:15:00+00:00;0.091;;
808410;treatment;before visit;2024-01-24 05:30:00+00:00;0.387;;
808410;treatment;before visit;2024-01-24 05:45:00+00:00;0.458;;
808410;treatment;before visit;2024-01-24 06:00:00+00:00;0.373;;
808410;treatment;before visit;2024-01-24 06:15:00+00:00;0.164;;
808410;treatment;before visit;2024-01-24 06:30:00+00:00;0.355;;
808410;treatment;before visit;2024-01-24 06:45:00+00:00;0.143;;
808410;treatment;before visit;2024-01-24 07:00:00+00:00;0.362;;
808410;treatment;before visit;2024-01-24 07:15:00+00:00;0.398;;
808410;treatment;before visit;2024-01-24 07:30:00+00:00;0.228;;
808410;treatment;before visit;2024-01-24 07:45:00+00:00;0.048;;
808410;treatment;before visit;2024-01-24 08:00:00+00:00;0.034;;
808410;treatment;before visit;2024-01-24 08:15:00+00:00;0.223;;
808410;treatment;before visit;2024-01-24 08:30:00+00:00;0.254;;
808410;treatment;before visit;2024-01-24 08:45:00+00:00;0.372;;
808410;treatment;before visit;2024-01-24 09:00:00+00:00;0.226;;
808410;treatment;before visit;2024-01-24 09:15:00+00:00;0.175;;
808410;treatment;before visit;2024-01-24 09:30:00+00:00;0.092;;
808410;treatment;before visit;2024-01-24 09:45:00+00:00;0.225;;
808410;treatment;before visit;2024-01-24 10:00:00+00:00;0.874;;
808410;treatment;before visit;2024-01-24 10:15:00+00:00;0.343;;
808410;treatment;before visit;2024-01-24 10:30:00+00:00;0.226;;
808410;treatment;before visit;2024-01-24 10:45:00+00:00;0.088;;
808410;treatment;before visit;2024-01-24 11:00:00+00:00;0.247;;
808410;treatment;before visit;2024-01-24 11:15:00+00:00;0.062;;
808410;treatment;before visit;2024-01-24 11:30:00+00:00;0.249;;
808410;treatment;before visit;2024-01-24 11:45:00+00:00;0.321;;
808410;treatment;before visit;2024-01-24 12:00:00+00:00;0.23;;
808410;treatment;before visit;2024-01-24 12:15:00+00:00;0.0;;
808410;treatment;before visit;2024-01-24 12:30:00+00:00;0.013;;
808410;treatment;before visit;2024-01-24 12:45:00+00:00;0.0;;
808410;treatment;before visit;2024-01-24 13:00:00+00:00;0.049;;
808410;treatment;before visit;2024-01-24 13:15:00+00:00;0.301;;
808410;treatment;before visit;2024-01-24 13:30:00+00:00;0.228;;
808410;treatment;before visit;2024-01-24 13:45:00+00:00;0.074;;
808410;treatment;before visit;2024-01-24 14:00:00+00:00;0.033;;
808410;treatment;before visit;2024-01-24 14:15:00+00:00;0.026;;
808410;treatment;before visit;2024-01-24 14:30:00+00:00;0.069;;
808410;treatment;before visit;2024-01-24 14:45:00+00:00;0.433;;
808410;treatment;before visit;2024-01-24 15:00:00+00:00;0.365;;
808410;treatment;before visit;2024-01-24 15:15:00+00:00;0.25;;
808410;treatment;before visit;2024-01-24 15:30:00+00:00;0.103;;
808410;treatment;before visit;2024-01-24 15:45:00+00:00;0.134;;
808410;treatment;before visit;2024-01-24 16:00:00+00:00;0.138;;
808410;treatment;before visit;2024-01-24 16:15:00+00:00;0.38;;
808410;treatment;before visit;2024-01-24 16:30:00+00:00;0.434;;
808410;treatment;before visit;2024-01-24 16:45:00+00:00;0.377;;
808410;treatment;before visit;2024-01-24 17:00:00+00:00;0.144;;
808410;treatment;before visit;2024-01-24 17:15:00+00:00;0.155;;
808410;treatment;before visit;2024-01-24 17:30:00+00:00;0.156;;
808410;treatment;before visit;2024-01-24 17:45:00+00:00;0.207;;
808410;treatment;before visit;2024-01-24 18:00:00+00:00;0.506;;
808410;treatment;before visit;2024-01-24 18:15:00+00:00;0.381;;
808410;treatment;before visit;2024-01-24 18:30:00+00:00;0.223;;
808410;treatment;before visit;2024-01-24 18:45:00+00:00;0.122;;
808410;treatment;before visit;2024-01-24 19:00:00+00:00;0.123;;
808410;treatment;before visit;2024-01-24 19:15:00+00:00;0.133;;
808410;treatment;before visit;2024-01-24 19:30:00+00:00;0.461;;
808410;treatment;before visit;2024-01-24 19:45:00+00:00;0.402;;
808410;treatment;before visit;2024-01-24 20:00:00+00:00;0.325;;
808410;treatment;before visit;2024-01-24 20:15:00+00:00;0.133;;
808410;treatment;before visit;2024-01-24 20:30:00+00:00;0.118;;
808410;treatment;before visit;2024-01-24 20:45:00+00:00;0.53;;
808410;treatment;before visit;2024-01-24 21:00:00+00:00;0.543;;
808410;treatment;before visit;2024-01-24 21:15:00+00:00;0.434;;
808410;treatment;before visit;2024-01-24 21:30:00+00:00;0.326;;
808410;treatment;before visit;2024-01-24 21:45:00+00:00;0.188;;
808410;treatment;before visit;2024-01-24 22:00:00+00:00;0.181;;
808410;treatment;before visit;2024-01-24 22:15:00+00:00;0.368;;
808410;treatment;before visit;2024-01-24 22:30:00+00:00;0.597;;
808410;treatment;before visit;2024-01-24 22:45:00+00:00;0.485;;
808410;treatment;before visit;2024-01-24 23:00:00+00:00;0.324;;
808410;treatment;before visit;2024-01-24 23:15:00+00:00;0.191;;
808410;treatment;before visit;2024-01-24 23:30:00+00:00;0.196;;
808410;treatment;before visit;2024-01-24 23:45:00+00:00;0.31;;
808410;treatment;before visit;2024-01-25 00:00:00+00:00;0.621;;
808410;treatment;before visit;2024-01-25 00:15:00+00:00;0.5;;
808410;treatment;before visit;2024-01-25 00:30:00+00:00;0.392;;
808410;treatment;before visit;2024-01-25 00:45:00+00:00;0.206;;
808410;treatment;before visit;2024-01-25 01:00:00+00:00;0.205;;
808410;treatment;before visit;2024-01-25 01:15:00+00:00;0.184;;
808410;treatment;before visit;2024-01-25 01:30:00+00:00;0.491;;
808410;treatment;before visit;2024-01-25 01:45:00+00:00;0.412;;
808410;treatment;before visit;2024-01-25 02:00:00+00:00;0.287;;
808410;treatment;before visit;2024-01-25 02:15:00+00:00;0.073;;
808410;treatment;before visit;2024-01-25 02:30:00+00:00;0.08;;
808410;treatment;before visit;2024-01-25 02:45:00+00:00;0.084;;
808410;treatment;before visit;2024-01-25 03:00:00+00:00;0.49;;
808410;treatment;before visit;2024-01-25 03:15:00+00:00;0.411;;
808410;treatment;before visit;2024-01-25 03:30:00+00:00;0.335;;
808410;treatment;before visit;2024-01-25 03:45:00+00:00;0.09;;
808410;treatment;before visit;2024-01-25 04:00:00+00:00;0.081;;
808410;treatment;before visit;2024-01-25 04:15:00+00:00;0.095;;
808410;treatment;before visit;2024-01-25 04:30:00+00:00;0.362;;
808410;treatment;before visit;2024-01-25 04:45:00+00:00;0.434;;
808410;treatment;before visit;2024-01-25 05:00:00+00:00;0.346;;
808410;treatment;before visit;2024-01-25 05:15:00+00:00;0.096;;
808410;treatment;before visit;2024-01-25 05:30:00+00:00;0.082;;
808410;treatment;before visit;2024-01-25 05:45:00+00:00;0.087;;
808410;treatment;before visit;2024-01-25 06:00:00+00:00;0.433;;
808410;treatment;before visit;2024-01-25 06:15:00+00:00;0.447;;
808410;treatment;before visit;2024-01-25 06:30:00+00:00;0.291;;
808410;treatment;before visit;2024-01-25 06:45:00+00:00;0.091;;
808410;treatment;before visit;2024-01-25 07:00:00+00:00;0.301;;
808410;treatment;before visit;2024-01-25 07:15:00+00:00;0.172;;
808410;treatment;before visit;2024-01-25 07:30:00+00:00;0.584;;
808410;treatment;before visit;2024-01-25 07:45:00+00:00;0.376;;
808410;treatment;before visit;2024-01-25 08:00:00+00:00;0.218;;
808410;treatment;before visit;2024-01-25 08:15:00+00:00;0.093;;
808410;treatment;before visit;2024-01-25 08:30:00+00:00;0.043;;
808410;treatment;before visit;2024-01-25 08:45:00+00:00;0.155;;
808410;treatment;before visit;2024-01-25 09:00:00+00:00;0.398;;
808410;treatment;before visit;2024-01-25 09:15:00+00:00;0.277;;
808410;treatment;before visit;2024-01-25 09:30:00+00:00;0.151;;
808410;treatment;before visit;2024-01-25 09:45:00+00:00;0.0;;
808410;treatment;before visit;2024-01-25 10:00:00+00:00;0.038;;
808410;treatment;before visit;2024-01-25 10:15:00+00:00;0.037;;
808410;treatment;before visit;2024-01-25 10:30:00+00:00;0.182;;
808410;treatment;before visit;2024-01-25 10:45:00+00:00;0.077;;
808410;treatment;before visit;2024-01-25 11:00:00+00:00;0.174;;
808410;treatment;before visit;2024-01-25 11:15:00+00:00;0.0;;
808410;treatment;before visit;2024-01-25 11:30:00+00:00;0.0;;
808410;treatment;before visit;2024-01-25 11:45:00+00:00;0.0;;
808410;treatment;before visit;2024-01-25 12:00:00+00:00;0.0;;
808410;treatment;before visit;2024-01-25 12:15:00+00:00;0.0;;
808410;treatment;before visit;2024-01-25 12:30:00+00:00;0.11;;
808410;treatment;before visit;2024-01-25 12:45:00+00:00;0.025;;
808410;treatment;before visit;2024-01-25 13:00:00+00:00;0.023;;
808410;treatment;before visit;2024-01-25 13:15:00+00:00;0.0;;
808410;treatment;before visit;2024-01-25 13:30:00+00:00;0.0;;
808410;treatment;before visit;2024-01-25 13:45:00+00:00;0.0;;
808410;treatment;before visit;2024-01-25 14:00:00+00:00;0.077;;
808410;treatment;before visit;2024-01-25 14:15:00+00:00;0.181;;
808410;treatment;before visit;2024-01-25 14:30:00+00:00;0.167;;
808410;treatment;before visit;2024-01-25 14:45:00+00:00;0.051;;
808410;treatment;before visit;2024-01-25 15:00:00+00:00;0.067;;
808410;treatment;before visit;2024-01-25 15:15:00+00:00;0.039;;
808410;treatment;before visit;2024-01-25 15:30:00+00:00;0.269;;
808410;treatment;before visit;2024-01-25 15:45:00+00:00;0.485;;
808410;treatment;before visit;2024-01-25 16:00:00+00:00;0.449;;
808410;treatment;before visit;2024-01-25 16:15:00+00:00;0.253;;
808410;treatment;before visit;2024-01-25 16:30:00+00:00;0.173;;
808410;treatment;before visit;2024-01-25 16:45:00+00:00;0.145;;
808410;treatment;before visit;2024-01-25 17:00:00+00:00;0.266;;
808410;treatment;before visit;2024-01-25 17:15:00+00:00;0.538;;
808410;treatment;before visit;2024-01-25 17:30:00+00:00;0.679;;
808410;treatment;before visit;2024-01-25 17:45:00+00:00;0.223;;
808410;treatment;before visit;2024-01-25 18:00:00+00:00;0.09;;
808410;treatment;before visit;2024-01-25 18:15:00+00:00;0.095;;
808410;treatment;before visit;2024-01-25 18:30:00+00:00;0.319;;
808410;treatment;before visit;2024-01-25 18:45:00+00:00;0.521;;
808410;treatment;before visit;2024-01-25 19:00:00+00:00;0.406;;
808410;treatment;before visit;2024-01-25 19:15:00+00:00;0.206;;
808410;treatment;before visit;2024-01-25 19:30:00+00:00;0.125;;
808410;treatment;before visit;2024-01-25 19:45:00+00:00;0.132;;
808410;treatment;before visit;2024-01-25 20:00:00+00:00;0.279;;
808410;treatment;before visit;2024-01-25 20:15:00+00:00;0.611;;
808410;treatment;before visit;2024-01-25 20:30:00+00:00;0.516;;
808410;treatment;before visit;2024-01-25 20:45:00+00:00;0.4;;
808410;treatment;before visit;2024-01-25 21:00:00+00:00;0.196;;
808410;treatment;before visit;2024-01-25 21:15:00+00:00;0.178;;
808410;treatment;before visit;2024-01-25 21:30:00+00:00;0.191;;
808410;treatment;before visit;2024-01-25 21:45:00+00:00;0.476;;
808410;treatment;before visit;2024-01-25 22:00:00+00:00;0.583;;
808410;treatment;before visit;2024-01-25 22:15:00+00:00;0.488;;
808410;treatment;before visit;2024-01-25 22:30:00+00:00;0.308;;
808410;treatment;before visit;2024-01-25 22:45:00+00:00;0.191;;
808410;treatment;before visit;2024-01-25 23:00:00+00:00;0.19;;
808410;treatment;before visit;2024-01-25 23:15:00+00:00;0.206;;
808410;treatment;before visit;2024-01-25 23:30:00+00:00;0.641;;
808410;treatment;before visit;2024-01-25 23:45:00+00:00;0.555;;
808410;treatment;before visit;2024-01-26 00:00:00+00:00;0.459;;
808410;treatment;before visit;2024-01-26 00:15:00+00:00;0.23;;
808410;treatment;before visit;2024-01-26 00:30:00+00:00;0.166;;
808410;treatment;before visit;2024-01-26 00:45:00+00:00;0.072;;
808410;treatment;before visit;2024-01-26 01:00:00+00:00;0.278;;
808410;treatment;before visit;2024-01-26 01:15:00+00:00;0.497;;
808410;treatment;before visit;2024-01-26 01:30:00+00:00;0.399;;
808410;treatment;before visit;2024-01-26 01:45:00+00:00;0.243;;
808410;treatment;before visit;2024-01-26 02:00:00+00:00;0.08;;
808410;treatment;before visit;2024-01-26 02:15:00+00:00;0.073;;
808410;treatment;before visit;2024-01-26 02:30:00+00:00;0.091;;
808410;treatment;before visit;2024-01-26 02:45:00+00:00;0.495;;
808410;treatment;before visit;2024-01-26 03:00:00+00:00;0.464;;
808410;treatment;before visit;2024-01-26 03:15:00+00:00;0.317;;
808410;treatment;before visit;2024-01-26 03:30:00+00:00;0.087;;
808410;treatment;before visit;2024-01-26 03:45:00+00:00;0.082;;
808410;treatment;before visit;2024-01-26 04:00:00+00:00;0.073;;
808410;treatment;before visit;2024-01-26 04:15:00+00:00;0.446;;
808410;treatment;before visit;2024-01-26 04:30:00+00:00;0.499;;
808410;treatment;before visit;2024-01-26 04:45:00+00:00;0.402;;
808410;treatment;before visit;2024-01-26 05:00:00+00:00;0.088;;
808410;treatment;before visit;2024-01-26 05:15:00+00:00;0.112;;
808410;treatment;before visit;2024-01-26 05:30:00+00:00;0.123;;
808410;treatment;before visit;2024-01-26 05:45:00+00:00;0.388;;
808410;treatment;before visit;2024-01-26 06:00:00+00:00;0.538;;
808410;treatment;before visit;2024-01-26 06:15:00+00:00;0.445;;
808410;treatment;before visit;2024-01-26 06:30:00+00:00;0.107;;
808410;treatment;before visit;2024-01-26 06:45:00+00:00;0.111;;
808410;treatment;before visit;2024-01-26 07:00:00+00:00;0.113;;
808410;treatment;before visit;2024-01-26 07:15:00+00:00;0.599;;
808410;treatment;before visit;2024-01-26 07:30:00+00:00;0.479;;
808410;treatment;before visit;2024-01-26 07:45:00+00:00;0.309;;
808410;treatment;before visit;2024-01-26 08:00:00+00:00;0.0;;
808410;treatment;before visit;2024-01-26 08:15:00+00:00;0.0;;
808410;treatment;before visit;2024-01-26 08:30:00+00:00;0.0;;
808410;treatment;before visit;2024-01-26 08:45:00+00:00;0.207;;
808410;treatment;before visit;2024-01-26 09:00:00+00:00;0.308;;
808410;treatment;before visit;2024-01-26 09:15:00+00:00;0.143;;
808410;treatment;before visit;2024-01-26 09:30:00+00:00;0.0;;
808410;treatment;before visit;2024-01-26 09:45:00+00:00;0.0;;
808410;treatment;before visit;2024-01-26 10:00:00+00:00;0.0;;
808410;treatment;before visit;2024-01-26 10:15:00+00:00;0.182;;
808410;treatment;before visit;2024-01-26 10:30:00+00:00;0.126;;
808410;treatment;before visit;2024-01-26 10:45:00+00:00;0.109;;
808410;treatment;before visit;2024-01-26 11:00:00+00:00;0.142;;
808410;treatment;before visit;2024-01-26 11:15:00+00:00;0.077;;
808410;treatment;before visit;2024-01-26 11:30:00+00:00;0.0;;
808410;treatment;before visit;2024-01-26 11:45:00+00:00;0.198;;
808410;treatment;before visit;2024-01-26 12:00:00+00:00;0.354;;
808410;treatment;before visit;2024-01-26 12:15:00+00:00;0.295;;
808410;treatment;before visit;2024-01-26 12:30:00+00:00;0.121;;
808410;treatment;before visit;2024-01-26 12:45:00+00:00;0.039;;
808410;treatment;before visit;2024-01-26 13:00:00+00:00;0.037;;
808410;treatment;before visit;2024-01-26 13:15:00+00:00;0.064;;
808410;treatment;before visit;2024-01-26 13:30:00+00:00;0.524;;
808410;treatment;before visit;2024-01-26 13:45:00+00:00;0.426;;
808410;treatment;before visit;2024-01-26 14:00:00+00:00;0.228;;
808410;treatment;before visit;2024-01-26 14:15:00+00:00;0.073;;
808410;treatment;before visit;2024-01-26 14:30:00+00:00;0.107;;
808410;treatment;before visit;2024-01-26 14:45:00+00:00;0.122;;
808410;treatment;before visit;2024-01-26 15:00:00+00:00;0.515;;
808410;treatment;before visit;2024-01-26 15:15:00+00:00;0.511;;
808410;treatment;before visit;2024-01-26 15:30:00+00:00;0.391;;
808410;treatment;before visit;2024-01-26 15:45:00+00:00;0.188;;
808410;treatment;before visit;2024-01-26 16:00:00+00:00;0.149;;
808410;treatment;before visit;2024-01-26 16:15:00+00:00;0.162;;
808410;treatment;before visit;2024-01-26 16:30:00+00:00;0.309;;
808410;treatment;before visit;2024-01-26 16:45:00+00:00;0.57;;
808410;treatment;before visit;2024-01-26 17:00:00+00:00;0.436;;
808410;treatment;before visit;2024-01-26 17:15:00+00:00;0.274;;
808410;treatment;before visit;2024-01-26 17:30:00+00:00;0.357;;
808410;treatment;before visit;2024-01-26 17:45:00+00:00;0.317;;
808410;treatment;before visit;2024-01-26 18:00:00+00:00;0.097;;
808410;treatment;before visit;2024-01-26 18:15:00+00:00;0.461;;
808410;treatment;before visit;2024-01-26 18:30:00+00:00;0.457;;
808410;treatment;before visit;2024-01-26 18:45:00+00:00;0.389;;
808410;treatment;before visit;2024-01-26 19:00:00+00:00;0.136;;
808410;treatment;before visit;2024-01-26 19:15:00+00:00;0.115;;
808410;treatment;before visit;2024-01-26 19:30:00+00:00;0.128;;
808410;treatment;before visit;2024-01-26 19:45:00+00:00;0.331;;
808410;treatment;before visit;2024-01-26 20:00:00+00:00;0.513;;
808410;treatment;before visit;2024-01-26 20:15:00+00:00;0.408;;
808410;treatment;before visit;2024-01-26 20:30:00+00:00;0.41;;
808410;treatment;before visit;2024-01-26 20:45:00+00:00;0.432;;
808410;treatment;before visit;2024-01-26 21:00:00+00:00;0.452;;
808410;treatment;before visit;2024-01-26 21:15:00+00:00;0.201;;
808410;treatment;before visit;2024-01-26 21:30:00+00:00;0.652;;
808410;treatment;before visit;2024-01-26 21:45:00+00:00;0.993;;
808410;treatment;before visit;2024-01-26 22:00:00+00:00;0.507;;
808410;treatment;before visit;2024-01-26 22:15:00+00:00;0.251;;
808410;treatment;before visit;2024-01-26 22:30:00+00:00;0.179;;
808410;treatment;before visit;2024-01-26 22:45:00+00:00;0.189;;
808410;treatment;before visit;2024-01-26 23:00:00+00:00;0.28;;
808410;treatment;before visit;2024-01-26 23:15:00+00:00;0.756;;
808410;treatment;before visit;2024-01-26 23:30:00+00:00;0.611;;
808410;treatment;before visit;2024-01-26 23:45:00+00:00;0.536;;
808410;treatment;before visit;2024-01-27 00:00:00+00:00;0.354;;
808410;treatment;before visit;2024-01-27 00:15:00+00:00;0.227;;
808410;treatment;before visit;2024-01-27 00:30:00+00:00;0.425;;
808410;treatment;before visit;2024-01-27 00:45:00+00:00;0.687;;
808410;treatment;before visit;2024-01-27 01:00:00+00:00;0.553;;
808410;treatment;before visit;2024-01-27 01:15:00+00:00;0.455;;
808410;treatment;before visit;2024-01-27 01:30:00+00:00;0.227;;
808410;treatment;before visit;2024-01-27 01:45:00+00:00;0.223;;
808410;treatment;before visit;2024-01-27 02:00:00+00:00;0.665;;
808410;treatment;before visit;2024-01-27 02:15:00+00:00;0.629;;
808410;treatment;before visit;2024-01-27 02:30:00+00:00;0.568;;
808410;treatment;before visit;2024-01-27 02:45:00+00:00;0.402;;
808410;treatment;before visit;2024-01-27 03:00:00+00:00;0.236;;
808410;treatment;before visit;2024-01-27 03:15:00+00:00;0.14;;
808410;treatment;before visit;2024-01-27 03:30:00+00:00;0.111;;
808410;treatment;before visit;2024-01-27 03:45:00+00:00;0.105;;
808410;treatment;before visit;2024-01-27 04:00:00+00:00;0.584;;
808410;treatment;before visit;2024-01-27 04:15:00+00:00;0.58;;
808410;treatment;before visit;2024-01-27 04:30:00+00:00;0.462;;
808410;treatment;before visit;2024-01-27 04:45:00+00:00;0.302;;
808410;treatment;before visit;2024-01-27 05:00:00+00:00;0.107;;
808410;treatment;before visit;2024-01-27 05:15:00+00:00;0.152;;
808410;treatment;before visit;2024-01-27 05:30:00+00:00;0.637;;
808410;treatment;before visit;2024-01-27 05:45:00+00:00;0.487;;
808410;treatment;before visit;2024-01-27 06:00:00+00:00;0.442;;
808410;treatment;before visit;2024-01-27 06:15:00+00:00;0.236;;
808410;treatment;before visit;2024-01-27 06:30:00+00:00;0.111;;
808410;treatment;before visit;2024-01-27 06:45:00+00:00;0.169;;
808410;treatment;before visit;2024-01-27 07:00:00+00:00;0.758;;
808410;treatment;before visit;2024-01-27 07:15:00+00:00;0.805;;
808410;treatment;before visit;2024-01-27 07:30:00+00:00;0.406;;
808410;treatment;before visit;2024-01-27 07:45:00+00:00;0.044;;
808410;treatment;before visit;2024-01-27 08:00:00+00:00;0.008;;
808410;treatment;before visit;2024-01-27 08:15:00+00:00;0.127;;
808410;treatment;before visit;2024-01-27 08:30:00+00:00;0.148;;
808410;treatment;before visit;2024-01-27 08:45:00+00:00;0.013;;
808410;treatment;before visit;2024-01-27 09:00:00+00:00;0.049;;
808410;treatment;before visit;2024-01-27 09:15:00+00:00;0.0;;
808410;treatment;before visit;2024-01-27 09:30:00+00:00;0.019;;
808410;treatment;before visit;2024-01-27 09:45:00+00:00;0.314;;
808410;treatment;before visit;2024-01-27 10:00:00+00:00;0.198;;
808410;treatment;before visit;2024-01-27 10:15:00+00:00;0.086;;
808410;treatment;before visit;2024-01-27 10:30:00+00:00;0.0;;
808410;treatment;before visit;2024-01-27 10:45:00+00:00;0.0;;
808410;treatment;before visit;2024-01-27 11:00:00+00:00;0.0;;
808410;treatment;before visit;2024-01-27 11:15:00+00:00;0.051;;
808410;treatment;before visit;2024-01-27 11:30:00+00:00;0.075;;
808410;treatment;before visit;2024-01-27 11:45:00+00:00;0.001;;
808410;treatment;before visit;2024-01-27 12:00:00+00:00;0.0;;
808410;treatment;before visit;2024-01-27 12:15:00+00:00;0.0;;
808410;treatment;before visit;2024-01-27 12:30:00+00:00;0.0;;
808410;treatment;before visit;2024-01-27 12:45:00+00:00;0.0;;
808410;treatment;before visit;2024-01-27 13:00:00+00:00;0.0;;
808410;treatment;before visit;2024-01-27 13:15:00+00:00;0.0;;
808410;treatment;before visit;2024-01-27 13:30:00+00:00;0.001;;
808410;treatment;before visit;2024-01-27 13:45:00+00:00;0.0;;
808410;treatment;before visit;2024-01-27 14:00:00+00:00;0.0;;
808410;treatment;before visit;2024-01-27 14:15:00+00:00;0.0;;
808410;treatment;before visit;2024-01-27 14:30:00+00:00;0.0;;
808410;treatment;before visit;2024-01-27 14:45:00+00:00;0.139;;
808410;treatment;before visit;2024-01-27 15:00:00+00:00;0.127;;
808410;treatment;before visit;2024-01-27 15:15:00+00:00;0.254;;
808410;treatment;before visit;2024-01-27 15:30:00+00:00;0.059;;
808410;treatment;before visit;2024-01-27 15:45:00+00:00;0.021;;
808410;treatment;before visit;2024-01-27 16:00:00+00:00;0.108;;
808410;treatment;before visit;2024-01-27 16:15:00+00:00;0.129;;
808410;treatment;before visit;2024-01-27 16:30:00+00:00;0.517;;
808410;treatment;before visit;2024-01-27 16:45:00+00:00;0.629;;
808410;treatment;before visit;2024-01-27 17:00:00+00:00;0.469;;
808410;treatment;before visit;2024-01-27 17:15:00+00:00;0.374;;
808410;treatment;before visit;2024-01-27 17:30:00+00:00;0.361;;
808410;treatment;before visit;2024-01-27 17:45:00+00:00;0.296;;
808410;treatment;before visit;2024-01-27 18:00:00+00:00;0.569;;
808410;treatment;before visit;2024-01-27 18:15:00+00:00;0.515;;
808410;treatment;before visit;2024-01-27 18:30:00+00:00;0.473;;
808410;treatment;before visit;2024-01-27 18:45:00+00:00;0.156;;
808410;treatment;before visit;2024-01-27 19:00:00+00:00;0.143;;
808410;treatment;before visit;2024-01-27 19:15:00+00:00;0.344;;
808410;treatment;before visit;2024-01-27 19:30:00+00:00;0.599;;
808410;treatment;before visit;2024-01-27 19:45:00+00:00;0.484;;
808410;treatment;before visit;2024-01-27 20:00:00+00:00;0.361;;
808410;treatment;before visit;2024-01-27 20:15:00+00:00;0.125;;
808410;treatment;before visit;2024-01-27 20:30:00+00:00;0.104;;
808410;treatment;before visit;2024-01-27 20:45:00+00:00;0.466;;
808410;treatment;before visit;2024-01-27 21:00:00+00:00;0.543;;
808410;treatment;before visit;2024-01-27 21:15:00+00:00;0.464;;
808410;treatment;before visit;2024-01-27 21:30:00+00:00;0.222;;
808410;treatment;before visit;2024-01-27 21:45:00+00:00;0.148;;
808410;treatment;before visit;2024-01-27 22:00:00+00:00;0.204;;
808410;treatment;before visit;2024-01-27 22:15:00+00:00;0.635;;
808410;treatment;before visit;2024-01-27 22:30:00+00:00;0.525;;
808410;treatment;before visit;2024-01-27 22:45:00+00:00;0.434;;
808410;treatment;before visit;2024-01-27 23:00:00+00:00;0.428;;
808410;treatment;before visit;2024-01-27 23:15:00+00:00;0.108;;
808410;treatment;before visit;2024-01-27 23:30:00+00:00;0.109;;
808410;treatment;before visit;2024-01-27 23:45:00+00:00;0.16;;
808410;treatment;before visit;2024-01-28 00:00:00+00:00;0.751;;
808410;treatment;before visit;2024-01-28 00:15:00+00:00;0.677;;
808410;treatment;before visit;2024-01-28 00:30:00+00:00;0.571;;
808410;treatment;before visit;2024-01-28 00:45:00+00:00;0.642;;
808410;treatment;before visit;2024-01-28 01:00:00+00:00;0.597;;
808410;treatment;before visit;2024-01-28 01:15:00+00:00;0.607;;
808410;treatment;before visit;2024-01-28 01:30:00+00:00;0.611;;
808410;treatment;before visit;2024-01-28 01:45:00+00:00;0.614;;
808410;treatment;before visit;2024-01-28 02:00:00+00:00;0.526;;
808410;treatment;before visit;2024-01-28 02:15:00+00:00;0.663;;
808410;treatment;before visit;2024-01-28 02:30:00+00:00;0.604;;
808410;treatment;before visit;2024-01-28 02:45:00+00:00;0.625;;
808410;treatment;before visit;2024-01-28 03:00:00+00:00;0.625;;
808410;treatment;before visit;2024-01-28 03:15:00+00:00;0.619;;
808410;treatment;before visit;2024-01-28 03:30:00+00:00;0.502;;
808410;treatment;before visit;2024-01-28 03:45:00+00:00;0.352;;
808410;treatment;before visit;2024-01-28 04:00:00+00:00;0.172;;
808410;treatment;before visit;2024-01-28 04:15:00+00:00;0.101;;
808410;treatment;before visit;2024-01-28 04:30:00+00:00;0.122;;
808410;treatment;before visit;2024-01-28 04:45:00+00:00;0.627;;
808410;treatment;before visit;2024-01-28 05:00:00+00:00;0.517;;
808410;treatment;before visit;2024-01-28 05:15:00+00:00;0.441;;
808410;treatment;before visit;2024-01-28 05:30:00+00:00;0.198;;
808410;treatment;before visit;2024-01-28 05:45:00+00:00;0.098;;
808410;treatment;before visit;2024-01-28 06:00:00+00:00;0.113;;
808410;treatment;before visit;2024-01-28 06:15:00+00:00;0.575;;
808410;treatment;before visit;2024-01-28 06:30:00+00:00;0.559;;
808410;treatment;before visit;2024-01-28 06:45:00+00:00;0.455;;
808410;treatment;before visit;2024-01-28 07:00:00+00:00;0.238;;
808410;treatment;before visit;2024-01-28 07:15:00+00:00;0.335;;
808410;treatment;before visit;2024-01-28 07:30:00+00:00;0.279;;
808410;treatment;before visit;2024-01-28 07:45:00+00:00;0.529;;
808410;treatment;before visit;2024-01-28 08:00:00+00:00;0.596;;
808410;treatment;before visit;2024-01-28 08:15:00+00:00;0.48;;
808410;treatment;before visit;2024-01-28 08:30:00+00:00;0.473;;
808410;treatment;before visit;2024-01-28 08:45:00+00:00;0.091;;
808410;treatment;before visit;2024-01-28 09:00:00+00:00;0.005;;
808410;treatment;before visit;2024-01-28 09:15:00+00:00;0.188;;
808410;treatment;before visit;2024-01-28 09:30:00+00:00;0.48;;
808410;treatment;before visit;2024-01-28 09:45:00+00:00;0.347;;
808410;treatment;before visit;2024-01-28 10:00:00+00:00;0.183;;
808410;treatment;before visit;2024-01-28 10:15:00+00:00;0.0;;
808410;treatment;before visit;2024-01-28 10:30:00+00:00;0.0;;
808410;treatment;before visit;2024-01-28 10:45:00+00:00;0.273;;
808410;treatment;before visit;2024-01-28 11:00:00+00:00;0.167;;
808410;treatment;before visit;2024-01-28 11:15:00+00:00;0.077;;
808410;treatment;before visit;2024-01-28 11:30:00+00:00;0.122;;
808410;treatment;before visit;2024-01-28 11:45:00+00:00;0.0;;
808410;treatment;before visit;2024-01-28 12:00:00+00:00;0.0;;
808410;treatment;before visit;2024-01-28 12:15:00+00:00;0.018;;
808410;treatment;before visit;2024-01-28 12:30:00+00:00;0.024;;
808410;treatment;before visit;2024-01-28 12:45:00+00:00;0.156;;
808410;treatment;before visit;2024-01-28 13:00:00+00:00;0.0;;
808410;treatment;before visit;2024-01-28 13:15:00+00:00;0.0;;
808410;treatment;before visit;2024-01-28 13:30:00+00:00;0.0;;
808410;treatment;before visit;2024-01-28 13:45:00+00:00;0.002;;
808410;treatment;before visit;2024-01-28 14:00:00+00:00;0.0;;
808410;treatment;before visit;2024-01-28 14:15:00+00:00;0.0;;
808410;treatment;before visit;2024-01-28 14:30:00+00:00;0.0;;
808410;treatment;before visit;2024-01-28 14:45:00+00:00;0.0;;
808410;treatment;before visit;2024-01-28 15:00:00+00:00;0.0;;
808410;treatment;before visit;2024-01-28 15:15:00+00:00;0.048;;
808410;treatment;before visit;2024-01-28 15:30:00+00:00;1.091;;
808410;treatment;before visit;2024-01-28 15:45:00+00:00;1.15;;
808410;treatment;before visit;2024-01-28 16:00:00+00:00;0.997;;
808410;treatment;before visit;2024-01-28 16:15:00+00:00;0.505;;
808410;treatment;before visit;2024-01-28 16:30:00+00:00;0.37;;
808410;treatment;before visit;2024-01-28 16:45:00+00:00;0.362;;
808410;treatment;before visit;2024-01-28 17:00:00+00:00;0.855;;
808410;treatment;before visit;2024-01-28 17:15:00+00:00;0.63;;
808410;treatment;before visit;2024-01-28 17:30:00+00:00;0.495;;
808410;treatment;before visit;2024-01-28 17:45:00+00:00;0.122;;
808410;treatment;before visit;2024-01-28 18:00:00+00:00;0.109;;
808410;treatment;before visit;2024-01-28 18:15:00+00:00;0.333;;
808410;treatment;before visit;2024-01-28 18:30:00+00:00;0.759;;
808410;treatment;before visit;2024-01-28 18:45:00+00:00;0.64;;
808410;treatment;before visit;2024-01-28 19:00:00+00:00;0.43;;
808410;treatment;before visit;2024-01-28 19:15:00+00:00;0.25;;
808410;treatment;before visit;2024-01-28 19:30:00+00:00;0.254;;
808410;treatment;before visit;2024-01-28 19:45:00+00:00;0.685;;
808410;treatment;before visit;2024-01-28 20:00:00+00:00;0.833;;
808410;treatment;before visit;2024-01-28 20:15:00+00:00;0.775;;
808410;treatment;before visit;2024-01-28 20:30:00+00:00;0.89;;
808410;treatment;before visit;2024-01-28 20:45:00+00:00;0.795;;
808410;treatment;before visit;2024-01-28 21:00:00+00:00;0.557;;
808410;treatment;before visit;2024-01-28 21:15:00+00:00;0.559;;
808410;treatment;before visit;2024-01-28 21:30:00+00:00;0.975;;
808410;treatment;before visit;2024-01-28 21:45:00+00:00;0.662;;
808410;treatment;before visit;2024-01-28 22:00:00+00:00;0.559;;
808410;treatment;before visit;2024-01-28 22:15:00+00:00;0.543;;
808410;treatment;before visit;2024-01-28 22:30:00+00:00;0.557;;
808410;treatment;before visit;2024-01-28 22:45:00+00:00;0.511;;
808410;treatment;before visit;2024-01-28 23:00:00+00:00;0.688;;
808410;treatment;before visit;2024-01-28 23:15:00+00:00;0.615;;
808410;treatment;before visit;2024-01-28 23:30:00+00:00;0.556;;
808410;treatment;before visit;2024-01-28 23:45:00+00:00;0.461;;
808410;treatment;before visit;2024-01-29 00:00:00+00:00;0.415;;
808410;treatment;before visit;2024-01-29 00:15:00+00:00;0.424;;
808410;treatment;before visit;2024-01-29 00:30:00+00:00;0.426;;
808410;treatment;before visit;2024-01-29 00:45:00+00:00;0.432;;
808410;treatment;before visit;2024-01-29 01:00:00+00:00;0.419;;
808410;treatment;before visit;2024-01-29 01:15:00+00:00;0.403;;
808410;treatment;before visit;2024-01-29 01:30:00+00:00;0.529;;
808410;treatment;before visit;2024-01-29 01:45:00+00:00;0.498;;
808410;treatment;before visit;2024-01-29 02:00:00+00:00;0.517;;
808410;treatment;before visit;2024-01-29 02:15:00+00:00;0.506;;
808410;treatment;before visit;2024-01-29 02:30:00+00:00;0.499;;
808410;treatment;before visit;2024-01-29 02:45:00+00:00;0.507;;
808410;treatment;before visit;2024-01-29 03:00:00+00:00;0.509;;
808410;treatment;before visit;2024-01-29 03:15:00+00:00;0.281;;
808410;treatment;before visit;2024-01-29 03:30:00+00:00;0.1;;
808410;treatment;before visit;2024-01-29 03:45:00+00:00;0.664;;
808410;treatment;before visit;2024-01-29 04:00:00+00:00;0.6;;
808410;treatment;before visit;2024-01-29 04:15:00+00:00;0.494;;
808410;treatment;before visit;2024-01-29 04:30:00+00:00;0.254;;
808410;treatment;before visit;2024-01-29 04:45:00+00:00;0.106;;
808410;treatment;before visit;2024-01-29 05:00:00+00:00;0.371;;
808410;treatment;before visit;2024-01-29 05:15:00+00:00;0.678;;
808410;treatment;before visit;2024-01-29 05:30:00+00:00;0.553;;
808410;treatment;before visit;2024-01-29 05:45:00+00:00;0.458;;
808410;treatment;before visit;2024-01-29 06:00:00+00:00;0.467;;
808410;treatment;before visit;2024-01-29 06:15:00+00:00;0.703;;
808410;treatment;before visit;2024-01-29 06:30:00+00:00;0.536;;
808410;treatment;before visit;2024-01-29 06:45:00+00:00;0.495;;
808410;treatment;before visit;2024-01-29 07:00:00+00:00;0.44;;
808410;treatment;before visit;2024-01-29 07:15:00+00:00;0.446;;
808410;treatment;before visit;2024-01-29 07:30:00+00:00;0.477;;
808410;treatment;before visit;2024-01-29 07:45:00+00:00;0.456;;
808410;treatment;before visit;2024-01-29 08:00:00+00:00;0.5;;
808410;treatment;before visit;2024-01-29 08:15:00+00:00;0.112;;
808410;treatment;before visit;2024-01-29 08:30:00+00:00;0.067;;
808410;treatment;before visit;2024-01-29 08:45:00+00:00;0.08;;
808410;treatment;before visit;2024-01-29 09:00:00+00:00;0.0;;
808410;treatment;before visit;2024-01-29 09:15:00+00:00;0.0;;
808410;treatment;before visit;2024-01-29 09:30:00+00:00;0.0;;
808410;treatment;before visit;2024-01-29 09:45:00+00:00;0.0;;
808410;treatment;before visit;2024-01-29 10:00:00+00:00;0.223;;
808410;treatment;before visit;2024-01-29 10:15:00+00:00;0.164;;
808410;treatment;before visit;2024-01-29 10:30:00+00:00;0.049;;
808410;treatment;before visit;2024-01-29 10:45:00+00:00;0.0;;
808410;treatment;before visit;2024-01-29 11:00:00+00:00;0.014;;
808410;treatment;before visit;2024-01-29 11:15:00+00:00;0.0;;
808410;treatment;before visit;2024-01-29 11:30:00+00:00;0.0;;
808410;treatment;before visit;2024-01-29 11:45:00+00:00;0.0;;
808410;treatment;before visit;2024-01-29 12:00:00+00:00;0.0;;
808410;treatment;before visit;2024-01-29 12:15:00+00:00;0.004;;
808410;treatment;before visit;2024-01-29 12:30:00+00:00;0.001;;
808410;treatment;before visit;2024-01-29 12:45:00+00:00;0.0;;
808410;treatment;before visit;2024-01-29 13:00:00+00:00;0.0;;
808410;treatment;before visit;2024-01-29 13:15:00+00:00;0.0;;
808410;treatment;before visit;2024-01-29 13:30:00+00:00;0.0;;
808410;treatment;before visit;2024-01-29 13:45:00+00:00;0.0;;
808410;treatment;before visit;2024-01-29 14:00:00+00:00;0.0;;
808410;treatment;before visit;2024-01-29 14:15:00+00:00;0.242;;
808410;treatment;before visit;2024-01-29 14:30:00+00:00;0.267;;
808410;treatment;before visit;2024-01-29 14:45:00+00:00;0.244;;
808410;treatment;before visit;2024-01-29 15:00:00+00:00;0.014;;
808410;treatment;before visit;2024-01-29 15:15:00+00:00;0.015;;
808410;treatment;before visit;2024-01-29 15:30:00+00:00;0.025;;
808410;treatment;before visit;2024-01-29 15:45:00+00:00;0.067;;
808410;treatment;before visit;2024-01-29 16:00:00+00:00;0.259;;
808410;treatment;before visit;2024-01-29 16:15:00+00:00;0.642;;
808410;treatment;before visit;2024-01-29 16:30:00+00:00;0.576;;
808410;treatment;before visit;2024-01-29 16:45:00+00:00;0.542;;
808410;treatment;before visit;2024-01-29 17:00:00+00:00;0.414;;
808410;treatment;before visit;2024-01-29 17:15:00+00:00;0.127;;
808410;treatment;before visit;2024-01-29 17:30:00+00:00;0.433;;
808410;treatment;before visit;2024-01-29 17:45:00+00:00;0.323;;
808410;treatment;before visit;2024-01-29 18:00:00+00:00;0.118;;
808410;treatment;before visit;2024-01-29 18:15:00+00:00;0.166;;
808410;treatment;before visit;2024-01-29 18:30:00+00:00;0.707;;
808410;treatment;before visit;2024-01-29 18:45:00+00:00;0.551;;
808410;treatment;before visit;2024-01-29 19:00:00+00:00;0.486;;
808410;treatment;before visit;2024-01-29 19:15:00+00:00;0.23;;
808410;treatment;before visit;2024-01-29 19:30:00+00:00;0.147;;
808410;treatment;before visit;2024-01-29 19:45:00+00:00;0.282;;
808410;treatment;before visit;2024-01-29 20:00:00+00:00;0.655;;
808410;treatment;before visit;2024-01-29 20:15:00+00:00;0.472;;
808410;treatment;before visit;2024-01-29 20:30:00+00:00;0.365;;
808410;treatment;before visit;2024-01-29 20:45:00+00:00;0.108;;
808410;treatment;before visit;2024-01-29 21:00:00+00:00;0.103;;
808410;treatment;before visit;2024-01-29 21:15:00+00:00;0.419;;
808410;treatment;before visit;2024-01-29 21:30:00+00:00;0.558;;
808410;treatment;before visit;2024-01-29 21:45:00+00:00;0.453;;
808410;treatment;before visit;2024-01-29 22:00:00+00:00;0.301;;
808410;treatment;before visit;2024-01-29 22:15:00+00:00;0.106;;
808410;treatment;before visit;2024-01-29 22:30:00+00:00;0.108;;
808410;treatment;before visit;2024-01-29 22:45:00+00:00;0.424;;
808410;treatment;before visit;2024-01-29 23:00:00+00:00;0.576;;
808410;treatment;before visit;2024-01-29 23:15:00+00:00;0.428;;
808410;treatment;before visit;2024-01-29 23:30:00+00:00;0.281;;
808410;treatment;before visit;2024-01-29 23:45:00+00:00;0.102;;
808410;treatment;during visit;2024-01-30 00:00:00+00:00;0.099;;
808410;treatment;during visit;2024-01-30 00:15:00+00:00;0.517;;
808410;treatment;during visit;2024-01-30 00:30:00+00:00;0.58;;
808410;treatment;during visit;2024-01-30 00:45:00+00:00;0.439;;
808410;treatment;during visit;2024-01-30 01:00:00+00:00;0.188;;
808410;treatment;during visit;2024-01-30 01:15:00+00:00;0.096;;
808410;treatment;during visit;2024-01-30 01:30:00+00:00;0.105;;
808410;treatment;during visit;2024-01-30 01:45:00+00:00;0.636;;
808410;treatment;during visit;2024-01-30 02:00:00+00:00;0.548;;
808410;treatment;during visit;2024-01-30 02:15:00+00:00;0.385;;
808410;treatment;during visit;2024-01-30 02:30:00+00:00;0.1;;
808410;treatment;during visit;2024-01-30 02:45:00+00:00;0.1;;
808410;treatment;during visit;2024-01-30 03:00:00+00:00;0.376;;
808410;treatment;during visit;2024-01-30 03:15:00+00:00;0.587;;
808410;treatment;during visit;2024-01-30 03:30:00+00:00;0.461;;
808410;treatment;during visit;2024-01-30 03:45:00+00:00;0.257;;
808410;treatment;during visit;2024-01-30 04:00:00+00:00;0.104;;
808410;treatment;during visit;2024-01-30 04:15:00+00:00;0.104;;
808410;treatment;during visit;2024-01-30 04:30:00+00:00;0.591;;
808410;treatment;during visit;2024-01-30 04:45:00+00:00;0.58;;
808410;treatment;during visit;2024-01-30 05:00:00+00:00;0.422;;
808410;treatment;during visit;2024-01-30 05:15:00+00:00;0.1;;
808410;treatment;during visit;2024-01-30 05:30:00+00:00;0.106;;
808410;treatment;during visit;2024-01-30 05:45:00+00:00;0.403;;
808410;treatment;during visit;2024-01-30 06:00:00+00:00;0.61;;
808410;treatment;during visit;2024-01-30 06:15:00+00:00;0.543;;
808410;treatment;during visit;2024-01-30 06:30:00+00:00;0.43;;
808410;treatment;during visit;2024-01-30 06:45:00+00:00;0.109;;
808410;treatment;during visit;2024-01-30 07:00:00+00:00;0.318;;
808410;treatment;during visit;2024-01-30 07:15:00+00:00;0.307;;
808410;treatment;during visit;2024-01-30 07:30:00+00:00;0.48;;
808410;treatment;during visit;2024-01-30 07:45:00+00:00;0.607;;
808410;treatment;during visit;2024-01-30 08:00:00+00:00;0.381;;
808410;treatment;during visit;2024-01-30 08:15:00+00:00;0.276;;
808410;treatment;during visit;2024-01-30 08:30:00+00:00;0.0;;
808410;treatment;during visit;2024-01-30 08:45:00+00:00;0.0;;
808410;treatment;during visit;2024-01-30 09:00:00+00:00;0.152;;
808410;treatment;during visit;2024-01-30 09:15:00+00:00;0.251;;
808410;treatment;during visit;2024-01-30 09:30:00+00:00;0.132;;
808410;treatment;during visit;2024-01-30 09:45:00+00:00;0.033;;
808410;treatment;during visit;2024-01-30 10:00:00+00:00;0.0;;
808410;treatment;during visit;2024-01-30 10:15:00+00:00;0.0;;
808410;treatment;during visit;2024-01-30 10:30:00+00:00;0.0;;
808410;treatment;during visit;2024-01-30 10:45:00+00:00;0.0;;
808410;treatment;during visit;2024-01-30 11:00:00+00:00;0.0;;
808410;treatment;during visit;2024-01-30 11:15:00+00:00;0.0;;
808410;treatment;during visit;2024-01-30 11:30:00+00:00;0.0;;
808410;treatment;during visit;2024-01-30 11:45:00+00:00;0.0;;
808410;treatment;during visit;2024-01-30 12:00:00+00:00;0.0;;
808410;treatment;during visit;2024-01-30 12:15:00+00:00;0.0;;
808410;treatment;during visit;2024-01-30 12:30:00+00:00;0.0;;
808410;treatment;during visit;2024-01-30 12:45:00+00:00;0.0;;
808410;treatment;during visit;2024-01-30 13:00:00+00:00;0.0;;
808410;treatment;during visit;2024-01-30 13:15:00+00:00;0.0;;
808410;treatment;during visit;2024-01-30 13:30:00+00:00;0.0;;
808410;treatment;during visit;2024-01-30 13:45:00+00:00;0.0;;
808410;treatment;during visit;2024-01-30 14:00:00+00:00;0.0;;
808410;treatment;during visit;2024-01-30 14:15:00+00:00;0.0;;
808410;treatment;during visit;2024-01-30 14:30:00+00:00;0.0;;
808410;treatment;during visit;2024-01-30 14:45:00+00:00;0.0;;
808410;treatment;during visit;2024-01-30 15:00:00+00:00;0.015;;
808410;treatment;during visit;2024-01-30 15:15:00+00:00;0.056;;
808410;treatment;during visit;2024-01-30 15:30:00+00:00;0.066;;
808410;treatment;during visit;2024-01-30 15:45:00+00:00;0.091;;
808410;treatment;during visit;2024-01-30 16:00:00+00:00;0.148;;
808410;treatment;during visit;2024-01-30 16:15:00+00:00;0.15;;
808410;treatment;during visit;2024-01-30 16:30:00+00:00;0.167;;
808410;treatment;during visit;2024-01-30 16:45:00+00:00;0.156;;
808410;treatment;during visit;2024-01-30 17:00:00+00:00;0.14;;
808410;treatment;during visit;2024-01-30 17:15:00+00:00;0.097;;
808410;treatment;during visit;2024-01-30 17:30:00+00:00;0.361;;
808410;treatment;during visit;2024-01-30 17:45:00+00:00;0.328;;
808410;treatment;during visit;2024-01-30 18:00:00+00:00;0.091;;
808410;treatment;during visit;2024-01-30 18:15:00+00:00;0.1;;
808410;treatment;during visit;2024-01-30 18:30:00+00:00;0.107;;
808410;treatment;during visit;2024-01-30 18:45:00+00:00;0.132;;
808410;treatment;during visit;2024-01-30 19:00:00+00:00;0.112;;
808410;treatment;during visit;2024-01-30 19:15:00+00:00;0.13;;
808410;treatment;during visit;2024-01-30 19:30:00+00:00;0.124;;
808410;treatment;during visit;2024-01-30 19:45:00+00:00;0.116;;
808410;treatment;during visit;2024-01-30 20:00:00+00:00;0.125;;
808410;treatment;during visit;2024-01-30 20:15:00+00:00;0.125;;
808410;treatment;during visit;2024-01-30 20:30:00+00:00;0.107;;
808410;treatment;during visit;2024-01-30 20:45:00+00:00;0.107;;
808410;treatment;during visit;2024-01-30 21:00:00+00:00;0.108;;
808410;treatment;during visit;2024-01-30 21:15:00+00:00;0.115;;
808410;treatment;during visit;2024-01-30 21:30:00+00:00;0.104;;
808410;treatment;during visit;2024-01-30 21:45:00+00:00;0.106;;
808410;treatment;during visit;2024-01-30 22:00:00+00:00;0.107;;
808410;treatment;during visit;2024-01-30 22:15:00+00:00;0.097;;
808410;treatment;during visit;2024-01-30 22:30:00+00:00;0.364;;
808410;treatment;during visit;2024-01-30 22:45:00+00:00;0.423;;
808410;treatment;during visit;2024-01-30 23:00:00+00:00;0.33;;
808410;treatment;during visit;2024-01-30 23:15:00+00:00;0.095;;
808410;treatment;during visit;2024-01-30 23:30:00+00:00;0.11;;
808410;treatment;during visit;2024-01-30 23:45:00+00:00;0.1;;
808410;treatment;after visit;2024-01-31 00:00:00+00:00;0.092;;
808410;treatment;after visit;2024-01-31 00:15:00+00:00;0.1;;
808410;treatment;after visit;2024-01-31 00:30:00+00:00;0.108;;
808410;treatment;after visit;2024-01-31 00:45:00+00:00;0.095;;
808410;treatment;after visit;2024-01-31 01:00:00+00:00;0.098;;
808410;treatment;after visit;2024-01-31 01:15:00+00:00;0.098;;
808410;treatment;after visit;2024-01-31 01:30:00+00:00;0.098;;
808410;treatment;after visit;2024-01-31 01:45:00+00:00;0.114;;
808410;treatment;after visit;2024-01-31 02:00:00+00:00;0.157;;
808410;treatment;after visit;2024-01-31 02:15:00+00:00;0.527;;
808410;treatment;after visit;2024-01-31 02:30:00+00:00;0.391;;
808410;treatment;after visit;2024-01-31 02:45:00+00:00;0.167;;
808410;treatment;after visit;2024-01-31 03:00:00+00:00;0.105;;
808410;treatment;after visit;2024-01-31 03:15:00+00:00;0.091;;
808410;treatment;after visit;2024-01-31 03:30:00+00:00;0.1;;
808410;treatment;after visit;2024-01-31 03:45:00+00:00;0.106;;
808410;treatment;after visit;2024-01-31 04:00:00+00:00;0.095;;
808410;treatment;after visit;2024-01-31 04:15:00+00:00;0.106;;
808410;treatment;after visit;2024-01-31 04:30:00+00:00;0.106;;
808410;treatment;after visit;2024-01-31 04:45:00+00:00;0.102;;
808410;treatment;after visit;2024-01-31 05:00:00+00:00;0.118;;
808410;treatment;after visit;2024-01-31 05:15:00+00:00;0.614;;
808410;treatment;after visit;2024-01-31 05:30:00+00:00;0.57;;
808410;treatment;after visit;2024-01-31 05:45:00+00:00;0.359;;
808410;treatment;after visit;2024-01-31 06:00:00+00:00;0.217;;
808410;treatment;after visit;2024-01-31 06:15:00+00:00;0.209;;
808410;treatment;after visit;2024-01-31 06:30:00+00:00;0.208;;
808410;treatment;after visit;2024-01-31 06:45:00+00:00;0.214;;
808410;treatment;after visit;2024-01-31 07:00:00+00:00;0.56;;
808410;treatment;after visit;2024-01-31 07:15:00+00:00;0.676;;
808410;treatment;after visit;2024-01-31 07:30:00+00:00;0.474;;
808410;treatment;after visit;2024-01-31 07:45:00+00:00;0.174;;
808410;treatment;after visit;2024-01-31 08:00:00+00:00;0.272;;
808410;treatment;after visit;2024-01-31 08:15:00+00:00;0.227;;
808410;treatment;after visit;2024-01-31 08:30:00+00:00;0.125;;
808410;treatment;after visit;2024-01-31 08:45:00+00:00;0.0;;
808410;treatment;after visit;2024-01-31 09:00:00+00:00;0.101;;
808410;treatment;after visit;2024-01-31 09:15:00+00:00;0.339;;
808410;treatment;after visit;2024-01-31 09:30:00+00:00;0.0;;
808410;treatment;after visit;2024-01-31 09:45:00+00:00;0.0;;
808410;treatment;after visit;2024-01-31 10:00:00+00:00;0.0;;
808410;treatment;after visit;2024-01-31 10:15:00+00:00;0.0;;
808410;treatment;after visit;2024-01-31 10:30:00+00:00;0.059;;
808410;treatment;after visit;2024-01-31 10:45:00+00:00;0.344;;
808410;treatment;after visit;2024-01-31 11:00:00+00:00;0.277;;
808410;treatment;after visit;2024-01-31 11:15:00+00:00;0.0;;
808410;treatment;after visit;2024-01-31 11:30:00+00:00;0.0;;
808410;treatment;after visit;2024-01-31 11:45:00+00:00;0.0;;
808410;treatment;after visit;2024-01-31 12:00:00+00:00;0.0;;
808410;treatment;after visit;2024-01-31 12:15:00+00:00;0.0;;
808410;treatment;after visit;2024-01-31 12:30:00+00:00;0.0;;
808410;treatment;after visit;2024-01-31 12:45:00+00:00;0.0;;
808410;treatment;after visit;2024-01-31 13:00:00+00:00;0.0;;
808410;treatment;after visit;2024-01-31 13:15:00+00:00;0.0;;
808410;treatment;after visit;2024-01-31 13:30:00+00:00;0.0;;
808410;treatment;after visit;2024-01-31 13:45:00+00:00;0.0;;
808410;treatment;after visit;2024-01-31 14:00:00+00:00;0.0;;
808410;treatment;after visit;2024-01-31 14:15:00+00:00;0.0;;
808410;treatment;after visit;2024-01-31 14:30:00+00:00;0.0;;
808410;treatment;after visit;2024-01-31 14:45:00+00:00;0.0;;
808410;treatment;after visit;2024-01-31 15:00:00+00:00;0.0;;
808410;treatment;after visit;2024-01-31 15:15:00+00:00;0.0;;
808410;treatment;after visit;2024-01-31 15:30:00+00:00;0.0;;
808410;treatment;after visit;2024-01-31 15:45:00+00:00;0.0;;
808410;treatment;after visit;2024-01-31 16:00:00+00:00;0.042;;
808410;treatment;after visit;2024-01-31 16:15:00+00:00;0.136;;
808410;treatment;after visit;2024-01-31 16:30:00+00:00;0.477;;
808410;treatment;after visit;2024-01-31 16:45:00+00:00;0.658;;
808410;treatment;after visit;2024-01-31 17:00:00+00:00;0.67;;
808410;treatment;after visit;2024-01-31 17:15:00+00:00;0.281;;
808410;treatment;after visit;2024-01-31 17:30:00+00:00;0.121;;
808410;treatment;after visit;2024-01-31 17:45:00+00:00;0.097;;
808410;treatment;after visit;2024-01-31 18:00:00+00:00;0.11;;
808410;treatment;after visit;2024-01-31 18:15:00+00:00;0.113;;
808410;treatment;after visit;2024-01-31 18:30:00+00:00;0.165;;
808410;treatment;after visit;2024-01-31 18:45:00+00:00;0.148;;
808410;treatment;after visit;2024-01-31 19:00:00+00:00;0.147;;
808410;treatment;after visit;2024-01-31 19:15:00+00:00;0.434;;
808410;treatment;after visit;2024-01-31 19:30:00+00:00;0.452;;
808410;treatment;after visit;2024-01-31 19:45:00+00:00;0.265;;
808410;treatment;after visit;2024-01-31 20:00:00+00:00;0.143;;
808410;treatment;after visit;2024-01-31 20:15:00+00:00;0.125;;
808410;treatment;after visit;2024-01-31 20:30:00+00:00;0.103;;
808410;treatment;after visit;2024-01-31 20:45:00+00:00;0.11;;
808410;treatment;after visit;2024-01-31 21:00:00+00:00;0.107;;
808410;treatment;after visit;2024-01-31 21:15:00+00:00;0.105;;
808410;treatment;after visit;2024-01-31 21:30:00+00:00;0.111;;
808410;treatment;after visit;2024-01-31 21:45:00+00:00;0.159;;
808410;treatment;after visit;2024-01-31 22:00:00+00:00;0.509;;
808410;treatment;after visit;2024-01-31 22:15:00+00:00;0.398;;
808410;treatment;after visit;2024-01-31 22:30:00+00:00;0.211;;
808410;treatment;after visit;2024-01-31 22:45:00+00:00;0.091;;
808410;treatment;after visit;2024-01-31 23:00:00+00:00;0.1;;
808410;treatment;after visit;2024-01-31 23:15:00+00:00;0.1;;
808410;treatment;after visit;2024-01-31 23:30:00+00:00;0.103;;
808410;treatment;after visit;2024-01-31 23:45:00+00:00;0.102;;
808410;treatment;after visit;2024-02-01 00:00:00+00:00;0.101;;
808410;treatment;after visit;2024-02-01 00:15:00+00:00;0.091;;
808410;treatment;after visit;2024-02-01 00:30:00+00:00;0.169;;
808410;treatment;after visit;2024-02-01 00:45:00+00:00;0.517;;
808410;treatment;after visit;2024-02-01 01:00:00+00:00;0.372;;
808410;treatment;after visit;2024-02-01 01:15:00+00:00;0.122;;
808410;treatment;after visit;2024-02-01 01:30:00+00:00;0.1;;
808410;treatment;after visit;2024-02-01 01:45:00+00:00;0.1;;
808410;treatment;after visit;2024-02-01 02:00:00+00:00;0.102;;
808410;treatment;after visit;2024-02-01 02:15:00+00:00;0.1;;
808410;treatment;after visit;2024-02-01 02:30:00+00:00;0.095;;
808410;treatment;after visit;2024-02-01 02:45:00+00:00;0.103;;
808410;treatment;after visit;2024-02-01 03:00:00+00:00;0.324;;
808410;treatment;after visit;2024-02-01 03:15:00+00:00;0.437;;
808410;treatment;after visit;2024-02-01 03:30:00+00:00;0.296;;
808410;treatment;after visit;2024-02-01 03:45:00+00:00;0.103;;
808410;treatment;after visit;2024-02-01 04:00:00+00:00;0.108;;
808410;treatment;after visit;2024-02-01 04:15:00+00:00;0.106;;
808410;treatment;after visit;2024-02-01 04:30:00+00:00;0.204;;
808410;treatment;after visit;2024-02-01 04:45:00+00:00;0.206;;
808410;treatment;after visit;2024-02-01 05:00:00+00:00;0.21;;
808410;treatment;after visit;2024-02-01 05:15:00+00:00;0.248;;
808410;treatment;after visit;2024-02-01 05:30:00+00:00;0.618;;
808410;treatment;after visit;2024-02-01 05:45:00+00:00;0.503;;
808410;treatment;after visit;2024-02-01 06:00:00+00:00;0.227;;
808410;treatment;after visit;2024-02-01 06:15:00+00:00;0.23;;
808410;treatment;after visit;2024-02-01 06:30:00+00:00;0.214;;
808410;treatment;after visit;2024-02-01 06:45:00+00:00;0.228;;
808410;treatment;after visit;2024-02-01 07:00:00+00:00;0.414;;
808410;treatment;after visit;2024-02-01 07:15:00+00:00;0.332;;
808410;treatment;after visit;2024-02-01 07:30:00+00:00;0.297;;
808410;treatment;after visit;2024-02-01 07:45:00+00:00;0.587;;
808410;treatment;after visit;2024-02-01 08:00:00+00:00;0.527;;
808410;treatment;after visit;2024-02-01 08:15:00+00:00;0.345;;
808410;treatment;after visit;2024-02-01 08:30:00+00:00;0.256;;
808410;treatment;after visit;2024-02-01 08:45:00+00:00;0.213;;
808410;treatment;after visit;2024-02-01 09:00:00+00:00;0.184;;
808410;treatment;after visit;2024-02-01 09:15:00+00:00;0.182;;
808410;treatment;after visit;2024-02-01 09:30:00+00:00;0.163;;
808410;treatment;after visit;2024-02-01 09:45:00+00:00;0.221;;
808410;treatment;after visit;2024-02-01 10:00:00+00:00;0.48;;
808410;treatment;after visit;2024-02-01 10:15:00+00:00;0.355;;
808410;treatment;after visit;2024-02-01 10:30:00+00:00;0.039;;
808410;treatment;after visit;2024-02-01 10:45:00+00:00;0.089;;
808410;treatment;after visit;2024-02-01 11:00:00+00:00;0.301;;
808410;treatment;after visit;2024-02-01 11:15:00+00:00;0.101;;
808410;treatment;after visit;2024-02-01 11:30:00+00:00;0.006;;
808410;treatment;after visit;2024-02-01 11:45:00+00:00;0.017;;
808410;treatment;after visit;2024-02-01 12:00:00+00:00;0.222;;
808410;treatment;after visit;2024-02-01 12:15:00+00:00;0.302;;
808410;treatment;after visit;2024-02-01 12:30:00+00:00;0.164;;
808410;treatment;after visit;2024-02-01 12:45:00+00:00;0.061;;
808410;treatment;after visit;2024-02-01 13:00:00+00:00;0.101;;
808410;treatment;after visit;2024-02-01 13:15:00+00:00;0.058;;
808410;treatment;after visit;2024-02-01 13:30:00+00:00;0.059;;
808410;treatment;after visit;2024-02-01 13:45:00+00:00;0.064;;
808410;treatment;after visit;2024-02-01 14:00:00+00:00;0.11;;
808410;treatment;after visit;2024-02-01 14:15:00+00:00;0.288;;
808410;treatment;after visit;2024-02-01 14:30:00+00:00;0.575;;
808410;treatment;after visit;2024-02-01 14:45:00+00:00;0.608;;
808410;treatment;after visit;2024-02-01 15:00:00+00:00;0.532;;
808410;treatment;after visit;2024-02-01 15:15:00+00:00;0.495;;
808410;treatment;after visit;2024-02-01 15:30:00+00:00;0.202;;
808410;treatment;after visit;2024-02-01 15:45:00+00:00;0.275;;
808410;treatment;after visit;2024-02-01 16:00:00+00:00;0.65;;
808410;treatment;after visit;2024-02-01 16:15:00+00:00;0.526;;
808410;treatment;after visit;2024-02-01 16:30:00+00:00;0.504;;
808410;treatment;after visit;2024-02-01 16:45:00+00:00;0.153;;
808410;treatment;after visit;2024-02-01 17:00:00+00:00;0.119;;
808410;treatment;after visit;2024-02-01 17:15:00+00:00;0.586;;
808410;treatment;after visit;2024-02-01 17:30:00+00:00;0.486;;
808410;treatment;after visit;2024-02-01 17:45:00+00:00;0.462;;
808410;treatment;after visit;2024-02-01 18:00:00+00:00;0.13;;
808410;treatment;after visit;2024-02-01 18:15:00+00:00;0.108;;
808410;treatment;after visit;2024-02-01 18:30:00+00:00;0.465;;
808410;treatment;after visit;2024-02-01 18:45:00+00:00;0.518;;
808410;treatment;after visit;2024-02-01 19:00:00+00:00;0.479;;
808410;treatment;after visit;2024-02-01 19:15:00+00:00;0.17;;
808410;treatment;after visit;2024-02-01 19:30:00+00:00;0.143;;
808410;treatment;after visit;2024-02-01 19:45:00+00:00;0.373;;
808410;treatment;after visit;2024-02-01 20:00:00+00:00;0.536;;
808410;treatment;after visit;2024-02-01 20:15:00+00:00;0.445;;
808410;treatment;after visit;2024-02-01 20:30:00+00:00;0.203;;
808410;treatment;after visit;2024-02-01 20:45:00+00:00;0.089;;
808410;treatment;after visit;2024-02-01 21:00:00+00:00;0.156;;
808410;treatment;after visit;2024-02-01 21:15:00+00:00;0.585;;
808410;treatment;after visit;2024-02-01 21:30:00+00:00;0.47;;
808410;treatment;after visit;2024-02-01 21:45:00+00:00;0.315;;
808410;treatment;after visit;2024-02-01 22:00:00+00:00;0.099;;
808410;treatment;after visit;2024-02-01 22:15:00+00:00;0.086;;
808410;treatment;after visit;2024-02-01 22:30:00+00:00;0.479;;
808410;treatment;after visit;2024-02-01 22:45:00+00:00;0.503;;
808410;treatment;after visit;2024-02-01 23:00:00+00:00;0.447;;
808410;treatment;after visit;2024-02-01 23:15:00+00:00;0.141;;
808410;treatment;after visit;2024-02-01 23:30:00+00:00;0.079;;
808410;treatment;after visit;2024-02-01 23:45:00+00:00;0.173;;
808410;treatment;after visit;2024-02-02 00:00:00+00:00;0.568;;
808410;treatment;after visit;2024-02-02 00:15:00+00:00;0.443;;
808410;treatment;after visit;2024-02-02 00:30:00+00:00;0.257;;
808410;treatment;after visit;2024-02-02 00:45:00+00:00;0.08;;
808410;treatment;after visit;2024-02-02 01:00:00+00:00;0.087;;
808410;treatment;after visit;2024-02-02 01:15:00+00:00;0.469;;
808410;treatment;after visit;2024-02-02 01:30:00+00:00;0.508;;
808410;treatment;after visit;2024-02-02 01:45:00+00:00;0.444;;
808410;treatment;after visit;2024-02-02 02:00:00+00:00;0.1;;
808410;treatment;after visit;2024-02-02 02:15:00+00:00;0.104;;
808410;treatment;after visit;2024-02-02 02:30:00+00:00;0.279;;
808410;treatment;after visit;2024-02-02 02:45:00+00:00;0.674;;
808410;treatment;after visit;2024-02-02 03:00:00+00:00;0.527;;
808410;treatment;after visit;2024-02-02 03:15:00+00:00;0.423;;
808410;treatment;after visit;2024-02-02 03:30:00+00:00;0.195;;
808410;treatment;after visit;2024-02-02 03:45:00+00:00;0.207;;
808410;treatment;after visit;2024-02-02 04:00:00+00:00;0.541;;
808410;treatment;after visit;2024-02-02 04:15:00+00:00;0.628;;
808410;treatment;after visit;2024-02-02 04:30:00+00:00;0.574;;
808410;treatment;after visit;2024-02-02 04:45:00+00:00;0.292;;
808410;treatment;after visit;2024-02-02 05:00:00+00:00;0.217;;
808410;treatment;after visit;2024-02-02 05:15:00+00:00;0.238;;
808410;treatment;after visit;2024-02-02 05:30:00+00:00;0.737;;
808410;treatment;after visit;2024-02-02 05:45:00+00:00;0.574;;
808410;treatment;after visit;2024-02-02 06:00:00+00:00;0.498;;
808410;treatment;after visit;2024-02-02 06:15:00+00:00;0.179;;
808410;treatment;after visit;2024-02-02 06:30:00+00:00;0.12;;
808410;treatment;after visit;2024-02-02 06:45:00+00:00;0.14;;
808410;treatment;after visit;2024-02-02 07:00:00+00:00;0.85;;
808410;treatment;after visit;2024-02-02 07:15:00+00:00;0.552;;
808410;treatment;after visit;2024-02-02 07:30:00+00:00;0.427;;
808410;treatment;after visit;2024-02-02 07:45:00+00:00;0.347;;
808410;treatment;after visit;2024-02-02 08:00:00+00:00;0.06;;
808410;treatment;after visit;2024-02-02 08:15:00+00:00;0.218;;
808410;treatment;after visit;2024-02-02 08:30:00+00:00;0.526;;
808410;treatment;after visit;2024-02-02 08:45:00+00:00;0.342;;
808410;treatment;after visit;2024-02-02 09:00:00+00:00;0.267;;
808410;treatment;after visit;2024-02-02 09:15:00+00:00;0.0;;
808410;treatment;after visit;2024-02-02 09:30:00+00:00;0.054;;
808410;treatment;after visit;2024-02-02 09:45:00+00:00;0.397;;
808410;treatment;after visit;2024-02-02 10:00:00+00:00;0.229;;
808410;treatment;after visit;2024-02-02 10:15:00+00:00;0.155;;
808410;treatment;after visit;2024-02-02 10:30:00+00:00;0.009;;
808410;treatment;after visit;2024-02-02 10:45:00+00:00;0.0;;
808410;treatment;after visit;2024-02-02 11:00:00+00:00;0.057;;
808410;treatment;after visit;2024-02-02 11:15:00+00:00;0.0;;
808410;treatment;after visit;2024-02-02 11:30:00+00:00;0.0;;
808410;treatment;after visit;2024-02-02 11:45:00+00:00;0.0;;
808410;treatment;after visit;2024-02-02 12:00:00+00:00;0.0;;
808410;treatment;after visit;2024-02-02 12:15:00+00:00;0.0;;
808410;treatment;after visit;2024-02-02 12:30:00+00:00;0.004;;
808410;treatment;after visit;2024-02-02 12:45:00+00:00;0.222;;
808410;treatment;after visit;2024-02-02 13:00:00+00:00;0.147;;
808410;treatment;after visit;2024-02-02 13:15:00+00:00;0.089;;
808410;treatment;after visit;2024-02-02 13:30:00+00:00;0.007;;
808410;treatment;after visit;2024-02-02 13:45:00+00:00;0.0;;
808410;treatment;after visit;2024-02-02 14:00:00+00:00;0.0;;
808410;treatment;after visit;2024-02-02 14:15:00+00:00;0.0;;
808410;treatment;after visit;2024-02-02 14:30:00+00:00;0.261;;
808410;treatment;after visit;2024-02-02 14:45:00+00:00;0.18;;
808410;treatment;after visit;2024-02-02 15:00:00+00:00;0.12;;
808410;treatment;after visit;2024-02-02 15:15:00+00:00;0.18;;
808410;treatment;after visit;2024-02-02 15:30:00+00:00;0.042;;
808410;treatment;after visit;2024-02-02 15:45:00+00:00;0.043;;
808410;treatment;after visit;2024-02-02 16:00:00+00:00;0.116;;
808410;treatment;after visit;2024-02-02 16:15:00+00:00;0.653;;
808410;treatment;after visit;2024-02-02 16:30:00+00:00;0.524;;
808410;treatment;after visit;2024-02-02 16:45:00+00:00;0.491;;
808410;treatment;after visit;2024-02-02 17:00:00+00:00;0.365;;
808410;treatment;after visit;2024-02-02 17:15:00+00:00;0.152;;
808410;treatment;after visit;2024-02-02 17:30:00+00:00;0.407;;
808410;treatment;after visit;2024-02-02 17:45:00+00:00;0.768;;
808410;treatment;after visit;2024-02-02 18:00:00+00:00;0.525;;
808410;treatment;after visit;2024-02-02 18:15:00+00:00;0.413;;
808410;treatment;after visit;2024-02-02 18:30:00+00:00;0.128;;
808410;treatment;after visit;2024-02-02 18:45:00+00:00;0.118;;
808410;treatment;after visit;2024-02-02 19:00:00+00:00;0.648;;
808410;treatment;after visit;2024-02-02 19:15:00+00:00;0.538;;
808410;treatment;after visit;2024-02-02 19:30:00+00:00;0.502;;
808410;treatment;after visit;2024-02-02 19:45:00+00:00;0.202;;
808410;treatment;after visit;2024-02-02 20:00:00+00:00;0.151;;
808410;treatment;after visit;2024-02-02 20:15:00+00:00;0.448;;
808410;treatment;after visit;2024-02-02 20:30:00+00:00;0.574;;
808410;treatment;after visit;2024-02-02 20:45:00+00:00;0.625;;
808410;treatment;after visit;2024-02-02 21:00:00+00:00;0.546;;
808410;treatment;after visit;2024-02-02 21:15:00+00:00;0.464;;
808410;treatment;after visit;2024-02-02 21:30:00+00:00;0.437;;
808410;treatment;after visit;2024-02-02 21:45:00+00:00;0.706;;
808410;treatment;after visit;2024-02-02 22:00:00+00:00;1.01;;
808410;treatment;after visit;2024-02-02 22:15:00+00:00;0.549;;
808410;treatment;after visit;2024-02-02 22:30:00+00:00;0.2;;
808410;treatment;after visit;2024-02-02 22:45:00+00:00;0.212;;
808410;treatment;after visit;2024-02-02 23:00:00+00:00;0.659;;
808410;treatment;after visit;2024-02-02 23:15:00+00:00;0.606;;
808410;treatment;after visit;2024-02-02 23:30:00+00:00;0.542;;
808410;treatment;after visit;2024-02-02 23:45:00+00:00;0.364;;
808410;treatment;after visit;2024-02-03 00:00:00+00:00;0.22;;
808410;treatment;after visit;2024-02-03 00:15:00+00:00;0.295;;
808410;treatment;after visit;2024-02-03 00:30:00+00:00;0.74;;
808410;treatment;after visit;2024-02-03 00:45:00+00:00;0.588;;
808410;treatment;after visit;2024-02-03 01:00:00+00:00;0.529;;
808410;treatment;after visit;2024-02-03 01:15:00+00:00;0.237;;
808410;treatment;after visit;2024-02-03 01:30:00+00:00;0.216;;
808410;treatment;after visit;2024-02-03 01:45:00+00:00;0.654;;
808410;treatment;after visit;2024-02-03 02:00:00+00:00;0.753;;
808410;treatment;after visit;2024-02-03 02:15:00+00:00;0.626;;
808410;treatment;after visit;2024-02-03 02:30:00+00:00;0.513;;
808410;treatment;after visit;2024-02-03 02:45:00+00:00;0.539;;
808410;treatment;after visit;2024-02-03 03:00:00+00:00;0.526;;
808410;treatment;after visit;2024-02-03 03:15:00+00:00;0.238;;
808410;treatment;after visit;2024-02-03 03:30:00+00:00;0.222;;
808410;treatment;after visit;2024-02-03 03:45:00+00:00;0.284;;
808410;treatment;after visit;2024-02-03 04:00:00+00:00;0.665;;
808410;treatment;after visit;2024-02-03 04:15:00+00:00;0.56;;
808410;treatment;after visit;2024-02-03 04:30:00+00:00;0.458;;
808410;treatment;after visit;2024-02-03 04:45:00+00:00;0.453;;
808410;treatment;after visit;2024-02-03 05:00:00+00:00;0.196;;
808410;treatment;after visit;2024-02-03 05:15:00+00:00;0.131;;
808410;treatment;after visit;2024-02-03 05:30:00+00:00;0.71;;
808410;treatment;after visit;2024-02-03 05:45:00+00:00;0.573;;
808410;treatment;after visit;2024-02-03 06:00:00+00:00;0.484;;
808410;treatment;after visit;2024-02-03 06:15:00+00:00;0.433;;
808410;treatment;after visit;2024-02-03 06:30:00+00:00;0.116;;
808410;treatment;after visit;2024-02-03 06:45:00+00:00;0.256;;
808410;treatment;after visit;2024-02-03 07:00:00+00:00;0.662;;
808410;treatment;after visit;2024-02-03 07:15:00+00:00;0.662;;
808410;treatment;after visit;2024-02-03 07:30:00+00:00;0.676;;
808410;treatment;after visit;2024-02-03 07:45:00+00:00;0.069;;
808410;treatment;after visit;2024-02-03 08:00:00+00:00;0.0;;
808410;treatment;after visit;2024-02-03 08:15:00+00:00;0.162;;
808410;treatment;after visit;2024-02-03 08:30:00+00:00;0.083;;
808410;treatment;after visit;2024-02-03 08:45:00+00:00;0.008;;
808410;treatment;after visit;2024-02-03 09:00:00+00:00;0.0;;
808410;treatment;after visit;2024-02-03 09:15:00+00:00;0.0;;
808410;treatment;after visit;2024-02-03 09:30:00+00:00;0.0;;
808410;treatment;after visit;2024-02-03 09:45:00+00:00;0.069;;
808410;treatment;after visit;2024-02-03 10:00:00+00:00;0.065;;
808410;treatment;after visit;2024-02-03 10:15:00+00:00;0.006;;
808410;treatment;after visit;2024-02-03 10:30:00+00:00;0.0;;
808410;treatment;after visit;2024-02-03 10:45:00+00:00;0.0;;
808410;treatment;after visit;2024-02-03 11:00:00+00:00;0.0;;
808410;treatment;after visit;2024-02-03 11:15:00+00:00;0.0;;
808410;treatment;after visit;2024-02-03 11:30:00+00:00;0.0;;
808410;treatment;after visit;2024-02-03 11:45:00+00:00;0.0;;
808410;treatment;after visit;2024-02-03 12:00:00+00:00;0.0;;
808410;treatment;after visit;2024-02-03 12:15:00+00:00;0.001;;
808410;treatment;after visit;2024-02-03 12:30:00+00:00;0.0;;
808410;treatment;after visit;2024-02-03 12:45:00+00:00;0.0;;
808410;treatment;after visit;2024-02-03 13:00:00+00:00;0.0;;
808410;treatment;after visit;2024-02-03 13:15:00+00:00;0.0;;
808410;treatment;after visit;2024-02-03 13:30:00+00:00;0.0;;
808410;treatment;after visit;2024-02-03 13:45:00+00:00;0.0;;
808410;treatment;after visit;2024-02-03 14:00:00+00:00;0.0;;
808410;treatment;after visit;2024-02-03 14:15:00+00:00;0.0;;
808410;treatment;after visit;2024-02-03 14:30:00+00:00;0.0;;
808410;treatment;after visit;2024-02-03 14:45:00+00:00;0.0;;
808410;treatment;after visit;2024-02-03 15:00:00+00:00;0.0;;
808410;treatment;after visit;2024-02-03 15:15:00+00:00;0.149;;
808410;treatment;after visit;2024-02-03 15:30:00+00:00;0.091;;
808410;treatment;after visit;2024-02-03 15:45:00+00:00;0.148;;
808410;treatment;after visit;2024-02-03 16:00:00+00:00;0.041;;
808410;treatment;after visit;2024-02-03 16:15:00+00:00;0.111;;
808410;treatment;after visit;2024-02-03 16:30:00+00:00;0.131;;
808410;treatment;after visit;2024-02-03 16:45:00+00:00;0.148;;
808410;treatment;after visit;2024-02-03 17:00:00+00:00;0.507;;
808410;treatment;after visit;2024-02-03 17:15:00+00:00;0.623;;
808410;treatment;after visit;2024-02-03 17:30:00+00:00;0.627;;
808410;treatment;after visit;2024-02-03 17:45:00+00:00;0.331;;
808410;treatment;after visit;2024-02-03 18:00:00+00:00;0.101;;
808410;treatment;after visit;2024-02-03 18:15:00+00:00;0.248;;
808410;treatment;after visit;2024-02-03 18:30:00+00:00;0.598;;
808410;treatment;after visit;2024-02-03 18:45:00+00:00;0.438;;
808410;treatment;after visit;2024-02-03 19:00:00+00:00;0.321;;
808410;treatment;after visit;2024-02-03 19:15:00+00:00;0.155;;
808410;treatment;after visit;2024-02-03 19:30:00+00:00;0.174;;
808410;treatment;after visit;2024-02-03 19:45:00+00:00;0.661;;
808410;treatment;after visit;2024-02-03 20:00:00+00:00;0.562;;
808410;treatment;after visit;2024-02-03 20:15:00+00:00;0.428;;
808410;treatment;after visit;2024-02-03 20:30:00+00:00;0.155;;
808410;treatment;after visit;2024-02-03 20:45:00+00:00;0.131;;
808410;treatment;after visit;2024-02-03 21:00:00+00:00;0.409;;
808410;treatment;after visit;2024-02-03 21:15:00+00:00;0.739;;
808410;treatment;after visit;2024-02-03 21:30:00+00:00;0.649;;
808410;treatment;after visit;2024-02-03 21:45:00+00:00;0.553;;
808410;treatment;after visit;2024-02-03 22:00:00+00:00;0.551;;
808410;treatment;after visit;2024-02-03 22:15:00+00:00;0.556;;
808410;treatment;after visit;2024-02-03 22:30:00+00:00;0.228;;
808410;treatment;after visit;2024-02-03 22:45:00+00:00;0.266;;
808410;treatment;after visit;2024-02-03 23:00:00+00:00;0.797;;
808410;treatment;after visit;2024-02-03 23:15:00+00:00;0.658;;
808410;treatment;after visit;2024-02-03 23:30:00+00:00;0.617;;
808410;treatment;after visit;2024-02-03 23:45:00+00:00;0.582;;
808410;treatment;after visit;2024-02-04 00:00:00+00:00;0.562;;
808410;treatment;after visit;2024-02-04 00:15:00+00:00;0.56;;
808410;treatment;after visit;2024-02-04 00:30:00+00:00;0.573;;
808410;treatment;after visit;2024-02-04 00:45:00+00:00;0.577;;
808410;treatment;after visit;2024-02-04 01:00:00+00:00;0.567;;
808410;treatment;after visit;2024-02-04 01:15:00+00:00;0.448;;
808410;treatment;after visit;2024-02-04 01:30:00+00:00;0.458;;
808410;treatment;after visit;2024-02-04 01:45:00+00:00;0.457;;
808410;treatment;after visit;2024-02-04 02:00:00+00:00;0.454;;
808410;treatment;after visit;2024-02-04 02:15:00+00:00;0.456;;
808410;treatment;after visit;2024-02-04 02:30:00+00:00;0.449;;
808410;treatment;after visit;2024-02-04 02:45:00+00:00;0.46;;
808410;treatment;after visit;2024-02-04 03:00:00+00:00;0.282;;
808410;treatment;after visit;2024-02-04 03:15:00+00:00;0.097;;
808410;treatment;after visit;2024-02-04 03:30:00+00:00;0.096;;
808410;treatment;after visit;2024-02-04 03:45:00+00:00;0.417;;
808410;treatment;after visit;2024-02-04 04:00:00+00:00;0.605;;
808410;treatment;after visit;2024-02-04 04:15:00+00:00;0.516;;
808410;treatment;after visit;2024-02-04 04:30:00+00:00;0.489;;
808410;treatment;after visit;2024-02-04 04:45:00+00:00;0.461;;
808410;treatment;after visit;2024-02-04 05:00:00+00:00;0.163;;
808410;treatment;after visit;2024-02-04 05:15:00+00:00;0.106;;
808410;treatment;after visit;2024-02-04 05:30:00+00:00;0.108;;
808410;treatment;after visit;2024-02-04 05:45:00+00:00;0.149;;
808410;treatment;after visit;2024-02-04 06:00:00+00:00;0.731;;
808410;treatment;after visit;2024-02-04 06:15:00+00:00;0.597;;
808410;treatment;after visit;2024-02-04 06:30:00+00:00;0.452;;
808410;treatment;after visit;2024-02-04 06:45:00+00:00;0.326;;
808410;treatment;after visit;2024-02-04 07:00:00+00:00;0.099;;
808410;treatment;after visit;2024-02-04 07:15:00+00:00;0.381;;
808410;treatment;after visit;2024-02-04 07:30:00+00:00;0.634;;
808410;treatment;after visit;2024-02-04 07:45:00+00:00;0.76;;
808410;treatment;after visit;2024-02-04 08:00:00+00:00;0.332;;
808410;treatment;after visit;2024-02-04 08:15:00+00:00;0.004;;
808410;treatment;after visit;2024-02-04 08:30:00+00:00;0.115;;
808410;treatment;after visit;2024-02-04 08:45:00+00:00;0.355;;
808410;treatment;after visit;2024-02-04 09:00:00+00:00;0.227;;
808410;treatment;after visit;2024-02-04 09:15:00+00:00;0.066;;
808410;treatment;after visit;2024-02-04 09:30:00+00:00;0.0;;
808410;treatment;after visit;2024-02-04 09:45:00+00:00;0.0;;
808410;treatment;after visit;2024-02-04 10:00:00+00:00;0.015;;
808410;treatment;after visit;2024-02-04 10:15:00+00:00;0.104;;
808410;treatment;after visit;2024-02-04 10:30:00+00:00;0.009;;
808410;treatment;after visit;2024-02-04 10:45:00+00:00;0.0;;
808410;treatment;after visit;2024-02-04 11:00:00+00:00;0.0;;
808410;treatment;after visit;2024-02-04 11:15:00+00:00;0.0;;
808410;treatment;after visit;2024-02-04 11:30:00+00:00;0.0;;
808410;treatment;after visit;2024-02-04 11:45:00+00:00;0.0;;
808410;treatment;after visit;2024-02-04 12:00:00+00:00;0.0;;
808410;treatment;after visit;2024-02-04 12:15:00+00:00;0.0;;
808410;treatment;after visit;2024-02-04 12:30:00+00:00;0.001;;
808410;treatment;after visit;2024-02-04 12:45:00+00:00;0.0;;
808410;treatment;after visit;2024-02-04 13:00:00+00:00;0.0;;
808410;treatment;after visit;2024-02-04 13:15:00+00:00;0.0;;
808410;treatment;after visit;2024-02-04 13:30:00+00:00;0.0;;
808410;treatment;after visit;2024-02-04 13:45:00+00:00;0.0;;
808410;treatment;after visit;2024-02-04 14:00:00+00:00;0.004;;
808410;treatment;after visit;2024-02-04 14:15:00+00:00;0.253;;
808410;treatment;after visit;2024-02-04 14:30:00+00:00;0.296;;
808410;treatment;after visit;2024-02-04 14:45:00+00:00;0.353;;
808410;treatment;after visit;2024-02-04 15:00:00+00:00;0.341;;
808410;treatment;after visit;2024-02-04 15:15:00+00:00;0.328;;
808410;treatment;after visit;2024-02-04 15:30:00+00:00;0.118;;
808410;treatment;after visit;2024-02-04 15:45:00+00:00;0.414;;
808410;treatment;after visit;2024-02-04 16:00:00+00:00;0.338;;
808410;treatment;after visit;2024-02-04 16:15:00+00:00;0.853;;
808410;treatment;after visit;2024-02-04 16:30:00+00:00;0.892;;
808410;treatment;after visit;2024-02-04 16:45:00+00:00;0.832;;
808410;treatment;after visit;2024-02-04 17:00:00+00:00;0.455;;
808410;treatment;after visit;2024-02-04 17:15:00+00:00;0.322;;
808410;treatment;after visit;2024-02-04 17:30:00+00:00;0.324;;
808410;treatment;after visit;2024-02-04 17:45:00+00:00;0.544;;
808410;treatment;after visit;2024-02-04 18:00:00+00:00;0.528;;
808410;treatment;after visit;2024-02-04 18:15:00+00:00;0.453;;
808410;treatment;after visit;2024-02-04 18:30:00+00:00;0.211;;
808410;treatment;after visit;2024-02-04 18:45:00+00:00;0.183;;
808410;treatment;after visit;2024-02-04 19:00:00+00:00;0.149;;
808410;treatment;after visit;2024-02-04 19:15:00+00:00;0.633;;
808410;treatment;after visit;2024-02-04 19:30:00+00:00;0.512;;
808410;treatment;after visit;2024-02-04 19:45:00+00:00;0.452;;
808410;treatment;after visit;2024-02-04 20:00:00+00:00;0.211;;
808410;treatment;after visit;2024-02-04 20:15:00+00:00;0.462;;
808410;treatment;after visit;2024-02-04 20:30:00+00:00;0.352;;
808410;treatment;after visit;2024-02-04 20:45:00+00:00;0.619;;
808410;treatment;after visit;2024-02-04 21:00:00+00:00;0.502;;
808410;treatment;after visit;2024-02-04 21:15:00+00:00;0.795;;
808410;treatment;after visit;2024-02-04 21:30:00+00:00;0.467;;
808410;treatment;after visit;2024-02-04 21:45:00+00:00;0.112;;
808410;treatment;after visit;2024-02-04 22:00:00+00:00;0.105;;
808410;treatment;after visit;2024-02-04 22:15:00+00:00;0.357;;
808410;treatment;after visit;2024-02-04 22:30:00+00:00;0.66;;
808410;treatment;after visit;2024-02-04 22:45:00+00:00;0.505;;
808410;treatment;after visit;2024-02-04 23:00:00+00:00;0.5;;
808410;treatment;after visit;2024-02-04 23:15:00+00:00;0.333;;
808410;treatment;after visit;2024-02-04 23:30:00+00:00;0.108;;
808410;treatment;after visit;2024-02-04 23:45:00+00:00;0.392;;
808410;treatment;after visit;2024-02-05 00:00:00+00:00;0.602;;
808410;treatment;after visit;2024-02-05 00:15:00+00:00;0.523;;
808410;treatment;after visit;2024-02-05 00:30:00+00:00;0.399;;
808410;treatment;after visit;2024-02-05 00:45:00+00:00;0.105;;
808410;treatment;after visit;2024-02-05 01:00:00+00:00;0.155;;
808410;treatment;after visit;2024-02-05 01:15:00+00:00;0.573;;
808410;treatment;after visit;2024-02-05 01:30:00+00:00;0.592;;
808410;treatment;after visit;2024-02-05 01:45:00+00:00;0.514;;
808410;treatment;after visit;2024-02-05 02:00:00+00:00;0.481;;
808410;treatment;after visit;2024-02-05 02:15:00+00:00;0.372;;
808410;treatment;after visit;2024-02-05 02:30:00+00:00;0.1;;
808410;treatment;after visit;2024-02-05 02:45:00+00:00;0.244;;
808410;treatment;after visit;2024-02-05 03:00:00+00:00;0.67;;
808410;treatment;after visit;2024-02-05 03:15:00+00:00;0.55;;
808410;treatment;after visit;2024-02-05 03:30:00+00:00;0.435;;
808410;treatment;after visit;2024-02-05 03:45:00+00:00;0.099;;
808410;treatment;after visit;2024-02-05 04:00:00+00:00;0.172;;
808410;treatment;after visit;2024-02-05 04:15:00+00:00;0.573;;
808410;treatment;after visit;2024-02-05 04:30:00+00:00;0.603;;
808410;treatment;after visit;2024-02-05 04:45:00+00:00;0.535;;
808410;treatment;after visit;2024-02-05 05:00:00+00:00;0.492;;
808410;treatment;after visit;2024-02-05 05:15:00+00:00;0.491;;
808410;treatment;after visit;2024-02-05 05:30:00+00:00;0.17;;
808410;treatment;after visit;2024-02-05 05:45:00+00:00;0.148;;
808410;treatment;after visit;2024-02-05 06:00:00+00:00;0.614;;
808410;treatment;after visit;2024-02-05 06:15:00+00:00;0.887;;
808410;treatment;after visit;2024-02-05 06:30:00+00:00;0.639;;
808410;treatment;after visit;2024-02-05 06:45:00+00:00;0.597;;
808410;treatment;after visit;2024-02-05 07:00:00+00:00;0.372;;
808410;treatment;after visit;2024-02-05 07:15:00+00:00;0.451;;
808410;treatment;after visit;2024-02-05 07:30:00+00:00;0.677;;
808410;treatment;after visit;2024-02-05 07:45:00+00:00;0.582;;
808410;treatment;after visit;2024-02-05 08:00:00+00:00;0.464;;
808410;treatment;after visit;2024-02-05 08:15:00+00:00;0.409;;
808410;treatment;after visit;2024-02-05 08:30:00+00:00;0.136;;
808410;treatment;after visit;2024-02-05 08:45:00+00:00;0.0;;
808410;treatment;after visit;2024-02-05 09:00:00+00:00;0.028;;
808410;treatment;after visit;2024-02-05 09:15:00+00:00;0.412;;
808410;treatment;after visit;2024-02-05 09:30:00+00:00;0.185;;
808410;treatment;after visit;2024-02-05 09:45:00+00:00;0.001;;
808410;treatment;after visit;2024-02-05 10:00:00+00:00;0.0;;
808410;treatment;after visit;2024-02-05 10:15:00+00:00;0.0;;
808410;treatment;after visit;2024-02-05 10:30:00+00:00;0.0;;
808410;treatment;after visit;2024-02-05 10:45:00+00:00;0.011;;
808410;treatment;after visit;2024-02-05 11:00:00+00:00;0.011;;
808410;treatment;after visit;2024-02-05 11:15:00+00:00;0.029;;
808410;treatment;after visit;2024-02-05 11:30:00+00:00;0.0;;
808410;treatment;after visit;2024-02-05 11:45:00+00:00;0.0;;
808410;treatment;after visit;2024-02-05 12:00:00+00:00;0.0;;
808410;treatment;after visit;2024-02-05 12:15:00+00:00;0.0;;
808410;treatment;after visit;2024-02-05 12:30:00+00:00;0.0;;
808410;treatment;after visit;2024-02-05 12:45:00+00:00;0.0;;
808410;treatment;after visit;2024-02-05 13:00:00+00:00;0.0;;
808410;treatment;after visit;2024-02-05 13:15:00+00:00;0.003;;
808410;treatment;after visit;2024-02-05 13:30:00+00:00;0.0;;
808410;treatment;after visit;2024-02-05 13:45:00+00:00;0.0;;
808410;treatment;after visit;2024-02-05 14:00:00+00:00;0.0;;
808410;treatment;after visit;2024-02-05 14:15:00+00:00;0.0;;
808410;treatment;after visit;2024-02-05 14:30:00+00:00;0.0;;
808410;treatment;after visit;2024-02-05 14:45:00+00:00;0.0;;
808410;treatment;after visit;2024-02-05 15:00:00+00:00;0.0;;
808410;treatment;after visit;2024-02-05 15:15:00+00:00;0.123;;
808410;treatment;after visit;2024-02-05 15:30:00+00:00;0.16;;
808410;treatment;after visit;2024-02-05 15:45:00+00:00;0.074;;
808410;treatment;after visit;2024-02-05 16:00:00+00:00;0.117;;
808410;treatment;after visit;2024-02-05 16:15:00+00:00;0.094;;
808410;treatment;after visit;2024-02-05 16:30:00+00:00;0.119;;
808410;treatment;after visit;2024-02-05 16:45:00+00:00;0.213;;
808410;treatment;after visit;2024-02-05 17:00:00+00:00;0.672;;
808410;treatment;after visit;2024-02-05 17:15:00+00:00;0.497;;
808410;treatment;after visit;2024-02-05 17:30:00+00:00;0.626;;
808410;treatment;after visit;2024-02-05 17:45:00+00:00;0.341;;
808410;treatment;after visit;2024-02-05 18:00:00+00:00;0.111;;
808410;treatment;after visit;2024-02-05 18:15:00+00:00;0.202;;
808410;treatment;after visit;2024-02-05 18:30:00+00:00;0.601;;
808410;treatment;after visit;2024-02-05 18:45:00+00:00;0.49;;
808410;treatment;after visit;2024-02-05 19:00:00+00:00;0.337;;
808410;treatment;after visit;2024-02-05 19:15:00+00:00;0.133;;
808410;treatment;after visit;2024-02-05 19:30:00+00:00;0.141;;
808410;treatment;after visit;2024-02-05 19:45:00+00:00;0.397;;
808410;treatment;after visit;2024-02-05 20:00:00+00:00;0.583;;
808410;treatment;after visit;2024-02-05 20:15:00+00:00;0.441;;
808410;treatment;after visit;2024-02-05 20:30:00+00:00;0.309;;
808410;treatment;after visit;2024-02-05 20:45:00+00:00;0.108;;
808410;treatment;after visit;2024-02-05 21:00:00+00:00;0.113;;
808410;treatment;after visit;2024-02-05 21:15:00+00:00;0.285;;
808410;treatment;after visit;2024-02-05 21:30:00+00:00;0.585;;
808410;treatment;after visit;2024-02-05 21:45:00+00:00;0.442;;
808410;treatment;after visit;2024-02-05 22:00:00+00:00;0.285;;
808410;treatment;after visit;2024-02-05 22:15:00+00:00;0.107;;
808410;treatment;after visit;2024-02-05 22:30:00+00:00;0.104;;
808410;treatment;after visit;2024-02-05 22:45:00+00:00;0.413;;
808410;treatment;after visit;2024-02-05 23:00:00+00:00;0.527;;
808410;treatment;after visit;2024-02-05 23:15:00+00:00;0.439;;
808410;treatment;after visit;2024-02-05 23:30:00+00:00;0.114;;
808410;treatment;after visit;2024-02-05 23:45:00+00:00;0.092;;
808410;treatment;after visit;2024-02-06 00:00:00+00:00;0.205;;
808410;treatment;after visit;2024-02-06 00:15:00+00:00;0.603;;
808410;treatment;after visit;2024-02-06 00:30:00+00:00;0.459;;
808410;treatment;after visit;2024-02-06 00:45:00+00:00;0.38;;
808410;treatment;after visit;2024-02-06 01:00:00+00:00;0.185;;
808410;treatment;after visit;2024-02-06 01:15:00+00:00;0.194;;
808410;treatment;after visit;2024-02-06 01:30:00+00:00;0.331;;
808410;treatment;after visit;2024-02-06 01:45:00+00:00;0.718;;
808410;treatment;after visit;2024-02-06 02:00:00+00:00;0.577;;
808410;treatment;after visit;2024-02-06 02:15:00+00:00;0.435;;
808410;treatment;after visit;2024-02-06 02:30:00+00:00;0.202;;
808410;treatment;after visit;2024-02-06 02:45:00+00:00;0.212;;
808410;treatment;after visit;2024-02-06 03:00:00+00:00;0.495;;
808410;treatment;after visit;2024-02-06 03:15:00+00:00;0.776;;
808410;treatment;after visit;2024-02-06 03:30:00+00:00;0.66;;
808410;treatment;after visit;2024-02-06 03:45:00+00:00;0.566;;
808410;treatment;after visit;2024-02-06 04:00:00+00:00;0.564;;
808410;treatment;after visit;2024-02-06 04:15:00+00:00;0.446;;
808410;treatment;after visit;2024-02-06 04:30:00+00:00;0.227;;
808410;treatment;after visit;2024-02-06 04:45:00+00:00;0.431;;
808410;treatment;after visit;2024-02-06 05:00:00+00:00;0.637;;
808410;treatment;after visit;2024-02-06 05:15:00+00:00;0.55;;
808410;treatment;after visit;2024-02-06 05:30:00+00:00;0.438;;
808410;treatment;after visit;2024-02-06 05:45:00+00:00;0.099;;
808410;treatment;after visit;2024-02-06 06:00:00+00:00;0.117;;
808410;treatment;after visit;2024-02-06 06:15:00+00:00;0.728;;
808410;treatment;after visit;2024-02-06 06:30:00+00:00;0.608;;
808410;treatment;after visit;2024-02-06 06:45:00+00:00;0.474;;
808410;treatment;after visit;2024-02-06 07:00:00+00:00;0.617;;
808410;treatment;after visit;2024-02-06 07:15:00+00:00;0.483;;
808410;treatment;after visit;2024-02-06 07:30:00+00:00;0.409;;
808410;treatment;after visit;2024-02-06 07:45:00+00:00;0.412;;
808410;treatment;after visit;2024-02-06 08:00:00+00:00;0.415;;
808410;treatment;after visit;2024-02-06 08:15:00+00:00;0.419;;
808410;treatment;after visit;2024-02-06 08:30:00+00:00;0.374;;
808410;treatment;after visit;2024-02-06 08:45:00+00:00;0.279;;
808410;treatment;after visit;2024-02-06 09:00:00+00:00;0.102;;
808410;treatment;after visit;2024-02-06 09:15:00+00:00;0.017;;
808410;treatment;after visit;2024-02-06 09:30:00+00:00;0.003;;
808410;treatment;after visit;2024-02-06 09:45:00+00:00;0.061;;
808410;treatment;after visit;2024-02-06 10:00:00+00:00;0.001;;
808410;treatment;after visit;2024-02-06 10:15:00+00:00;0.001;;
808410;treatment;after visit;2024-02-06 10:30:00+00:00;0.0;;
808410;treatment;after visit;2024-02-06 10:45:00+00:00;0.0;;
808410;treatment;after visit;2024-02-06 11:00:00+00:00;0.0;;
808410;treatment;after visit;2024-02-06 11:15:00+00:00;0.0;;
808410;treatment;after visit;2024-02-06 11:30:00+00:00;0.0;;
808410;treatment;after visit;2024-02-06 11:45:00+00:00;0.0;;
808410;treatment;after visit;2024-02-06 12:00:00+00:00;0.0;;
808410;treatment;after visit;2024-02-06 12:15:00+00:00;0.0;;
808410;treatment;after visit;2024-02-06 12:30:00+00:00;0.0;;
808410;treatment;after visit;2024-02-06 12:45:00+00:00;0.0;;
808410;treatment;after visit;2024-02-06 13:00:00+00:00;0.001;;
808410;treatment;after visit;2024-02-06 13:15:00+00:00;0.0;;
808410;treatment;after visit;2024-02-06 13:30:00+00:00;0.0;;
808410;treatment;after visit;2024-02-06 13:45:00+00:00;0.0;;
808410;treatment;after visit;2024-02-06 14:00:00+00:00;0.0;;
808410;treatment;after visit;2024-02-06 14:15:00+00:00;0.0;;
808410;treatment;after visit;2024-02-06 14:30:00+00:00;0.0;;
808410;treatment;after visit;2024-02-06 14:45:00+00:00;0.123;;
808410;treatment;after visit;2024-02-06 15:00:00+00:00;0.222;;
808410;treatment;after visit;2024-02-06 15:15:00+00:00;0.07;;
808410;treatment;after visit;2024-02-06 15:30:00+00:00;0.001;;
808410;treatment;after visit;2024-02-06 15:45:00+00:00;0.0;;
808410;treatment;after visit;2024-02-06 16:00:00+00:00;0.009;;
808410;treatment;after visit;2024-02-06 16:15:00+00:00;0.417;;
808410;treatment;after visit;2024-02-06 16:30:00+00:00;0.792;;
808410;treatment;after visit;2024-02-06 16:45:00+00:00;0.741;;
808410;treatment;after visit;2024-02-06 17:00:00+00:00;0.157;;
808410;treatment;after visit;2024-02-06 17:15:00+00:00;0.133;;
808410;treatment;after visit;2024-02-06 17:30:00+00:00;0.183;;
808410;treatment;after visit;2024-02-06 17:45:00+00:00;0.665;;
808410;treatment;after visit;2024-02-06 18:00:00+00:00;0.603;;
808410;treatment;after visit;2024-02-06 18:15:00+00:00;0.52;;
808410;treatment;after visit;2024-02-06 18:30:00+00:00;0.408;;
808410;treatment;after visit;2024-02-06 18:45:00+00:00;0.132;;
808410;treatment;after visit;2024-02-06 19:00:00+00:00;0.29;;
808410;treatment;after visit;2024-02-06 19:15:00+00:00;0.7;;
808410;treatment;after visit;2024-02-06 19:30:00+00:00;0.585;;
808410;treatment;after visit;2024-02-06 19:45:00+00:00;0.409;;
808410;treatment;after visit;2024-02-06 20:00:00+00:00;0.122;;
808410;treatment;after visit;2024-02-06 20:15:00+00:00;0.222;;
808410;treatment;after visit;2024-02-06 20:30:00+00:00;0.791;;
808410;treatment;after visit;2024-02-06 20:45:00+00:00;0.672;;
808410;treatment;after visit;2024-02-06 21:00:00+00:00;0.546;;
808410;treatment;after visit;2024-02-06 21:15:00+00:00;0.397;;
808410;treatment;after visit;2024-02-06 21:30:00+00:00;0.218;;
808410;treatment;after visit;2024-02-06 21:45:00+00:00;0.326;;
808410;treatment;after visit;2024-02-06 22:00:00+00:00;0.789;;
808410;treatment;after visit;2024-02-06 22:15:00+00:00;0.63;;
808410;treatment;after visit;2024-02-06 22:30:00+00:00;0.575;;
808410;treatment;after visit;2024-02-06 22:45:00+00:00;0.413;;
808410;treatment;after visit;2024-02-06 23:00:00+00:00;0.213;;
808410;treatment;after visit;2024-02-06 23:15:00+00:00;0.332;;
808410;treatment;after visit;2024-02-06 23:30:00+00:00;0.676;;
808410;treatment;after visit;2024-02-06 23:45:00+00:00;0.719;;
808410;treatment;after visit;2024-02-07 00:00:00+00:00;0.572;;
808410;treatment;after visit;2024-02-07 00:15:00+00:00;0.48;;
808410;treatment;after visit;2024-02-07 00:30:00+00:00;0.474;;
808410;treatment;after visit;2024-02-07 00:45:00+00:00;0.488;;
808410;treatment;after visit;2024-02-07 01:00:00+00:00;0.487;;
808410;treatment;after visit;2024-02-07 01:15:00+00:00;0.256;;
808410;treatment;after visit;2024-02-07 01:30:00+00:00;0.099;;
808410;treatment;after visit;2024-02-07 01:45:00+00:00;0.113;;
808410;treatment;after visit;2024-02-07 02:00:00+00:00;0.666;;
808410;treatment;after visit;2024-02-07 02:15:00+00:00;0.59;;
808410;treatment;after visit;2024-02-07 02:30:00+00:00;0.561;;
808410;treatment;after visit;2024-02-07 02:45:00+00:00;0.289;;
808410;treatment;after visit;2024-02-07 03:00:00+00:00;0.17;;
808410;treatment;after visit;2024-02-07 03:15:00+00:00;0.662;;
808410;treatment;after visit;2024-02-07 03:30:00+00:00;0.563;;
808410;treatment;after visit;2024-02-07 03:45:00+00:00;0.435;;
808410;treatment;after visit;2024-02-07 04:00:00+00:00;0.192;;
808410;treatment;after visit;2024-02-07 04:15:00+00:00;0.113;;
808410;treatment;after visit;2024-02-07 04:30:00+00:00;0.395;;
808410;treatment;after visit;2024-02-07 04:45:00+00:00;0.613;;
808410;treatment;after visit;2024-02-07 05:00:00+00:00;0.485;;
808410;treatment;after visit;2024-02-07 05:15:00+00:00;0.26;;
808410;treatment;after visit;2024-02-07 05:30:00+00:00;0.116;;
808410;treatment;after visit;2024-02-07 05:45:00+00:00;0.316;;
808410;treatment;after visit;2024-02-07 06:00:00+00:00;0.619;;
808410;treatment;after visit;2024-02-07 06:15:00+00:00;0.487;;
808410;treatment;after visit;2024-02-07 06:30:00+00:00;0.351;;
808410;treatment;after visit;2024-02-07 06:45:00+00:00;0.274;;
808410;treatment;after visit;2024-02-07 07:00:00+00:00;0.148;;
808410;treatment;after visit;2024-02-07 07:15:00+00:00;0.144;;
808410;treatment;after visit;2024-02-07 07:30:00+00:00;0.16;;
808410;treatment;after visit;2024-02-07 07:45:00+00:00;0.492;;
808410;treatment;after visit;2024-02-07 08:00:00+00:00;0.435;;
808410;treatment;after visit;2024-02-07 08:15:00+00:00;0.738;;
808410;treatment;after visit;2024-02-07 08:30:00+00:00;0.408;;
808410;treatment;after visit;2024-02-07 08:45:00+00:00;0.117;;
808410;treatment;after visit;2024-02-07 09:00:00+00:00;0.032;;
808410;treatment;after visit;2024-02-07 09:15:00+00:00;0.529;;
808410;treatment;after visit;2024-02-07 09:30:00+00:00;0.538;;
808410;treatment;after visit;2024-02-07 09:45:00+00:00;0.136;;
808410;treatment;after visit;2024-02-07 10:00:00+00:00;0.0;;
808410;treatment;after visit;2024-02-07 10:15:00+00:00;0.0;;
808410;treatment;after visit;2024-02-07 10:30:00+00:00;0.026;;
808410;treatment;after visit;2024-02-07 10:45:00+00:00;0.087;;
808410;treatment;after visit;2024-02-07 11:00:00+00:00;0.158;;
808410;treatment;after visit;2024-02-07 11:15:00+00:00;0.0;;
808410;treatment;after visit;2024-02-07 11:30:00+00:00;0.0;;
808410;treatment;after visit;2024-02-07 11:45:00+00:00;0.0;;
808410;treatment;after visit;2024-02-07 12:00:00+00:00;0.0;;
808410;treatment;after visit;2024-02-07 12:15:00+00:00;0.0;;
808410;treatment;after visit;2024-02-07 12:30:00+00:00;0.008;;
808410;treatment;after visit;2024-02-07 12:45:00+00:00;0.134;;
808410;treatment;after visit;2024-02-07 13:00:00+00:00;0.015;;
808410;treatment;after visit;2024-02-07 13:15:00+00:00;0.006;;
808410;treatment;after visit;2024-02-07 13:30:00+00:00;0.0;;
808410;treatment;after visit;2024-02-07 13:45:00+00:00;0.0;;
808410;treatment;after visit;2024-02-07 14:00:00+00:00;0.0;;
808410;treatment;after visit;2024-02-07 14:15:00+00:00;0.0;;
808410;treatment;after visit;2024-02-07 14:30:00+00:00;0.315;;
808410;treatment;after visit;2024-02-07 14:45:00+00:00;0.115;;
808410;treatment;after visit;2024-02-07 15:00:00+00:00;0.0;;
808410;treatment;after visit;2024-02-07 15:15:00+00:00;0.0;;
808410;treatment;after visit;2024-02-07 15:30:00+00:00;0.0;;
808410;treatment;after visit;2024-02-07 15:45:00+00:00;0.008;;
808410;treatment;after visit;2024-02-07 16:00:00+00:00;0.126;;
808410;treatment;after visit;2024-02-07 16:15:00+00:00;0.548;;
808410;treatment;after visit;2024-02-07 16:30:00+00:00;0.615;;
808410;treatment;after visit;2024-02-07 16:45:00+00:00;0.4;;
808410;treatment;after visit;2024-02-07 17:00:00+00:00;0.16;;
808410;treatment;after visit;2024-02-07 17:15:00+00:00;0.194;;
808410;treatment;after visit;2024-02-07 17:30:00+00:00;0.25;;
808410;treatment;after visit;2024-02-07 17:45:00+00:00;0.205;;
808410;treatment;after visit;2024-02-07 18:00:00+00:00;0.572;;
808410;treatment;after visit;2024-02-07 18:15:00+00:00;0.466;;
808410;treatment;after visit;2024-02-07 18:30:00+00:00;0.308;;
808410;treatment;after visit;2024-02-07 18:45:00+00:00;0.213;;
808410;treatment;after visit;2024-02-07 19:00:00+00:00;0.255;;
808410;treatment;after visit;2024-02-07 19:15:00+00:00;0.653;;
808410;treatment;after visit;2024-02-07 19:30:00+00:00;0.631;;
808410;treatment;after visit;2024-02-07 19:45:00+00:00;0.587;;
808410;treatment;after visit;2024-02-07 20:00:00+00:00;0.398;;
808410;treatment;after visit;2024-02-07 20:15:00+00:00;0.224;;
808410;treatment;after visit;2024-02-07 20:30:00+00:00;0.208;;
808410;treatment;after visit;2024-02-07 20:45:00+00:00;0.588;;
808410;treatment;after visit;2024-02-07 21:00:00+00:00;0.587;;
808410;treatment;after visit;2024-02-07 21:15:00+00:00;0.485;;
808410;treatment;after visit;2024-02-07 21:30:00+00:00;0.224;;
808410;treatment;after visit;2024-02-07 21:45:00+00:00;0.197;;
808410;treatment;after visit;2024-02-07 22:00:00+00:00;0.263;;
808410;treatment;after visit;2024-02-07 22:15:00+00:00;0.676;;
808410;treatment;after visit;2024-02-07 22:30:00+00:00;0.547;;
808410;treatment;after visit;2024-02-07 22:45:00+00:00;0.453;;
808410;treatment;after visit;2024-02-07 23:00:00+00:00;0.271;;
808410;treatment;after visit;2024-02-07 23:15:00+00:00;0.199;;
808410;treatment;after visit;2024-02-07 23:30:00+00:00;0.2;;
808410;treatment;after visit;2024-02-07 23:45:00+00:00;0.651;;
808410;treatment;after visit;2024-02-08 00:00:00+00:00;0.567;;
808410;treatment;after visit;2024-02-08 00:15:00+00:00;0.37;;
808410;treatment;after visit;2024-02-08 00:30:00+00:00;0.231;;
808410;treatment;after visit;2024-02-08 00:45:00+00:00;0.071;;
808410;treatment;after visit;2024-02-08 01:00:00+00:00;0.079;;
808410;treatment;after visit;2024-02-08 01:15:00+00:00;0.385;;
808410;treatment;after visit;2024-02-08 01:30:00+00:00;0.491;;
808410;treatment;after visit;2024-02-08 01:45:00+00:00;0.393;;
808410;treatment;after visit;2024-02-08 02:00:00+00:00;0.152;;
808410;treatment;after visit;2024-02-08 02:15:00+00:00;0.079;;
808410;treatment;after visit;2024-02-08 02:30:00+00:00;0.08;;
808410;treatment;after visit;2024-02-08 02:45:00+00:00;0.531;;
808410;treatment;after visit;2024-02-08 03:00:00+00:00;0.46;;
808410;treatment;after visit;2024-02-08 03:15:00+00:00;0.295;;
808410;treatment;after visit;2024-02-08 03:30:00+00:00;0.075;;
808410;treatment;after visit;2024-02-08 03:45:00+00:00;0.086;;
808410;treatment;after visit;2024-02-08 04:00:00+00:00;0.332;;
808410;treatment;after visit;2024-02-08 04:15:00+00:00;0.49;;
808410;treatment;after visit;2024-02-08 04:30:00+00:00;0.398;;
808410;treatment;after visit;2024-02-08 04:45:00+00:00;0.233;;
808410;treatment;after visit;2024-02-08 05:00:00+00:00;0.094;;
808410;treatment;after visit;2024-02-08 05:15:00+00:00;0.081;;
808410;treatment;after visit;2024-02-08 05:30:00+00:00;0.406;;
808410;treatment;after visit;2024-02-08 05:45:00+00:00;0.494;;
808410;treatment;after visit;2024-02-08 06:00:00+00:00;0.425;;
808410;treatment;after visit;2024-02-08 06:15:00+00:00;0.133;;
808410;treatment;after visit;2024-02-08 06:30:00+00:00;0.31;;
808410;treatment;after visit;2024-02-08 06:45:00+00:00;0.169;;
808410;treatment;after visit;2024-02-08 07:00:00+00:00;0.565;;
808410;treatment;after visit;2024-02-08 07:15:00+00:00;0.419;;
808410;treatment;after visit;2024-02-08 07:30:00+00:00;0.187;;
808410;treatment;after visit;2024-02-08 07:45:00+00:00;0.074;;
808410;treatment;after visit;2024-02-08 08:00:00+00:00;0.17;;
808410;treatment;after visit;2024-02-08 08:15:00+00:00;0.633;;
808410;treatment;after visit;2024-02-08 08:30:00+00:00;0.565;;
808410;treatment;after visit;2024-02-08 08:45:00+00:00;0.474;;
808410;treatment;after visit;2024-02-08 09:00:00+00:00;0.243;;
808410;treatment;after visit;2024-02-08 09:15:00+00:00;0.194;;
808410;treatment;after visit;2024-02-08 09:30:00+00:00;0.182;;
808410;treatment;after visit;2024-02-08 09:45:00+00:00;0.211;;
808410;treatment;after visit;2024-02-08 10:00:00+00:00;0.177;;
808410;treatment;after visit;2024-02-08 10:15:00+00:00;0.512;;
808410;treatment;after visit;2024-02-08 10:30:00+00:00;0.559;;
808410;treatment;after visit;2024-02-08 10:45:00+00:00;0.527;;
808410;treatment;after visit;2024-02-08 11:00:00+00:00;0.43;;
808410;treatment;after visit;2024-02-08 11:15:00+00:00;0.174;;
808410;treatment;after visit;2024-02-08 11:30:00+00:00;0.203;;
808410;treatment;after visit;2024-02-08 11:45:00+00:00;0.196;;
808410;treatment;after visit;2024-02-08 12:00:00+00:00;0.531;;
808410;treatment;after visit;2024-02-08 12:15:00+00:00;0.569;;
808410;treatment;after visit;2024-02-08 12:30:00+00:00;0.466;;
808410;treatment;after visit;2024-02-08 12:45:00+00:00;0.232;;
808410;treatment;after visit;2024-02-08 13:00:00+00:00;0.194;;
808410;treatment;after visit;2024-02-08 13:15:00+00:00;0.206;;
808410;treatment;after visit;2024-02-08 13:30:00+00:00;0.194;;
808410;treatment;after visit;2024-02-08 13:45:00+00:00;0.532;;
808410;treatment;after visit;2024-02-08 14:00:00+00:00;0.509;;
808410;treatment;after visit;2024-02-08 14:15:00+00:00;0.427;;
808410;treatment;after visit;2024-02-08 14:30:00+00:00;0.194;;
808410;treatment;after visit;2024-02-08 14:45:00+00:00;0.192;;
808410;treatment;after visit;2024-02-08 15:00:00+00:00;0.189;;
808410;treatment;after visit;2024-02-08 15:15:00+00:00;0.269;;
808410;treatment;after visit;2024-02-08 15:30:00+00:00;0.603;;
808410;treatment;after visit;2024-02-08 15:45:00+00:00;0.487;;
808410;treatment;after visit;2024-02-08 16:00:00+00:00;0.395;;
808410;treatment;after visit;2024-02-08 16:15:00+00:00;0.155;;
808410;treatment;after visit;2024-02-08 16:30:00+00:00;0.153;;
808410;treatment;after visit;2024-02-08 16:45:00+00:00;0.174;;
808410;treatment;after visit;2024-02-08 17:00:00+00:00;0.369;;
808410;treatment;after visit;2024-02-08 17:15:00+00:00;0.49;;
808410;treatment;after visit;2024-02-08 17:30:00+00:00;0.407;;
808410;treatment;after visit;2024-02-08 17:45:00+00:00;0.131;;
808410;treatment;after visit;2024-02-08 18:00:00+00:00;0.21;;
808410;treatment;after visit;2024-02-08 18:15:00+00:00;0.202;;
808410;treatment;after visit;2024-02-08 18:30:00+00:00;0.294;;
808410;treatment;after visit;2024-02-08 18:45:00+00:00;0.667;;
808410;treatment;after visit;2024-02-08 19:00:00+00:00;0.547;;
808410;treatment;after visit;2024-02-08 19:15:00+00:00;0.453;;
808410;treatment;after visit;2024-02-08 19:30:00+00:00;0.229;;
808410;treatment;after visit;2024-02-08 19:45:00+00:00;0.253;;
808410;treatment;after visit;2024-02-08 20:00:00+00:00;0.246;;
808410;treatment;after visit;2024-02-08 20:15:00+00:00;0.25;;
808410;treatment;after visit;2024-02-08 20:30:00+00:00;0.671;;
808410;treatment;after visit;2024-02-08 20:45:00+00:00;0.56;;
808410;treatment;after visit;2024-02-08 21:00:00+00:00;0.381;;
808410;treatment;after visit;2024-02-08 21:15:00+00:00;0.196;;
808410;treatment;after visit;2024-02-08 21:30:00+00:00;0.208;;
808410;treatment;after visit;2024-02-08 21:45:00+00:00;0.207;;
808410;treatment;after visit;2024-02-08 22:00:00+00:00;0.369;;
808410;treatment;after visit;2024-02-08 22:15:00+00:00;0.612;;
808410;treatment;after visit;2024-02-08 22:30:00+00:00;0.502;;
808410;treatment;after visit;2024-02-08 22:45:00+00:00;0.244;;
808410;treatment;after visit;2024-02-08 23:00:00+00:00;0.072;;
808410;treatment;after visit;2024-02-08 23:15:00+00:00;0.08;;
808410;treatment;after visit;2024-02-08 23:30:00+00:00;0.081;;
808410;treatment;after visit;2024-02-08 23:45:00+00:00;0.275;;
808410;treatment;after visit;2024-02-09 00:00:00+00:00;0.474;;
808410;treatment;after visit;2024-02-09 00:15:00+00:00;0.393;;
808410;treatment;after visit;2024-02-09 00:30:00+00:00;0.178;;
808410;treatment;after visit;2024-02-09 00:45:00+00:00;0.08;;
808410;treatment;after visit;2024-02-09 01:00:00+00:00;0.08;;
808410;treatment;after visit;2024-02-09 01:15:00+00:00;0.082;;
808410;treatment;after visit;2024-02-09 01:30:00+00:00;0.394;;
808410;treatment;after visit;2024-02-09 01:45:00+00:00;0.446;;
808410;treatment;after visit;2024-02-09 02:00:00+00:00;0.338;;
808410;treatment;after visit;2024-02-09 02:15:00+00:00;0.152;;
808410;treatment;after visit;2024-02-09 02:30:00+00:00;0.08;;
808410;treatment;after visit;2024-02-09 02:45:00+00:00;0.072;;
808410;treatment;after visit;2024-02-09 03:00:00+00:00;0.081;;
808410;treatment;after visit;2024-02-09 03:15:00+00:00;0.5;;
808410;treatment;after visit;2024-02-09 03:30:00+00:00;0.417;;
808410;treatment;after visit;2024-02-09 03:45:00+00:00;0.29;;
808410;treatment;after visit;2024-02-09 04:00:00+00:00;0.079;;
808410;treatment;after visit;2024-02-09 04:15:00+00:00;0.087;;
808410;treatment;after visit;2024-02-09 04:30:00+00:00;0.09;;
808410;treatment;after visit;2024-02-09 04:45:00+00:00;0.201;;
808410;treatment;after visit;2024-02-09 05:00:00+00:00;0.533;;
808410;treatment;after visit;2024-02-09 05:15:00+00:00;0.408;;
808410;treatment;after visit;2024-02-09 05:30:00+00:00;0.203;;
808410;treatment;after visit;2024-02-09 05:45:00+00:00;0.096;;
808410;treatment;after visit;2024-02-09 06:00:00+00:00;0.088;;
808410;treatment;after visit;2024-02-09 06:15:00+00:00;0.089;;
808410;treatment;after visit;2024-02-09 06:30:00+00:00;0.39;;
808410;treatment;after visit;2024-02-09 06:45:00+00:00;0.491;;
808410;treatment;after visit;2024-02-09 07:00:00+00:00;0.571;;
808410;treatment;after visit;2024-02-09 07:15:00+00:00;0.165;;
808410;treatment;after visit;2024-02-09 07:30:00+00:00;0.104;;
808410;treatment;after visit;2024-02-09 07:45:00+00:00;0.086;;
808410;treatment;after visit;2024-02-09 08:00:00+00:00;0.095;;
808410;treatment;after visit;2024-02-09 08:15:00+00:00;0.556;;
808410;treatment;after visit;2024-02-09 08:30:00+00:00;0.474;;
808410;treatment;after visit;2024-02-09 08:45:00+00:00;0.354;;
808410;treatment;after visit;2024-02-09 09:00:00+00:00;0.144;;
808410;treatment;after visit;2024-02-09 09:15:00+00:00;0.141;;
808410;treatment;after visit;2024-02-09 09:30:00+00:00;0.122;;
808410;treatment;after visit;2024-02-09 09:45:00+00:00;0.298;;
808410;treatment;after visit;2024-02-09 10:00:00+00:00;0.529;;
808410;treatment;after visit;2024-02-09 10:15:00+00:00;0.426;;
808410;treatment;after visit;2024-02-09 10:30:00+00:00;0.194;;
808410;treatment;after visit;2024-02-09 10:45:00+00:00;0.374;;
808410;treatment;after visit;2024-02-09 11:00:00+00:00;0.6;;
808410;treatment;after visit;2024-02-09 11:15:00+00:00;0.118;;
808410;treatment;after visit;2024-02-09 11:30:00+00:00;0.446;;
808410;treatment;after visit;2024-02-09 11:45:00+00:00;0.487;;
808410;treatment;after visit;2024-02-09 12:00:00+00:00;0.373;;
808410;treatment;after visit;2024-02-09 12:15:00+00:00;0.138;;
808410;treatment;after visit;2024-02-09 12:30:00+00:00;0.139;;
808410;treatment;after visit;2024-02-09 12:45:00+00:00;0.13;;
808410;treatment;after visit;2024-02-09 13:00:00+00:00;0.146;;
808410;treatment;after visit;2024-02-09 13:15:00+00:00;0.569;;
808410;treatment;after visit;2024-02-09 13:30:00+00:00;0.455;;
808410;treatment;after visit;2024-02-09 13:45:00+00:00;0.241;;
808410;treatment;after visit;2024-02-09 14:00:00+00:00;0.127;;
808410;treatment;after visit;2024-02-09 14:15:00+00:00;0.117;;
808410;treatment;after visit;2024-02-09 14:30:00+00:00;0.131;;
808410;treatment;after visit;2024-02-09 14:45:00+00:00;0.456;;
808410;treatment;after visit;2024-02-09 15:00:00+00:00;0.512;;
808410;treatment;after visit;2024-02-09 15:15:00+00:00;0.404;;
808410;treatment;after visit;2024-02-09 15:30:00+00:00;0.125;;
808410;treatment;after visit;2024-02-09 15:45:00+00:00;0.135;;
808410;treatment;after visit;2024-02-09 16:00:00+00:00;0.246;;
808410;treatment;after visit;2024-02-09 16:15:00+00:00;0.277;;
808410;treatment;after visit;2024-02-09 16:30:00+00:00;0.764;;
808410;treatment;after visit;2024-02-09 16:45:00+00:00;0.518;;
808410;treatment;after visit;2024-02-09 17:00:00+00:00;0.31;;
808410;treatment;after visit;2024-02-09 17:15:00+00:00;0.119;;
808410;treatment;after visit;2024-02-09 17:30:00+00:00;0.505;;
808410;treatment;after visit;2024-02-09 17:45:00+00:00;0.205;;
808410;treatment;after visit;2024-02-09 18:00:00+00:00;0.388;;
808410;treatment;after visit;2024-02-09 18:15:00+00:00;0.501;;
808410;treatment;after visit;2024-02-09 18:30:00+00:00;0.488;;
808410;treatment;after visit;2024-02-09 18:45:00+00:00;0.355;;
808410;treatment;after visit;2024-02-09 19:00:00+00:00;0.236;;
808410;treatment;after visit;2024-02-09 19:15:00+00:00;0.243;;
808410;treatment;after visit;2024-02-09 19:30:00+00:00;0.223;;
808410;treatment;after visit;2024-02-09 19:45:00+00:00;0.416;;
808410;treatment;after visit;2024-02-09 20:00:00+00:00;0.709;;
808410;treatment;after visit;2024-02-09 20:15:00+00:00;0.701;;
808410;treatment;after visit;2024-02-09 20:30:00+00:00;0.706;;
808410;treatment;after visit;2024-02-09 20:45:00+00:00;0.694;;
808410;treatment;after visit;2024-02-09 21:00:00+00:00;0.2;;
808410;treatment;after visit;2024-02-09 21:15:00+00:00;0.202;;
808410;treatment;after visit;2024-02-09 21:30:00+00:00;0.595;;
808410;treatment;after visit;2024-02-09 21:45:00+00:00;0.923;;
808410;treatment;after visit;2024-02-09 22:00:00+00:00;0.543;;
808410;treatment;after visit;2024-02-09 22:15:00+00:00;0.455;;
808410;treatment;after visit;2024-02-09 22:30:00+00:00;0.283;;
808410;treatment;after visit;2024-02-09 22:45:00+00:00;0.201;;
808410;treatment;after visit;2024-02-09 23:00:00+00:00;0.201;;
808410;treatment;after visit;2024-02-09 23:15:00+00:00;0.202;;
808410;treatment;after visit;2024-02-09 23:30:00+00:00;0.683;;
808410;treatment;after visit;2024-02-09 23:45:00+00:00;0.581;;
808410;treatment;after visit;2024-02-10 00:00:00+00:00;0.478;;
808410;treatment;after visit;2024-02-10 00:15:00+00:00;0.324;;
808410;treatment;after visit;2024-02-10 00:30:00+00:00;0.198;;
808410;treatment;after visit;2024-02-10 00:45:00+00:00;0.208;;
808410;treatment;after visit;2024-02-10 01:00:00+00:00;0.641;;
808410;treatment;after visit;2024-02-10 01:15:00+00:00;0.598;;
808410;treatment;after visit;2024-02-10 01:30:00+00:00;0.471;;
808410;treatment;after visit;2024-02-10 01:45:00+00:00;0.36;;
808410;treatment;after visit;2024-02-10 02:00:00+00:00;0.216;;
808410;treatment;after visit;2024-02-10 02:15:00+00:00;0.222;;
808410;treatment;after visit;2024-02-10 02:30:00+00:00;0.407;;
808410;treatment;after visit;2024-02-10 02:45:00+00:00;0.483;;
808410;treatment;after visit;2024-02-10 03:00:00+00:00;0.403;;
808410;treatment;after visit;2024-02-10 03:15:00+00:00;0.146;;
808410;treatment;after visit;2024-02-10 03:30:00+00:00;0.081;;
808410;treatment;after visit;2024-02-10 03:45:00+00:00;0.086;;
808410;treatment;after visit;2024-02-10 04:00:00+00:00;0.513;;
808410;treatment;after visit;2024-02-10 04:15:00+00:00;0.457;;
808410;treatment;after visit;2024-02-10 04:30:00+00:00;0.303;;
808410;treatment;after visit;2024-02-10 04:45:00+00:00;0.096;;
808410;treatment;after visit;2024-02-10 05:00:00+00:00;0.086;;
808410;treatment;after visit;2024-02-10 05:15:00+00:00;0.342;;
808410;treatment;after visit;2024-02-10 05:30:00+00:00;0.486;;
808410;treatment;after visit;2024-02-10 05:45:00+00:00;0.41;;
808410;treatment;after visit;2024-02-10 06:00:00+00:00;0.177;;
808410;treatment;after visit;2024-02-10 06:15:00+00:00;0.08;;
808410;treatment;after visit;2024-02-10 06:30:00+00:00;0.087;;
808410;treatment;after visit;2024-02-10 06:45:00+00:00;0.508;;
808410;treatment;after visit;2024-02-10 07:00:00+00:00;0.494;;
808410;treatment;after visit;2024-02-10 07:15:00+00:00;0.557;;
808410;treatment;after visit;2024-02-10 07:30:00+00:00;0.257;;
808410;treatment;after visit;2024-02-10 07:45:00+00:00;0.085;;
808410;treatment;after visit;2024-02-10 08:00:00+00:00;0.283;;
808410;treatment;after visit;2024-02-10 08:15:00+00:00;0.513;;
808410;treatment;after visit;2024-02-10 08:30:00+00:00;0.446;;
808410;treatment;after visit;2024-02-10 08:45:00+00:00;0.332;;
808410;treatment;after visit;2024-02-10 09:00:00+00:00;0.12;;
808410;treatment;after visit;2024-02-10 09:15:00+00:00;0.136;;
808410;treatment;after visit;2024-02-10 09:30:00+00:00;0.423;;
808410;treatment;after visit;2024-02-10 09:45:00+00:00;0.526;;
808410;treatment;after visit;2024-02-10 10:00:00+00:00;0.425;;
808410;treatment;after visit;2024-02-10 10:15:00+00:00;0.179;;
808410;treatment;after visit;2024-02-10 10:30:00+00:00;0.136;;
808410;treatment;after visit;2024-02-10 10:45:00+00:00;0.12;;
808410;treatment;after visit;2024-02-10 11:00:00+00:00;0.099;;
808410;treatment;after visit;2024-02-10 11:15:00+00:00;0.113;;
808410;treatment;after visit;2024-02-10 11:30:00+00:00;0.578;;
808410;treatment;after visit;2024-02-10 11:45:00+00:00;0.574;;
808410;treatment;after visit;2024-02-10 12:00:00+00:00;0.372;;
808410;treatment;after visit;2024-02-10 12:15:00+00:00;0.163;;
808410;treatment;after visit;2024-02-10 12:30:00+00:00;0.136;;
808410;treatment;after visit;2024-02-10 12:45:00+00:00;0.143;;
808410;treatment;after visit;2024-02-10 13:00:00+00:00;0.138;;
808410;treatment;after visit;2024-02-10 13:15:00+00:00;0.37;;
808410;treatment;after visit;2024-02-10 13:30:00+00:00;0.454;;
808410;treatment;after visit;2024-02-10 13:45:00+00:00;0.394;;
808410;treatment;after visit;2024-02-10 14:00:00+00:00;0.185;;
808410;treatment;after visit;2024-02-10 14:15:00+00:00;0.141;;
808410;treatment;after visit;2024-02-10 14:30:00+00:00;0.141;;
808410;treatment;after visit;2024-02-10 14:45:00+00:00;0.139;;
808410;treatment;after visit;2024-02-10 15:00:00+00:00;0.239;;
808410;treatment;after visit;2024-02-10 15:15:00+00:00;0.564;;
808410;treatment;after visit;2024-02-10 15:30:00+00:00;0.458;;
808410;treatment;after visit;2024-02-10 15:45:00+00:00;0.694;;
808410;treatment;after visit;2024-02-10 16:00:00+00:00;0.414;;
808410;treatment;after visit;2024-02-10 16:15:00+00:00;0.394;;
808410;treatment;after visit;2024-02-10 16:30:00+00:00;0.328;;
808410;treatment;after visit;2024-02-10 16:45:00+00:00;0.379;;
808410;treatment;after visit;2024-02-10 17:00:00+00:00;0.804;;
808410;treatment;after visit;2024-02-10 17:15:00+00:00;0.48;;
808410;treatment;after visit;2024-02-10 17:30:00+00:00;0.197;;
808410;treatment;after visit;2024-02-10 17:45:00+00:00;0.084;;
808410;treatment;after visit;2024-02-10 18:00:00+00:00;0.091;;
808410;treatment;after visit;2024-02-10 18:15:00+00:00;0.111;;
808410;treatment;after visit;2024-02-10 18:30:00+00:00;0.289;;
808410;treatment;after visit;2024-02-10 18:45:00+00:00;0.612;;
808410;treatment;after visit;2024-02-10 19:00:00+00:00;0.43;;
808410;treatment;after visit;2024-02-10 19:15:00+00:00;0.19;;
808410;treatment;after visit;2024-02-10 19:30:00+00:00;0.113;;
808410;treatment;after visit;2024-02-10 19:45:00+00:00;0.149;;
808410;treatment;after visit;2024-02-10 20:00:00+00:00;0.183;;
808410;treatment;after visit;2024-02-10 20:15:00+00:00;0.355;;
808410;treatment;after visit;2024-02-10 20:30:00+00:00;0.648;;
808410;treatment;after visit;2024-02-10 20:45:00+00:00;0.53;;
808410;treatment;after visit;2024-02-10 21:00:00+00:00;0.278;;
808410;treatment;after visit;2024-02-10 21:15:00+00:00;0.093;;
808410;treatment;after visit;2024-02-10 21:30:00+00:00;0.08;;
808410;treatment;after visit;2024-02-10 21:45:00+00:00;0.087;;
808410;treatment;after visit;2024-02-10 22:00:00+00:00;0.092;;
808410;treatment;after visit;2024-02-10 22:15:00+00:00;0.42;;
808410;treatment;after visit;2024-02-10 22:30:00+00:00;0.502;;
808410;treatment;after visit;2024-02-10 22:45:00+00:00;0.382;;
808410;treatment;after visit;2024-02-10 23:00:00+00:00;0.099;;
808410;treatment;after visit;2024-02-10 23:15:00+00:00;0.1;;
808410;treatment;after visit;2024-02-10 23:30:00+00:00;0.547;;
808410;treatment;after visit;2024-02-10 23:45:00+00:00;0.472;;
808410;treatment;after visit;2024-02-11 00:00:00+00:00;0.391;;
808410;treatment;after visit;2024-02-11 00:15:00+00:00;0.105;;
808410;treatment;after visit;2024-02-11 00:30:00+00:00;0.108;;
808410;treatment;after visit;2024-02-11 00:45:00+00:00;0.387;;
808410;treatment;after visit;2024-02-11 01:00:00+00:00;0.53;;
808410;treatment;after visit;2024-02-11 01:15:00+00:00;0.404;;
808410;treatment;after visit;2024-02-11 01:30:00+00:00;0.161;;
808410;treatment;after visit;2024-02-11 01:45:00+00:00;0.107;;
808410;treatment;after visit;2024-02-11 02:00:00+00:00;0.186;;
808410;treatment;after visit;2024-02-11 02:15:00+00:00;0.61;;
808410;treatment;after visit;2024-02-11 02:30:00+00:00;0.429;;
808410;treatment;after visit;2024-02-11 02:45:00+00:00;0.325;;
808410;treatment;after visit;2024-02-11 03:00:00+00:00;0.106;;
808410;treatment;after visit;2024-02-11 03:15:00+00:00;0.101;;
808410;treatment;after visit;2024-02-11 03:30:00+00:00;0.412;;
808410;treatment;after visit;2024-02-11 03:45:00+00:00;0.545;;
808410;treatment;after visit;2024-02-11 04:00:00+00:00;0.44;;
808410;treatment;after visit;2024-02-11 04:15:00+00:00;0.181;;
808410;treatment;after visit;2024-02-11 04:30:00+00:00;0.099;;
808410;treatment;after visit;2024-02-11 04:45:00+00:00;0.117;;
808410;treatment;after visit;2024-02-11 05:00:00+00:00;0.601;;
808410;treatment;after visit;2024-02-11 05:15:00+00:00;0.495;;
808410;treatment;after visit;2024-02-11 05:30:00+00:00;0.345;;
808410;treatment;after visit;2024-02-11 05:45:00+00:00;0.109;;
808410;treatment;after visit;2024-02-11 06:00:00+00:00;0.107;;
808410;treatment;after visit;2024-02-11 06:15:00+00:00;0.384;;
808410;treatment;after visit;2024-02-11 06:30:00+00:00;0.566;;
808410;treatment;after visit;2024-02-11 06:45:00+00:00;0.425;;
808410;treatment;after visit;2024-02-11 07:00:00+00:00;0.311;;
808410;treatment;after visit;2024-02-11 07:15:00+00:00;0.386;;
808410;treatment;after visit;2024-02-11 07:30:00+00:00;0.405;;
808410;treatment;after visit;2024-02-11 07:45:00+00:00;0.721;;
808410;treatment;after visit;2024-02-11 08:00:00+00:00;0.602;;
808410;treatment;after visit;2024-02-11 08:15:00+00:00;0.561;;
808410;treatment;after visit;2024-02-11 08:30:00+00:00;0.323;;
808410;treatment;after visit;2024-02-11 08:45:00+00:00;0.286;;
808410;treatment;after visit;2024-02-11 09:00:00+00:00;0.334;;
808410;treatment;after visit;2024-02-11 09:15:00+00:00;0.796;;
808410;treatment;after visit;2024-02-11 09:30:00+00:00;0.647;;
808410;treatment;after visit;2024-02-11 09:45:00+00:00;0.625;;
808410;treatment;after visit;2024-02-11 10:00:00+00:00;0.304;;
808410;treatment;after visit;2024-02-11 10:15:00+00:00;0.269;;
808410;treatment;after visit;2024-02-11 10:30:00+00:00;0.339;;
808410;treatment;after visit;2024-02-11 10:45:00+00:00;0.782;;
808410;treatment;after visit;2024-02-11 11:00:00+00:00;0.659;;
808410;treatment;after visit;2024-02-11 11:15:00+00:00;0.48;;
808410;treatment;after visit;2024-02-11 11:30:00+00:00;0.404;;
808410;treatment;after visit;2024-02-11 11:45:00+00:00;0.115;;
808410;treatment;after visit;2024-02-11 12:00:00+00:00;0.279;;
808410;treatment;after visit;2024-02-11 12:15:00+00:00;0.607;;
808410;treatment;after visit;2024-02-11 12:30:00+00:00;0.497;;
808410;treatment;after visit;2024-02-11 12:45:00+00:00;0.287;;
808410;treatment;after visit;2024-02-11 13:00:00+00:00;0.155;;
808410;treatment;after visit;2024-02-11 13:15:00+00:00;0.144;;
808410;treatment;after visit;2024-02-11 13:30:00+00:00;0.143;;
808410;treatment;after visit;2024-02-11 13:45:00+00:00;0.139;;
808410;treatment;after visit;2024-02-11 14:00:00+00:00;0.142;;
808410;treatment;after visit;2024-02-11 14:15:00+00:00;0.578;;
808410;treatment;after visit;2024-02-11 14:30:00+00:00;0.531;;
808410;treatment;after visit;2024-02-11 14:45:00+00:00;0.332;;
808410;treatment;after visit;2024-02-11 15:00:00+00:00;0.136;;
808410;treatment;after visit;2024-02-11 15:15:00+00:00;0.163;;
808410;treatment;after visit;2024-02-11 15:30:00+00:00;0.588;;
808410;treatment;after visit;2024-02-11 15:45:00+00:00;0.46;;
808410;treatment;after visit;2024-02-11 16:00:00+00:00;0.209;;
808410;treatment;after visit;2024-02-11 16:15:00+00:00;0.148;;
808410;treatment;after visit;2024-02-11 16:30:00+00:00;0.343;;
808410;treatment;after visit;2024-02-11 16:45:00+00:00;0.67;;
808410;treatment;after visit;2024-02-11 17:00:00+00:00;0.741;;
808410;treatment;after visit;2024-02-11 17:15:00+00:00;0.618;;
808410;treatment;after visit;2024-02-11 17:30:00+00:00;0.36;;
808410;treatment;after visit;2024-02-11 17:45:00+00:00;0.224;;
808410;treatment;after visit;2024-02-11 18:00:00+00:00;0.428;;
808410;treatment;after visit;2024-02-11 18:15:00+00:00;0.545;;
808410;treatment;after visit;2024-02-11 18:30:00+00:00;0.495;;
808410;treatment;after visit;2024-02-11 18:45:00+00:00;0.199;;
808410;treatment;after visit;2024-02-11 19:00:00+00:00;0.188;;
808410;treatment;after visit;2024-02-11 19:15:00+00:00;0.202;;
808410;treatment;after visit;2024-02-11 19:30:00+00:00;0.669;;
808410;treatment;after visit;2024-02-11 19:45:00+00:00;0.546;;
808410;treatment;after visit;2024-02-11 20:00:00+00:00;0.379;;
808410;treatment;after visit;2024-02-11 20:15:00+00:00;0.143;;
808410;treatment;after visit;2024-02-11 20:30:00+00:00;0.134;;
808410;treatment;after visit;2024-02-11 20:45:00+00:00;0.376;;
808410;treatment;after visit;2024-02-11 21:00:00+00:00;0.523;;
808410;treatment;after visit;2024-02-11 21:15:00+00:00;0.46;;
808410;treatment;after visit;2024-02-11 21:30:00+00:00;0.224;;
808410;treatment;after visit;2024-02-11 21:45:00+00:00;0.088;;
808410;treatment;after visit;2024-02-11 22:00:00+00:00;0.082;;
808410;treatment;after visit;2024-02-11 22:15:00+00:00;0.442;;
808410;treatment;after visit;2024-02-11 22:30:00+00:00;0.5;;
808410;treatment;after visit;2024-02-11 22:45:00+00:00;0.441;;
808410;treatment;after visit;2024-02-11 23:00:00+00:00;0.122;;
808410;treatment;after visit;2024-02-11 23:15:00+00:00;0.081;;
808410;treatment;after visit;2024-02-11 23:30:00+00:00;0.091;;
808410;treatment;after visit;2024-02-11 23:45:00+00:00;0.578;;
808410;treatment;after visit;2024-02-12 00:00:00+00:00;0.488;;
808410;treatment;after visit;2024-02-12 00:15:00+00:00;0.287;;
808410;treatment;after visit;2024-02-12 00:30:00+00:00;0.103;;
808410;treatment;after visit;2024-02-12 00:45:00+00:00;0.101;;
808410;treatment;after visit;2024-02-12 01:00:00+00:00;0.458;;
808410;treatment;after visit;2024-02-12 01:15:00+00:00;0.532;;
808410;treatment;after visit;2024-02-12 01:30:00+00:00;0.445;;
808410;treatment;after visit;2024-02-12 01:45:00+00:00;0.098;;
808410;treatment;after visit;2024-02-12 02:00:00+00:00;0.097;;
808410;treatment;after visit;2024-02-12 02:15:00+00:00;0.236;;
808410;treatment;after visit;2024-02-12 02:30:00+00:00;0.581;;
808410;treatment;after visit;2024-02-12 02:45:00+00:00;0.466;;
808410;treatment;after visit;2024-02-12 03:00:00+00:00;0.312;;
808410;treatment;after visit;2024-02-12 03:15:00+00:00;0.102;;
808410;treatment;after visit;2024-02-12 03:30:00+00:00;0.108;;
808410;treatment;after visit;2024-02-12 03:45:00+00:00;0.379;;
808410;treatment;after visit;2024-02-12 04:00:00+00:00;0.544;;
808410;treatment;after visit;2024-02-12 04:15:00+00:00;0.47;;
808410;treatment;after visit;2024-02-12 04:30:00+00:00;0.22;;
808410;treatment;after visit;2024-02-12 04:45:00+00:00;0.108;;
808410;treatment;after visit;2024-02-12 05:00:00+00:00;0.109;;
808410;treatment;after visit;2024-02-12 05:15:00+00:00;0.533;;
808410;treatment;after visit;2024-02-12 05:30:00+00:00;0.513;;
808410;treatment;after visit;2024-02-12 05:45:00+00:00;0.463;;
808410;treatment;after visit;2024-02-12 06:00:00+00:00;0.26;;
808410;treatment;after visit;2024-02-12 06:15:00+00:00;0.396;;
808410;treatment;after visit;2024-02-12 06:30:00+00:00;0.413;;
808410;treatment;after visit;2024-02-12 06:45:00+00:00;0.734;;
808410;treatment;after visit;2024-02-12 07:00:00+00:00;0.616;;
808410;treatment;after visit;2024-02-12 07:15:00+00:00;0.399;;
808410;treatment;after visit;2024-02-12 07:30:00+00:00;0.242;;
808410;treatment;after visit;2024-02-12 07:45:00+00:00;0.393;;
808410;treatment;after visit;2024-02-12 08:00:00+00:00;1.137;;
808410;treatment;after visit;2024-02-12 08:15:00+00:00;0.899;;
808410;treatment;after visit;2024-02-12 08:30:00+00:00;0.755;;
808410;treatment;after visit;2024-02-12 08:45:00+00:00;0.422;;
808410;treatment;after visit;2024-02-12 09:00:00+00:00;0.503;;
808410;treatment;after visit;2024-02-12 09:15:00+00:00;0.586;;
808410;treatment;after visit;2024-02-12 09:30:00+00:00;0.717;;
808410;treatment;after visit;2024-02-12 09:45:00+00:00;0.635;;
808410;treatment;after visit;2024-02-12 10:00:00+00:00;0.578;;
808410;treatment;after visit;2024-02-12 10:15:00+00:00;0.312;;
808410;treatment;after visit;2024-02-12 10:30:00+00:00;0.243;;
808410;treatment;after visit;2024-02-12 10:45:00+00:00;0.242;;
808410;treatment;after visit;2024-02-12 11:00:00+00:00;0.847;;
808410;treatment;after visit;2024-02-12 11:15:00+00:00;0.731;;
808410;treatment;after visit;2024-02-12 11:30:00+00:00;0.51;;
808410;treatment;after visit;2024-02-12 11:45:00+00:00;0.181;;
808410;treatment;after visit;2024-02-12 12:00:00+00:00;0.115;;
808410;treatment;after visit;2024-02-12 12:15:00+00:00;0.126;;
808410;treatment;after visit;2024-02-12 12:30:00+00:00;0.537;;
808410;treatment;after visit;2024-02-12 12:45:00+00:00;0.538;;
808410;treatment;after visit;2024-02-12 13:00:00+00:00;0.441;;
808410;treatment;after visit;2024-02-12 13:15:00+00:00;0.132;;
808410;treatment;after visit;2024-02-12 13:30:00+00:00;0.128;;
808410;treatment;after visit;2024-02-12 13:45:00+00:00;0.14;;
808410;treatment;after visit;2024-02-12 14:00:00+00:00;0.144;;
808410;treatment;after visit;2024-02-12 14:15:00+00:00;0.203;;
808410;treatment;after visit;2024-02-12 14:30:00+00:00;0.636;;
808410;treatment;after visit;2024-02-12 14:45:00+00:00;0.49;;
808410;treatment;after visit;2024-02-12 15:00:00+00:00;0.456;;
808410;treatment;after visit;2024-02-12 15:15:00+00:00;0.187;;
808410;treatment;after visit;2024-02-12 15:30:00+00:00;0.124;;
808410;treatment;after visit;2024-02-12 15:45:00+00:00;0.135;;
808410;treatment;after visit;2024-02-12 16:00:00+00:00;0.597;;
808410;treatment;after visit;2024-02-12 16:15:00+00:00;0.557;;
808410;treatment;after visit;2024-02-12 16:30:00+00:00;0.517;;
808410;treatment;after visit;2024-02-12 16:45:00+00:00;0.178;;
808410;treatment;after visit;2024-02-12 17:00:00+00:00;0.134;;
808410;treatment;after visit;2024-02-12 17:15:00+00:00;0.096;;
808410;treatment;after visit;2024-02-12 17:30:00+00:00;0.951;;
808410;treatment;after visit;2024-02-12 17:45:00+00:00;0.549;;
808410;treatment;after visit;2024-02-12 18:00:00+00:00;0.436;;
808410;treatment;after visit;2024-02-12 18:15:00+00:00;0.112;;
808410;treatment;after visit;2024-02-12 18:30:00+00:00;0.142;;
808410;treatment;after visit;2024-02-12 18:45:00+00:00;0.235;;
808410;treatment;after visit;2024-02-12 19:00:00+00:00;0.647;;
808410;treatment;after visit;2024-02-12 19:15:00+00:00;0.528;;
808410;treatment;after visit;2024-02-12 19:30:00+00:00;0.381;;
808410;treatment;after visit;2024-02-12 19:45:00+00:00;0.137;;
808410;treatment;after visit;2024-02-12 20:00:00+00:00;0.139;;
808410;treatment;after visit;2024-02-12 20:15:00+00:00;0.329;;
808410;treatment;after visit;2024-02-12 20:30:00+00:00;0.563;;
808410;treatment;after visit;2024-02-12 20:45:00+00:00;0.441;;
808410;treatment;after visit;2024-02-12 21:00:00+00:00;0.331;;
808410;treatment;after visit;2024-02-12 21:15:00+00:00;0.109;;
808410;treatment;after visit;2024-02-12 21:30:00+00:00;0.108;;
808410;treatment;after visit;2024-02-12 21:45:00+00:00;0.322;;
808410;treatment;after visit;2024-02-12 22:00:00+00:00;0.578;;
808410;treatment;after visit;2024-02-12 22:15:00+00:00;0.444;;
808410;treatment;after visit;2024-02-12 22:30:00+00:00;0.195;;
808410;treatment;after visit;2024-02-12 22:45:00+00:00;0.107;;
808410;treatment;after visit;2024-02-12 23:00:00+00:00;0.102;;
808410;treatment;after visit;2024-02-12 23:15:00+00:00;0.512;;
808410;treatment;after visit;2024-02-12 23:30:00+00:00;0.481;;
808410;treatment;after visit;2024-02-12 23:45:00+00:00;0.444;;
808410;treatment;after visit;2024-02-13 00:00:00+00:00;0.194;;
808410;treatment;after visit;2024-02-13 00:15:00+00:00;0.19;;
808410;treatment;after visit;2024-02-13 00:30:00+00:00;0.389;;
808410;treatment;after visit;2024-02-13 00:45:00+00:00;0.671;;
808410;treatment;after visit;2024-02-13 01:00:00+00:00;0.545;;
808410;treatment;after visit;2024-02-13 01:15:00+00:00;0.476;;
808410;treatment;after visit;2024-02-13 01:30:00+00:00;0.205;;
808410;treatment;after visit;2024-02-13 01:45:00+00:00;0.21;;
808410;treatment;after visit;2024-02-13 02:00:00+00:00;0.38;;
808410;treatment;after visit;2024-02-13 02:15:00+00:00;0.694;;
808410;treatment;after visit;2024-02-13 02:30:00+00:00;0.559;;
808410;treatment;after visit;2024-02-13 02:45:00+00:00;0.45;;
808410;treatment;after visit;2024-02-13 03:00:00+00:00;0.224;;
808410;treatment;after visit;2024-02-13 03:15:00+00:00;0.217;;
808410;treatment;after visit;2024-02-13 03:30:00+00:00;0.454;;
808410;treatment;after visit;2024-02-13 03:45:00+00:00;0.656;;
808410;treatment;after visit;2024-02-13 04:00:00+00:00;0.432;;
808410;treatment;after visit;2024-02-13 04:15:00+00:00;0.307;;
808410;treatment;after visit;2024-02-13 04:30:00+00:00;0.109;;
808410;treatment;after visit;2024-02-13 04:45:00+00:00;0.106;;
808410;treatment;after visit;2024-02-13 05:00:00+00:00;0.348;;
808410;treatment;after visit;2024-02-13 05:15:00+00:00;0.563;;
808410;treatment;after visit;2024-02-13 05:30:00+00:00;0.46;;
808410;treatment;after visit;2024-02-13 05:45:00+00:00;0.254;;
808410;treatment;after visit;2024-02-13 06:00:00+00:00;0.098;;
808410;treatment;after visit;2024-02-13 06:15:00+00:00;0.221;;
808410;treatment;after visit;2024-02-13 06:30:00+00:00;0.722;;
808410;treatment;after visit;2024-02-13 06:45:00+00:00;0.554;;
808410;treatment;after visit;2024-02-13 07:00:00+00:00;0.674;;
808410;treatment;after visit;2024-02-13 07:15:00+00:00;0.467;;
808410;treatment;after visit;2024-02-13 07:30:00+00:00;0.122;;
808410;treatment;after visit;2024-02-13 07:45:00+00:00;0.248;;
808410;treatment;after visit;2024-02-13 08:00:00+00:00;0.734;;
808410;treatment;after visit;2024-02-13 08:15:00+00:00;0.512;;
808410;treatment;after visit;2024-02-13 08:30:00+00:00;0.221;;
808410;treatment;after visit;2024-02-13 08:45:00+00:00;0.116;;
808410;treatment;after visit;2024-02-13 09:00:00+00:00;0.119;;
808410;treatment;after visit;2024-02-13 09:15:00+00:00;0.377;;
808410;treatment;after visit;2024-02-13 09:30:00+00:00;0.541;;
808410;treatment;after visit;2024-02-13 09:45:00+00:00;0.45;;
808410;treatment;after visit;2024-02-13 10:00:00+00:00;0.166;;
808410;treatment;after visit;2024-02-13 10:15:00+00:00;0.083;;
808410;treatment;after visit;2024-02-13 10:30:00+00:00;0.105;;
808410;treatment;after visit;2024-02-13 10:45:00+00:00;0.157;;
808410;treatment;after visit;2024-02-13 11:00:00+00:00;0.228;;
808410;treatment;after visit;2024-02-13 11:15:00+00:00;0.098;;
808410;treatment;after visit;2024-02-13 11:30:00+00:00;0.472;;
808410;treatment;after visit;2024-02-13 11:45:00+00:00;0.454;;
808410;treatment;after visit;2024-02-13 12:00:00+00:00;0.388;;
808410;treatment;after visit;2024-02-13 12:15:00+00:00;0.145;;
808410;treatment;after visit;2024-02-13 12:30:00+00:00;0.124;;
808410;treatment;after visit;2024-02-13 12:45:00+00:00;0.118;;
808410;treatment;after visit;2024-02-13 13:00:00+00:00;0.115;;
808410;treatment;after visit;2024-02-13 13:15:00+00:00;0.115;;
808410;treatment;after visit;2024-02-13 13:30:00+00:00;0.472;;
808410;treatment;after visit;2024-02-13 13:45:00+00:00;0.485;;
808410;treatment;after visit;2024-02-13 14:00:00+00:00;0.382;;
808410;treatment;after visit;2024-02-13 14:15:00+00:00;0.127;;
808410;treatment;after visit;2024-02-13 14:30:00+00:00;0.111;;
808410;treatment;after visit;2024-02-13 14:45:00+00:00;0.106;;
808410;treatment;after visit;2024-02-13 15:00:00+00:00;0.103;;
808410;treatment;after visit;2024-02-13 15:15:00+00:00;0.12;;
808410;treatment;after visit;2024-02-13 15:30:00+00:00;0.507;;
808410;treatment;after visit;2024-02-13 15:45:00+00:00;0.492;;
808410;treatment;after visit;2024-02-13 16:00:00+00:00;0.376;;
808410;treatment;after visit;2024-02-13 16:15:00+00:00;0.125;;
808410;treatment;after visit;2024-02-13 16:30:00+00:00;0.129;;
808410;treatment;after visit;2024-02-13 16:45:00+00:00;0.466;;
808410;treatment;after visit;2024-02-13 17:00:00+00:00;0.904;;
808410;treatment;after visit;2024-02-13 17:15:00+00:00;0.623;;
808410;treatment;after visit;2024-02-13 17:30:00+00:00;0.405;;
808410;treatment;after visit;2024-02-13 17:45:00+00:00;0.141;;
808410;treatment;after visit;2024-02-13 18:00:00+00:00;0.131;;
808410;treatment;after visit;2024-02-13 18:15:00+00:00;0.31;;
808410;treatment;after visit;2024-02-13 18:30:00+00:00;0.612;;
808410;treatment;after visit;2024-02-13 18:45:00+00:00;0.49;;
808410;treatment;after visit;2024-02-13 19:00:00+00:00;0.296;;
808410;treatment;after visit;2024-02-13 19:15:00+00:00;0.145;;
808410;treatment;after visit;2024-02-13 19:30:00+00:00;0.152;;
808410;treatment;after visit;2024-02-13 19:45:00+00:00;0.434;;
808410;treatment;after visit;2024-02-13 20:00:00+00:00;0.572;;
808410;treatment;after visit;2024-02-13 20:15:00+00:00;0.497;;
808410;treatment;after visit;2024-02-13 20:30:00+00:00;0.288;;
808410;treatment;after visit;2024-02-13 20:45:00+00:00;0.212;;
808410;treatment;after visit;2024-02-13 21:00:00+00:00;0.25;;
808410;treatment;after visit;2024-02-13 21:15:00+00:00;0.631;;
808410;treatment;after visit;2024-02-13 21:30:00+00:00;0.655;;
808410;treatment;after visit;2024-02-13 21:45:00+00:00;0.557;;
808410;treatment;after visit;2024-02-13 22:00:00+00:00;0.256;;
808410;treatment;after visit;2024-02-13 22:15:00+00:00;0.218;;
808410;treatment;after visit;2024-02-13 22:30:00+00:00;0.232;;
808410;treatment;after visit;2024-02-13 22:45:00+00:00;0.715;;
808410;treatment;after visit;2024-02-13 23:00:00+00:00;0.605;;
808410;treatment;after visit;2024-02-13 23:15:00+00:00;0.538;;
808410;treatment;after visit;2024-02-13 23:30:00+00:00;0.336;;
808410;treatment;after visit;2024-02-13 23:45:00+00:00;0.222;;
808410;treatment;after visit;2024-02-14 00:00:00+00:00;0.216;;
808410;treatment;after visit;2024-02-14 00:15:00+00:00;0.553;;
808410;treatment;after visit;2024-02-14 00:30:00+00:00;0.651;;
808410;treatment;after visit;2024-02-14 00:45:00+00:00;0.551;;
808410;treatment;after visit;2024-02-14 01:00:00+00:00;0.265;;
808410;treatment;after visit;2024-02-14 01:15:00+00:00;0.1;;
808410;treatment;after visit;2024-02-14 01:30:00+00:00;0.096;;
808410;treatment;after visit;2024-02-14 01:45:00+00:00;0.452;;
808410;treatment;after visit;2024-02-14 02:00:00+00:00;0.539;;
808410;treatment;after visit;2024-02-14 02:15:00+00:00;0.436;;
808410;treatment;after visit;2024-02-14 02:30:00+00:00;0.134;;
808410;treatment;after visit;2024-02-14 02:45:00+00:00;0.1;;
808410;treatment;after visit;2024-02-14 03:00:00+00:00;0.108;;
808410;treatment;after visit;2024-02-14 03:15:00+00:00;0.591;;
808410;treatment;after visit;2024-02-14 03:30:00+00:00;0.5;;
808410;treatment;after visit;2024-02-14 03:45:00+00:00;0.378;;
808410;treatment;after visit;2024-02-14 04:00:00+00:00;0.101;;
808410;treatment;after visit;2024-02-14 04:15:00+00:00;0.108;;
808410;treatment;after visit;2024-02-14 04:30:00+00:00;0.199;;
808410;treatment;after visit;2024-02-14 04:45:00+00:00;0.603;;
808410;treatment;after visit;2024-02-14 05:00:00+00:00;0.484;;
808410;treatment;after visit;2024-02-14 05:15:00+00:00;0.349;;
808410;treatment;after visit;2024-02-14 05:30:00+00:00;0.118;;
808410;treatment;after visit;2024-02-14 05:45:00+00:00;0.108;;
808410;treatment;after visit;2024-02-14 06:00:00+00:00;0.274;;
808410;treatment;after visit;2024-02-14 06:15:00+00:00;0.59;;
808410;treatment;after visit;2024-02-14 06:30:00+00:00;0.488;;
808410;treatment;after visit;2024-02-14 06:45:00+00:00;0.453;;
808410;treatment;after visit;2024-02-14 07:00:00+00:00;0.185;;
808410;treatment;after visit;2024-02-14 07:15:00+00:00;0.102;;
808410;treatment;after visit;2024-02-14 07:30:00+00:00;0.511;;
808410;treatment;after visit;2024-02-14 07:45:00+00:00;0.508;;
808410;treatment;after visit;2024-02-14 08:00:00+00:00;0.469;;
808410;treatment;after visit;2024-02-14 08:15:00+00:00;0.161;;
808410;treatment;after visit;2024-02-14 08:30:00+00:00;0.151;;
808410;treatment;after visit;2024-02-14 08:45:00+00:00;0.121;;
808410;treatment;after visit;2024-02-14 09:00:00+00:00;0.131;;
808410;treatment;after visit;2024-02-14 09:15:00+00:00;0.128;;
808410;treatment;after visit;2024-02-14 09:30:00+00:00;0.35;;
808410;treatment;after visit;2024-02-14 09:45:00+00:00;0.524;;
808410;treatment;after visit;2024-02-14 10:00:00+00:00;0.456;;
808410;treatment;after visit;2024-02-14 10:15:00+00:00;0.198;;
808410;treatment;after visit;2024-02-14 10:30:00+00:00;0.116;;
808410;treatment;after visit;2024-02-14 10:45:00+00:00;0.116;;
808410;treatment;after visit;2024-02-14 11:00:00+00:00;0.369;;
808410;treatment;after visit;2024-02-14 11:15:00+00:00;0.142;;
808410;treatment;after visit;2024-02-14 11:30:00+00:00;0.543;;
808410;treatment;after visit;2024-02-14 11:45:00+00:00;0.619;;
808410;treatment;after visit;2024-02-14 12:00:00+00:00;0.507;;
808410;treatment;after visit;2024-02-14 12:15:00+00:00;0.274;;
808410;treatment;after visit;2024-02-14 12:30:00+00:00;0.138;;
808410;treatment;after visit;2024-02-14 12:45:00+00:00;0.25;;
808410;treatment;after visit;2024-02-14 13:00:00+00:00;0.507;;
808410;treatment;after visit;2024-02-14 13:15:00+00:00;0.138;;
808410;treatment;after visit;2024-02-14 13:30:00+00:00;0.121;;
808410;treatment;after visit;2024-02-14 13:45:00+00:00;0.102;;
808410;treatment;after visit;2024-02-14 14:00:00+00:00;0.329;;
808410;treatment;after visit;2024-02-14 14:15:00+00:00;0.475;;
808410;treatment;after visit;2024-02-14 14:30:00+00:00;0.433;;
808410;treatment;after visit;2024-02-14 14:45:00+00:00;0.225;;
808410;treatment;after visit;2024-02-14 15:00:00+00:00;0.122;;
808410;treatment;after visit;2024-02-14 15:15:00+00:00;0.133;;
808410;treatment;after visit;2024-02-14 15:30:00+00:00;0.136;;
808410;treatment;after visit;2024-02-14 15:45:00+00:00;0.315;;
808410;treatment;after visit;2024-02-14 16:00:00+00:00;0.486;;
808410;treatment;after visit;2024-02-14 16:15:00+00:00;0.45;;
808410;treatment;after visit;2024-02-14 16:30:00+00:00;0.212;;
808410;treatment;after visit;2024-02-14 16:45:00+00:00;0.153;;
808410;treatment;after visit;2024-02-14 17:00:00+00:00;0.138;;
808410;treatment;after visit;2024-02-14 17:15:00+00:00;0.113;;
808410;treatment;after visit;2024-02-14 17:30:00+00:00;0.322;;
808410;treatment;after visit;2024-02-14 17:45:00+00:00;0.753;;
808410;treatment;after visit;2024-02-14 18:00:00+00:00;0.505;;
808410;treatment;after visit;2024-02-14 18:15:00+00:00;0.182;;
808410;treatment;after visit;2024-02-14 18:30:00+00:00;0.085;;
808410;treatment;after visit;2024-02-14 18:45:00+00:00;0.124;;
808410;treatment;after visit;2024-02-14 19:00:00+00:00;0.133;;
808410;treatment;after visit;2024-02-14 19:15:00+00:00;0.266;;
808410;treatment;after visit;2024-02-14 19:30:00+00:00;0.547;;
808410;treatment;after visit;2024-02-14 19:45:00+00:00;0.454;;
808410;treatment;after visit;2024-02-14 20:00:00+00:00;0.225;;
808410;treatment;after visit;2024-02-14 20:15:00+00:00;0.119;;
808410;treatment;after visit;2024-02-14 20:30:00+00:00;0.176;;
808410;treatment;after visit;2024-02-14 20:45:00+00:00;0.184;;
808410;treatment;after visit;2024-02-14 21:00:00+00:00;0.408;;
808410;treatment;after visit;2024-02-14 21:15:00+00:00;0.591;;
808410;treatment;after visit;2024-02-14 21:30:00+00:00;0.509;;
808410;treatment;after visit;2024-02-14 21:45:00+00:00;0.374;;
808410;treatment;after visit;2024-02-14 22:00:00+00:00;0.185;;
808410;treatment;after visit;2024-02-14 22:15:00+00:00;0.189;;
808410;treatment;after visit;2024-02-14 22:30:00+00:00;0.195;;
808410;treatment;after visit;2024-02-14 22:45:00+00:00;0.539;;
808410;treatment;after visit;2024-02-14 23:00:00+00:00;0.65;;
808410;treatment;after visit;2024-02-14 23:15:00+00:00;0.558;;
808410;treatment;after visit;2024-02-14 23:30:00+00:00;0.458;;
808410;treatment;after visit;2024-02-14 23:45:00+00:00;0.196;;
808410;treatment;after visit;2024-02-15 00:00:00+00:00;0.189;;
808410;treatment;after visit;2024-02-15 00:15:00+00:00;0.465;;
808410;treatment;after visit;2024-02-15 00:30:00+00:00;0.666;;
808410;treatment;after visit;2024-02-15 00:45:00+00:00;0.575;;
808410;treatment;after visit;2024-02-15 01:00:00+00:00;0.419;;
808410;treatment;after visit;2024-02-15 01:15:00+00:00;0.079;;
808410;treatment;after visit;2024-02-15 01:30:00+00:00;0.08;;
808410;treatment;after visit;2024-02-15 01:45:00+00:00;0.128;;
808410;treatment;after visit;2024-02-15 02:00:00+00:00;0.625;;
808410;treatment;after visit;2024-02-15 02:15:00+00:00;0.491;;
808410;treatment;after visit;2024-02-15 02:30:00+00:00;0.367;;
808410;treatment;after visit;2024-02-15 02:45:00+00:00;0.099;;
808410;treatment;after visit;2024-02-15 03:00:00+00:00;0.107;;
808410;treatment;after visit;2024-02-15 03:15:00+00:00;0.245;;
808410;treatment;after visit;2024-02-15 03:30:00+00:00;0.595;;
808410;treatment;after visit;2024-02-15 03:45:00+00:00;0.458;;
808410;treatment;after visit;2024-02-15 04:00:00+00:00;0.407;;
808410;treatment;after visit;2024-02-15 04:15:00+00:00;0.109;;
808410;treatment;after visit;2024-02-15 04:30:00+00:00;0.099;;
808410;treatment;after visit;2024-02-15 04:45:00+00:00;0.161;;
808410;treatment;after visit;2024-02-15 05:00:00+00:00;0.647;;
808410;treatment;after visit;2024-02-15 05:15:00+00:00;0.483;;
808410;treatment;after visit;2024-02-15 05:30:00+00:00;0.345;;
808410;treatment;after visit;2024-02-15 05:45:00+00:00;0.107;;
808410;treatment;after visit;2024-02-15 06:00:00+00:00;0.109;;
808410;treatment;after visit;2024-02-15 06:15:00+00:00;0.275;;
808410;treatment;after visit;2024-02-15 06:30:00+00:00;0.596;;
808410;treatment;after visit;2024-02-15 06:45:00+00:00;0.68;;
808410;treatment;after visit;2024-02-15 07:00:00+00:00;0.36;;
808410;treatment;after visit;2024-02-15 07:15:00+00:00;0.169;;
808410;treatment;after visit;2024-02-15 07:30:00+00:00;0.101;;
808410;treatment;after visit;2024-02-15 07:45:00+00:00;0.428;;
808410;treatment;after visit;2024-02-15 08:00:00+00:00;0.598;;
808410;treatment;after visit;2024-02-15 08:15:00+00:00;0.528;;
808410;treatment;after visit;2024-02-15 08:30:00+00:00;0.249;;
808410;treatment;after visit;2024-02-15 08:45:00+00:00;0.098;;
808410;treatment;after visit;2024-02-15 09:00:00+00:00;0.079;;
808410;treatment;after visit;2024-02-15 09:15:00+00:00;0.095;;
808410;treatment;after visit;2024-02-15 09:30:00+00:00;0.104;;
808410;treatment;after visit;2024-02-15 09:45:00+00:00;0.107;;
808410;treatment;after visit;2024-02-15 10:00:00+00:00;0.523;;
808410;treatment;after visit;2024-02-15 10:15:00+00:00;0.39;;
808410;treatment;after visit;2024-02-15 10:30:00+00:00;0.254;;
808410;treatment;after visit;2024-02-15 10:45:00+00:00;0.099;;
808410;treatment;after visit;2024-02-15 11:00:00+00:00;0.256;;
808410;treatment;after visit;2024-02-15 11:15:00+00:00;0.142;;
808410;treatment;after visit;2024-02-15 11:30:00+00:00;0.101;;
808410;treatment;after visit;2024-02-15 11:45:00+00:00;0.121;;
808410;treatment;after visit;2024-02-15 12:00:00+00:00;0.129;;
808410;treatment;after visit;2024-02-15 12:15:00+00:00;0.164;;
808410;treatment;after visit;2024-02-15 12:30:00+00:00;0.289;;
808410;treatment;after visit;2024-02-15 12:45:00+00:00;0.469;;
808410;treatment;after visit;2024-02-15 13:00:00+00:00;0.381;;
808410;treatment;after visit;2024-02-15 13:15:00+00:00;0.155;;
808410;treatment;after visit;2024-02-15 13:30:00+00:00;0.138;;
808410;treatment;after visit;2024-02-15 13:45:00+00:00;0.14;;
808410;treatment;after visit;2024-02-15 14:00:00+00:00;0.111;;
808410;treatment;after visit;2024-02-15 14:15:00+00:00;0.107;;
808410;treatment;after visit;2024-02-15 14:30:00+00:00;0.103;;
808410;treatment;after visit;2024-02-15 14:45:00+00:00;0.484;;
808410;treatment;after visit;2024-02-15 15:00:00+00:00;0.438;;
808410;treatment;after visit;2024-02-15 15:15:00+00:00;0.417;;
808410;treatment;after visit;2024-02-15 15:30:00+00:00;0.137;;
808410;treatment;after visit;2024-02-15 15:45:00+00:00;0.13;;
808410;treatment;after visit;2024-02-15 16:00:00+00:00;0.125;;
808410;treatment;after visit;2024-02-15 16:15:00+00:00;0.166;;
808410;treatment;after visit;2024-02-15 16:30:00+00:00;0.567;;
808410;treatment;after visit;2024-02-15 16:45:00+00:00;0.475;;
808410;treatment;after visit;2024-02-15 17:00:00+00:00;0.479;;
808410;treatment;after visit;2024-02-15 17:15:00+00:00;0.304;;
808410;treatment;after visit;2024-02-15 17:30:00+00:00;0.288;;
808410;treatment;after visit;2024-02-15 17:45:00+00:00;0.14;;
808410;treatment;after visit;2024-02-15 18:00:00+00:00;0.137;;
808410;treatment;after visit;2024-02-15 18:15:00+00:00;0.56;;
808410;treatment;after visit;2024-02-15 18:30:00+00:00;0.454;;
808410;treatment;after visit;2024-02-15 18:45:00+00:00;0.377;;
808410;treatment;after visit;2024-02-15 19:00:00+00:00;0.219;;
808410;treatment;after visit;2024-02-15 19:15:00+00:00;0.224;;
808410;treatment;after visit;2024-02-15 19:30:00+00:00;0.233;;
808410;treatment;after visit;2024-02-15 19:45:00+00:00;0.232;;
808410;treatment;after visit;2024-02-15 20:00:00+00:00;0.675;;
808410;treatment;after visit;2024-02-15 20:15:00+00:00;0.564;;
808410;treatment;after visit;2024-02-15 20:30:00+00:00;0.372;;
808410;treatment;after visit;2024-02-15 20:45:00+00:00;0.191;;
808410;treatment;after visit;2024-02-15 21:00:00+00:00;0.191;;
808410;treatment;after visit;2024-02-15 21:15:00+00:00;0.193;;
808410;treatment;after visit;2024-02-15 21:30:00+00:00;0.206;;
808410;treatment;after visit;2024-02-15 21:45:00+00:00;0.725;;
808410;treatment;after visit;2024-02-15 22:00:00+00:00;0.545;;
808410;treatment;after visit;2024-02-15 22:15:00+00:00;0.355;;
808410;treatment;after visit;2024-02-15 22:30:00+00:00;0.19;;
808410;treatment;after visit;2024-02-15 22:45:00+00:00;0.196;;
808410;treatment;after visit;2024-02-15 23:00:00+00:00;0.205;;
808410;treatment;after visit;2024-02-15 23:15:00+00:00;0.238;;
808410;treatment;after visit;2024-02-15 23:30:00+00:00;0.69;;
808410;treatment;after visit;2024-02-15 23:45:00+00:00;0.555;;
808410;treatment;after visit;2024-02-16 00:00:00+00:00;0.244;;
808410;treatment;after visit;2024-02-16 00:15:00+00:00;0.084;;
808410;treatment;after visit;2024-02-16 00:30:00+00:00;0.073;;
808410;treatment;after visit;2024-02-16 00:45:00+00:00;0.08;;
808410;treatment;after visit;2024-02-16 01:00:00+00:00;0.177;;
808410;treatment;after visit;2024-02-16 01:15:00+00:00;0.611;;
808410;treatment;after visit;2024-02-16 01:30:00+00:00;0.422;;
808410;treatment;after visit;2024-02-16 01:45:00+00:00;0.17;;
808410;treatment;after visit;2024-02-16 02:00:00+00:00;0.081;;
808410;treatment;after visit;2024-02-16 02:15:00+00:00;0.082;;
808410;treatment;after visit;2024-02-16 02:30:00+00:00;0.081;;
808410;treatment;after visit;2024-02-16 02:45:00+00:00;0.308;;
808410;treatment;after visit;2024-02-16 03:00:00+00:00;0.517;;
808410;treatment;after visit;2024-02-16 03:15:00+00:00;0.379;;
808410;treatment;after visit;2024-02-16 03:30:00+00:00;0.138;;
808410;treatment;after visit;2024-02-16 03:45:00+00:00;0.079;;
808410;treatment;after visit;2024-02-16 04:00:00+00:00;0.078;;
808410;treatment;after visit;2024-02-16 04:15:00+00:00;0.082;;
808410;treatment;after visit;2024-02-16 04:30:00+00:00;0.422;;
808410;treatment;after visit;2024-02-16 04:45:00+00:00;0.483;;
808410;treatment;after visit;2024-02-16 05:00:00+00:00;0.345;;
808410;treatment;after visit;2024-02-16 05:15:00+00:00;0.121;;
808410;treatment;after visit;2024-02-16 05:30:00+00:00;0.093;;
808410;treatment;after visit;2024-02-16 05:45:00+00:00;0.092;;
808410;treatment;after visit;2024-02-16 06:00:00+00:00;0.078;;
808410;treatment;after visit;2024-02-16 06:15:00+00:00;0.452;;
808410;treatment;after visit;2024-02-16 06:30:00+00:00;0.485;;
808410;treatment;after visit;2024-02-16 06:45:00+00:00;0.0;;
808410;treatment;after visit;2024-02-16 07:00:00+00:00;0.0;;
808410;treatment;after visit;2024-02-16 07:15:00+00:00;0.0;;
808410;treatment;after visit;2024-02-16 07:30:00+00:00;0.0;;
808410;treatment;after visit;2024-02-16 07:45:00+00:00;0.0;;
808410;treatment;after visit;2024-02-16 08:00:00+00:00;0.0;;
808410;treatment;after visit;2024-02-16 08:15:00+00:00;0.0;;
808410;treatment;after visit;2024-02-16 08:30:00+00:00;0.0;;
808410;treatment;after visit;2024-02-16 08:45:00+00:00;0.0;;
808410;treatment;after visit;2024-02-16 09:00:00+00:00;0.0;;
808410;treatment;after visit;2024-02-16 09:15:00+00:00;0.0;;
808410;treatment;after visit;2024-02-16 09:30:00+00:00;0.0;;
808410;treatment;after visit;2024-02-16 09:45:00+00:00;0.0;;
808410;treatment;after visit;2024-02-16 10:00:00+00:00;0.0;;
808410;treatment;after visit;2024-02-16 10:15:00+00:00;0.0;;
808410;treatment;after visit;2024-02-16 10:30:00+00:00;0.0;;
808410;treatment;after visit;2024-02-16 10:45:00+00:00;0.0;;
808410;treatment;after visit;2024-02-16 11:00:00+00:00;0.0;;
808410;treatment;after visit;2024-02-16 11:15:00+00:00;0.0;;
808410;treatment;after visit;2024-02-16 11:30:00+00:00;0.0;;
808410;treatment;after visit;2024-02-16 11:45:00+00:00;0.0;;
808410;treatment;after visit;2024-02-16 12:00:00+00:00;0.0;;
808410;treatment;after visit;2024-02-16 12:15:00+00:00;0.0;;
808410;treatment;after visit;2024-02-16 12:30:00+00:00;0.0;;
808410;treatment;after visit;2024-02-16 12:45:00+00:00;0.0;;
808410;treatment;after visit;2024-02-16 13:00:00+00:00;0.0;;
808410;treatment;after visit;2024-02-16 13:15:00+00:00;0.0;;
808410;treatment;after visit;2024-02-16 13:30:00+00:00;0.0;;
808410;treatment;after visit;2024-02-16 13:45:00+00:00;0.0;;
808410;treatment;after visit;2024-02-16 14:00:00+00:00;0.0;;
808410;treatment;after visit;2024-02-16 14:15:00+00:00;0.0;;
808410;treatment;after visit;2024-02-16 14:30:00+00:00;0.0;;
808410;treatment;after visit;2024-02-16 14:45:00+00:00;0.0;;
808410;treatment;after visit;2024-02-16 15:00:00+00:00;0.0;;
808410;treatment;after visit;2024-02-16 15:15:00+00:00;0.0;;
808410;treatment;after visit;2024-02-16 15:30:00+00:00;0.0;;
808410;treatment;after visit;2024-02-16 15:45:00+00:00;0.0;;
808410;treatment;after visit;2024-02-16 16:00:00+00:00;0.0;;
808410;treatment;after visit;2024-02-16 16:15:00+00:00;0.0;;
808410;treatment;after visit;2024-02-16 16:30:00+00:00;0.0;;
808410;treatment;after visit;2024-02-16 16:45:00+00:00;0.0;;
808410;treatment;after visit;2024-02-16 17:00:00+00:00;0.0;;
808410;treatment;after visit;2024-02-16 17:15:00+00:00;0.0;;
808410;treatment;after visit;2024-02-16 17:30:00+00:00;0.0;;
808410;treatment;after visit;2024-02-16 17:45:00+00:00;0.0;;
808410;treatment;after visit;2024-02-16 18:00:00+00:00;0.0;;
808410;treatment;after visit;2024-02-16 18:15:00+00:00;0.0;;
808410;treatment;after visit;2024-02-16 18:30:00+00:00;0.0;;
808410;treatment;after visit;2024-02-16 18:45:00+00:00;0.0;;
808410;treatment;after visit;2024-02-16 19:00:00+00:00;0.0;;
808410;treatment;after visit;2024-02-16 19:15:00+00:00;0.0;;
808410;treatment;after visit;2024-02-16 19:30:00+00:00;0.0;;
808410;treatment;after visit;2024-02-16 19:45:00+00:00;0.0;;
808410;treatment;after visit;2024-02-16 20:00:00+00:00;0.0;;
808410;treatment;after visit;2024-02-16 20:15:00+00:00;0.0;;
808410;treatment;after visit;2024-02-16 20:30:00+00:00;0.0;;
808410;treatment;after visit;2024-02-16 20:45:00+00:00;0.0;;
808410;treatment;after visit;2024-02-16 21:00:00+00:00;0.0;;
808410;treatment;after visit;2024-02-16 21:15:00+00:00;0.0;;
808410;treatment;after visit;2024-02-16 21:30:00+00:00;0.0;;
808410;treatment;after visit;2024-02-16 21:45:00+00:00;0.0;;
808410;treatment;after visit;2024-02-16 22:00:00+00:00;0.0;;
808410;treatment;after visit;2024-02-16 22:15:00+00:00;0.0;;
808410;treatment;after visit;2024-02-16 22:30:00+00:00;0.0;;
808410;treatment;after visit;2024-02-16 22:45:00+00:00;0.0;;
808410;treatment;after visit;2024-02-16 23:00:00+00:00;0.0;;
808410;treatment;after visit;2024-02-16 23:15:00+00:00;0.0;;
808410;treatment;after visit;2024-02-16 23:30:00+00:00;0.0;;
808410;treatment;after visit;2024-02-16 23:45:00+00:00;0.0;;
