Household_ID;AffectsTimePoint;Group;Timestamp;kWh_received_Total;kWh_received_HeatPump;kWh_received_Other
810510;unknown;control;2022-04-02 00:00:00+00:00;0.17;;
810510;unknown;control;2022-04-02 00:15:00+00:00;0.139;;
810510;unknown;control;2022-04-02 00:30:00+00:00;0.589;;
810510;unknown;control;2022-04-02 00:45:00+00:00;0.468;;
810510;unknown;control;2022-04-02 01:00:00+00:00;0.138;;
810510;unknown;control;2022-04-02 01:15:00+00:00;0.326;;
810510;unknown;control;2022-04-02 01:30:00+00:00;0.674;;
810510;unknown;control;2022-04-02 01:45:00+00:00;0.135;;
810510;unknown;control;2022-04-02 02:00:00+00:00;0.106;;
810510;unknown;control;2022-04-02 02:15:00+00:00;0.592;;
810510;unknown;control;2022-04-02 02:30:00+00:00;0.419;;
810510;unknown;control;2022-04-02 02:45:00+00:00;0.118;;
810510;unknown;control;2022-04-02 03:00:00+00:00;0.298;;
810510;unknown;control;2022-04-02 03:15:00+00:00;0.688;;
810510;unknown;control;2022-04-02 03:30:00+00:00;0.15;;
810510;unknown;control;2022-04-02 03:45:00+00:00;0.108;;
810510;unknown;control;2022-04-02 04:00:00+00:00;0.593;;
810510;unknown;control;2022-04-02 04:15:00+00:00;0.713;;
810510;unknown;control;2022-04-02 04:30:00+00:00;0.09;;
810510;unknown;control;2022-04-02 04:45:00+00:00;0.151;;
810510;unknown;control;2022-04-02 05:00:00+00:00;0.676;;
810510;unknown;control;2022-04-02 05:15:00+00:00;0.421;;
810510;unknown;control;2022-04-02 05:30:00+00:00;0.127;;
810510;unknown;control;2022-04-02 05:45:00+00:00;0.311;;
810510;unknown;control;2022-04-02 06:00:00+00:00;0.694;;
810510;unknown;control;2022-04-02 06:15:00+00:00;0.196;;
810510;unknown;control;2022-04-02 06:30:00+00:00;0.132;;
810510;unknown;control;2022-04-02 06:45:00+00:00;0.519;;
810510;unknown;control;2022-04-02 07:00:00+00:00;0.543;;
810510;unknown;control;2022-04-02 07:15:00+00:00;0.116;;
810510;unknown;control;2022-04-02 07:30:00+00:00;0.206;;
810510;unknown;control;2022-04-02 07:45:00+00:00;0.669;;
810510;unknown;control;2022-04-02 08:00:00+00:00;0.302;;
810510;unknown;control;2022-04-02 08:15:00+00:00;0.194;;
810510;unknown;control;2022-04-02 08:30:00+00:00;0.534;;
810510;unknown;control;2022-04-02 08:45:00+00:00;0.579;;
810510;unknown;control;2022-04-02 09:00:00+00:00;0.386;;
810510;unknown;control;2022-04-02 09:15:00+00:00;0.258;;
810510;unknown;control;2022-04-02 09:30:00+00:00;0.829;;
810510;unknown;control;2022-04-02 09:45:00+00:00;0.816;;
810510;unknown;control;2022-04-02 10:00:00+00:00;0.353;;
810510;unknown;control;2022-04-02 10:15:00+00:00;0.133;;
810510;unknown;control;2022-04-02 10:30:00+00:00;0.386;;
810510;unknown;control;2022-04-02 10:45:00+00:00;0.566;;
810510;unknown;control;2022-04-02 11:00:00+00:00;0.144;;
810510;unknown;control;2022-04-02 11:15:00+00:00;0.239;;
810510;unknown;control;2022-04-02 11:30:00+00:00;0.696;;
810510;unknown;control;2022-04-02 11:45:00+00:00;0.178;;
810510;unknown;control;2022-04-02 12:00:00+00:00;0.151;;
810510;unknown;control;2022-04-02 12:15:00+00:00;0.576;;
810510;unknown;control;2022-04-02 12:30:00+00:00;0.397;;
810510;unknown;control;2022-04-02 12:45:00+00:00;0.152;;
810510;unknown;control;2022-04-02 13:00:00+00:00;0.377;;
810510;unknown;control;2022-04-02 13:15:00+00:00;0.57;;
810510;unknown;control;2022-04-02 13:30:00+00:00;0.126;;
810510;unknown;control;2022-04-02 13:45:00+00:00;0.169;;
810510;unknown;control;2022-04-02 14:00:00+00:00;0.669;;
810510;unknown;control;2022-04-02 14:15:00+00:00;0.179;;
810510;unknown;control;2022-04-02 14:30:00+00:00;0.114;;
810510;unknown;control;2022-04-02 14:45:00+00:00;0.516;;
810510;unknown;control;2022-04-02 15:00:00+00:00;0.393;;
810510;unknown;control;2022-04-02 15:15:00+00:00;0.103;;
810510;unknown;control;2022-04-02 15:30:00+00:00;0.342;;
810510;unknown;control;2022-04-02 15:45:00+00:00;0.583;;
810510;unknown;control;2022-04-02 16:00:00+00:00;0.111;;
810510;unknown;control;2022-04-02 16:15:00+00:00;0.144;;
810510;unknown;control;2022-04-02 16:30:00+00:00;0.666;;
810510;unknown;control;2022-04-02 16:45:00+00:00;0.269;;
810510;unknown;control;2022-04-02 17:00:00+00:00;0.118;;
810510;unknown;control;2022-04-02 17:15:00+00:00;0.466;;
810510;unknown;control;2022-04-02 17:30:00+00:00;0.516;;
810510;unknown;control;2022-04-02 17:45:00+00:00;0.123;;
810510;unknown;control;2022-04-02 18:00:00+00:00;0.231;;
810510;unknown;control;2022-04-02 18:15:00+00:00;0.69;;
810510;unknown;control;2022-04-02 18:30:00+00:00;0.196;;
810510;unknown;control;2022-04-02 18:45:00+00:00;0.14;;
810510;unknown;control;2022-04-02 19:00:00+00:00;0.525;;
810510;unknown;control;2022-04-02 19:15:00+00:00;0.501;;
810510;unknown;control;2022-04-02 19:30:00+00:00;0.12;;
810510;unknown;control;2022-04-02 19:45:00+00:00;0.26;;
810510;unknown;control;2022-04-02 20:00:00+00:00;0.674;;
810510;unknown;control;2022-04-02 20:15:00+00:00;0.23;;
810510;unknown;control;2022-04-02 20:30:00+00:00;0.118;;
810510;unknown;control;2022-04-02 20:45:00+00:00;0.689;;
810510;unknown;control;2022-04-02 21:00:00+00:00;0.102;;
810510;unknown;control;2022-04-02 21:15:00+00:00;0.088;;
810510;unknown;control;2022-04-02 21:30:00+00:00;0.367;;
810510;unknown;control;2022-04-02 21:45:00+00:00;0.087;;
810510;unknown;control;2022-04-02 22:00:00+00:00;0.327;;
810510;unknown;control;2022-04-02 22:15:00+00:00;0.664;;
810510;unknown;control;2022-04-02 22:30:00+00:00;0.453;;
810510;unknown;control;2022-04-02 22:45:00+00:00;0.109;;
810510;unknown;control;2022-04-02 23:00:00+00:00;0.289;;
810510;unknown;control;2022-04-02 23:15:00+00:00;0.669;;
810510;unknown;control;2022-04-02 23:30:00+00:00;0.366;;
810510;unknown;control;2022-04-02 23:45:00+00:00;0.108;;
810510;unknown;control;2022-11-13 00:00:00+00:00;0.442;;
810510;unknown;control;2022-11-13 00:15:00+00:00;0.085;;
810510;unknown;control;2022-11-13 00:30:00+00:00;0.205;;
810510;unknown;control;2022-11-13 00:45:00+00:00;0.16;;
810510;unknown;control;2022-11-13 01:00:00+00:00;0.044;;
810510;unknown;control;2022-11-13 01:15:00+00:00;0.458;;
810510;unknown;control;2022-11-13 01:30:00+00:00;0.171;;
810510;unknown;control;2022-11-13 01:45:00+00:00;0.073;;
810510;unknown;control;2022-11-13 02:00:00+00:00;0.357;;
810510;unknown;control;2022-11-13 02:15:00+00:00;0.245;;
810510;unknown;control;2022-11-13 02:30:00+00:00;0.087;;
810510;unknown;control;2022-11-13 02:45:00+00:00;0.29;;
810510;unknown;control;2022-11-13 03:00:00+00:00;0.061;;
810510;unknown;control;2022-11-13 03:15:00+00:00;0.136;;
810510;unknown;control;2022-11-13 03:30:00+00:00;0.469;;
810510;unknown;control;2022-11-13 03:45:00+00:00;0.089;;
810510;unknown;control;2022-11-13 04:00:00+00:00;0.074;;
810510;unknown;control;2022-11-13 04:15:00+00:00;0.523;;
810510;unknown;control;2022-11-13 04:30:00+00:00;0.074;;
810510;unknown;control;2022-11-13 04:45:00+00:00;0.08;;
810510;unknown;control;2022-11-13 05:00:00+00:00;0.433;;
810510;unknown;control;2022-11-13 05:15:00+00:00;0.158;;
810510;unknown;control;2022-11-13 05:30:00+00:00;0.094;;
810510;unknown;control;2022-11-13 05:45:00+00:00;0.305;;
810510;unknown;control;2022-11-13 06:00:00+00:00;0.302;;
810510;unknown;control;2022-11-13 06:15:00+00:00;0.088;;
810510;unknown;control;2022-11-13 06:30:00+00:00;0.189;;
810510;unknown;control;2022-11-13 06:45:00+00:00;0.425;;
810510;unknown;control;2022-11-13 07:00:00+00:00;0.081;;
810510;unknown;control;2022-11-13 07:15:00+00:00;0.123;;
810510;unknown;control;2022-11-13 07:30:00+00:00;0.485;;
810510;unknown;control;2022-11-13 07:45:00+00:00;0.056;;
810510;unknown;control;2022-11-13 08:00:00+00:00;0.068;;
810510;unknown;control;2022-11-13 08:15:00+00:00;0.474;;
810510;unknown;control;2022-11-13 08:30:00+00:00;0.065;;
810510;unknown;control;2022-11-13 08:45:00+00:00;0.022;;
810510;unknown;control;2022-11-13 09:00:00+00:00;0.351;;
810510;unknown;control;2022-11-13 09:15:00+00:00;0.215;;
810510;unknown;control;2022-11-13 09:30:00+00:00;0.011;;
810510;unknown;control;2022-11-13 09:45:00+00:00;0.168;;
810510;unknown;control;2022-11-13 10:00:00+00:00;0.284;;
810510;unknown;control;2022-11-13 10:15:00+00:00;0.033;;
810510;unknown;control;2022-11-13 10:30:00+00:00;0.024;;
810510;unknown;control;2022-11-13 10:45:00+00:00;0.464;;
810510;unknown;control;2022-11-13 11:00:00+00:00;0.048;;
810510;unknown;control;2022-11-13 11:15:00+00:00;0.049;;
810510;unknown;control;2022-11-13 11:30:00+00:00;0.415;;
810510;unknown;control;2022-11-13 11:45:00+00:00;0.108;;
810510;unknown;control;2022-11-13 12:00:00+00:00;0.005;;
810510;unknown;control;2022-11-13 12:15:00+00:00;0.198;;
810510;unknown;control;2022-11-13 12:30:00+00:00;0.285;;
810510;unknown;control;2022-11-13 12:45:00+00:00;0.016;;
810510;unknown;control;2022-11-13 13:00:00+00:00;0.005;;
810510;unknown;control;2022-11-13 13:15:00+00:00;0.48;;
810510;unknown;control;2022-11-13 13:30:00+00:00;0.035;;
810510;unknown;control;2022-11-13 13:45:00+00:00;0.05;;
810510;unknown;control;2022-11-13 14:00:00+00:00;0.226;;
810510;unknown;control;2022-11-13 14:15:00+00:00;0.342;;
810510;unknown;control;2022-11-13 14:30:00+00:00;0.086;;
810510;unknown;control;2022-11-13 14:45:00+00:00;0.084;;
810510;unknown;control;2022-11-13 15:00:00+00:00;0.513;;
810510;unknown;control;2022-11-13 15:15:00+00:00;0.116;;
810510;unknown;control;2022-11-13 15:30:00+00:00;0.111;;
810510;unknown;control;2022-11-13 15:45:00+00:00;0.254;;
810510;unknown;control;2022-11-13 16:00:00+00:00;0.382;;
810510;unknown;control;2022-11-13 16:15:00+00:00;0.117;;
810510;unknown;control;2022-11-13 16:30:00+00:00;0.074;;
810510;unknown;control;2022-11-13 16:45:00+00:00;0.496;;
810510;unknown;control;2022-11-13 17:00:00+00:00;0.109;;
810510;unknown;control;2022-11-13 17:15:00+00:00;0.084;;
810510;unknown;control;2022-11-13 17:30:00+00:00;0.239;;
810510;unknown;control;2022-11-13 17:45:00+00:00;0.359;;
810510;unknown;control;2022-11-13 18:00:00+00:00;0.1;;
810510;unknown;control;2022-11-13 18:15:00+00:00;0.078;;
810510;unknown;control;2022-11-13 18:30:00+00:00;0.447;;
810510;unknown;control;2022-11-13 18:45:00+00:00;0.162;;
810510;unknown;control;2022-11-13 19:00:00+00:00;0.082;;
810510;unknown;control;2022-11-13 19:15:00+00:00;0.165;;
810510;unknown;control;2022-11-13 19:30:00+00:00;0.438;;
810510;unknown;control;2022-11-13 19:45:00+00:00;0.093;;
810510;unknown;control;2022-11-13 20:00:00+00:00;0.082;;
810510;unknown;control;2022-11-13 20:15:00+00:00;0.472;;
810510;unknown;control;2022-11-13 20:30:00+00:00;0.165;;
810510;unknown;control;2022-11-13 20:45:00+00:00;0.097;;
810510;unknown;control;2022-11-13 21:00:00+00:00;0.257;;
810510;unknown;control;2022-11-13 21:15:00+00:00;0.617;;
810510;unknown;control;2022-11-13 21:30:00+00:00;0.095;;
810510;unknown;control;2022-11-13 21:45:00+00:00;0.293;;
810510;unknown;control;2022-11-13 22:00:00+00:00;0.152;;
810510;unknown;control;2022-11-13 22:15:00+00:00;0.093;;
810510;unknown;control;2022-11-13 22:30:00+00:00;0.505;;
810510;unknown;control;2022-11-13 22:45:00+00:00;0.211;;
810510;unknown;control;2022-11-13 23:00:00+00:00;0.087;;
810510;unknown;control;2022-11-13 23:15:00+00:00;0.399;;
810510;unknown;control;2022-11-13 23:30:00+00:00;0.29;;
810510;unknown;control;2022-11-13 23:45:00+00:00;0.066;;
810510;unknown;control;2022-12-01 00:00:00+00:00;0.338;;
810510;unknown;control;2022-12-01 00:15:00+00:00;0.08;;
810510;unknown;control;2022-12-01 00:30:00+00:00;0.297;;
810510;unknown;control;2022-12-01 00:45:00+00:00;0.4;;
810510;unknown;control;2022-12-01 01:00:00+00:00;0.068;;
810510;unknown;control;2022-12-01 01:15:00+00:00;0.247;;
810510;unknown;control;2022-12-01 01:30:00+00:00;0.448;;
810510;unknown;control;2022-12-01 01:45:00+00:00;0.075;;
810510;unknown;control;2022-12-01 02:00:00+00:00;0.196;;
810510;unknown;control;2022-12-01 02:15:00+00:00;0.5;;
810510;unknown;control;2022-12-01 02:30:00+00:00;0.082;;
810510;unknown;control;2022-12-01 02:45:00+00:00;0.117;;
810510;unknown;control;2022-12-01 03:00:00+00:00;0.582;;
810510;unknown;control;2022-12-01 03:15:00+00:00;0.086;;
810510;unknown;control;2022-12-01 03:30:00+00:00;0.073;;
810510;unknown;control;2022-12-01 03:45:00+00:00;0.587;;
810510;unknown;control;2022-12-01 04:00:00+00:00;0.108;;
810510;unknown;control;2022-12-01 04:15:00+00:00;0.096;;
810510;unknown;control;2022-12-01 04:30:00+00:00;0.511;;
810510;unknown;control;2022-12-01 04:45:00+00:00;0.175;;
810510;unknown;control;2022-12-01 05:00:00+00:00;0.086;;
810510;unknown;control;2022-12-01 05:15:00+00:00;0.437;;
810510;unknown;control;2022-12-01 05:30:00+00:00;0.263;;
810510;unknown;control;2022-12-01 05:45:00+00:00;0.082;;
810510;unknown;control;2022-12-01 06:00:00+00:00;0.37;;
810510;unknown;control;2022-12-01 06:15:00+00:00;0.339;;
810510;unknown;control;2022-12-01 06:30:00+00:00;0.077;;
810510;unknown;control;2022-12-01 06:45:00+00:00;0.316;;
810510;unknown;control;2022-12-01 07:00:00+00:00;0.403;;
810510;unknown;control;2022-12-01 07:15:00+00:00;0.06;;
810510;unknown;control;2022-12-01 07:30:00+00:00;0.228;;
810510;unknown;control;2022-12-01 07:45:00+00:00;0.511;;
810510;unknown;control;2022-12-01 08:00:00+00:00;0.065;;
810510;unknown;control;2022-12-01 08:15:00+00:00;0.132;;
810510;unknown;control;2022-12-01 08:30:00+00:00;0.505;;
810510;unknown;control;2022-12-01 08:45:00+00:00;0.03;;
810510;unknown;control;2022-12-01 09:00:00+00:00;0.294;;
810510;unknown;control;2022-12-01 09:15:00+00:00;0.605;;
810510;unknown;control;2022-12-01 09:30:00+00:00;0.081;;
810510;unknown;control;2022-12-01 09:45:00+00:00;0.088;;
810510;unknown;control;2022-12-01 10:00:00+00:00;0.536;;
810510;unknown;control;2022-12-01 10:15:00+00:00;0.114;;
810510;unknown;control;2022-12-01 10:30:00+00:00;0.042;;
810510;unknown;control;2022-12-01 10:45:00+00:00;0.594;;
810510;unknown;control;2022-12-01 11:00:00+00:00;0.171;;
810510;unknown;control;2022-12-01 11:15:00+00:00;0.026;;
810510;unknown;control;2022-12-01 11:30:00+00:00;0.436;;
810510;unknown;control;2022-12-01 11:45:00+00:00;0.346;;
810510;unknown;control;2022-12-01 12:00:00+00:00;0.091;;
810510;unknown;control;2022-12-01 12:15:00+00:00;0.335;;
810510;unknown;control;2022-12-01 12:30:00+00:00;0.407;;
810510;unknown;control;2022-12-01 12:45:00+00:00;0.095;;
810510;unknown;control;2022-12-01 13:00:00+00:00;0.225;;
810510;unknown;control;2022-12-01 13:15:00+00:00;0.478;;
810510;unknown;control;2022-12-01 13:30:00+00:00;0.09;;
810510;unknown;control;2022-12-01 13:45:00+00:00;0.156;;
810510;unknown;control;2022-12-01 14:00:00+00:00;0.535;;
810510;unknown;control;2022-12-01 14:15:00+00:00;0.088;;
810510;unknown;control;2022-12-01 14:30:00+00:00;0.131;;
810510;unknown;control;2022-12-01 14:45:00+00:00;0.609;;
810510;unknown;control;2022-12-01 15:00:00+00:00;0.095;;
810510;unknown;control;2022-12-01 15:15:00+00:00;0.106;;
810510;unknown;control;2022-12-01 15:30:00+00:00;0.599;;
810510;unknown;control;2022-12-01 15:45:00+00:00;0.123;;
810510;unknown;control;2022-12-01 16:00:00+00:00;0.097;;
810510;unknown;control;2022-12-01 16:15:00+00:00;0.536;;
810510;unknown;control;2022-12-01 16:30:00+00:00;0.174;;
810510;unknown;control;2022-12-01 16:45:00+00:00;0.105;;
810510;unknown;control;2022-12-01 17:00:00+00:00;0.506;;
810510;unknown;control;2022-12-01 17:15:00+00:00;0.223;;
810510;unknown;control;2022-12-01 17:30:00+00:00;0.501;;
810510;unknown;control;2022-12-01 17:45:00+00:00;1.105;;
810510;unknown;control;2022-12-01 18:00:00+00:00;0.481;;
810510;unknown;control;2022-12-01 18:15:00+00:00;0.131;;
810510;unknown;control;2022-12-01 18:30:00+00:00;0.423;;
810510;unknown;control;2022-12-01 18:45:00+00:00;0.334;;
810510;unknown;control;2022-12-01 19:00:00+00:00;0.13;;
810510;unknown;control;2022-12-01 19:15:00+00:00;0.378;;
810510;unknown;control;2022-12-01 19:30:00+00:00;0.385;;
810510;unknown;control;2022-12-01 19:45:00+00:00;0.1;;
810510;unknown;control;2022-12-01 20:00:00+00:00;0.39;;
810510;unknown;control;2022-12-01 20:15:00+00:00;0.659;;
810510;unknown;control;2022-12-01 20:30:00+00:00;0.079;;
810510;unknown;control;2022-12-01 20:45:00+00:00;0.202;;
810510;unknown;control;2022-12-01 21:00:00+00:00;0.609;;
810510;unknown;control;2022-12-01 21:15:00+00:00;0.114;;
810510;unknown;control;2022-12-01 21:30:00+00:00;0.113;;
810510;unknown;control;2022-12-01 21:45:00+00:00;0.607;;
810510;unknown;control;2022-12-01 22:00:00+00:00;0.166;;
810510;unknown;control;2022-12-01 22:15:00+00:00;0.101;;
810510;unknown;control;2022-12-01 22:30:00+00:00;0.53;;
810510;unknown;control;2022-12-01 22:45:00+00:00;0.214;;
810510;unknown;control;2022-12-01 23:00:00+00:00;0.106;;
810510;unknown;control;2022-12-01 23:15:00+00:00;0.457;;
810510;unknown;control;2022-12-01 23:30:00+00:00;0.28;;
810510;unknown;control;2022-12-01 23:45:00+00:00;0.108;;
810510;unknown;control;2022-12-04 00:00:00+00:00;0.091;;
810510;unknown;control;2022-12-04 00:15:00+00:00;0.11;;
810510;unknown;control;2022-12-04 00:30:00+00:00;0.577;;
810510;unknown;control;2022-12-04 00:45:00+00:00;0.27;;
810510;unknown;control;2022-12-04 01:00:00+00:00;0.106;;
810510;unknown;control;2022-12-04 01:15:00+00:00;0.388;;
810510;unknown;control;2022-12-04 01:30:00+00:00;0.446;;
810510;unknown;control;2022-12-04 01:45:00+00:00;0.082;;
810510;unknown;control;2022-12-04 02:00:00+00:00;0.275;;
810510;unknown;control;2022-12-04 02:15:00+00:00;0.111;;
810510;unknown;control;2022-12-04 02:30:00+00:00;0.049;;
810510;unknown;control;2022-12-04 02:45:00+00:00;0.493;;
810510;unknown;control;2022-12-04 03:00:00+00:00;0.387;;
810510;unknown;control;2022-12-04 03:15:00+00:00;0.073;;
810510;unknown;control;2022-12-04 03:30:00+00:00;0.261;;
810510;unknown;control;2022-12-04 03:45:00+00:00;0.578;;
810510;unknown;control;2022-12-04 04:00:00+00:00;0.078;;
810510;unknown;control;2022-12-04 04:15:00+00:00;0.088;;
810510;unknown;control;2022-12-04 04:30:00+00:00;0.576;;
810510;unknown;control;2022-12-04 04:45:00+00:00;0.24;;
810510;unknown;control;2022-12-04 05:00:00+00:00;0.076;;
810510;unknown;control;2022-12-04 05:15:00+00:00;0.398;;
810510;unknown;control;2022-12-04 05:30:00+00:00;0.411;;
810510;unknown;control;2022-12-04 05:45:00+00:00;0.072;;
810510;unknown;control;2022-12-04 06:00:00+00:00;0.246;;
810510;unknown;control;2022-12-04 06:15:00+00:00;0.586;;
810510;unknown;control;2022-12-04 06:30:00+00:00;0.08;;
810510;unknown;control;2022-12-04 06:45:00+00:00;0.093;;
810510;unknown;control;2022-12-04 07:00:00+00:00;0.58;;
810510;unknown;control;2022-12-04 07:15:00+00:00;0.245;;
810510;unknown;control;2022-12-04 07:30:00+00:00;0.085;;
810510;unknown;control;2022-12-04 07:45:00+00:00;0.402;;
810510;unknown;control;2022-12-04 08:00:00+00:00;0.371;;
810510;unknown;control;2022-12-04 08:15:00+00:00;0.07;;
810510;unknown;control;2022-12-04 08:30:00+00:00;0.258;;
810510;unknown;control;2022-12-04 08:45:00+00:00;0.513;;
810510;unknown;control;2022-12-04 09:00:00+00:00;0.061;;
810510;unknown;control;2022-12-04 09:15:00+00:00;0.116;;
810510;unknown;control;2022-12-04 09:30:00+00:00;0.592;;
810510;unknown;control;2022-12-04 09:45:00+00:00;0.135;;
810510;unknown;control;2022-12-04 10:00:00+00:00;0.068;;
810510;unknown;control;2022-12-04 10:15:00+00:00;0.488;;
810510;unknown;control;2022-12-04 10:30:00+00:00;0.301;;
810510;unknown;control;2022-12-04 10:45:00+00:00;0.037;;
810510;unknown;control;2022-12-04 11:00:00+00:00;0.369;;
810510;unknown;control;2022-12-04 11:15:00+00:00;0.382;;
810510;unknown;control;2022-12-04 11:30:00+00:00;0.074;;
810510;unknown;control;2022-12-04 11:45:00+00:00;0.222;;
810510;unknown;control;2022-12-04 12:00:00+00:00;0.488;;
810510;unknown;control;2022-12-04 12:15:00+00:00;0.047;;
810510;unknown;control;2022-12-04 12:30:00+00:00;0.056;;
810510;unknown;control;2022-12-04 12:45:00+00:00;0.518;;
810510;unknown;control;2022-12-04 13:00:00+00:00;0.05;;
810510;unknown;control;2022-12-04 13:15:00+00:00;0.046;;
810510;unknown;control;2022-12-04 13:30:00+00:00;0.528;;
810510;unknown;control;2022-12-04 13:45:00+00:00;0.18;;
810510;unknown;control;2022-12-04 14:00:00+00:00;0.038;;
810510;unknown;control;2022-12-04 14:15:00+00:00;0.386;;
810510;unknown;control;2022-12-04 14:30:00+00:00;0.304;;
810510;unknown;control;2022-12-04 14:45:00+00:00;0.106;;
810510;unknown;control;2022-12-04 15:00:00+00:00;0.354;;
810510;unknown;control;2022-12-04 15:15:00+00:00;0.444;;
810510;unknown;control;2022-12-04 15:30:00+00:00;0.119;;
810510;unknown;control;2022-12-04 15:45:00+00:00;0.258;;
810510;unknown;control;2022-12-04 16:00:00+00:00;0.518;;
810510;unknown;control;2022-12-04 16:15:00+00:00;0.112;;
810510;unknown;control;2022-12-04 16:30:00+00:00;0.174;;
810510;unknown;control;2022-12-04 16:45:00+00:00;0.597;;
810510;unknown;control;2022-12-04 17:00:00+00:00;0.081;;
810510;unknown;control;2022-12-04 17:15:00+00:00;0.089;;
810510;unknown;control;2022-12-04 17:30:00+00:00;0.6;;
810510;unknown;control;2022-12-04 17:45:00+00:00;0.127;;
810510;unknown;control;2022-12-04 18:00:00+00:00;0.095;;
810510;unknown;control;2022-12-04 18:15:00+00:00;0.509;;
810510;unknown;control;2022-12-04 18:30:00+00:00;0.233;;
810510;unknown;control;2022-12-04 18:45:00+00:00;0.087;;
810510;unknown;control;2022-12-04 19:00:00+00:00;0.415;;
810510;unknown;control;2022-12-04 19:15:00+00:00;0.334;;
810510;unknown;control;2022-12-04 19:30:00+00:00;0.08;;
810510;unknown;control;2022-12-04 19:45:00+00:00;0.331;;
810510;unknown;control;2022-12-04 20:00:00+00:00;0.416;;
810510;unknown;control;2022-12-04 20:15:00+00:00;0.086;;
810510;unknown;control;2022-12-04 20:30:00+00:00;0.304;;
810510;unknown;control;2022-12-04 20:45:00+00:00;0.541;;
810510;unknown;control;2022-12-04 21:00:00+00:00;0.079;;
810510;unknown;control;2022-12-04 21:15:00+00:00;0.235;;
810510;unknown;control;2022-12-04 21:30:00+00:00;0.461;;
810510;unknown;control;2022-12-04 21:45:00+00:00;0.105;;
810510;unknown;control;2022-12-04 22:00:00+00:00;0.249;;
810510;unknown;control;2022-12-04 22:15:00+00:00;0.603;;
810510;unknown;control;2022-12-04 22:30:00+00:00;0.114;;
810510;unknown;control;2022-12-04 22:45:00+00:00;0.099;;
810510;unknown;control;2022-12-04 23:00:00+00:00;0.649;;
810510;unknown;control;2022-12-04 23:15:00+00:00;0.183;;
810510;unknown;control;2022-12-04 23:30:00+00:00;0.112;;
810510;unknown;control;2022-12-04 23:45:00+00:00;0.355;;
810510;unknown;control;2022-12-09 00:00:00+00:00;0.092;;
810510;unknown;control;2022-12-09 00:15:00+00:00;0.436;;
810510;unknown;control;2022-12-09 00:30:00+00:00;0.358;;
810510;unknown;control;2022-12-09 00:45:00+00:00;0.081;;
810510;unknown;control;2022-12-09 01:00:00+00:00;0.273;;
810510;unknown;control;2022-12-09 01:15:00+00:00;0.527;;
810510;unknown;control;2022-12-09 01:30:00+00:00;0.07;;
810510;unknown;control;2022-12-09 01:45:00+00:00;0.134;;
810510;unknown;control;2022-12-09 02:00:00+00:00;0.613;;
810510;unknown;control;2022-12-09 02:15:00+00:00;0.123;;
810510;unknown;control;2022-12-09 02:30:00+00:00;0.092;;
810510;unknown;control;2022-12-09 02:45:00+00:00;0.492;;
810510;unknown;control;2022-12-09 03:00:00+00:00;0.313;;
810510;unknown;control;2022-12-09 03:15:00+00:00;0.081;;
810510;unknown;control;2022-12-09 03:30:00+00:00;0.321;;
810510;unknown;control;2022-12-09 03:45:00+00:00;0.499;;
810510;unknown;control;2022-12-09 04:00:00+00:00;0.073;;
810510;unknown;control;2022-12-09 04:15:00+00:00;0.161;;
810510;unknown;control;2022-12-09 04:30:00+00:00;0.613;;
810510;unknown;control;2022-12-09 04:45:00+00:00;0.122;;
810510;unknown;control;2022-12-09 05:00:00+00:00;0.09;;
810510;unknown;control;2022-12-09 05:15:00+00:00;0.498;;
810510;unknown;control;2022-12-09 05:30:00+00:00;0.334;;
810510;unknown;control;2022-12-09 05:45:00+00:00;0.076;;
810510;unknown;control;2022-12-09 06:00:00+00:00;0.311;;
810510;unknown;control;2022-12-09 06:15:00+00:00;0.518;;
810510;unknown;control;2022-12-09 06:30:00+00:00;0.077;;
810510;unknown;control;2022-12-09 06:45:00+00:00;0.157;;
810510;unknown;control;2022-12-09 07:00:00+00:00;0.618;;
810510;unknown;control;2022-12-09 07:15:00+00:00;0.176;;
810510;unknown;control;2022-12-09 07:30:00+00:00;0.093;;
810510;unknown;control;2022-12-09 07:45:00+00:00;0.465;;
810510;unknown;control;2022-12-09 08:00:00+00:00;0.388;;
810510;unknown;control;2022-12-09 08:15:00+00:00;0.074;;
810510;unknown;control;2022-12-09 08:30:00+00:00;0.272;;
810510;unknown;control;2022-12-09 08:45:00+00:00;0.733;;
810510;unknown;control;2022-12-09 09:00:00+00:00;0.207;;
810510;unknown;control;2022-12-09 09:15:00+00:00;0.169;;
810510;unknown;control;2022-12-09 09:30:00+00:00;0.685;;
810510;unknown;control;2022-12-09 09:45:00+00:00;0.321;;
810510;unknown;control;2022-12-09 10:00:00+00:00;0.131;;
810510;unknown;control;2022-12-09 10:15:00+00:00;0.477;;
810510;unknown;control;2022-12-09 10:30:00+00:00;0.442;;
810510;unknown;control;2022-12-09 10:45:00+00:00;0.137;;
810510;unknown;control;2022-12-09 11:00:00+00:00;0.371;;
810510;unknown;control;2022-12-09 11:15:00+00:00;0.647;;
810510;unknown;control;2022-12-09 11:30:00+00:00;0.173;;
810510;unknown;control;2022-12-09 11:45:00+00:00;0.239;;
810510;unknown;control;2022-12-09 12:00:00+00:00;0.721;;
810510;unknown;control;2022-12-09 12:15:00+00:00;0.203;;
810510;unknown;control;2022-12-09 12:30:00+00:00;0.165;;
810510;unknown;control;2022-12-09 12:45:00+00:00;1.013;;
810510;unknown;control;2022-12-09 13:00:00+00:00;0.422;;
810510;unknown;control;2022-12-09 13:15:00+00:00;0.103;;
810510;unknown;control;2022-12-09 13:30:00+00:00;0.526;;
810510;unknown;control;2022-12-09 13:45:00+00:00;0.432;;
810510;unknown;control;2022-12-09 14:00:00+00:00;0.13;;
810510;unknown;control;2022-12-09 14:15:00+00:00;0.27;;
810510;unknown;control;2022-12-09 14:30:00+00:00;0.577;;
810510;unknown;control;2022-12-09 14:45:00+00:00;0.109;;
810510;unknown;control;2022-12-09 15:00:00+00:00;0.11;;
810510;unknown;control;2022-12-09 15:15:00+00:00;0.641;;
810510;unknown;control;2022-12-09 15:30:00+00:00;0.173;;
810510;unknown;control;2022-12-09 15:45:00+00:00;0.114;;
810510;unknown;control;2022-12-09 16:00:00+00:00;0.512;;
810510;unknown;control;2022-12-09 16:15:00+00:00;0.335;;
810510;unknown;control;2022-12-09 16:30:00+00:00;0.099;;
810510;unknown;control;2022-12-09 16:45:00+00:00;0.318;;
810510;unknown;control;2022-12-09 17:00:00+00:00;0.454;;
810510;unknown;control;2022-12-09 17:15:00+00:00;0.086;;
810510;unknown;control;2022-12-09 17:30:00+00:00;0.181;;
810510;unknown;control;2022-12-09 17:45:00+00:00;0.595;;
810510;unknown;control;2022-12-09 18:00:00+00:00;0.078;;
810510;unknown;control;2022-12-09 18:15:00+00:00;0.091;;
810510;unknown;control;2022-12-09 18:30:00+00:00;0.582;;
810510;unknown;control;2022-12-09 18:45:00+00:00;0.194;;
810510;unknown;control;2022-12-09 19:00:00+00:00;0.095;;
810510;unknown;control;2022-12-09 19:15:00+00:00;0.435;;
810510;unknown;control;2022-12-09 19:30:00+00:00;0.339;;
810510;unknown;control;2022-12-09 19:45:00+00:00;0.086;;
810510;unknown;control;2022-12-09 20:00:00+00:00;0.304;;
810510;unknown;control;2022-12-09 20:15:00+00:00;0.477;;
810510;unknown;control;2022-12-09 20:30:00+00:00;0.081;;
810510;unknown;control;2022-12-09 20:45:00+00:00;0.185;;
810510;unknown;control;2022-12-09 21:00:00+00:00;0.595;;
810510;unknown;control;2022-12-09 21:15:00+00:00;0.087;;
810510;unknown;control;2022-12-09 21:30:00+00:00;0.088;;
810510;unknown;control;2022-12-09 21:45:00+00:00;0.57;;
810510;unknown;control;2022-12-09 22:00:00+00:00;0.212;;
810510;unknown;control;2022-12-09 22:15:00+00:00;0.076;;
810510;unknown;control;2022-12-09 22:30:00+00:00;0.437;;
810510;unknown;control;2022-12-09 22:45:00+00:00;0.345;;
810510;unknown;control;2022-12-09 23:00:00+00:00;0.071;;
810510;unknown;control;2022-12-09 23:15:00+00:00;0.319;;
810510;unknown;control;2022-12-09 23:30:00+00:00;0.476;;
810510;unknown;control;2022-12-09 23:45:00+00:00;0.09;;
810510;unknown;control;2022-12-10 00:00:00+00:00;0.191;;
810510;unknown;control;2022-12-10 00:15:00+00:00;0.617;;
810510;unknown;control;2022-12-10 00:30:00+00:00;0.107;;
810510;unknown;control;2022-12-10 00:45:00+00:00;0.091;;
810510;unknown;control;2022-12-10 01:00:00+00:00;0.598;;
810510;unknown;control;2022-12-10 01:15:00+00:00;0.224;;
810510;unknown;control;2022-12-10 01:30:00+00:00;0.074;;
810510;unknown;control;2022-12-10 01:45:00+00:00;0.434;;
810510;unknown;control;2022-12-10 02:00:00+00:00;0.36;;
810510;unknown;control;2022-12-10 02:15:00+00:00;0.087;;
810510;unknown;control;2022-12-10 02:30:00+00:00;0.285;;
810510;unknown;control;2022-12-10 02:45:00+00:00;0.51;;
810510;unknown;control;2022-12-10 03:00:00+00:00;0.091;;
810510;unknown;control;2022-12-10 03:15:00+00:00;0.131;;
810510;unknown;control;2022-12-10 03:30:00+00:00;0.626;;
810510;unknown;control;2022-12-10 03:45:00+00:00;0.1;;
810510;unknown;control;2022-12-10 04:00:00+00:00;0.073;;
810510;unknown;control;2022-12-10 04:15:00+00:00;0.536;;
810510;unknown;control;2022-12-10 04:30:00+00:00;0.247;;
810510;unknown;control;2022-12-10 04:45:00+00:00;0.088;;
810510;unknown;control;2022-12-10 05:00:00+00:00;0.506;;
810510;unknown;control;2022-12-10 05:15:00+00:00;0.303;;
810510;unknown;control;2022-12-10 05:30:00+00:00;0.058;;
810510;unknown;control;2022-12-10 05:45:00+00:00;0.362;;
810510;unknown;control;2022-12-10 06:00:00+00:00;0.538;;
810510;unknown;control;2022-12-10 06:15:00+00:00;0.075;;
810510;unknown;control;2022-12-10 06:30:00+00:00;0.127;;
810510;unknown;control;2022-12-10 06:45:00+00:00;0.619;;
810510;unknown;control;2022-12-10 07:00:00+00:00;0.17;;
810510;unknown;control;2022-12-10 07:15:00+00:00;0.094;;
810510;unknown;control;2022-12-10 07:30:00+00:00;0.478;;
810510;unknown;control;2022-12-10 07:45:00+00:00;0.38;;
810510;unknown;control;2022-12-10 08:00:00+00:00;0.101;;
810510;unknown;control;2022-12-10 08:15:00+00:00;0.305;;
810510;unknown;control;2022-12-10 08:30:00+00:00;0.551;;
810510;unknown;control;2022-12-10 08:45:00+00:00;0.109;;
810510;unknown;control;2022-12-10 09:00:00+00:00;0.213;;
810510;unknown;control;2022-12-10 09:15:00+00:00;0.687;;
810510;unknown;control;2022-12-10 09:30:00+00:00;0.271;;
810510;unknown;control;2022-12-10 09:45:00+00:00;0.162;;
810510;unknown;control;2022-12-10 10:00:00+00:00;0.549;;
810510;unknown;control;2022-12-10 10:15:00+00:00;0.354;;
810510;unknown;control;2022-12-10 10:30:00+00:00;0.155;;
810510;unknown;control;2022-12-10 10:45:00+00:00;0.414;;
810510;unknown;control;2022-12-10 11:00:00+00:00;0.505;;
810510;unknown;control;2022-12-10 11:15:00+00:00;0.148;;
810510;unknown;control;2022-12-10 11:30:00+00:00;0.29;;
810510;unknown;control;2022-12-10 11:45:00+00:00;0.644;;
810510;unknown;control;2022-12-10 12:00:00+00:00;0.163;;
810510;unknown;control;2022-12-10 12:15:00+00:00;0.168;;
810510;unknown;control;2022-12-10 12:30:00+00:00;0.684;;
810510;unknown;control;2022-12-10 12:45:00+00:00;0.234;;
810510;unknown;control;2022-12-10 13:00:00+00:00;0.133;;
810510;unknown;control;2022-12-10 13:15:00+00:00;0.527;;
810510;unknown;control;2022-12-10 13:30:00+00:00;0.384;;
810510;unknown;control;2022-12-10 13:45:00+00:00;0.123;;
810510;unknown;control;2022-12-10 14:00:00+00:00;0.393;;
810510;unknown;control;2022-12-10 14:15:00+00:00;0.507;;
810510;unknown;control;2022-12-10 14:30:00+00:00;0.132;;
810510;unknown;control;2022-12-10 14:45:00+00:00;0.243;;
810510;unknown;control;2022-12-10 15:00:00+00:00;0.664;;
810510;unknown;control;2022-12-10 15:15:00+00:00;0.147;;
810510;unknown;control;2022-12-10 15:30:00+00:00;0.128;;
810510;unknown;control;2022-12-10 15:45:00+00:00;0.623;;
810510;unknown;control;2022-12-10 16:00:00+00:00;0.307;;
810510;unknown;control;2022-12-10 16:15:00+00:00;0.122;;
810510;unknown;control;2022-12-10 16:30:00+00:00;0.444;;
810510;unknown;control;2022-12-10 16:45:00+00:00;0.481;;
810510;unknown;control;2022-12-10 17:00:00+00:00;0.12;;
810510;unknown;control;2022-12-10 17:15:00+00:00;0.246;;
810510;unknown;control;2022-12-10 17:30:00+00:00;0.621;;
810510;unknown;control;2022-12-10 17:45:00+00:00;0.117;;
810510;unknown;control;2022-12-10 18:00:00+00:00;0.112;;
810510;unknown;control;2022-12-10 18:15:00+00:00;0.624;;
810510;unknown;control;2022-12-10 18:30:00+00:00;0.278;;
810510;unknown;control;2022-12-10 18:45:00+00:00;0.113;;
810510;unknown;control;2022-12-10 19:00:00+00:00;0.59;;
810510;unknown;control;2022-12-10 19:15:00+00:00;0.664;;
810510;unknown;control;2022-12-10 19:30:00+00:00;0.11;;
810510;unknown;control;2022-12-10 19:45:00+00:00;0.25;;
810510;unknown;control;2022-12-10 20:00:00+00:00;0.66;;
810510;unknown;control;2022-12-10 20:15:00+00:00;0.74;;
810510;unknown;control;2022-12-10 20:30:00+00:00;0.081;;
810510;unknown;control;2022-12-10 20:45:00+00:00;0.128;;
810510;unknown;control;2022-12-10 21:00:00+00:00;0.662;;
810510;unknown;control;2022-12-10 21:15:00+00:00;0.408;;
810510;unknown;control;2022-12-10 21:30:00+00:00;0.512;;
810510;unknown;control;2022-12-10 21:45:00+00:00;0.584;;
810510;unknown;control;2022-12-10 22:00:00+00:00;0.247;;
810510;unknown;control;2022-12-10 22:15:00+00:00;0.669;;
810510;unknown;control;2022-12-10 22:30:00+00:00;0.652;;
810510;unknown;control;2022-12-10 22:45:00+00:00;0.366;;
810510;unknown;control;2022-12-10 23:00:00+00:00;0.107;;
810510;unknown;control;2022-12-10 23:15:00+00:00;0.35;;
810510;unknown;control;2022-12-10 23:30:00+00:00;0.739;;
810510;unknown;control;2022-12-10 23:45:00+00:00;0.089;;
810510;unknown;control;2022-12-11 00:00:00+00:00;0.08;;
810510;unknown;control;2022-12-11 00:15:00+00:00;0.545;;
810510;unknown;control;2022-12-11 00:30:00+00:00;0.451;;
810510;unknown;control;2022-12-11 00:45:00+00:00;0.089;;
810510;unknown;control;2022-12-11 01:00:00+00:00;0.199;;
810510;unknown;control;2022-12-11 01:15:00+00:00;0.636;;
810510;unknown;control;2022-12-11 01:30:00+00:00;0.236;;
810510;unknown;control;2022-12-11 01:45:00+00:00;0.073;;
810510;unknown;control;2022-12-11 02:00:00+00:00;0.422;;
810510;unknown;control;2022-12-11 02:15:00+00:00;0.625;;
810510;unknown;control;2022-12-11 02:30:00+00:00;0.081;;
810510;unknown;control;2022-12-11 02:45:00+00:00;0.091;;
810510;unknown;control;2022-12-11 03:00:00+00:00;0.306;;
810510;unknown;control;2022-12-11 03:15:00+00:00;0.068;;
810510;unknown;control;2022-12-11 03:30:00+00:00;0.312;;
810510;unknown;control;2022-12-11 03:45:00+00:00;0.639;;
810510;unknown;control;2022-12-11 04:00:00+00:00;0.424;;
810510;unknown;control;2022-12-11 04:15:00+00:00;0.073;;
810510;unknown;control;2022-12-11 04:30:00+00:00;0.252;;
810510;unknown;control;2022-12-11 04:45:00+00:00;0.625;;
810510;unknown;control;2022-12-11 05:00:00+00:00;0.474;;
810510;unknown;control;2022-12-11 05:15:00+00:00;0.091;;
810510;unknown;control;2022-12-11 05:30:00+00:00;0.185;;
810510;unknown;control;2022-12-11 05:45:00+00:00;0.633;;
810510;unknown;control;2022-12-11 06:00:00+00:00;0.583;;
810510;unknown;control;2022-12-11 06:15:00+00:00;0.079;;
810510;unknown;control;2022-12-11 06:30:00+00:00;0.113;;
810510;unknown;control;2022-12-11 06:45:00+00:00;0.62;;
810510;unknown;control;2022-12-11 07:00:00+00:00;0.684;;
810510;unknown;control;2022-12-11 07:15:00+00:00;0.202;;
810510;unknown;control;2022-12-11 07:30:00+00:00;0.124;;
810510;unknown;control;2022-12-11 07:45:00+00:00;0.603;;
810510;unknown;control;2022-12-11 08:00:00+00:00;0.676;;
810510;unknown;control;2022-12-11 08:15:00+00:00;0.359;;
810510;unknown;control;2022-12-11 08:30:00+00:00;0.09;;
810510;unknown;control;2022-12-11 08:45:00+00:00;0.33;;
810510;unknown;control;2022-12-11 09:00:00+00:00;0.67;;
810510;unknown;control;2022-12-11 09:15:00+00:00;0.386;;
810510;unknown;control;2022-12-11 09:30:00+00:00;0.09;;
810510;unknown;control;2022-12-11 09:45:00+00:00;0.293;;
810510;unknown;control;2022-12-11 10:00:00+00:00;0.653;;
810510;unknown;control;2022-12-11 10:15:00+00:00;0.363;;
810510;unknown;control;2022-12-11 10:30:00+00:00;0.08;;
810510;unknown;control;2022-12-11 10:45:00+00:00;0.331;;
810510;unknown;control;2022-12-11 11:00:00+00:00;0.663;;
810510;unknown;control;2022-12-11 11:15:00+00:00;0.212;;
810510;unknown;control;2022-12-11 11:30:00+00:00;0.113;;
810510;unknown;control;2022-12-11 11:45:00+00:00;0.446;;
810510;unknown;control;2022-12-11 12:00:00+00:00;0.588;;
810510;unknown;control;2022-12-11 12:15:00+00:00;0.094;;
810510;unknown;control;2022-12-11 12:30:00+00:00;0.093;;
810510;unknown;control;2022-12-11 12:45:00+00:00;0.639;;
810510;unknown;control;2022-12-11 13:00:00+00:00;0.327;;
810510;unknown;control;2022-12-11 13:15:00+00:00;0.097;;
810510;unknown;control;2022-12-11 13:30:00+00:00;0.347;;
810510;unknown;control;2022-12-11 13:45:00+00:00;0.615;;
810510;unknown;control;2022-12-11 14:00:00+00:00;0.096;;
810510;unknown;control;2022-12-11 14:15:00+00:00;0.085;;
810510;unknown;control;2022-12-11 14:30:00+00:00;0.61;;
810510;unknown;control;2022-12-11 14:45:00+00:00;0.363;;
810510;unknown;control;2022-12-11 15:00:00+00:00;0.079;;
810510;unknown;control;2022-12-11 15:15:00+00:00;0.319;;
810510;unknown;control;2022-12-11 15:30:00+00:00;0.656;;
810510;unknown;control;2022-12-11 15:45:00+00:00;0.106;;
810510;unknown;control;2022-12-11 16:00:00+00:00;0.098;;
810510;unknown;control;2022-12-11 16:15:00+00:00;0.563;;
810510;unknown;control;2022-12-11 16:30:00+00:00;0.509;;
810510;unknown;control;2022-12-11 16:45:00+00:00;0.09;;
810510;unknown;control;2022-12-11 17:00:00+00:00;0.212;;
810510;unknown;control;2022-12-11 17:15:00+00:00;0.671;;
810510;unknown;control;2022-12-11 17:30:00+00:00;0.405;;
810510;unknown;control;2022-12-11 17:45:00+00:00;0.12;;
810510;unknown;control;2022-12-11 18:00:00+00:00;0.317;;
810510;unknown;control;2022-12-11 18:15:00+00:00;0.68;;
810510;unknown;control;2022-12-11 18:30:00+00:00;0.378;;
810510;unknown;control;2022-12-11 18:45:00+00:00;0.119;;
810510;unknown;control;2022-12-11 19:00:00+00:00;0.342;;
810510;unknown;control;2022-12-11 19:15:00+00:00;0.671;;
810510;unknown;control;2022-12-11 19:30:00+00:00;0.427;;
810510;unknown;control;2022-12-11 19:45:00+00:00;0.109;;
810510;unknown;control;2022-12-11 20:00:00+00:00;0.292;;
810510;unknown;control;2022-12-11 20:15:00+00:00;0.762;;
810510;unknown;control;2022-12-11 20:30:00+00:00;0.387;;
810510;unknown;control;2022-12-11 20:45:00+00:00;0.071;;
810510;unknown;control;2022-12-11 21:00:00+00:00;0.382;;
810510;unknown;control;2022-12-11 21:15:00+00:00;0.667;;
810510;unknown;control;2022-12-11 21:30:00+00:00;0.504;;
810510;unknown;control;2022-12-11 21:45:00+00:00;0.079;;
810510;unknown;control;2022-12-11 22:00:00+00:00;0.238;;
810510;unknown;control;2022-12-11 22:15:00+00:00;0.666;;
810510;unknown;control;2022-12-11 22:30:00+00:00;0.695;;
810510;unknown;control;2022-12-11 22:45:00+00:00;0.401;;
810510;unknown;control;2022-12-11 23:00:00+00:00;0.092;;
810510;unknown;control;2022-12-11 23:15:00+00:00;0.304;;
810510;unknown;control;2022-12-11 23:30:00+00:00;0.678;;
810510;unknown;control;2022-12-11 23:45:00+00:00;0.696;;
810510;unknown;control;2022-12-12 00:00:00+00:00;0.193;;
810510;unknown;control;2022-12-12 00:15:00+00:00;0.098;;
810510;unknown;control;2022-12-12 00:30:00+00:00;0.318;;
810510;unknown;control;2022-12-12 00:45:00+00:00;0.063;;
810510;unknown;control;2022-12-12 01:00:00+00:00;0.199;;
810510;unknown;control;2022-12-12 01:15:00+00:00;0.633;;
810510;unknown;control;2022-12-12 01:30:00+00:00;0.676;;
810510;unknown;control;2022-12-12 01:45:00+00:00;0.451;;
810510;unknown;control;2022-12-12 02:00:00+00:00;0.096;;
810510;unknown;control;2022-12-12 02:15:00+00:00;0.216;;
810510;unknown;control;2022-12-12 02:30:00+00:00;0.638;;
810510;unknown;control;2022-12-12 02:45:00+00:00;0.692;;
810510;unknown;control;2022-12-12 03:00:00+00:00;0.199;;
810510;unknown;control;2022-12-12 03:15:00+00:00;0.085;;
810510;unknown;control;2022-12-12 03:30:00+00:00;0.445;;
810510;unknown;control;2022-12-12 03:45:00+00:00;0.66;;
810510;unknown;control;2022-12-12 04:00:00+00:00;0.509;;
810510;unknown;control;2022-12-12 04:15:00+00:00;0.073;;
810510;unknown;control;2022-12-12 04:30:00+00:00;0.191;;
810510;unknown;control;2022-12-12 04:45:00+00:00;0.629;;
810510;unknown;control;2022-12-12 05:00:00+00:00;0.678;;
810510;unknown;control;2022-12-12 05:15:00+00:00;0.217;;
810510;unknown;control;2022-12-12 05:30:00+00:00;0.072;;
810510;unknown;control;2022-12-12 05:45:00+00:00;0.452;;
810510;unknown;control;2022-12-12 06:00:00+00:00;0.673;;
810510;unknown;control;2022-12-12 06:15:00+00:00;0.431;;
810510;unknown;control;2022-12-12 06:30:00+00:00;0.087;;
810510;unknown;control;2022-12-12 06:45:00+00:00;0.245;;
810510;unknown;control;2022-12-12 07:00:00+00:00;0.663;;
810510;unknown;control;2022-12-12 07:15:00+00:00;0.551;;
810510;unknown;control;2022-12-12 07:30:00+00:00;0.094;;
810510;unknown;control;2022-12-12 07:45:00+00:00;0.174;;
810510;unknown;control;2022-12-12 08:00:00+00:00;0.642;;
810510;unknown;control;2022-12-12 08:15:00+00:00;0.644;;
810510;unknown;control;2022-12-12 08:30:00+00:00;0.099;;
810510;unknown;control;2022-12-12 08:45:00+00:00;0.112;;
810510;unknown;control;2022-12-12 09:00:00+00:00;0.658;;
810510;unknown;control;2022-12-12 09:15:00+00:00;1.116;;
810510;unknown;control;2022-12-12 09:30:00+00:00;0.107;;
810510;unknown;control;2022-12-12 09:45:00+00:00;0.111;;
810510;unknown;control;2022-12-12 10:00:00+00:00;0.64;;
810510;unknown;control;2022-12-12 10:15:00+00:00;0.62;;
810510;unknown;control;2022-12-12 10:30:00+00:00;0.099;;
810510;unknown;control;2022-12-12 10:45:00+00:00;0.142;;
810510;unknown;control;2022-12-12 11:00:00+00:00;1.066;;
810510;unknown;control;2022-12-12 11:15:00+00:00;0.561;;
810510;unknown;control;2022-12-12 11:30:00+00:00;0.236;;
810510;unknown;control;2022-12-12 11:45:00+00:00;0.335;;
810510;unknown;control;2022-12-12 12:00:00+00:00;0.684;;
810510;unknown;control;2022-12-12 12:15:00+00:00;0.404;;
810510;unknown;control;2022-12-12 12:30:00+00:00;0.112;;
810510;unknown;control;2022-12-12 12:45:00+00:00;0.325;;
810510;unknown;control;2022-12-12 13:00:00+00:00;0.659;;
810510;unknown;control;2022-12-12 13:15:00+00:00;0.234;;
810510;unknown;control;2022-12-12 13:30:00+00:00;0.098;;
810510;unknown;control;2022-12-12 13:45:00+00:00;0.446;;
810510;unknown;control;2022-12-12 14:00:00+00:00;0.66;;
810510;unknown;control;2022-12-12 14:15:00+00:00;0.088;;
810510;unknown;control;2022-12-12 14:30:00+00:00;0.099;;
810510;unknown;control;2022-12-12 14:45:00+00:00;0.615;;
810510;unknown;control;2022-12-12 15:00:00+00:00;0.505;;
810510;unknown;control;2022-12-12 15:15:00+00:00;0.124;;
810510;unknown;control;2022-12-12 15:30:00+00:00;0.228;;
810510;unknown;control;2022-12-12 15:45:00+00:00;0.677;;
810510;unknown;control;2022-12-12 16:00:00+00:00;0.417;;
810510;unknown;control;2022-12-12 16:15:00+00:00;0.098;;
810510;unknown;control;2022-12-12 16:30:00+00:00;0.332;;
810510;unknown;control;2022-12-12 16:45:00+00:00;1.002;;
810510;unknown;control;2022-12-12 17:00:00+00:00;0.836;;
810510;unknown;control;2022-12-12 17:15:00+00:00;0.578;;
810510;unknown;control;2022-12-12 17:30:00+00:00;0.656;;
810510;unknown;control;2022-12-12 17:45:00+00:00;0.528;;
810510;unknown;control;2022-12-12 18:00:00+00:00;0.063;;
810510;unknown;control;2022-12-12 18:15:00+00:00;0.242;;
810510;unknown;control;2022-12-12 18:30:00+00:00;0.634;;
810510;unknown;control;2022-12-12 18:45:00+00:00;0.676;;
810510;unknown;control;2022-12-12 19:00:00+00:00;0.184;;
810510;unknown;control;2022-12-12 19:15:00+00:00;0.075;;
810510;unknown;control;2022-12-12 19:30:00+00:00;0.474;;
810510;unknown;control;2022-12-12 19:45:00+00:00;0.667;;
810510;unknown;control;2022-12-12 20:00:00+00:00;0.418;;
810510;unknown;control;2022-12-12 20:15:00+00:00;0.093;;
810510;unknown;control;2022-12-12 20:30:00+00:00;0.247;;
810510;unknown;control;2022-12-12 20:45:00+00:00;0.658;;
810510;unknown;control;2022-12-12 21:00:00+00:00;0.671;;
810510;unknown;control;2022-12-12 21:15:00+00:00;0.087;;
810510;unknown;control;2022-12-12 21:30:00+00:00;0.1;;
810510;unknown;control;2022-12-12 21:45:00+00:00;0.603;;
810510;unknown;control;2022-12-12 22:00:00+00:00;0.689;;
810510;unknown;control;2022-12-12 22:15:00+00:00;0.3;;
810510;unknown;control;2022-12-12 22:30:00+00:00;0.097;;
810510;unknown;control;2022-12-12 22:45:00+00:00;0.426;;
810510;unknown;control;2022-12-12 23:00:00+00:00;0.672;;
810510;unknown;control;2022-12-12 23:15:00+00:00;0.46;;
810510;unknown;control;2022-12-12 23:30:00+00:00;0.112;;
810510;unknown;control;2022-12-12 23:45:00+00:00;0.236;;
810510;unknown;control;2022-12-13 00:00:00+00:00;0.659;;
810510;unknown;control;2022-12-13 00:15:00+00:00;0.624;;
810510;unknown;control;2022-12-13 00:30:00+00:00;0.09;;
810510;unknown;control;2022-12-13 00:45:00+00:00;0.108;;
810510;unknown;control;2022-12-13 01:00:00+00:00;0.626;;
810510;unknown;control;2022-12-13 01:15:00+00:00;0.684;;
810510;unknown;control;2022-12-13 01:30:00+00:00;0.186;;
810510;unknown;control;2022-12-13 01:45:00+00:00;0.071;;
810510;unknown;control;2022-12-13 02:00:00+00:00;0.469;;
810510;unknown;control;2022-12-13 02:15:00+00:00;0.66;;
810510;unknown;control;2022-12-13 02:30:00+00:00;0.408;;
810510;unknown;control;2022-12-13 02:45:00+00:00;0.078;;
810510;unknown;control;2022-12-13 03:00:00+00:00;0.26;;
810510;unknown;control;2022-12-13 03:15:00+00:00;0.651;;
810510;unknown;control;2022-12-13 03:30:00+00:00;0.594;;
810510;unknown;control;2022-12-13 03:45:00+00:00;0.085;;
810510;unknown;control;2022-12-13 04:00:00+00:00;0.087;;
810510;unknown;control;2022-12-13 04:15:00+00:00;0.618;;
810510;unknown;control;2022-12-13 04:30:00+00:00;0.69;;
810510;unknown;control;2022-12-13 04:45:00+00:00;0.226;;
810510;unknown;control;2022-12-13 05:00:00+00:00;0.078;;
810510;unknown;control;2022-12-13 05:15:00+00:00;0.418;;
810510;unknown;control;2022-12-13 05:30:00+00:00;0.658;;
810510;unknown;control;2022-12-13 05:45:00+00:00;0.523;;
810510;unknown;control;2022-12-13 06:00:00+00:00;0.075;;
810510;unknown;control;2022-12-13 06:15:00+00:00;0.189;;
810510;unknown;control;2022-12-13 06:30:00+00:00;0.646;;
810510;unknown;control;2022-12-13 06:45:00+00:00;0.677;;
810510;unknown;control;2022-12-13 07:00:00+00:00;0.22;;
810510;unknown;control;2022-12-13 07:15:00+00:00;0.078;;
810510;unknown;control;2022-12-13 07:30:00+00:00;0.484;;
810510;unknown;control;2022-12-13 07:45:00+00:00;0.727;;
810510;unknown;control;2022-12-13 08:00:00+00:00;0.544;;
810510;unknown;control;2022-12-13 08:15:00+00:00;0.151;;
810510;unknown;control;2022-12-13 08:30:00+00:00;0.328;;
810510;unknown;control;2022-12-13 08:45:00+00:00;0.704;;
810510;unknown;control;2022-12-13 09:00:00+00:00;0.746;;
810510;unknown;control;2022-12-13 09:15:00+00:00;0.188;;
810510;unknown;control;2022-12-13 09:30:00+00:00;0.145;;
810510;unknown;control;2022-12-13 09:45:00+00:00;0.563;;
810510;unknown;control;2022-12-13 10:00:00+00:00;0.745;;
810510;unknown;control;2022-12-13 10:15:00+00:00;0.891;;
810510;unknown;control;2022-12-13 10:30:00+00:00;0.243;;
810510;unknown;control;2022-12-13 10:45:00+00:00;0.122;;
810510;unknown;control;2022-12-13 11:00:00+00:00;0.513;;
810510;unknown;control;2022-12-13 11:15:00+00:00;0.721;;
810510;unknown;control;2022-12-13 11:30:00+00:00;0.505;;
810510;unknown;control;2022-12-13 11:45:00+00:00;0.146;;
810510;unknown;control;2022-12-13 12:00:00+00:00;0.316;;
810510;unknown;control;2022-12-13 12:15:00+00:00;0.69;;
810510;unknown;control;2022-12-13 12:30:00+00:00;0.575;;
810510;unknown;control;2022-12-13 12:45:00+00:00;0.143;;
810510;unknown;control;2022-12-13 13:00:00+00:00;0.227;;
810510;unknown;control;2022-12-13 13:15:00+00:00;0.7;;
810510;unknown;control;2022-12-13 13:30:00+00:00;0.625;;
810510;unknown;control;2022-12-13 13:45:00+00:00;0.135;;
810510;unknown;control;2022-12-13 14:00:00+00:00;0.186;;
810510;unknown;control;2022-12-13 14:15:00+00:00;0.686;;
810510;unknown;control;2022-12-13 14:30:00+00:00;0.638;;
810510;unknown;control;2022-12-13 14:45:00+00:00;0.133;;
810510;unknown;control;2022-12-13 15:00:00+00:00;0.175;;
810510;unknown;control;2022-12-13 15:15:00+00:00;0.693;;
810510;unknown;control;2022-12-13 15:30:00+00:00;0.625;;
810510;unknown;control;2022-12-13 15:45:00+00:00;0.175;;
810510;unknown;control;2022-12-13 16:00:00+00:00;0.203;;
810510;unknown;control;2022-12-13 16:15:00+00:00;0.699;;
810510;unknown;control;2022-12-13 16:30:00+00:00;0.636;;
810510;unknown;control;2022-12-13 16:45:00+00:00;0.151;;
810510;unknown;control;2022-12-13 17:00:00+00:00;0.218;;
810510;unknown;control;2022-12-13 17:15:00+00:00;0.706;;
810510;unknown;control;2022-12-13 17:30:00+00:00;0.609;;
810510;unknown;control;2022-12-13 17:45:00+00:00;0.149;;
810510;unknown;control;2022-12-13 18:00:00+00:00;0.267;;
810510;unknown;control;2022-12-13 18:15:00+00:00;1.189;;
810510;unknown;control;2022-12-13 18:30:00+00:00;0.943;;
810510;unknown;control;2022-12-13 18:45:00+00:00;0.184;;
810510;unknown;control;2022-12-13 19:00:00+00:00;0.325;;
810510;unknown;control;2022-12-13 19:15:00+00:00;0.73;;
810510;unknown;control;2022-12-13 19:30:00+00:00;0.586;;
810510;unknown;control;2022-12-13 19:45:00+00:00;0.161;;
810510;unknown;control;2022-12-13 20:00:00+00:00;0.25;;
810510;unknown;control;2022-12-13 20:15:00+00:00;0.718;;
810510;unknown;control;2022-12-13 20:30:00+00:00;0.576;;
810510;unknown;control;2022-12-13 20:45:00+00:00;0.563;;
810510;unknown;control;2022-12-13 21:00:00+00:00;0.49;;
810510;unknown;control;2022-12-13 21:15:00+00:00;0.844;;
810510;unknown;control;2022-12-13 21:30:00+00:00;0.927;;
810510;unknown;control;2022-12-13 21:45:00+00:00;0.414;;
810510;unknown;control;2022-12-13 22:00:00+00:00;0.315;;
810510;unknown;control;2022-12-13 22:15:00+00:00;0.725;;
810510;unknown;control;2022-12-13 22:30:00+00:00;0.469;;
810510;unknown;control;2022-12-13 22:45:00+00:00;0.169;;
810510;unknown;control;2022-12-13 23:00:00+00:00;0.352;;
810510;unknown;control;2022-12-13 23:15:00+00:00;0.72;;
810510;unknown;control;2022-12-13 23:30:00+00:00;0.403;;
810510;unknown;control;2022-12-13 23:45:00+00:00;0.138;;
810510;unknown;control;2022-12-14 00:00:00+00:00;0.353;;
810510;unknown;control;2022-12-14 00:15:00+00:00;0.667;;
810510;unknown;control;2022-12-14 00:30:00+00:00;0.285;;
810510;unknown;control;2022-12-14 00:45:00+00:00;0.098;;
810510;unknown;control;2022-12-14 01:00:00+00:00;0.396;;
810510;unknown;control;2022-12-14 01:15:00+00:00;0.673;;
810510;unknown;control;2022-12-14 01:30:00+00:00;0.14;;
810510;unknown;control;2022-12-14 01:45:00+00:00;0.077;;
810510;unknown;control;2022-12-14 02:00:00+00:00;0.509;;
810510;unknown;control;2022-12-14 02:15:00+00:00;0.714;;
810510;unknown;control;2022-12-14 02:30:00+00:00;0.071;;
810510;unknown;control;2022-12-14 02:45:00+00:00;0.085;;
810510;unknown;control;2022-12-14 03:00:00+00:00;0.615;;
810510;unknown;control;2022-12-14 03:15:00+00:00;0.623;;
810510;unknown;control;2022-12-14 03:30:00+00:00;0.072;;
810510;unknown;control;2022-12-14 03:45:00+00:00;0.095;;
810510;unknown;control;2022-12-14 04:00:00+00:00;0.591;;
810510;unknown;control;2022-12-14 04:15:00+00:00;0.548;;
810510;unknown;control;2022-12-14 04:30:00+00:00;0.093;;
810510;unknown;control;2022-12-14 04:45:00+00:00;0.113;;
810510;unknown;control;2022-12-14 05:00:00+00:00;0.626;;
810510;unknown;control;2022-12-14 05:15:00+00:00;0.448;;
810510;unknown;control;2022-12-14 05:30:00+00:00;0.079;;
810510;unknown;control;2022-12-14 05:45:00+00:00;0.224;;
810510;unknown;control;2022-12-14 06:00:00+00:00;0.635;;
810510;unknown;control;2022-12-14 06:15:00+00:00;0.295;;
810510;unknown;control;2022-12-14 06:30:00+00:00;0.078;;
810510;unknown;control;2022-12-14 06:45:00+00:00;0.368;;
810510;unknown;control;2022-12-14 07:00:00+00:00;0.669;;
810510;unknown;control;2022-12-14 07:15:00+00:00;0.09;;
810510;unknown;control;2022-12-14 07:30:00+00:00;0.09;;
810510;unknown;control;2022-12-14 07:45:00+00:00;0.575;;
810510;unknown;control;2022-12-14 08:00:00+00:00;0.47;;
810510;unknown;control;2022-12-14 08:15:00+00:00;0.114;;
810510;unknown;control;2022-12-14 08:30:00+00:00;0.456;;
810510;unknown;control;2022-12-14 08:45:00+00:00;0.715;;
810510;unknown;control;2022-12-14 09:00:00+00:00;0.311;;
810510;unknown;control;2022-12-14 09:15:00+00:00;0.11;;
810510;unknown;control;2022-12-14 09:30:00+00:00;0.465;;
810510;unknown;control;2022-12-14 09:45:00+00:00;0.524;;
810510;unknown;control;2022-12-14 10:00:00+00:00;0.093;;
810510;unknown;control;2022-12-14 10:15:00+00:00;0.174;;
810510;unknown;control;2022-12-14 10:30:00+00:00;0.631;;
810510;unknown;control;2022-12-14 10:45:00+00:00;0.228;;
810510;unknown;control;2022-12-14 11:00:00+00:00;0.095;;
810510;unknown;control;2022-12-14 11:15:00+00:00;0.452;;
810510;unknown;control;2022-12-14 11:30:00+00:00;0.432;;
810510;unknown;control;2022-12-14 11:45:00+00:00;0.097;;
810510;unknown;control;2022-12-14 12:00:00+00:00;0.269;;
810510;unknown;control;2022-12-14 12:15:00+00:00;0.596;;
810510;unknown;control;2022-12-14 12:30:00+00:00;0.097;;
810510;unknown;control;2022-12-14 12:45:00+00:00;0.126;;
810510;unknown;control;2022-12-14 13:00:00+00:00;0.612;;
810510;unknown;control;2022-12-14 13:15:00+00:00;0.225;;
810510;unknown;control;2022-12-14 13:30:00+00:00;0.096;;
810510;unknown;control;2022-12-14 13:45:00+00:00;0.59;;
810510;unknown;control;2022-12-14 14:00:00+00:00;0.444;;
810510;unknown;control;2022-12-14 14:15:00+00:00;0.069;;
810510;unknown;control;2022-12-14 14:30:00+00:00;0.325;;
810510;unknown;control;2022-12-14 14:45:00+00:00;0.621;;
810510;unknown;control;2022-12-14 15:00:00+00:00;0.107;;
810510;unknown;control;2022-12-14 15:15:00+00:00;0.124;;
810510;unknown;control;2022-12-14 15:30:00+00:00;0.605;;
810510;unknown;control;2022-12-14 15:45:00+00:00;0.286;;
810510;unknown;control;2022-12-14 16:00:00+00:00;0.109;;
810510;unknown;control;2022-12-14 16:15:00+00:00;0.437;;
810510;unknown;control;2022-12-14 16:30:00+00:00;0.441;;
810510;unknown;control;2022-12-14 16:45:00+00:00;0.079;;
810510;unknown;control;2022-12-14 17:00:00+00:00;0.257;;
810510;unknown;control;2022-12-14 17:15:00+00:00;0.538;;
810510;unknown;control;2022-12-14 17:30:00+00:00;0.087;;
810510;unknown;control;2022-12-14 17:45:00+00:00;0.109;;
810510;unknown;control;2022-12-14 18:00:00+00:00;0.61;;
810510;unknown;control;2022-12-14 18:15:00+00:00;0.161;;
810510;unknown;control;2022-12-14 18:30:00+00:00;0.078;;
810510;unknown;control;2022-12-14 18:45:00+00:00;0.493;;
810510;unknown;control;2022-12-14 19:00:00+00:00;0.312;;
810510;unknown;control;2022-12-14 19:15:00+00:00;0.074;;
810510;unknown;control;2022-12-14 19:30:00+00:00;0.347;;
810510;unknown;control;2022-12-14 19:45:00+00:00;0.436;;
810510;unknown;control;2022-12-14 20:00:00+00:00;0.083;;
810510;unknown;control;2022-12-14 20:15:00+00:00;0.211;;
810510;unknown;control;2022-12-14 20:30:00+00:00;0.567;;
810510;unknown;control;2022-12-14 20:45:00+00:00;0.089;;
810510;unknown;control;2022-12-14 21:00:00+00:00;0.079;;
810510;unknown;control;2022-12-14 21:15:00+00:00;0.604;;
810510;unknown;control;2022-12-14 21:30:00+00:00;0.177;;
810510;unknown;control;2022-12-14 21:45:00+00:00;0.084;;
810510;unknown;control;2022-12-14 22:00:00+00:00;0.485;;
810510;unknown;control;2022-12-14 22:15:00+00:00;0.309;;
810510;unknown;control;2022-12-14 22:30:00+00:00;0.09;;
810510;unknown;control;2022-12-14 22:45:00+00:00;0.36;;
810510;unknown;control;2022-12-14 23:00:00+00:00;0.449;;
810510;unknown;control;2022-12-14 23:15:00+00:00;0.108;;
810510;unknown;control;2022-12-14 23:30:00+00:00;0.225;;
810510;unknown;control;2022-12-14 23:45:00+00:00;0.565;;
810510;unknown;control;2022-12-15 00:00:00+00:00;0.1;;
810510;unknown;control;2022-12-15 00:15:00+00:00;0.106;;
810510;unknown;control;2022-12-15 00:30:00+00:00;0.624;;
810510;unknown;control;2022-12-15 00:45:00+00:00;0.113;;
810510;unknown;control;2022-12-15 01:00:00+00:00;0.074;;
810510;unknown;control;2022-12-15 01:15:00+00:00;0.512;;
810510;unknown;control;2022-12-15 01:30:00+00:00;0.241;;
810510;unknown;control;2022-12-15 01:45:00+00:00;0.083;;
810510;unknown;control;2022-12-15 02:00:00+00:00;0.376;;
810510;unknown;control;2022-12-15 02:15:00+00:00;0.375;;
810510;unknown;control;2022-12-15 02:30:00+00:00;0.08;;
810510;unknown;control;2022-12-15 02:45:00+00:00;0.253;;
810510;unknown;control;2022-12-15 03:00:00+00:00;0.504;;
810510;unknown;control;2022-12-15 03:15:00+00:00;0.071;;
810510;unknown;control;2022-12-15 03:30:00+00:00;0.143;;
810510;unknown;control;2022-12-15 03:45:00+00:00;0.612;;
810510;unknown;control;2022-12-15 04:00:00+00:00;0.078;;
810510;unknown;control;2022-12-15 04:15:00+00:00;0.086;;
810510;unknown;control;2022-12-15 04:30:00+00:00;0.549;;
810510;unknown;control;2022-12-15 04:45:00+00:00;0.187;;
810510;unknown;control;2022-12-15 05:00:00+00:00;0.083;;
810510;unknown;control;2022-12-15 05:15:00+00:00;0.432;;
810510;unknown;control;2022-12-15 05:30:00+00:00;0.816;;
810510;unknown;control;2022-12-15 05:45:00+00:00;0.059;;
810510;unknown;control;2022-12-15 06:00:00+00:00;0.056;;
810510;unknown;control;2022-12-15 06:15:00+00:00;0.554;;
810510;unknown;control;2022-12-15 06:30:00+00:00;0.252;;
810510;unknown;control;2022-12-15 06:45:00+00:00;0.087;;
810510;unknown;control;2022-12-15 07:00:00+00:00;0.381;;
810510;unknown;control;2022-12-15 07:15:00+00:00;0.408;;
810510;unknown;control;2022-12-15 07:30:00+00:00;0.091;;
810510;unknown;control;2022-12-15 07:45:00+00:00;0.233;;
810510;unknown;control;2022-12-15 08:00:00+00:00;0.575;;
810510;unknown;control;2022-12-15 08:15:00+00:00;0.097;;
810510;unknown;control;2022-12-15 08:30:00+00:00;0.115;;
810510;unknown;control;2022-12-15 08:45:00+00:00;0.635;;
810510;unknown;control;2022-12-15 09:00:00+00:00;0.202;;
810510;unknown;control;2022-12-15 09:15:00+00:00;0.168;;
810510;unknown;control;2022-12-15 09:30:00+00:00;0.496;;
810510;unknown;control;2022-12-15 09:45:00+00:00;0.271;;
810510;unknown;control;2022-12-15 10:00:00+00:00;0.076;;
810510;unknown;control;2022-12-15 10:15:00+00:00;0.342;;
810510;unknown;control;2022-12-15 10:30:00+00:00;0.411;;
810510;unknown;control;2022-12-15 10:45:00+00:00;0.06;;
810510;unknown;control;2022-12-15 11:00:00+00:00;0.229;;
810510;unknown;control;2022-12-15 11:15:00+00:00;0.573;;
810510;unknown;control;2022-12-15 11:30:00+00:00;0.085;;
810510;unknown;control;2022-12-15 11:45:00+00:00;0.118;;
810510;unknown;control;2022-12-15 12:00:00+00:00;0.637;;
810510;unknown;control;2022-12-15 12:15:00+00:00;0.157;;
810510;unknown;control;2022-12-15 12:30:00+00:00;0.089;;
810510;unknown;control;2022-12-15 12:45:00+00:00;0.498;;
810510;unknown;control;2022-12-15 13:00:00+00:00;0.268;;
810510;unknown;control;2022-12-15 13:15:00+00:00;0.084;;
810510;unknown;control;2022-12-15 13:30:00+00:00;0.386;;
810510;unknown;control;2022-12-15 13:45:00+00:00;0.412;;
810510;unknown;control;2022-12-15 14:00:00+00:00;0.085;;
810510;unknown;control;2022-12-15 14:15:00+00:00;0.269;;
810510;unknown;control;2022-12-15 14:30:00+00:00;0.549;;
810510;unknown;control;2022-12-15 14:45:00+00:00;0.086;;
810510;unknown;control;2022-12-15 15:00:00+00:00;0.15;;
810510;unknown;control;2022-12-15 15:15:00+00:00;0.619;;
810510;unknown;control;2022-12-15 15:30:00+00:00;0.145;;
810510;unknown;control;2022-12-15 15:45:00+00:00;0.1;;
810510;unknown;control;2022-12-15 16:00:00+00:00;0.507;;
810510;unknown;control;2022-12-15 16:15:00+00:00;0.298;;
810510;unknown;control;2022-12-15 16:30:00+00:00;0.102;;
810510;unknown;control;2022-12-15 16:45:00+00:00;0.374;;
810510;unknown;control;2022-12-15 17:00:00+00:00;0.467;;
810510;unknown;control;2022-12-15 17:15:00+00:00;0.118;;
810510;unknown;control;2022-12-15 17:30:00+00:00;0.244;;
810510;unknown;control;2022-12-15 17:45:00+00:00;0.62;;
810510;unknown;control;2022-12-15 18:00:00+00:00;0.565;;
810510;unknown;control;2022-12-15 18:15:00+00:00;0.186;;
810510;unknown;control;2022-12-15 18:30:00+00:00;0.624;;
810510;unknown;control;2022-12-15 18:45:00+00:00;0.332;;
810510;unknown;control;2022-12-15 19:00:00+00:00;0.127;;
810510;unknown;control;2022-12-15 19:15:00+00:00;0.446;;
810510;unknown;control;2022-12-15 19:30:00+00:00;0.493;;
810510;unknown;control;2022-12-15 19:45:00+00:00;0.133;;
810510;unknown;control;2022-12-15 20:00:00+00:00;0.276;;
810510;unknown;control;2022-12-15 20:15:00+00:00;0.757;;
810510;unknown;control;2022-12-15 20:30:00+00:00;0.507;;
810510;unknown;control;2022-12-15 20:45:00+00:00;0.07;;
810510;unknown;control;2022-12-15 21:00:00+00:00;0.263;;
810510;unknown;control;2022-12-15 21:15:00+00:00;0.662;;
810510;unknown;control;2022-12-15 21:30:00+00:00;0.152;;
810510;unknown;control;2022-12-15 21:45:00+00:00;0.101;;
810510;unknown;control;2022-12-15 22:00:00+00:00;0.536;;
810510;unknown;control;2022-12-15 22:15:00+00:00;0.404;;
810510;unknown;control;2022-12-15 22:30:00+00:00;0.106;;
810510;unknown;control;2022-12-15 22:45:00+00:00;0.268;;
810510;unknown;control;2022-12-15 23:00:00+00:00;0.641;;
810510;unknown;control;2022-12-15 23:15:00+00:00;0.102;;
810510;unknown;control;2022-12-15 23:30:00+00:00;0.091;;
810510;unknown;control;2022-12-15 23:45:00+00:00;0.562;;
810510;unknown;control;2022-12-16 00:00:00+00:00;0.345;;
810510;unknown;control;2022-12-16 00:15:00+00:00;0.103;;
810510;unknown;control;2022-12-16 00:30:00+00:00;0.318;;
810510;unknown;control;2022-12-16 00:45:00+00:00;0.57;;
810510;unknown;control;2022-12-16 01:00:00+00:00;0.093;;
810510;unknown;control;2022-12-16 01:15:00+00:00;0.076;;
810510;unknown;control;2022-12-16 01:30:00+00:00;0.608;;
810510;unknown;control;2022-12-16 01:45:00+00:00;0.262;;
810510;unknown;control;2022-12-16 02:00:00+00:00;0.072;;
810510;unknown;control;2022-12-16 02:15:00+00:00;0.389;;
810510;unknown;control;2022-12-16 02:30:00+00:00;0.482;;
810510;unknown;control;2022-12-16 02:45:00+00:00;0.079;;
810510;unknown;control;2022-12-16 03:00:00+00:00;0.169;;
810510;unknown;control;2022-12-16 03:15:00+00:00;0.612;;
810510;unknown;control;2022-12-16 03:30:00+00:00;0.166;;
810510;unknown;control;2022-12-16 03:45:00+00:00;0.077;;
810510;unknown;control;2022-12-16 04:00:00+00:00;0.475;;
810510;unknown;control;2022-12-16 04:15:00+00:00;0.384;;
810510;unknown;control;2022-12-16 04:30:00+00:00;0.079;;
810510;unknown;control;2022-12-16 04:45:00+00:00;0.267;;
810510;unknown;control;2022-12-16 05:00:00+00:00;0.587;;
810510;unknown;control;2022-12-16 05:15:00+00:00;0.085;;
810510;unknown;control;2022-12-16 05:30:00+00:00;0.08;;
810510;unknown;control;2022-12-16 05:45:00+00:00;0.575;;
810510;unknown;control;2022-12-16 06:00:00+00:00;0.291;;
810510;unknown;control;2022-12-16 06:15:00+00:00;0.075;;
810510;unknown;control;2022-12-16 06:30:00+00:00;0.367;;
810510;unknown;control;2022-12-16 06:45:00+00:00;0.5;;
810510;unknown;control;2022-12-16 07:00:00+00:00;0.076;;
810510;unknown;control;2022-12-16 07:15:00+00:00;0.17;;
810510;unknown;control;2022-12-16 07:30:00+00:00;0.623;;
810510;unknown;control;2022-12-16 07:45:00+00:00;0.162;;
810510;unknown;control;2022-12-16 08:00:00+00:00;0.079;;
810510;unknown;control;2022-12-16 08:15:00+00:00;0.486;;
810510;unknown;control;2022-12-16 08:30:00+00:00;0.403;;
810510;unknown;control;2022-12-16 08:45:00+00:00;0.092;;
810510;unknown;control;2022-12-16 09:00:00+00:00;0.296;;
810510;unknown;control;2022-12-16 09:15:00+00:00;0.602;;
810510;unknown;control;2022-12-16 09:30:00+00:00;0.098;;
810510;unknown;control;2022-12-16 09:45:00+00:00;0.179;;
810510;unknown;control;2022-12-16 10:00:00+00:00;0.61;;
810510;unknown;control;2022-12-16 10:15:00+00:00;0.276;;
810510;unknown;control;2022-12-16 10:30:00+00:00;0.102;;
810510;unknown;control;2022-12-16 10:45:00+00:00;0.405;;
810510;unknown;control;2022-12-16 11:00:00+00:00;0.474;;
810510;unknown;control;2022-12-16 11:15:00+00:00;0.095;;
810510;unknown;control;2022-12-16 11:30:00+00:00;0.228;;
810510;unknown;control;2022-12-16 11:45:00+00:00;0.631;;
810510;unknown;control;2022-12-16 12:00:00+00:00;0.093;;
810510;unknown;control;2022-12-16 12:15:00+00:00;0.178;;
810510;unknown;control;2022-12-16 12:30:00+00:00;0.791;;
810510;unknown;control;2022-12-16 12:45:00+00:00;0.174;;
810510;unknown;control;2022-12-16 13:00:00+00:00;0.085;;
810510;unknown;control;2022-12-16 13:15:00+00:00;0.527;;
810510;unknown;control;2022-12-16 13:30:00+00:00;0.911;;
810510;unknown;control;2022-12-16 13:45:00+00:00;0.291;;
810510;unknown;control;2022-12-16 14:00:00+00:00;0.315;;
810510;unknown;control;2022-12-16 14:15:00+00:00;1.049;;
810510;unknown;control;2022-12-16 14:30:00+00:00;0.397;;
810510;unknown;control;2022-12-16 14:45:00+00:00;0.108;;
810510;unknown;control;2022-12-16 15:00:00+00:00;0.484;;
810510;unknown;control;2022-12-16 15:15:00+00:00;0.437;;
810510;unknown;control;2022-12-16 15:30:00+00:00;0.11;;
810510;unknown;control;2022-12-16 15:45:00+00:00;0.27;;
810510;unknown;control;2022-12-16 16:00:00+00:00;0.668;;
810510;unknown;control;2022-12-16 16:15:00+00:00;0.097;;
810510;unknown;control;2022-12-16 16:30:00+00:00;0.099;;
810510;unknown;control;2022-12-16 16:45:00+00:00;0.56;;
810510;unknown;control;2022-12-16 17:00:00+00:00;0.384;;
810510;unknown;control;2022-12-16 17:15:00+00:00;0.118;;
810510;unknown;control;2022-12-16 17:30:00+00:00;0.313;;
810510;unknown;control;2022-12-16 17:45:00+00:00;0.629;;
810510;unknown;control;2022-12-16 18:00:00+00:00;0.117;;
810510;unknown;control;2022-12-16 18:15:00+00:00;0.125;;
810510;unknown;control;2022-12-16 18:30:00+00:00;0.753;;
810510;unknown;control;2022-12-16 18:45:00+00:00;0.594;;
810510;unknown;control;2022-12-16 19:00:00+00:00;0.111;;
810510;unknown;control;2022-12-16 19:15:00+00:00;0.368;;
810510;unknown;control;2022-12-16 19:30:00+00:00;0.622;;
810510;unknown;control;2022-12-16 19:45:00+00:00;0.108;;
810510;unknown;control;2022-12-16 20:00:00+00:00;0.147;;
810510;unknown;control;2022-12-16 20:15:00+00:00;0.65;;
810510;unknown;control;2022-12-16 20:30:00+00:00;0.351;;
810510;unknown;control;2022-12-16 20:45:00+00:00;0.119;;
810510;unknown;control;2022-12-16 21:00:00+00:00;0.382;;
810510;unknown;control;2022-12-16 21:15:00+00:00;0.624;;
810510;unknown;control;2022-12-16 21:30:00+00:00;0.113;;
810510;unknown;control;2022-12-16 21:45:00+00:00;0.141;;
810510;unknown;control;2022-12-16 22:00:00+00:00;0.644;;
810510;unknown;control;2022-12-16 22:15:00+00:00;0.337;;
810510;unknown;control;2022-12-16 22:30:00+00:00;0.12;;
810510;unknown;control;2022-12-16 22:45:00+00:00;0.366;;
810510;unknown;control;2022-12-16 23:00:00+00:00;0.616;;
810510;unknown;control;2022-12-16 23:15:00+00:00;0.1;;
810510;unknown;control;2022-12-16 23:30:00+00:00;0.108;;
810510;unknown;control;2022-12-16 23:45:00+00:00;0.625;;
810510;unknown;control;2022-12-17 00:00:00+00:00;0.348;;
810510;unknown;control;2022-12-17 00:15:00+00:00;0.105;;
810510;unknown;control;2022-12-17 00:30:00+00:00;0.327;;
810510;unknown;control;2022-12-17 00:45:00+00:00;0.649;;
810510;unknown;control;2022-12-17 01:00:00+00:00;0.075;;
810510;unknown;control;2022-12-17 01:15:00+00:00;0.081;;
810510;unknown;control;2022-12-17 01:30:00+00:00;0.778;;
810510;unknown;control;2022-12-17 01:45:00+00:00;0.173;;
810510;unknown;control;2022-12-17 02:00:00+00:00;0.067;;
810510;unknown;control;2022-12-17 02:15:00+00:00;0.443;;
810510;unknown;control;2022-12-17 02:30:00+00:00;0.645;;
810510;unknown;control;2022-12-17 02:45:00+00:00;0.121;;
810510;unknown;control;2022-12-17 03:00:00+00:00;0.075;;
810510;unknown;control;2022-12-17 03:15:00+00:00;0.516;;
810510;unknown;control;2022-12-17 03:30:00+00:00;0.56;;
810510;unknown;control;2022-12-17 03:45:00+00:00;0.088;;
810510;unknown;control;2022-12-17 04:00:00+00:00;0.094;;
810510;unknown;control;2022-12-17 04:15:00+00:00;0.61;;
810510;unknown;control;2022-12-17 04:30:00+00:00;0.453;;
810510;unknown;control;2022-12-17 04:45:00+00:00;0.07;;
810510;unknown;control;2022-12-17 05:00:00+00:00;0.226;;
810510;unknown;control;2022-12-17 05:15:00+00:00;0.625;;
810510;unknown;control;2022-12-17 05:30:00+00:00;0.343;;
810510;unknown;control;2022-12-17 05:45:00+00:00;0.095;;
810510;unknown;control;2022-12-17 06:00:00+00:00;0.31;;
810510;unknown;control;2022-12-17 06:15:00+00:00;0.656;;
810510;unknown;control;2022-12-17 06:30:00+00:00;0.27;;
810510;unknown;control;2022-12-17 06:45:00+00:00;0.09;;
810510;unknown;control;2022-12-17 07:00:00+00:00;0.375;;
810510;unknown;control;2022-12-17 07:15:00+00:00;0.646;;
810510;unknown;control;2022-12-17 07:30:00+00:00;0.273;;
810510;unknown;control;2022-12-17 07:45:00+00:00;0.094;;
810510;unknown;control;2022-12-17 08:00:00+00:00;0.434;;
810510;unknown;control;2022-12-17 08:15:00+00:00;0.675;;
810510;unknown;control;2022-12-17 08:30:00+00:00;0.187;;
810510;unknown;control;2022-12-17 08:45:00+00:00;0.097;;
810510;unknown;control;2022-12-17 09:00:00+00:00;0.487;;
810510;unknown;control;2022-12-17 09:15:00+00:00;0.76;;
810510;unknown;control;2022-12-17 09:30:00+00:00;0.099;;
810510;unknown;control;2022-12-17 09:45:00+00:00;0.097;;
810510;unknown;control;2022-12-17 10:00:00+00:00;0.556;;
810510;unknown;control;2022-12-17 10:15:00+00:00;0.558;;
810510;unknown;control;2022-12-17 10:30:00+00:00;0.106;;
810510;unknown;control;2022-12-17 10:45:00+00:00;0.136;;
810510;unknown;control;2022-12-17 11:00:00+00:00;0.668;;
810510;unknown;control;2022-12-17 11:15:00+00:00;0.459;;
810510;unknown;control;2022-12-17 11:30:00+00:00;0.12;;
810510;unknown;control;2022-12-17 11:45:00+00:00;0.294;;
810510;unknown;control;2022-12-17 12:00:00+00:00;0.675;;
810510;unknown;control;2022-12-17 12:15:00+00:00;0.301;;
810510;unknown;control;2022-12-17 12:30:00+00:00;0.113;;
810510;unknown;control;2022-12-17 12:45:00+00:00;0.449;;
810510;unknown;control;2022-12-17 13:00:00+00:00;0.632;;
810510;unknown;control;2022-12-17 13:15:00+00:00;0.078;;
810510;unknown;control;2022-12-17 13:30:00+00:00;0.102;;
810510;unknown;control;2022-12-17 13:45:00+00:00;0.602;;
810510;unknown;control;2022-12-17 14:00:00+00:00;0.481;;
810510;unknown;control;2022-12-17 14:15:00+00:00;0.089;;
810510;unknown;control;2022-12-17 14:30:00+00:00;0.21;;
810510;unknown;control;2022-12-17 14:45:00+00:00;0.648;;
810510;unknown;control;2022-12-17 15:00:00+00:00;0.271;;
810510;unknown;control;2022-12-17 15:15:00+00:00;0.098;;
810510;unknown;control;2022-12-17 15:30:00+00:00;0.385;;
810510;unknown;control;2022-12-17 15:45:00+00:00;0.665;;
810510;unknown;control;2022-12-17 16:00:00+00:00;0.119;;
810510;unknown;control;2022-12-17 16:15:00+00:00;0.11;;
810510;unknown;control;2022-12-17 16:30:00+00:00;0.755;;
810510;unknown;control;2022-12-17 16:45:00+00:00;0.16;;
810510;unknown;control;2022-12-17 17:00:00+00:00;0.067;;
810510;unknown;control;2022-12-17 17:15:00+00:00;0.456;;
810510;unknown;control;2022-12-17 17:30:00+00:00;0.647;;
810510;unknown;control;2022-12-17 17:45:00+00:00;0.257;;
810510;unknown;control;2022-12-17 18:00:00+00:00;0.078;;
810510;unknown;control;2022-12-17 18:15:00+00:00;0.417;;
810510;unknown;control;2022-12-17 18:30:00+00:00;0.656;;
810510;unknown;control;2022-12-17 18:45:00+00:00;0.172;;
810510;unknown;control;2022-12-17 19:00:00+00:00;0.085;;
810510;unknown;control;2022-12-17 19:15:00+00:00;0.488;;
810510;unknown;control;2022-12-17 19:30:00+00:00;0.638;;
810510;unknown;control;2022-12-17 19:45:00+00:00;0.077;;
810510;unknown;control;2022-12-17 20:00:00+00:00;0.093;;
810510;unknown;control;2022-12-17 20:15:00+00:00;0.594;;
810510;unknown;control;2022-12-17 20:30:00+00:00;0.505;;
810510;unknown;control;2022-12-17 20:45:00+00:00;0.103;;
810510;unknown;control;2022-12-17 21:00:00+00:00;0.191;;
810510;unknown;control;2022-12-17 21:15:00+00:00;0.687;;
810510;unknown;control;2022-12-17 21:30:00+00:00;0.474;;
810510;unknown;control;2022-12-17 21:45:00+00:00;0.08;;
810510;unknown;control;2022-12-17 22:00:00+00:00;0.296;;
810510;unknown;control;2022-12-17 22:15:00+00:00;0.646;;
810510;unknown;control;2022-12-17 22:30:00+00:00;0.329;;
810510;unknown;control;2022-12-17 22:45:00+00:00;0.09;;
810510;unknown;control;2022-12-17 23:00:00+00:00;0.346;;
810510;unknown;control;2022-12-17 23:15:00+00:00;0.068;;
810510;unknown;control;2022-12-17 23:30:00+00:00;0.1;;
810510;unknown;control;2022-12-17 23:45:00+00:00;0.622;;
810510;unknown;control;2022-12-18 00:00:00+00:00;0.637;;
810510;unknown;control;2022-12-18 00:15:00+00:00;0.088;;
810510;unknown;control;2022-12-18 00:30:00+00:00;0.074;;
810510;unknown;control;2022-12-18 00:45:00+00:00;0.579;;
810510;unknown;control;2022-12-18 01:00:00+00:00;0.601;;
810510;unknown;control;2022-12-18 01:15:00+00:00;0.071;;
810510;unknown;control;2022-12-18 01:30:00+00:00;0.099;;
810510;unknown;control;2022-12-18 01:45:00+00:00;0.301;;
810510;unknown;control;2022-12-18 02:00:00+00:00;0.054;;
810510;unknown;control;2022-12-18 02:15:00+00:00;0.34;;
810510;unknown;control;2022-12-18 02:30:00+00:00;0.626;;
810510;unknown;control;2022-12-18 02:45:00+00:00;0.421;;
810510;unknown;control;2022-12-18 03:00:00+00:00;0.075;;
810510;unknown;control;2022-12-18 03:15:00+00:00;0.246;;
810510;unknown;control;2022-12-18 03:30:00+00:00;0.623;;
810510;unknown;control;2022-12-18 03:45:00+00:00;0.397;;
810510;unknown;control;2022-12-18 04:00:00+00:00;0.079;;
810510;unknown;control;2022-12-18 04:15:00+00:00;0.249;;
810510;unknown;control;2022-12-18 04:30:00+00:00;0.644;;
810510;unknown;control;2022-12-18 04:45:00+00:00;0.335;;
810510;unknown;control;2022-12-18 05:00:00+00:00;0.078;;
810510;unknown;control;2022-12-18 05:15:00+00:00;0.306;;
810510;unknown;control;2022-12-18 05:30:00+00:00;0.631;;
810510;unknown;control;2022-12-18 05:45:00+00:00;0.276;;
810510;unknown;control;2022-12-18 06:00:00+00:00;0.08;;
810510;unknown;control;2022-12-18 06:15:00+00:00;0.379;;
810510;unknown;control;2022-12-18 06:30:00+00:00;0.643;;
810510;unknown;control;2022-12-18 06:45:00+00:00;0.167;;
810510;unknown;control;2022-12-18 07:00:00+00:00;0.084;;
810510;unknown;control;2022-12-18 07:15:00+00:00;0.472;;
810510;unknown;control;2022-12-18 07:30:00+00:00;0.659;;
810510;unknown;control;2022-12-18 07:45:00+00:00;0.094;;
810510;unknown;control;2022-12-18 08:00:00+00:00;0.104;;
810510;unknown;control;2022-12-18 08:15:00+00:00;0.607;;
810510;unknown;control;2022-12-18 08:30:00+00:00;0.519;;
810510;unknown;control;2022-12-18 08:45:00+00:00;0.135;;
810510;unknown;control;2022-12-18 09:00:00+00:00;0.25;;
810510;unknown;control;2022-12-18 09:15:00+00:00;0.646;;
810510;unknown;control;2022-12-18 09:30:00+00:00;0.356;;
810510;unknown;control;2022-12-18 09:45:00+00:00;0.103;;
810510;unknown;control;2022-12-18 10:00:00+00:00;0.329;;
810510;unknown;control;2022-12-18 10:15:00+00:00;0.655;;
810510;unknown;control;2022-12-18 10:30:00+00:00;0.2;;
810510;unknown;control;2022-12-18 10:45:00+00:00;0.095;;
810510;unknown;control;2022-12-18 11:00:00+00:00;0.505;;
810510;unknown;control;2022-12-18 11:15:00+00:00;0.549;;
810510;unknown;control;2022-12-18 11:30:00+00:00;0.11;;
810510;unknown;control;2022-12-18 11:45:00+00:00;0.188;;
810510;unknown;control;2022-12-18 12:00:00+00:00;0.653;;
810510;unknown;control;2022-12-18 12:15:00+00:00;0.298;;
810510;unknown;control;2022-12-18 12:30:00+00:00;0.111;;
810510;unknown;control;2022-12-18 12:45:00+00:00;0.422;;
810510;unknown;control;2022-12-18 13:00:00+00:00;0.609;;
810510;unknown;control;2022-12-18 13:15:00+00:00;0.09;;
810510;unknown;control;2022-12-18 13:30:00+00:00;0.138;;
810510;unknown;control;2022-12-18 13:45:00+00:00;0.627;;
810510;unknown;control;2022-12-18 14:00:00+00:00;0.304;;
810510;unknown;control;2022-12-18 14:15:00+00:00;0.095;;
810510;unknown;control;2022-12-18 14:30:00+00:00;0.37;;
810510;unknown;control;2022-12-18 14:45:00+00:00;0.576;;
810510;unknown;control;2022-12-18 15:00:00+00:00;0.109;;
810510;unknown;control;2022-12-18 15:15:00+00:00;0.136;;
810510;unknown;control;2022-12-18 15:30:00+00:00;0.642;;
810510;unknown;control;2022-12-18 15:45:00+00:00;0.357;;
810510;unknown;control;2022-12-18 16:00:00+00:00;0.113;;
810510;unknown;control;2022-12-18 16:15:00+00:00;0.363;;
810510;unknown;control;2022-12-18 16:30:00+00:00;0.694;;
810510;unknown;control;2022-12-18 16:45:00+00:00;0.112;;
810510;unknown;control;2022-12-18 17:00:00+00:00;0.124;;
810510;unknown;control;2022-12-18 17:15:00+00:00;0.599;;
810510;unknown;control;2022-12-18 17:30:00+00:00;0.449;;
810510;unknown;control;2022-12-18 17:45:00+00:00;0.115;;
810510;unknown;control;2022-12-18 18:00:00+00:00;0.714;;
810510;unknown;control;2022-12-18 18:15:00+00:00;1.213;;
810510;unknown;control;2022-12-18 18:30:00+00:00;0.551;;
810510;unknown;control;2022-12-18 18:45:00+00:00;0.174;;
810510;unknown;control;2022-12-18 19:00:00+00:00;0.47;;
810510;unknown;control;2022-12-18 19:15:00+00:00;0.647;;
810510;unknown;control;2022-12-18 19:30:00+00:00;0.137;;
810510;unknown;control;2022-12-18 19:45:00+00:00;0.125;;
810510;unknown;control;2022-12-18 20:00:00+00:00;0.867;;
810510;unknown;control;2022-12-18 20:15:00+00:00;0.159;;
810510;unknown;control;2022-12-18 20:30:00+00:00;0.11;;
810510;unknown;control;2022-12-18 20:45:00+00:00;0.512;;
810510;unknown;control;2022-12-18 21:00:00+00:00;0.682;;
810510;unknown;control;2022-12-18 21:15:00+00:00;0.19;;
810510;unknown;control;2022-12-18 21:30:00+00:00;0.126;;
810510;unknown;control;2022-12-18 21:45:00+00:00;0.61;;
810510;unknown;control;2022-12-18 22:00:00+00:00;0.072;;
810510;unknown;control;2022-12-18 22:15:00+00:00;0.09;;
810510;unknown;control;2022-12-18 22:30:00+00:00;0.576;;
810510;unknown;control;2022-12-18 22:45:00+00:00;0.679;;
810510;unknown;control;2022-12-18 23:00:00+00:00;0.166;;
810510;unknown;control;2022-12-18 23:15:00+00:00;0.092;;
810510;unknown;control;2022-12-18 23:30:00+00:00;0.542;;
810510;unknown;control;2022-12-18 23:45:00+00:00;0.071;;
810510;unknown;control;2022-12-19 00:00:00+00:00;0.085;;
810510;unknown;control;2022-12-19 00:15:00+00:00;0.589;;
810510;unknown;control;2022-12-19 00:30:00+00:00;0.661;;
810510;unknown;control;2022-12-19 00:45:00+00:00;0.08;;
810510;unknown;control;2022-12-19 01:00:00+00:00;0.07;;
810510;unknown;control;2022-12-19 01:15:00+00:00;0.562;;
810510;unknown;control;2022-12-19 01:30:00+00:00;0.573;;
810510;unknown;control;2022-12-19 01:45:00+00:00;0.08;;
810510;unknown;control;2022-12-19 02:00:00+00:00;0.092;;
810510;unknown;control;2022-12-19 02:15:00+00:00;0.617;;
810510;unknown;control;2022-12-19 02:30:00+00:00;0.265;;
810510;unknown;control;2022-12-19 02:45:00+00:00;0.051;;
810510;unknown;control;2022-12-19 03:00:00+00:00;0.399;;
810510;unknown;control;2022-12-19 03:15:00+00:00;0.647;;
810510;unknown;control;2022-12-19 03:30:00+00:00;0.149;;
810510;unknown;control;2022-12-19 03:45:00+00:00;0.084;;
810510;unknown;control;2022-12-19 04:00:00+00:00;0.493;;
810510;unknown;control;2022-12-19 04:15:00+00:00;0.54;;
810510;unknown;control;2022-12-19 04:30:00+00:00;0.076;;
810510;unknown;control;2022-12-19 04:45:00+00:00;0.139;;
810510;unknown;control;2022-12-19 05:00:00+00:00;0.612;;
810510;unknown;control;2022-12-19 05:15:00+00:00;0.317;;
810510;unknown;control;2022-12-19 05:30:00+00:00;0.083;;
810510;unknown;control;2022-12-19 05:45:00+00:00;0.317;;
810510;unknown;control;2022-12-19 06:00:00+00:00;0.659;;
810510;unknown;control;2022-12-19 06:15:00+00:00;0.094;;
810510;unknown;control;2022-12-19 06:30:00+00:00;0.087;;
810510;unknown;control;2022-12-19 06:45:00+00:00;0.541;;
810510;unknown;control;2022-12-19 07:00:00+00:00;0.424;;
810510;unknown;control;2022-12-19 07:15:00+00:00;0.094;;
810510;unknown;control;2022-12-19 07:30:00+00:00;0.224;;
810510;unknown;control;2022-12-19 07:45:00+00:00;0.636;;
810510;unknown;control;2022-12-19 08:00:00+00:00;0.185;;
810510;unknown;control;2022-12-19 08:15:00+00:00;0.129;;
810510;unknown;control;2022-12-19 08:30:00+00:00;0.504;;
810510;unknown;control;2022-12-19 08:45:00+00:00;0.537;;
810510;unknown;control;2022-12-19 09:00:00+00:00;0.16;;
810510;unknown;control;2022-12-19 09:15:00+00:00;0.241;;
810510;unknown;control;2022-12-19 09:30:00+00:00;0.686;;
810510;unknown;control;2022-12-19 09:45:00+00:00;0.316;;
810510;unknown;control;2022-12-19 10:00:00+00:00;0.094;;
810510;unknown;control;2022-12-19 10:15:00+00:00;0.433;;
810510;unknown;control;2022-12-19 10:30:00+00:00;0.476;;
810510;unknown;control;2022-12-19 10:45:00+00:00;0.091;;
810510;unknown;control;2022-12-19 11:00:00+00:00;0.178;;
810510;unknown;control;2022-12-19 11:15:00+00:00;0.647;;
810510;unknown;control;2022-12-19 11:30:00+00:00;0.146;;
810510;unknown;control;2022-12-19 11:45:00+00:00;0.092;;
810510;unknown;control;2022-12-19 12:00:00+00:00;0.524;;
810510;unknown;control;2022-12-19 12:15:00+00:00;0.335;;
810510;unknown;control;2022-12-19 12:30:00+00:00;0.507;;
810510;unknown;control;2022-12-19 12:45:00+00:00;0.541;;
810510;unknown;control;2022-12-19 13:00:00+00:00;0.569;;
810510;unknown;control;2022-12-19 13:15:00+00:00;0.509;;
810510;unknown;control;2022-12-19 13:30:00+00:00;0.407;;
810510;unknown;control;2022-12-19 13:45:00+00:00;0.566;;
810510;unknown;control;2022-12-19 14:00:00+00:00;0.082;;
810510;unknown;control;2022-12-19 14:15:00+00:00;0.094;;
810510;unknown;control;2022-12-19 14:30:00+00:00;0.616;;
810510;unknown;control;2022-12-19 14:45:00+00:00;0.146;;
810510;unknown;control;2022-12-19 15:00:00+00:00;0.093;;
810510;unknown;control;2022-12-19 15:15:00+00:00;0.496;;
810510;unknown;control;2022-12-19 15:30:00+00:00;0.315;;
810510;unknown;control;2022-12-19 15:45:00+00:00;0.104;;
810510;unknown;control;2022-12-19 16:00:00+00:00;0.36;;
810510;unknown;control;2022-12-19 16:15:00+00:00;0.43;;
810510;unknown;control;2022-12-19 16:30:00+00:00;0.074;;
810510;unknown;control;2022-12-19 16:45:00+00:00;0.216;;
810510;unknown;control;2022-12-19 17:00:00+00:00;0.57;;
810510;unknown;control;2022-12-19 17:15:00+00:00;0.081;;
810510;unknown;control;2022-12-19 17:30:00+00:00;0.075;;
810510;unknown;control;2022-12-19 17:45:00+00:00;0.594;;
810510;unknown;control;2022-12-19 18:00:00+00:00;0.214;;
810510;unknown;control;2022-12-19 18:15:00+00:00;0.072;;
810510;unknown;control;2022-12-19 18:30:00+00:00;0.433;;
810510;unknown;control;2022-12-19 18:45:00+00:00;0.384;;
810510;unknown;control;2022-12-19 19:00:00+00:00;0.083;;
810510;unknown;control;2022-12-19 19:15:00+00:00;0.253;;
810510;unknown;control;2022-12-19 19:30:00+00:00;0.557;;
810510;unknown;control;2022-12-19 19:45:00+00:00;0.085;;
810510;unknown;control;2022-12-19 20:00:00+00:00;0.086;;
810510;unknown;control;2022-12-19 20:15:00+00:00;0.792;;
810510;unknown;control;2022-12-19 20:30:00+00:00;0.05;;
810510;unknown;control;2022-12-19 20:45:00+00:00;0.062;;
810510;unknown;control;2022-12-19 21:00:00+00:00;0.584;;
810510;unknown;control;2022-12-19 21:15:00+00:00;0.361;;
810510;unknown;control;2022-12-19 21:30:00+00:00;0.087;;
810510;unknown;control;2022-12-19 21:45:00+00:00;0.274;;
810510;unknown;control;2022-12-19 22:00:00+00:00;0.611;;
810510;unknown;control;2022-12-19 22:15:00+00:00;0.075;;
810510;unknown;control;2022-12-19 22:30:00+00:00;0.087;;
810510;unknown;control;2022-12-19 22:45:00+00:00;0.572;;
810510;unknown;control;2022-12-19 23:00:00+00:00;0.281;;
810510;unknown;control;2022-12-19 23:15:00+00:00;0.105;;
810510;unknown;control;2022-12-19 23:30:00+00:00;0.363;;
810510;unknown;control;2022-12-19 23:45:00+00:00;0.535;;
810510;unknown;control;2022-12-20 00:00:00+00:00;0.1;;
810510;unknown;control;2022-12-20 00:15:00+00:00;0.151;;
810510;unknown;control;2022-12-20 00:30:00+00:00;0.618;;
810510;unknown;control;2022-12-20 00:45:00+00:00;0.172;;
810510;unknown;control;2022-12-20 01:00:00+00:00;0.083;;
810510;unknown;control;2022-12-20 01:15:00+00:00;0.443;;
810510;unknown;control;2022-12-20 01:30:00+00:00;0.412;;
810510;unknown;control;2022-12-20 01:45:00+00:00;0.075;;
810510;unknown;control;2022-12-20 02:00:00+00:00;0.226;;
810510;unknown;control;2022-12-20 02:15:00+00:00;0.632;;
810510;unknown;control;2022-12-20 02:30:00+00:00;0.07;;
810510;unknown;control;2022-12-20 02:45:00+00:00;0.083;;
810510;unknown;control;2022-12-20 03:00:00+00:00;0.551;;
810510;unknown;control;2022-12-20 03:15:00+00:00;0.294;;
810510;unknown;control;2022-12-20 03:30:00+00:00;0.079;;
810510;unknown;control;2022-12-20 03:45:00+00:00;0.331;;
810510;unknown;control;2022-12-20 04:00:00+00:00;0.538;;
810510;unknown;control;2022-12-20 04:15:00+00:00;0.068;;
810510;unknown;control;2022-12-20 04:30:00+00:00;0.128;;
810510;unknown;control;2022-12-20 04:45:00+00:00;0.605;;
810510;unknown;control;2022-12-20 05:00:00+00:00;0.202;;
810510;unknown;control;2022-12-20 05:15:00+00:00;0.087;;
810510;unknown;control;2022-12-20 05:30:00+00:00;0.412;;
810510;unknown;control;2022-12-20 05:45:00+00:00;0.443;;
810510;unknown;control;2022-12-20 06:00:00+00:00;0.08;;
810510;unknown;control;2022-12-20 06:15:00+00:00;0.211;;
810510;unknown;control;2022-12-20 06:30:00+00:00;0.622;;
810510;unknown;control;2022-12-20 06:45:00+00:00;0.126;;
810510;unknown;control;2022-12-20 07:00:00+00:00;0.088;;
810510;unknown;control;2022-12-20 07:15:00+00:00;0.499;;
810510;unknown;control;2022-12-20 07:30:00+00:00;0.396;;
810510;unknown;control;2022-12-20 07:45:00+00:00;0.079;;
810510;unknown;control;2022-12-20 08:00:00+00:00;0.271;;
810510;unknown;control;2022-12-20 08:15:00+00:00;0.617;;
810510;unknown;control;2022-12-20 08:30:00+00:00;0.091;;
810510;unknown;control;2022-12-20 08:45:00+00:00;0.109;;
810510;unknown;control;2022-12-20 09:00:00+00:00;0.629;;
810510;unknown;control;2022-12-20 09:15:00+00:00;0.348;;
810510;unknown;control;2022-12-20 09:30:00+00:00;0.186;;
810510;unknown;control;2022-12-20 09:45:00+00:00;0.568;;
810510;unknown;control;2022-12-20 10:00:00+00:00;0.518;;
810510;unknown;control;2022-12-20 10:15:00+00:00;0.179;;
810510;unknown;control;2022-12-20 10:30:00+00:00;0.315;;
810510;unknown;control;2022-12-20 10:45:00+00:00;0.834;;
810510;unknown;control;2022-12-20 11:00:00+00:00;0.58;;
810510;unknown;control;2022-12-20 11:15:00+00:00;0.421;;
810510;unknown;control;2022-12-20 11:30:00+00:00;0.822;;
810510;unknown;control;2022-12-20 11:45:00+00:00;0.237;;
810510;unknown;control;2022-12-20 12:00:00+00:00;0.171;;
810510;unknown;control;2022-12-20 12:15:00+00:00;0.633;;
810510;unknown;control;2022-12-20 12:30:00+00:00;0.155;;
810510;unknown;control;2022-12-20 12:45:00+00:00;0.082;;
810510;unknown;control;2022-12-20 13:00:00+00:00;0.661;;
810510;unknown;control;2022-12-20 13:15:00+00:00;0.33;;
810510;unknown;control;2022-12-20 13:30:00+00:00;0.074;;
810510;unknown;control;2022-12-20 13:45:00+00:00;0.376;;
810510;unknown;control;2022-12-20 14:00:00+00:00;0.402;;
810510;unknown;control;2022-12-20 14:15:00+00:00;0.119;;
810510;unknown;control;2022-12-20 14:30:00+00:00;0.286;;
810510;unknown;control;2022-12-20 14:45:00+00:00;0.453;;
810510;unknown;control;2022-12-20 15:00:00+00:00;0.118;;
810510;unknown;control;2022-12-20 15:15:00+00:00;0.269;;
810510;unknown;control;2022-12-20 15:30:00+00:00;0.504;;
810510;unknown;control;2022-12-20 15:45:00+00:00;0.135;;
810510;unknown;control;2022-12-20 16:00:00+00:00;0.245;;
810510;unknown;control;2022-12-20 16:15:00+00:00;0.517;;
810510;unknown;control;2022-12-20 16:30:00+00:00;0.131;;
810510;unknown;control;2022-12-20 16:45:00+00:00;0.236;;
810510;unknown;control;2022-12-20 17:00:00+00:00;0.536;;
810510;unknown;control;2022-12-20 17:15:00+00:00;0.134;;
810510;unknown;control;2022-12-20 17:30:00+00:00;0.174;;
810510;unknown;control;2022-12-20 17:45:00+00:00;0.568;;
810510;unknown;control;2022-12-20 18:00:00+00:00;0.127;;
810510;unknown;control;2022-12-20 18:15:00+00:00;0.149;;
810510;unknown;control;2022-12-20 18:30:00+00:00;0.604;;
810510;unknown;control;2022-12-20 18:45:00+00:00;0.123;;
810510;unknown;control;2022-12-20 19:00:00+00:00;0.142;;
810510;unknown;control;2022-12-20 19:15:00+00:00;0.612;;
810510;unknown;control;2022-12-20 19:30:00+00:00;0.13;;
810510;unknown;control;2022-12-20 19:45:00+00:00;0.134;;
810510;unknown;control;2022-12-20 20:00:00+00:00;0.622;;
810510;unknown;control;2022-12-20 20:15:00+00:00;0.137;;
810510;unknown;control;2022-12-20 20:30:00+00:00;0.127;;
810510;unknown;control;2022-12-20 20:45:00+00:00;0.608;;
810510;unknown;control;2022-12-20 21:00:00+00:00;0.156;;
810510;unknown;control;2022-12-20 21:15:00+00:00;0.137;;
810510;unknown;control;2022-12-20 21:30:00+00:00;0.581;;
810510;unknown;control;2022-12-20 21:45:00+00:00;0.187;;
810510;unknown;control;2022-12-20 22:00:00+00:00;0.145;;
810510;unknown;control;2022-12-20 22:15:00+00:00;0.549;;
810510;unknown;control;2022-12-20 22:30:00+00:00;0.205;;
810510;unknown;control;2022-12-20 22:45:00+00:00;0.118;;
810510;unknown;control;2022-12-20 23:00:00+00:00;0.5;;
810510;unknown;control;2022-12-20 23:15:00+00:00;0.214;;
810510;unknown;control;2022-12-20 23:30:00+00:00;0.095;;
810510;unknown;control;2022-12-20 23:45:00+00:00;0.431;;
810510;unknown;control;2022-12-21 00:00:00+00:00;0.235;;
810510;unknown;control;2022-12-21 00:15:00+00:00;0.08;;
810510;unknown;control;2022-12-21 00:30:00+00:00;0.341;;
810510;unknown;control;2022-12-21 00:45:00+00:00;0.306;;
810510;unknown;control;2022-12-21 01:00:00+00:00;0.091;;
810510;unknown;control;2022-12-21 01:15:00+00:00;0.233;;
810510;unknown;control;2022-12-21 01:30:00+00:00;0.405;;
810510;unknown;control;2022-12-21 01:45:00+00:00;0.084;;
810510;unknown;control;2022-12-21 02:00:00+00:00;0.16;;
810510;unknown;control;2022-12-21 02:15:00+00:00;0.481;;
810510;unknown;control;2022-12-21 02:30:00+00:00;0.076;;
810510;unknown;control;2022-12-21 02:45:00+00:00;0.096;;
810510;unknown;control;2022-12-21 03:00:00+00:00;0.541;;
810510;unknown;control;2022-12-21 03:15:00+00:00;0.079;;
810510;unknown;control;2022-12-21 03:30:00+00:00;0.096;;
810510;unknown;control;2022-12-21 03:45:00+00:00;0.445;;
810510;unknown;control;2022-12-21 04:00:00+00:00;0.191;;
810510;unknown;control;2022-12-21 04:15:00+00:00;0.086;;
810510;unknown;control;2022-12-21 04:30:00+00:00;0.617;;
810510;unknown;control;2022-12-21 04:45:00+00:00;0.216;;
810510;unknown;control;2022-12-21 05:00:00+00:00;0.054;;
810510;unknown;control;2022-12-21 05:15:00+00:00;0.446;;
810510;unknown;control;2022-12-21 05:30:00+00:00;0.235;;
810510;unknown;control;2022-12-21 05:45:00+00:00;0.096;;
810510;unknown;control;2022-12-21 06:00:00+00:00;0.384;;
810510;unknown;control;2022-12-21 06:15:00+00:00;0.271;;
810510;unknown;control;2022-12-21 06:30:00+00:00;0.099;;
810510;unknown;control;2022-12-21 06:45:00+00:00;0.235;;
810510;unknown;control;2022-12-21 07:00:00+00:00;0.418;;
810510;unknown;control;2022-12-21 07:15:00+00:00;0.087;;
810510;unknown;control;2022-12-21 07:30:00+00:00;0.097;;
810510;unknown;control;2022-12-21 07:45:00+00:00;0.572;;
810510;unknown;control;2022-12-21 08:00:00+00:00;0.102;;
810510;unknown;control;2022-12-21 08:15:00+00:00;0.122;;
810510;unknown;control;2022-12-21 08:30:00+00:00;0.336;;
810510;unknown;control;2022-12-21 08:45:00+00:00;0.308;;
810510;unknown;control;2022-12-21 09:00:00+00:00;0.109;;
810510;unknown;control;2022-12-21 09:15:00+00:00;0.178;;
810510;unknown;control;2022-12-21 09:30:00+00:00;0.631;;
810510;unknown;control;2022-12-21 09:45:00+00:00;0.095;;
810510;unknown;control;2022-12-21 10:00:00+00:00;0.102;;
810510;unknown;control;2022-12-21 10:15:00+00:00;0.453;;
810510;unknown;control;2022-12-21 10:30:00+00:00;0.178;;
810510;unknown;control;2022-12-21 10:45:00+00:00;0.073;;
810510;unknown;control;2022-12-21 11:00:00+00:00;0.13;;
810510;unknown;control;2022-12-21 11:15:00+00:00;0.351;;
810510;unknown;control;2022-12-21 11:30:00+00:00;0.019;;
810510;unknown;control;2022-12-21 11:45:00+00:00;0.034;;
810510;unknown;control;2022-12-21 12:00:00+00:00;0.298;;
810510;unknown;control;2022-12-21 12:15:00+00:00;0.195;;
810510;unknown;control;2022-12-21 12:30:00+00:00;0.09;;
810510;unknown;control;2022-12-21 12:45:00+00:00;0.078;;
810510;unknown;control;2022-12-21 13:00:00+00:00;0.488;;
810510;unknown;control;2022-12-21 13:15:00+00:00;0.683;;
810510;unknown;control;2022-12-21 13:30:00+00:00;1.123;;
810510;unknown;control;2022-12-21 13:45:00+00:00;0.667;;
810510;unknown;control;2022-12-21 14:00:00+00:00;0.724;;
810510;unknown;control;2022-12-21 14:15:00+00:00;0.148;;
810510;unknown;control;2022-12-21 14:30:00+00:00;0.12;;
810510;unknown;control;2022-12-21 14:45:00+00:00;0.118;;
810510;unknown;control;2022-12-21 15:00:00+00:00;0.511;;
810510;unknown;control;2022-12-21 15:15:00+00:00;0.09;;
810510;unknown;control;2022-12-21 15:30:00+00:00;0.104;;
810510;unknown;control;2022-12-21 15:45:00+00:00;0.208;;
810510;unknown;control;2022-12-21 16:00:00+00:00;0.405;;
810510;unknown;control;2022-12-21 16:15:00+00:00;0.079;;
810510;unknown;control;2022-12-21 16:30:00+00:00;0.088;;
810510;unknown;control;2022-12-21 16:45:00+00:00;0.307;;
810510;unknown;control;2022-12-21 17:00:00+00:00;0.278;;
810510;unknown;control;2022-12-21 17:15:00+00:00;0.097;;
810510;unknown;control;2022-12-21 17:30:00+00:00;0.075;;
810510;unknown;control;2022-12-21 17:45:00+00:00;0.697;;
810510;unknown;control;2022-12-21 18:00:00+00:00;0.225;;
810510;unknown;control;2022-12-21 18:15:00+00:00;0.055;;
810510;unknown;control;2022-12-21 18:30:00+00:00;0.432;;
810510;unknown;control;2022-12-21 18:45:00+00:00;0.201;;
810510;unknown;control;2022-12-21 19:00:00+00:00;0.091;;
810510;unknown;control;2022-12-21 19:15:00+00:00;0.15;;
810510;unknown;control;2022-12-21 19:30:00+00:00;0.462;;
810510;unknown;control;2022-12-21 19:45:00+00:00;0.09;;
810510;unknown;control;2022-12-21 20:00:00+00:00;0.082;;
810510;unknown;control;2022-12-21 20:15:00+00:00;0.412;;
810510;unknown;control;2022-12-21 20:30:00+00:00;0.215;;
810510;unknown;control;2022-12-21 20:45:00+00:00;0.086;;
810510;unknown;control;2022-12-21 21:00:00+00:00;0.227;;
810510;unknown;control;2022-12-21 21:15:00+00:00;0.394;;
810510;unknown;control;2022-12-21 21:30:00+00:00;0.101;;
810510;unknown;control;2022-12-21 21:45:00+00:00;0.096;;
810510;unknown;control;2022-12-21 22:00:00+00:00;0.557;;
810510;unknown;control;2022-12-21 22:15:00+00:00;0.084;;
810510;unknown;control;2022-12-21 22:30:00+00:00;0.108;;
810510;unknown;control;2022-12-21 22:45:00+00:00;0.488;;
810510;unknown;control;2022-12-21 23:00:00+00:00;0.172;;
810510;unknown;control;2022-12-21 23:15:00+00:00;0.108;;
810510;unknown;control;2022-12-21 23:30:00+00:00;0.373;;
810510;unknown;control;2022-12-21 23:45:00+00:00;0.289;;
810510;unknown;control;2022-12-23 00:00:00+00:00;0.423;;
810510;unknown;control;2022-12-23 00:15:00+00:00;0.118;;
810510;unknown;control;2022-12-23 00:30:00+00:00;0.11;;
810510;unknown;control;2022-12-23 00:45:00+00:00;0.187;;
810510;unknown;control;2022-12-23 01:00:00+00:00;0.445;;
810510;unknown;control;2022-12-23 01:15:00+00:00;0.141;;
810510;unknown;control;2022-12-23 01:30:00+00:00;0.094;;
810510;unknown;control;2022-12-23 01:45:00+00:00;0.115;;
810510;unknown;control;2022-12-23 02:00:00+00:00;0.497;;
810510;unknown;control;2022-12-23 02:15:00+00:00;0.114;;
810510;unknown;control;2022-12-23 02:30:00+00:00;0.151;;
810510;unknown;control;2022-12-23 02:45:00+00:00;0.132;;
810510;unknown;control;2022-12-23 03:00:00+00:00;0.349;;
810510;unknown;control;2022-12-23 03:15:00+00:00;0.301;;
810510;unknown;control;2022-12-23 03:30:00+00:00;0.124;;
810510;unknown;control;2022-12-23 03:45:00+00:00;0.155;;
810510;unknown;control;2022-12-23 04:00:00+00:00;0.115;;
810510;unknown;control;2022-12-23 04:15:00+00:00;0.447;;
810510;unknown;control;2022-12-23 04:30:00+00:00;0.143;;
810510;unknown;control;2022-12-23 04:45:00+00:00;0.108;;
810510;unknown;control;2022-12-23 05:00:00+00:00;0.106;;
810510;unknown;control;2022-12-23 05:15:00+00:00;0.121;;
810510;unknown;control;2022-12-23 05:30:00+00:00;0.462;;
810510;unknown;control;2022-12-23 05:45:00+00:00;0.136;;
810510;unknown;control;2022-12-23 06:00:00+00:00;0.117;;
810510;unknown;control;2022-12-23 06:15:00+00:00;0.114;;
810510;unknown;control;2022-12-23 06:30:00+00:00;0.087;;
810510;unknown;control;2022-12-23 06:45:00+00:00;0.382;;
810510;unknown;control;2022-12-23 07:00:00+00:00;0.17;;
810510;unknown;control;2022-12-23 07:15:00+00:00;0.09;;
810510;unknown;control;2022-12-23 07:30:00+00:00;0.082;;
810510;unknown;control;2022-12-23 07:45:00+00:00;0.089;;
810510;unknown;control;2022-12-23 08:00:00+00:00;0.218;;
810510;unknown;control;2022-12-23 08:15:00+00:00;0.355;;
810510;unknown;control;2022-12-23 08:30:00+00:00;0.119;;
810510;unknown;control;2022-12-23 08:45:00+00:00;0.077;;
810510;unknown;control;2022-12-23 09:00:00+00:00;0.081;;
810510;unknown;control;2022-12-23 09:15:00+00:00;0.131;;
810510;unknown;control;2022-12-23 09:30:00+00:00;0.308;;
810510;unknown;control;2022-12-23 09:45:00+00:00;0.143;;
810510;unknown;control;2022-12-23 10:00:00+00:00;0.074;;
810510;unknown;control;2022-12-23 10:15:00+00:00;0.069;;
810510;unknown;control;2022-12-23 10:30:00+00:00;0.078;;
810510;unknown;control;2022-12-23 10:45:00+00:00;0.207;;
810510;unknown;control;2022-12-23 11:00:00+00:00;0.292;;
810510;unknown;control;2022-12-23 11:15:00+00:00;0.055;;
810510;unknown;control;2022-12-23 11:30:00+00:00;0.06;;
810510;unknown;control;2022-12-23 11:45:00+00:00;0.034;;
810510;unknown;control;2022-12-23 12:00:00+00:00;0.054;;
810510;unknown;control;2022-12-23 12:15:00+00:00;0.426;;
810510;unknown;control;2022-12-23 12:30:00+00:00;0.058;;
810510;unknown;control;2022-12-23 12:45:00+00:00;0.077;;
810510;unknown;control;2022-12-23 13:00:00+00:00;0.734;;
810510;unknown;control;2022-12-23 13:15:00+00:00;0.053;;
810510;unknown;control;2022-12-23 13:30:00+00:00;0.074;;
810510;unknown;control;2022-12-23 13:45:00+00:00;0.406;;
810510;unknown;control;2022-12-23 14:00:00+00:00;0.119;;
810510;unknown;control;2022-12-23 14:15:00+00:00;0.11;;
810510;unknown;control;2022-12-23 14:30:00+00:00;0.125;;
810510;unknown;control;2022-12-23 14:45:00+00:00;0.103;;
810510;unknown;control;2022-12-23 15:00:00+00:00;0.111;;
810510;unknown;control;2022-12-23 15:15:00+00:00;0.107;;
810510;unknown;control;2022-12-23 15:30:00+00:00;0.265;;
810510;unknown;control;2022-12-23 15:45:00+00:00;0.39;;
810510;unknown;control;2022-12-23 16:00:00+00:00;0.151;;
810510;unknown;control;2022-12-23 16:15:00+00:00;0.158;;
810510;unknown;control;2022-12-23 16:30:00+00:00;0.124;;
810510;unknown;control;2022-12-23 16:45:00+00:00;0.122;;
810510;unknown;control;2022-12-23 17:00:00+00:00;0.136;;
810510;unknown;control;2022-12-23 17:15:00+00:00;0.137;;
810510;unknown;control;2022-12-23 17:30:00+00:00;0.27;;
810510;unknown;control;2022-12-23 17:45:00+00:00;0.368;;
810510;unknown;control;2022-12-23 18:00:00+00:00;0.136;;
810510;unknown;control;2022-12-23 18:15:00+00:00;0.167;;
810510;unknown;control;2022-12-23 18:30:00+00:00;0.167;;
810510;unknown;control;2022-12-23 18:45:00+00:00;0.145;;
810510;unknown;control;2022-12-23 19:00:00+00:00;0.239;;
810510;unknown;control;2022-12-23 19:15:00+00:00;0.43;;
810510;unknown;control;2022-12-23 19:30:00+00:00;0.238;;
810510;unknown;control;2022-12-23 19:45:00+00:00;0.148;;
810510;unknown;control;2022-12-23 20:00:00+00:00;0.159;;
810510;unknown;control;2022-12-23 20:15:00+00:00;0.148;;
810510;unknown;control;2022-12-23 20:30:00+00:00;0.436;;
810510;unknown;control;2022-12-23 20:45:00+00:00;0.396;;
810510;unknown;control;2022-12-23 21:00:00+00:00;0.402;;
810510;unknown;control;2022-12-23 21:15:00+00:00;0.677;;
810510;unknown;control;2022-12-23 21:30:00+00:00;0.524;;
810510;unknown;control;2022-12-23 21:45:00+00:00;0.136;;
810510;unknown;control;2022-12-23 22:00:00+00:00;0.111;;
810510;unknown;control;2022-12-23 22:15:00+00:00;0.134;;
810510;unknown;control;2022-12-23 22:30:00+00:00;0.128;;
810510;unknown;control;2022-12-23 22:45:00+00:00;0.135;;
810510;unknown;control;2022-12-23 23:00:00+00:00;0.285;;
810510;unknown;control;2022-12-23 23:15:00+00:00;0.295;;
810510;unknown;control;2022-12-23 23:30:00+00:00;0.151;;
810510;unknown;control;2022-12-23 23:45:00+00:00;0.095;;
810510;unknown;control;2022-12-26 00:00:00+00:00;0.134;;
810510;unknown;control;2022-12-26 00:15:00+00:00;0.091;;
810510;unknown;control;2022-12-26 00:30:00+00:00;0.488;;
810510;unknown;control;2022-12-26 00:45:00+00:00;0.142;;
810510;unknown;control;2022-12-26 01:00:00+00:00;0.071;;
810510;unknown;control;2022-12-26 01:15:00+00:00;0.423;;
810510;unknown;control;2022-12-26 01:30:00+00:00;0.055;;
810510;unknown;control;2022-12-26 01:45:00+00:00;0.108;;
810510;unknown;control;2022-12-26 02:00:00+00:00;0.56;;
810510;unknown;control;2022-12-26 02:15:00+00:00;0.075;;
810510;unknown;control;2022-12-26 02:30:00+00:00;0.084;;
810510;unknown;control;2022-12-26 02:45:00+00:00;0.567;;
810510;unknown;control;2022-12-26 03:00:00+00:00;0.095;;
810510;unknown;control;2022-12-26 03:15:00+00:00;0.081;;
810510;unknown;control;2022-12-26 03:30:00+00:00;0.506;;
810510;unknown;control;2022-12-26 03:45:00+00:00;0.154;;
810510;unknown;control;2022-12-26 04:00:00+00:00;0.069;;
810510;unknown;control;2022-12-26 04:15:00+00:00;0.47;;
810510;unknown;control;2022-12-26 04:30:00+00:00;0.177;;
810510;unknown;control;2022-12-26 04:45:00+00:00;0.08;;
810510;unknown;control;2022-12-26 05:00:00+00:00;0.445;;
810510;unknown;control;2022-12-26 05:15:00+00:00;0.187;;
810510;unknown;control;2022-12-26 05:30:00+00:00;0.083;;
810510;unknown;control;2022-12-26 05:45:00+00:00;0.414;;
810510;unknown;control;2022-12-26 06:00:00+00:00;0.218;;
810510;unknown;control;2022-12-26 06:15:00+00:00;0.084;;
810510;unknown;control;2022-12-26 06:30:00+00:00;0.377;;
810510;unknown;control;2022-12-26 06:45:00+00:00;0.266;;
810510;unknown;control;2022-12-26 07:00:00+00:00;0.077;;
810510;unknown;control;2022-12-26 07:15:00+00:00;0.339;;
810510;unknown;control;2022-12-26 07:30:00+00:00;0.291;;
810510;unknown;control;2022-12-26 07:45:00+00:00;0.048;;
810510;unknown;control;2022-12-26 08:00:00+00:00;0.264;;
810510;unknown;control;2022-12-26 08:15:00+00:00;0.289;;
810510;unknown;control;2022-12-26 08:30:00+00:00;0.08;;
810510;unknown;control;2022-12-26 08:45:00+00:00;0.056;;
810510;unknown;control;2022-12-26 09:00:00+00:00;0.362;;
810510;unknown;control;2022-12-26 09:15:00+00:00;0.039;;
810510;unknown;control;2022-12-26 09:30:00+00:00;0.08;;
810510;unknown;control;2022-12-26 09:45:00+00:00;0.433;;
810510;unknown;control;2022-12-26 10:00:00+00:00;0.263;;
810510;unknown;control;2022-12-26 10:15:00+00:00;0.128;;
810510;unknown;control;2022-12-26 10:30:00+00:00;0.108;;
810510;unknown;control;2022-12-26 10:45:00+00:00;0.396;;
810510;unknown;control;2022-12-26 11:00:00+00:00;0.244;;
810510;unknown;control;2022-12-26 11:15:00+00:00;0.134;;
810510;unknown;control;2022-12-26 11:30:00+00:00;0.161;;
810510;unknown;control;2022-12-26 11:45:00+00:00;0.232;;
810510;unknown;control;2022-12-26 12:00:00+00:00;0.483;;
810510;unknown;control;2022-12-26 12:15:00+00:00;0.153;;
810510;unknown;control;2022-12-26 12:30:00+00:00;0.124;;
810510;unknown;control;2022-12-26 12:45:00+00:00;0.147;;
810510;unknown;control;2022-12-26 13:00:00+00:00;0.52;;
810510;unknown;control;2022-12-26 13:15:00+00:00;0.157;;
810510;unknown;control;2022-12-26 13:30:00+00:00;0.156;;
810510;unknown;control;2022-12-26 13:45:00+00:00;0.156;;
810510;unknown;control;2022-12-26 14:00:00+00:00;0.439;;
810510;unknown;control;2022-12-26 14:15:00+00:00;0.301;;
810510;unknown;control;2022-12-26 14:30:00+00:00;0.136;;
810510;unknown;control;2022-12-26 14:45:00+00:00;0.118;;
810510;unknown;control;2022-12-26 15:00:00+00:00;0.296;;
810510;unknown;control;2022-12-26 15:15:00+00:00;0.346;;
810510;unknown;control;2022-12-26 15:30:00+00:00;0.136;;
810510;unknown;control;2022-12-26 15:45:00+00:00;0.479;;
810510;unknown;control;2022-12-26 16:00:00+00:00;0.382;;
810510;unknown;control;2022-12-26 16:15:00+00:00;0.514;;
810510;unknown;control;2022-12-26 16:30:00+00:00;0.451;;
810510;unknown;control;2022-12-26 16:45:00+00:00;0.33;;
810510;unknown;control;2022-12-26 17:00:00+00:00;0.211;;
810510;unknown;control;2022-12-26 17:15:00+00:00;0.373;;
810510;unknown;control;2022-12-26 17:30:00+00:00;0.129;;
810510;unknown;control;2022-12-26 17:45:00+00:00;0.083;;
810510;unknown;control;2022-12-26 18:00:00+00:00;0.244;;
810510;unknown;control;2022-12-26 18:15:00+00:00;0.437;;
810510;unknown;control;2022-12-26 18:30:00+00:00;0.146;;
810510;unknown;control;2022-12-26 18:45:00+00:00;0.169;;
810510;unknown;control;2022-12-26 19:00:00+00:00;0.178;;
810510;unknown;control;2022-12-26 19:15:00+00:00;0.773;;
810510;unknown;control;2022-12-26 19:30:00+00:00;0.135;;
810510;unknown;control;2022-12-26 19:45:00+00:00;0.18;;
810510;unknown;control;2022-12-26 20:00:00+00:00;0.549;;
810510;unknown;control;2022-12-26 20:15:00+00:00;0.183;;
810510;unknown;control;2022-12-26 20:30:00+00:00;0.128;;
810510;unknown;control;2022-12-26 20:45:00+00:00;0.263;;
810510;unknown;control;2022-12-26 21:00:00+00:00;0.383;;
810510;unknown;control;2022-12-26 21:15:00+00:00;0.131;;
810510;unknown;control;2022-12-26 21:30:00+00:00;0.108;;
810510;unknown;control;2022-12-26 21:45:00+00:00;0.432;;
810510;unknown;control;2022-12-26 22:00:00+00:00;0.213;;
810510;unknown;control;2022-12-26 22:15:00+00:00;0.118;;
810510;unknown;control;2022-12-26 22:30:00+00:00;0.104;;
810510;unknown;control;2022-12-26 22:45:00+00:00;0.527;;
810510;unknown;control;2022-12-26 23:00:00+00:00;0.091;;
810510;unknown;control;2022-12-26 23:15:00+00:00;0.07;;
810510;unknown;control;2022-12-26 23:30:00+00:00;0.181;;
810510;unknown;control;2022-12-26 23:45:00+00:00;0.438;;
810510;unknown;control;2023-01-08 00:00:00+00:00;0.588;;
810510;unknown;control;2023-01-08 00:15:00+00:00;0.077;;
810510;unknown;control;2023-01-08 00:30:00+00:00;0.096;;
810510;unknown;control;2023-01-08 00:45:00+00:00;0.305;;
810510;unknown;control;2023-01-08 01:00:00+00:00;0.055;;
810510;unknown;control;2023-01-08 01:15:00+00:00;0.324;;
810510;unknown;control;2023-01-08 01:30:00+00:00;0.604;;
810510;unknown;control;2023-01-08 01:45:00+00:00;0.249;;
810510;unknown;control;2023-01-08 02:00:00+00:00;0.076;;
810510;unknown;control;2023-01-08 02:15:00+00:00;0.385;;
810510;unknown;control;2023-01-08 02:30:00+00:00;0.624;;
810510;unknown;control;2023-01-08 02:45:00+00:00;0.113;;
810510;unknown;control;2023-01-08 03:00:00+00:00;0.097;;
810510;unknown;control;2023-01-08 03:15:00+00:00;0.312;;
810510;unknown;control;2023-01-08 03:30:00+00:00;0.064;;
810510;unknown;control;2023-01-08 03:45:00+00:00;0.254;;
810510;unknown;control;2023-01-08 04:00:00+00:00;0.598;;
810510;unknown;control;2023-01-08 04:15:00+00:00;0.358;;
810510;unknown;control;2023-01-08 04:30:00+00:00;0.074;;
810510;unknown;control;2023-01-08 04:45:00+00:00;0.293;;
810510;unknown;control;2023-01-08 05:00:00+00:00;0.605;;
810510;unknown;control;2023-01-08 05:15:00+00:00;0.188;;
810510;unknown;control;2023-01-08 05:30:00+00:00;0.082;;
810510;unknown;control;2023-01-08 05:45:00+00:00;0.428;;
810510;unknown;control;2023-01-08 06:00:00+00:00;0.532;;
810510;unknown;control;2023-01-08 06:15:00+00:00;0.083;;
810510;unknown;control;2023-01-08 06:30:00+00:00;0.144;;
810510;unknown;control;2023-01-08 06:45:00+00:00;0.597;;
810510;unknown;control;2023-01-08 07:00:00+00:00;0.284;;
810510;unknown;control;2023-01-08 07:15:00+00:00;0.092;;
810510;unknown;control;2023-01-08 07:30:00+00:00;0.347;;
810510;unknown;control;2023-01-08 07:45:00+00:00;0.546;;
810510;unknown;control;2023-01-08 08:00:00+00:00;0.081;;
810510;unknown;control;2023-01-08 08:15:00+00:00;0.124;;
810510;unknown;control;2023-01-08 08:30:00+00:00;0.588;;
810510;unknown;control;2023-01-08 08:45:00+00:00;0.225;;
810510;unknown;control;2023-01-08 09:00:00+00:00;0.071;;
810510;unknown;control;2023-01-08 09:15:00+00:00;0.368;;
810510;unknown;control;2023-01-08 09:30:00+00:00;0.418;;
810510;unknown;control;2023-01-08 09:45:00+00:00;0.047;;
810510;unknown;control;2023-01-08 10:00:00+00:00;0.161;;
810510;unknown;control;2023-01-08 10:15:00+00:00;0.529;;
810510;unknown;control;2023-01-08 10:30:00+00:00;0.001;;
810510;unknown;control;2023-01-08 10:45:00+00:00;0.023;;
810510;unknown;control;2023-01-08 11:00:00+00:00;0.484;;
810510;unknown;control;2023-01-08 11:15:00+00:00;0.15;;
810510;unknown;control;2023-01-08 11:30:00+00:00;0.005;;
810510;unknown;control;2023-01-08 11:45:00+00:00;0.301;;
810510;unknown;control;2023-01-08 12:00:00+00:00;0.305;;
810510;unknown;control;2023-01-08 12:15:00+00:00;0.01;;
810510;unknown;control;2023-01-08 12:30:00+00:00;0.21;;
810510;unknown;control;2023-01-08 12:45:00+00:00;0.398;;
810510;unknown;control;2023-01-08 13:00:00+00:00;0.041;;
810510;unknown;control;2023-01-08 13:15:00+00:00;0.089;;
810510;unknown;control;2023-01-08 13:30:00+00:00;0.51;;
810510;unknown;control;2023-01-08 13:45:00+00:00;0.039;;
810510;unknown;control;2023-01-08 14:00:00+00:00;0.043;;
810510;unknown;control;2023-01-08 14:15:00+00:00;0.536;;
810510;unknown;control;2023-01-08 14:30:00+00:00;0.167;;
810510;unknown;control;2023-01-08 14:45:00+00:00;0.088;;
810510;unknown;control;2023-01-08 15:00:00+00:00;0.463;;
810510;unknown;control;2023-01-08 15:15:00+00:00;0.271;;
810510;unknown;control;2023-01-08 15:30:00+00:00;0.095;;
810510;unknown;control;2023-01-08 15:45:00+00:00;0.341;;
810510;unknown;control;2023-01-08 16:00:00+00:00;0.371;;
810510;unknown;control;2023-01-08 16:15:00+00:00;0.081;;
810510;unknown;control;2023-01-08 16:30:00+00:00;0.254;;
810510;unknown;control;2023-01-08 16:45:00+00:00;0.456;;
810510;unknown;control;2023-01-08 17:00:00+00:00;0.074;;
810510;unknown;control;2023-01-08 17:15:00+00:00;0.183;;
810510;unknown;control;2023-01-08 17:30:00+00:00;0.527;;
810510;unknown;control;2023-01-08 17:45:00+00:00;0.085;;
810510;unknown;control;2023-01-08 18:00:00+00:00;0.096;;
810510;unknown;control;2023-01-08 18:15:00+00:00;0.589;;
810510;unknown;control;2023-01-08 18:30:00+00:00;0.135;;
810510;unknown;control;2023-01-08 18:45:00+00:00;0.079;;
810510;unknown;control;2023-01-08 19:00:00+00:00;0.508;;
810510;unknown;control;2023-01-08 19:15:00+00:00;0.221;;
810510;unknown;control;2023-01-08 19:30:00+00:00;0.088;;
810510;unknown;control;2023-01-08 19:45:00+00:00;0.407;;
810510;unknown;control;2023-01-08 20:00:00+00:00;0.311;;
810510;unknown;control;2023-01-08 20:15:00+00:00;0.103;;
810510;unknown;control;2023-01-08 20:30:00+00:00;0.302;;
810510;unknown;control;2023-01-08 20:45:00+00:00;0.413;;
810510;unknown;control;2023-01-08 21:00:00+00:00;0.087;;
810510;unknown;control;2023-01-08 21:15:00+00:00;0.285;;
810510;unknown;control;2023-01-08 21:30:00+00:00;0.531;;
810510;unknown;control;2023-01-08 21:45:00+00:00;0.054;;
810510;unknown;control;2023-01-08 22:00:00+00:00;0.339;;
810510;unknown;control;2023-01-08 22:15:00+00:00;0.062;;
810510;unknown;control;2023-01-08 22:30:00+00:00;0.137;;
810510;unknown;control;2023-01-08 22:45:00+00:00;0.613;;
810510;unknown;control;2023-01-08 23:00:00+00:00;0.373;;
810510;unknown;control;2023-01-08 23:15:00+00:00;0.13;;
810510;unknown;control;2023-01-08 23:30:00+00:00;0.305;;
810510;unknown;control;2023-01-08 23:45:00+00:00;0.481;;
810510;unknown;control;2023-01-11 00:00:00+00:00;0.058;;
810510;unknown;control;2023-01-11 00:15:00+00:00;0.156;;
810510;unknown;control;2023-01-11 00:30:00+00:00;0.613;;
810510;unknown;control;2023-01-11 00:45:00+00:00;0.102;;
810510;unknown;control;2023-01-11 01:00:00+00:00;0.089;;
810510;unknown;control;2023-01-11 01:15:00+00:00;0.533;;
810510;unknown;control;2023-01-11 01:30:00+00:00;0.204;;
810510;unknown;control;2023-01-11 01:45:00+00:00;0.079;;
810510;unknown;control;2023-01-11 02:00:00+00:00;0.461;;
810510;unknown;control;2023-01-11 02:15:00+00:00;0.293;;
810510;unknown;control;2023-01-11 02:30:00+00:00;0.114;;
810510;unknown;control;2023-01-11 02:45:00+00:00;0.386;;
810510;unknown;control;2023-01-11 03:00:00+00:00;0.363;;
810510;unknown;control;2023-01-11 03:15:00+00:00;0.134;;
810510;unknown;control;2023-01-11 03:30:00+00:00;0.289;;
810510;unknown;control;2023-01-11 03:45:00+00:00;0.44;;
810510;unknown;control;2023-01-11 04:00:00+00:00;0.081;;
810510;unknown;control;2023-01-11 04:15:00+00:00;0.226;;
810510;unknown;control;2023-01-11 04:30:00+00:00;0.489;;
810510;unknown;control;2023-01-11 04:45:00+00:00;0.088;;
810510;unknown;control;2023-01-11 05:00:00+00:00;0.156;;
810510;unknown;control;2023-01-11 05:15:00+00:00;0.555;;
810510;unknown;control;2023-01-11 05:30:00+00:00;0.103;;
810510;unknown;control;2023-01-11 05:45:00+00:00;0.09;;
810510;unknown;control;2023-01-11 06:00:00+00:00;0.606;;
810510;unknown;control;2023-01-11 06:15:00+00:00;0.114;;
810510;unknown;control;2023-01-11 06:30:00+00:00;0.129;;
810510;unknown;control;2023-01-11 06:45:00+00:00;0.537;;
810510;unknown;control;2023-01-11 07:00:00+00:00;0.182;;
810510;unknown;control;2023-01-11 07:15:00+00:00;0.112;;
810510;unknown;control;2023-01-11 07:30:00+00:00;0.534;;
810510;unknown;control;2023-01-11 07:45:00+00:00;0.933;;
810510;unknown;control;2023-01-11 08:00:00+00:00;0.265;;
810510;unknown;control;2023-01-11 08:15:00+00:00;0.097;;
810510;unknown;control;2023-01-11 08:30:00+00:00;0.517;;
810510;unknown;control;2023-01-11 08:45:00+00:00;0.243;;
810510;unknown;control;2023-01-11 09:00:00+00:00;0.099;;
810510;unknown;control;2023-01-11 09:15:00+00:00;0.41;;
810510;unknown;control;2023-01-11 09:30:00+00:00;0.311;;
810510;unknown;control;2023-01-11 09:45:00+00:00;0.037;;
810510;unknown;control;2023-01-11 10:00:00+00:00;0.322;;
810510;unknown;control;2023-01-11 10:15:00+00:00;0.412;;
810510;unknown;control;2023-01-11 10:30:00+00:00;0.131;;
810510;unknown;control;2023-01-11 10:45:00+00:00;0.431;;
810510;unknown;control;2023-01-11 11:00:00+00:00;0.84;;
810510;unknown;control;2023-01-11 11:15:00+00:00;0.326;;
810510;unknown;control;2023-01-11 11:30:00+00:00;0.384;;
810510;unknown;control;2023-01-11 11:45:00+00:00;1.004;;
810510;unknown;control;2023-01-11 12:00:00+00:00;0.133;;
810510;unknown;control;2023-01-11 12:15:00+00:00;0.267;;
810510;unknown;control;2023-01-11 12:30:00+00:00;0.527;;
810510;unknown;control;2023-01-11 12:45:00+00:00;0.147;;
810510;unknown;control;2023-01-11 13:00:00+00:00;0.201;;
810510;unknown;control;2023-01-11 13:15:00+00:00;0.535;;
810510;unknown;control;2023-01-11 13:30:00+00:00;0.143;;
810510;unknown;control;2023-01-11 13:45:00+00:00;0.205;;
810510;unknown;control;2023-01-11 14:00:00+00:00;0.596;;
810510;unknown;control;2023-01-11 14:15:00+00:00;0.175;;
810510;unknown;control;2023-01-11 14:30:00+00:00;0.172;;
810510;unknown;control;2023-01-11 14:45:00+00:00;0.638;;
810510;unknown;control;2023-01-11 15:00:00+00:00;0.169;;
810510;unknown;control;2023-01-11 15:15:00+00:00;0.182;;
810510;unknown;control;2023-01-11 15:30:00+00:00;0.612;;
810510;unknown;control;2023-01-11 15:45:00+00:00;0.186;;
810510;unknown;control;2023-01-11 16:00:00+00:00;0.575;;
810510;unknown;control;2023-01-11 16:15:00+00:00;0.527;;
810510;unknown;control;2023-01-11 16:30:00+00:00;0.252;;
810510;unknown;control;2023-01-11 16:45:00+00:00;0.16;;
810510;unknown;control;2023-01-11 17:00:00+00:00;0.406;;
810510;unknown;control;2023-01-11 17:15:00+00:00;0.292;;
810510;unknown;control;2023-01-11 17:30:00+00:00;0.109;;
810510;unknown;control;2023-01-11 17:45:00+00:00;0.29;;
810510;unknown;control;2023-01-11 18:00:00+00:00;0.367;;
810510;unknown;control;2023-01-11 18:15:00+00:00;0.107;;
810510;unknown;control;2023-01-11 18:30:00+00:00;0.262;;
810510;unknown;control;2023-01-11 18:45:00+00:00;0.432;;
810510;unknown;control;2023-01-11 19:00:00+00:00;0.115;;
810510;unknown;control;2023-01-11 19:15:00+00:00;0.155;;
810510;unknown;control;2023-01-11 19:30:00+00:00;0.544;;
810510;unknown;control;2023-01-11 19:45:00+00:00;0.101;;
810510;unknown;control;2023-01-11 20:00:00+00:00;0.109;;
810510;unknown;control;2023-01-11 20:15:00+00:00;0.571;;
810510;unknown;control;2023-01-11 20:30:00+00:00;0.107;;
810510;unknown;control;2023-01-11 20:45:00+00:00;0.131;;
810510;unknown;control;2023-01-11 21:00:00+00:00;0.834;;
810510;unknown;control;2023-01-11 21:15:00+00:00;0.109;;
810510;unknown;control;2023-01-11 21:30:00+00:00;0.082;;
810510;unknown;control;2023-01-11 21:45:00+00:00;0.946;;
810510;unknown;control;2023-01-11 22:00:00+00:00;0.759;;
810510;unknown;control;2023-01-11 22:15:00+00:00;0.651;;
810510;unknown;control;2023-01-11 22:30:00+00:00;0.65;;
810510;unknown;control;2023-01-11 22:45:00+00:00;0.286;;
810510;unknown;control;2023-01-11 23:00:00+00:00;0.139;;
810510;unknown;control;2023-01-11 23:15:00+00:00;0.402;;
810510;unknown;control;2023-01-11 23:30:00+00:00;0.349;;
810510;unknown;control;2023-01-11 23:45:00+00:00;0.111;;
810510;unknown;control;2023-01-15 00:00:00+00:00;0.064;;
810510;unknown;control;2023-01-15 00:15:00+00:00;0.053;;
810510;unknown;control;2023-01-15 00:30:00+00:00;0.547;;
810510;unknown;control;2023-01-15 00:45:00+00:00;0.162;;
810510;unknown;control;2023-01-15 01:00:00+00:00;0.126;;
810510;unknown;control;2023-01-15 01:15:00+00:00;0.355;;
810510;unknown;control;2023-01-15 01:30:00+00:00;0.322;;
810510;unknown;control;2023-01-15 01:45:00+00:00;0.144;;
810510;unknown;control;2023-01-15 02:00:00+00:00;0.437;;
810510;unknown;control;2023-01-15 02:15:00+00:00;0.149;;
810510;unknown;control;2023-01-15 02:30:00+00:00;0.158;;
810510;unknown;control;2023-01-15 02:45:00+00:00;0.575;;
810510;unknown;control;2023-01-15 03:00:00+00:00;0.154;;
810510;unknown;control;2023-01-15 03:15:00+00:00;0.117;;
810510;unknown;control;2023-01-15 03:30:00+00:00;0.353;;
810510;unknown;control;2023-01-15 03:45:00+00:00;0.339;;
810510;unknown;control;2023-01-15 04:00:00+00:00;0.147;;
810510;unknown;control;2023-01-15 04:15:00+00:00;0.121;;
810510;unknown;control;2023-01-15 04:30:00+00:00;0.568;;
810510;unknown;control;2023-01-15 04:45:00+00:00;0.146;;
810510;unknown;control;2023-01-15 05:00:00+00:00;0.144;;
810510;unknown;control;2023-01-15 05:15:00+00:00;0.189;;
810510;unknown;control;2023-01-15 05:30:00+00:00;0.512;;
810510;unknown;control;2023-01-15 05:45:00+00:00;0.14;;
810510;unknown;control;2023-01-15 06:00:00+00:00;0.139;;
810510;unknown;control;2023-01-15 06:15:00+00:00;0.205;;
810510;unknown;control;2023-01-15 06:30:00+00:00;0.408;;
810510;unknown;control;2023-01-15 06:45:00+00:00;0.105;;
810510;unknown;control;2023-01-15 07:00:00+00:00;0.088;;
810510;unknown;control;2023-01-15 07:15:00+00:00;0.163;;
810510;unknown;control;2023-01-15 07:30:00+00:00;0.42;;
810510;unknown;control;2023-01-15 07:45:00+00:00;0.183;;
810510;unknown;control;2023-01-15 08:00:00+00:00;0.279;;
810510;unknown;control;2023-01-15 08:15:00+00:00;0.827;;
810510;unknown;control;2023-01-15 08:30:00+00:00;0.373;;
810510;unknown;control;2023-01-15 08:45:00+00:00;0.103;;
810510;unknown;control;2023-01-15 09:00:00+00:00;0.391;;
810510;unknown;control;2023-01-15 09:15:00+00:00;0.21;;
810510;unknown;control;2023-01-15 09:30:00+00:00;0.596;;
810510;unknown;control;2023-01-15 09:45:00+00:00;0.79;;
810510;unknown;control;2023-01-15 10:00:00+00:00;0.49;;
810510;unknown;control;2023-01-15 10:15:00+00:00;0.318;;
810510;unknown;control;2023-01-15 10:30:00+00:00;0.743;;
810510;unknown;control;2023-01-15 10:45:00+00:00;0.376;;
810510;unknown;control;2023-01-15 11:00:00+00:00;0.089;;
810510;unknown;control;2023-01-15 11:15:00+00:00;0.267;;
810510;unknown;control;2023-01-15 11:30:00+00:00;0.406;;
810510;unknown;control;2023-01-15 11:45:00+00:00;0.116;;
810510;unknown;control;2023-01-15 12:00:00+00:00;0.238;;
810510;unknown;control;2023-01-15 12:15:00+00:00;0.467;;
810510;unknown;control;2023-01-15 12:30:00+00:00;0.103;;
810510;unknown;control;2023-01-15 12:45:00+00:00;0.215;;
810510;unknown;control;2023-01-15 13:00:00+00:00;0.924;;
810510;unknown;control;2023-01-15 13:15:00+00:00;0.586;;
810510;unknown;control;2023-01-15 13:30:00+00:00;0.616;;
810510;unknown;control;2023-01-15 13:45:00+00:00;0.862;;
810510;unknown;control;2023-01-15 14:00:00+00:00;0.09;;
810510;unknown;control;2023-01-15 14:15:00+00:00;0.071;;
810510;unknown;control;2023-01-15 14:30:00+00:00;0.558;;
810510;unknown;control;2023-01-15 14:45:00+00:00;0.086;;
810510;unknown;control;2023-01-15 15:00:00+00:00;0.023;;
810510;unknown;control;2023-01-15 15:15:00+00:00;0.429;;
810510;unknown;control;2023-01-15 15:30:00+00:00;0.146;;
810510;unknown;control;2023-01-15 15:45:00+00:00;0.097;;
810510;unknown;control;2023-01-15 16:00:00+00:00;0.466;;
810510;unknown;control;2023-01-15 16:15:00+00:00;0.278;;
810510;unknown;control;2023-01-15 16:30:00+00:00;0.109;;
810510;unknown;control;2023-01-15 16:45:00+00:00;0.356;;
810510;unknown;control;2023-01-15 17:00:00+00:00;0.377;;
810510;unknown;control;2023-01-15 17:15:00+00:00;0.088;;
810510;unknown;control;2023-01-15 17:30:00+00:00;0.285;;
810510;unknown;control;2023-01-15 17:45:00+00:00;0.515;;
810510;unknown;control;2023-01-15 18:00:00+00:00;0.157;;
810510;unknown;control;2023-01-15 18:15:00+00:00;0.217;;
810510;unknown;control;2023-01-15 18:30:00+00:00;0.656;;
810510;unknown;control;2023-01-15 18:45:00+00:00;0.116;;
810510;unknown;control;2023-01-15 19:00:00+00:00;0.149;;
810510;unknown;control;2023-01-15 19:15:00+00:00;0.584;;
810510;unknown;control;2023-01-15 19:30:00+00:00;0.245;;
810510;unknown;control;2023-01-15 19:45:00+00:00;0.098;;
810510;unknown;control;2023-01-15 20:00:00+00:00;0.473;;
810510;unknown;control;2023-01-15 20:15:00+00:00;0.34;;
810510;unknown;control;2023-01-15 20:30:00+00:00;0.116;;
810510;unknown;control;2023-01-15 20:45:00+00:00;0.367;;
810510;unknown;control;2023-01-15 21:00:00+00:00;0.539;;
810510;unknown;control;2023-01-15 21:15:00+00:00;0.139;;
810510;unknown;control;2023-01-15 21:30:00+00:00;0.237;;
810510;unknown;control;2023-01-15 21:45:00+00:00;0.72;;
810510;unknown;control;2023-01-15 22:00:00+00:00;0.095;;
810510;unknown;control;2023-01-15 22:15:00+00:00;0.205;;
810510;unknown;control;2023-01-15 22:30:00+00:00;0.263;;
810510;unknown;control;2023-01-15 22:45:00+00:00;0.079;;
810510;unknown;control;2023-01-15 23:00:00+00:00;0.454;;
810510;unknown;control;2023-01-15 23:15:00+00:00;0.597;;
810510;unknown;control;2023-01-15 23:30:00+00:00;0.123;;
810510;unknown;control;2023-01-15 23:45:00+00:00;0.133;;
810510;unknown;control;2023-01-17 00:00:00+00:00;0.083;;
810510;unknown;control;2023-01-17 00:15:00+00:00;0.45;;
810510;unknown;control;2023-01-17 00:30:00+00:00;0.353;;
810510;unknown;control;2023-01-17 00:45:00+00:00;0.08;;
810510;unknown;control;2023-01-17 01:00:00+00:00;0.286;;
810510;unknown;control;2023-01-17 01:15:00+00:00;0.514;;
810510;unknown;control;2023-01-17 01:30:00+00:00;0.075;;
810510;unknown;control;2023-01-17 01:45:00+00:00;0.147;;
810510;unknown;control;2023-01-17 02:00:00+00:00;0.61;;
810510;unknown;control;2023-01-17 02:15:00+00:00;0.141;;
810510;unknown;control;2023-01-17 02:30:00+00:00;0.072;;
810510;unknown;control;2023-01-17 02:45:00+00:00;0.506;;
810510;unknown;control;2023-01-17 03:00:00+00:00;0.315;;
810510;unknown;control;2023-01-17 03:15:00+00:00;0.085;;
810510;unknown;control;2023-01-17 03:30:00+00:00;0.313;;
810510;unknown;control;2023-01-17 03:45:00+00:00;0.52;;
810510;unknown;control;2023-01-17 04:00:00+00:00;0.081;;
810510;unknown;control;2023-01-17 04:15:00+00:00;0.135;;
810510;unknown;control;2023-01-17 04:30:00+00:00;0.61;;
810510;unknown;control;2023-01-17 04:45:00+00:00;0.177;;
810510;unknown;control;2023-01-17 05:00:00+00:00;0.088;;
810510;unknown;control;2023-01-17 05:15:00+00:00;0.445;;
810510;unknown;control;2023-01-17 05:30:00+00:00;0.428;;
810510;unknown;control;2023-01-17 05:45:00+00:00;0.076;;
810510;unknown;control;2023-01-17 06:00:00+00:00;0.237;;
810510;unknown;control;2023-01-17 06:15:00+00:00;0.623;;
810510;unknown;control;2023-01-17 06:30:00+00:00;0.149;;
810510;unknown;control;2023-01-17 06:45:00+00:00;0.083;;
810510;unknown;control;2023-01-17 07:00:00+00:00;0.52;;
810510;unknown;control;2023-01-17 07:15:00+00:00;0.437;;
810510;unknown;control;2023-01-17 07:30:00+00:00;0.15;;
810510;unknown;control;2023-01-17 07:45:00+00:00;0.29;;
810510;unknown;control;2023-01-17 08:00:00+00:00;0.632;;
810510;unknown;control;2023-01-17 08:15:00+00:00;0.129;;
810510;unknown;control;2023-01-17 08:30:00+00:00;0.056;;
810510;unknown;control;2023-01-17 08:45:00+00:00;0.489;;
810510;unknown;control;2023-01-17 09:00:00+00:00;0.767;;
810510;unknown;control;2023-01-17 09:15:00+00:00;0.328;;
810510;unknown;control;2023-01-17 09:30:00+00:00;0.255;;
810510;unknown;control;2023-01-17 09:45:00+00:00;0.678;;
810510;unknown;control;2023-01-17 10:00:00+00:00;0.831;;
810510;unknown;control;2023-01-17 10:15:00+00:00;0.113;;
810510;unknown;control;2023-01-17 10:30:00+00:00;0.251;;
810510;unknown;control;2023-01-17 10:45:00+00:00;0.719;;
810510;unknown;control;2023-01-17 11:00:00+00:00;0.364;;
810510;unknown;control;2023-01-17 11:15:00+00:00;0.079;;
810510;unknown;control;2023-01-17 11:30:00+00:00;0.265;;
810510;unknown;control;2023-01-17 11:45:00+00:00;0.575;;
810510;unknown;control;2023-01-17 12:00:00+00:00;0.04;;
810510;unknown;control;2023-01-17 12:15:00+00:00;0.005;;
810510;unknown;control;2023-01-17 12:30:00+00:00;0.543;;
810510;unknown;control;2023-01-17 12:45:00+00:00;0.212;;
810510;unknown;control;2023-01-17 13:00:00+00:00;0.089;;
810510;unknown;control;2023-01-17 13:15:00+00:00;0.415;;
810510;unknown;control;2023-01-17 13:30:00+00:00;0.424;;
810510;unknown;control;2023-01-17 13:45:00+00:00;0.177;;
810510;unknown;control;2023-01-17 14:00:00+00:00;0.267;;
810510;unknown;control;2023-01-17 14:15:00+00:00;0.573;;
810510;unknown;control;2023-01-17 14:30:00+00:00;0.096;;
810510;unknown;control;2023-01-17 14:45:00+00:00;0.046;;
810510;unknown;control;2023-01-17 15:00:00+00:00;0.597;;
810510;unknown;control;2023-01-17 15:15:00+00:00;0.249;;
810510;unknown;control;2023-01-17 15:30:00+00:00;0.107;;
810510;unknown;control;2023-01-17 15:45:00+00:00;0.436;;
810510;unknown;control;2023-01-17 16:00:00+00:00;0.452;;
810510;unknown;control;2023-01-17 16:15:00+00:00;0.117;;
810510;unknown;control;2023-01-17 16:30:00+00:00;0.269;;
810510;unknown;control;2023-01-17 16:45:00+00:00;0.629;;
810510;unknown;control;2023-01-17 17:00:00+00:00;0.121;;
810510;unknown;control;2023-01-17 17:15:00+00:00;0.133;;
810510;unknown;control;2023-01-17 17:30:00+00:00;0.631;;
810510;unknown;control;2023-01-17 17:45:00+00:00;0.302;;
810510;unknown;control;2023-01-17 18:00:00+00:00;0.123;;
810510;unknown;control;2023-01-17 18:15:00+00:00;0.445;;
810510;unknown;control;2023-01-17 18:30:00+00:00;0.499;;
810510;unknown;control;2023-01-17 18:45:00+00:00;1.014;;
810510;unknown;control;2023-01-17 19:00:00+00:00;0.699;;
810510;unknown;control;2023-01-17 19:15:00+00:00;1.119;;
810510;unknown;control;2023-01-17 19:30:00+00:00;0.498;;
810510;unknown;control;2023-01-17 19:45:00+00:00;0.125;;
810510;unknown;control;2023-01-17 20:00:00+00:00;0.555;;
810510;unknown;control;2023-01-17 20:15:00+00:00;0.401;;
810510;unknown;control;2023-01-17 20:30:00+00:00;0.122;;
810510;unknown;control;2023-01-17 20:45:00+00:00;0.311;;
810510;unknown;control;2023-01-17 21:00:00+00:00;0.64;;
810510;unknown;control;2023-01-17 21:15:00+00:00;0.127;;
810510;unknown;control;2023-01-17 21:30:00+00:00;0.11;;
810510;unknown;control;2023-01-17 21:45:00+00:00;0.616;;
810510;unknown;control;2023-01-17 22:00:00+00:00;0.345;;
810510;unknown;control;2023-01-17 22:15:00+00:00;0.103;;
810510;unknown;control;2023-01-17 22:30:00+00:00;0.433;;
810510;unknown;control;2023-01-17 22:45:00+00:00;0.587;;
810510;unknown;control;2023-01-17 23:00:00+00:00;0.09;;
810510;unknown;control;2023-01-17 23:15:00+00:00;0.211;;
810510;unknown;control;2023-01-17 23:30:00+00:00;0.646;;
810510;unknown;control;2023-01-17 23:45:00+00:00;0.329;;
810510;unknown;control;2023-01-18 00:00:00+00:00;0.098;;
810510;unknown;control;2023-01-18 00:15:00+00:00;0.358;;
810510;unknown;control;2023-01-18 00:30:00+00:00;0.651;;
810510;unknown;control;2023-01-18 00:45:00+00:00;0.135;;
810510;unknown;control;2023-01-18 01:00:00+00:00;0.102;;
810510;unknown;control;2023-01-18 01:15:00+00:00;0.543;;
810510;unknown;control;2023-01-18 01:30:00+00:00;0.443;;
810510;unknown;control;2023-01-18 01:45:00+00:00;0.092;;
810510;unknown;control;2023-01-18 02:00:00+00:00;0.214;;
810510;unknown;control;2023-01-18 02:15:00+00:00;0.621;;
810510;unknown;control;2023-01-18 02:30:00+00:00;0.199;;
810510;unknown;control;2023-01-18 02:45:00+00:00;0.088;;
810510;unknown;control;2023-01-18 03:00:00+00:00;0.485;;
810510;unknown;control;2023-01-18 03:15:00+00:00;0.496;;
810510;unknown;control;2023-01-18 03:30:00+00:00;0.085;;
810510;unknown;control;2023-01-18 03:45:00+00:00;0.212;;
810510;unknown;control;2023-01-18 04:00:00+00:00;0.63;;
810510;unknown;control;2023-01-18 04:15:00+00:00;0.191;;
810510;unknown;control;2023-01-18 04:30:00+00:00;0.1;;
810510;unknown;control;2023-01-18 04:45:00+00:00;0.503;;
810510;unknown;control;2023-01-18 05:00:00+00:00;0.427;;
810510;unknown;control;2023-01-18 05:15:00+00:00;0.092;;
810510;unknown;control;2023-01-18 05:30:00+00:00;0.26;;
810510;unknown;control;2023-01-18 05:45:00+00:00;0.627;;
810510;unknown;control;2023-01-18 06:00:00+00:00;0.098;;
810510;unknown;control;2023-01-18 06:15:00+00:00;0.087;;
810510;unknown;control;2023-01-18 06:30:00+00:00;0.546;;
810510;unknown;control;2023-01-18 06:45:00+00:00;0.329;;
810510;unknown;control;2023-01-18 07:00:00+00:00;0.082;;
810510;unknown;control;2023-01-18 07:15:00+00:00;0.334;;
810510;unknown;control;2023-01-18 07:30:00+00:00;0.531;;
810510;unknown;control;2023-01-18 07:45:00+00:00;0.093;;
810510;unknown;control;2023-01-18 08:00:00+00:00;0.124;;
810510;unknown;control;2023-01-18 08:15:00+00:00;0.617;;
810510;unknown;control;2023-01-18 08:30:00+00:00;0.217;;
810510;unknown;control;2023-01-18 08:45:00+00:00;0.108;;
810510;unknown;control;2023-01-18 09:00:00+00:00;0.503;;
810510;unknown;control;2023-01-18 09:15:00+00:00;0.457;;
810510;unknown;control;2023-01-18 09:30:00+00:00;0.178;;
810510;unknown;control;2023-01-18 09:45:00+00:00;0.236;;
810510;unknown;control;2023-01-18 10:00:00+00:00;0.59;;
810510;unknown;control;2023-01-18 10:15:00+00:00;0.085;;
810510;unknown;control;2023-01-18 10:30:00+00:00;0.494;;
810510;unknown;control;2023-01-18 10:45:00+00:00;0.761;;
810510;unknown;control;2023-01-18 11:00:00+00:00;0.273;;
810510;unknown;control;2023-01-18 11:15:00+00:00;0.499;;
810510;unknown;control;2023-01-18 11:30:00+00:00;0.631;;
810510;unknown;control;2023-01-18 11:45:00+00:00;0.328;;
810510;unknown;control;2023-01-18 12:00:00+00:00;0.056;;
810510;unknown;control;2023-01-18 12:15:00+00:00;0.212;;
810510;unknown;control;2023-01-18 12:30:00+00:00;0.458;;
810510;unknown;control;2023-01-18 12:45:00+00:00;0.053;;
810510;unknown;control;2023-01-18 13:00:00+00:00;0.147;;
810510;unknown;control;2023-01-18 13:15:00+00:00;0.615;;
810510;unknown;control;2023-01-18 13:30:00+00:00;0.025;;
810510;unknown;control;2023-01-18 13:45:00+00:00;0.05;;
810510;unknown;control;2023-01-18 14:00:00+00:00;0.637;;
810510;unknown;control;2023-01-18 14:15:00+00:00;0.141;;
810510;unknown;control;2023-01-18 14:30:00+00:00;0.058;;
810510;unknown;control;2023-01-18 14:45:00+00:00;0.461;;
810510;unknown;control;2023-01-18 15:00:00+00:00;0.496;;
810510;unknown;control;2023-01-18 15:15:00+00:00;0.115;;
810510;unknown;control;2023-01-18 15:30:00+00:00;0.234;;
810510;unknown;control;2023-01-18 15:45:00+00:00;0.63;;
810510;unknown;control;2023-01-18 16:00:00+00:00;0.11;;
810510;unknown;control;2023-01-18 16:15:00+00:00;0.084;;
810510;unknown;control;2023-01-18 16:30:00+00:00;0.532;;
810510;unknown;control;2023-01-18 16:45:00+00:00;0.316;;
810510;unknown;control;2023-01-18 17:00:00+00:00;0.074;;
810510;unknown;control;2023-01-18 17:15:00+00:00;0.341;;
810510;unknown;control;2023-01-18 17:30:00+00:00;0.513;;
810510;unknown;control;2023-01-18 17:45:00+00:00;0.082;;
810510;unknown;control;2023-01-18 18:00:00+00:00;0.15;;
810510;unknown;control;2023-01-18 18:15:00+00:00;0.614;;
810510;unknown;control;2023-01-18 18:30:00+00:00;0.195;;
810510;unknown;control;2023-01-18 18:45:00+00:00;0.079;;
810510;unknown;control;2023-01-18 19:00:00+00:00;0.461;;
810510;unknown;control;2023-01-18 19:15:00+00:00;0.401;;
810510;unknown;control;2023-01-18 19:30:00+00:00;0.086;;
810510;unknown;control;2023-01-18 19:45:00+00:00;0.257;;
810510;unknown;control;2023-01-18 20:00:00+00:00;0.624;;
810510;unknown;control;2023-01-18 20:15:00+00:00;0.11;;
810510;unknown;control;2023-01-18 20:30:00+00:00;0.091;;
810510;unknown;control;2023-01-18 20:45:00+00:00;0.574;;
810510;unknown;control;2023-01-18 21:00:00+00:00;0.364;;
810510;unknown;control;2023-01-18 21:15:00+00:00;0.119;;
810510;unknown;control;2023-01-18 21:30:00+00:00;0.349;;
810510;unknown;control;2023-01-18 21:45:00+00:00;0.595;;
810510;unknown;control;2023-01-18 22:00:00+00:00;0.134;;
810510;unknown;control;2023-01-18 22:15:00+00:00;0.117;;
810510;unknown;control;2023-01-18 22:30:00+00:00;0.65;;
810510;unknown;control;2023-01-18 22:45:00+00:00;0.338;;
810510;unknown;control;2023-01-18 23:00:00+00:00;0.104;;
810510;unknown;control;2023-01-18 23:15:00+00:00;0.408;;
810510;unknown;control;2023-01-18 23:30:00+00:00;0.585;;
810510;unknown;control;2023-01-18 23:45:00+00:00;0.114;;
810510;unknown;control;2023-01-22 00:00:00+00:00;0.597;;
810510;unknown;control;2023-01-22 00:15:00+00:00;0.302;;
810510;unknown;control;2023-01-22 00:30:00+00:00;0.079;;
810510;unknown;control;2023-01-22 00:45:00+00:00;0.336;;
810510;unknown;control;2023-01-22 01:00:00+00:00;0.551;;
810510;unknown;control;2023-01-22 01:15:00+00:00;0.072;;
810510;unknown;control;2023-01-22 01:30:00+00:00;0.117;;
810510;unknown;control;2023-01-22 01:45:00+00:00;0.609;;
810510;unknown;control;2023-01-22 02:00:00+00:00;0.234;;
810510;unknown;control;2023-01-22 02:15:00+00:00;0.082;;
810510;unknown;control;2023-01-22 02:30:00+00:00;0.34;;
810510;unknown;control;2023-01-22 02:45:00+00:00;0.064;;
810510;unknown;control;2023-01-22 03:00:00+00:00;0.127;;
810510;unknown;control;2023-01-22 03:15:00+00:00;0.613;;
810510;unknown;control;2023-01-22 03:30:00+00:00;0.31;;
810510;unknown;control;2023-01-22 03:45:00+00:00;0.078;;
810510;unknown;control;2023-01-22 04:00:00+00:00;0.334;;
810510;unknown;control;2023-01-22 04:15:00+00:00;0.57;;
810510;unknown;control;2023-01-22 04:30:00+00:00;0.086;;
810510;unknown;control;2023-01-22 04:45:00+00:00;0.079;;
810510;unknown;control;2023-01-22 05:00:00+00:00;0.604;;
810510;unknown;control;2023-01-22 05:15:00+00:00;0.289;;
810510;unknown;control;2023-01-22 05:30:00+00:00;0.073;;
810510;unknown;control;2023-01-22 05:45:00+00:00;0.366;;
810510;unknown;control;2023-01-22 06:00:00+00:00;0.53;;
810510;unknown;control;2023-01-22 06:15:00+00:00;0.088;;
810510;unknown;control;2023-01-22 06:30:00+00:00;0.126;;
810510;unknown;control;2023-01-22 06:45:00+00:00;0.609;;
810510;unknown;control;2023-01-22 07:00:00+00:00;0.239;;
810510;unknown;control;2023-01-22 07:15:00+00:00;0.083;;
810510;unknown;control;2023-01-22 07:30:00+00:00;0.434;;
810510;unknown;control;2023-01-22 07:45:00+00:00;0.494;;
810510;unknown;control;2023-01-22 08:00:00+00:00;0.107;;
810510;unknown;control;2023-01-22 08:15:00+00:00;0.199;;
810510;unknown;control;2023-01-22 08:30:00+00:00;0.615;;
810510;unknown;control;2023-01-22 08:45:00+00:00;0.141;;
810510;unknown;control;2023-01-22 09:00:00+00:00;0.098;;
810510;unknown;control;2023-01-22 09:15:00+00:00;0.578;;
810510;unknown;control;2023-01-22 09:30:00+00:00;0.372;;
810510;unknown;control;2023-01-22 09:45:00+00:00;0.078;;
810510;unknown;control;2023-01-22 10:00:00+00:00;0.298;;
810510;unknown;control;2023-01-22 10:15:00+00:00;0.512;;
810510;unknown;control;2023-01-22 10:30:00+00:00;0.085;;
810510;unknown;control;2023-01-22 10:45:00+00:00;0.105;;
810510;unknown;control;2023-01-22 11:00:00+00:00;0.617;;
810510;unknown;control;2023-01-22 11:15:00+00:00;0.149;;
810510;unknown;control;2023-01-22 11:30:00+00:00;0.097;;
810510;unknown;control;2023-01-22 11:45:00+00:00;0.539;;
810510;unknown;control;2023-01-22 12:00:00+00:00;0.335;;
810510;unknown;control;2023-01-22 12:15:00+00:00;0.14;;
810510;unknown;control;2023-01-22 12:30:00+00:00;0.404;;
810510;unknown;control;2023-01-22 12:45:00+00:00;0.484;;
810510;unknown;control;2023-01-22 13:00:00+00:00;0.11;;
810510;unknown;control;2023-01-22 13:15:00+00:00;0.221;;
810510;unknown;control;2023-01-22 13:30:00+00:00;0.588;;
810510;unknown;control;2023-01-22 13:45:00+00:00;0.096;;
810510;unknown;control;2023-01-22 14:00:00+00:00;0.109;;
810510;unknown;control;2023-01-22 14:15:00+00:00;0.623;;
810510;unknown;control;2023-01-22 14:30:00+00:00;0.169;;
810510;unknown;control;2023-01-22 14:45:00+00:00;0.12;;
810510;unknown;control;2023-01-22 15:00:00+00:00;0.512;;
810510;unknown;control;2023-01-22 15:15:00+00:00;0.316;;
810510;unknown;control;2023-01-22 15:30:00+00:00;0.104;;
810510;unknown;control;2023-01-22 15:45:00+00:00;0.388;;
810510;unknown;control;2023-01-22 16:00:00+00:00;0.448;;
810510;unknown;control;2023-01-22 16:15:00+00:00;0.121;;
810510;unknown;control;2023-01-22 16:30:00+00:00;0.282;;
810510;unknown;control;2023-01-22 16:45:00+00:00;0.583;;
810510;unknown;control;2023-01-22 17:00:00+00:00;0.121;;
810510;unknown;control;2023-01-22 17:15:00+00:00;0.163;;
810510;unknown;control;2023-01-22 17:30:00+00:00;0.65;;
810510;unknown;control;2023-01-22 17:45:00+00:00;0.163;;
810510;unknown;control;2023-01-22 18:00:00+00:00;0.129;;
810510;unknown;control;2023-01-22 18:15:00+00:00;0.548;;
810510;unknown;control;2023-01-22 18:30:00+00:00;0.306;;
810510;unknown;control;2023-01-22 18:45:00+00:00;0.144;;
810510;unknown;control;2023-01-22 19:00:00+00:00;0.561;;
810510;unknown;control;2023-01-22 19:15:00+00:00;0.499;;
810510;unknown;control;2023-01-22 19:30:00+00:00;0.098;;
810510;unknown;control;2023-01-22 19:45:00+00:00;0.3;;
810510;unknown;control;2023-01-22 20:00:00+00:00;0.662;;
810510;unknown;control;2023-01-22 20:15:00+00:00;0.124;;
810510;unknown;control;2023-01-22 20:30:00+00:00;0.1;;
810510;unknown;control;2023-01-22 20:45:00+00:00;0.57;;
810510;unknown;control;2023-01-22 21:00:00+00:00;0.331;;
810510;unknown;control;2023-01-22 21:15:00+00:00;0.114;;
810510;unknown;control;2023-01-22 21:30:00+00:00;0.508;;
810510;unknown;control;2023-01-22 21:45:00+00:00;0.178;;
810510;unknown;control;2023-01-22 22:00:00+00:00;0.097;;
810510;unknown;control;2023-01-22 22:15:00+00:00;0.497;;
810510;unknown;control;2023-01-22 22:30:00+00:00;0.495;;
810510;unknown;control;2023-01-22 22:45:00+00:00;0.105;;
810510;unknown;control;2023-01-22 23:00:00+00:00;0.201;;
810510;unknown;control;2023-01-22 23:15:00+00:00;0.683;;
810510;unknown;control;2023-01-22 23:30:00+00:00;0.083;;
810510;unknown;control;2023-01-22 23:45:00+00:00;0.091;;
810510;unknown;control;2023-01-23 00:00:00+00:00;0.569;;
810510;unknown;control;2023-01-23 00:15:00+00:00;0.372;;
810510;unknown;control;2023-01-23 00:30:00+00:00;0.094;;
810510;unknown;control;2023-01-23 00:45:00+00:00;0.313;;
810510;unknown;control;2023-01-23 01:00:00+00:00;0.593;;
810510;unknown;control;2023-01-23 01:15:00+00:00;0.111;;
810510;unknown;control;2023-01-23 01:30:00+00:00;0.097;;
810510;unknown;control;2023-01-23 01:45:00+00:00;0.598;;
810510;unknown;control;2023-01-23 02:00:00+00:00;0.271;;
810510;unknown;control;2023-01-23 02:15:00+00:00;0.099;;
810510;unknown;control;2023-01-23 02:30:00+00:00;0.341;;
810510;unknown;control;2023-01-23 02:45:00+00:00;0.061;;
810510;unknown;control;2023-01-23 03:00:00+00:00;0.097;;
810510;unknown;control;2023-01-23 03:15:00+00:00;0.589;;
810510;unknown;control;2023-01-23 03:30:00+00:00;0.341;;
810510;unknown;control;2023-01-23 03:45:00+00:00;0.076;;
810510;unknown;control;2023-01-23 04:00:00+00:00;0.31;;
810510;unknown;control;2023-01-23 04:15:00+00:00;0.612;;
810510;unknown;control;2023-01-23 04:30:00+00:00;0.086;;
810510;unknown;control;2023-01-23 04:45:00+00:00;0.089;;
810510;unknown;control;2023-01-23 05:00:00+00:00;0.566;;
810510;unknown;control;2023-01-23 05:15:00+00:00;0.363;;
810510;unknown;control;2023-01-23 05:30:00+00:00;0.073;;
810510;unknown;control;2023-01-23 05:45:00+00:00;0.31;;
810510;unknown;control;2023-01-23 06:00:00+00:00;0.639;;
810510;unknown;control;2023-01-23 06:15:00+00:00;0.103;;
810510;unknown;control;2023-01-23 06:30:00+00:00;0.106;;
810510;unknown;control;2023-01-23 06:45:00+00:00;0.555;;
810510;unknown;control;2023-01-23 07:00:00+00:00;0.389;;
810510;unknown;control;2023-01-23 07:15:00+00:00;0.085;;
810510;unknown;control;2023-01-23 07:30:00+00:00;0.281;;
810510;unknown;control;2023-01-23 07:45:00+00:00;0.632;;
810510;unknown;control;2023-01-23 08:00:00+00:00;0.126;;
810510;unknown;control;2023-01-23 08:15:00+00:00;0.088;;
810510;unknown;control;2023-01-23 08:30:00+00:00;0.509;;
810510;unknown;control;2023-01-23 08:45:00+00:00;0.461;;
810510;unknown;control;2023-01-23 09:00:00+00:00;0.343;;
810510;unknown;control;2023-01-23 09:15:00+00:00;0.327;;
810510;unknown;control;2023-01-23 09:30:00+00:00;0.651;;
810510;unknown;control;2023-01-23 09:45:00+00:00;0.157;;
810510;unknown;control;2023-01-23 10:00:00+00:00;0.107;;
810510;unknown;control;2023-01-23 10:15:00+00:00;0.51;;
810510;unknown;control;2023-01-23 10:30:00+00:00;0.419;;
810510;unknown;control;2023-01-23 10:45:00+00:00;0.091;;
810510;unknown;control;2023-01-23 11:00:00+00:00;0.276;;
810510;unknown;control;2023-01-23 11:15:00+00:00;0.659;;
810510;unknown;control;2023-01-23 11:30:00+00:00;0.112;;
810510;unknown;control;2023-01-23 11:45:00+00:00;0.137;;
810510;unknown;control;2023-01-23 12:00:00+00:00;0.588;;
810510;unknown;control;2023-01-23 12:15:00+00:00;0.357;;
810510;unknown;control;2023-01-23 12:30:00+00:00;0.118;;
810510;unknown;control;2023-01-23 12:45:00+00:00;0.35;;
810510;unknown;control;2023-01-23 13:00:00+00:00;0.794;;
810510;unknown;control;2023-01-23 13:15:00+00:00;0.441;;
810510;unknown;control;2023-01-23 13:30:00+00:00;0.299;;
810510;unknown;control;2023-01-23 13:45:00+00:00;0.82;;
810510;unknown;control;2023-01-23 14:00:00+00:00;0.637;;
810510;unknown;control;2023-01-23 14:15:00+00:00;0.111;;
810510;unknown;control;2023-01-23 14:30:00+00:00;0.48;;
810510;unknown;control;2023-01-23 14:45:00+00:00;0.4;;
810510;unknown;control;2023-01-23 15:00:00+00:00;0.107;;
810510;unknown;control;2023-01-23 15:15:00+00:00;0.306;;
810510;unknown;control;2023-01-23 15:30:00+00:00;0.558;;
810510;unknown;control;2023-01-23 15:45:00+00:00;0.104;;
810510;unknown;control;2023-01-23 16:00:00+00:00;0.159;;
810510;unknown;control;2023-01-23 16:15:00+00:00;0.873;;
810510;unknown;control;2023-01-23 16:30:00+00:00;0.129;;
810510;unknown;control;2023-01-23 16:45:00+00:00;0.086;;
810510;unknown;control;2023-01-23 17:00:00+00:00;0.524;;
810510;unknown;control;2023-01-23 17:15:00+00:00;0.445;;
810510;unknown;control;2023-01-23 17:30:00+00:00;0.139;;
810510;unknown;control;2023-01-23 17:45:00+00:00;0.303;;
810510;unknown;control;2023-01-23 18:00:00+00:00;0.637;;
810510;unknown;control;2023-01-23 18:15:00+00:00;0.121;;
810510;unknown;control;2023-01-23 18:30:00+00:00;0.145;;
810510;unknown;control;2023-01-23 18:45:00+00:00;0.828;;
810510;unknown;control;2023-01-23 19:00:00+00:00;0.431;;
810510;unknown;control;2023-01-23 19:15:00+00:00;0.114;;
810510;unknown;control;2023-01-23 19:30:00+00:00;0.422;;
810510;unknown;control;2023-01-23 19:45:00+00:00;0.421;;
810510;unknown;control;2023-01-23 20:00:00+00:00;0.121;;
810510;unknown;control;2023-01-23 20:15:00+00:00;0.274;;
810510;unknown;control;2023-01-23 20:30:00+00:00;0.565;;
810510;unknown;control;2023-01-23 20:45:00+00:00;0.13;;
810510;unknown;control;2023-01-23 21:00:00+00:00;0.115;;
810510;unknown;control;2023-01-23 21:15:00+00:00;0.655;;
810510;unknown;control;2023-01-23 21:30:00+00:00;0.176;;
810510;unknown;control;2023-01-23 21:45:00+00:00;0.115;;
810510;unknown;control;2023-01-23 22:00:00+00:00;0.522;;
810510;unknown;control;2023-01-23 22:15:00+00:00;0.313;;
810510;unknown;control;2023-01-23 22:30:00+00:00;0.142;;
810510;unknown;control;2023-01-23 22:45:00+00:00;0.374;;
810510;unknown;control;2023-01-23 23:00:00+00:00;0.435;;
810510;unknown;control;2023-01-23 23:15:00+00:00;0.11;;
810510;unknown;control;2023-01-23 23:30:00+00:00;0.263;;
810510;unknown;control;2023-01-23 23:45:00+00:00;0.528;;
810510;unknown;control;2023-01-24 00:00:00+00:00;0.083;;
810510;unknown;control;2023-01-24 00:15:00+00:00;0.137;;
810510;unknown;control;2023-01-24 00:30:00+00:00;0.614;;
810510;unknown;control;2023-01-24 00:45:00+00:00;0.119;;
810510;unknown;control;2023-01-24 01:00:00+00:00;0.096;;
810510;unknown;control;2023-01-24 01:15:00+00:00;0.529;;
810510;unknown;control;2023-01-24 01:30:00+00:00;0.266;;
810510;unknown;control;2023-01-24 01:45:00+00:00;0.085;;
810510;unknown;control;2023-01-24 02:00:00+00:00;0.408;;
810510;unknown;control;2023-01-24 02:15:00+00:00;0.358;;
810510;unknown;control;2023-01-24 02:30:00+00:00;0.078;;
810510;unknown;control;2023-01-24 02:45:00+00:00;0.286;;
810510;unknown;control;2023-01-24 03:00:00+00:00;0.479;;
810510;unknown;control;2023-01-24 03:15:00+00:00;0.089;;
810510;unknown;control;2023-01-24 03:30:00+00:00;0.161;;
810510;unknown;control;2023-01-24 03:45:00+00:00;0.585;;
810510;unknown;control;2023-01-24 04:00:00+00:00;0.081;;
810510;unknown;control;2023-01-24 04:15:00+00:00;0.086;;
810510;unknown;control;2023-01-24 04:30:00+00:00;0.569;;
810510;unknown;control;2023-01-24 04:45:00+00:00;0.165;;
810510;unknown;control;2023-01-24 05:00:00+00:00;0.094;;
810510;unknown;control;2023-01-24 05:15:00+00:00;0.456;;
810510;unknown;control;2023-01-24 05:30:00+00:00;0.297;;
810510;unknown;control;2023-01-24 05:45:00+00:00;0.083;;
810510;unknown;control;2023-01-24 06:00:00+00:00;0.343;;
810510;unknown;control;2023-01-24 06:15:00+00:00;0.424;;
810510;unknown;control;2023-01-24 06:30:00+00:00;0.083;;
810510;unknown;control;2023-01-24 06:45:00+00:00;0.24;;
810510;unknown;control;2023-01-24 07:00:00+00:00;0.733;;
810510;unknown;control;2023-01-24 07:15:00+00:00;0.069;;
810510;unknown;control;2023-01-24 07:30:00+00:00;0.083;;
810510;unknown;control;2023-01-24 07:45:00+00:00;0.608;;
810510;unknown;control;2023-01-24 08:00:00+00:00;0.282;;
810510;unknown;control;2023-01-24 08:15:00+00:00;0.134;;
810510;unknown;control;2023-01-24 08:30:00+00:00;0.566;;
810510;unknown;control;2023-01-24 08:45:00+00:00;0.459;;
810510;unknown;control;2023-01-24 09:00:00+00:00;0.153;;
810510;unknown;control;2023-01-24 09:15:00+00:00;0.314;;
810510;unknown;control;2023-01-24 09:30:00+00:00;0.555;;
810510;unknown;control;2023-01-24 09:45:00+00:00;0.151;;
810510;unknown;control;2023-01-24 10:00:00+00:00;0.195;;
810510;unknown;control;2023-01-24 10:15:00+00:00;0.689;;
810510;unknown;control;2023-01-24 10:30:00+00:00;0.107;;
810510;unknown;control;2023-01-24 10:45:00+00:00;0.082;;
810510;unknown;control;2023-01-24 11:00:00+00:00;0.513;;
810510;unknown;control;2023-01-24 11:15:00+00:00;0.172;;
810510;unknown;control;2023-01-24 11:30:00+00:00;0.039;;
810510;unknown;control;2023-01-24 11:45:00+00:00;0.36;;
810510;unknown;control;2023-01-24 12:00:00+00:00;0.235;;
810510;unknown;control;2023-01-24 12:15:00+00:00;0.008;;
810510;unknown;control;2023-01-24 12:30:00+00:00;0.279;;
810510;unknown;control;2023-01-24 12:45:00+00:00;0.373;;
810510;unknown;control;2023-01-24 13:00:00+00:00;0.005;;
810510;unknown;control;2023-01-24 13:15:00+00:00;0.183;;
810510;unknown;control;2023-01-24 13:30:00+00:00;0.444;;
810510;unknown;control;2023-01-24 13:45:00+00:00;0.05;;
810510;unknown;control;2023-01-24 14:00:00+00:00;0.11;;
810510;unknown;control;2023-01-24 14:15:00+00:00;0.554;;
810510;unknown;control;2023-01-24 14:30:00+00:00;0.087;;
810510;unknown;control;2023-01-24 14:45:00+00:00;0.074;;
810510;unknown;control;2023-01-24 15:00:00+00:00;0.576;;
810510;unknown;control;2023-01-24 15:15:00+00:00;0.154;;
810510;unknown;control;2023-01-24 15:30:00+00:00;0.087;;
810510;unknown;control;2023-01-24 15:45:00+00:00;0.489;;
810510;unknown;control;2023-01-24 16:00:00+00:00;0.23;;
810510;unknown;control;2023-01-24 16:15:00+00:00;0.093;;
810510;unknown;control;2023-01-24 16:30:00+00:00;0.388;;
810510;unknown;control;2023-01-24 16:45:00+00:00;0.327;;
810510;unknown;control;2023-01-24 17:00:00+00:00;0.076;;
810510;unknown;control;2023-01-24 17:15:00+00:00;0.307;;
810510;unknown;control;2023-01-24 17:30:00+00:00;0.411;;
810510;unknown;control;2023-01-24 17:45:00+00:00;0.075;;
810510;unknown;control;2023-01-24 18:00:00+00:00;0.237;;
810510;unknown;control;2023-01-24 18:15:00+00:00;0.489;;
810510;unknown;control;2023-01-24 18:30:00+00:00;0.089;;
810510;unknown;control;2023-01-24 18:45:00+00:00;0.141;;
810510;unknown;control;2023-01-24 19:00:00+00:00;0.569;;
810510;unknown;control;2023-01-24 19:15:00+00:00;0.087;;
810510;unknown;control;2023-01-24 19:30:00+00:00;0.089;;
810510;unknown;control;2023-01-24 19:45:00+00:00;0.777;;
810510;unknown;control;2023-01-24 20:00:00+00:00;0.183;;
810510;unknown;control;2023-01-24 20:15:00+00:00;0.074;;
810510;unknown;control;2023-01-24 20:30:00+00:00;0.44;;
810510;unknown;control;2023-01-24 20:45:00+00:00;0.356;;
810510;unknown;control;2023-01-24 21:00:00+00:00;0.095;;
810510;unknown;control;2023-01-24 21:15:00+00:00;0.279;;
810510;unknown;control;2023-01-24 21:30:00+00:00;0.48;;
810510;unknown;control;2023-01-24 21:45:00+00:00;0.083;;
810510;unknown;control;2023-01-24 22:00:00+00:00;0.183;;
810510;unknown;control;2023-01-24 22:15:00+00:00;0.575;;
810510;unknown;control;2023-01-24 22:30:00+00:00;0.081;;
810510;unknown;control;2023-01-24 22:45:00+00:00;0.091;;
810510;unknown;control;2023-01-24 23:00:00+00:00;0.569;;
810510;unknown;control;2023-01-24 23:15:00+00:00;0.167;;
810510;unknown;control;2023-01-24 23:30:00+00:00;0.072;;
810510;unknown;control;2023-01-24 23:45:00+00:00;0.47;;
810510;unknown;control;2023-01-25 00:00:00+00:00;0.266;;
810510;unknown;control;2023-01-25 00:15:00+00:00;0.078;;
810510;unknown;control;2023-01-25 00:30:00+00:00;0.361;;
810510;unknown;control;2023-01-25 00:45:00+00:00;0.366;;
810510;unknown;control;2023-01-25 01:00:00+00:00;0.094;;
810510;unknown;control;2023-01-25 01:15:00+00:00;0.248;;
810510;unknown;control;2023-01-25 01:30:00+00:00;0.476;;
810510;unknown;control;2023-01-25 01:45:00+00:00;0.089;;
810510;unknown;control;2023-01-25 02:00:00+00:00;0.152;;
810510;unknown;control;2023-01-25 02:15:00+00:00;0.586;;
810510;unknown;control;2023-01-25 02:30:00+00:00;0.075;;
810510;unknown;control;2023-01-25 02:45:00+00:00;0.092;;
810510;unknown;control;2023-01-25 03:00:00+00:00;0.55;;
810510;unknown;control;2023-01-25 03:15:00+00:00;0.178;;
810510;unknown;control;2023-01-25 03:30:00+00:00;0.082;;
810510;unknown;control;2023-01-25 03:45:00+00:00;0.438;;
810510;unknown;control;2023-01-25 04:00:00+00:00;0.296;;
810510;unknown;control;2023-01-25 04:15:00+00:00;0.078;;
810510;unknown;control;2023-01-25 04:30:00+00:00;0.34;;
810510;unknown;control;2023-01-25 04:45:00+00:00;0.399;;
810510;unknown;control;2023-01-25 05:00:00+00:00;0.079;;
810510;unknown;control;2023-01-25 05:15:00+00:00;0.235;;
810510;unknown;control;2023-01-25 05:30:00+00:00;0.511;;
810510;unknown;control;2023-01-25 05:45:00+00:00;0.096;;
810510;unknown;control;2023-01-25 06:00:00+00:00;0.113;;
810510;unknown;control;2023-01-25 06:15:00+00:00;0.618;;
810510;unknown;control;2023-01-25 06:30:00+00:00;0.101;;
810510;unknown;control;2023-01-25 06:45:00+00:00;0.083;;
810510;unknown;control;2023-01-25 07:00:00+00:00;0.525;;
810510;unknown;control;2023-01-25 07:15:00+00:00;0.225;;
810510;unknown;control;2023-01-25 07:30:00+00:00;0.098;;
810510;unknown;control;2023-01-25 07:45:00+00:00;0.398;;
810510;unknown;control;2023-01-25 08:00:00+00:00;0.351;;
810510;unknown;control;2023-01-25 08:15:00+00:00;0.077;;
810510;unknown;control;2023-01-25 08:30:00+00:00;0.271;;
810510;unknown;control;2023-01-25 08:45:00+00:00;0.454;;
810510;unknown;control;2023-01-25 09:00:00+00:00;0.042;;
810510;unknown;control;2023-01-25 09:15:00+00:00;0.142;;
810510;unknown;control;2023-01-25 09:30:00+00:00;0.547;;
810510;unknown;control;2023-01-25 09:45:00+00:00;0.048;;
810510;unknown;control;2023-01-25 10:00:00+00:00;0.034;;
810510;unknown;control;2023-01-25 10:15:00+00:00;0.503;;
810510;unknown;control;2023-01-25 10:30:00+00:00;0.147;;
810510;unknown;control;2023-01-25 10:45:00+00:00;0.034;;
810510;unknown;control;2023-01-25 11:00:00+00:00;0.392;;
810510;unknown;control;2023-01-25 11:15:00+00:00;0.276;;
810510;unknown;control;2023-01-25 11:30:00+00:00;0.067;;
810510;unknown;control;2023-01-25 11:45:00+00:00;0.402;;
810510;unknown;control;2023-01-25 12:00:00+00:00;0.412;;
810510;unknown;control;2023-01-25 12:15:00+00:00;0.049;;
810510;unknown;control;2023-01-25 12:30:00+00:00;0.28;;
810510;unknown;control;2023-01-25 12:45:00+00:00;0.547;;
810510;unknown;control;2023-01-25 13:00:00+00:00;0.066;;
810510;unknown;control;2023-01-25 13:15:00+00:00;0.089;;
810510;unknown;control;2023-01-25 13:30:00+00:00;0.6;;
810510;unknown;control;2023-01-25 13:45:00+00:00;0.159;;
810510;unknown;control;2023-01-25 14:00:00+00:00;0.083;;
810510;unknown;control;2023-01-25 14:15:00+00:00;0.455;;
810510;unknown;control;2023-01-25 14:30:00+00:00;0.331;;
810510;unknown;control;2023-01-25 14:45:00+00:00;0.089;;
810510;unknown;control;2023-01-25 15:00:00+00:00;0.335;;
810510;unknown;control;2023-01-25 15:15:00+00:00;0.47;;
810510;unknown;control;2023-01-25 15:30:00+00:00;0.099;;
810510;unknown;control;2023-01-25 15:45:00+00:00;0.204;;
810510;unknown;control;2023-01-25 16:00:00+00:00;0.575;;
810510;unknown;control;2023-01-25 16:15:00+00:00;0.128;;
810510;unknown;control;2023-01-25 16:30:00+00:00;0.112;;
810510;unknown;control;2023-01-25 16:45:00+00:00;0.609;;
810510;unknown;control;2023-01-25 17:00:00+00:00;0.228;;
810510;unknown;control;2023-01-25 17:15:00+00:00;0.118;;
810510;unknown;control;2023-01-25 17:30:00+00:00;0.467;;
810510;unknown;control;2023-01-25 17:45:00+00:00;0.325;;
810510;unknown;control;2023-01-25 18:00:00+00:00;0.1;;
810510;unknown;control;2023-01-25 18:15:00+00:00;0.313;;
810510;unknown;control;2023-01-25 18:30:00+00:00;0.483;;
810510;unknown;control;2023-01-25 18:45:00+00:00;0.095;;
810510;unknown;control;2023-01-25 19:00:00+00:00;0.178;;
810510;unknown;control;2023-01-25 19:15:00+00:00;0.621;;
810510;unknown;control;2023-01-25 19:30:00+00:00;0.086;;
810510;unknown;control;2023-01-25 19:45:00+00:00;0.105;;
810510;unknown;control;2023-01-25 20:00:00+00:00;0.544;;
810510;unknown;control;2023-01-25 20:15:00+00:00;0.241;;
810510;unknown;control;2023-01-25 20:30:00+00:00;0.096;;
810510;unknown;control;2023-01-25 20:45:00+00:00;0.405;;
810510;unknown;control;2023-01-25 21:00:00+00:00;0.389;;
810510;unknown;control;2023-01-25 21:15:00+00:00;0.084;;
810510;unknown;control;2023-01-25 21:30:00+00:00;0.292;;
810510;unknown;control;2023-01-25 21:45:00+00:00;0.535;;
810510;unknown;control;2023-01-25 22:00:00+00:00;0.159;;
810510;unknown;control;2023-01-25 22:15:00+00:00;0.166;;
810510;unknown;control;2023-01-25 22:30:00+00:00;0.63;;
810510;unknown;control;2023-01-25 22:45:00+00:00;0.158;;
810510;unknown;control;2023-01-25 23:00:00+00:00;0.093;;
810510;unknown;control;2023-01-25 23:15:00+00:00;0.525;;
810510;unknown;control;2023-01-25 23:30:00+00:00;0.272;;
810510;unknown;control;2023-01-25 23:45:00+00:00;0.079;;
810510;unknown;control;2023-01-26 00:00:00+00:00;0.352;;
810510;unknown;control;2023-01-26 00:15:00+00:00;0.415;;
810510;unknown;control;2023-01-26 00:30:00+00:00;0.088;;
810510;unknown;control;2023-01-26 00:45:00+00:00;0.21;;
810510;unknown;control;2023-01-26 01:00:00+00:00;0.579;;
810510;unknown;control;2023-01-26 01:15:00+00:00;0.072;;
810510;unknown;control;2023-01-26 01:30:00+00:00;0.088;;
810510;unknown;control;2023-01-26 01:45:00+00:00;0.572;;
810510;unknown;control;2023-01-26 02:00:00+00:00;0.199;;
810510;unknown;control;2023-01-26 02:15:00+00:00;0.095;;
810510;unknown;control;2023-01-26 02:30:00+00:00;0.411;;
810510;unknown;control;2023-01-26 02:45:00+00:00;0.368;;
810510;unknown;control;2023-01-26 03:00:00+00:00;0.079;;
810510;unknown;control;2023-01-26 03:15:00+00:00;0.266;;
810510;unknown;control;2023-01-26 03:30:00+00:00;0.511;;
810510;unknown;control;2023-01-26 03:45:00+00:00;0.077;;
810510;unknown;control;2023-01-26 04:00:00+00:00;0.132;;
810510;unknown;control;2023-01-26 04:15:00+00:00;0.611;;
810510;unknown;control;2023-01-26 04:30:00+00:00;0.668;;
810510;unknown;control;2023-01-26 04:45:00+00:00;0.05;;
810510;unknown;control;2023-01-26 05:00:00+00:00;0.132;;
810510;unknown;control;2023-01-26 05:15:00+00:00;0.61;;
810510;unknown;control;2023-01-26 05:30:00+00:00;0.159;;
810510;unknown;control;2023-01-26 05:45:00+00:00;0.088;;
810510;unknown;control;2023-01-26 06:00:00+00:00;0.455;;
810510;unknown;control;2023-01-26 06:15:00+00:00;0.368;;
810510;unknown;control;2023-01-26 06:30:00+00:00;0.078;;
810510;unknown;control;2023-01-26 06:45:00+00:00;0.28;;
810510;unknown;control;2023-01-26 07:00:00+00:00;0.543;;
810510;unknown;control;2023-01-26 07:15:00+00:00;0.083;;
810510;unknown;control;2023-01-26 07:30:00+00:00;0.124;;
810510;unknown;control;2023-01-26 07:45:00+00:00;0.598;;
810510;unknown;control;2023-01-26 08:00:00+00:00;0.185;;
810510;unknown;control;2023-01-26 08:15:00+00:00;0.097;;
810510;unknown;control;2023-01-26 08:30:00+00:00;0.464;;
810510;unknown;control;2023-01-26 08:45:00+00:00;0.42;;
810510;unknown;control;2023-01-26 09:00:00+00:00;0.126;;
810510;unknown;control;2023-01-26 09:15:00+00:00;0.377;;
810510;unknown;control;2023-01-26 09:30:00+00:00;0.55;;
810510;unknown;control;2023-01-26 09:45:00+00:00;0.086;;
810510;unknown;control;2023-01-26 10:00:00+00:00;0.073;;
810510;unknown;control;2023-01-26 10:15:00+00:00;0.582;;
810510;unknown;control;2023-01-26 10:30:00+00:00;0.166;;
810510;unknown;control;2023-01-26 10:45:00+00:00;0.039;;
810510;unknown;control;2023-01-26 11:00:00+00:00;0.416;;
810510;unknown;control;2023-01-26 11:15:00+00:00;0.311;;
810510;unknown;control;2023-01-26 11:30:00+00:00;0.051;;
810510;unknown;control;2023-01-26 11:45:00+00:00;0.251;;
810510;unknown;control;2023-01-26 12:00:00+00:00;0.497;;
810510;unknown;control;2023-01-26 12:15:00+00:00;0.077;;
810510;unknown;control;2023-01-26 12:30:00+00:00;0.106;;
810510;unknown;control;2023-01-26 12:45:00+00:00;0.595;;
810510;unknown;control;2023-01-26 13:00:00+00:00;0.13;;
810510;unknown;control;2023-01-26 13:15:00+00:00;0.069;;
810510;unknown;control;2023-01-26 13:30:00+00:00;0.479;;
810510;unknown;control;2023-01-26 13:45:00+00:00;0.294;;
810510;unknown;control;2023-01-26 14:00:00+00:00;0.082;;
810510;unknown;control;2023-01-26 14:15:00+00:00;0.328;;
810510;unknown;control;2023-01-26 14:30:00+00:00;0.471;;
810510;unknown;control;2023-01-26 14:45:00+00:00;0.077;;
810510;unknown;control;2023-01-26 15:00:00+00:00;0.187;;
810510;unknown;control;2023-01-26 15:15:00+00:00;0.612;;
810510;unknown;control;2023-01-26 15:30:00+00:00;0.095;;
810510;unknown;control;2023-01-26 15:45:00+00:00;0.097;;
810510;unknown;control;2023-01-26 16:00:00+00:00;0.55;;
810510;unknown;control;2023-01-26 16:15:00+00:00;0.25;;
810510;unknown;control;2023-01-26 16:30:00+00:00;0.081;;
810510;unknown;control;2023-01-26 16:45:00+00:00;0.404;;
810510;unknown;control;2023-01-26 17:00:00+00:00;0.396;;
810510;unknown;control;2023-01-26 17:15:00+00:00;0.079;;
810510;unknown;control;2023-01-26 17:30:00+00:00;0.253;;
810510;unknown;control;2023-01-26 17:45:00+00:00;0.721;;
810510;unknown;control;2023-01-26 18:00:00+00:00;0.407;;
810510;unknown;control;2023-01-26 18:15:00+00:00;0.058;;
810510;unknown;control;2023-01-26 18:30:00+00:00;0.314;;
810510;unknown;control;2023-01-26 18:45:00+00:00;0.576;;
810510;unknown;control;2023-01-26 19:00:00+00:00;0.088;;
810510;unknown;control;2023-01-26 19:15:00+00:00;0.099;;
810510;unknown;control;2023-01-26 19:30:00+00:00;0.594;;
810510;unknown;control;2023-01-26 19:45:00+00:00;0.256;;
810510;unknown;control;2023-01-26 20:00:00+00:00;0.083;;
810510;unknown;control;2023-01-26 20:15:00+00:00;0.405;;
810510;unknown;control;2023-01-26 20:30:00+00:00;0.453;;
810510;unknown;control;2023-01-26 20:45:00+00:00;0.091;;
810510;unknown;control;2023-01-26 21:00:00+00:00;0.227;;
810510;unknown;control;2023-01-26 21:15:00+00:00;0.642;;
810510;unknown;control;2023-01-26 21:30:00+00:00;0.133;;
810510;unknown;control;2023-01-26 21:45:00+00:00;0.102;;
810510;unknown;control;2023-01-26 22:00:00+00:00;0.567;;
810510;unknown;control;2023-01-26 22:15:00+00:00;0.304;;
810510;unknown;control;2023-01-26 22:30:00+00:00;0.098;;
810510;unknown;control;2023-01-26 22:45:00+00:00;0.386;;
810510;unknown;control;2023-01-26 23:00:00+00:00;0.486;;
810510;unknown;control;2023-01-26 23:15:00+00:00;0.104;;
810510;unknown;control;2023-01-26 23:30:00+00:00;0.184;;
810510;unknown;control;2023-01-26 23:45:00+00:00;0.616;;
810510;unknown;control;2023-11-02 00:00:00+00:00;0.092;;
810510;unknown;control;2023-11-02 00:15:00+00:00;0.161;;
810510;unknown;control;2023-11-02 00:30:00+00:00;0.459;;
810510;unknown;control;2023-11-02 00:45:00+00:00;0.091;;
810510;unknown;control;2023-11-02 01:00:00+00:00;0.162;;
810510;unknown;control;2023-11-02 01:15:00+00:00;0.464;;
810510;unknown;control;2023-11-02 01:30:00+00:00;0.076;;
810510;unknown;control;2023-11-02 01:45:00+00:00;0.165;;
810510;unknown;control;2023-11-02 02:00:00+00:00;0.447;;
810510;unknown;control;2023-11-02 02:15:00+00:00;0.076;;
810510;unknown;control;2023-11-02 02:30:00+00:00;0.144;;
810510;unknown;control;2023-11-02 02:45:00+00:00;0.459;;
810510;unknown;control;2023-11-02 03:00:00+00:00;0.067;;
810510;unknown;control;2023-11-02 03:15:00+00:00;0.157;;
810510;unknown;control;2023-11-02 03:30:00+00:00;0.456;;
810510;unknown;control;2023-11-02 03:45:00+00:00;0.079;;
810510;unknown;control;2023-11-02 04:00:00+00:00;0.15;;
810510;unknown;control;2023-11-02 04:15:00+00:00;0.45;;
810510;unknown;control;2023-11-02 04:30:00+00:00;0.07;;
810510;unknown;control;2023-11-02 04:45:00+00:00;0.105;;
810510;unknown;control;2023-11-02 05:00:00+00:00;0.485;;
810510;unknown;control;2023-11-02 05:15:00+00:00;0.083;;
810510;unknown;control;2023-11-02 05:30:00+00:00;0.082;;
810510;unknown;control;2023-11-02 05:45:00+00:00;0.514;;
810510;unknown;control;2023-11-02 06:00:00+00:00;0.079;;
810510;unknown;control;2023-11-02 06:15:00+00:00;0.077;;
810510;unknown;control;2023-11-02 06:30:00+00:00;0.515;;
810510;unknown;control;2023-11-02 06:45:00+00:00;0.077;;
810510;unknown;control;2023-11-02 07:00:00+00:00;0.1;;
810510;unknown;control;2023-11-02 07:15:00+00:00;0.485;;
810510;unknown;control;2023-11-02 07:30:00+00:00;0.179;;
810510;unknown;control;2023-11-02 07:45:00+00:00;0.107;;
810510;unknown;control;2023-11-02 08:00:00+00:00;0.417;;
810510;unknown;control;2023-11-02 08:15:00+00:00;0.378;;
810510;unknown;control;2023-11-02 08:30:00+00:00;0.119;;
810510;unknown;control;2023-11-02 08:45:00+00:00;0.448;;
810510;unknown;control;2023-11-02 09:00:00+00:00;0.451;;
810510;unknown;control;2023-11-02 09:15:00+00:00;0.026;;
810510;unknown;control;2023-11-02 09:30:00+00:00;0.178;;
810510;unknown;control;2023-11-02 09:45:00+00:00;0.34;;
810510;unknown;control;2023-11-02 10:00:00+00:00;0.093;;
810510;unknown;control;2023-11-02 10:15:00+00:00;0.083;;
810510;unknown;control;2023-11-02 10:30:00+00:00;0.413;;
810510;unknown;control;2023-11-02 10:45:00+00:00;0.055;;
810510;unknown;control;2023-11-02 11:00:00+00:00;0.028;;
810510;unknown;control;2023-11-02 11:15:00+00:00;0.455;;
810510;unknown;control;2023-11-02 11:30:00+00:00;0.045;;
810510;unknown;control;2023-11-02 11:45:00+00:00;0.074;;
810510;unknown;control;2023-11-02 12:00:00+00:00;0.289;;
810510;unknown;control;2023-11-02 12:15:00+00:00;0.273;;
810510;unknown;control;2023-11-02 12:30:00+00:00;0.104;;
810510;unknown;control;2023-11-02 12:45:00+00:00;0.098;;
810510;unknown;control;2023-11-02 13:00:00+00:00;0.485;;
810510;unknown;control;2023-11-02 13:15:00+00:00;0.065;;
810510;unknown;control;2023-11-02 13:30:00+00:00;0.099;;
810510;unknown;control;2023-11-02 13:45:00+00:00;0.631;;
810510;unknown;control;2023-11-02 14:00:00+00:00;0.463;;
810510;unknown;control;2023-11-02 14:15:00+00:00;0.154;;
810510;unknown;control;2023-11-02 14:30:00+00:00;0.121;;
810510;unknown;control;2023-11-02 14:45:00+00:00;0.478;;
810510;unknown;control;2023-11-02 15:00:00+00:00;0.179;;
810510;unknown;control;2023-11-02 15:15:00+00:00;0.089;;
810510;unknown;control;2023-11-02 15:30:00+00:00;0.159;;
810510;unknown;control;2023-11-02 15:45:00+00:00;0.463;;
810510;unknown;control;2023-11-02 16:00:00+00:00;0.088;;
810510;unknown;control;2023-11-02 16:15:00+00:00;0.088;;
810510;unknown;control;2023-11-02 16:30:00+00:00;0.382;;
810510;unknown;control;2023-11-02 16:45:00+00:00;0.18;;
810510;unknown;control;2023-11-02 17:00:00+00:00;0.072;;
810510;unknown;control;2023-11-02 17:15:00+00:00;0.12;;
810510;unknown;control;2023-11-02 17:30:00+00:00;0.451;;
810510;unknown;control;2023-11-02 17:45:00+00:00;0.086;;
810510;unknown;control;2023-11-02 18:00:00+00:00;0.08;;
810510;unknown;control;2023-11-02 18:15:00+00:00;0.412;;
810510;unknown;control;2023-11-02 18:30:00+00:00;0.177;;
810510;unknown;control;2023-11-02 18:45:00+00:00;0.08;;
810510;unknown;control;2023-11-02 19:00:00+00:00;0.184;;
810510;unknown;control;2023-11-02 19:15:00+00:00;0.387;;
810510;unknown;control;2023-11-02 19:30:00+00:00;0.09;;
810510;unknown;control;2023-11-02 19:45:00+00:00;0.082;;
810510;unknown;control;2023-11-02 20:00:00+00:00;0.512;;
810510;unknown;control;2023-11-02 20:15:00+00:00;0.084;;
810510;unknown;control;2023-11-02 20:30:00+00:00;0.097;;
810510;unknown;control;2023-11-02 20:45:00+00:00;0.353;;
810510;unknown;control;2023-11-02 21:00:00+00:00;0.29;;
810510;unknown;control;2023-11-02 21:15:00+00:00;0.112;;
810510;unknown;control;2023-11-02 21:30:00+00:00;0.252;;
810510;unknown;control;2023-11-02 21:45:00+00:00;0.388;;
810510;unknown;control;2023-11-02 22:00:00+00:00;0.113;;
810510;unknown;control;2023-11-02 22:15:00+00:00;0.183;;
810510;unknown;control;2023-11-02 22:30:00+00:00;0.461;;
810510;unknown;control;2023-11-02 22:45:00+00:00;0.104;;
810510;unknown;control;2023-11-02 23:00:00+00:00;0.186;;
810510;unknown;control;2023-11-02 23:15:00+00:00;0.447;;
810510;unknown;control;2023-11-02 23:30:00+00:00;0.088;;
810510;unknown;control;2023-11-02 23:45:00+00:00;0.168;;
810510;unknown;control;2023-11-12 00:00:00+00:00;0.115;;
810510;unknown;control;2023-11-12 00:15:00+00:00;0.497;;
810510;unknown;control;2023-11-12 00:30:00+00:00;0.068;;
810510;unknown;control;2023-11-12 00:45:00+00:00;0.107;;
810510;unknown;control;2023-11-12 01:00:00+00:00;0.535;;
810510;unknown;control;2023-11-12 01:15:00+00:00;0.071;;
810510;unknown;control;2023-11-12 01:30:00+00:00;0.076;;
810510;unknown;control;2023-11-12 01:45:00+00:00;0.316;;
810510;unknown;control;2023-11-12 02:00:00+00:00;0.061;;
810510;unknown;control;2023-11-12 02:15:00+00:00;0.311;;
810510;unknown;control;2023-11-12 02:30:00+00:00;0.412;;
810510;unknown;control;2023-11-12 02:45:00+00:00;0.067;;
810510;unknown;control;2023-11-12 03:00:00+00:00;0.208;;
810510;unknown;control;2023-11-12 03:15:00+00:00;0.467;;
810510;unknown;control;2023-11-12 03:30:00+00:00;0.078;;
810510;unknown;control;2023-11-12 03:45:00+00:00;0.125;;
810510;unknown;control;2023-11-12 04:00:00+00:00;0.551;;
810510;unknown;control;2023-11-12 04:15:00+00:00;0.077;;
810510;unknown;control;2023-11-12 04:30:00+00:00;0.075;;
810510;unknown;control;2023-11-12 04:45:00+00:00;0.561;;
810510;unknown;control;2023-11-12 05:00:00+00:00;0.094;;
810510;unknown;control;2023-11-12 05:15:00+00:00;0.072;;
810510;unknown;control;2023-11-12 05:30:00+00:00;0.497;;
810510;unknown;control;2023-11-12 05:45:00+00:00;0.17;;
810510;unknown;control;2023-11-12 06:00:00+00:00;0.076;;
810510;unknown;control;2023-11-12 06:15:00+00:00;0.451;;
810510;unknown;control;2023-11-12 06:30:00+00:00;0.208;;
810510;unknown;control;2023-11-12 06:45:00+00:00;0.086;;
810510;unknown;control;2023-11-12 07:00:00+00:00;0.388;;
810510;unknown;control;2023-11-12 07:15:00+00:00;0.291;;
810510;unknown;control;2023-11-12 07:30:00+00:00;0.081;;
810510;unknown;control;2023-11-12 07:45:00+00:00;0.349;;
810510;unknown;control;2023-11-12 08:00:00+00:00;0.3;;
810510;unknown;control;2023-11-12 08:15:00+00:00;0.073;;
810510;unknown;control;2023-11-12 08:30:00+00:00;0.261;;
810510;unknown;control;2023-11-12 08:45:00+00:00;0.294;;
810510;unknown;control;2023-11-12 09:00:00+00:00;0.053;;
810510;unknown;control;2023-11-12 09:15:00+00:00;0.241;;
810510;unknown;control;2023-11-12 09:30:00+00:00;0.369;;
810510;unknown;control;2023-11-12 09:45:00+00:00;0.099;;
810510;unknown;control;2023-11-12 10:00:00+00:00;0.221;;
810510;unknown;control;2023-11-12 10:15:00+00:00;0.338;;
810510;unknown;control;2023-11-12 10:30:00+00:00;0.045;;
810510;unknown;control;2023-11-12 10:45:00+00:00;0.203;;
810510;unknown;control;2023-11-12 11:00:00+00:00;0.367;;
810510;unknown;control;2023-11-12 11:15:00+00:00;0.052;;
810510;unknown;control;2023-11-12 11:30:00+00:00;0.228;;
810510;unknown;control;2023-11-12 11:45:00+00:00;0.43;;
810510;unknown;control;2023-11-12 12:00:00+00:00;0.096;;
810510;unknown;control;2023-11-12 12:15:00+00:00;0.179;;
810510;unknown;control;2023-11-12 12:30:00+00:00;0.47;;
810510;unknown;control;2023-11-12 12:45:00+00:00;0.094;;
810510;unknown;control;2023-11-12 13:00:00+00:00;0.161;;
810510;unknown;control;2023-11-12 13:15:00+00:00;0.501;;
810510;unknown;control;2023-11-12 13:30:00+00:00;0.106;;
810510;unknown;control;2023-11-12 13:45:00+00:00;0.166;;
810510;unknown;control;2023-11-12 14:00:00+00:00;0.542;;
810510;unknown;control;2023-11-12 14:15:00+00:00;0.141;;
810510;unknown;control;2023-11-12 14:30:00+00:00;0.183;;
810510;unknown;control;2023-11-12 14:45:00+00:00;0.591;;
810510;unknown;control;2023-11-12 15:00:00+00:00;0.141;;
810510;unknown;control;2023-11-12 15:15:00+00:00;0.173;;
810510;unknown;control;2023-11-12 15:30:00+00:00;0.567;;
810510;unknown;control;2023-11-12 15:45:00+00:00;0.123;;
810510;unknown;control;2023-11-12 16:00:00+00:00;0.123;;
810510;unknown;control;2023-11-12 16:15:00+00:00;0.502;;
810510;unknown;control;2023-11-12 16:30:00+00:00;0.068;;
810510;unknown;control;2023-11-12 16:45:00+00:00;0.078;;
810510;unknown;control;2023-11-12 17:00:00+00:00;0.504;;
810510;unknown;control;2023-11-12 17:15:00+00:00;0.085;;
810510;unknown;control;2023-11-12 17:30:00+00:00;0.081;;
810510;unknown;control;2023-11-12 17:45:00+00:00;0.525;;
810510;unknown;control;2023-11-12 18:00:00+00:00;0.144;;
810510;unknown;control;2023-11-12 18:15:00+00:00;0.12;;
810510;unknown;control;2023-11-12 18:30:00+00:00;0.199;;
810510;unknown;control;2023-11-12 18:45:00+00:00;0.438;;
810510;unknown;control;2023-11-12 19:00:00+00:00;0.135;;
810510;unknown;control;2023-11-12 19:15:00+00:00;0.102;;
810510;unknown;control;2023-11-12 19:30:00+00:00;0.113;;
810510;unknown;control;2023-11-12 19:45:00+00:00;0.493;;
810510;unknown;control;2023-11-12 20:00:00+00:00;0.138;;
810510;unknown;control;2023-11-12 20:15:00+00:00;0.13;;
810510;unknown;control;2023-11-12 20:30:00+00:00;0.144;;
810510;unknown;control;2023-11-12 20:45:00+00:00;0.373;;
810510;unknown;control;2023-11-12 21:00:00+00:00;0.587;;
810510;unknown;control;2023-11-12 21:15:00+00:00;0.089;;
810510;unknown;control;2023-11-12 21:30:00+00:00;0.221;;
810510;unknown;control;2023-11-12 21:45:00+00:00;0.343;;
810510;unknown;control;2023-11-12 22:00:00+00:00;0.097;;
810510;unknown;control;2023-11-12 22:15:00+00:00;0.094;;
810510;unknown;control;2023-11-12 22:30:00+00:00;0.068;;
810510;unknown;control;2023-11-12 22:45:00+00:00;0.159;;
810510;unknown;control;2023-11-12 23:00:00+00:00;0.368;;
810510;unknown;control;2023-11-12 23:15:00+00:00;0.096;;
810510;unknown;control;2023-11-12 23:30:00+00:00;0.11;;
810510;unknown;control;2023-11-12 23:45:00+00:00;0.132;;
810510;unknown;control;2023-11-13 00:00:00+00:00;0.123;;
810510;unknown;control;2023-11-13 00:15:00+00:00;0.475;;
810510;unknown;control;2023-11-13 00:30:00+00:00;0.125;;
810510;unknown;control;2023-11-13 00:45:00+00:00;0.13;;
810510;unknown;control;2023-11-13 01:00:00+00:00;0.122;;
810510;unknown;control;2023-11-13 01:15:00+00:00;0.101;;
810510;unknown;control;2023-11-13 01:30:00+00:00;0.102;;
810510;unknown;control;2023-11-13 01:45:00+00:00;0.327;;
810510;unknown;control;2023-11-13 02:00:00+00:00;0.235;;
810510;unknown;control;2023-11-13 02:15:00+00:00;0.105;;
810510;unknown;control;2023-11-13 02:30:00+00:00;0.156;;
810510;unknown;control;2023-11-13 02:45:00+00:00;0.153;;
810510;unknown;control;2023-11-13 03:00:00+00:00;0.164;;
810510;unknown;control;2023-11-13 03:15:00+00:00;0.146;;
810510;unknown;control;2023-11-13 03:30:00+00:00;0.129;;
810510;unknown;control;2023-11-13 03:45:00+00:00;0.372;;
810510;unknown;control;2023-11-13 04:00:00+00:00;0.177;;
810510;unknown;control;2023-11-13 04:15:00+00:00;0.098;;
810510;unknown;control;2023-11-13 04:30:00+00:00;0.089;;
810510;unknown;control;2023-11-13 04:45:00+00:00;0.073;;
810510;unknown;control;2023-11-13 05:00:00+00:00;0.081;;
810510;unknown;control;2023-11-13 05:15:00+00:00;0.112;;
810510;unknown;control;2023-11-13 05:30:00+00:00;0.365;;
810510;unknown;control;2023-11-13 05:45:00+00:00;0.064;;
810510;unknown;control;2023-11-13 06:00:00+00:00;0.101;;
810510;unknown;control;2023-11-13 06:15:00+00:00;0.115;;
810510;unknown;control;2023-11-13 06:30:00+00:00;0.088;;
810510;unknown;control;2023-11-13 06:45:00+00:00;0.258;;
810510;unknown;control;2023-11-13 07:00:00+00:00;0.29;;
810510;unknown;control;2023-11-13 07:15:00+00:00;0.192;;
810510;unknown;control;2023-11-13 07:30:00+00:00;0.146;;
810510;unknown;control;2023-11-13 07:45:00+00:00;0.159;;
810510;unknown;control;2023-11-13 08:00:00+00:00;0.123;;
810510;unknown;control;2023-11-13 08:15:00+00:00;0.628;;
810510;unknown;control;2023-11-13 08:30:00+00:00;0.529;;
810510;unknown;control;2023-11-13 08:45:00+00:00;0.322;;
810510;unknown;control;2023-11-13 09:00:00+00:00;0.302;;
810510;unknown;control;2023-11-13 09:15:00+00:00;0.696;;
810510;unknown;control;2023-11-13 09:30:00+00:00;0.283;;
810510;unknown;control;2023-11-13 09:45:00+00:00;0.418;;
810510;unknown;control;2023-11-13 10:00:00+00:00;0.153;;
810510;unknown;control;2023-11-13 10:15:00+00:00;0.169;;
810510;unknown;control;2023-11-13 10:30:00+00:00;0.174;;
810510;unknown;control;2023-11-13 10:45:00+00:00;0.393;;
810510;unknown;control;2023-11-13 11:00:00+00:00;0.072;;
810510;unknown;control;2023-11-13 11:15:00+00:00;0.078;;
810510;unknown;control;2023-11-13 11:30:00+00:00;0.053;;
810510;unknown;control;2023-11-13 11:45:00+00:00;0.076;;
810510;unknown;control;2023-11-13 12:00:00+00:00;0.04;;
810510;unknown;control;2023-11-13 12:15:00+00:00;0.079;;
810510;unknown;control;2023-11-13 12:30:00+00:00;0.117;;
810510;unknown;control;2023-11-13 12:45:00+00:00;0.087;;
810510;unknown;control;2023-11-13 13:00:00+00:00;0.076;;
810510;unknown;control;2023-11-13 13:15:00+00:00;0.094;;
810510;unknown;control;2023-11-13 13:30:00+00:00;0.713;;
810510;unknown;control;2023-11-13 13:45:00+00:00;0.251;;
810510;unknown;control;2023-11-13 14:00:00+00:00;0.026;;
810510;unknown;control;2023-11-13 14:15:00+00:00;0.052;;
810510;unknown;control;2023-11-13 14:30:00+00:00;0.108;;
810510;unknown;control;2023-11-13 14:45:00+00:00;0.123;;
810510;unknown;control;2023-11-13 15:00:00+00:00;0.145;;
810510;unknown;control;2023-11-13 15:15:00+00:00;0.132;;
810510;unknown;control;2023-11-13 15:30:00+00:00;0.165;;
810510;unknown;control;2023-11-13 15:45:00+00:00;0.186;;
810510;unknown;control;2023-11-13 16:00:00+00:00;0.191;;
810510;unknown;control;2023-11-13 16:15:00+00:00;0.149;;
810510;unknown;control;2023-11-13 16:30:00+00:00;0.161;;
810510;unknown;control;2023-11-13 16:45:00+00:00;0.124;;
810510;unknown;control;2023-11-13 17:00:00+00:00;0.1;;
810510;unknown;control;2023-11-13 17:15:00+00:00;0.1;;
810510;unknown;control;2023-11-13 17:30:00+00:00;0.113;;
810510;unknown;control;2023-11-13 17:45:00+00:00;0.118;;
810510;unknown;control;2023-11-13 18:00:00+00:00;0.101;;
810510;unknown;control;2023-11-13 18:15:00+00:00;0.097;;
810510;unknown;control;2023-11-13 18:30:00+00:00;0.097;;
810510;unknown;control;2023-11-13 18:45:00+00:00;0.132;;
810510;unknown;control;2023-11-13 19:00:00+00:00;0.118;;
810510;unknown;control;2023-11-13 19:15:00+00:00;0.142;;
810510;unknown;control;2023-11-13 19:30:00+00:00;0.099;;
810510;unknown;control;2023-11-13 19:45:00+00:00;0.113;;
810510;unknown;control;2023-11-13 20:00:00+00:00;0.136;;
810510;unknown;control;2023-11-13 20:15:00+00:00;0.156;;
810510;unknown;control;2023-11-13 20:30:00+00:00;0.137;;
810510;unknown;control;2023-11-13 20:45:00+00:00;0.15;;
810510;unknown;control;2023-11-13 21:00:00+00:00;0.1;;
810510;unknown;control;2023-11-13 21:15:00+00:00;0.15;;
810510;unknown;control;2023-11-13 21:30:00+00:00;0.106;;
810510;unknown;control;2023-11-13 21:45:00+00:00;0.137;;
810510;unknown;control;2023-11-13 22:00:00+00:00;0.164;;
810510;unknown;control;2023-11-13 22:15:00+00:00;0.151;;
810510;unknown;control;2023-11-13 22:30:00+00:00;0.177;;
810510;unknown;control;2023-11-13 22:45:00+00:00;0.172;;
810510;unknown;control;2023-11-13 23:00:00+00:00;0.145;;
810510;unknown;control;2023-11-13 23:15:00+00:00;0.128;;
810510;unknown;control;2023-11-13 23:30:00+00:00;0.146;;
810510;unknown;control;2023-11-13 23:45:00+00:00;0.14;;
810510;unknown;control;2023-11-14 00:00:00+00:00;0.134;;
810510;unknown;control;2023-11-14 00:15:00+00:00;0.131;;
810510;unknown;control;2023-11-14 00:30:00+00:00;0.128;;
810510;unknown;control;2023-11-14 00:45:00+00:00;0.138;;
810510;unknown;control;2023-11-14 01:00:00+00:00;0.12;;
810510;unknown;control;2023-11-14 01:15:00+00:00;0.133;;
810510;unknown;control;2023-11-14 01:30:00+00:00;0.149;;
810510;unknown;control;2023-11-14 01:45:00+00:00;0.129;;
810510;unknown;control;2023-11-14 02:00:00+00:00;0.127;;
810510;unknown;control;2023-11-14 02:15:00+00:00;0.089;;
810510;unknown;control;2023-11-14 02:30:00+00:00;0.107;;
810510;unknown;control;2023-11-14 02:45:00+00:00;0.089;;
810510;unknown;control;2023-11-14 03:00:00+00:00;0.085;;
810510;unknown;control;2023-11-14 03:15:00+00:00;0.081;;
810510;unknown;control;2023-11-14 03:30:00+00:00;0.09;;
810510;unknown;control;2023-11-14 03:45:00+00:00;0.093;;
810510;unknown;control;2023-11-14 04:00:00+00:00;0.078;;
810510;unknown;control;2023-11-14 04:15:00+00:00;0.08;;
810510;unknown;control;2023-11-14 04:30:00+00:00;0.08;;
810510;unknown;control;2023-11-14 04:45:00+00:00;0.284;;
810510;unknown;control;2023-11-14 05:00:00+00:00;0.192;;
810510;unknown;control;2023-11-14 05:15:00+00:00;0.085;;
810510;unknown;control;2023-11-14 05:30:00+00:00;0.071;;
810510;unknown;control;2023-11-14 05:45:00+00:00;0.611;;
810510;unknown;control;2023-11-14 06:00:00+00:00;0.186;;
810510;unknown;control;2023-11-14 06:15:00+00:00;0.066;;
810510;unknown;control;2023-11-14 06:30:00+00:00;0.411;;
810510;unknown;control;2023-11-14 06:45:00+00:00;0.095;;
810510;unknown;control;2023-11-14 07:00:00+00:00;0.075;;
810510;unknown;control;2023-11-14 07:15:00+00:00;0.093;;
810510;unknown;control;2023-11-14 07:30:00+00:00;0.415;;
810510;unknown;control;2023-11-14 07:45:00+00:00;0.075;;
810510;unknown;control;2023-11-14 08:00:00+00:00;0.082;;
810510;unknown;control;2023-11-14 08:15:00+00:00;0.116;;
810510;unknown;control;2023-11-14 08:30:00+00:00;0.428;;
810510;unknown;control;2023-11-14 08:45:00+00:00;0.107;;
810510;unknown;control;2023-11-14 09:00:00+00:00;0.056;;
810510;unknown;control;2023-11-14 09:15:00+00:00;0.115;;
810510;unknown;control;2023-11-14 09:30:00+00:00;0.367;;
810510;unknown;control;2023-11-14 09:45:00+00:00;0.075;;
810510;unknown;control;2023-11-14 10:00:00+00:00;0.074;;
810510;unknown;control;2023-11-14 10:15:00+00:00;0.071;;
810510;unknown;control;2023-11-14 10:30:00+00:00;0.427;;
810510;unknown;control;2023-11-14 10:45:00+00:00;0.083;;
810510;unknown;control;2023-11-14 11:00:00+00:00;0.064;;
810510;unknown;control;2023-11-14 11:15:00+00:00;0.073;;
810510;unknown;control;2023-11-14 11:30:00+00:00;0.379;;
810510;unknown;control;2023-11-14 11:45:00+00:00;0.125;;
810510;unknown;control;2023-11-14 12:00:00+00:00;0.041;;
810510;unknown;control;2023-11-14 12:15:00+00:00;0.089;;
810510;unknown;control;2023-11-14 12:30:00+00:00;0.159;;
810510;unknown;control;2023-11-14 12:45:00+00:00;0.369;;
810510;unknown;control;2023-11-14 13:00:00+00:00;0.111;;
810510;unknown;control;2023-11-14 13:15:00+00:00;0.087;;
810510;unknown;control;2023-11-14 13:30:00+00:00;0.102;;
810510;unknown;control;2023-11-14 13:45:00+00:00;0.382;;
810510;unknown;control;2023-11-14 14:00:00+00:00;0.097;;
810510;unknown;control;2023-11-14 14:15:00+00:00;0.095;;
810510;unknown;control;2023-11-14 14:30:00+00:00;0.101;;
810510;unknown;control;2023-11-14 14:45:00+00:00;0.447;;
810510;unknown;control;2023-11-14 15:00:00+00:00;0.1;;
810510;unknown;control;2023-11-14 15:15:00+00:00;0.096;;
810510;unknown;control;2023-11-14 15:30:00+00:00;0.392;;
810510;unknown;control;2023-11-14 15:45:00+00:00;0.604;;
810510;unknown;control;2023-11-14 16:00:00+00:00;0.251;;
810510;unknown;control;2023-11-14 16:15:00+00:00;0.174;;
810510;unknown;control;2023-11-14 16:30:00+00:00;0.14;;
810510;unknown;control;2023-11-14 16:45:00+00:00;0.385;;
810510;unknown;control;2023-11-14 17:00:00+00:00;0.19;;
810510;unknown;control;2023-11-14 17:15:00+00:00;0.113;;
810510;unknown;control;2023-11-14 17:30:00+00:00;0.112;;
810510;unknown;control;2023-11-14 17:45:00+00:00;0.423;;
810510;unknown;control;2023-11-14 18:00:00+00:00;0.195;;
810510;unknown;control;2023-11-14 18:15:00+00:00;0.121;;
810510;unknown;control;2023-11-14 18:30:00+00:00;0.079;;
810510;unknown;control;2023-11-14 18:45:00+00:00;0.117;;
810510;unknown;control;2023-11-14 19:00:00+00:00;0.45;;
810510;unknown;control;2023-11-14 19:15:00+00:00;0.116;;
810510;unknown;control;2023-11-14 19:30:00+00:00;0.103;;
810510;unknown;control;2023-11-14 19:45:00+00:00;0.151;;
810510;unknown;control;2023-11-14 20:00:00+00:00;0.146;;
810510;unknown;control;2023-11-14 20:15:00+00:00;0.485;;
810510;unknown;control;2023-11-14 20:30:00+00:00;0.168;;
810510;unknown;control;2023-11-14 20:45:00+00:00;0.154;;
810510;unknown;control;2023-11-14 21:00:00+00:00;0.824;;
810510;unknown;control;2023-11-14 21:15:00+00:00;0.145;;
810510;unknown;control;2023-11-14 21:30:00+00:00;0.138;;
810510;unknown;control;2023-11-14 21:45:00+00:00;0.423;;
810510;unknown;control;2023-11-14 22:00:00+00:00;0.123;;
810510;unknown;control;2023-11-14 22:15:00+00:00;0.094;;
810510;unknown;control;2023-11-14 22:30:00+00:00;0.101;;
810510;unknown;control;2023-11-14 22:45:00+00:00;0.305;;
810510;unknown;control;2023-11-14 23:00:00+00:00;0.241;;
810510;unknown;control;2023-11-14 23:15:00+00:00;0.086;;
810510;unknown;control;2023-11-14 23:30:00+00:00;0.107;;
810510;unknown;control;2023-11-14 23:45:00+00:00;0.083;;
810510;unknown;control;2023-11-15 00:00:00+00:00;0.431;;
810510;unknown;control;2023-11-15 00:15:00+00:00;0.082;;
810510;unknown;control;2023-11-15 00:30:00+00:00;0.085;;
810510;unknown;control;2023-11-15 00:45:00+00:00;0.087;;
810510;unknown;control;2023-11-15 01:00:00+00:00;0.421;;
810510;unknown;control;2023-11-15 01:15:00+00:00;0.088;;
810510;unknown;control;2023-11-15 01:30:00+00:00;0.081;;
810510;unknown;control;2023-11-15 01:45:00+00:00;0.097;;
810510;unknown;control;2023-11-15 02:00:00+00:00;0.42;;
810510;unknown;control;2023-11-15 02:15:00+00:00;0.095;;
810510;unknown;control;2023-11-15 02:30:00+00:00;0.088;;
810510;unknown;control;2023-11-15 02:45:00+00:00;0.118;;
810510;unknown;control;2023-11-15 03:00:00+00:00;0.41;;
810510;unknown;control;2023-11-15 03:15:00+00:00;0.108;;
810510;unknown;control;2023-11-15 03:30:00+00:00;0.081;;
810510;unknown;control;2023-11-15 03:45:00+00:00;0.203;;
810510;unknown;control;2023-11-15 04:00:00+00:00;0.322;;
810510;unknown;control;2023-11-15 04:15:00+00:00;0.082;;
810510;unknown;control;2023-11-15 04:30:00+00:00;0.072;;
810510;unknown;control;2023-11-15 04:45:00+00:00;0.33;;
810510;unknown;control;2023-11-15 05:00:00+00:00;0.199;;
810510;unknown;control;2023-11-15 05:15:00+00:00;0.068;;
810510;unknown;control;2023-11-15 05:30:00+00:00;0.078;;
810510;unknown;control;2023-11-15 05:45:00+00:00;0.443;;
810510;unknown;control;2023-11-15 06:00:00+00:00;0.09;;
810510;unknown;control;2023-11-15 06:15:00+00:00;0.08;;
810510;unknown;control;2023-11-15 06:30:00+00:00;0.147;;
810510;unknown;control;2023-11-15 06:45:00+00:00;0.388;;
810510;unknown;control;2023-11-15 07:00:00+00:00;0.099;;
810510;unknown;control;2023-11-15 07:15:00+00:00;0.092;;
810510;unknown;control;2023-11-15 07:30:00+00:00;0.301;;
810510;unknown;control;2023-11-15 07:45:00+00:00;0.157;;
810510;unknown;control;2023-11-15 08:00:00+00:00;0.0;;
810510;unknown;control;2023-11-15 08:15:00+00:00;0.004;;
810510;unknown;control;2023-11-15 08:30:00+00:00;0.445;;
810510;unknown;control;2023-11-15 08:45:00+00:00;0.005;;
810510;unknown;control;2023-11-15 09:00:00+00:00;0.0;;
810510;unknown;control;2023-11-15 09:15:00+00:00;0.324;;
810510;unknown;control;2023-11-15 09:30:00+00:00;0.01;;
810510;unknown;control;2023-11-15 09:45:00+00:00;0.076;;
810510;unknown;control;2023-11-15 10:00:00+00:00;0.668;;
810510;unknown;control;2023-11-15 10:15:00+00:00;0.18;;
810510;unknown;control;2023-11-15 10:30:00+00:00;0.042;;
810510;unknown;control;2023-11-15 10:45:00+00:00;0.094;;
810510;unknown;control;2023-11-15 11:00:00+00:00;0.0;;
810510;unknown;control;2023-11-15 11:15:00+00:00;0.0;;
810510;unknown;control;2023-11-15 11:30:00+00:00;0.258;;
810510;unknown;control;2023-11-15 11:45:00+00:00;0.093;;
810510;unknown;control;2023-11-15 12:00:00+00:00;0.0;;
810510;unknown;control;2023-11-15 12:15:00+00:00;0.138;;
810510;unknown;control;2023-11-15 12:30:00+00:00;0.299;;
810510;unknown;control;2023-11-15 12:45:00+00:00;0.059;;
810510;unknown;control;2023-11-15 13:00:00+00:00;0.049;;
810510;unknown;control;2023-11-15 13:15:00+00:00;0.547;;
810510;unknown;control;2023-11-15 13:30:00+00:00;0.329;;
810510;unknown;control;2023-11-15 13:45:00+00:00;0.0;;
810510;unknown;control;2023-11-15 14:00:00+00:00;0.204;;
810510;unknown;control;2023-11-15 14:15:00+00:00;0.241;;
810510;unknown;control;2023-11-15 14:30:00+00:00;0.047;;
810510;unknown;control;2023-11-15 14:45:00+00:00;0.151;;
810510;unknown;control;2023-11-15 15:00:00+00:00;0.37;;
810510;unknown;control;2023-11-15 15:15:00+00:00;0.075;;
810510;unknown;control;2023-11-15 15:30:00+00:00;0.112;;
810510;unknown;control;2023-11-15 15:45:00+00:00;0.469;;
810510;unknown;control;2023-11-15 16:00:00+00:00;0.099;;
810510;unknown;control;2023-11-15 16:15:00+00:00;0.164;;
810510;unknown;control;2023-11-15 16:30:00+00:00;0.469;;
810510;unknown;control;2023-11-15 16:45:00+00:00;0.1;;
810510;unknown;control;2023-11-15 17:00:00+00:00;0.148;;
810510;unknown;control;2023-11-15 17:15:00+00:00;0.442;;
810510;unknown;control;2023-11-15 17:30:00+00:00;0.088;;
810510;unknown;control;2023-11-15 17:45:00+00:00;0.164;;
810510;unknown;control;2023-11-15 18:00:00+00:00;0.456;;
810510;unknown;control;2023-11-15 18:15:00+00:00;0.084;;
810510;unknown;control;2023-11-15 18:30:00+00:00;0.164;;
810510;unknown;control;2023-11-15 18:45:00+00:00;0.445;;
810510;unknown;control;2023-11-15 19:00:00+00:00;0.089;;
810510;unknown;control;2023-11-15 19:15:00+00:00;0.163;;
810510;unknown;control;2023-11-15 19:30:00+00:00;0.475;;
810510;unknown;control;2023-11-15 19:45:00+00:00;0.075;;
810510;unknown;control;2023-11-15 20:00:00+00:00;0.151;;
810510;unknown;control;2023-11-15 20:15:00+00:00;0.477;;
810510;unknown;control;2023-11-15 20:30:00+00:00;0.089;;
810510;unknown;control;2023-11-15 20:45:00+00:00;0.127;;
810510;unknown;control;2023-11-15 21:00:00+00:00;0.53;;
810510;unknown;control;2023-11-15 21:15:00+00:00;0.079;;
810510;unknown;control;2023-11-15 21:30:00+00:00;0.099;;
810510;unknown;control;2023-11-15 21:45:00+00:00;0.57;;
810510;unknown;control;2023-11-15 22:00:00+00:00;0.125;;
810510;unknown;control;2023-11-15 22:15:00+00:00;0.137;;
810510;unknown;control;2023-11-15 22:30:00+00:00;0.589;;
810510;unknown;control;2023-11-15 22:45:00+00:00;0.156;;
810510;unknown;control;2023-11-15 23:00:00+00:00;0.086;;
810510;unknown;control;2023-11-15 23:15:00+00:00;0.499;;
810510;unknown;control;2023-11-15 23:30:00+00:00;0.221;;
810510;unknown;control;2023-11-15 23:45:00+00:00;0.097;;
810510;unknown;control;2023-11-16 00:00:00+00:00;0.398;;
810510;unknown;control;2023-11-16 00:15:00+00:00;0.342;;
810510;unknown;control;2023-11-16 00:30:00+00:00;0.085;;
810510;unknown;control;2023-11-16 00:45:00+00:00;0.292;;
810510;unknown;control;2023-11-16 01:00:00+00:00;0.405;;
810510;unknown;control;2023-11-16 01:15:00+00:00;0.072;;
810510;unknown;control;2023-11-16 01:30:00+00:00;0.191;;
810510;unknown;control;2023-11-16 01:45:00+00:00;0.51;;
810510;unknown;control;2023-11-16 02:00:00+00:00;0.08;;
810510;unknown;control;2023-11-16 02:15:00+00:00;0.099;;
810510;unknown;control;2023-11-16 02:30:00+00:00;0.593;;
810510;unknown;control;2023-11-16 02:45:00+00:00;0.1;;
810510;unknown;control;2023-11-16 03:00:00+00:00;0.075;;
810510;unknown;control;2023-11-16 03:15:00+00:00;0.483;;
810510;unknown;control;2023-11-16 03:30:00+00:00;0.224;;
810510;unknown;control;2023-11-16 03:45:00+00:00;0.073;;
810510;unknown;control;2023-11-16 04:00:00+00:00;0.399;;
810510;unknown;control;2023-11-16 04:15:00+00:00;0.321;;
810510;unknown;control;2023-11-16 04:30:00+00:00;0.077;;
810510;unknown;control;2023-11-16 04:45:00+00:00;0.266;;
810510;unknown;control;2023-11-16 05:00:00+00:00;0.468;;
810510;unknown;control;2023-11-16 05:15:00+00:00;0.066;;
810510;unknown;control;2023-11-16 05:30:00+00:00;0.157;;
810510;unknown;control;2023-11-16 05:45:00+00:00;0.6;;
810510;unknown;control;2023-11-16 06:00:00+00:00;0.084;;
810510;unknown;control;2023-11-16 06:15:00+00:00;0.076;;
810510;unknown;control;2023-11-16 06:30:00+00:00;0.745;;
810510;unknown;control;2023-11-16 06:45:00+00:00;0.089;;
810510;unknown;control;2023-11-16 07:00:00+00:00;0.031;;
810510;unknown;control;2023-11-16 07:15:00+00:00;0.417;;
810510;unknown;control;2023-11-16 07:30:00+00:00;0.307;;
810510;unknown;control;2023-11-16 07:45:00+00:00;0.001;;
810510;unknown;control;2023-11-16 08:00:00+00:00;0.086;;
810510;unknown;control;2023-11-16 08:15:00+00:00;0.346;;
810510;unknown;control;2023-11-16 08:30:00+00:00;0.0;;
810510;unknown;control;2023-11-16 08:45:00+00:00;0.0;;
810510;unknown;control;2023-11-16 09:00:00+00:00;0.48;;
810510;unknown;control;2023-11-16 09:15:00+00:00;0.133;;
810510;unknown;control;2023-11-16 09:30:00+00:00;0.002;;
810510;unknown;control;2023-11-16 09:45:00+00:00;0.347;;
810510;unknown;control;2023-11-16 10:00:00+00:00;0.168;;
810510;unknown;control;2023-11-16 10:15:00+00:00;0.0;;
810510;unknown;control;2023-11-16 10:30:00+00:00;0.092;;
810510;unknown;control;2023-11-16 10:45:00+00:00;0.046;;
810510;unknown;control;2023-11-16 11:00:00+00:00;0.0;;
810510;unknown;control;2023-11-16 11:15:00+00:00;0.073;;
810510;unknown;control;2023-11-16 11:30:00+00:00;0.188;;
810510;unknown;control;2023-11-16 11:45:00+00:00;0.0;;
810510;unknown;control;2023-11-16 12:00:00+00:00;0.131;;
810510;unknown;control;2023-11-16 12:15:00+00:00;0.245;;
810510;unknown;control;2023-11-16 12:30:00+00:00;0.001;;
810510;unknown;control;2023-11-16 12:45:00+00:00;0.112;;
810510;unknown;control;2023-11-16 13:00:00+00:00;0.319;;
810510;unknown;control;2023-11-16 13:15:00+00:00;0.004;;
810510;unknown;control;2023-11-16 13:30:00+00:00;0.123;;
810510;unknown;control;2023-11-16 13:45:00+00:00;0.293;;
810510;unknown;control;2023-11-16 14:00:00+00:00;0.001;;
810510;unknown;control;2023-11-16 14:15:00+00:00;0.142;;
810510;unknown;control;2023-11-16 14:30:00+00:00;0.295;;
810510;unknown;control;2023-11-16 14:45:00+00:00;0.04;;
810510;unknown;control;2023-11-16 15:00:00+00:00;0.24;;
810510;unknown;control;2023-11-16 15:15:00+00:00;0.353;;
810510;unknown;control;2023-11-16 15:30:00+00:00;0.078;;
810510;unknown;control;2023-11-16 15:45:00+00:00;0.251;;
810510;unknown;control;2023-11-16 16:00:00+00:00;0.37;;
810510;unknown;control;2023-11-16 16:15:00+00:00;0.106;;
810510;unknown;control;2023-11-16 16:30:00+00:00;0.275;;
810510;unknown;control;2023-11-16 16:45:00+00:00;0.367;;
810510;unknown;control;2023-11-16 17:00:00+00:00;0.082;;
810510;unknown;control;2023-11-16 17:15:00+00:00;0.271;;
810510;unknown;control;2023-11-16 17:30:00+00:00;0.364;;
810510;unknown;control;2023-11-16 17:45:00+00:00;0.177;;
810510;unknown;control;2023-11-16 18:00:00+00:00;0.389;;
810510;unknown;control;2023-11-16 18:15:00+00:00;0.438;;
810510;unknown;control;2023-11-16 18:30:00+00:00;0.175;;
810510;unknown;control;2023-11-16 18:45:00+00:00;0.273;;
810510;unknown;control;2023-11-16 19:00:00+00:00;0.51;;
810510;unknown;control;2023-11-16 19:15:00+00:00;0.17;;
810510;unknown;control;2023-11-16 19:30:00+00:00;0.178;;
810510;unknown;control;2023-11-16 19:45:00+00:00;0.97;;
810510;unknown;control;2023-11-16 20:00:00+00:00;0.351;;
810510;unknown;control;2023-11-16 20:15:00+00:00;0.18;;
810510;unknown;control;2023-11-16 20:30:00+00:00;0.405;;
810510;unknown;control;2023-11-16 20:45:00+00:00;0.354;;
810510;unknown;control;2023-11-16 21:00:00+00:00;0.194;;
810510;unknown;control;2023-11-16 21:15:00+00:00;0.199;;
810510;unknown;control;2023-11-16 21:30:00+00:00;0.476;;
810510;unknown;control;2023-11-16 21:45:00+00:00;0.305;;
810510;unknown;control;2023-11-16 22:00:00+00:00;0.187;;
810510;unknown;control;2023-11-16 22:15:00+00:00;0.201;;
810510;unknown;control;2023-11-16 22:30:00+00:00;0.48;;
810510;unknown;control;2023-11-16 22:45:00+00:00;0.27;;
810510;unknown;control;2023-11-16 23:00:00+00:00;0.193;;
810510;unknown;control;2023-11-16 23:15:00+00:00;0.726;;
810510;unknown;control;2023-11-16 23:30:00+00:00;0.33;;
810510;unknown;control;2023-11-16 23:45:00+00:00;0.113;;
810510;unknown;control;2023-11-17 00:00:00+00:00;0.415;;
810510;unknown;control;2023-11-17 00:15:00+00:00;0.232;;
810510;unknown;control;2023-11-17 00:30:00+00:00;0.108;;
810510;unknown;control;2023-11-17 00:45:00+00:00;0.273;;
810510;unknown;control;2023-11-17 01:00:00+00:00;0.364;;
810510;unknown;control;2023-11-17 01:15:00+00:00;0.12;;
810510;unknown;control;2023-11-17 01:30:00+00:00;0.167;;
810510;unknown;control;2023-11-17 01:45:00+00:00;0.46;;
810510;unknown;control;2023-11-17 02:00:00+00:00;0.096;;
810510;unknown;control;2023-11-17 02:15:00+00:00;0.112;;
810510;unknown;control;2023-11-17 02:30:00+00:00;0.504;;
810510;unknown;control;2023-11-17 02:45:00+00:00;0.123;;
810510;unknown;control;2023-11-17 03:00:00+00:00;0.107;;
810510;unknown;control;2023-11-17 03:15:00+00:00;0.489;;
810510;unknown;control;2023-11-17 03:30:00+00:00;0.078;;
810510;unknown;control;2023-11-17 03:45:00+00:00;0.119;;
810510;unknown;control;2023-11-17 04:00:00+00:00;0.528;;
810510;unknown;control;2023-11-17 04:15:00+00:00;0.089;;
810510;unknown;control;2023-11-17 04:30:00+00:00;0.114;;
810510;unknown;control;2023-11-17 04:45:00+00:00;0.496;;
810510;unknown;control;2023-11-17 05:00:00+00:00;0.067;;
810510;unknown;control;2023-11-17 05:15:00+00:00;0.114;;
810510;unknown;control;2023-11-17 05:30:00+00:00;0.507;;
810510;unknown;control;2023-11-17 05:45:00+00:00;0.071;;
810510;unknown;control;2023-11-17 06:00:00+00:00;0.116;;
810510;unknown;control;2023-11-17 06:15:00+00:00;0.51;;
810510;unknown;control;2023-11-17 06:30:00+00:00;0.078;;
810510;unknown;control;2023-11-17 06:45:00+00:00;0.094;;
810510;unknown;control;2023-11-17 07:00:00+00:00;0.546;;
810510;unknown;control;2023-11-17 07:15:00+00:00;0.102;;
810510;unknown;control;2023-11-17 07:30:00+00:00;0.092;;
810510;unknown;control;2023-11-17 07:45:00+00:00;0.579;;
810510;unknown;control;2023-11-17 08:00:00+00:00;0.109;;
810510;unknown;control;2023-11-17 08:15:00+00:00;0.101;;
810510;unknown;control;2023-11-17 08:30:00+00:00;0.576;;
810510;unknown;control;2023-11-17 08:45:00+00:00;0.115;;
810510;unknown;control;2023-11-17 09:00:00+00:00;0.094;;
810510;unknown;control;2023-11-17 09:15:00+00:00;0.524;;
810510;unknown;control;2023-11-17 09:30:00+00:00;0.044;;
810510;unknown;control;2023-11-17 09:45:00+00:00;0.007;;
810510;unknown;control;2023-11-17 10:00:00+00:00;0.394;;
810510;unknown;control;2023-11-17 10:15:00+00:00;0.055;;
810510;unknown;control;2023-11-17 10:30:00+00:00;0.001;;
810510;unknown;control;2023-11-17 10:45:00+00:00;0.4;;
810510;unknown;control;2023-11-17 11:00:00+00:00;0.091;;
810510;unknown;control;2023-11-17 11:15:00+00:00;0.003;;
810510;unknown;control;2023-11-17 11:30:00+00:00;0.4;;
810510;unknown;control;2023-11-17 11:45:00+00:00;0.178;;
810510;unknown;control;2023-11-17 12:00:00+00:00;0.049;;
810510;unknown;control;2023-11-17 12:15:00+00:00;0.343;;
810510;unknown;control;2023-11-17 12:30:00+00:00;0.122;;
810510;unknown;control;2023-11-17 12:45:00+00:00;0.015;;
810510;unknown;control;2023-11-17 13:00:00+00:00;0.38;;
810510;unknown;control;2023-11-17 13:15:00+00:00;0.159;;
810510;unknown;control;2023-11-17 13:30:00+00:00;0.019;;
810510;unknown;control;2023-11-17 13:45:00+00:00;0.325;;
810510;unknown;control;2023-11-17 14:00:00+00:00;0.217;;
810510;unknown;control;2023-11-17 14:15:00+00:00;0.047;;
810510;unknown;control;2023-11-17 14:30:00+00:00;0.323;;
810510;unknown;control;2023-11-17 14:45:00+00:00;0.25;;
810510;unknown;control;2023-11-17 15:00:00+00:00;0.093;;
810510;unknown;control;2023-11-17 15:15:00+00:00;0.367;;
810510;unknown;control;2023-11-17 15:30:00+00:00;0.304;;
810510;unknown;control;2023-11-17 15:45:00+00:00;0.11;;
810510;unknown;control;2023-11-17 16:00:00+00:00;0.355;;
810510;unknown;control;2023-11-17 16:15:00+00:00;0.294;;
810510;unknown;control;2023-11-17 16:30:00+00:00;0.072;;
810510;unknown;control;2023-11-17 16:45:00+00:00;0.431;;
810510;unknown;control;2023-11-17 17:00:00+00:00;0.478;;
810510;unknown;control;2023-11-17 17:15:00+00:00;0.08;;
810510;unknown;control;2023-11-17 17:30:00+00:00;0.303;;
810510;unknown;control;2023-11-17 17:45:00+00:00;0.476;;
810510;unknown;control;2023-11-17 18:00:00+00:00;0.111;;
810510;unknown;control;2023-11-17 18:15:00+00:00;0.221;;
810510;unknown;control;2023-11-17 18:30:00+00:00;0.515;;
810510;unknown;control;2023-11-17 18:45:00+00:00;0.197;;
810510;unknown;control;2023-11-17 19:00:00+00:00;0.452;;
810510;unknown;control;2023-11-17 19:15:00+00:00;0.551;;
810510;unknown;control;2023-11-17 19:30:00+00:00;0.106;;
810510;unknown;control;2023-11-17 19:45:00+00:00;0.107;;
810510;unknown;control;2023-11-17 20:00:00+00:00;0.582;;
810510;unknown;control;2023-11-17 20:15:00+00:00;0.107;;
810510;unknown;control;2023-11-17 20:30:00+00:00;0.099;;
810510;unknown;control;2023-11-17 20:45:00+00:00;0.583;;
810510;unknown;control;2023-11-17 21:00:00+00:00;0.123;;
810510;unknown;control;2023-11-17 21:15:00+00:00;0.12;;
810510;unknown;control;2023-11-17 21:30:00+00:00;0.518;;
810510;unknown;control;2023-11-17 21:45:00+00:00;0.174;;
810510;unknown;control;2023-11-17 22:00:00+00:00;0.097;;
810510;unknown;control;2023-11-17 22:15:00+00:00;0.48;;
810510;unknown;control;2023-11-17 22:30:00+00:00;0.225;;
810510;unknown;control;2023-11-17 22:45:00+00:00;0.09;;
810510;unknown;control;2023-11-17 23:00:00+00:00;0.59;;
810510;unknown;control;2023-11-17 23:15:00+00:00;0.136;;
810510;unknown;control;2023-11-17 23:30:00+00:00;0.066;;
810510;unknown;control;2023-11-17 23:45:00+00:00;0.45;;
810510;unknown;control;2023-11-18 00:00:00+00:00;0.344;;
810510;unknown;control;2023-11-18 00:15:00+00:00;0.102;;
810510;unknown;control;2023-11-18 00:30:00+00:00;0.365;;
810510;unknown;control;2023-11-18 00:45:00+00:00;0.086;;
810510;unknown;control;2023-11-18 01:00:00+00:00;0.064;;
810510;unknown;control;2023-11-18 01:15:00+00:00;0.539;;
810510;unknown;control;2023-11-18 01:30:00+00:00;0.279;;
810510;unknown;control;2023-11-18 01:45:00+00:00;0.082;;
810510;unknown;control;2023-11-18 02:00:00+00:00;0.324;;
810510;unknown;control;2023-11-18 02:15:00+00:00;0.464;;
810510;unknown;control;2023-11-18 02:30:00+00:00;0.079;;
810510;unknown;control;2023-11-18 02:45:00+00:00;0.135;;
810510;unknown;control;2023-11-18 03:00:00+00:00;0.593;;
810510;unknown;control;2023-11-18 03:15:00+00:00;0.122;;
810510;unknown;control;2023-11-18 03:30:00+00:00;0.081;;
810510;unknown;control;2023-11-18 03:45:00+00:00;0.39;;
810510;unknown;control;2023-11-18 04:00:00+00:00;0.052;;
810510;unknown;control;2023-11-18 04:15:00+00:00;0.171;;
810510;unknown;control;2023-11-18 04:30:00+00:00;0.577;;
810510;unknown;control;2023-11-18 04:45:00+00:00;0.223;;
810510;unknown;control;2023-11-18 05:00:00+00:00;0.075;;
810510;unknown;control;2023-11-18 05:15:00+00:00;0.391;;
810510;unknown;control;2023-11-18 05:30:00+00:00;0.492;;
810510;unknown;control;2023-11-18 05:45:00+00:00;0.067;;
810510;unknown;control;2023-11-18 06:00:00+00:00;0.144;;
810510;unknown;control;2023-11-18 06:15:00+00:00;0.588;;
810510;unknown;control;2023-11-18 06:30:00+00:00;0.237;;
810510;unknown;control;2023-11-18 06:45:00+00:00;0.075;;
810510;unknown;control;2023-11-18 07:00:00+00:00;0.348;;
810510;unknown;control;2023-11-18 07:15:00+00:00;0.442;;
810510;unknown;control;2023-11-18 07:30:00+00:00;0.0;;
810510;unknown;control;2023-11-18 07:45:00+00:00;0.053;;
810510;unknown;control;2023-11-18 08:00:00+00:00;0.447;;
810510;unknown;control;2023-11-18 08:15:00+00:00;0.111;;
810510;unknown;control;2023-11-18 08:30:00+00:00;0.001;;
810510;unknown;control;2023-11-18 08:45:00+00:00;0.392;;
810510;unknown;control;2023-11-18 09:00:00+00:00;0.376;;
810510;unknown;control;2023-11-18 09:15:00+00:00;0.021;;
810510;unknown;control;2023-11-18 09:30:00+00:00;0.123;;
810510;unknown;control;2023-11-18 09:45:00+00:00;0.301;;
810510;unknown;control;2023-11-18 10:00:00+00:00;0.0;;
810510;unknown;control;2023-11-18 10:15:00+00:00;0.035;;
810510;unknown;control;2023-11-18 10:30:00+00:00;0.383;;
810510;unknown;control;2023-11-18 10:45:00+00:00;0.0;;
810510;unknown;control;2023-11-18 11:00:00+00:00;0.001;;
810510;unknown;control;2023-11-18 11:15:00+00:00;0.284;;
810510;unknown;control;2023-11-18 11:30:00+00:00;0.034;;
810510;unknown;control;2023-11-18 11:45:00+00:00;0.006;;
810510;unknown;control;2023-11-18 12:00:00+00:00;0.254;;
810510;unknown;control;2023-11-18 12:15:00+00:00;0.056;;
810510;unknown;control;2023-11-18 12:30:00+00:00;0.002;;
810510;unknown;control;2023-11-18 12:45:00+00:00;0.335;;
810510;unknown;control;2023-11-18 13:00:00+00:00;0.167;;
810510;unknown;control;2023-11-18 13:15:00+00:00;0.045;;
810510;unknown;control;2023-11-18 13:30:00+00:00;0.381;;
810510;unknown;control;2023-11-18 13:45:00+00:00;0.18;;
810510;unknown;control;2023-11-18 14:00:00+00:00;0.046;;
810510;unknown;control;2023-11-18 14:15:00+00:00;0.358;;
810510;unknown;control;2023-11-18 14:30:00+00:00;0.198;;
810510;unknown;control;2023-11-18 14:45:00+00:00;0.075;;
810510;unknown;control;2023-11-18 15:00:00+00:00;0.384;;
810510;unknown;control;2023-11-18 15:15:00+00:00;0.267;;
810510;unknown;control;2023-11-18 15:30:00+00:00;0.097;;
810510;unknown;control;2023-11-18 15:45:00+00:00;0.39;;
810510;unknown;control;2023-11-18 16:00:00+00:00;0.313;;
810510;unknown;control;2023-11-18 16:15:00+00:00;0.11;;
810510;unknown;control;2023-11-18 16:30:00+00:00;0.425;;
810510;unknown;control;2023-11-18 16:45:00+00:00;0.307;;
810510;unknown;control;2023-11-18 17:00:00+00:00;0.128;;
810510;unknown;control;2023-11-18 17:15:00+00:00;0.387;;
810510;unknown;control;2023-11-18 17:30:00+00:00;0.285;;
810510;unknown;control;2023-11-18 17:45:00+00:00;0.08;;
810510;unknown;control;2023-11-18 18:00:00+00:00;0.333;;
810510;unknown;control;2023-11-18 18:15:00+00:00;0.311;;
810510;unknown;control;2023-11-18 18:30:00+00:00;0.083;;
810510;unknown;control;2023-11-18 18:45:00+00:00;0.418;;
810510;unknown;control;2023-11-18 19:00:00+00:00;0.58;;
810510;unknown;control;2023-11-18 19:15:00+00:00;0.084;;
810510;unknown;control;2023-11-18 19:30:00+00:00;0.246;;
810510;unknown;control;2023-11-18 19:45:00+00:00;0.509;;
810510;unknown;control;2023-11-18 20:00:00+00:00;0.138;;
810510;unknown;control;2023-11-18 20:15:00+00:00;0.137;;
810510;unknown;control;2023-11-18 20:30:00+00:00;0.52;;
810510;unknown;control;2023-11-18 20:45:00+00:00;0.102;;
810510;unknown;control;2023-11-18 21:00:00+00:00;0.13;;
810510;unknown;control;2023-11-18 21:15:00+00:00;0.578;;
810510;unknown;control;2023-11-18 21:30:00+00:00;0.096;;
810510;unknown;control;2023-11-18 21:45:00+00:00;0.105;;
810510;unknown;control;2023-11-18 22:00:00+00:00;0.562;;
810510;unknown;control;2023-11-18 22:15:00+00:00;0.107;;
810510;unknown;control;2023-11-18 22:30:00+00:00;0.103;;
810510;unknown;control;2023-11-18 22:45:00+00:00;0.449;;
810510;unknown;control;2023-11-18 23:00:00+00:00;0.099;;
810510;unknown;control;2023-11-18 23:15:00+00:00;0.252;;
810510;unknown;control;2023-11-18 23:30:00+00:00;0.485;;
810510;unknown;control;2023-11-18 23:45:00+00:00;0.09;;
810510;unknown;control;2023-11-19 00:00:00+00:00;0.156;;
810510;unknown;control;2023-11-19 00:15:00+00:00;0.522;;
810510;unknown;control;2023-11-19 00:30:00+00:00;0.079;;
810510;unknown;control;2023-11-19 00:45:00+00:00;0.156;;
810510;unknown;control;2023-11-19 01:00:00+00:00;0.394;;
810510;unknown;control;2023-11-19 01:15:00+00:00;0.062;;
810510;unknown;control;2023-11-19 01:30:00+00:00;0.306;;
810510;unknown;control;2023-11-19 01:45:00+00:00;0.396;;
810510;unknown;control;2023-11-19 02:00:00+00:00;0.074;;
810510;unknown;control;2023-11-19 02:15:00+00:00;0.203;;
810510;unknown;control;2023-11-19 02:30:00+00:00;0.445;;
810510;unknown;control;2023-11-19 02:45:00+00:00;0.066;;
810510;unknown;control;2023-11-19 03:00:00+00:00;0.177;;
810510;unknown;control;2023-11-19 03:15:00+00:00;0.447;;
810510;unknown;control;2023-11-19 03:30:00+00:00;0.069;;
810510;unknown;control;2023-11-19 03:45:00+00:00;0.167;;
810510;unknown;control;2023-11-19 04:00:00+00:00;0.445;;
810510;unknown;control;2023-11-19 04:15:00+00:00;0.089;;
810510;unknown;control;2023-11-19 04:30:00+00:00;0.139;;
810510;unknown;control;2023-11-19 04:45:00+00:00;0.436;;
810510;unknown;control;2023-11-19 05:00:00+00:00;0.076;;
810510;unknown;control;2023-11-19 05:15:00+00:00;0.143;;
810510;unknown;control;2023-11-19 05:30:00+00:00;0.464;;
810510;unknown;control;2023-11-19 05:45:00+00:00;0.081;;
810510;unknown;control;2023-11-19 06:00:00+00:00;0.105;;
810510;unknown;control;2023-11-19 06:15:00+00:00;0.504;;
810510;unknown;control;2023-11-19 06:30:00+00:00;0.106;;
810510;unknown;control;2023-11-19 06:45:00+00:00;0.074;;
810510;unknown;control;2023-11-19 07:00:00+00:00;0.388;;
810510;unknown;control;2023-11-19 07:15:00+00:00;0.19;;
810510;unknown;control;2023-11-19 07:30:00+00:00;0.084;;
810510;unknown;control;2023-11-19 07:45:00+00:00;0.149;;
810510;unknown;control;2023-11-19 08:00:00+00:00;0.437;;
810510;unknown;control;2023-11-19 08:15:00+00:00;0.09;;
810510;unknown;control;2023-11-19 08:30:00+00:00;0.092;;
810510;unknown;control;2023-11-19 08:45:00+00:00;0.254;;
810510;unknown;control;2023-11-19 09:00:00+00:00;0.351;;
810510;unknown;control;2023-11-19 09:15:00+00:00;0.068;;
810510;unknown;control;2023-11-19 09:30:00+00:00;0.085;;
810510;unknown;control;2023-11-19 09:45:00+00:00;0.101;;
810510;unknown;control;2023-11-19 10:00:00+00:00;0.532;;
810510;unknown;control;2023-11-19 10:15:00+00:00;0.458;;
810510;unknown;control;2023-11-19 10:30:00+00:00;0.205;;
810510;unknown;control;2023-11-19 10:45:00+00:00;0.159;;
810510;unknown;control;2023-11-19 11:00:00+00:00;0.808;;
810510;unknown;control;2023-11-19 11:15:00+00:00;0.049;;
810510;unknown;control;2023-11-19 11:30:00+00:00;0.0;;
810510;unknown;control;2023-11-19 11:45:00+00:00;0.032;;
810510;unknown;control;2023-11-19 12:00:00+00:00;0.021;;
810510;unknown;control;2023-11-19 12:15:00+00:00;0.181;;
810510;unknown;control;2023-11-19 12:30:00+00:00;0.245;;
810510;unknown;control;2023-11-19 12:45:00+00:00;0.042;;
810510;unknown;control;2023-11-19 13:00:00+00:00;0.05;;
810510;unknown;control;2023-11-19 13:15:00+00:00;0.003;;
810510;unknown;control;2023-11-19 13:30:00+00:00;0.0;;
810510;unknown;control;2023-11-19 13:45:00+00:00;0.248;;
810510;unknown;control;2023-11-19 14:00:00+00:00;0.17;;
810510;unknown;control;2023-11-19 14:15:00+00:00;0.072;;
810510;unknown;control;2023-11-19 14:30:00+00:00;0.05;;
810510;unknown;control;2023-11-19 14:45:00+00:00;0.058;;
810510;unknown;control;2023-11-19 15:00:00+00:00;0.072;;
810510;unknown;control;2023-11-19 15:15:00+00:00;0.083;;
810510;unknown;control;2023-11-19 15:30:00+00:00;0.21;;
810510;unknown;control;2023-11-19 15:45:00+00:00;0.294;;
810510;unknown;control;2023-11-19 16:00:00+00:00;0.11;;
810510;unknown;control;2023-11-19 16:15:00+00:00;0.101;;
810510;unknown;control;2023-11-19 16:30:00+00:00;0.12;;
810510;unknown;control;2023-11-19 16:45:00+00:00;0.088;;
810510;unknown;control;2023-11-19 17:00:00+00:00;0.432;;
810510;unknown;control;2023-11-19 17:15:00+00:00;0.091;;
810510;unknown;control;2023-11-19 17:30:00+00:00;0.117;;
810510;unknown;control;2023-11-19 17:45:00+00:00;0.094;;
810510;unknown;control;2023-11-19 18:00:00+00:00;0.124;;
810510;unknown;control;2023-11-19 18:15:00+00:00;0.331;;
810510;unknown;control;2023-11-19 18:30:00+00:00;0.211;;
810510;unknown;control;2023-11-19 18:45:00+00:00;0.098;;
810510;unknown;control;2023-11-19 19:00:00+00:00;0.129;;
810510;unknown;control;2023-11-19 19:15:00+00:00;0.133;;
810510;unknown;control;2023-11-19 19:30:00+00:00;0.333;;
810510;unknown;control;2023-11-19 19:45:00+00:00;0.211;;
810510;unknown;control;2023-11-19 20:00:00+00:00;0.126;;
810510;unknown;control;2023-11-19 20:15:00+00:00;0.632;;
810510;unknown;control;2023-11-19 20:30:00+00:00;0.334;;
810510;unknown;control;2023-11-19 20:45:00+00:00;0.083;;
810510;unknown;control;2023-11-19 21:00:00+00:00;0.4;;
810510;unknown;control;2023-11-19 21:15:00+00:00;0.161;;
810510;unknown;control;2023-11-19 21:30:00+00:00;0.111;;
810510;unknown;control;2023-11-19 21:45:00+00:00;0.1;;
810510;unknown;control;2023-11-19 22:00:00+00:00;0.219;;
810510;unknown;control;2023-11-19 22:15:00+00:00;0.373;;
810510;unknown;control;2023-11-19 22:30:00+00:00;0.126;;
810510;unknown;control;2023-11-19 22:45:00+00:00;0.141;;
810510;unknown;control;2023-11-19 23:00:00+00:00;0.193;;
810510;unknown;control;2023-11-19 23:15:00+00:00;0.387;;
810510;unknown;control;2023-11-19 23:30:00+00:00;0.092;;
810510;unknown;control;2023-11-19 23:45:00+00:00;0.085;;
810510;unknown;control;2023-11-20 00:00:00+00:00;0.217;;
810510;unknown;control;2023-11-20 00:15:00+00:00;0.383;;
810510;unknown;control;2023-11-20 00:30:00+00:00;0.13;;
810510;unknown;control;2023-11-20 00:45:00+00:00;0.08;;
810510;unknown;control;2023-11-20 01:00:00+00:00;0.264;;
810510;unknown;control;2023-11-20 01:15:00+00:00;0.301;;
810510;unknown;control;2023-11-20 01:30:00+00:00;0.095;;
810510;unknown;control;2023-11-20 01:45:00+00:00;0.091;;
810510;unknown;control;2023-11-20 02:00:00+00:00;0.429;;
810510;unknown;control;2023-11-20 02:15:00+00:00;0.166;;
810510;unknown;control;2023-11-20 02:30:00+00:00;0.075;;
810510;unknown;control;2023-11-20 02:45:00+00:00;0.124;;
810510;unknown;control;2023-11-20 03:00:00+00:00;0.413;;
810510;unknown;control;2023-11-20 03:15:00+00:00;0.08;;
810510;unknown;control;2023-11-20 03:30:00+00:00;0.084;;
810510;unknown;control;2023-11-20 03:45:00+00:00;0.376;;
810510;unknown;control;2023-11-20 04:00:00+00:00;0.164;;
810510;unknown;control;2023-11-20 04:15:00+00:00;0.086;;
810510;unknown;control;2023-11-20 04:30:00+00:00;0.172;;
810510;unknown;control;2023-11-20 04:45:00+00:00;0.381;;
810510;unknown;control;2023-11-20 05:00:00+00:00;0.092;;
810510;unknown;control;2023-11-20 05:15:00+00:00;0.074;;
810510;unknown;control;2023-11-20 05:30:00+00:00;0.479;;
810510;unknown;control;2023-11-20 05:45:00+00:00;0.078;;
810510;unknown;control;2023-11-20 06:00:00+00:00;0.115;;
810510;unknown;control;2023-11-20 06:15:00+00:00;0.408;;
810510;unknown;control;2023-11-20 06:30:00+00:00;0.264;;
810510;unknown;control;2023-11-20 06:45:00+00:00;0.114;;
810510;unknown;control;2023-11-20 07:00:00+00:00;0.331;;
810510;unknown;control;2023-11-20 07:15:00+00:00;0.263;;
810510;unknown;control;2023-11-20 07:30:00+00:00;0.084;;
810510;unknown;control;2023-11-20 07:45:00+00:00;0.168;;
810510;unknown;control;2023-11-20 08:00:00+00:00;0.324;;
810510;unknown;control;2023-11-20 08:15:00+00:00;0.008;;
810510;unknown;control;2023-11-20 08:30:00+00:00;0.008;;
810510;unknown;control;2023-11-20 08:45:00+00:00;0.358;;
810510;unknown;control;2023-11-20 09:00:00+00:00;0.0;;
810510;unknown;control;2023-11-20 09:15:00+00:00;0.0;;
810510;unknown;control;2023-11-20 09:30:00+00:00;0.193;;
810510;unknown;control;2023-11-20 09:45:00+00:00;0.095;;
810510;unknown;control;2023-11-20 10:00:00+00:00;0.0;;
810510;unknown;control;2023-11-20 10:15:00+00:00;0.0;;
810510;unknown;control;2023-11-20 10:30:00+00:00;0.001;;
810510;unknown;control;2023-11-20 10:45:00+00:00;0.0;;
810510;unknown;control;2023-11-20 11:00:00+00:00;0.001;;
810510;unknown;control;2023-11-20 11:15:00+00:00;0.0;;
810510;unknown;control;2023-11-20 11:30:00+00:00;0.0;;
810510;unknown;control;2023-11-20 11:45:00+00:00;0.009;;
810510;unknown;control;2023-11-20 12:00:00+00:00;0.0;;
810510;unknown;control;2023-11-20 12:15:00+00:00;0.0;;
810510;unknown;control;2023-11-20 12:30:00+00:00;0.0;;
810510;unknown;control;2023-11-20 12:45:00+00:00;0.053;;
810510;unknown;control;2023-11-20 13:00:00+00:00;0.332;;
810510;unknown;control;2023-11-20 13:15:00+00:00;0.0;;
810510;unknown;control;2023-11-20 13:30:00+00:00;0.037;;
810510;unknown;control;2023-11-20 13:45:00+00:00;0.194;;
810510;unknown;control;2023-11-20 14:00:00+00:00;0.004;;
810510;unknown;control;2023-11-20 14:15:00+00:00;0.003;;
810510;unknown;control;2023-11-20 14:30:00+00:00;0.003;;
810510;unknown;control;2023-11-20 14:45:00+00:00;0.144;;
810510;unknown;control;2023-11-20 15:00:00+00:00;0.161;;
810510;unknown;control;2023-11-20 15:15:00+00:00;0.003;;
810510;unknown;control;2023-11-20 15:30:00+00:00;0.003;;
810510;unknown;control;2023-11-20 15:45:00+00:00;0.102;;
810510;unknown;control;2023-11-20 16:00:00+00:00;0.246;;
810510;unknown;control;2023-11-20 16:15:00+00:00;0.004;;
810510;unknown;control;2023-11-20 16:30:00+00:00;0.007;;
810510;unknown;control;2023-11-20 16:45:00+00:00;0.285;;
810510;unknown;control;2023-11-20 17:00:00+00:00;0.232;;
810510;unknown;control;2023-11-20 17:15:00+00:00;0.128;;
810510;unknown;control;2023-11-20 17:30:00+00:00;0.201;;
810510;unknown;control;2023-11-20 17:45:00+00:00;0.433;;
810510;unknown;control;2023-11-20 18:00:00+00:00;0.129;;
810510;unknown;control;2023-11-20 18:15:00+00:00;0.128;;
810510;unknown;control;2023-11-20 18:30:00+00:00;0.517;;
810510;unknown;control;2023-11-20 18:45:00+00:00;0.112;;
810510;unknown;control;2023-11-20 19:00:00+00:00;0.343;;
810510;unknown;control;2023-11-20 19:15:00+00:00;0.631;;
810510;unknown;control;2023-11-20 19:30:00+00:00;0.105;;
810510;unknown;control;2023-11-20 19:45:00+00:00;0.103;;
810510;unknown;control;2023-11-20 20:00:00+00:00;0.513;;
810510;unknown;control;2023-11-20 20:15:00+00:00;0.089;;
810510;unknown;control;2023-11-20 20:30:00+00:00;0.102;;
810510;unknown;control;2023-11-20 20:45:00+00:00;0.517;;
810510;unknown;control;2023-11-20 21:00:00+00:00;0.137;;
810510;unknown;control;2023-11-20 21:15:00+00:00;0.111;;
810510;unknown;control;2023-11-20 21:30:00+00:00;0.52;;
810510;unknown;control;2023-11-20 21:45:00+00:00;0.111;;
810510;unknown;control;2023-11-20 22:00:00+00:00;0.083;;
810510;unknown;control;2023-11-20 22:15:00+00:00;0.519;;
810510;unknown;control;2023-11-20 22:30:00+00:00;0.096;;
810510;unknown;control;2023-11-20 22:45:00+00:00;0.104;;
810510;unknown;control;2023-11-20 23:00:00+00:00;0.529;;
810510;unknown;control;2023-11-20 23:15:00+00:00;0.092;;
810510;unknown;control;2023-11-20 23:30:00+00:00;0.096;;
810510;unknown;control;2023-11-20 23:45:00+00:00;0.492;;
810510;unknown;control;2023-11-21 00:00:00+00:00;0.099;;
810510;unknown;control;2023-11-21 00:15:00+00:00;0.069;;
810510;unknown;control;2023-11-21 00:30:00+00:00;0.483;;
810510;unknown;control;2023-11-21 00:45:00+00:00;0.106;;
810510;unknown;control;2023-11-21 01:00:00+00:00;0.067;;
810510;unknown;control;2023-11-21 01:15:00+00:00;0.457;;
810510;unknown;control;2023-11-21 01:30:00+00:00;0.112;;
810510;unknown;control;2023-11-21 01:45:00+00:00;0.075;;
810510;unknown;control;2023-11-21 02:00:00+00:00;0.468;;
810510;unknown;control;2023-11-21 02:15:00+00:00;0.118;;
810510;unknown;control;2023-11-21 02:30:00+00:00;0.075;;
810510;unknown;control;2023-11-21 02:45:00+00:00;0.451;;
810510;unknown;control;2023-11-21 03:00:00+00:00;0.135;;
810510;unknown;control;2023-11-21 03:15:00+00:00;0.068;;
810510;unknown;control;2023-11-21 03:30:00+00:00;0.436;;
810510;unknown;control;2023-11-21 03:45:00+00:00;0.158;;
810510;unknown;control;2023-11-21 04:00:00+00:00;0.078;;
810510;unknown;control;2023-11-21 04:15:00+00:00;0.549;;
810510;unknown;control;2023-11-21 04:30:00+00:00;0.421;;
810510;unknown;control;2023-11-21 04:45:00+00:00;0.069;;
810510;unknown;control;2023-11-21 05:00:00+00:00;0.282;;
810510;unknown;control;2023-11-21 05:15:00+00:00;0.352;;
810510;unknown;control;2023-11-21 05:30:00+00:00;0.087;;
810510;unknown;control;2023-11-21 05:45:00+00:00;0.238;;
810510;unknown;control;2023-11-21 06:00:00+00:00;0.375;;
810510;unknown;control;2023-11-21 06:15:00+00:00;0.072;;
810510;unknown;control;2023-11-21 06:30:00+00:00;0.236;;
810510;unknown;control;2023-11-21 06:45:00+00:00;0.39;;
810510;unknown;control;2023-11-21 07:00:00+00:00;0.094;;
810510;unknown;control;2023-11-21 07:15:00+00:00;0.254;;
810510;unknown;control;2023-11-21 07:30:00+00:00;0.39;;
810510;unknown;control;2023-11-21 07:45:00+00:00;0.089;;
810510;unknown;control;2023-11-21 08:00:00+00:00;0.146;;
810510;unknown;control;2023-11-21 08:15:00+00:00;0.291;;
810510;unknown;control;2023-11-21 08:30:00+00:00;0.08;;
810510;unknown;control;2023-11-21 08:45:00+00:00;0.221;;
810510;unknown;control;2023-11-21 09:00:00+00:00;0.378;;
810510;unknown;control;2023-11-21 09:15:00+00:00;0.099;;
810510;unknown;control;2023-11-21 09:30:00+00:00;0.246;;
810510;unknown;control;2023-11-21 09:45:00+00:00;0.391;;
810510;unknown;control;2023-11-21 10:00:00+00:00;0.084;;
810510;unknown;control;2023-11-21 10:15:00+00:00;0.19;;
810510;unknown;control;2023-11-21 10:30:00+00:00;0.448;;
810510;unknown;control;2023-11-21 10:45:00+00:00;0.099;;
810510;unknown;control;2023-11-21 11:00:00+00:00;0.105;;
810510;unknown;control;2023-11-21 11:15:00+00:00;0.366;;
810510;unknown;control;2023-11-21 11:30:00+00:00;0.0;;
810510;unknown;control;2023-11-21 11:45:00+00:00;0.0;;
810510;unknown;control;2023-11-21 12:00:00+00:00;0.411;;
810510;unknown;control;2023-11-21 12:15:00+00:00;0.074;;
810510;unknown;control;2023-11-21 12:30:00+00:00;0.12;;
810510;unknown;control;2023-11-21 12:45:00+00:00;0.522;;
810510;unknown;control;2023-11-21 13:00:00+00:00;0.049;;
810510;unknown;control;2023-11-21 13:15:00+00:00;0.023;;
810510;unknown;control;2023-11-21 13:30:00+00:00;0.333;;
810510;unknown;control;2023-11-21 13:45:00+00:00;0.233;;
810510;unknown;control;2023-11-21 14:00:00+00:00;0.086;;
810510;unknown;control;2023-11-21 14:15:00+00:00;0.162;;
810510;unknown;control;2023-11-21 14:30:00+00:00;0.432;;
810510;unknown;control;2023-11-21 14:45:00+00:00;0.128;;
810510;unknown;control;2023-11-21 15:00:00+00:00;0.145;;
810510;unknown;control;2023-11-21 15:15:00+00:00;0.56;;
810510;unknown;control;2023-11-21 15:30:00+00:00;0.135;;
810510;unknown;control;2023-11-21 15:45:00+00:00;0.144;;
810510;unknown;control;2023-11-21 16:00:00+00:00;0.427;;
810510;unknown;control;2023-11-21 16:15:00+00:00;0.238;;
810510;unknown;control;2023-11-21 16:30:00+00:00;0.119;;
810510;unknown;control;2023-11-21 16:45:00+00:00;0.336;;
810510;unknown;control;2023-11-21 17:00:00+00:00;0.321;;
810510;unknown;control;2023-11-21 17:15:00+00:00;0.107;;
810510;unknown;control;2023-11-21 17:30:00+00:00;0.251;;
810510;unknown;control;2023-11-21 17:45:00+00:00;0.393;;
810510;unknown;control;2023-11-21 18:00:00+00:00;0.116;;
810510;unknown;control;2023-11-21 18:15:00+00:00;0.182;;
810510;unknown;control;2023-11-21 18:30:00+00:00;0.48;;
810510;unknown;control;2023-11-21 18:45:00+00:00;0.124;;
810510;unknown;control;2023-11-21 19:00:00+00:00;0.127;;
810510;unknown;control;2023-11-21 19:15:00+00:00;0.525;;
810510;unknown;control;2023-11-21 19:30:00+00:00;0.12;;
810510;unknown;control;2023-11-21 19:45:00+00:00;0.125;;
810510;unknown;control;2023-11-21 20:00:00+00:00;0.623;;
810510;unknown;control;2023-11-21 20:15:00+00:00;0.64;;
810510;unknown;control;2023-11-21 20:30:00+00:00;0.119;;
810510;unknown;control;2023-11-21 20:45:00+00:00;0.231;;
810510;unknown;control;2023-11-21 21:00:00+00:00;0.46;;
810510;unknown;control;2023-11-21 21:15:00+00:00;0.142;;
810510;unknown;control;2023-11-21 21:30:00+00:00;0.238;;
810510;unknown;control;2023-11-21 21:45:00+00:00;0.443;;
810510;unknown;control;2023-11-21 22:00:00+00:00;0.096;;
810510;unknown;control;2023-11-21 22:15:00+00:00;0.208;;
810510;unknown;control;2023-11-21 22:30:00+00:00;0.425;;
810510;unknown;control;2023-11-21 22:45:00+00:00;0.092;;
810510;unknown;control;2023-11-21 23:00:00+00:00;0.196;;
810510;unknown;control;2023-11-21 23:15:00+00:00;0.434;;
810510;unknown;control;2023-11-21 23:30:00+00:00;0.095;;
810510;unknown;control;2023-11-21 23:45:00+00:00;0.198;;
810510;unknown;control;2023-11-22 00:00:00+00:00;0.414;;
810510;unknown;control;2023-11-22 00:15:00+00:00;0.094;;
810510;unknown;control;2023-11-22 00:30:00+00:00;0.202;;
810510;unknown;control;2023-11-22 00:45:00+00:00;0.419;;
810510;unknown;control;2023-11-22 01:00:00+00:00;0.098;;
810510;unknown;control;2023-11-22 01:15:00+00:00;0.215;;
810510;unknown;control;2023-11-22 01:30:00+00:00;0.408;;
810510;unknown;control;2023-11-22 01:45:00+00:00;0.081;;
810510;unknown;control;2023-11-22 02:00:00+00:00;0.225;;
810510;unknown;control;2023-11-22 02:15:00+00:00;0.373;;
810510;unknown;control;2023-11-22 02:30:00+00:00;0.077;;
810510;unknown;control;2023-11-22 02:45:00+00:00;0.225;;
810510;unknown;control;2023-11-22 03:00:00+00:00;0.378;;
810510;unknown;control;2023-11-22 03:15:00+00:00;0.075;;
810510;unknown;control;2023-11-22 03:30:00+00:00;0.227;;
810510;unknown;control;2023-11-22 03:45:00+00:00;0.374;;
810510;unknown;control;2023-11-22 04:00:00+00:00;0.069;;
810510;unknown;control;2023-11-22 04:15:00+00:00;0.227;;
810510;unknown;control;2023-11-22 04:30:00+00:00;0.388;;
810510;unknown;control;2023-11-22 04:45:00+00:00;0.066;;
810510;unknown;control;2023-11-22 05:00:00+00:00;0.226;;
810510;unknown;control;2023-11-22 05:15:00+00:00;0.371;;
810510;unknown;control;2023-11-22 05:30:00+00:00;0.073;;
810510;unknown;control;2023-11-22 05:45:00+00:00;0.225;;
810510;unknown;control;2023-11-22 06:00:00+00:00;0.382;;
810510;unknown;control;2023-11-22 06:15:00+00:00;0.089;;
810510;unknown;control;2023-11-22 06:30:00+00:00;0.218;;
810510;unknown;control;2023-11-22 06:45:00+00:00;0.393;;
810510;unknown;control;2023-11-22 07:00:00+00:00;0.075;;
810510;unknown;control;2023-11-22 07:15:00+00:00;0.224;;
810510;unknown;control;2023-11-22 07:30:00+00:00;0.397;;
810510;unknown;control;2023-11-22 07:45:00+00:00;0.073;;
810510;unknown;control;2023-11-22 08:00:00+00:00;0.208;;
810510;unknown;control;2023-11-22 08:15:00+00:00;0.427;;
810510;unknown;control;2023-11-22 08:30:00+00:00;0.045;;
810510;unknown;control;2023-11-22 08:45:00+00:00;0.145;;
810510;unknown;control;2023-11-22 09:00:00+00:00;0.48;;
810510;unknown;control;2023-11-22 09:15:00+00:00;0.115;;
810510;unknown;control;2023-11-22 09:30:00+00:00;0.11;;
810510;unknown;control;2023-11-22 09:45:00+00:00;0.454;;
810510;unknown;control;2023-11-22 10:00:00+00:00;0.0;;
810510;unknown;control;2023-11-22 10:15:00+00:00;0.01;;
810510;unknown;control;2023-11-22 10:30:00+00:00;0.478;;
810510;unknown;control;2023-11-22 10:45:00+00:00;0.007;;
810510;unknown;control;2023-11-22 11:00:00+00:00;0.007;;
810510;unknown;control;2023-11-22 11:15:00+00:00;0.377;;
810510;unknown;control;2023-11-22 11:30:00+00:00;0.075;;
810510;unknown;control;2023-11-22 11:45:00+00:00;0.025;;
810510;unknown;control;2023-11-22 12:00:00+00:00;0.385;;
810510;unknown;control;2023-11-22 12:15:00+00:00;0.174;;
810510;unknown;control;2023-11-22 12:30:00+00:00;0.035;;
810510;unknown;control;2023-11-22 12:45:00+00:00;0.338;;
810510;unknown;control;2023-11-22 13:00:00+00:00;0.289;;
810510;unknown;control;2023-11-22 13:15:00+00:00;0.047;;
810510;unknown;control;2023-11-22 13:30:00+00:00;0.284;;
810510;unknown;control;2023-11-22 13:45:00+00:00;0.689;;
810510;unknown;control;2023-11-22 14:00:00+00:00;0.741;;
810510;unknown;control;2023-11-22 14:15:00+00:00;0.132;;
810510;unknown;control;2023-11-22 14:30:00+00:00;0.074;;
810510;unknown;control;2023-11-22 14:45:00+00:00;0.502;;
810510;unknown;control;2023-11-22 15:00:00+00:00;0.232;;
810510;unknown;control;2023-11-22 15:15:00+00:00;0.108;;
810510;unknown;control;2023-11-22 15:30:00+00:00;0.43;;
810510;unknown;control;2023-11-22 15:45:00+00:00;0.362;;
810510;unknown;control;2023-11-22 16:00:00+00:00;0.116;;
810510;unknown;control;2023-11-22 16:15:00+00:00;0.322;;
810510;unknown;control;2023-11-22 16:30:00+00:00;0.464;;
810510;unknown;control;2023-11-22 16:45:00+00:00;0.083;;
810510;unknown;control;2023-11-22 17:00:00+00:00;0.195;;
810510;unknown;control;2023-11-22 17:15:00+00:00;0.569;;
810510;unknown;control;2023-11-22 17:30:00+00:00;0.081;;
810510;unknown;control;2023-11-22 17:45:00+00:00;0.081;;
810510;unknown;control;2023-11-22 18:00:00+00:00;0.579;;
810510;unknown;control;2023-11-22 18:15:00+00:00;0.187;;
810510;unknown;control;2023-11-22 18:30:00+00:00;0.078;;
810510;unknown;control;2023-11-22 18:45:00+00:00;0.439;;
810510;unknown;control;2023-11-22 19:00:00+00:00;0.375;;
810510;unknown;control;2023-11-22 19:15:00+00:00;0.075;;
810510;unknown;control;2023-11-22 19:30:00+00:00;0.271;;
810510;unknown;control;2023-11-22 19:45:00+00:00;0.51;;
810510;unknown;control;2023-11-22 20:00:00+00:00;0.074;;
810510;unknown;control;2023-11-22 20:15:00+00:00;0.125;;
810510;unknown;control;2023-11-22 20:30:00+00:00;0.606;;
810510;unknown;control;2023-11-22 20:45:00+00:00;0.16;;
810510;unknown;control;2023-11-22 21:00:00+00:00;0.07;;
810510;unknown;control;2023-11-22 21:15:00+00:00;0.467;;
810510;unknown;control;2023-11-22 21:30:00+00:00;0.333;;
810510;unknown;control;2023-11-22 21:45:00+00:00;0.085;;
810510;unknown;control;2023-11-22 22:00:00+00:00;0.328;;
810510;unknown;control;2023-11-22 22:15:00+00:00;0.528;;
810510;unknown;control;2023-11-22 22:30:00+00:00;0.1;;
810510;unknown;control;2023-11-22 22:45:00+00:00;0.137;;
810510;unknown;control;2023-11-22 23:00:00+00:00;0.617;;
810510;unknown;control;2023-11-22 23:15:00+00:00;0.156;;
810510;unknown;control;2023-11-22 23:30:00+00:00;0.089;;
810510;unknown;control;2023-11-22 23:45:00+00:00;0.494;;
810510;unknown;control;2023-11-23 00:00:00+00:00;0.357;;
810510;unknown;control;2023-11-23 00:15:00+00:00;0.096;;
810510;unknown;control;2023-11-23 00:30:00+00:00;0.293;;
810510;unknown;control;2023-11-23 00:45:00+00:00;0.579;;
810510;unknown;control;2023-11-23 01:00:00+00:00;0.087;;
810510;unknown;control;2023-11-23 01:15:00+00:00;0.087;;
810510;unknown;control;2023-11-23 01:30:00+00:00;0.6;;
810510;unknown;control;2023-11-23 01:45:00+00:00;0.241;;
810510;unknown;control;2023-11-23 02:00:00+00:00;0.077;;
810510;unknown;control;2023-11-23 02:15:00+00:00;0.358;;
810510;unknown;control;2023-11-23 02:30:00+00:00;0.488;;
810510;unknown;control;2023-11-23 02:45:00+00:00;0.073;;
810510;unknown;control;2023-11-23 03:00:00+00:00;0.153;;
810510;unknown;control;2023-11-23 03:15:00+00:00;0.605;;
810510;unknown;control;2023-11-23 03:30:00+00:00;0.182;;
810510;unknown;control;2023-11-23 03:45:00+00:00;0.08;;
810510;unknown;control;2023-11-23 04:00:00+00:00;0.414;;
810510;unknown;control;2023-11-23 04:15:00+00:00;0.456;;
810510;unknown;control;2023-11-23 04:30:00+00:00;0.08;;
810510;unknown;control;2023-11-23 04:45:00+00:00;0.178;;
810510;unknown;control;2023-11-23 05:00:00+00:00;0.608;;
810510;unknown;control;2023-11-23 05:15:00+00:00;0.174;;
810510;unknown;control;2023-11-23 05:30:00+00:00;0.089;;
810510;unknown;control;2023-11-23 05:45:00+00:00;0.43;;
810510;unknown;control;2023-11-23 06:00:00+00:00;0.467;;
810510;unknown;control;2023-11-23 06:15:00+00:00;0.09;;
810510;unknown;control;2023-11-23 06:30:00+00:00;0.194;;
810510;unknown;control;2023-11-23 06:45:00+00:00;0.619;;
810510;unknown;control;2023-11-23 07:00:00+00:00;0.161;;
810510;unknown;control;2023-11-23 07:15:00+00:00;0.053;;
810510;unknown;control;2023-11-23 07:30:00+00:00;0.394;;
810510;unknown;control;2023-11-23 07:45:00+00:00;0.363;;
810510;unknown;control;2023-11-23 08:00:00+00:00;0.0;;
810510;unknown;control;2023-11-23 08:15:00+00:00;0.16;;
810510;unknown;control;2023-11-23 08:30:00+00:00;0.491;;
810510;unknown;control;2023-11-23 08:45:00+00:00;0.0;;
810510;unknown;control;2023-11-23 09:00:00+00:00;0.089;;
810510;unknown;control;2023-11-23 09:15:00+00:00;0.49;;
810510;unknown;control;2023-11-23 09:30:00+00:00;0.127;;
810510;unknown;control;2023-11-23 09:45:00+00:00;0.0;;
810510;unknown;control;2023-11-23 10:00:00+00:00;0.291;;
810510;unknown;control;2023-11-23 10:15:00+00:00;0.332;;
810510;unknown;control;2023-11-23 10:30:00+00:00;0.001;;
810510;unknown;control;2023-11-23 10:45:00+00:00;0.099;;
810510;unknown;control;2023-11-23 11:00:00+00:00;0.412;;
810510;unknown;control;2023-11-23 11:15:00+00:00;0.0;;
810510;unknown;control;2023-11-23 11:30:00+00:00;0.0;;
810510;unknown;control;2023-11-23 11:45:00+00:00;0.24;;
810510;unknown;control;2023-11-23 12:00:00+00:00;0.011;;
810510;unknown;control;2023-11-23 12:15:00+00:00;0.0;;
810510;unknown;control;2023-11-23 12:30:00+00:00;0.001;;
810510;unknown;control;2023-11-23 12:45:00+00:00;0.006;;
810510;unknown;control;2023-11-23 13:00:00+00:00;0.0;;
810510;unknown;control;2023-11-23 13:15:00+00:00;0.171;;
810510;unknown;control;2023-11-23 13:30:00+00:00;0.17;;
810510;unknown;control;2023-11-23 13:45:00+00:00;0.003;;
810510;unknown;control;2023-11-23 14:00:00+00:00;0.164;;
810510;unknown;control;2023-11-23 14:15:00+00:00;0.24;;
810510;unknown;control;2023-11-23 14:30:00+00:00;0.002;;
810510;unknown;control;2023-11-23 14:45:00+00:00;0.117;;
810510;unknown;control;2023-11-23 15:00:00+00:00;0.26;;
810510;unknown;control;2023-11-23 15:15:00+00:00;0.003;;
810510;unknown;control;2023-11-23 15:30:00+00:00;0.129;;
810510;unknown;control;2023-11-23 15:45:00+00:00;0.502;;
810510;unknown;control;2023-11-23 16:00:00+00:00;0.114;;
810510;unknown;control;2023-11-23 16:15:00+00:00;0.196;;
810510;unknown;control;2023-11-23 16:30:00+00:00;0.558;;
810510;unknown;control;2023-11-23 16:45:00+00:00;0.113;;
810510;unknown;control;2023-11-23 17:00:00+00:00;0.124;;
810510;unknown;control;2023-11-23 17:15:00+00:00;0.636;;
810510;unknown;control;2023-11-23 17:30:00+00:00;0.105;;
810510;unknown;control;2023-11-23 17:45:00+00:00;0.066;;
810510;unknown;control;2023-11-23 18:00:00+00:00;0.53;;
810510;unknown;control;2023-11-23 18:15:00+00:00;0.228;;
810510;unknown;control;2023-11-23 18:30:00+00:00;0.073;;
810510;unknown;control;2023-11-23 18:45:00+00:00;0.406;;
810510;unknown;control;2023-11-23 19:00:00+00:00;0.378;;
810510;unknown;control;2023-11-23 19:15:00+00:00;0.083;;
810510;unknown;control;2023-11-23 19:30:00+00:00;0.248;;
810510;unknown;control;2023-11-23 19:45:00+00:00;0.54;;
810510;unknown;control;2023-11-23 20:00:00+00:00;0.087;;
810510;unknown;control;2023-11-23 20:15:00+00:00;0.126;;
810510;unknown;control;2023-11-23 20:30:00+00:00;0.643;;
810510;unknown;control;2023-11-23 20:45:00+00:00;0.204;;
810510;unknown;control;2023-11-23 21:00:00+00:00;0.127;;
810510;unknown;control;2023-11-23 21:15:00+00:00;0.477;;
810510;unknown;control;2023-11-23 21:30:00+00:00;0.355;;
810510;unknown;control;2023-11-23 21:45:00+00:00;0.093;;
810510;unknown;control;2023-11-23 22:00:00+00:00;0.303;;
810510;unknown;control;2023-11-23 22:15:00+00:00;0.545;;
810510;unknown;control;2023-11-23 22:30:00+00:00;0.092;;
810510;unknown;control;2023-11-23 22:45:00+00:00;0.146;;
810510;unknown;control;2023-11-23 23:00:00+00:00;0.621;;
810510;unknown;control;2023-11-23 23:15:00+00:00;0.117;;
810510;unknown;control;2023-11-23 23:30:00+00:00;0.079;;
810510;unknown;control;2023-11-23 23:45:00+00:00;0.49;;
810510;unknown;control;2023-11-24 00:00:00+00:00;0.306;;
810510;unknown;control;2023-11-24 00:15:00+00:00;0.098;;
810510;unknown;control;2023-11-24 00:30:00+00:00;0.449;;
810510;unknown;control;2023-11-24 00:45:00+00:00;0.459;;
810510;unknown;control;2023-11-24 01:00:00+00:00;0.085;;
810510;unknown;control;2023-11-24 01:15:00+00:00;0.298;;
810510;unknown;control;2023-11-24 01:30:00+00:00;0.563;;
810510;unknown;control;2023-11-24 01:45:00+00:00;0.081;;
810510;unknown;control;2023-11-24 02:00:00+00:00;0.099;;
810510;unknown;control;2023-11-24 02:15:00+00:00;0.597;;
810510;unknown;control;2023-11-24 02:30:00+00:00;0.185;;
810510;unknown;control;2023-11-24 02:45:00+00:00;0.097;;
810510;unknown;control;2023-11-24 03:00:00+00:00;0.488;;
810510;unknown;control;2023-11-24 03:15:00+00:00;0.321;;
810510;unknown;control;2023-11-24 03:30:00+00:00;0.093;;
810510;unknown;control;2023-11-24 03:45:00+00:00;0.341;;
810510;unknown;control;2023-11-24 04:00:00+00:00;0.373;;
810510;unknown;control;2023-11-24 04:15:00+00:00;0.106;;
810510;unknown;control;2023-11-24 04:30:00+00:00;0.267;;
810510;unknown;control;2023-11-24 04:45:00+00:00;0.491;;
810510;unknown;control;2023-11-24 05:00:00+00:00;0.081;;
810510;unknown;control;2023-11-24 05:15:00+00:00;0.188;;
810510;unknown;control;2023-11-24 05:30:00+00:00;0.534;;
810510;unknown;control;2023-11-24 05:45:00+00:00;0.08;;
810510;unknown;control;2023-11-24 06:00:00+00:00;0.11;;
810510;unknown;control;2023-11-24 06:15:00+00:00;0.602;;
810510;unknown;control;2023-11-24 06:30:00+00:00;0.084;;
810510;unknown;control;2023-11-24 06:45:00+00:00;0.081;;
810510;unknown;control;2023-11-24 07:00:00+00:00;0.533;;
810510;unknown;control;2023-11-24 07:15:00+00:00;0.092;;
810510;unknown;control;2023-11-24 07:30:00+00:00;0.045;;
810510;unknown;control;2023-11-24 07:45:00+00:00;0.471;;
810510;unknown;control;2023-11-24 08:00:00+00:00;0.173;;
810510;unknown;control;2023-11-24 08:15:00+00:00;0.041;;
810510;unknown;control;2023-11-24 08:30:00+00:00;0.291;;
810510;unknown;control;2023-11-24 08:45:00+00:00;0.083;;
810510;unknown;control;2023-11-24 09:00:00+00:00;0.222;;
810510;unknown;control;2023-11-24 09:15:00+00:00;0.349;;
810510;unknown;control;2023-11-24 09:30:00+00:00;0.229;;
810510;unknown;control;2023-11-24 09:45:00+00:00;0.011;;
810510;unknown;control;2023-11-24 10:00:00+00:00;0.321;;
810510;unknown;control;2023-11-24 10:15:00+00:00;0.27;;
810510;unknown;control;2023-11-24 10:30:00+00:00;0.044;;
810510;unknown;control;2023-11-24 10:45:00+00:00;0.273;;
810510;unknown;control;2023-11-24 11:00:00+00:00;0.169;;
810510;unknown;control;2023-11-24 11:15:00+00:00;0.031;;
810510;unknown;control;2023-11-24 11:30:00+00:00;0.323;;
810510;unknown;control;2023-11-24 11:45:00+00:00;0.23;;
810510;unknown;control;2023-11-24 12:00:00+00:00;0.088;;
810510;unknown;control;2023-11-24 12:15:00+00:00;0.336;;
810510;unknown;control;2023-11-24 12:30:00+00:00;0.235;;
810510;unknown;control;2023-11-24 12:45:00+00:00;0.024;;
810510;unknown;control;2023-11-24 13:00:00+00:00;0.461;;
810510;unknown;control;2023-11-24 13:15:00+00:00;0.66;;
810510;unknown;control;2023-11-24 13:30:00+00:00;0.222;;
810510;unknown;control;2023-11-24 13:45:00+00:00;0.534;;
810510;unknown;control;2023-11-24 14:00:00+00:00;1.135;;
810510;unknown;control;2023-11-24 14:15:00+00:00;0.134;;
810510;unknown;control;2023-11-24 14:30:00+00:00;0.259;;
810510;unknown;control;2023-11-24 14:45:00+00:00;0.523;;
810510;unknown;control;2023-11-24 15:00:00+00:00;0.102;;
810510;unknown;control;2023-11-24 15:15:00+00:00;0.193;;
810510;unknown;control;2023-11-24 15:30:00+00:00;0.54;;
810510;unknown;control;2023-11-24 15:45:00+00:00;0.139;;
810510;unknown;control;2023-11-24 16:00:00+00:00;0.183;;
810510;unknown;control;2023-11-24 16:15:00+00:00;0.571;;
810510;unknown;control;2023-11-24 16:30:00+00:00;0.129;;
810510;unknown;control;2023-11-24 16:45:00+00:00;0.123;;
810510;unknown;control;2023-11-24 17:00:00+00:00;0.627;;
810510;unknown;control;2023-11-24 17:15:00+00:00;0.123;;
810510;unknown;control;2023-11-24 17:30:00+00:00;0.135;;
810510;unknown;control;2023-11-24 17:45:00+00:00;0.611;;
810510;unknown;control;2023-11-24 18:00:00+00:00;0.179;;
810510;unknown;control;2023-11-24 18:15:00+00:00;0.127;;
810510;unknown;control;2023-11-24 18:30:00+00:00;0.523;;
810510;unknown;control;2023-11-24 18:45:00+00:00;0.269;;
810510;unknown;control;2023-11-24 19:00:00+00:00;0.136;;
810510;unknown;control;2023-11-24 19:15:00+00:00;0.443;;
810510;unknown;control;2023-11-24 19:30:00+00:00;0.383;;
810510;unknown;control;2023-11-24 19:45:00+00:00;0.124;;
810510;unknown;control;2023-11-24 20:00:00+00:00;0.337;;
810510;unknown;control;2023-11-24 20:15:00+00:00;0.5;;
810510;unknown;control;2023-11-24 20:30:00+00:00;0.127;;
810510;unknown;control;2023-11-24 20:45:00+00:00;0.244;;
810510;unknown;control;2023-11-24 21:00:00+00:00;0.634;;
810510;unknown;control;2023-11-24 21:15:00+00:00;0.125;;
810510;unknown;control;2023-11-24 21:30:00+00:00;0.149;;
810510;unknown;control;2023-11-24 21:45:00+00:00;0.601;;
810510;unknown;control;2023-11-24 22:00:00+00:00;0.263;;
810510;unknown;control;2023-11-24 22:15:00+00:00;0.133;;
810510;unknown;control;2023-11-24 22:30:00+00:00;0.566;;
810510;unknown;control;2023-11-24 22:45:00+00:00;0.335;;
810510;unknown;control;2023-11-24 23:00:00+00:00;0.118;;
810510;unknown;control;2023-11-24 23:15:00+00:00;0.486;;
810510;unknown;control;2023-11-24 23:30:00+00:00;0.537;;
810510;unknown;control;2023-11-24 23:45:00+00:00;0.136;;
810510;unknown;control;2023-11-25 00:00:00+00:00;0.217;;
810510;unknown;control;2023-11-25 00:15:00+00:00;0.481;;
810510;unknown;control;2023-11-25 00:30:00+00:00;0.081;;
810510;unknown;control;2023-11-25 00:45:00+00:00;0.212;;
810510;unknown;control;2023-11-25 01:00:00+00:00;0.6;;
810510;unknown;control;2023-11-25 01:15:00+00:00;0.189;;
810510;unknown;control;2023-11-25 01:30:00+00:00;0.088;;
810510;unknown;control;2023-11-25 01:45:00+00:00;0.441;;
810510;unknown;control;2023-11-25 02:00:00+00:00;0.477;;
810510;unknown;control;2023-11-25 02:15:00+00:00;0.09;;
810510;unknown;control;2023-11-25 02:30:00+00:00;0.175;;
810510;unknown;control;2023-11-25 02:45:00+00:00;0.599;;
810510;unknown;control;2023-11-25 03:00:00+00:00;0.203;;
810510;unknown;control;2023-11-25 03:15:00+00:00;0.08;;
810510;unknown;control;2023-11-25 03:30:00+00:00;0.361;;
810510;unknown;control;2023-11-25 03:45:00+00:00;0.062;;
810510;unknown;control;2023-11-25 04:00:00+00:00;0.146;;
810510;unknown;control;2023-11-25 04:15:00+00:00;0.597;;
810510;unknown;control;2023-11-25 04:30:00+00:00;0.313;;
810510;unknown;control;2023-11-25 04:45:00+00:00;0.08;;
810510;unknown;control;2023-11-25 05:00:00+00:00;0.304;;
810510;unknown;control;2023-11-25 05:15:00+00:00;0.615;;
810510;unknown;control;2023-11-25 05:30:00+00:00;0.088;;
810510;unknown;control;2023-11-25 05:45:00+00:00;0.065;;
810510;unknown;control;2023-11-25 06:00:00+00:00;0.523;;
810510;unknown;control;2023-11-25 06:15:00+00:00;0.411;;
810510;unknown;control;2023-11-25 06:30:00+00:00;0.087;;
810510;unknown;control;2023-11-25 06:45:00+00:00;0.227;;
810510;unknown;control;2023-11-25 07:00:00+00:00;0.603;;
810510;unknown;control;2023-11-25 07:15:00+00:00;0.161;;
810510;unknown;control;2023-11-25 07:30:00+00:00;0.019;;
810510;unknown;control;2023-11-25 07:45:00+00:00;0.362;;
810510;unknown;control;2023-11-25 08:00:00+00:00;0.405;;
810510;unknown;control;2023-11-25 08:15:00+00:00;0.008;;
810510;unknown;control;2023-11-25 08:30:00+00:00;0.034;;
810510;unknown;control;2023-11-25 08:45:00+00:00;0.611;;
810510;unknown;control;2023-11-25 09:00:00+00:00;0.201;;
810510;unknown;control;2023-11-25 09:15:00+00:00;0.0;;
810510;unknown;control;2023-11-25 09:30:00+00:00;0.255;;
810510;unknown;control;2023-11-25 09:45:00+00:00;0.583;;
810510;unknown;control;2023-11-25 10:00:00+00:00;0.44;;
810510;unknown;control;2023-11-25 10:15:00+00:00;0.017;;
810510;unknown;control;2023-11-25 10:30:00+00:00;0.342;;
810510;unknown;control;2023-11-25 10:45:00+00:00;0.304;;
810510;unknown;control;2023-11-25 11:00:00+00:00;0.0;;
810510;unknown;control;2023-11-25 11:15:00+00:00;0.0;;
810510;unknown;control;2023-11-25 11:30:00+00:00;0.095;;
810510;unknown;control;2023-11-25 11:45:00+00:00;0.015;;
810510;unknown;control;2023-11-25 12:00:00+00:00;0.0;;
810510;unknown;control;2023-11-25 12:15:00+00:00;0.142;;
810510;unknown;control;2023-11-25 12:30:00+00:00;0.153;;
810510;unknown;control;2023-11-25 12:45:00+00:00;0.0;;
810510;unknown;control;2023-11-25 13:00:00+00:00;0.106;;
810510;unknown;control;2023-11-25 13:15:00+00:00;0.561;;
810510;unknown;control;2023-11-25 13:30:00+00:00;0.178;;
810510;unknown;control;2023-11-25 13:45:00+00:00;0.06;;
810510;unknown;control;2023-11-25 14:00:00+00:00;0.576;;
810510;unknown;control;2023-11-25 14:15:00+00:00;0.258;;
810510;unknown;control;2023-11-25 14:30:00+00:00;0.094;;
810510;unknown;control;2023-11-25 14:45:00+00:00;0.379;;
810510;unknown;control;2023-11-25 15:00:00+00:00;0.492;;
810510;unknown;control;2023-11-25 15:15:00+00:00;0.096;;
810510;unknown;control;2023-11-25 15:30:00+00:00;0.167;;
810510;unknown;control;2023-11-25 15:45:00+00:00;0.643;;
810510;unknown;control;2023-11-25 16:00:00+00:00;0.217;;
810510;unknown;control;2023-11-25 16:15:00+00:00;0.111;;
810510;unknown;control;2023-11-25 16:30:00+00:00;0.541;;
810510;unknown;control;2023-11-25 16:45:00+00:00;0.418;;
810510;unknown;control;2023-11-25 17:00:00+00:00;0.105;;
810510;unknown;control;2023-11-25 17:15:00+00:00;0.261;;
810510;unknown;control;2023-11-25 17:30:00+00:00;0.661;;
810510;unknown;control;2023-11-25 17:45:00+00:00;0.116;;
810510;unknown;control;2023-11-25 18:00:00+00:00;0.105;;
810510;unknown;control;2023-11-25 18:15:00+00:00;0.56;;
810510;unknown;control;2023-11-25 18:30:00+00:00;0.37;;
810510;unknown;control;2023-11-25 18:45:00+00:00;0.092;;
810510;unknown;control;2023-11-25 19:00:00+00:00;0.323;;
810510;unknown;control;2023-11-25 19:15:00+00:00;0.651;;
810510;unknown;control;2023-11-25 19:30:00+00:00;0.135;;
810510;unknown;control;2023-11-25 19:45:00+00:00;0.076;;
810510;unknown;control;2023-11-25 20:00:00+00:00;0.582;;
810510;unknown;control;2023-11-25 20:15:00+00:00;0.343;;
810510;unknown;control;2023-11-25 20:30:00+00:00;0.096;;
810510;unknown;control;2023-11-25 20:45:00+00:00;0.327;;
810510;unknown;control;2023-11-25 21:00:00+00:00;0.66;;
810510;unknown;control;2023-11-25 21:15:00+00:00;0.107;;
810510;unknown;control;2023-11-25 21:30:00+00:00;0.13;;
810510;unknown;control;2023-11-25 21:45:00+00:00;0.583;;
810510;unknown;control;2023-11-25 22:00:00+00:00;0.403;;
810510;unknown;control;2023-11-25 22:15:00+00:00;0.107;;
810510;unknown;control;2023-11-25 22:30:00+00:00;0.418;;
810510;unknown;control;2023-11-25 22:45:00+00:00;0.521;;
810510;unknown;control;2023-11-25 23:00:00+00:00;0.09;;
810510;unknown;control;2023-11-25 23:15:00+00:00;0.283;;
810510;unknown;control;2023-11-25 23:30:00+00:00;0.628;;
810510;unknown;control;2023-11-25 23:45:00+00:00;0.264;;
810510;unknown;control;2023-11-26 00:00:00+00:00;0.08;;
810510;unknown;control;2023-11-26 00:15:00+00:00;0.372;;
810510;unknown;control;2023-11-26 00:30:00+00:00;0.103;;
810510;unknown;control;2023-11-26 00:45:00+00:00;0.124;;
810510;unknown;control;2023-11-26 01:00:00+00:00;0.606;;
810510;unknown;control;2023-11-26 01:15:00+00:00;0.373;;
810510;unknown;control;2023-11-26 01:30:00+00:00;0.099;;
810510;unknown;control;2023-11-26 01:45:00+00:00;0.287;;
810510;unknown;control;2023-11-26 02:00:00+00:00;0.619;;
810510;unknown;control;2023-11-26 02:15:00+00:00;0.171;;
810510;unknown;control;2023-11-26 02:30:00+00:00;0.091;;
810510;unknown;control;2023-11-26 02:45:00+00:00;0.487;;
810510;unknown;control;2023-11-26 03:00:00+00:00;0.462;;
810510;unknown;control;2023-11-26 03:15:00+00:00;0.103;;
810510;unknown;control;2023-11-26 03:30:00+00:00;0.269;;
810510;unknown;control;2023-11-26 03:45:00+00:00;0.214;;
810510;unknown;control;2023-11-26 04:00:00+00:00;0.088;;
810510;unknown;control;2023-11-26 04:15:00+00:00;0.434;;
810510;unknown;control;2023-11-26 04:30:00+00:00;0.575;;
810510;unknown;control;2023-11-26 04:45:00+00:00;0.076;;
810510;unknown;control;2023-11-26 05:00:00+00:00;0.072;;
810510;unknown;control;2023-11-26 05:15:00+00:00;0.594;;
810510;unknown;control;2023-11-26 05:30:00+00:00;0.361;;
810510;unknown;control;2023-11-26 05:45:00+00:00;0.078;;
810510;unknown;control;2023-11-26 06:00:00+00:00;0.286;;
810510;unknown;control;2023-11-26 06:15:00+00:00;0.63;;
810510;unknown;control;2023-11-26 06:30:00+00:00;0.131;;
810510;unknown;control;2023-11-26 06:45:00+00:00;0.08;;
810510;unknown;control;2023-11-26 07:00:00+00:00;0.508;;
810510;unknown;control;2023-11-26 07:15:00+00:00;0.426;;
810510;unknown;control;2023-11-26 07:30:00+00:00;0.065;;
810510;unknown;control;2023-11-26 07:45:00+00:00;0.212;;
810510;unknown;control;2023-11-26 08:00:00+00:00;0.579;;
810510;unknown;control;2023-11-26 08:15:00+00:00;0.119;;
810510;unknown;control;2023-11-26 08:30:00+00:00;0.027;;
810510;unknown;control;2023-11-26 08:45:00+00:00;0.358;;
810510;unknown;control;2023-11-26 09:00:00+00:00;0.332;;
810510;unknown;control;2023-11-26 09:15:00+00:00;0.0;;
810510;unknown;control;2023-11-26 09:30:00+00:00;0.128;;
810510;unknown;control;2023-11-26 09:45:00+00:00;0.516;;
810510;unknown;control;2023-11-26 10:00:00+00:00;0.054;;
810510;unknown;control;2023-11-26 10:15:00+00:00;0.0;;
810510;unknown;control;2023-11-26 10:30:00+00:00;0.39;;
810510;unknown;control;2023-11-26 10:45:00+00:00;0.23;;
810510;unknown;control;2023-11-26 11:00:00+00:00;0.323;;
810510;unknown;control;2023-11-26 11:15:00+00:00;0.76;;
810510;unknown;control;2023-11-26 11:30:00+00:00;0.808;;
810510;unknown;control;2023-11-26 11:45:00+00:00;0.13;;
810510;unknown;control;2023-11-26 12:00:00+00:00;0.038;;
810510;unknown;control;2023-11-26 12:15:00+00:00;0.515;;
810510;unknown;control;2023-11-26 12:30:00+00:00;0.088;;
810510;unknown;control;2023-11-26 12:45:00+00:00;0.0;;
810510;unknown;control;2023-11-26 13:00:00+00:00;0.388;;
810510;unknown;control;2023-11-26 13:15:00+00:00;0.258;;
810510;unknown;control;2023-11-26 13:30:00+00:00;0.017;;
810510;unknown;control;2023-11-26 13:45:00+00:00;0.278;;
810510;unknown;control;2023-11-26 14:00:00+00:00;0.431;;
810510;unknown;control;2023-11-26 14:15:00+00:00;0.046;;
810510;unknown;control;2023-11-26 14:30:00+00:00;0.128;;
810510;unknown;control;2023-11-26 14:45:00+00:00;0.593;;
810510;unknown;control;2023-11-26 15:00:00+00:00;0.14;;
810510;unknown;control;2023-11-26 15:15:00+00:00;0.135;;
810510;unknown;control;2023-11-26 15:30:00+00:00;0.593;;
810510;unknown;control;2023-11-26 15:45:00+00:00;0.28;;
810510;unknown;control;2023-11-26 16:00:00+00:00;0.095;;
810510;unknown;control;2023-11-26 16:15:00+00:00;0.389;;
810510;unknown;control;2023-11-26 16:30:00+00:00;0.459;;
810510;unknown;control;2023-11-26 16:45:00+00:00;0.104;;
810510;unknown;control;2023-11-26 17:00:00+00:00;0.216;;
810510;unknown;control;2023-11-26 17:15:00+00:00;0.623;;
810510;unknown;control;2023-11-26 17:30:00+00:00;0.115;;
810510;unknown;control;2023-11-26 17:45:00+00:00;0.09;;
810510;unknown;control;2023-11-26 18:00:00+00:00;0.552;;
810510;unknown;control;2023-11-26 18:15:00+00:00;0.371;;
810510;unknown;control;2023-11-26 18:30:00+00:00;0.093;;
810510;unknown;control;2023-11-26 18:45:00+00:00;0.314;;
810510;unknown;control;2023-11-26 19:00:00+00:00;0.707;;
810510;unknown;control;2023-11-26 19:15:00+00:00;0.114;;
810510;unknown;control;2023-11-26 19:30:00+00:00;0.123;;
810510;unknown;control;2023-11-26 19:45:00+00:00;0.582;;
810510;unknown;control;2023-11-26 20:00:00+00:00;0.401;;
810510;unknown;control;2023-11-26 20:15:00+00:00;0.108;;
810510;unknown;control;2023-11-26 20:30:00+00:00;0.37;;
810510;unknown;control;2023-11-26 20:45:00+00:00;0.828;;
810510;unknown;control;2023-11-26 21:00:00+00:00;0.669;;
810510;unknown;control;2023-11-26 21:15:00+00:00;0.22;;
810510;unknown;control;2023-11-26 21:30:00+00:00;0.094;;
810510;unknown;control;2023-11-26 21:45:00+00:00;0.472;;
810510;unknown;control;2023-11-26 22:00:00+00:00;0.574;;
810510;unknown;control;2023-11-26 22:15:00+00:00;0.101;;
810510;unknown;control;2023-11-26 22:30:00+00:00;0.148;;
810510;unknown;control;2023-11-26 22:45:00+00:00;0.641;;
810510;unknown;control;2023-11-26 23:00:00+00:00;0.414;;
810510;unknown;control;2023-11-26 23:15:00+00:00;0.1;;
810510;unknown;control;2023-11-26 23:30:00+00:00;0.267;;
810510;unknown;control;2023-11-26 23:45:00+00:00;0.647;;
810510;unknown;control;2023-11-27 00:00:00+00:00;0.251;;
810510;unknown;control;2023-11-27 00:15:00+00:00;0.113;;
810510;unknown;control;2023-11-27 00:30:00+00:00;0.417;;
810510;unknown;control;2023-11-27 00:45:00+00:00;0.652;;
810510;unknown;control;2023-11-27 01:00:00+00:00;0.097;;
810510;unknown;control;2023-11-27 01:15:00+00:00;0.087;;
810510;unknown;control;2023-11-27 01:30:00+00:00;0.547;;
810510;unknown;control;2023-11-27 01:45:00+00:00;0.488;;
810510;unknown;control;2023-11-27 02:00:00+00:00;0.084;;
810510;unknown;control;2023-11-27 02:15:00+00:00;0.173;;
810510;unknown;control;2023-11-27 02:30:00+00:00;0.605;;
810510;unknown;control;2023-11-27 02:45:00+00:00;0.313;;
810510;unknown;control;2023-11-27 03:00:00+00:00;0.072;;
810510;unknown;control;2023-11-27 03:15:00+00:00;0.326;;
810510;unknown;control;2023-11-27 03:30:00+00:00;0.644;;
810510;unknown;control;2023-11-27 03:45:00+00:00;0.124;;
810510;unknown;control;2023-11-27 04:00:00+00:00;0.08;;
810510;unknown;control;2023-11-27 04:15:00+00:00;0.489;;
810510;unknown;control;2023-11-27 04:30:00+00:00;0.509;;
810510;unknown;control;2023-11-27 04:45:00+00:00;0.076;;
810510;unknown;control;2023-11-27 05:00:00+00:00;0.141;;
810510;unknown;control;2023-11-27 05:15:00+00:00;0.623;;
810510;unknown;control;2023-11-27 05:30:00+00:00;0.323;;
810510;unknown;control;2023-11-27 05:45:00+00:00;0.079;;
810510;unknown;control;2023-11-27 06:00:00+00:00;0.308;;
810510;unknown;control;2023-11-27 06:15:00+00:00;0.629;;
810510;unknown;control;2023-11-27 06:30:00+00:00;0.169;;
810510;unknown;control;2023-11-27 06:45:00+00:00;0.086;;
810510;unknown;control;2023-11-27 07:00:00+00:00;0.479;;
810510;unknown;control;2023-11-27 07:15:00+00:00;0.549;;
810510;unknown;control;2023-11-27 07:30:00+00:00;0.061;;
810510;unknown;control;2023-11-27 07:45:00+00:00;0.093;;
810510;unknown;control;2023-11-27 08:00:00+00:00;0.578;;
810510;unknown;control;2023-11-27 08:15:00+00:00;0.341;;
810510;unknown;control;2023-11-27 08:30:00+00:00;0.029;;
810510;unknown;control;2023-11-27 08:45:00+00:00;0.199;;
810510;unknown;control;2023-11-27 09:00:00+00:00;0.53;;
810510;unknown;control;2023-11-27 09:15:00+00:00;0.031;;
810510;unknown;control;2023-11-27 09:30:00+00:00;0.0;;
810510;unknown;control;2023-11-27 09:45:00+00:00;0.373;;
810510;unknown;control;2023-11-27 10:00:00+00:00;0.271;;
810510;unknown;control;2023-11-27 10:15:00+00:00;0.0;;
810510;unknown;control;2023-11-27 10:30:00+00:00;0.101;;
810510;unknown;control;2023-11-27 10:45:00+00:00;0.322;;
810510;unknown;control;2023-11-27 11:00:00+00:00;0.0;;
810510;unknown;control;2023-11-27 11:15:00+00:00;0.0;;
810510;unknown;control;2023-11-27 11:30:00+00:00;0.24;;
810510;unknown;control;2023-11-27 11:45:00+00:00;0.072;;
810510;unknown;control;2023-11-27 12:00:00+00:00;0.0;;
810510;unknown;control;2023-11-27 12:15:00+00:00;0.134;;
810510;unknown;control;2023-11-27 12:30:00+00:00;0.182;;
810510;unknown;control;2023-11-27 12:45:00+00:00;0.0;;
810510;unknown;control;2023-11-27 13:00:00+00:00;0.158;;
810510;unknown;control;2023-11-27 13:15:00+00:00;0.278;;
810510;unknown;control;2023-11-27 13:30:00+00:00;0.003;;
810510;unknown;control;2023-11-27 13:45:00+00:00;0.13;;
810510;unknown;control;2023-11-27 14:00:00+00:00;0.664;;
810510;unknown;control;2023-11-27 14:15:00+00:00;0.07;;
810510;unknown;control;2023-11-27 14:30:00+00:00;0.139;;
810510;unknown;control;2023-11-27 14:45:00+00:00;0.624;;
810510;unknown;control;2023-11-27 15:00:00+00:00;0.152;;
810510;unknown;control;2023-11-27 15:15:00+00:00;0.094;;
810510;unknown;control;2023-11-27 15:30:00+00:00;0.496;;
810510;unknown;control;2023-11-27 15:45:00+00:00;0.286;;
810510;unknown;control;2023-11-27 16:00:00+00:00;0.148;;
810510;unknown;control;2023-11-27 16:15:00+00:00;0.427;;
810510;unknown;control;2023-11-27 16:30:00+00:00;0.443;;
810510;unknown;control;2023-11-27 16:45:00+00:00;0.131;;
810510;unknown;control;2023-11-27 17:00:00+00:00;0.347;;
810510;unknown;control;2023-11-27 17:15:00+00:00;0.503;;
810510;unknown;control;2023-11-27 17:30:00+00:00;0.158;;
810510;unknown;control;2023-11-27 17:45:00+00:00;0.25;;
810510;unknown;control;2023-11-27 18:00:00+00:00;0.683;;
810510;unknown;control;2023-11-27 18:15:00+00:00;0.173;;
810510;unknown;control;2023-11-27 18:30:00+00:00;0.161;;
810510;unknown;control;2023-11-27 18:45:00+00:00;0.874;;
810510;unknown;control;2023-11-27 19:00:00+00:00;0.305;;
810510;unknown;control;2023-11-27 19:15:00+00:00;0.205;;
810510;unknown;control;2023-11-27 19:30:00+00:00;0.529;;
810510;unknown;control;2023-11-27 19:45:00+00:00;0.386;;
810510;unknown;control;2023-11-27 20:00:00+00:00;0.154;;
810510;unknown;control;2023-11-27 20:15:00+00:00;0.385;;
810510;unknown;control;2023-11-27 20:30:00+00:00;0.55;;
810510;unknown;control;2023-11-27 20:45:00+00:00;0.184;;
810510;unknown;control;2023-11-27 21:00:00+00:00;0.259;;
810510;unknown;control;2023-11-27 21:15:00+00:00;0.692;;
810510;unknown;control;2023-11-27 21:30:00+00:00;0.183;;
810510;unknown;control;2023-11-27 21:45:00+00:00;0.167;;
810510;unknown;control;2023-11-27 22:00:00+00:00;0.62;;
810510;unknown;control;2023-11-27 22:15:00+00:00;0.278;;
810510;unknown;control;2023-11-27 22:30:00+00:00;0.137;;
810510;unknown;control;2023-11-27 22:45:00+00:00;0.453;;
810510;unknown;control;2023-11-27 23:00:00+00:00;0.434;;
810510;unknown;control;2023-11-27 23:15:00+00:00;0.147;;
810510;unknown;control;2023-11-27 23:30:00+00:00;0.327;;
810510;unknown;control;2023-11-27 23:45:00+00:00;0.567;;
810510;unknown;control;2023-11-28 00:00:00+00:00;0.149;;
810510;unknown;control;2023-11-28 00:15:00+00:00;0.188;;
810510;unknown;control;2023-11-28 00:30:00+00:00;0.632;;
810510;unknown;control;2023-11-28 00:45:00+00:00;0.147;;
810510;unknown;control;2023-11-28 01:00:00+00:00;0.09;;
810510;unknown;control;2023-11-28 01:15:00+00:00;0.545;;
810510;unknown;control;2023-11-28 01:30:00+00:00;0.303;;
810510;unknown;control;2023-11-28 01:45:00+00:00;0.087;;
810510;unknown;control;2023-11-28 02:00:00+00:00;0.384;;
810510;unknown;control;2023-11-28 02:15:00+00:00;0.424;;
810510;unknown;control;2023-11-28 02:30:00+00:00;0.113;;
810510;unknown;control;2023-11-28 02:45:00+00:00;0.296;;
810510;unknown;control;2023-11-28 03:00:00+00:00;0.584;;
810510;unknown;control;2023-11-28 03:15:00+00:00;0.12;;
810510;unknown;control;2023-11-28 03:30:00+00:00;0.165;;
810510;unknown;control;2023-11-28 03:45:00+00:00;0.649;;
810510;unknown;control;2023-11-28 04:00:00+00:00;0.186;;
810510;unknown;control;2023-11-28 04:15:00+00:00;0.143;;
810510;unknown;control;2023-11-28 04:30:00+00:00;0.542;;
810510;unknown;control;2023-11-28 04:45:00+00:00;0.338;;
810510;unknown;control;2023-11-28 05:00:00+00:00;0.116;;
810510;unknown;control;2023-11-28 05:15:00+00:00;0.387;;
810510;unknown;control;2023-11-28 05:30:00+00:00;0.438;;
810510;unknown;control;2023-11-28 05:45:00+00:00;0.126;;
810510;unknown;control;2023-11-28 06:00:00+00:00;0.313;;
810510;unknown;control;2023-11-28 06:15:00+00:00;0.58;;
810510;unknown;control;2023-11-28 06:30:00+00:00;0.142;;
810510;unknown;control;2023-11-28 06:45:00+00:00;0.105;;
810510;unknown;control;2023-11-28 07:00:00+00:00;0.604;;
810510;unknown;control;2023-11-28 07:15:00+00:00;0.129;;
810510;unknown;control;2023-11-28 07:30:00+00:00;0.076;;
810510;unknown;control;2023-11-28 07:45:00+00:00;0.495;;
810510;unknown;control;2023-11-28 08:00:00+00:00;0.231;;
810510;unknown;control;2023-11-28 08:15:00+00:00;0.093;;
810510;unknown;control;2023-11-28 08:30:00+00:00;0.492;;
810510;unknown;control;2023-11-28 08:45:00+00:00;0.39;;
810510;unknown;control;2023-11-28 09:00:00+00:00;0.084;;
810510;unknown;control;2023-11-28 09:15:00+00:00;0.346;;
810510;unknown;control;2023-11-28 09:30:00+00:00;0.541;;
810510;unknown;control;2023-11-28 09:45:00+00:00;0.114;;
810510;unknown;control;2023-11-28 10:00:00+00:00;0.114;;
810510;unknown;control;2023-11-28 10:15:00+00:00;0.599;;
810510;unknown;control;2023-11-28 10:30:00+00:00;0.151;;
810510;unknown;control;2023-11-28 10:45:00+00:00;0.093;;
810510;unknown;control;2023-11-28 11:00:00+00:00;0.459;;
810510;unknown;control;2023-11-28 11:15:00+00:00;0.301;;
810510;unknown;control;2023-11-28 11:30:00+00:00;0.074;;
810510;unknown;control;2023-11-28 11:45:00+00:00;0.304;;
810510;unknown;control;2023-11-28 12:00:00+00:00;0.5;;
810510;unknown;control;2023-11-28 12:15:00+00:00;0.116;;
810510;unknown;control;2023-11-28 12:30:00+00:00;0.158;;
810510;unknown;control;2023-11-28 12:45:00+00:00;0.608;;
810510;unknown;control;2023-11-28 13:00:00+00:00;0.091;;
810510;unknown;control;2023-11-28 13:15:00+00:00;0.086;;
810510;unknown;control;2023-11-28 13:30:00+00:00;0.536;;
810510;unknown;control;2023-11-28 13:45:00+00:00;0.341;;
810510;unknown;control;2023-11-28 14:00:00+00:00;0.112;;
810510;unknown;control;2023-11-28 14:15:00+00:00;0.329;;
810510;unknown;control;2023-11-28 14:30:00+00:00;0.484;;
810510;unknown;control;2023-11-28 14:45:00+00:00;0.097;;
810510;unknown;control;2023-11-28 15:00:00+00:00;0.159;;
810510;unknown;control;2023-11-28 15:15:00+00:00;0.646;;
810510;unknown;control;2023-11-28 15:30:00+00:00;0.162;;
810510;unknown;control;2023-11-28 15:45:00+00:00;0.109;;
810510;unknown;control;2023-11-28 16:00:00+00:00;0.507;;
810510;unknown;control;2023-11-28 16:15:00+00:00;0.377;;
810510;unknown;control;2023-11-28 16:30:00+00:00;0.118;;
810510;unknown;control;2023-11-28 16:45:00+00:00;0.311;;
810510;unknown;control;2023-11-28 17:00:00+00:00;0.566;;
810510;unknown;control;2023-11-28 17:15:00+00:00;0.079;;
810510;unknown;control;2023-11-28 17:30:00+00:00;0.075;;
810510;unknown;control;2023-11-28 17:45:00+00:00;0.595;;
810510;unknown;control;2023-11-28 18:00:00+00:00;0.257;;
810510;unknown;control;2023-11-28 18:15:00+00:00;0.09;;
810510;unknown;control;2023-11-28 18:30:00+00:00;0.385;;
810510;unknown;control;2023-11-28 18:45:00+00:00;0.481;;
810510;unknown;control;2023-11-28 19:00:00+00:00;0.1;;
810510;unknown;control;2023-11-28 19:15:00+00:00;0.178;;
810510;unknown;control;2023-11-28 19:30:00+00:00;0.636;;
810510;unknown;control;2023-11-28 19:45:00+00:00;0.182;;
810510;unknown;control;2023-11-28 20:00:00+00:00;0.097;;
810510;unknown;control;2023-11-28 20:15:00+00:00;0.473;;
810510;unknown;control;2023-11-28 20:30:00+00:00;0.43;;
810510;unknown;control;2023-11-28 20:45:00+00:00;0.077;;
810510;unknown;control;2023-11-28 21:00:00+00:00;0.243;;
810510;unknown;control;2023-11-28 21:15:00+00:00;0.621;;
810510;unknown;control;2023-11-28 21:30:00+00:00;0.157;;
810510;unknown;control;2023-11-28 21:45:00+00:00;0.12;;
810510;unknown;control;2023-11-28 22:00:00+00:00;0.506;;
810510;unknown;control;2023-11-28 22:15:00+00:00;0.445;;
810510;unknown;control;2023-11-28 22:30:00+00:00;0.09;;
810510;unknown;control;2023-11-28 22:45:00+00:00;0.243;;
810510;unknown;control;2023-11-28 23:00:00+00:00;0.631;;
810510;unknown;control;2023-11-28 23:15:00+00:00;0.207;;
810510;unknown;control;2023-11-28 23:30:00+00:00;0.104;;
810510;unknown;control;2023-11-28 23:45:00+00:00;0.443;;
810510;unknown;control;2023-11-29 00:00:00+00:00;0.506;;
810510;unknown;control;2023-11-29 00:15:00+00:00;0.072;;
810510;unknown;control;2023-11-29 00:30:00+00:00;0.145;;
810510;unknown;control;2023-11-29 00:45:00+00:00;0.662;;
810510;unknown;control;2023-11-29 01:00:00+00:00;0.774;;
810510;unknown;control;2023-11-29 01:15:00+00:00;0.542;;
810510;unknown;control;2023-11-29 01:30:00+00:00;0.073;;
810510;unknown;control;2023-11-29 01:45:00+00:00;0.115;;
810510;unknown;control;2023-11-29 02:00:00+00:00;0.608;;
810510;unknown;control;2023-11-29 02:15:00+00:00;0.389;;
810510;unknown;control;2023-11-29 02:30:00+00:00;0.09;;
810510;unknown;control;2023-11-29 02:45:00+00:00;0.246;;
810510;unknown;control;2023-11-29 03:00:00+00:00;0.619;;
810510;unknown;control;2023-11-29 03:15:00+00:00;0.265;;
810510;unknown;control;2023-11-29 03:30:00+00:00;0.07;;
810510;unknown;control;2023-11-29 03:45:00+00:00;0.37;;
810510;unknown;control;2023-11-29 04:00:00+00:00;0.641;;
810510;unknown;control;2023-11-29 04:15:00+00:00;0.148;;
810510;unknown;control;2023-11-29 04:30:00+00:00;0.077;;
810510;unknown;control;2023-11-29 04:45:00+00:00;0.475;;
810510;unknown;control;2023-11-29 05:00:00+00:00;0.602;;
810510;unknown;control;2023-11-29 05:15:00+00:00;0.072;;
810510;unknown;control;2023-11-29 05:30:00+00:00;0.08;;
810510;unknown;control;2023-11-29 05:45:00+00:00;0.6;;
810510;unknown;control;2023-11-29 06:00:00+00:00;0.49;;
810510;unknown;control;2023-11-29 06:15:00+00:00;0.084;;
810510;unknown;control;2023-11-29 06:30:00+00:00;0.168;;
810510;unknown;control;2023-11-29 06:45:00+00:00;0.62;;
810510;unknown;control;2023-11-29 07:00:00+00:00;0.367;;
810510;unknown;control;2023-11-29 07:15:00+00:00;0.08;;
810510;unknown;control;2023-11-29 07:30:00+00:00;0.291;;
810510;unknown;control;2023-11-29 07:45:00+00:00;0.583;;
810510;unknown;control;2023-11-29 08:00:00+00:00;0.155;;
810510;unknown;control;2023-11-29 08:15:00+00:00;0.0;;
810510;unknown;control;2023-11-29 08:30:00+00:00;0.263;;
810510;unknown;control;2023-11-29 08:45:00+00:00;0.404;;
810510;unknown;control;2023-11-29 09:00:00+00:00;0.091;;
810510;unknown;control;2023-11-29 09:15:00+00:00;0.144;;
810510;unknown;control;2023-11-29 09:30:00+00:00;0.454;;
810510;unknown;control;2023-11-29 09:45:00+00:00;0.129;;
810510;unknown;control;2023-11-29 10:00:00+00:00;0.087;;
810510;unknown;control;2023-11-29 10:15:00+00:00;0.0;;
810510;unknown;control;2023-11-29 10:30:00+00:00;0.016;;
810510;unknown;control;2023-11-29 10:45:00+00:00;0.0;;
810510;unknown;control;2023-11-29 11:00:00+00:00;0.0;;
810510;unknown;control;2023-11-29 11:15:00+00:00;0.01;;
810510;unknown;control;2023-11-29 11:30:00+00:00;0.0;;
810510;unknown;control;2023-11-29 11:45:00+00:00;0.0;;
810510;unknown;control;2023-11-29 12:00:00+00:00;0.035;;
810510;unknown;control;2023-11-29 12:15:00+00:00;0.0;;
810510;unknown;control;2023-11-29 12:30:00+00:00;0.0;;
810510;unknown;control;2023-11-29 12:45:00+00:00;0.001;;
810510;unknown;control;2023-11-29 13:00:00+00:00;0.059;;
810510;unknown;control;2023-11-29 13:15:00+00:00;0.004;;
810510;unknown;control;2023-11-29 13:30:00+00:00;0.0;;
810510;unknown;control;2023-11-29 13:45:00+00:00;0.293;;
810510;unknown;control;2023-11-29 14:00:00+00:00;0.115;;
810510;unknown;control;2023-11-29 14:15:00+00:00;0.001;;
810510;unknown;control;2023-11-29 14:30:00+00:00;0.22;;
810510;unknown;control;2023-11-29 14:45:00+00:00;0.257;;
810510;unknown;control;2023-11-29 15:00:00+00:00;0.002;;
810510;unknown;control;2023-11-29 15:15:00+00:00;0.141;;
810510;unknown;control;2023-11-29 15:30:00+00:00;0.502;;
810510;unknown;control;2023-11-29 15:45:00+00:00;0.084;;
810510;unknown;control;2023-11-29 16:00:00+00:00;0.079;;
810510;unknown;control;2023-11-29 16:15:00+00:00;0.602;;
810510;unknown;control;2023-11-29 16:30:00+00:00;0.21;;
810510;unknown;control;2023-11-29 16:45:00+00:00;0.086;;
810510;unknown;control;2023-11-29 17:00:00+00:00;0.539;;
810510;unknown;control;2023-11-29 17:15:00+00:00;0.724;;
810510;unknown;control;2023-11-29 17:30:00+00:00;0.491;;
810510;unknown;control;2023-11-29 17:45:00+00:00;0.069;;
810510;unknown;control;2023-11-29 18:00:00+00:00;0.166;;
810510;unknown;control;2023-11-29 18:15:00+00:00;0.612;;
810510;unknown;control;2023-11-29 18:30:00+00:00;0.213;;
810510;unknown;control;2023-11-29 18:45:00+00:00;0.087;;
810510;unknown;control;2023-11-29 19:00:00+00:00;0.415;;
810510;unknown;control;2023-11-29 19:15:00+00:00;0.491;;
810510;unknown;control;2023-11-29 19:30:00+00:00;0.076;;
810510;unknown;control;2023-11-29 19:45:00+00:00;0.16;;
810510;unknown;control;2023-11-29 20:00:00+00:00;0.621;;
810510;unknown;control;2023-11-29 20:15:00+00:00;0.239;;
810510;unknown;control;2023-11-29 20:30:00+00:00;0.084;;
810510;unknown;control;2023-11-29 20:45:00+00:00;0.406;;
810510;unknown;control;2023-11-29 21:00:00+00:00;0.534;;
810510;unknown;control;2023-11-29 21:15:00+00:00;0.094;;
810510;unknown;control;2023-11-29 21:30:00+00:00;0.144;;
810510;unknown;control;2023-11-29 21:45:00+00:00;0.65;;
810510;unknown;control;2023-11-29 22:00:00+00:00;0.303;;
810510;unknown;control;2023-11-29 22:15:00+00:00;0.099;;
810510;unknown;control;2023-11-29 22:30:00+00:00;0.38;;
810510;unknown;control;2023-11-29 22:45:00+00:00;0.586;;
810510;unknown;control;2023-11-29 23:00:00+00:00;0.099;;
810510;unknown;control;2023-11-29 23:15:00+00:00;0.103;;
810510;unknown;control;2023-11-29 23:30:00+00:00;0.624;;
810510;unknown;control;2023-11-29 23:45:00+00:00;0.386;;
810510;unknown;control;2023-11-30 00:00:00+00:00;0.088;;
810510;unknown;control;2023-11-30 00:15:00+00:00;0.296;;
810510;unknown;control;2023-11-30 00:30:00+00:00;0.638;;
810510;unknown;control;2023-11-30 00:45:00+00:00;0.13;;
810510;unknown;control;2023-11-30 01:00:00+00:00;0.09;;
810510;unknown;control;2023-11-30 01:15:00+00:00;0.488;;
810510;unknown;control;2023-11-30 01:30:00+00:00;0.487;;
810510;unknown;control;2023-11-30 01:45:00+00:00;0.073;;
810510;unknown;control;2023-11-30 02:00:00+00:00;0.16;;
810510;unknown;control;2023-11-30 02:15:00+00:00;0.617;;
810510;unknown;control;2023-11-30 02:30:00+00:00;0.265;;
810510;unknown;control;2023-11-30 02:45:00+00:00;0.091;;
810510;unknown;control;2023-11-30 03:00:00+00:00;0.361;;
810510;unknown;control;2023-11-30 03:15:00+00:00;0.599;;
810510;unknown;control;2023-11-30 03:30:00+00:00;0.08;;
810510;unknown;control;2023-11-30 03:45:00+00:00;0.074;;
810510;unknown;control;2023-11-30 04:00:00+00:00;0.58;;
810510;unknown;control;2023-11-30 04:15:00+00:00;0.37;;
810510;unknown;control;2023-11-30 04:30:00+00:00;0.085;;
810510;unknown;control;2023-11-30 04:45:00+00:00;0.274;;
810510;unknown;control;2023-11-30 05:00:00+00:00;0.619;;
810510;unknown;control;2023-11-30 05:15:00+00:00;0.143;;
810510;unknown;control;2023-11-30 05:30:00+00:00;0.072;;
810510;unknown;control;2023-11-30 05:45:00+00:00;0.483;;
810510;unknown;control;2023-11-30 06:00:00+00:00;0.494;;
810510;unknown;control;2023-11-30 06:15:00+00:00;0.077;;
810510;unknown;control;2023-11-30 06:30:00+00:00;0.175;;
810510;unknown;control;2023-11-30 06:45:00+00:00;0.615;;
810510;unknown;control;2023-11-30 07:00:00+00:00;0.256;;
810510;unknown;control;2023-11-30 07:15:00+00:00;0.1;;
810510;unknown;control;2023-11-30 07:30:00+00:00;0.4;;
810510;unknown;control;2023-11-30 07:45:00+00:00;0.621;;
810510;unknown;control;2023-11-30 08:00:00+00:00;0.112;;
810510;unknown;control;2023-11-30 08:15:00+00:00;0.123;;
810510;unknown;control;2023-11-30 08:30:00+00:00;0.628;;
810510;unknown;control;2023-11-30 08:45:00+00:00;0.419;;
810510;unknown;control;2023-11-30 09:00:00+00:00;0.114;;
810510;unknown;control;2023-11-30 09:15:00+00:00;0.314;;
810510;unknown;control;2023-11-30 09:30:00+00:00;0.652;;
810510;unknown;control;2023-11-30 09:45:00+00:00;0.141;;
810510;unknown;control;2023-11-30 10:00:00+00:00;0.083;;
810510;unknown;control;2023-11-30 10:15:00+00:00;0.515;;
810510;unknown;control;2023-11-30 10:30:00+00:00;0.45;;
810510;unknown;control;2023-11-30 10:45:00+00:00;0.097;;
810510;unknown;control;2023-11-30 11:00:00+00:00;0.269;;
810510;unknown;control;2023-11-30 11:15:00+00:00;0.808;;
810510;unknown;control;2023-11-30 11:30:00+00:00;0.646;;
810510;unknown;control;2023-11-30 11:45:00+00:00;0.172;;
810510;unknown;control;2023-11-30 12:00:00+00:00;0.104;;
810510;unknown;control;2023-11-30 12:15:00+00:00;0.521;;
810510;unknown;control;2023-11-30 12:30:00+00:00;0.46;;
810510;unknown;control;2023-11-30 12:45:00+00:00;0.109;;
810510;unknown;control;2023-11-30 13:00:00+00:00;0.237;;
810510;unknown;control;2023-11-30 13:15:00+00:00;0.638;;
810510;unknown;control;2023-11-30 13:30:00+00:00;0.176;;
810510;unknown;control;2023-11-30 13:45:00+00:00;0.103;;
810510;unknown;control;2023-11-30 14:00:00+00:00;0.509;;
810510;unknown;control;2023-11-30 14:15:00+00:00;0.46;;
810510;unknown;control;2023-11-30 14:30:00+00:00;0.109;;
810510;unknown;control;2023-11-30 14:45:00+00:00;0.257;;
810510;unknown;control;2023-11-30 15:00:00+00:00;0.652;;
810510;unknown;control;2023-11-30 15:15:00+00:00;0.185;;
810510;unknown;control;2023-11-30 15:30:00+00:00;0.128;;
810510;unknown;control;2023-11-30 15:45:00+00:00;0.515;;
810510;unknown;control;2023-11-30 16:00:00+00:00;0.466;;
810510;unknown;control;2023-11-30 16:15:00+00:00;0.109;;
810510;unknown;control;2023-11-30 16:30:00+00:00;0.275;;
810510;unknown;control;2023-11-30 16:45:00+00:00;0.689;;
810510;unknown;control;2023-11-30 17:00:00+00:00;0.201;;
810510;unknown;control;2023-11-30 17:15:00+00:00;0.161;;
810510;unknown;control;2023-11-30 17:30:00+00:00;0.548;;
810510;unknown;control;2023-11-30 17:45:00+00:00;0.478;;
810510;unknown;control;2023-11-30 18:00:00+00:00;0.149;;
810510;unknown;control;2023-11-30 18:15:00+00:00;0.289;;
810510;unknown;control;2023-11-30 18:30:00+00:00;0.711;;
810510;unknown;control;2023-11-30 18:45:00+00:00;0.215;;
810510;unknown;control;2023-11-30 19:00:00+00:00;0.158;;
810510;unknown;control;2023-11-30 19:15:00+00:00;0.572;;
810510;unknown;control;2023-11-30 19:30:00+00:00;0.47;;
810510;unknown;control;2023-11-30 19:45:00+00:00;0.158;;
810510;unknown;control;2023-11-30 20:00:00+00:00;0.316;;
810510;unknown;control;2023-11-30 20:15:00+00:00;0.663;;
810510;unknown;control;2023-11-30 20:30:00+00:00;0.11;;
810510;unknown;control;2023-11-30 20:45:00+00:00;0.094;;
810510;unknown;control;2023-11-30 21:00:00+00:00;0.556;;
810510;unknown;control;2023-11-30 21:15:00+00:00;0.366;;
810510;unknown;control;2023-11-30 21:30:00+00:00;0.099;;
810510;unknown;control;2023-11-30 21:45:00+00:00;0.32;;
810510;unknown;control;2023-11-30 22:00:00+00:00;0.624;;
810510;unknown;control;2023-11-30 22:15:00+00:00;0.102;;
810510;unknown;control;2023-11-30 22:30:00+00:00;0.083;;
810510;unknown;control;2023-11-30 22:45:00+00:00;0.575;;
810510;unknown;control;2023-11-30 23:00:00+00:00;0.301;;
810510;unknown;control;2023-11-30 23:15:00+00:00;0.077;;
810510;unknown;control;2023-11-30 23:30:00+00:00;0.339;;
810510;unknown;control;2023-11-30 23:45:00+00:00;0.546;;
810510;unknown;control;2023-12-01 00:00:00+00:00;0.074;;
810510;unknown;control;2023-12-01 00:15:00+00:00;0.093;;
810510;unknown;control;2023-12-01 00:30:00+00:00;0.597;;
810510;unknown;control;2023-12-01 00:45:00+00:00;0.266;;
810510;unknown;control;2023-12-01 01:00:00+00:00;0.081;;
810510;unknown;control;2023-12-01 01:15:00+00:00;0.366;;
810510;unknown;control;2023-12-01 01:30:00+00:00;0.515;;
810510;unknown;control;2023-12-01 01:45:00+00:00;0.068;;
810510;unknown;control;2023-12-01 02:00:00+00:00;0.13;;
810510;unknown;control;2023-12-01 02:15:00+00:00;0.601;;
810510;unknown;control;2023-12-01 02:30:00+00:00;0.228;;
810510;unknown;control;2023-12-01 02:45:00+00:00;0.085;;
810510;unknown;control;2023-12-01 03:00:00+00:00;0.393;;
810510;unknown;control;2023-12-01 03:15:00+00:00;0.463;;
810510;unknown;control;2023-12-01 03:30:00+00:00;0.074;;
810510;unknown;control;2023-12-01 03:45:00+00:00;0.175;;
810510;unknown;control;2023-12-01 04:00:00+00:00;0.623;;
810510;unknown;control;2023-12-01 04:15:00+00:00;0.152;;
810510;unknown;control;2023-12-01 04:30:00+00:00;0.077;;
810510;unknown;control;2023-12-01 04:45:00+00:00;0.47;;
810510;unknown;control;2023-12-01 05:00:00+00:00;0.386;;
810510;unknown;control;2023-12-01 05:15:00+00:00;0.081;;
810510;unknown;control;2023-12-01 05:30:00+00:00;0.294;;
810510;unknown;control;2023-12-01 05:45:00+00:00;0.585;;
810510;unknown;control;2023-12-01 06:00:00+00:00;0.085;;
810510;unknown;control;2023-12-01 06:15:00+00:00;0.208;;
810510;unknown;control;2023-12-01 06:30:00+00:00;0.615;;
810510;unknown;control;2023-12-01 06:45:00+00:00;0.247;;
810510;unknown;control;2023-12-01 07:00:00+00:00;0.079;;
810510;unknown;control;2023-12-01 07:15:00+00:00;0.385;;
810510;unknown;control;2023-12-01 07:30:00+00:00;0.711;;
810510;unknown;control;2023-12-01 07:45:00+00:00;0.227;;
810510;unknown;control;2023-12-01 08:00:00+00:00;0.13;;
810510;unknown;control;2023-12-01 08:15:00+00:00;0.674;;
810510;unknown;control;2023-12-01 08:30:00+00:00;0.29;;
810510;unknown;control;2023-12-01 08:45:00+00:00;0.102;;
810510;unknown;control;2023-12-01 09:00:00+00:00;0.404;;
810510;unknown;control;2023-12-01 09:15:00+00:00;0.542;;
810510;unknown;control;2023-12-01 09:30:00+00:00;0.115;;
810510;unknown;control;2023-12-01 09:45:00+00:00;0.179;;
810510;unknown;control;2023-12-01 10:00:00+00:00;0.641;;
810510;unknown;control;2023-12-01 10:15:00+00:00;0.221;;
810510;unknown;control;2023-12-01 10:30:00+00:00;0.113;;
810510;unknown;control;2023-12-01 10:45:00+00:00;0.47;;
810510;unknown;control;2023-12-01 11:00:00+00:00;0.409;;
810510;unknown;control;2023-12-01 11:15:00+00:00;0.092;;
810510;unknown;control;2023-12-01 11:30:00+00:00;0.275;;
810510;unknown;control;2023-12-01 11:45:00+00:00;0.604;;
810510;unknown;control;2023-12-01 12:00:00+00:00;0.108;;
810510;unknown;control;2023-12-01 12:15:00+00:00;0.121;;
810510;unknown;control;2023-12-01 12:30:00+00:00;0.596;;
810510;unknown;control;2023-12-01 12:45:00+00:00;0.262;;
810510;unknown;control;2023-12-01 13:00:00+00:00;0.105;;
810510;unknown;control;2023-12-01 13:15:00+00:00;0.421;;
810510;unknown;control;2023-12-01 13:30:00+00:00;0.464;;
810510;unknown;control;2023-12-01 13:45:00+00:00;0.129;;
810510;unknown;control;2023-12-01 14:00:00+00:00;0.268;;
810510;unknown;control;2023-12-01 14:15:00+00:00;0.652;;
810510;unknown;control;2023-12-01 14:30:00+00:00;0.126;;
810510;unknown;control;2023-12-01 14:45:00+00:00;0.116;;
810510;unknown;control;2023-12-01 15:00:00+00:00;0.581;;
810510;unknown;control;2023-12-01 15:15:00+00:00;0.312;;
810510;unknown;control;2023-12-01 15:30:00+00:00;0.118;;
810510;unknown;control;2023-12-01 15:45:00+00:00;0.399;;
810510;unknown;control;2023-12-01 16:00:00+00:00;0.499;;
810510;unknown;control;2023-12-01 16:15:00+00:00;0.103;;
810510;unknown;control;2023-12-01 16:30:00+00:00;0.212;;
810510;unknown;control;2023-12-01 16:45:00+00:00;0.645;;
810510;unknown;control;2023-12-01 17:00:00+00:00;0.181;;
810510;unknown;control;2023-12-01 17:15:00+00:00;0.114;;
810510;unknown;control;2023-12-01 17:30:00+00:00;0.509;;
810510;unknown;control;2023-12-01 17:45:00+00:00;0.415;;
810510;unknown;control;2023-12-01 18:00:00+00:00;0.11;;
810510;unknown;control;2023-12-01 18:15:00+00:00;0.345;;
810510;unknown;control;2023-12-01 18:30:00+00:00;0.732;;
810510;unknown;control;2023-12-01 18:45:00+00:00;0.114;;
810510;unknown;control;2023-12-01 19:00:00+00:00;0.185;;
810510;unknown;control;2023-12-01 19:15:00+00:00;0.631;;
810510;unknown;control;2023-12-01 19:30:00+00:00;0.406;;
810510;unknown;control;2023-12-01 19:45:00+00:00;0.115;;
810510;unknown;control;2023-12-01 20:00:00+00:00;0.301;;
810510;unknown;control;2023-12-01 20:15:00+00:00;0.673;;
810510;unknown;control;2023-12-01 20:30:00+00:00;0.172;;
810510;unknown;control;2023-12-01 20:45:00+00:00;0.113;;
810510;unknown;control;2023-12-01 21:00:00+00:00;0.519;;
810510;unknown;control;2023-12-01 21:15:00+00:00;0.496;;
810510;unknown;control;2023-12-01 21:30:00+00:00;0.119;;
810510;unknown;control;2023-12-01 21:45:00+00:00;0.221;;
810510;unknown;control;2023-12-01 22:00:00+00:00;0.653;;
810510;unknown;control;2023-12-01 22:15:00+00:00;0.26;;
810510;unknown;control;2023-12-01 22:30:00+00:00;0.107;;
810510;unknown;control;2023-12-01 22:45:00+00:00;0.52;;
810510;unknown;control;2023-12-01 23:00:00+00:00;0.095;;
810510;unknown;control;2023-12-01 23:15:00+00:00;0.107;;
810510;unknown;control;2023-12-01 23:30:00+00:00;0.626;;
810510;unknown;control;2023-12-01 23:45:00+00:00;0.507;;
810510;unknown;control;2023-12-02 00:00:00+00:00;0.116;;
810510;unknown;control;2023-12-02 00:15:00+00:00;0.199;;
810510;unknown;control;2023-12-02 00:30:00+00:00;0.643;;
810510;unknown;control;2023-12-02 00:45:00+00:00;0.307;;
810510;unknown;control;2023-12-02 01:00:00+00:00;0.112;;
810510;unknown;control;2023-12-02 01:15:00+00:00;0.404;;
810510;unknown;control;2023-12-02 01:30:00+00:00;0.094;;
810510;unknown;control;2023-12-02 01:45:00+00:00;0.131;;
810510;unknown;control;2023-12-02 02:00:00+00:00;0.626;;
810510;unknown;control;2023-12-02 02:15:00+00:00;0.502;;
810510;unknown;control;2023-12-02 02:30:00+00:00;0.118;;
810510;unknown;control;2023-12-02 02:45:00+00:00;0.214;;
810510;unknown;control;2023-12-02 03:00:00+00:00;0.646;;
810510;unknown;control;2023-12-02 03:15:00+00:00;0.336;;
810510;unknown;control;2023-12-02 03:30:00+00:00;0.106;;
810510;unknown;control;2023-12-02 03:45:00+00:00;0.369;;
810510;unknown;control;2023-12-02 04:00:00+00:00;0.661;;
810510;unknown;control;2023-12-02 04:15:00+00:00;0.157;;
810510;unknown;control;2023-12-02 04:30:00+00:00;0.122;;
810510;unknown;control;2023-12-02 04:45:00+00:00;0.527;;
810510;unknown;control;2023-12-02 05:00:00+00:00;0.519;;
810510;unknown;control;2023-12-02 05:15:00+00:00;0.108;;
810510;unknown;control;2023-12-02 05:30:00+00:00;0.196;;
810510;unknown;control;2023-12-02 05:45:00+00:00;0.654;;
810510;unknown;control;2023-12-02 06:00:00+00:00;0.34;;
810510;unknown;control;2023-12-02 06:15:00+00:00;0.117;;
810510;unknown;control;2023-12-02 06:30:00+00:00;0.37;;
810510;unknown;control;2023-12-02 06:45:00+00:00;0.667;;
810510;unknown;control;2023-12-02 07:00:00+00:00;0.141;;
810510;unknown;control;2023-12-02 07:15:00+00:00;0.11;;
810510;unknown;control;2023-12-02 07:30:00+00:00;0.574;;
810510;unknown;control;2023-12-02 07:45:00+00:00;0.499;;
810510;unknown;control;2023-12-02 08:00:00+00:00;0.111;;
810510;unknown;control;2023-12-02 08:15:00+00:00;0.231;;
810510;unknown;control;2023-12-02 08:30:00+00:00;0.645;;
810510;unknown;control;2023-12-02 08:45:00+00:00;0.303;;
810510;unknown;control;2023-12-02 09:00:00+00:00;0.118;;
810510;unknown;control;2023-12-02 09:15:00+00:00;0.41;;
810510;unknown;control;2023-12-02 09:30:00+00:00;0.64;;
810510;unknown;control;2023-12-02 09:45:00+00:00;0.108;;
810510;unknown;control;2023-12-02 10:00:00+00:00;0.118;;
810510;unknown;control;2023-12-02 10:15:00+00:00;0.615;;
810510;unknown;control;2023-12-02 10:30:00+00:00;0.414;;
810510;unknown;control;2023-12-02 10:45:00+00:00;0.128;;
810510;unknown;control;2023-12-02 11:00:00+00:00;0.294;;
810510;unknown;control;2023-12-02 11:15:00+00:00;0.666;;
810510;unknown;control;2023-12-02 11:30:00+00:00;0.162;;
810510;unknown;control;2023-12-02 11:45:00+00:00;0.112;;
810510;unknown;control;2023-12-02 12:00:00+00:00;0.533;;
810510;unknown;control;2023-12-02 12:15:00+00:00;0.461;;
810510;unknown;control;2023-12-02 12:30:00+00:00;0.128;;
810510;unknown;control;2023-12-02 12:45:00+00:00;0.249;;
810510;unknown;control;2023-12-02 13:00:00+00:00;0.656;;
810510;unknown;control;2023-12-02 13:15:00+00:00;0.198;;
810510;unknown;control;2023-12-02 13:30:00+00:00;0.107;;
810510;unknown;control;2023-12-02 13:45:00+00:00;0.508;;
810510;unknown;control;2023-12-02 14:00:00+00:00;0.498;;
810510;unknown;control;2023-12-02 14:15:00+00:00;0.115;;
810510;unknown;control;2023-12-02 14:30:00+00:00;0.228;;
810510;unknown;control;2023-12-02 14:45:00+00:00;0.645;;
810510;unknown;control;2023-12-02 15:00:00+00:00;0.233;;
810510;unknown;control;2023-12-02 15:15:00+00:00;0.11;;
810510;unknown;control;2023-12-02 15:30:00+00:00;0.475;;
810510;unknown;control;2023-12-02 15:45:00+00:00;0.577;;
810510;unknown;control;2023-12-02 16:00:00+00:00;0.106;;
810510;unknown;control;2023-12-02 16:15:00+00:00;0.162;;
810510;unknown;control;2023-12-02 16:30:00+00:00;0.641;;
810510;unknown;control;2023-12-02 16:45:00+00:00;0.358;;
810510;unknown;control;2023-12-02 17:00:00+00:00;0.125;;
810510;unknown;control;2023-12-02 17:15:00+00:00;0.352;;
810510;unknown;control;2023-12-02 17:30:00+00:00;0.678;;
810510;unknown;control;2023-12-02 17:45:00+00:00;0.162;;
810510;unknown;control;2023-12-02 18:00:00+00:00;0.118;;
810510;unknown;control;2023-12-02 18:15:00+00:00;0.534;;
810510;unknown;control;2023-12-02 18:30:00+00:00;0.558;;
810510;unknown;control;2023-12-02 18:45:00+00:00;0.134;;
810510;unknown;control;2023-12-02 19:00:00+00:00;0.176;;
810510;unknown;control;2023-12-02 19:15:00+00:00;0.651;;
810510;unknown;control;2023-12-02 19:30:00+00:00;0.413;;
810510;unknown;control;2023-12-02 19:45:00+00:00;0.113;;
810510;unknown;control;2023-12-02 20:00:00+00:00;0.32;;
810510;unknown;control;2023-12-02 20:15:00+00:00;0.666;;
810510;unknown;control;2023-12-02 20:30:00+00:00;0.289;;
810510;unknown;control;2023-12-02 20:45:00+00:00;0.119;;
810510;unknown;control;2023-12-02 21:00:00+00:00;0.432;;
810510;unknown;control;2023-12-02 21:15:00+00:00;0.687;;
810510;unknown;control;2023-12-02 21:30:00+00:00;0.154;;
810510;unknown;control;2023-12-02 21:45:00+00:00;0.118;;
810510;unknown;control;2023-12-02 22:00:00+00:00;0.557;;
810510;unknown;control;2023-12-02 22:15:00+00:00;0.649;;
810510;unknown;control;2023-12-02 22:30:00+00:00;0.123;;
810510;unknown;control;2023-12-02 22:45:00+00:00;0.115;;
810510;unknown;control;2023-12-02 23:00:00+00:00;0.857;;
810510;unknown;control;2023-12-02 23:15:00+00:00;0.098;;
810510;unknown;control;2023-12-02 23:30:00+00:00;0.104;;
810510;unknown;control;2023-12-02 23:45:00+00:00;0.576;;
810510;unknown;control;2023-12-03 00:00:00+00:00;0.679;;
810510;unknown;control;2023-12-03 00:15:00+00:00;0.391;;
810510;unknown;control;2023-12-03 00:30:00+00:00;0.106;;
810510;unknown;control;2023-12-03 00:45:00+00:00;0.399;;
810510;unknown;control;2023-12-03 01:00:00+00:00;0.1;;
810510;unknown;control;2023-12-03 01:15:00+00:00;0.11;;
810510;unknown;control;2023-12-03 01:30:00+00:00;0.598;;
810510;unknown;control;2023-12-03 01:45:00+00:00;0.675;;
810510;unknown;control;2023-12-03 02:00:00+00:00;0.713;;
810510;unknown;control;2023-12-03 02:15:00+00:00;0.213;;
810510;unknown;control;2023-12-03 02:30:00+00:00;0.115;;
810510;unknown;control;2023-12-03 02:45:00+00:00;0.49;;
810510;unknown;control;2023-12-03 03:00:00+00:00;0.688;;
810510;unknown;control;2023-12-03 03:15:00+00:00;0.717;;
810510;unknown;control;2023-12-03 03:30:00+00:00;0.192;;
810510;unknown;control;2023-12-03 03:45:00+00:00;0.116;;
810510;unknown;control;2023-12-03 04:00:00+00:00;0.503;;
810510;unknown;control;2023-12-03 04:15:00+00:00;0.684;;
810510;unknown;control;2023-12-03 04:30:00+00:00;0.637;;
810510;unknown;control;2023-12-03 04:45:00+00:00;0.112;;
810510;unknown;control;2023-12-03 05:00:00+00:00;0.136;;
810510;unknown;control;2023-12-03 05:15:00+00:00;0.645;;
810510;unknown;control;2023-12-03 05:30:00+00:00;0.696;;
810510;unknown;control;2023-12-03 05:45:00+00:00;0.379;;
810510;unknown;control;2023-12-03 06:00:00+00:00;0.115;;
810510;unknown;control;2023-12-03 06:15:00+00:00;0.365;;
810510;unknown;control;2023-12-03 06:30:00+00:00;0.674;;
810510;unknown;control;2023-12-03 06:45:00+00:00;0.687;;
810510;unknown;control;2023-12-03 07:00:00+00:00;0.116;;
810510;unknown;control;2023-12-03 07:15:00+00:00;0.116;;
810510;unknown;control;2023-12-03 07:30:00+00:00;0.617;;
810510;unknown;control;2023-12-03 07:45:00+00:00;0.699;;
810510;unknown;control;2023-12-03 08:00:00+00:00;0.385;;
810510;unknown;control;2023-12-03 08:15:00+00:00;0.111;;
810510;unknown;control;2023-12-03 08:30:00+00:00;0.353;;
810510;unknown;control;2023-12-03 08:45:00+00:00;0.681;;
810510;unknown;control;2023-12-03 09:00:00+00:00;0.62;;
810510;unknown;control;2023-12-03 09:15:00+00:00;0.119;;
810510;unknown;control;2023-12-03 09:30:00+00:00;0.136;;
810510;unknown;control;2023-12-03 09:45:00+00:00;0.661;;
810510;unknown;control;2023-12-03 10:00:00+00:00;0.702;;
810510;unknown;control;2023-12-03 10:15:00+00:00;0.261;;
810510;unknown;control;2023-12-03 10:30:00+00:00;0.118;;
810510;unknown;control;2023-12-03 10:45:00+00:00;0.445;;
810510;unknown;control;2023-12-03 11:00:00+00:00;0.696;;
810510;unknown;control;2023-12-03 11:15:00+00:00;0.479;;
810510;unknown;control;2023-12-03 11:30:00+00:00;0.113;;
810510;unknown;control;2023-12-03 11:45:00+00:00;0.27;;
810510;unknown;control;2023-12-03 12:00:00+00:00;0.662;;
810510;unknown;control;2023-12-03 12:15:00+00:00;0.622;;
810510;unknown;control;2023-12-03 12:30:00+00:00;0.135;;
810510;unknown;control;2023-12-03 12:45:00+00:00;0.18;;
810510;unknown;control;2023-12-03 13:00:00+00:00;0.686;;
810510;unknown;control;2023-12-03 13:15:00+00:00;0.63;;
810510;unknown;control;2023-12-03 13:30:00+00:00;0.104;;
810510;unknown;control;2023-12-03 13:45:00+00:00;0.095;;
810510;unknown;control;2023-12-03 14:00:00+00:00;0.62;;
810510;unknown;control;2023-12-03 14:15:00+00:00;0.578;;
810510;unknown;control;2023-12-03 14:30:00+00:00;0.076;;
810510;unknown;control;2023-12-03 14:45:00+00:00;0.112;;
810510;unknown;control;2023-12-03 15:00:00+00:00;0.608;;
810510;unknown;control;2023-12-03 15:15:00+00:00;0.591;;
810510;unknown;control;2023-12-03 15:30:00+00:00;0.074;;
810510;unknown;control;2023-12-03 15:45:00+00:00;0.09;;
810510;unknown;control;2023-12-03 16:00:00+00:00;0.641;;
810510;unknown;control;2023-12-03 16:15:00+00:00;0.656;;
810510;unknown;control;2023-12-03 16:30:00+00:00;0.163;;
810510;unknown;control;2023-12-03 16:45:00+00:00;0.074;;
810510;unknown;control;2023-12-03 17:00:00+00:00;0.47;;
810510;unknown;control;2023-12-03 17:15:00+00:00;0.669;;
810510;unknown;control;2023-12-03 17:30:00+00:00;0.35;;
810510;unknown;control;2023-12-03 17:45:00+00:00;0.082;;
810510;unknown;control;2023-12-03 18:00:00+00:00;0.306;;
810510;unknown;control;2023-12-03 18:15:00+00:00;0.64;;
810510;unknown;control;2023-12-03 18:30:00+00:00;0.528;;
810510;unknown;control;2023-12-03 18:45:00+00:00;0.072;;
810510;unknown;control;2023-12-03 19:00:00+00:00;0.181;;
810510;unknown;control;2023-12-03 19:15:00+00:00;0.639;;
810510;unknown;control;2023-12-03 19:30:00+00:00;0.699;;
810510;unknown;control;2023-12-03 19:45:00+00:00;0.135;;
810510;unknown;control;2023-12-03 20:00:00+00:00;0.092;;
810510;unknown;control;2023-12-03 20:15:00+00:00;0.55;;
810510;unknown;control;2023-12-03 20:30:00+00:00;0.679;;
810510;unknown;control;2023-12-03 20:45:00+00:00;0.318;;
810510;unknown;control;2023-12-03 21:00:00+00:00;0.093;;
810510;unknown;control;2023-12-03 21:15:00+00:00;0.371;;
810510;unknown;control;2023-12-03 21:30:00+00:00;0.671;;
810510;unknown;control;2023-12-03 21:45:00+00:00;0.484;;
810510;unknown;control;2023-12-03 22:00:00+00:00;0.105;;
810510;unknown;control;2023-12-03 22:15:00+00:00;0.226;;
810510;unknown;control;2023-12-03 22:30:00+00:00;0.644;;
810510;unknown;control;2023-12-03 22:45:00+00:00;0.705;;
810510;unknown;control;2023-12-03 23:00:00+00:00;0.789;;
810510;unknown;control;2023-12-03 23:15:00+00:00;0.664;;
810510;unknown;control;2023-12-03 23:30:00+00:00;0.181;;
810510;unknown;control;2023-12-03 23:45:00+00:00;0.087;;
810510;unknown;control;2023-12-04 00:00:00+00:00;0.459;;
810510;unknown;control;2023-12-04 00:15:00+00:00;0.651;;
810510;unknown;control;2023-12-04 00:30:00+00:00;0.334;;
810510;unknown;control;2023-12-04 00:45:00+00:00;0.066;;
810510;unknown;control;2023-12-04 01:00:00+00:00;0.32;;
810510;unknown;control;2023-12-04 01:15:00+00:00;0.645;;
810510;unknown;control;2023-12-04 01:30:00+00:00;0.499;;
810510;unknown;control;2023-12-04 01:45:00+00:00;0.079;;
810510;unknown;control;2023-12-04 02:00:00+00:00;0.168;;
810510;unknown;control;2023-12-04 02:15:00+00:00;0.633;;
810510;unknown;control;2023-12-04 02:30:00+00:00;0.667;;
810510;unknown;control;2023-12-04 02:45:00+00:00;0.082;;
810510;unknown;control;2023-12-04 03:00:00+00:00;0.093;;
810510;unknown;control;2023-12-04 03:15:00+00:00;0.552;;
810510;unknown;control;2023-12-04 03:30:00+00:00;0.662;;
810510;unknown;control;2023-12-04 03:45:00+00:00;0.239;;
810510;unknown;control;2023-12-04 04:00:00+00:00;0.077;;
810510;unknown;control;2023-12-04 04:15:00+00:00;0.389;;
810510;unknown;control;2023-12-04 04:30:00+00:00;0.651;;
810510;unknown;control;2023-12-04 04:45:00+00:00;0.43;;
810510;unknown;control;2023-12-04 05:00:00+00:00;0.068;;
810510;unknown;control;2023-12-04 05:15:00+00:00;0.239;;
810510;unknown;control;2023-12-04 05:30:00+00:00;0.634;;
810510;unknown;control;2023-12-04 05:45:00+00:00;0.598;;
810510;unknown;control;2023-12-04 06:00:00+00:00;0.084;;
810510;unknown;control;2023-12-04 06:15:00+00:00;0.087;;
810510;unknown;control;2023-12-04 06:30:00+00:00;0.62;;
810510;unknown;control;2023-12-04 06:45:00+00:00;0.659;;
810510;unknown;control;2023-12-04 07:00:00+00:00;0.19;;
810510;unknown;control;2023-12-04 07:15:00+00:00;0.078;;
810510;unknown;control;2023-12-04 07:30:00+00:00;0.444;;
810510;unknown;control;2023-12-04 07:45:00+00:00;0.673;;
810510;unknown;control;2023-12-04 08:00:00+00:00;0.387;;
810510;unknown;control;2023-12-04 08:15:00+00:00;0.094;;
810510;unknown;control;2023-12-04 08:30:00+00:00;0.299;;
810510;unknown;control;2023-12-04 08:45:00+00:00;0.65;;
810510;unknown;control;2023-12-04 09:00:00+00:00;0.586;;
810510;unknown;control;2023-12-04 09:15:00+00:00;0.147;;
810510;unknown;control;2023-12-04 09:30:00+00:00;0.199;;
810510;unknown;control;2023-12-04 09:45:00+00:00;0.679;;
810510;unknown;control;2023-12-04 10:00:00+00:00;0.682;;
810510;unknown;control;2023-12-04 10:15:00+00:00;0.16;;
810510;unknown;control;2023-12-04 10:30:00+00:00;0.087;;
810510;unknown;control;2023-12-04 10:45:00+00:00;0.521;;
810510;unknown;control;2023-12-04 11:00:00+00:00;0.683;;
810510;unknown;control;2023-12-04 11:15:00+00:00;0.33;;
810510;unknown;control;2023-12-04 11:30:00+00:00;0.098;;
810510;unknown;control;2023-12-04 11:45:00+00:00;0.344;;
810510;unknown;control;2023-12-04 12:00:00+00:00;0.662;;
810510;unknown;control;2023-12-04 12:15:00+00:00;0.435;;
810510;unknown;control;2023-12-04 12:30:00+00:00;0.385;;
810510;unknown;control;2023-12-04 12:45:00+00:00;0.515;;
810510;unknown;control;2023-12-04 13:00:00+00:00;0.669;;
810510;unknown;control;2023-12-04 13:15:00+00:00;0.468;;
810510;unknown;control;2023-12-04 13:30:00+00:00;0.097;;
810510;unknown;control;2023-12-04 13:45:00+00:00;0.267;;
810510;unknown;control;2023-12-04 14:00:00+00:00;0.663;;
810510;unknown;control;2023-12-04 14:15:00+00:00;0.367;;
810510;unknown;control;2023-12-04 14:30:00+00:00;0.097;;
810510;unknown;control;2023-12-04 14:45:00+00:00;0.31;;
810510;unknown;control;2023-12-04 15:00:00+00:00;0.653;;
810510;unknown;control;2023-12-04 15:15:00+00:00;0.304;;
810510;unknown;control;2023-12-04 15:30:00+00:00;0.096;;
810510;unknown;control;2023-12-04 15:45:00+00:00;0.388;;
810510;unknown;control;2023-12-04 16:00:00+00:00;0.674;;
810510;unknown;control;2023-12-04 16:15:00+00:00;0.259;;
810510;unknown;control;2023-12-04 16:30:00+00:00;0.105;;
810510;unknown;control;2023-12-04 16:45:00+00:00;0.542;;
810510;unknown;control;2023-12-04 17:00:00+00:00;0.406;;
810510;unknown;control;2023-12-04 17:15:00+00:00;0.084;;
810510;unknown;control;2023-12-04 17:30:00+00:00;0.34;;
810510;unknown;control;2023-12-04 17:45:00+00:00;0.632;;
810510;unknown;control;2023-12-04 18:00:00+00:00;0.519;;
810510;unknown;control;2023-12-04 18:15:00+00:00;0.089;;
810510;unknown;control;2023-12-04 18:30:00+00:00;0.143;;
810510;unknown;control;2023-12-04 18:45:00+00:00;0.62;;
810510;unknown;control;2023-12-04 19:00:00+00:00;0.659;;
810510;unknown;control;2023-12-04 19:15:00+00:00;0.075;;
810510;unknown;control;2023-12-04 19:30:00+00:00;0.087;;
810510;unknown;control;2023-12-04 19:45:00+00:00;0.566;;
810510;unknown;control;2023-12-04 20:00:00+00:00;0.674;;
810510;unknown;control;2023-12-04 20:15:00+00:00;0.206;;
810510;unknown;control;2023-12-04 20:30:00+00:00;0.091;;
810510;unknown;control;2023-12-04 20:45:00+00:00;0.488;;
810510;unknown;control;2023-12-04 21:00:00+00:00;0.673;;
810510;unknown;control;2023-12-04 21:15:00+00:00;0.254;;
810510;unknown;control;2023-12-04 21:30:00+00:00;0.102;;
810510;unknown;control;2023-12-04 21:45:00+00:00;0.429;;
810510;unknown;control;2023-12-04 22:00:00+00:00;0.672;;
810510;unknown;control;2023-12-04 22:15:00+00:00;0.261;;
810510;unknown;control;2023-12-04 22:30:00+00:00;0.108;;
810510;unknown;control;2023-12-04 22:45:00+00:00;0.421;;
810510;unknown;control;2023-12-04 23:00:00+00:00;0.658;;
810510;unknown;control;2023-12-04 23:15:00+00:00;0.212;;
810510;unknown;control;2023-12-04 23:30:00+00:00;0.067;;
810510;unknown;control;2023-12-04 23:45:00+00:00;0.43;;
810510;unknown;control;2023-12-05 00:00:00+00:00;0.652;;
810510;unknown;control;2023-12-05 00:15:00+00:00;0.156;;
810510;unknown;control;2023-12-05 00:30:00+00:00;0.075;;
810510;unknown;control;2023-12-05 00:45:00+00:00;0.47;;
810510;unknown;control;2023-12-05 01:00:00+00:00;0.618;;
810510;unknown;control;2023-12-05 01:15:00+00:00;0.07;;
810510;unknown;control;2023-12-05 01:30:00+00:00;0.082;;
810510;unknown;control;2023-12-05 01:45:00+00:00;0.589;;
810510;unknown;control;2023-12-05 02:00:00+00:00;0.485;;
810510;unknown;control;2023-12-05 02:15:00+00:00;0.08;;
810510;unknown;control;2023-12-05 02:30:00+00:00;0.159;;
810510;unknown;control;2023-12-05 02:45:00+00:00;0.621;;
810510;unknown;control;2023-12-05 03:00:00+00:00;0.377;;
810510;unknown;control;2023-12-05 03:15:00+00:00;0.078;;
810510;unknown;control;2023-12-05 03:30:00+00:00;0.288;;
810510;unknown;control;2023-12-05 03:45:00+00:00;0.624;;
810510;unknown;control;2023-12-05 04:00:00+00:00;0.224;;
810510;unknown;control;2023-12-05 04:15:00+00:00;0.075;;
810510;unknown;control;2023-12-05 04:30:00+00:00;0.4;;
810510;unknown;control;2023-12-05 04:45:00+00:00;0.632;;
810510;unknown;control;2023-12-05 05:00:00+00:00;0.078;;
810510;unknown;control;2023-12-05 05:15:00+00:00;0.087;;
810510;unknown;control;2023-12-05 05:30:00+00:00;0.559;;
810510;unknown;control;2023-12-05 05:45:00+00:00;0.424;;
810510;unknown;control;2023-12-05 06:00:00+00:00;0.083;;
810510;unknown;control;2023-12-05 06:15:00+00:00;0.213;;
810510;unknown;control;2023-12-05 06:30:00+00:00;0.63;;
810510;unknown;control;2023-12-05 06:45:00+00:00;0.222;;
810510;unknown;control;2023-12-05 07:00:00+00:00;0.092;;
810510;unknown;control;2023-12-05 07:15:00+00:00;0.424;;
810510;unknown;control;2023-12-05 07:30:00+00:00;0.559;;
810510;unknown;control;2023-12-05 07:45:00+00:00;0.101;;
810510;unknown;control;2023-12-05 08:00:00+00:00;0.123;;
810510;unknown;control;2023-12-05 08:15:00+00:00;0.631;;
810510;unknown;control;2023-12-05 08:30:00+00:00;0.372;;
810510;unknown;control;2023-12-05 08:45:00+00:00;0.149;;
810510;unknown;control;2023-12-05 09:00:00+00:00;0.408;;
810510;unknown;control;2023-12-05 09:15:00+00:00;0.621;;
810510;unknown;control;2023-12-05 09:30:00+00:00;0.137;;
810510;unknown;control;2023-12-05 09:45:00+00:00;0.096;;
810510;unknown;control;2023-12-05 10:00:00+00:00;0.62;;
810510;unknown;control;2023-12-05 10:15:00+00:00;0.248;;
810510;unknown;control;2023-12-05 10:30:00+00:00;0.076;;
810510;unknown;control;2023-12-05 10:45:00+00:00;0.403;;
810510;unknown;control;2023-12-05 11:00:00+00:00;0.817;;
810510;unknown;control;2023-12-05 11:15:00+00:00;0.66;;
810510;unknown;control;2023-12-05 11:30:00+00:00;0.113;;
810510;unknown;control;2023-12-05 11:45:00+00:00;0.101;;
810510;unknown;control;2023-12-05 12:00:00+00:00;0.584;;
810510;unknown;control;2023-12-05 12:15:00+00:00;0.196;;
810510;unknown;control;2023-12-05 12:30:00+00:00;0.098;;
810510;unknown;control;2023-12-05 12:45:00+00:00;0.459;;
810510;unknown;control;2023-12-05 13:00:00+00:00;0.278;;
810510;unknown;control;2023-12-05 13:15:00+00:00;0.105;;
810510;unknown;control;2023-12-05 13:30:00+00:00;0.355;;
810510;unknown;control;2023-12-05 13:45:00+00:00;0.367;;
810510;unknown;control;2023-12-05 14:00:00+00:00;0.092;;
810510;unknown;control;2023-12-05 14:15:00+00:00;0.26;;
810510;unknown;control;2023-12-05 14:30:00+00:00;0.728;;
810510;unknown;control;2023-12-05 14:45:00+00:00;0.334;;
810510;unknown;control;2023-12-05 15:00:00+00:00;0.331;;
810510;unknown;control;2023-12-05 15:15:00+00:00;0.808;;
810510;unknown;control;2023-12-05 15:30:00+00:00;0.465;;
810510;unknown;control;2023-12-05 15:45:00+00:00;0.103;;
810510;unknown;control;2023-12-05 16:00:00+00:00;0.674;;
810510;unknown;control;2023-12-05 16:15:00+00:00;0.252;;
810510;unknown;control;2023-12-05 16:30:00+00:00;0.75;;
810510;unknown;control;2023-12-05 16:45:00+00:00;1.239;;
810510;unknown;control;2023-12-05 17:00:00+00:00;0.778;;
810510;unknown;control;2023-12-05 17:15:00+00:00;0.226;;
810510;unknown;control;2023-12-05 17:30:00+00:00;0.444;;
810510;unknown;control;2023-12-05 17:45:00+00:00;0.508;;
810510;unknown;control;2023-12-05 18:00:00+00:00;0.13;;
810510;unknown;control;2023-12-05 18:15:00+00:00;0.231;;
810510;unknown;control;2023-12-05 18:30:00+00:00;0.616;;
810510;unknown;control;2023-12-05 18:45:00+00:00;0.1;;
810510;unknown;control;2023-12-05 19:00:00+00:00;0.103;;
810510;unknown;control;2023-12-05 19:15:00+00:00;0.581;;
810510;unknown;control;2023-12-05 19:30:00+00:00;0.248;;
810510;unknown;control;2023-12-05 19:45:00+00:00;0.081;;
810510;unknown;control;2023-12-05 20:00:00+00:00;0.403;;
810510;unknown;control;2023-12-05 20:15:00+00:00;0.453;;
810510;unknown;control;2023-12-05 20:30:00+00:00;0.092;;
810510;unknown;control;2023-12-05 20:45:00+00:00;0.217;;
810510;unknown;control;2023-12-05 21:00:00+00:00;0.641;;
810510;unknown;control;2023-12-05 21:15:00+00:00;0.123;;
810510;unknown;control;2023-12-05 21:30:00+00:00;0.099;;
810510;unknown;control;2023-12-05 21:45:00+00:00;0.527;;
810510;unknown;control;2023-12-05 22:00:00+00:00;0.336;;
810510;unknown;control;2023-12-05 22:15:00+00:00;0.102;;
810510;unknown;control;2023-12-05 22:30:00+00:00;0.347;;
810510;unknown;control;2023-12-05 22:45:00+00:00;0.552;;
810510;unknown;control;2023-12-05 23:00:00+00:00;0.079;;
810510;unknown;control;2023-12-05 23:15:00+00:00;0.131;;
810510;unknown;control;2023-12-05 23:30:00+00:00;0.61;;
810510;unknown;control;2023-12-05 23:45:00+00:00;0.23;;
810510;unknown;control;2023-12-06 00:00:00+00:00;0.111;;
810510;unknown;control;2023-12-06 00:15:00+00:00;0.425;;
810510;unknown;control;2023-12-06 00:30:00+00:00;0.436;;
810510;unknown;control;2023-12-06 00:45:00+00:00;0.08;;
810510;unknown;control;2023-12-06 01:00:00+00:00;0.21;;
810510;unknown;control;2023-12-06 01:15:00+00:00;0.646;;
810510;unknown;control;2023-12-06 01:30:00+00:00;0.106;;
810510;unknown;control;2023-12-06 01:45:00+00:00;0.116;;
810510;unknown;control;2023-12-06 02:00:00+00:00;0.535;;
810510;unknown;control;2023-12-06 02:15:00+00:00;0.318;;
810510;unknown;control;2023-12-06 02:30:00+00:00;0.085;;
810510;unknown;control;2023-12-06 02:45:00+00:00;0.299;;
810510;unknown;control;2023-12-06 03:00:00+00:00;0.535;;
810510;unknown;control;2023-12-06 03:15:00+00:00;0.095;;
810510;unknown;control;2023-12-06 03:30:00+00:00;0.135;;
810510;unknown;control;2023-12-06 03:45:00+00:00;0.637;;
810510;unknown;control;2023-12-06 04:00:00+00:00;0.174;;
810510;unknown;control;2023-12-06 04:15:00+00:00;0.084;;
810510;unknown;control;2023-12-06 04:30:00+00:00;0.599;;
810510;unknown;control;2023-12-06 04:45:00+00:00;0.294;;
810510;unknown;control;2023-12-06 05:00:00+00:00;0.086;;
810510;unknown;control;2023-12-06 05:15:00+00:00;0.384;;
810510;unknown;control;2023-12-06 05:30:00+00:00;0.56;;
810510;unknown;control;2023-12-06 05:45:00+00:00;0.1;;
810510;unknown;control;2023-12-06 06:00:00+00:00;0.111;;
810510;unknown;control;2023-12-06 06:15:00+00:00;0.6;;
810510;unknown;control;2023-12-06 06:30:00+00:00;0.285;;
810510;unknown;control;2023-12-06 06:45:00+00:00;0.087;;
810510;unknown;control;2023-12-06 07:00:00+00:00;0.348;;
810510;unknown;control;2023-12-06 07:15:00+00:00;0.523;;
810510;unknown;control;2023-12-06 07:30:00+00:00;0.092;;
810510;unknown;control;2023-12-06 07:45:00+00:00;0.136;;
810510;unknown;control;2023-12-06 08:00:00+00:00;0.631;;
810510;unknown;control;2023-12-06 08:15:00+00:00;0.235;;
810510;unknown;control;2023-12-06 08:30:00+00:00;0.085;;
810510;unknown;control;2023-12-06 08:45:00+00:00;0.388;;
810510;unknown;control;2023-12-06 09:00:00+00:00;0.458;;
810510;unknown;control;2023-12-06 09:15:00+00:00;0.12;;
810510;unknown;control;2023-12-06 09:30:00+00:00;0.193;;
810510;unknown;control;2023-12-06 09:45:00+00:00;0.622;;
810510;unknown;control;2023-12-06 10:00:00+00:00;0.089;;
810510;unknown;control;2023-12-06 10:15:00+00:00;0.064;;
810510;unknown;control;2023-12-06 10:30:00+00:00;0.531;;
810510;unknown;control;2023-12-06 10:45:00+00:00;0.286;;
810510;unknown;control;2023-12-06 11:00:00+00:00;0.076;;
810510;unknown;control;2023-12-06 11:15:00+00:00;0.361;;
810510;unknown;control;2023-12-06 11:30:00+00:00;0.447;;
810510;unknown;control;2023-12-06 11:45:00+00:00;0.082;;
810510;unknown;control;2023-12-06 12:00:00+00:00;0.195;;
810510;unknown;control;2023-12-06 12:15:00+00:00;0.59;;
810510;unknown;control;2023-12-06 12:30:00+00:00;0.068;;
810510;unknown;control;2023-12-06 12:45:00+00:00;0.087;;
810510;unknown;control;2023-12-06 13:00:00+00:00;0.555;;
810510;unknown;control;2023-12-06 13:15:00+00:00;0.203;;
810510;unknown;control;2023-12-06 13:30:00+00:00;0.059;;
810510;unknown;control;2023-12-06 13:45:00+00:00;0.392;;
810510;unknown;control;2023-12-06 14:00:00+00:00;0.385;;
810510;unknown;control;2023-12-06 14:15:00+00:00;0.105;;
810510;unknown;control;2023-12-06 14:30:00+00:00;0.265;;
810510;unknown;control;2023-12-06 14:45:00+00:00;0.541;;
810510;unknown;control;2023-12-06 15:00:00+00:00;0.091;;
810510;unknown;control;2023-12-06 15:15:00+00:00;0.13;;
810510;unknown;control;2023-12-06 15:30:00+00:00;0.656;;
810510;unknown;control;2023-12-06 15:45:00+00:00;0.19;;
810510;unknown;control;2023-12-06 16:00:00+00:00;0.109;;
810510;unknown;control;2023-12-06 16:15:00+00:00;0.506;;
810510;unknown;control;2023-12-06 16:30:00+00:00;0.329;;
810510;unknown;control;2023-12-06 16:45:00+00:00;0.098;;
810510;unknown;control;2023-12-06 17:00:00+00:00;0.314;;
810510;unknown;control;2023-12-06 17:15:00+00:00;0.509;;
810510;unknown;control;2023-12-06 17:30:00+00:00;0.076;;
810510;unknown;control;2023-12-06 17:45:00+00:00;0.131;;
810510;unknown;control;2023-12-06 18:00:00+00:00;0.613;;
810510;unknown;control;2023-12-06 18:15:00+00:00;0.149;;
810510;unknown;control;2023-12-06 18:30:00+00:00;0.086;;
810510;unknown;control;2023-12-06 18:45:00+00:00;0.476;;
810510;unknown;control;2023-12-06 19:00:00+00:00;0.356;;
810510;unknown;control;2023-12-06 19:15:00+00:00;0.081;;
810510;unknown;control;2023-12-06 19:30:00+00:00;0.265;;
810510;unknown;control;2023-12-06 19:45:00+00:00;0.566;;
810510;unknown;control;2023-12-06 20:00:00+00:00;0.079;;
810510;unknown;control;2023-12-06 20:15:00+00:00;0.087;;
810510;unknown;control;2023-12-06 20:30:00+00:00;0.659;;
810510;unknown;control;2023-12-06 20:45:00+00:00;0.762;;
810510;unknown;control;2023-12-06 21:00:00+00:00;0.41;;
810510;unknown;control;2023-12-06 21:15:00+00:00;0.074;;
810510;unknown;control;2023-12-06 21:30:00+00:00;0.227;;
810510;unknown;control;2023-12-06 21:45:00+00:00;0.632;;
810510;unknown;control;2023-12-06 22:00:00+00:00;0.096;;
810510;unknown;control;2023-12-06 22:15:00+00:00;0.092;;
810510;unknown;control;2023-12-06 22:30:00+00:00;0.524;;
810510;unknown;control;2023-12-06 22:45:00+00:00;0.352;;
810510;unknown;control;2023-12-06 23:00:00+00:00;0.085;;
810510;unknown;control;2023-12-06 23:15:00+00:00;0.316;;
810510;unknown;control;2023-12-06 23:30:00+00:00;0.601;;
810510;unknown;control;2023-12-06 23:45:00+00:00;0.092;;
810510;unknown;control;2023-12-07 00:00:00+00:00;0.081;;
810510;unknown;control;2023-12-07 00:15:00+00:00;0.586;;
810510;unknown;control;2023-12-07 00:30:00+00:00;0.257;;
810510;unknown;control;2023-12-07 00:45:00+00:00;0.082;;
810510;unknown;control;2023-12-07 01:00:00+00:00;0.355;;
810510;unknown;control;2023-12-07 01:15:00+00:00;0.51;;
810510;unknown;control;2023-12-07 01:30:00+00:00;0.075;;
810510;unknown;control;2023-12-07 01:45:00+00:00;0.111;;
810510;unknown;control;2023-12-07 02:00:00+00:00;0.602;;
810510;unknown;control;2023-12-07 02:15:00+00:00;0.231;;
810510;unknown;control;2023-12-07 02:30:00+00:00;0.08;;
810510;unknown;control;2023-12-07 02:45:00+00:00;0.385;;
810510;unknown;control;2023-12-07 03:00:00+00:00;0.484;;
810510;unknown;control;2023-12-07 03:15:00+00:00;0.076;;
810510;unknown;control;2023-12-07 03:30:00+00:00;0.14;;
810510;unknown;control;2023-12-07 03:45:00+00:00;0.601;;
810510;unknown;control;2023-12-07 04:00:00+00:00;0.254;;
810510;unknown;control;2023-12-07 04:15:00+00:00;0.071;;
810510;unknown;control;2023-12-07 04:30:00+00:00;0.377;;
810510;unknown;control;2023-12-07 04:45:00+00:00;0.543;;
810510;unknown;control;2023-12-07 05:00:00+00:00;0.068;;
810510;unknown;control;2023-12-07 05:15:00+00:00;0.093;;
810510;unknown;control;2023-12-07 05:30:00+00:00;0.601;;
810510;unknown;control;2023-12-07 05:45:00+00:00;0.363;;
810510;unknown;control;2023-12-07 06:00:00+00:00;0.071;;
810510;unknown;control;2023-12-07 06:15:00+00:00;0.281;;
810510;unknown;control;2023-12-07 06:30:00+00:00;0.628;;
810510;unknown;control;2023-12-07 06:45:00+00:00;0.167;;
810510;unknown;control;2023-12-07 07:00:00+00:00;0.09;;
810510;unknown;control;2023-12-07 07:15:00+00:00;0.468;;
810510;unknown;control;2023-12-07 07:30:00+00:00;0.577;;
810510;unknown;control;2023-12-07 07:45:00+00:00;0.076;;
810510;unknown;control;2023-12-07 08:00:00+00:00;0.064;;
810510;unknown;control;2023-12-07 08:15:00+00:00;0.57;;
810510;unknown;control;2023-12-07 08:30:00+00:00;0.436;;
810510;unknown;control;2023-12-07 08:45:00+00:00;0.107;;
810510;unknown;control;2023-12-07 09:00:00+00:00;0.259;;
810510;unknown;control;2023-12-07 09:15:00+00:00;0.531;;
810510;unknown;control;2023-12-07 09:30:00+00:00;0.155;;
810510;unknown;control;2023-12-07 09:45:00+00:00;0.03;;
810510;unknown;control;2023-12-07 10:00:00+00:00;0.337;;
810510;unknown;control;2023-12-07 10:15:00+00:00;0.547;;
810510;unknown;control;2023-12-07 10:30:00+00:00;0.009;;
810510;unknown;control;2023-12-07 10:45:00+00:00;0.009;;
810510;unknown;control;2023-12-07 11:00:00+00:00;0.486;;
810510;unknown;control;2023-12-07 11:15:00+00:00;0.3;;
810510;unknown;control;2023-12-07 11:30:00+00:00;0.001;;
810510;unknown;control;2023-12-07 11:45:00+00:00;0.181;;
810510;unknown;control;2023-12-07 12:00:00+00:00;0.379;;
810510;unknown;control;2023-12-07 12:15:00+00:00;0.028;;
810510;unknown;control;2023-12-07 12:30:00+00:00;0.001;;
810510;unknown;control;2023-12-07 12:45:00+00:00;0.301;;
810510;unknown;control;2023-12-07 13:00:00+00:00;0.237;;
810510;unknown;control;2023-12-07 13:15:00+00:00;0.002;;
810510;unknown;control;2023-12-07 13:30:00+00:00;0.134;;
810510;unknown;control;2023-12-07 13:45:00+00:00;0.517;;
810510;unknown;control;2023-12-07 14:00:00+00:00;0.068;;
810510;unknown;control;2023-12-07 14:15:00+00:00;0.059;;
810510;unknown;control;2023-12-07 14:30:00+00:00;0.719;;
810510;unknown;control;2023-12-07 14:45:00+00:00;0.227;;
810510;unknown;control;2023-12-07 15:00:00+00:00;0.136;;
810510;unknown;control;2023-12-07 15:15:00+00:00;0.47;;
810510;unknown;control;2023-12-07 15:30:00+00:00;0.615;;
810510;unknown;control;2023-12-07 15:45:00+00:00;0.112;;
810510;unknown;control;2023-12-07 16:00:00+00:00;0.112;;
810510;unknown;control;2023-12-07 16:15:00+00:00;0.612;;
810510;unknown;control;2023-12-07 16:30:00+00:00;0.46;;
810510;unknown;control;2023-12-07 16:45:00+00:00;0.103;;
810510;unknown;control;2023-12-07 17:00:00+00:00;0.262;;
810510;unknown;control;2023-12-07 17:15:00+00:00;0.646;;
810510;unknown;control;2023-12-07 17:30:00+00:00;0.286;;
810510;unknown;control;2023-12-07 17:45:00+00:00;0.107;;
810510;unknown;control;2023-12-07 18:00:00+00:00;0.412;;
810510;unknown;control;2023-12-07 18:15:00+00:00;0.667;;
810510;unknown;control;2023-12-07 18:30:00+00:00;0.106;;
810510;unknown;control;2023-12-07 18:45:00+00:00;0.122;;
810510;unknown;control;2023-12-07 19:00:00+00:00;0.562;;
810510;unknown;control;2023-12-07 19:15:00+00:00;0.536;;
810510;unknown;control;2023-12-07 19:30:00+00:00;0.12;;
810510;unknown;control;2023-12-07 19:45:00+00:00;0.172;;
810510;unknown;control;2023-12-07 20:00:00+00:00;0.648;;
810510;unknown;control;2023-12-07 20:15:00+00:00;0.402;;
810510;unknown;control;2023-12-07 20:30:00+00:00;0.107;;
810510;unknown;control;2023-12-07 20:45:00+00:00;0.322;;
810510;unknown;control;2023-12-07 21:00:00+00:00;0.663;;
810510;unknown;control;2023-12-07 21:15:00+00:00;0.247;;
810510;unknown;control;2023-12-07 21:30:00+00:00;0.112;;
810510;unknown;control;2023-12-07 21:45:00+00:00;0.444;;
810510;unknown;control;2023-12-07 22:00:00+00:00;0.656;;
810510;unknown;control;2023-12-07 22:15:00+00:00;0.115;;
810510;unknown;control;2023-12-07 22:30:00+00:00;0.117;;
810510;unknown;control;2023-12-07 22:45:00+00:00;0.601;;
810510;unknown;control;2023-12-07 23:00:00+00:00;0.456;;
810510;unknown;control;2023-12-07 23:15:00+00:00;0.101;;
810510;unknown;control;2023-12-07 23:30:00+00:00;0.23;;
810510;unknown;control;2023-12-07 23:45:00+00:00;0.65;;
810510;unknown;control;2023-12-08 00:00:00+00:00;0.274;;
810510;unknown;control;2023-12-08 00:15:00+00:00;0.097;;
810510;unknown;control;2023-12-08 00:30:00+00:00;0.412;;
810510;unknown;control;2023-12-08 00:45:00+00:00;0.622;;
810510;unknown;control;2023-12-08 01:00:00+00:00;0.077;;
810510;unknown;control;2023-12-08 01:15:00+00:00;0.086;;
810510;unknown;control;2023-12-08 01:30:00+00:00;0.569;;
810510;unknown;control;2023-12-08 01:45:00+00:00;0.421;;
810510;unknown;control;2023-12-08 02:00:00+00:00;0.066;;
810510;unknown;control;2023-12-08 02:15:00+00:00;0.222;;
810510;unknown;control;2023-12-08 02:30:00+00:00;0.617;;
810510;unknown;control;2023-12-08 02:45:00+00:00;0.218;;
810510;unknown;control;2023-12-08 03:00:00+00:00;0.085;;
810510;unknown;control;2023-12-08 03:15:00+00:00;0.397;;
810510;unknown;control;2023-12-08 03:30:00+00:00;0.586;;
810510;unknown;control;2023-12-08 03:45:00+00:00;0.076;;
810510;unknown;control;2023-12-08 04:00:00+00:00;0.073;;
810510;unknown;control;2023-12-08 04:15:00+00:00;0.6;;
810510;unknown;control;2023-12-08 04:30:00+00:00;0.392;;
810510;unknown;control;2023-12-08 04:45:00+00:00;0.07;;
810510;unknown;control;2023-12-08 05:00:00+00:00;0.242;;
810510;unknown;control;2023-12-08 05:15:00+00:00;0.615;;
810510;unknown;control;2023-12-08 05:30:00+00:00;0.169;;
810510;unknown;control;2023-12-08 05:45:00+00:00;0.08;;
810510;unknown;control;2023-12-08 06:00:00+00:00;0.464;;
810510;unknown;control;2023-12-08 06:15:00+00:00;0.47;;
810510;unknown;control;2023-12-08 06:30:00+00:00;0.07;;
810510;unknown;control;2023-12-08 06:45:00+00:00;0.178;;
810510;unknown;control;2023-12-08 07:00:00+00:00;0.62;;
810510;unknown;control;2023-12-08 07:15:00+00:00;0.235;;
810510;unknown;control;2023-12-08 07:30:00+00:00;0.106;;
810510;unknown;control;2023-12-08 07:45:00+00:00;0.445;;
810510;unknown;control;2023-12-08 08:00:00+00:00;0.507;;
810510;unknown;control;2023-12-08 08:15:00+00:00;0.092;;
810510;unknown;control;2023-12-08 08:30:00+00:00;0.203;;
810510;unknown;control;2023-12-08 08:45:00+00:00;0.814;;
810510;unknown;control;2023-12-08 09:00:00+00:00;0.65;;
810510;unknown;control;2023-12-08 09:15:00+00:00;0.173;;
810510;unknown;control;2023-12-08 09:30:00+00:00;0.095;;
810510;unknown;control;2023-12-08 09:45:00+00:00;0.482;;
810510;unknown;control;2023-12-08 10:00:00+00:00;0.44;;
810510;unknown;control;2023-12-08 10:15:00+00:00;0.093;;
810510;unknown;control;2023-12-08 10:30:00+00:00;0.242;;
810510;unknown;control;2023-12-08 10:45:00+00:00;0.625;;
810510;unknown;control;2023-12-08 11:00:00+00:00;0.085;;
810510;unknown;control;2023-12-08 11:15:00+00:00;0.104;;
810510;unknown;control;2023-12-08 11:30:00+00:00;0.555;;
810510;unknown;control;2023-12-08 11:45:00+00:00;0.301;;
810510;unknown;control;2023-12-08 12:00:00+00:00;0.111;;
810510;unknown;control;2023-12-08 12:15:00+00:00;0.406;;
810510;unknown;control;2023-12-08 12:30:00+00:00;0.506;;
810510;unknown;control;2023-12-08 12:45:00+00:00;0.119;;
810510;unknown;control;2023-12-08 13:00:00+00:00;0.222;;
810510;unknown;control;2023-12-08 13:15:00+00:00;0.646;;
810510;unknown;control;2023-12-08 13:30:00+00:00;0.133;;
810510;unknown;control;2023-12-08 13:45:00+00:00;0.117;;
810510;unknown;control;2023-12-08 14:00:00+00:00;0.608;;
810510;unknown;control;2023-12-08 14:15:00+00:00;0.283;;
810510;unknown;control;2023-12-08 14:30:00+00:00;0.138;;
810510;unknown;control;2023-12-08 14:45:00+00:00;0.473;;
810510;unknown;control;2023-12-08 15:00:00+00:00;0.403;;
810510;unknown;control;2023-12-08 15:15:00+00:00;0.127;;
810510;unknown;control;2023-12-08 15:30:00+00:00;0.334;;
810510;unknown;control;2023-12-08 15:45:00+00:00;0.547;;
810510;unknown;control;2023-12-08 16:00:00+00:00;0.14;;
810510;unknown;control;2023-12-08 16:15:00+00:00;0.195;;
810510;unknown;control;2023-12-08 16:30:00+00:00;0.661;;
810510;unknown;control;2023-12-08 16:45:00+00:00;0.152;;
810510;unknown;control;2023-12-08 17:00:00+00:00;0.124;;
810510;unknown;control;2023-12-08 17:15:00+00:00;0.582;;
810510;unknown;control;2023-12-08 17:30:00+00:00;0.311;;
810510;unknown;control;2023-12-08 17:45:00+00:00;0.336;;
810510;unknown;control;2023-12-08 18:00:00+00:00;0.627;;
810510;unknown;control;2023-12-08 18:15:00+00:00;0.446;;
810510;unknown;control;2023-12-08 18:30:00+00:00;0.156;;
810510;unknown;control;2023-12-08 18:45:00+00:00;0.32;;
810510;unknown;control;2023-12-08 19:00:00+00:00;0.58;;
810510;unknown;control;2023-12-08 19:15:00+00:00;0.158;;
810510;unknown;control;2023-12-08 19:30:00+00:00;0.2;;
810510;unknown;control;2023-12-08 19:45:00+00:00;0.695;;
810510;unknown;control;2023-12-08 20:00:00+00:00;0.185;;
810510;unknown;control;2023-12-08 20:15:00+00:00;0.159;;
810510;unknown;control;2023-12-08 20:30:00+00:00;0.598;;
810510;unknown;control;2023-12-08 20:45:00+00:00;0.312;;
810510;unknown;control;2023-12-08 21:00:00+00:00;0.172;;
810510;unknown;control;2023-12-08 21:15:00+00:00;0.476;;
810510;unknown;control;2023-12-08 21:30:00+00:00;0.446;;
810510;unknown;control;2023-12-08 21:45:00+00:00;0.161;;
810510;unknown;control;2023-12-08 22:00:00+00:00;0.34;;
810510;unknown;control;2023-12-08 22:15:00+00:00;0.587;;
810510;unknown;control;2023-12-08 22:30:00+00:00;0.158;;
810510;unknown;control;2023-12-08 22:45:00+00:00;0.218;;
810510;unknown;control;2023-12-08 23:00:00+00:00;0.859;;
810510;unknown;control;2023-12-08 23:15:00+00:00;0.213;;
810510;unknown;control;2023-12-08 23:30:00+00:00;0.083;;
810510;unknown;control;2023-12-08 23:45:00+00:00;0.427;;
810510;unknown;control;2023-12-09 00:00:00+00:00;0.419;;
810510;unknown;control;2023-12-09 00:15:00+00:00;0.079;;
810510;unknown;control;2023-12-09 00:30:00+00:00;0.202;;
810510;unknown;control;2023-12-09 00:45:00+00:00;0.64;;
810510;unknown;control;2023-12-09 01:00:00+00:00;0.222;;
810510;unknown;control;2023-12-09 01:15:00+00:00;0.064;;
810510;unknown;control;2023-12-09 01:30:00+00:00;0.401;;
810510;unknown;control;2023-12-09 01:45:00+00:00;0.371;;
810510;unknown;control;2023-12-09 02:00:00+00:00;0.082;;
810510;unknown;control;2023-12-09 02:15:00+00:00;0.246;;
810510;unknown;control;2023-12-09 02:30:00+00:00;0.528;;
810510;unknown;control;2023-12-09 02:45:00+00:00;0.075;;
810510;unknown;control;2023-12-09 03:00:00+00:00;0.084;;
810510;unknown;control;2023-12-09 03:15:00+00:00;0.599;;
810510;unknown;control;2023-12-09 03:30:00+00:00;0.151;;
810510;unknown;control;2023-12-09 03:45:00+00:00;0.081;;
810510;unknown;control;2023-12-09 04:00:00+00:00;0.465;;
810510;unknown;control;2023-12-09 04:15:00+00:00;0.285;;
810510;unknown;control;2023-12-09 04:30:00+00:00;0.075;;
810510;unknown;control;2023-12-09 04:45:00+00:00;0.318;;
810510;unknown;control;2023-12-09 05:00:00+00:00;0.438;;
810510;unknown;control;2023-12-09 05:15:00+00:00;0.073;;
810510;unknown;control;2023-12-09 05:30:00+00:00;0.182;;
810510;unknown;control;2023-12-09 05:45:00+00:00;0.577;;
810510;unknown;control;2023-12-09 06:00:00+00:00;0.071;;
810510;unknown;control;2023-12-09 06:15:00+00:00;0.085;;
810510;unknown;control;2023-12-09 06:30:00+00:00;0.578;;
810510;unknown;control;2023-12-09 06:45:00+00:00;0.166;;
810510;unknown;control;2023-12-09 07:00:00+00:00;0.084;;
810510;unknown;control;2023-12-09 07:15:00+00:00;0.464;;
810510;unknown;control;2023-12-09 07:30:00+00:00;0.314;;
810510;unknown;control;2023-12-09 07:45:00+00:00;0.071;;
810510;unknown;control;2023-12-09 08:00:00+00:00;0.309;;
810510;unknown;control;2023-12-09 08:15:00+00:00;0.382;;
810510;unknown;control;2023-12-09 08:30:00+00:00;0.0;;
810510;unknown;control;2023-12-09 08:45:00+00:00;0.123;;
810510;unknown;control;2023-12-09 09:00:00+00:00;0.466;;
810510;unknown;control;2023-12-09 09:15:00+00:00;0.051;;
810510;unknown;control;2023-12-09 09:30:00+00:00;0.062;;
810510;unknown;control;2023-12-09 09:45:00+00:00;0.535;;
810510;unknown;control;2023-12-09 10:00:00+00:00;0.056;;
810510;unknown;control;2023-12-09 10:15:00+00:00;0.031;;
810510;unknown;control;2023-12-09 10:30:00+00:00;0.513;;
810510;unknown;control;2023-12-09 10:45:00+00:00;0.163;;
810510;unknown;control;2023-12-09 11:00:00+00:00;0.074;;
810510;unknown;control;2023-12-09 11:15:00+00:00;0.432;;
810510;unknown;control;2023-12-09 11:30:00+00:00;0.175;;
810510;unknown;control;2023-12-09 11:45:00+00:00;0.0;;
810510;unknown;control;2023-12-09 12:00:00+00:00;0.205;;
810510;unknown;control;2023-12-09 12:15:00+00:00;0.2;;
810510;unknown;control;2023-12-09 12:30:00+00:00;0.0;;
810510;unknown;control;2023-12-09 12:45:00+00:00;0.164;;
810510;unknown;control;2023-12-09 13:00:00+00:00;0.189;;
810510;unknown;control;2023-12-09 13:15:00+00:00;0.003;;
810510;unknown;control;2023-12-09 13:30:00+00:00;0.157;;
810510;unknown;control;2023-12-09 13:45:00+00:00;0.359;;
810510;unknown;control;2023-12-09 14:00:00+00:00;0.096;;
810510;unknown;control;2023-12-09 14:15:00+00:00;0.243;;
810510;unknown;control;2023-12-09 14:30:00+00:00;0.47;;
810510;unknown;control;2023-12-09 14:45:00+00:00;0.102;;
810510;unknown;control;2023-12-09 15:00:00+00:00;0.195;;
810510;unknown;control;2023-12-09 15:15:00+00:00;0.533;;
810510;unknown;control;2023-12-09 15:30:00+00:00;0.116;;
810510;unknown;control;2023-12-09 15:45:00+00:00;0.168;;
810510;unknown;control;2023-12-09 16:00:00+00:00;0.599;;
810510;unknown;control;2023-12-09 16:15:00+00:00;0.119;;
810510;unknown;control;2023-12-09 16:30:00+00:00;0.163;;
810510;unknown;control;2023-12-09 16:45:00+00:00;0.611;;
810510;unknown;control;2023-12-09 17:00:00+00:00;0.162;;
810510;unknown;control;2023-12-09 17:15:00+00:00;0.111;;
810510;unknown;control;2023-12-09 17:30:00+00:00;0.559;;
810510;unknown;control;2023-12-09 17:45:00+00:00;0.189;;
810510;unknown;control;2023-12-09 18:00:00+00:00;0.124;;
810510;unknown;control;2023-12-09 18:15:00+00:00;0.522;;
810510;unknown;control;2023-12-09 18:30:00+00:00;0.293;;
810510;unknown;control;2023-12-09 18:45:00+00:00;0.21;;
810510;unknown;control;2023-12-09 19:00:00+00:00;0.452;;
810510;unknown;control;2023-12-09 19:15:00+00:00;0.374;;
810510;unknown;control;2023-12-09 19:30:00+00:00;0.121;;
810510;unknown;control;2023-12-09 19:45:00+00:00;0.467;;
810510;unknown;control;2023-12-09 20:00:00+00:00;0.55;;
810510;unknown;control;2023-12-09 20:15:00+00:00;0.163;;
810510;unknown;control;2023-12-09 20:30:00+00:00;0.809;;
810510;unknown;control;2023-12-09 20:45:00+00:00;0.777;;
810510;unknown;control;2023-12-09 21:00:00+00:00;0.212;;
810510;unknown;control;2023-12-09 21:15:00+00:00;0.762;;
810510;unknown;control;2023-12-09 21:30:00+00:00;0.697;;
810510;unknown;control;2023-12-09 21:45:00+00:00;0.123;;
810510;unknown;control;2023-12-09 22:00:00+00:00;0.13;;
810510;unknown;control;2023-12-09 22:15:00+00:00;0.616;;
810510;unknown;control;2023-12-09 22:30:00+00:00;0.165;;
810510;unknown;control;2023-12-09 22:45:00+00:00;0.12;;
810510;unknown;control;2023-12-09 23:00:00+00:00;0.488;;
810510;unknown;control;2023-12-09 23:15:00+00:00;0.13;;
810510;unknown;control;2023-12-09 23:30:00+00:00;0.296;;
810510;unknown;control;2023-12-09 23:45:00+00:00;0.609;;
810510;unknown;control;2023-12-10 00:00:00+00:00;0.168;;
810510;unknown;control;2023-12-10 00:15:00+00:00;0.215;;
810510;unknown;control;2023-12-10 00:30:00+00:00;0.595;;
810510;unknown;control;2023-12-10 00:45:00+00:00;0.102;;
810510;unknown;control;2023-12-10 01:00:00+00:00;0.15;;
810510;unknown;control;2023-12-10 01:15:00+00:00;0.607;;
810510;unknown;control;2023-12-10 01:30:00+00:00;0.129;;
810510;unknown;control;2023-12-10 01:45:00+00:00;0.113;;
810510;unknown;control;2023-12-10 02:00:00+00:00;0.383;;
810510;unknown;control;2023-12-10 02:15:00+00:00;0.102;;
810510;unknown;control;2023-12-10 02:30:00+00:00;0.317;;
810510;unknown;control;2023-12-10 02:45:00+00:00;0.464;;
810510;unknown;control;2023-12-10 03:00:00+00:00;0.15;;
810510;unknown;control;2023-12-10 03:15:00+00:00;0.278;;
810510;unknown;control;2023-12-10 03:30:00+00:00;0.519;;
810510;unknown;control;2023-12-10 03:45:00+00:00;0.114;;
810510;unknown;control;2023-12-10 04:00:00+00:00;0.196;;
810510;unknown;control;2023-12-10 04:15:00+00:00;0.575;;
810510;unknown;control;2023-12-10 04:30:00+00:00;0.095;;
810510;unknown;control;2023-12-10 04:45:00+00:00;0.145;;
810510;unknown;control;2023-12-10 05:00:00+00:00;0.611;;
810510;unknown;control;2023-12-10 05:15:00+00:00;0.113;;
810510;unknown;control;2023-12-10 05:30:00+00:00;0.111;;
810510;unknown;control;2023-12-10 05:45:00+00:00;0.586;;
810510;unknown;control;2023-12-10 06:00:00+00:00;0.137;;
810510;unknown;control;2023-12-10 06:15:00+00:00;0.104;;
810510;unknown;control;2023-12-10 06:30:00+00:00;0.551;;
810510;unknown;control;2023-12-10 06:45:00+00:00;0.168;;
810510;unknown;control;2023-12-10 07:00:00+00:00;0.081;;
810510;unknown;control;2023-12-10 07:15:00+00:00;0.441;;
810510;unknown;control;2023-12-10 07:30:00+00:00;0.202;;
810510;unknown;control;2023-12-10 07:45:00+00:00;0.217;;
810510;unknown;control;2023-12-10 08:00:00+00:00;0.459;;
810510;unknown;control;2023-12-10 08:15:00+00:00;0.301;;
810510;unknown;control;2023-12-10 08:30:00+00:00;0.002;;
810510;unknown;control;2023-12-10 08:45:00+00:00;0.229;;
810510;unknown;control;2023-12-10 09:00:00+00:00;0.249;;
810510;unknown;control;2023-12-10 09:15:00+00:00;0.007;;
810510;unknown;control;2023-12-10 09:30:00+00:00;0.208;;
810510;unknown;control;2023-12-10 09:45:00+00:00;0.312;;
810510;unknown;control;2023-12-10 10:00:00+00:00;0.03;;
810510;unknown;control;2023-12-10 10:15:00+00:00;0.216;;
810510;unknown;control;2023-12-10 10:30:00+00:00;0.297;;
810510;unknown;control;2023-12-10 10:45:00+00:00;0.005;;
810510;unknown;control;2023-12-10 11:00:00+00:00;0.131;;
810510;unknown;control;2023-12-10 11:15:00+00:00;0.312;;
810510;unknown;control;2023-12-10 11:30:00+00:00;0.095;;
810510;unknown;control;2023-12-10 11:45:00+00:00;0.106;;
810510;unknown;control;2023-12-10 12:00:00+00:00;0.284;;
810510;unknown;control;2023-12-10 12:15:00+00:00;0.0;;
810510;unknown;control;2023-12-10 12:30:00+00:00;0.04;;
810510;unknown;control;2023-12-10 12:45:00+00:00;0.361;;
810510;unknown;control;2023-12-10 13:00:00+00:00;0.0;;
810510;unknown;control;2023-12-10 13:15:00+00:00;0.0;;
810510;unknown;control;2023-12-10 13:30:00+00:00;0.36;;
810510;unknown;control;2023-12-10 13:45:00+00:00;0.048;;
810510;unknown;control;2023-12-10 14:00:00+00:00;0.021;;
810510;unknown;control;2023-12-10 14:15:00+00:00;0.233;;
810510;unknown;control;2023-12-10 14:30:00+00:00;0.344;;
810510;unknown;control;2023-12-10 14:45:00+00:00;0.091;;
810510;unknown;control;2023-12-10 15:00:00+00:00;0.371;;
810510;unknown;control;2023-12-10 15:15:00+00:00;0.733;;
810510;unknown;control;2023-12-10 15:30:00+00:00;0.114;;
810510;unknown;control;2023-12-10 15:45:00+00:00;0.184;;
810510;unknown;control;2023-12-10 16:00:00+00:00;0.547;;
810510;unknown;control;2023-12-10 16:15:00+00:00;0.124;;
810510;unknown;control;2023-12-10 16:30:00+00:00;0.155;;
810510;unknown;control;2023-12-10 16:45:00+00:00;0.546;;
810510;unknown;control;2023-12-10 17:00:00+00:00;0.322;;
810510;unknown;control;2023-12-10 17:15:00+00:00;0.469;;
810510;unknown;control;2023-12-10 17:30:00+00:00;0.852;;
810510;unknown;control;2023-12-10 17:45:00+00:00;0.229;;
810510;unknown;control;2023-12-10 18:00:00+00:00;0.18;;
810510;unknown;control;2023-12-10 18:15:00+00:00;0.617;;
810510;unknown;control;2023-12-10 18:30:00+00:00;0.161;;
810510;unknown;control;2023-12-10 18:45:00+00:00;0.161;;
810510;unknown;control;2023-12-10 19:00:00+00:00;0.686;;
810510;unknown;control;2023-12-10 19:15:00+00:00;0.176;;
810510;unknown;control;2023-12-10 19:30:00+00:00;0.163;;
810510;unknown;control;2023-12-10 19:45:00+00:00;0.609;;
810510;unknown;control;2023-12-10 20:00:00+00:00;0.124;;
810510;unknown;control;2023-12-10 20:15:00+00:00;0.118;;
810510;unknown;control;2023-12-10 20:30:00+00:00;0.577;;
810510;unknown;control;2023-12-10 20:45:00+00:00;0.099;;
810510;unknown;control;2023-12-10 21:00:00+00:00;0.092;;
810510;unknown;control;2023-12-10 21:15:00+00:00;0.548;;
810510;unknown;control;2023-12-10 21:30:00+00:00;0.106;;
810510;unknown;control;2023-12-10 21:45:00+00:00;0.121;;
810510;unknown;control;2023-12-10 22:00:00+00:00;0.548;;
810510;unknown;control;2023-12-10 22:15:00+00:00;0.117;;
810510;unknown;control;2023-12-10 22:30:00+00:00;0.096;;
810510;unknown;control;2023-12-10 22:45:00+00:00;0.543;;
810510;unknown;control;2023-12-10 23:00:00+00:00;0.153;;
810510;unknown;control;2023-12-10 23:15:00+00:00;0.127;;
810510;unknown;control;2023-12-10 23:30:00+00:00;0.506;;
810510;unknown;control;2023-12-10 23:45:00+00:00;0.188;;
810510;unknown;control;2023-12-11 00:00:00+00:00;0.139;;
810510;unknown;control;2023-12-11 00:15:00+00:00;0.429;;
810510;unknown;control;2023-12-11 00:30:00+00:00;0.244;;
810510;unknown;control;2023-12-11 00:45:00+00:00;0.116;;
810510;unknown;control;2023-12-11 01:00:00+00:00;0.357;;
810510;unknown;control;2023-12-11 01:15:00+00:00;0.291;;
810510;unknown;control;2023-12-11 01:30:00+00:00;0.089;;
810510;unknown;control;2023-12-11 01:45:00+00:00;0.272;;
810510;unknown;control;2023-12-11 02:00:00+00:00;0.369;;
810510;unknown;control;2023-12-11 02:15:00+00:00;0.129;;
810510;unknown;control;2023-12-11 02:30:00+00:00;0.2;;
810510;unknown;control;2023-12-11 02:45:00+00:00;0.446;;
810510;unknown;control;2023-12-11 03:00:00+00:00;0.102;;
810510;unknown;control;2023-12-11 03:15:00+00:00;0.11;;
810510;unknown;control;2023-12-11 03:30:00+00:00;0.594;;
810510;unknown;control;2023-12-11 03:45:00+00:00;0.82;;
810510;unknown;control;2023-12-11 04:00:00+00:00;0.237;;
810510;unknown;control;2023-12-11 04:15:00+00:00;0.078;;
810510;unknown;control;2023-12-11 04:30:00+00:00;0.235;;
810510;unknown;control;2023-12-11 04:45:00+00:00;0.347;;
810510;unknown;control;2023-12-11 05:00:00+00:00;0.074;;
810510;unknown;control;2023-12-11 05:15:00+00:00;0.111;;
810510;unknown;control;2023-12-11 05:30:00+00:00;0.472;;
810510;unknown;control;2023-12-11 05:45:00+00:00;0.081;;
810510;unknown;control;2023-12-11 06:00:00+00:00;0.076;;
810510;unknown;control;2023-12-11 06:15:00+00:00;0.475;;
810510;unknown;control;2023-12-11 06:30:00+00:00;0.095;;
810510;unknown;control;2023-12-11 06:45:00+00:00;0.069;;
810510;unknown;control;2023-12-11 07:00:00+00:00;0.321;;
810510;unknown;control;2023-12-11 07:15:00+00:00;0.276;;
810510;unknown;control;2023-12-11 07:30:00+00:00;0.093;;
810510;unknown;control;2023-12-11 07:45:00+00:00;0.111;;
810510;unknown;control;2023-12-11 08:00:00+00:00;0.461;;
810510;unknown;control;2023-12-11 08:15:00+00:00;0.097;;
810510;unknown;control;2023-12-11 08:30:00+00:00;0.088;;
810510;unknown;control;2023-12-11 08:45:00+00:00;0.451;;
810510;unknown;control;2023-12-11 09:00:00+00:00;0.166;;
810510;unknown;control;2023-12-11 09:15:00+00:00;0.092;;
810510;unknown;control;2023-12-11 09:30:00+00:00;0.238;;
810510;unknown;control;2023-12-11 09:45:00+00:00;0.408;;
810510;unknown;control;2023-12-11 10:00:00+00:00;0.116;;
810510;unknown;control;2023-12-11 10:15:00+00:00;0.07;;
810510;unknown;control;2023-12-11 10:30:00+00:00;0.474;;
810510;unknown;control;2023-12-11 10:45:00+00:00;0.028;;
810510;unknown;control;2023-12-11 11:00:00+00:00;0.043;;
810510;unknown;control;2023-12-11 11:15:00+00:00;0.215;;
810510;unknown;control;2023-12-11 11:30:00+00:00;0.312;;
810510;unknown;control;2023-12-11 11:45:00+00:00;0.075;;
810510;unknown;control;2023-12-11 12:00:00+00:00;0.056;;
810510;unknown;control;2023-12-11 12:15:00+00:00;0.479;;
810510;unknown;control;2023-12-11 12:30:00+00:00;0.112;;
810510;unknown;control;2023-12-11 12:45:00+00:00;0.065;;
810510;unknown;control;2023-12-11 13:00:00+00:00;0.272;;
810510;unknown;control;2023-12-11 13:15:00+00:00;0.282;;
810510;unknown;control;2023-12-11 13:30:00+00:00;0.099;;
810510;unknown;control;2023-12-11 13:45:00+00:00;0.1;;
810510;unknown;control;2023-12-11 14:00:00+00:00;0.815;;
810510;unknown;control;2023-12-11 14:15:00+00:00;0.266;;
810510;unknown;control;2023-12-11 14:30:00+00:00;0.241;;
810510;unknown;control;2023-12-11 14:45:00+00:00;0.561;;
810510;unknown;control;2023-12-11 15:00:00+00:00;0.68;;
810510;unknown;control;2023-12-11 15:15:00+00:00;0.103;;
810510;unknown;control;2023-12-11 15:30:00+00:00;0.102;;
810510;unknown;control;2023-12-11 15:45:00+00:00;0.452;;
810510;unknown;control;2023-12-11 16:00:00+00:00;0.174;;
810510;unknown;control;2023-12-11 16:15:00+00:00;0.11;;
810510;unknown;control;2023-12-11 16:30:00+00:00;0.646;;
810510;unknown;control;2023-12-11 16:45:00+00:00;0.417;;
810510;unknown;control;2023-12-11 17:00:00+00:00;0.091;;
810510;unknown;control;2023-12-11 17:15:00+00:00;0.331;;
810510;unknown;control;2023-12-11 17:30:00+00:00;0.274;;
810510;unknown;control;2023-12-11 17:45:00+00:00;0.08;;
810510;unknown;control;2023-12-11 18:00:00+00:00;0.169;;
810510;unknown;control;2023-12-11 18:15:00+00:00;0.421;;
810510;unknown;control;2023-12-11 18:30:00+00:00;0.098;;
810510;unknown;control;2023-12-11 18:45:00+00:00;0.085;;
810510;unknown;control;2023-12-11 19:00:00+00:00;0.501;;
810510;unknown;control;2023-12-11 19:15:00+00:00;0.086;;
810510;unknown;control;2023-12-11 19:30:00+00:00;0.079;;
810510;unknown;control;2023-12-11 19:45:00+00:00;0.419;;
810510;unknown;control;2023-12-11 20:00:00+00:00;0.193;;
810510;unknown;control;2023-12-11 20:15:00+00:00;0.102;;
810510;unknown;control;2023-12-11 20:30:00+00:00;0.381;;
810510;unknown;control;2023-12-11 20:45:00+00:00;0.253;;
810510;unknown;control;2023-12-11 21:00:00+00:00;0.11;;
810510;unknown;control;2023-12-11 21:15:00+00:00;0.341;;
810510;unknown;control;2023-12-11 21:30:00+00:00;0.321;;
810510;unknown;control;2023-12-11 21:45:00+00:00;0.121;;
810510;unknown;control;2023-12-11 22:00:00+00:00;0.3;;
810510;unknown;control;2023-12-11 22:15:00+00:00;0.352;;
810510;unknown;control;2023-12-11 22:30:00+00:00;0.097;;
810510;unknown;control;2023-12-11 22:45:00+00:00;0.289;;
810510;unknown;control;2023-12-11 23:00:00+00:00;0.355;;
810510;unknown;control;2023-12-11 23:15:00+00:00;0.105;;
810510;unknown;control;2023-12-11 23:30:00+00:00;0.248;;
810510;unknown;control;2023-12-11 23:45:00+00:00;0.396;;
810510;unknown;control;2023-12-12 00:00:00+00:00;0.094;;
810510;unknown;control;2023-12-12 00:15:00+00:00;0.158;;
810510;unknown;control;2023-12-12 00:30:00+00:00;0.433;;
810510;unknown;control;2023-12-12 00:45:00+00:00;0.079;;
810510;unknown;control;2023-12-12 01:00:00+00:00;0.114;;
810510;unknown;control;2023-12-12 01:15:00+00:00;0.501;;
810510;unknown;control;2023-12-12 01:30:00+00:00;0.07;;
810510;unknown;control;2023-12-12 01:45:00+00:00;0.088;;
810510;unknown;control;2023-12-12 02:00:00+00:00;0.513;;
810510;unknown;control;2023-12-12 02:15:00+00:00;0.092;;
810510;unknown;control;2023-12-12 02:30:00+00:00;0.082;;
810510;unknown;control;2023-12-12 02:45:00+00:00;0.473;;
810510;unknown;control;2023-12-12 03:00:00+00:00;0.14;;
810510;unknown;control;2023-12-12 03:15:00+00:00;0.07;;
810510;unknown;control;2023-12-12 03:30:00+00:00;0.384;;
810510;unknown;control;2023-12-12 03:45:00+00:00;0.211;;
810510;unknown;control;2023-12-12 04:00:00+00:00;0.077;;
810510;unknown;control;2023-12-12 04:15:00+00:00;0.313;;
810510;unknown;control;2023-12-12 04:30:00+00:00;0.297;;
810510;unknown;control;2023-12-12 04:45:00+00:00;0.082;;
810510;unknown;control;2023-12-12 05:00:00+00:00;0.211;;
810510;unknown;control;2023-12-12 05:15:00+00:00;0.374;;
810510;unknown;control;2023-12-12 05:30:00+00:00;0.075;;
810510;unknown;control;2023-12-12 05:45:00+00:00;0.14;;
810510;unknown;control;2023-12-12 06:00:00+00:00;0.464;;
810510;unknown;control;2023-12-12 06:15:00+00:00;0.082;;
810510;unknown;control;2023-12-12 06:30:00+00:00;0.089;;
810510;unknown;control;2023-12-12 06:45:00+00:00;0.509;;
810510;unknown;control;2023-12-12 07:00:00+00:00;0.092;;
810510;unknown;control;2023-12-12 07:15:00+00:00;0.099;;
810510;unknown;control;2023-12-12 07:30:00+00:00;0.496;;
810510;unknown;control;2023-12-12 07:45:00+00:00;0.162;;
810510;unknown;control;2023-12-12 08:00:00+00:00;0.106;;
810510;unknown;control;2023-12-12 08:15:00+00:00;0.411;;
810510;unknown;control;2023-12-12 08:30:00+00:00;0.215;;
810510;unknown;control;2023-12-12 08:45:00+00:00;0.066;;
810510;unknown;control;2023-12-12 09:00:00+00:00;0.56;;
810510;unknown;control;2023-12-12 09:15:00+00:00;0.369;;
810510;unknown;control;2023-12-12 09:30:00+00:00;0.133;;
810510;unknown;control;2023-12-12 09:45:00+00:00;0.335;;
810510;unknown;control;2023-12-12 10:00:00+00:00;0.28;;
810510;unknown;control;2023-12-12 10:15:00+00:00;0.096;;
810510;unknown;control;2023-12-12 10:30:00+00:00;0.294;;
810510;unknown;control;2023-12-12 10:45:00+00:00;0.274;;
810510;unknown;control;2023-12-12 11:00:00+00:00;0.04;;
810510;unknown;control;2023-12-12 11:15:00+00:00;0.133;;
810510;unknown;control;2023-12-12 11:30:00+00:00;0.344;;
810510;unknown;control;2023-12-12 11:45:00+00:00;0.035;;
810510;unknown;control;2023-12-12 12:00:00+00:00;0.065;;
810510;unknown;control;2023-12-12 12:15:00+00:00;0.383;;
810510;unknown;control;2023-12-12 12:30:00+00:00;0.236;;
810510;unknown;control;2023-12-12 12:45:00+00:00;0.096;;
810510;unknown;control;2023-12-12 13:00:00+00:00;0.155;;
810510;unknown;control;2023-12-12 13:15:00+00:00;0.496;;
810510;unknown;control;2023-12-12 13:30:00+00:00;0.113;;
810510;unknown;control;2023-12-12 13:45:00+00:00;0.131;;
810510;unknown;control;2023-12-12 14:00:00+00:00;0.331;;
810510;unknown;control;2023-12-12 14:15:00+00:00;0.341;;
810510;unknown;control;2023-12-12 14:30:00+00:00;0.164;;
810510;unknown;control;2023-12-12 14:45:00+00:00;0.155;;
810510;unknown;control;2023-12-12 15:00:00+00:00;0.475;;
810510;unknown;control;2023-12-12 15:15:00+00:00;0.215;;
810510;unknown;control;2023-12-12 15:30:00+00:00;0.153;;
810510;unknown;control;2023-12-12 15:45:00+00:00;0.111;;
810510;unknown;control;2023-12-12 16:00:00+00:00;0.508;;
810510;unknown;control;2023-12-12 16:15:00+00:00;0.111;;
810510;unknown;control;2023-12-12 16:30:00+00:00;0.071;;
810510;unknown;control;2023-12-12 16:45:00+00:00;0.199;;
810510;unknown;control;2023-12-12 17:00:00+00:00;0.384;;
810510;unknown;control;2023-12-12 17:15:00+00:00;0.096;;
810510;unknown;control;2023-12-12 17:30:00+00:00;0.082;;
810510;unknown;control;2023-12-12 17:45:00+00:00;0.369;;
810510;unknown;control;2023-12-12 18:00:00+00:00;0.28;;
810510;unknown;control;2023-12-12 18:15:00+00:00;0.129;;
810510;unknown;control;2023-12-12 18:30:00+00:00;0.136;;
810510;unknown;control;2023-12-12 18:45:00+00:00;0.435;;
810510;unknown;control;2023-12-12 19:00:00+00:00;0.151;;
810510;unknown;control;2023-12-12 19:15:00+00:00;0.078;;
810510;unknown;control;2023-12-12 19:30:00+00:00;0.102;;
810510;unknown;control;2023-12-12 19:45:00+00:00;0.508;;
810510;unknown;control;2023-12-12 20:00:00+00:00;0.102;;
810510;unknown;control;2023-12-12 20:15:00+00:00;0.122;;
810510;unknown;control;2023-12-12 20:30:00+00:00;0.224;;
810510;unknown;control;2023-12-12 20:45:00+00:00;0.398;;
810510;unknown;control;2023-12-12 21:00:00+00:00;0.153;;
810510;unknown;control;2023-12-12 21:15:00+00:00;0.131;;
810510;unknown;control;2023-12-12 21:30:00+00:00;0.44;;
810510;unknown;control;2023-12-12 21:45:00+00:00;0.165;;
810510;unknown;control;2023-12-12 22:00:00+00:00;0.108;;
810510;unknown;control;2023-12-12 22:15:00+00:00;0.149;;
810510;unknown;control;2023-12-12 22:30:00+00:00;0.447;;
810510;unknown;control;2023-12-12 22:45:00+00:00;0.107;;
810510;unknown;control;2023-12-12 23:00:00+00:00;0.093;;
810510;unknown;control;2023-12-12 23:15:00+00:00;0.369;;
810510;unknown;control;2023-12-12 23:30:00+00:00;0.208;;
810510;unknown;control;2023-12-12 23:45:00+00:00;0.075;;
810510;unknown;control;2023-12-13 00:00:00+00:00;0.549;;
810510;unknown;control;2023-12-13 00:15:00+00:00;0.378;;
810510;unknown;control;2023-12-13 00:30:00+00:00;0.119;;
810510;unknown;control;2023-12-13 00:45:00+00:00;0.331;;
810510;unknown;control;2023-12-13 01:00:00+00:00;0.282;;
810510;unknown;control;2023-12-13 01:15:00+00:00;0.073;;
810510;unknown;control;2023-12-13 01:30:00+00:00;0.166;;
810510;unknown;control;2023-12-13 01:45:00+00:00;0.398;;
810510;unknown;control;2023-12-13 02:00:00+00:00;0.071;;
810510;unknown;control;2023-12-13 02:15:00+00:00;0.089;;
810510;unknown;control;2023-12-13 02:30:00+00:00;0.497;;
810510;unknown;control;2023-12-13 02:45:00+00:00;0.064;;
810510;unknown;control;2023-12-13 03:00:00+00:00;0.075;;
810510;unknown;control;2023-12-13 03:15:00+00:00;0.462;;
810510;unknown;control;2023-12-13 03:30:00+00:00;0.1;;
810510;unknown;control;2023-12-13 03:45:00+00:00;0.102;;
810510;unknown;control;2023-12-13 04:00:00+00:00;0.4;;
810510;unknown;control;2023-12-13 04:15:00+00:00;0.198;;
810510;unknown;control;2023-12-13 04:30:00+00:00;0.067;;
810510;unknown;control;2023-12-13 04:45:00+00:00;0.32;;
810510;unknown;control;2023-12-13 05:00:00+00:00;0.256;;
810510;unknown;control;2023-12-13 05:15:00+00:00;0.066;;
810510;unknown;control;2023-12-13 05:30:00+00:00;0.285;;
810510;unknown;control;2023-12-13 05:45:00+00:00;0.316;;
810510;unknown;control;2023-12-13 06:00:00+00:00;0.118;;
810510;unknown;control;2023-12-13 06:15:00+00:00;0.302;;
810510;unknown;control;2023-12-13 06:30:00+00:00;0.397;;
810510;unknown;control;2023-12-13 06:45:00+00:00;0.145;;
810510;unknown;control;2023-12-13 07:00:00+00:00;0.29;;
810510;unknown;control;2023-12-13 07:15:00+00:00;0.451;;
810510;unknown;control;2023-12-13 07:30:00+00:00;0.128;;
810510;unknown;control;2023-12-13 07:45:00+00:00;0.231;;
810510;unknown;control;2023-12-13 08:00:00+00:00;0.48;;
810510;unknown;control;2023-12-13 08:15:00+00:00;0.139;;
810510;unknown;control;2023-12-13 08:30:00+00:00;0.633;;
810510;unknown;control;2023-12-13 08:45:00+00:00;0.586;;
810510;unknown;control;2023-12-13 09:00:00+00:00;0.214;;
810510;unknown;control;2023-12-13 09:15:00+00:00;0.193;;
810510;unknown;control;2023-12-13 09:30:00+00:00;0.687;;
810510;unknown;control;2023-12-13 09:45:00+00:00;0.304;;
810510;unknown;control;2023-12-13 10:00:00+00:00;0.889;;
810510;unknown;control;2023-12-13 10:15:00+00:00;1.109;;
810510;unknown;control;2023-12-13 10:30:00+00:00;0.799;;
810510;unknown;control;2023-12-13 10:45:00+00:00;0.192;;
810510;unknown;control;2023-12-13 11:00:00+00:00;0.451;;
810510;unknown;control;2023-12-13 11:15:00+00:00;0.334;;
810510;unknown;control;2023-12-13 11:30:00+00:00;0.03;;
810510;unknown;control;2023-12-13 11:45:00+00:00;0.206;;
810510;unknown;control;2023-12-13 12:00:00+00:00;0.178;;
810510;unknown;control;2023-12-13 12:15:00+00:00;0.001;;
810510;unknown;control;2023-12-13 12:30:00+00:00;0.104;;
810510;unknown;control;2023-12-13 12:45:00+00:00;0.189;;
810510;unknown;control;2023-12-13 13:00:00+00:00;0.003;;
810510;unknown;control;2023-12-13 13:15:00+00:00;0.014;;
810510;unknown;control;2023-12-13 13:30:00+00:00;0.348;;
810510;unknown;control;2023-12-13 13:45:00+00:00;0.064;;
810510;unknown;control;2023-12-13 14:00:00+00:00;0.108;;
810510;unknown;control;2023-12-13 14:15:00+00:00;0.487;;
810510;unknown;control;2023-12-13 14:30:00+00:00;0.134;;
810510;unknown;control;2023-12-13 14:45:00+00:00;0.103;;
810510;unknown;control;2023-12-13 15:00:00+00:00;0.35;;
810510;unknown;control;2023-12-13 15:15:00+00:00;0.293;;
810510;unknown;control;2023-12-13 15:30:00+00:00;0.099;;
810510;unknown;control;2023-12-13 15:45:00+00:00;0.505;;
810510;unknown;control;2023-12-13 16:00:00+00:00;0.586;;
810510;unknown;control;2023-12-13 16:15:00+00:00;0.114;;
810510;unknown;control;2023-12-13 16:30:00+00:00;0.277;;
810510;unknown;control;2023-12-13 16:45:00+00:00;0.434;;
810510;unknown;control;2023-12-13 17:00:00+00:00;0.107;;
810510;unknown;control;2023-12-13 17:15:00+00:00;0.198;;
810510;unknown;control;2023-12-13 17:30:00+00:00;0.483;;
810510;unknown;control;2023-12-13 17:45:00+00:00;0.132;;
810510;unknown;control;2023-12-13 18:00:00+00:00;0.189;;
810510;unknown;control;2023-12-13 18:15:00+00:00;0.54;;
810510;unknown;control;2023-12-13 18:30:00+00:00;0.102;;
810510;unknown;control;2023-12-13 18:45:00+00:00;0.131;;
810510;unknown;control;2023-12-13 19:00:00+00:00;0.55;;
810510;unknown;control;2023-12-13 19:15:00+00:00;0.091;;
810510;unknown;control;2023-12-13 19:30:00+00:00;0.093;;
810510;unknown;control;2023-12-13 19:45:00+00:00;0.573;;
810510;unknown;control;2023-12-13 20:00:00+00:00;0.113;;
810510;unknown;control;2023-12-13 20:15:00+00:00;0.11;;
810510;unknown;control;2023-12-13 20:30:00+00:00;0.576;;
810510;unknown;control;2023-12-13 20:45:00+00:00;0.127;;
810510;unknown;control;2023-12-13 21:00:00+00:00;0.094;;
810510;unknown;control;2023-12-13 21:15:00+00:00;0.529;;
810510;unknown;control;2023-12-13 21:30:00+00:00;0.173;;
810510;unknown;control;2023-12-13 21:45:00+00:00;0.1;;
810510;unknown;control;2023-12-13 22:00:00+00:00;0.486;;
810510;unknown;control;2023-12-13 22:15:00+00:00;0.207;;
810510;unknown;control;2023-12-13 22:30:00+00:00;0.116;;
810510;unknown;control;2023-12-13 22:45:00+00:00;0.453;;
810510;unknown;control;2023-12-13 23:00:00+00:00;0.246;;
810510;unknown;control;2023-12-13 23:15:00+00:00;0.103;;
810510;unknown;control;2023-12-13 23:30:00+00:00;0.397;;
810510;unknown;control;2023-12-13 23:45:00+00:00;0.257;;
810510;unknown;control;2023-12-14 00:00:00+00:00;0.079;;
810510;unknown;control;2023-12-14 00:15:00+00:00;0.342;;
810510;unknown;control;2023-12-14 00:30:00+00:00;0.307;;
810510;unknown;control;2023-12-14 00:45:00+00:00;0.075;;
810510;unknown;control;2023-12-14 01:00:00+00:00;0.319;;
810510;unknown;control;2023-12-14 01:15:00+00:00;0.357;;
810510;unknown;control;2023-12-14 01:30:00+00:00;0.068;;
810510;unknown;control;2023-12-14 01:45:00+00:00;0.266;;
810510;unknown;control;2023-12-14 02:00:00+00:00;0.391;;
810510;unknown;control;2023-12-14 02:15:00+00:00;0.072;;
810510;unknown;control;2023-12-14 02:30:00+00:00;0.233;;
810510;unknown;control;2023-12-14 02:45:00+00:00;0.44;;
810510;unknown;control;2023-12-14 03:00:00+00:00;0.08;;
810510;unknown;control;2023-12-14 03:15:00+00:00;0.175;;
810510;unknown;control;2023-12-14 03:30:00+00:00;0.477;;
810510;unknown;control;2023-12-14 03:45:00+00:00;0.077;;
810510;unknown;control;2023-12-14 04:00:00+00:00;0.128;;
810510;unknown;control;2023-12-14 04:15:00+00:00;0.533;;
810510;unknown;control;2023-12-14 04:30:00+00:00;0.077;;
810510;unknown;control;2023-12-14 04:45:00+00:00;0.094;;
810510;unknown;control;2023-12-14 05:00:00+00:00;0.568;;
810510;unknown;control;2023-12-14 05:15:00+00:00;0.069;;
810510;unknown;control;2023-12-14 05:30:00+00:00;0.083;;
810510;unknown;control;2023-12-14 05:45:00+00:00;0.56;;
810510;unknown;control;2023-12-14 06:00:00+00:00;0.116;;
810510;unknown;control;2023-12-14 06:15:00+00:00;0.081;;
810510;unknown;control;2023-12-14 06:30:00+00:00;0.534;;
810510;unknown;control;2023-12-14 06:45:00+00:00;0.232;;
810510;unknown;control;2023-12-14 07:00:00+00:00;0.168;;
810510;unknown;control;2023-12-14 07:15:00+00:00;0.522;;
810510;unknown;control;2023-12-14 07:30:00+00:00;0.217;;
810510;unknown;control;2023-12-14 07:45:00+00:00;0.082;;
810510;unknown;control;2023-12-14 08:00:00+00:00;0.43;;
810510;unknown;control;2023-12-14 08:15:00+00:00;0.247;;
810510;unknown;control;2023-12-14 08:30:00+00:00;0.075;;
810510;unknown;control;2023-12-14 08:45:00+00:00;0.346;;
810510;unknown;control;2023-12-14 09:00:00+00:00;0.261;;
810510;unknown;control;2023-12-14 09:15:00+00:00;0.078;;
810510;unknown;control;2023-12-14 09:30:00+00:00;0.41;;
810510;unknown;control;2023-12-14 09:45:00+00:00;0.434;;
810510;unknown;control;2023-12-14 10:00:00+00:00;0.014;;
810510;unknown;control;2023-12-14 10:15:00+00:00;0.169;;
810510;unknown;control;2023-12-14 10:30:00+00:00;0.406;;
810510;unknown;control;2023-12-14 10:45:00+00:00;0.012;;
810510;unknown;control;2023-12-14 11:00:00+00:00;0.115;;
810510;unknown;control;2023-12-14 11:15:00+00:00;0.442;;
810510;unknown;control;2023-12-14 11:30:00+00:00;0.043;;
810510;unknown;control;2023-12-14 11:45:00+00:00;0.098;;
810510;unknown;control;2023-12-14 12:00:00+00:00;0.538;;
810510;unknown;control;2023-12-14 12:15:00+00:00;0.081;;
810510;unknown;control;2023-12-14 12:30:00+00:00;0.084;;
810510;unknown;control;2023-12-14 12:45:00+00:00;0.557;;
810510;unknown;control;2023-12-14 13:00:00+00:00;0.038;;
810510;unknown;control;2023-12-14 13:15:00+00:00;0.04;;
810510;unknown;control;2023-12-14 13:30:00+00:00;0.473;;
810510;unknown;control;2023-12-14 13:45:00+00:00;0.026;;
810510;unknown;control;2023-12-14 14:00:00+00:00;0.056;;
810510;unknown;control;2023-12-14 14:15:00+00:00;0.484;;
810510;unknown;control;2023-12-14 14:30:00+00:00;0.103;;
810510;unknown;control;2023-12-14 14:45:00+00:00;0.099;;
810510;unknown;control;2023-12-14 15:00:00+00:00;0.532;;
810510;unknown;control;2023-12-14 15:15:00+00:00;0.182;;
810510;unknown;control;2023-12-14 15:30:00+00:00;0.107;;
810510;unknown;control;2023-12-14 15:45:00+00:00;0.521;;
810510;unknown;control;2023-12-14 16:00:00+00:00;0.205;;
810510;unknown;control;2023-12-14 16:15:00+00:00;0.122;;
810510;unknown;control;2023-12-14 16:30:00+00:00;0.506;;
810510;unknown;control;2023-12-14 16:45:00+00:00;0.22;;
810510;unknown;control;2023-12-14 17:00:00+00:00;0.117;;
810510;unknown;control;2023-12-14 17:15:00+00:00;0.463;;
810510;unknown;control;2023-12-14 17:30:00+00:00;0.238;;
810510;unknown;control;2023-12-14 17:45:00+00:00;0.109;;
810510;unknown;control;2023-12-14 18:00:00+00:00;0.441;;
810510;unknown;control;2023-12-14 18:15:00+00:00;0.313;;
810510;unknown;control;2023-12-14 18:30:00+00:00;0.106;;
810510;unknown;control;2023-12-14 18:45:00+00:00;0.421;;
810510;unknown;control;2023-12-14 19:00:00+00:00;0.29;;
810510;unknown;control;2023-12-14 19:15:00+00:00;0.116;;
810510;unknown;control;2023-12-14 19:30:00+00:00;0.383;;
810510;unknown;control;2023-12-14 19:45:00+00:00;0.31;;
810510;unknown;control;2023-12-14 20:00:00+00:00;0.095;;
810510;unknown;control;2023-12-14 20:15:00+00:00;0.323;;
810510;unknown;control;2023-12-14 20:30:00+00:00;0.371;;
810510;unknown;control;2023-12-14 20:45:00+00:00;0.111;;
810510;unknown;control;2023-12-14 21:00:00+00:00;0.312;;
810510;unknown;control;2023-12-14 21:15:00+00:00;0.401;;
810510;unknown;control;2023-12-14 21:30:00+00:00;0.094;;
810510;unknown;control;2023-12-14 21:45:00+00:00;0.267;;
810510;unknown;control;2023-12-14 22:00:00+00:00;0.426;;
810510;unknown;control;2023-12-14 22:15:00+00:00;0.095;;
810510;unknown;control;2023-12-14 22:30:00+00:00;0.234;;
810510;unknown;control;2023-12-14 22:45:00+00:00;0.474;;
810510;unknown;control;2023-12-14 23:00:00+00:00;0.098;;
810510;unknown;control;2023-12-14 23:15:00+00:00;0.174;;
810510;unknown;control;2023-12-14 23:30:00+00:00;0.514;;
810510;unknown;control;2023-12-14 23:45:00+00:00;0.076;;
810510;unknown;control;2023-12-15 00:00:00+00:00;0.109;;
810510;unknown;control;2023-12-15 00:15:00+00:00;0.585;;
810510;unknown;control;2023-12-15 00:30:00+00:00;0.073;;
810510;unknown;control;2023-12-15 00:45:00+00:00;0.087;;
810510;unknown;control;2023-12-15 01:00:00+00:00;0.559;;
810510;unknown;control;2023-12-15 01:15:00+00:00;0.115;;
810510;unknown;control;2023-12-15 01:30:00+00:00;0.072;;
810510;unknown;control;2023-12-15 01:45:00+00:00;0.496;;
810510;unknown;control;2023-12-15 02:00:00+00:00;0.209;;
810510;unknown;control;2023-12-15 02:15:00+00:00;0.065;;
810510;unknown;control;2023-12-15 02:30:00+00:00;0.413;;
810510;unknown;control;2023-12-15 02:45:00+00:00;0.288;;
810510;unknown;control;2023-12-15 03:00:00+00:00;0.069;;
810510;unknown;control;2023-12-15 03:15:00+00:00;0.432;;
810510;unknown;control;2023-12-15 03:30:00+00:00;0.741;;
810510;unknown;control;2023-12-15 03:45:00+00:00;0.33;;
810510;unknown;control;2023-12-15 04:00:00+00:00;0.068;;
810510;unknown;control;2023-12-15 04:15:00+00:00;0.297;;
810510;unknown;control;2023-12-15 04:30:00+00:00;0.436;;
810510;unknown;control;2023-12-15 04:45:00+00:00;0.068;;
810510;unknown;control;2023-12-15 05:00:00+00:00;0.189;;
810510;unknown;control;2023-12-15 05:15:00+00:00;0.546;;
810510;unknown;control;2023-12-15 05:30:00+00:00;0.082;;
810510;unknown;control;2023-12-15 05:45:00+00:00;0.073;;
810510;unknown;control;2023-12-15 06:00:00+00:00;0.597;;
810510;unknown;control;2023-12-15 06:15:00+00:00;0.14;;
810510;unknown;control;2023-12-15 06:30:00+00:00;0.069;;
810510;unknown;control;2023-12-15 06:45:00+00:00;0.486;;
810510;unknown;control;2023-12-15 07:00:00+00:00;0.285;;
810510;unknown;control;2023-12-15 07:15:00+00:00;0.086;;
810510;unknown;control;2023-12-15 07:30:00+00:00;0.354;;
810510;unknown;control;2023-12-15 07:45:00+00:00;0.403;;
810510;unknown;control;2023-12-15 08:00:00+00:00;0.08;;
810510;unknown;control;2023-12-15 08:15:00+00:00;0.196;;
810510;unknown;control;2023-12-15 08:30:00+00:00;0.525;;
810510;unknown;control;2023-12-15 08:45:00+00:00;0.023;;
810510;unknown;control;2023-12-15 09:00:00+00:00;0.052;;
810510;unknown;control;2023-12-15 09:15:00+00:00;0.584;;
810510;unknown;control;2023-12-15 09:30:00+00:00;0.062;;
810510;unknown;control;2023-12-15 09:45:00+00:00;0.005;;
810510;unknown;control;2023-12-15 10:00:00+00:00;0.363;;
810510;unknown;control;2023-12-15 10:15:00+00:00;0.125;;
810510;unknown;control;2023-12-15 10:30:00+00:00;0.0;;
810510;unknown;control;2023-12-15 10:45:00+00:00;0.012;;
810510;unknown;control;2023-12-15 11:00:00+00:00;0.005;;
810510;unknown;control;2023-12-15 11:15:00+00:00;0.0;;
810510;unknown;control;2023-12-15 11:30:00+00:00;0.0;;
810510;unknown;control;2023-12-15 11:45:00+00:00;0.02;;
810510;unknown;control;2023-12-15 12:00:00+00:00;0.003;;
810510;unknown;control;2023-12-15 12:15:00+00:00;0.002;;
810510;unknown;control;2023-12-15 12:30:00+00:00;0.056;;
810510;unknown;control;2023-12-15 12:45:00+00:00;0.0;;
810510;unknown;control;2023-12-15 13:00:00+00:00;0.114;;
810510;unknown;control;2023-12-15 13:15:00+00:00;0.219;;
810510;unknown;control;2023-12-15 13:30:00+00:00;0.003;;
810510;unknown;control;2023-12-15 13:45:00+00:00;0.099;;
810510;unknown;control;2023-12-15 14:00:00+00:00;0.286;;
810510;unknown;control;2023-12-15 14:15:00+00:00;0.003;;
810510;unknown;control;2023-12-15 14:30:00+00:00;0.08;;
810510;unknown;control;2023-12-15 14:45:00+00:00;0.396;;
810510;unknown;control;2023-12-15 15:00:00+00:00;0.089;;
810510;unknown;control;2023-12-15 15:15:00+00:00;0.175;;
810510;unknown;control;2023-12-15 15:30:00+00:00;0.487;;
810510;unknown;control;2023-12-15 15:45:00+00:00;0.099;;
810510;unknown;control;2023-12-15 16:00:00+00:00;0.149;;
810510;unknown;control;2023-12-15 16:15:00+00:00;0.506;;
810510;unknown;control;2023-12-15 16:30:00+00:00;0.075;;
810510;unknown;control;2023-12-15 16:45:00+00:00;0.141;;
810510;unknown;control;2023-12-15 17:00:00+00:00;0.537;;
810510;unknown;control;2023-12-15 17:15:00+00:00;0.09;;
810510;unknown;control;2023-12-15 17:30:00+00:00;0.087;;
810510;unknown;control;2023-12-15 17:45:00+00:00;0.602;;
810510;unknown;control;2023-12-15 18:00:00+00:00;0.082;;
810510;unknown;control;2023-12-15 18:15:00+00:00;0.086;;
810510;unknown;control;2023-12-15 18:30:00+00:00;0.563;;
810510;unknown;control;2023-12-15 18:45:00+00:00;0.168;;
810510;unknown;control;2023-12-15 19:00:00+00:00;0.089;;
810510;unknown;control;2023-12-15 19:15:00+00:00;0.467;;
810510;unknown;control;2023-12-15 19:30:00+00:00;0.284;;
810510;unknown;control;2023-12-15 19:45:00+00:00;0.078;;
810510;unknown;control;2023-12-15 20:00:00+00:00;0.366;;
810510;unknown;control;2023-12-15 20:15:00+00:00;0.849;;
810510;unknown;control;2023-12-15 20:30:00+00:00;0.571;;
810510;unknown;control;2023-12-15 20:45:00+00:00;0.082;;
810510;unknown;control;2023-12-15 21:00:00+00:00;0.098;;
810510;unknown;control;2023-12-15 21:15:00+00:00;0.614;;
810510;unknown;control;2023-12-15 21:30:00+00:00;0.223;;
810510;unknown;control;2023-12-15 21:45:00+00:00;0.1;;
810510;unknown;control;2023-12-15 22:00:00+00:00;0.439;;
810510;unknown;control;2023-12-15 22:15:00+00:00;0.502;;
810510;unknown;control;2023-12-15 22:30:00+00:00;0.095;;
810510;unknown;control;2023-12-15 22:45:00+00:00;0.245;;
810510;unknown;control;2023-12-15 23:00:00+00:00;0.27;;
810510;unknown;control;2023-12-15 23:15:00+00:00;0.091;;
810510;unknown;control;2023-12-15 23:30:00+00:00;0.402;;
810510;unknown;control;2023-12-15 23:45:00+00:00;0.658;;
810510;unknown;control;2023-12-16 00:00:00+00:00;0.098;;
810510;unknown;control;2023-12-16 00:15:00+00:00;0.099;;
810510;unknown;control;2023-12-16 00:30:00+00:00;0.578;;
810510;unknown;control;2023-12-16 00:45:00+00:00;0.429;;
810510;unknown;control;2023-12-16 01:00:00+00:00;0.082;;
810510;unknown;control;2023-12-16 01:15:00+00:00;0.227;;
810510;unknown;control;2023-12-16 01:30:00+00:00;0.553;;
810510;unknown;control;2023-12-16 01:45:00+00:00;0.06;;
810510;unknown;control;2023-12-16 02:00:00+00:00;0.136;;
810510;unknown;control;2023-12-16 02:15:00+00:00;0.597;;
810510;unknown;control;2023-12-16 02:30:00+00:00;0.389;;
810510;unknown;control;2023-12-16 02:45:00+00:00;0.07;;
810510;unknown;control;2023-12-16 03:00:00+00:00;0.252;;
810510;unknown;control;2023-12-16 03:15:00+00:00;0.632;;
810510;unknown;control;2023-12-16 03:30:00+00:00;0.249;;
810510;unknown;control;2023-12-16 03:45:00+00:00;0.074;;
810510;unknown;control;2023-12-16 04:00:00+00:00;0.375;;
810510;unknown;control;2023-12-16 04:15:00+00:00;0.64;;
810510;unknown;control;2023-12-16 04:30:00+00:00;0.088;;
810510;unknown;control;2023-12-16 04:45:00+00:00;0.077;;
810510;unknown;control;2023-12-16 05:00:00+00:00;0.523;;
810510;unknown;control;2023-12-16 05:15:00+00:00;0.537;;
810510;unknown;control;2023-12-16 05:30:00+00:00;0.064;;
810510;unknown;control;2023-12-16 05:45:00+00:00;0.129;;
810510;unknown;control;2023-12-16 06:00:00+00:00;0.608;;
810510;unknown;control;2023-12-16 06:15:00+00:00;0.428;;
810510;unknown;control;2023-12-16 06:30:00+00:00;0.077;;
810510;unknown;control;2023-12-16 06:45:00+00:00;0.235;;
810510;unknown;control;2023-12-16 07:00:00+00:00;0.633;;
810510;unknown;control;2023-12-16 07:15:00+00:00;0.321;;
810510;unknown;control;2023-12-16 07:30:00+00:00;0.063;;
810510;unknown;control;2023-12-16 07:45:00+00:00;0.258;;
810510;unknown;control;2023-12-16 08:00:00+00:00;0.562;;
810510;unknown;control;2023-12-16 08:15:00+00:00;0.114;;
810510;unknown;control;2023-12-16 08:30:00+00:00;0.0;;
810510;unknown;control;2023-12-16 08:45:00+00:00;0.314;;
810510;unknown;control;2023-12-16 09:00:00+00:00;0.419;;
810510;unknown;control;2023-12-16 09:15:00+00:00;0.021;;
810510;unknown;control;2023-12-16 09:30:00+00:00;0.0;;
810510;unknown;control;2023-12-16 09:45:00+00:00;0.427;;
810510;unknown;control;2023-12-16 10:00:00+00:00;0.315;;
810510;unknown;control;2023-12-16 10:15:00+00:00;0.0;;
810510;unknown;control;2023-12-16 10:30:00+00:00;0.126;;
810510;unknown;control;2023-12-16 10:45:00+00:00;0.492;;
810510;unknown;control;2023-12-16 11:00:00+00:00;0.129;;
810510;unknown;control;2023-12-16 11:15:00+00:00;0.0;;
810510;unknown;control;2023-12-16 11:30:00+00:00;0.291;;
810510;unknown;control;2023-12-16 11:45:00+00:00;0.371;;
810510;unknown;control;2023-12-16 12:00:00+00:00;0.0;;
810510;unknown;control;2023-12-16 12:15:00+00:00;0.025;;
810510;unknown;control;2023-12-16 12:30:00+00:00;0.488;;
810510;unknown;control;2023-12-16 12:45:00+00:00;0.192;;
810510;unknown;control;2023-12-16 13:00:00+00:00;0.017;;
810510;unknown;control;2023-12-16 13:15:00+00:00;0.298;;
810510;unknown;control;2023-12-16 13:30:00+00:00;0.472;;
810510;unknown;control;2023-12-16 13:45:00+00:00;0.001;;
810510;unknown;control;2023-12-16 14:00:00+00:00;0.052;;
810510;unknown;control;2023-12-16 14:15:00+00:00;0.552;;
810510;unknown;control;2023-12-16 14:30:00+00:00;0.205;;
810510;unknown;control;2023-12-16 14:45:00+00:00;0.064;;
810510;unknown;control;2023-12-16 15:00:00+00:00;0.4;;
810510;unknown;control;2023-12-16 15:15:00+00:00;0.483;;
810510;unknown;control;2023-12-16 15:30:00+00:00;0.143;;
810510;unknown;control;2023-12-16 15:45:00+00:00;0.784;;
810510;unknown;control;2023-12-16 16:00:00+00:00;0.966;;
810510;unknown;control;2023-12-16 16:15:00+00:00;0.361;;
810510;unknown;control;2023-12-16 16:30:00+00:00;0.088;;
810510;unknown;control;2023-12-16 16:45:00+00:00;0.48;;
810510;unknown;control;2023-12-16 17:00:00+00:00;0.424;;
810510;unknown;control;2023-12-16 17:15:00+00:00;0.085;;
810510;unknown;control;2023-12-16 17:30:00+00:00;0.213;;
810510;unknown;control;2023-12-16 17:45:00+00:00;0.635;;
810510;unknown;control;2023-12-16 18:00:00+00:00;0.139;;
810510;unknown;control;2023-12-16 18:15:00+00:00;0.091;;
810510;unknown;control;2023-12-16 18:30:00+00:00;0.508;;
810510;unknown;control;2023-12-16 18:45:00+00:00;0.398;;
810510;unknown;control;2023-12-16 19:00:00+00:00;0.084;;
810510;unknown;control;2023-12-16 19:15:00+00:00;0.255;;
810510;unknown;control;2023-12-16 19:30:00+00:00;0.647;;
810510;unknown;control;2023-12-16 19:45:00+00:00;0.118;;
810510;unknown;control;2023-12-16 20:00:00+00:00;0.094;;
810510;unknown;control;2023-12-16 20:15:00+00:00;0.526;;
810510;unknown;control;2023-12-16 20:30:00+00:00;0.419;;
810510;unknown;control;2023-12-16 20:45:00+00:00;0.096;;
810510;unknown;control;2023-12-16 21:00:00+00:00;0.34;;
810510;unknown;control;2023-12-16 21:15:00+00:00;0.657;;
810510;unknown;control;2023-12-16 21:30:00+00:00;0.103;;
810510;unknown;control;2023-12-16 21:45:00+00:00;0.219;;
810510;unknown;control;2023-12-16 22:00:00+00:00;0.639;;
810510;unknown;control;2023-12-16 22:15:00+00:00;0.37;;
810510;unknown;control;2023-12-16 22:30:00+00:00;0.09;;
810510;unknown;control;2023-12-16 22:45:00+00:00;0.403;;
810510;unknown;control;2023-12-16 23:00:00+00:00;0.081;;
810510;unknown;control;2023-12-16 23:15:00+00:00;0.085;;
810510;unknown;control;2023-12-16 23:30:00+00:00;0.55;;
810510;unknown;control;2023-12-16 23:45:00+00:00;0.588;;
810510;unknown;control;2023-12-17 00:00:00+00:00;0.069;;
810510;unknown;control;2023-12-17 00:15:00+00:00;0.074;;
810510;unknown;control;2023-12-17 00:30:00+00:00;0.605;;
810510;unknown;control;2023-12-17 00:45:00+00:00;0.451;;
810510;unknown;control;2023-12-17 01:00:00+00:00;0.075;;
810510;unknown;control;2023-12-17 01:15:00+00:00;0.185;;
810510;unknown;control;2023-12-17 01:30:00+00:00;0.62;;
810510;unknown;control;2023-12-17 01:45:00+00:00;0.295;;
810510;unknown;control;2023-12-17 02:00:00+00:00;0.077;;
810510;unknown;control;2023-12-17 02:15:00+00:00;0.365;;
810510;unknown;control;2023-12-17 02:30:00+00:00;0.064;;
810510;unknown;control;2023-12-17 02:45:00+00:00;0.066;;
810510;unknown;control;2023-12-17 03:00:00+00:00;0.585;;
810510;unknown;control;2023-12-17 03:15:00+00:00;0.595;;
810510;unknown;control;2023-12-17 03:30:00+00:00;0.064;;
810510;unknown;control;2023-12-17 03:45:00+00:00;0.087;;
810510;unknown;control;2023-12-17 04:00:00+00:00;0.598;;
810510;unknown;control;2023-12-17 04:15:00+00:00;0.516;;
810510;unknown;control;2023-12-17 04:30:00+00:00;0.067;;
810510;unknown;control;2023-12-17 04:45:00+00:00;0.142;;
810510;unknown;control;2023-12-17 05:00:00+00:00;0.609;;
810510;unknown;control;2023-12-17 05:15:00+00:00;0.392;;
810510;unknown;control;2023-12-17 05:30:00+00:00;0.078;;
810510;unknown;control;2023-12-17 05:45:00+00:00;0.251;;
810510;unknown;control;2023-12-17 06:00:00+00:00;0.634;;
810510;unknown;control;2023-12-17 06:15:00+00:00;0.279;;
810510;unknown;control;2023-12-17 06:30:00+00:00;0.083;;
810510;unknown;control;2023-12-17 06:45:00+00:00;0.342;;
810510;unknown;control;2023-12-17 07:00:00+00:00;0.651;;
810510;unknown;control;2023-12-17 07:15:00+00:00;0.164;;
810510;unknown;control;2023-12-17 07:30:00+00:00;0.085;;
810510;unknown;control;2023-12-17 07:45:00+00:00;0.466;;
810510;unknown;control;2023-12-17 08:00:00+00:00;0.646;;
810510;unknown;control;2023-12-17 08:15:00+00:00;0.091;;
810510;unknown;control;2023-12-17 08:30:00+00:00;0.041;;
810510;unknown;control;2023-12-17 08:45:00+00:00;0.535;;
810510;unknown;control;2023-12-17 09:00:00+00:00;0.663;;
810510;unknown;control;2023-12-17 09:15:00+00:00;0.314;;
810510;unknown;control;2023-12-17 09:30:00+00:00;0.225;;
810510;unknown;control;2023-12-17 09:45:00+00:00;0.737;;
810510;unknown;control;2023-12-17 10:00:00+00:00;0.668;;
810510;unknown;control;2023-12-17 10:15:00+00:00;0.0;;
810510;unknown;control;2023-12-17 10:30:00+00:00;0.21;;
810510;unknown;control;2023-12-17 10:45:00+00:00;0.542;;
810510;unknown;control;2023-12-17 11:00:00+00:00;0.062;;
810510;unknown;control;2023-12-17 11:15:00+00:00;0.0;;
810510;unknown;control;2023-12-17 11:30:00+00:00;0.387;;
810510;unknown;control;2023-12-17 11:45:00+00:00;0.402;;
810510;unknown;control;2023-12-17 12:00:00+00:00;0.001;;
810510;unknown;control;2023-12-17 12:15:00+00:00;0.075;;
810510;unknown;control;2023-12-17 12:30:00+00:00;0.534;;
810510;unknown;control;2023-12-17 12:45:00+00:00;0.189;;
810510;unknown;control;2023-12-17 13:00:00+00:00;0.005;;
810510;unknown;control;2023-12-17 13:15:00+00:00;0.288;;
810510;unknown;control;2023-12-17 13:30:00+00:00;0.504;;
810510;unknown;control;2023-12-17 13:45:00+00:00;0.023;;
810510;unknown;control;2023-12-17 14:00:00+00:00;0.069;;
810510;unknown;control;2023-12-17 14:15:00+00:00;0.591;;
810510;unknown;control;2023-12-17 14:30:00+00:00;0.271;;
810510;unknown;control;2023-12-17 14:45:00+00:00;0.064;;
810510;unknown;control;2023-12-17 15:00:00+00:00;0.342;;
810510;unknown;control;2023-12-17 15:15:00+00:00;0.556;;
810510;unknown;control;2023-12-17 15:30:00+00:00;0.076;;
810510;unknown;control;2023-12-17 15:45:00+00:00;0.119;;
810510;unknown;control;2023-12-17 16:00:00+00:00;0.618;;
810510;unknown;control;2023-12-17 16:15:00+00:00;0.283;;
810510;unknown;control;2023-12-17 16:30:00+00:00;0.069;;
810510;unknown;control;2023-12-17 16:45:00+00:00;0.368;;
810510;unknown;control;2023-12-17 17:00:00+00:00;0.558;;
810510;unknown;control;2023-12-17 17:15:00+00:00;0.086;;
810510;unknown;control;2023-12-17 17:30:00+00:00;0.11;;
810510;unknown;control;2023-12-17 17:45:00+00:00;0.617;;
810510;unknown;control;2023-12-17 18:00:00+00:00;0.265;;
810510;unknown;control;2023-12-17 18:15:00+00:00;0.079;;
810510;unknown;control;2023-12-17 18:30:00+00:00;0.383;;
810510;unknown;control;2023-12-17 18:45:00+00:00;0.537;;
810510;unknown;control;2023-12-17 19:00:00+00:00;0.108;;
810510;unknown;control;2023-12-17 19:15:00+00:00;0.134;;
810510;unknown;control;2023-12-17 19:30:00+00:00;0.629;;
810510;unknown;control;2023-12-17 19:45:00+00:00;0.241;;
810510;unknown;control;2023-12-17 20:00:00+00:00;0.087;;
810510;unknown;control;2023-12-17 20:15:00+00:00;0.477;;
810510;unknown;control;2023-12-17 20:30:00+00:00;0.803;;
810510;unknown;control;2023-12-17 20:45:00+00:00;0.608;;
810510;unknown;control;2023-12-17 21:00:00+00:00;0.099;;
810510;unknown;control;2023-12-17 21:15:00+00:00;0.109;;
810510;unknown;control;2023-12-17 21:30:00+00:00;0.622;;
810510;unknown;control;2023-12-17 21:45:00+00:00;0.331;;
810510;unknown;control;2023-12-17 22:00:00+00:00;0.089;;
810510;unknown;control;2023-12-17 22:15:00+00:00;0.356;;
810510;unknown;control;2023-12-17 22:30:00+00:00;0.617;;
810510;unknown;control;2023-12-17 22:45:00+00:00;0.096;;
810510;unknown;control;2023-12-17 23:00:00+00:00;0.093;;
810510;unknown;control;2023-12-17 23:15:00+00:00;0.606;;
810510;unknown;control;2023-12-17 23:30:00+00:00;0.33;;
810510;unknown;control;2023-12-17 23:45:00+00:00;0.065;;
810510;unknown;control;2023-12-18 00:00:00+00:00;0.325;;
810510;unknown;control;2023-12-18 00:15:00+00:00;0.603;;
810510;unknown;control;2023-12-18 00:30:00+00:00;0.076;;
810510;unknown;control;2023-12-18 00:45:00+00:00;0.066;;
810510;unknown;control;2023-12-18 01:00:00+00:00;0.589;;
810510;unknown;control;2023-12-18 01:15:00+00:00;0.317;;
810510;unknown;control;2023-12-18 01:30:00+00:00;0.072;;
810510;unknown;control;2023-12-18 01:45:00+00:00;0.317;;
810510;unknown;control;2023-12-18 02:00:00+00:00;0.624;;
810510;unknown;control;2023-12-18 02:15:00+00:00;0.077;;
810510;unknown;control;2023-12-18 02:30:00+00:00;0.071;;
810510;unknown;control;2023-12-18 02:45:00+00:00;0.562;;
810510;unknown;control;2023-12-18 03:00:00+00:00;0.356;;
810510;unknown;control;2023-12-18 03:15:00+00:00;0.078;;
810510;unknown;control;2023-12-18 03:30:00+00:00;0.272;;
810510;unknown;control;2023-12-18 03:45:00+00:00;0.636;;
810510;unknown;control;2023-12-18 04:00:00+00:00;0.101;;
810510;unknown;control;2023-12-18 04:15:00+00:00;0.071;;
810510;unknown;control;2023-12-18 04:30:00+00:00;0.517;;
810510;unknown;control;2023-12-18 04:45:00+00:00;0.419;;
810510;unknown;control;2023-12-18 05:00:00+00:00;0.075;;
810510;unknown;control;2023-12-18 05:15:00+00:00;0.221;;
810510;unknown;control;2023-12-18 05:30:00+00:00;0.63;;
810510;unknown;control;2023-12-18 05:45:00+00:00;0.162;;
810510;unknown;control;2023-12-18 06:00:00+00:00;0.081;;
810510;unknown;control;2023-12-18 06:15:00+00:00;0.453;;
810510;unknown;control;2023-12-18 06:30:00+00:00;0.5;;
810510;unknown;control;2023-12-18 06:45:00+00:00;0.083;;
810510;unknown;control;2023-12-18 07:00:00+00:00;0.175;;
810510;unknown;control;2023-12-18 07:15:00+00:00;0.632;;
810510;unknown;control;2023-12-18 07:30:00+00:00;0.25;;
810510;unknown;control;2023-12-18 07:45:00+00:00;0.07;;
810510;unknown;control;2023-12-18 08:00:00+00:00;0.369;;
810510;unknown;control;2023-12-18 08:15:00+00:00;0.536;;
810510;unknown;control;2023-12-18 08:30:00+00:00;0.028;;
810510;unknown;control;2023-12-18 08:45:00+00:00;0.062;;
810510;unknown;control;2023-12-18 09:00:00+00:00;0.545;;
810510;unknown;control;2023-12-18 09:15:00+00:00;0.223;;
810510;unknown;control;2023-12-18 09:30:00+00:00;0.209;;
810510;unknown;control;2023-12-18 09:45:00+00:00;0.241;;
810510;unknown;control;2023-12-18 10:00:00+00:00;0.523;;
810510;unknown;control;2023-12-18 10:15:00+00:00;0.0;;
810510;unknown;control;2023-12-18 10:30:00+00:00;0.0;;
810510;unknown;control;2023-12-18 10:45:00+00:00;0.657;;
810510;unknown;control;2023-12-18 11:00:00+00:00;0.226;;
810510;unknown;control;2023-12-18 11:15:00+00:00;0.0;;
810510;unknown;control;2023-12-18 11:30:00+00:00;0.262;;
810510;unknown;control;2023-12-18 11:45:00+00:00;0.504;;
810510;unknown;control;2023-12-18 12:00:00+00:00;0.026;;
810510;unknown;control;2023-12-18 12:15:00+00:00;0.0;;
810510;unknown;control;2023-12-18 12:30:00+00:00;0.403;;
810510;unknown;control;2023-12-18 12:45:00+00:00;0.336;;
810510;unknown;control;2023-12-18 13:00:00+00:00;0.0;;
810510;unknown;control;2023-12-18 13:15:00+00:00;0.136;;
810510;unknown;control;2023-12-18 13:30:00+00:00;0.532;;
810510;unknown;control;2023-12-18 13:45:00+00:00;0.059;;
810510;unknown;control;2023-12-18 14:00:00+00:00;0.013;;
810510;unknown;control;2023-12-18 14:15:00+00:00;0.434;;
810510;unknown;control;2023-12-18 14:30:00+00:00;0.37;;
810510;unknown;control;2023-12-18 14:45:00+00:00;0.059;;
810510;unknown;control;2023-12-18 15:00:00+00:00;0.255;;
810510;unknown;control;2023-12-18 15:15:00+00:00;0.627;;
810510;unknown;control;2023-12-18 15:30:00+00:00;0.112;;
810510;unknown;control;2023-12-18 15:45:00+00:00;0.085;;
810510;unknown;control;2023-12-18 16:00:00+00:00;0.545;;
810510;unknown;control;2023-12-18 16:15:00+00:00;0.397;;
810510;unknown;control;2023-12-18 16:30:00+00:00;0.118;;
810510;unknown;control;2023-12-18 16:45:00+00:00;0.288;;
810510;unknown;control;2023-12-18 17:00:00+00:00;0.636;;
810510;unknown;control;2023-12-18 17:15:00+00:00;0.102;;
810510;unknown;control;2023-12-18 17:30:00+00:00;0.069;;
810510;unknown;control;2023-12-18 17:45:00+00:00;0.524;;
810510;unknown;control;2023-12-18 18:00:00+00:00;0.417;;
810510;unknown;control;2023-12-18 18:15:00+00:00;0.093;;
810510;unknown;control;2023-12-18 18:30:00+00:00;0.223;;
810510;unknown;control;2023-12-18 18:45:00+00:00;0.63;;
810510;unknown;control;2023-12-18 19:00:00+00:00;0.146;;
810510;unknown;control;2023-12-18 19:15:00+00:00;0.08;;
810510;unknown;control;2023-12-18 19:30:00+00:00;0.49;;
810510;unknown;control;2023-12-18 19:45:00+00:00;0.487;;
810510;unknown;control;2023-12-18 20:00:00+00:00;0.1;;
810510;unknown;control;2023-12-18 20:15:00+00:00;0.208;;
810510;unknown;control;2023-12-18 20:30:00+00:00;0.652;;
810510;unknown;control;2023-12-18 20:45:00+00:00;0.234;;
810510;unknown;control;2023-12-18 21:00:00+00:00;0.1;;
810510;unknown;control;2023-12-18 21:15:00+00:00;0.432;;
810510;unknown;control;2023-12-18 21:30:00+00:00;0.548;;
810510;unknown;control;2023-12-18 21:45:00+00:00;0.087;;
810510;unknown;control;2023-12-18 22:00:00+00:00;0.134;;
810510;unknown;control;2023-12-18 22:15:00+00:00;0.631;;
810510;unknown;control;2023-12-18 22:30:00+00:00;0.312;;
810510;unknown;control;2023-12-18 22:45:00+00:00;0.109;;
810510;unknown;control;2023-12-18 23:00:00+00:00;0.348;;
810510;unknown;control;2023-12-18 23:15:00+00:00;0.646;;
810510;unknown;control;2023-12-18 23:30:00+00:00;0.079;;
810510;unknown;control;2023-12-18 23:45:00+00:00;0.088;;
810510;unknown;control;2023-12-19 00:00:00+00:00;0.56;;
810510;unknown;control;2023-12-19 00:15:00+00:00;0.406;;
810510;unknown;control;2023-12-19 00:30:00+00:00;0.089;;
810510;unknown;control;2023-12-19 00:45:00+00:00;0.231;;
810510;unknown;control;2023-12-19 01:00:00+00:00;0.627;;
810510;unknown;control;2023-12-19 01:15:00+00:00;0.186;;
810510;unknown;control;2023-12-19 01:30:00+00:00;0.087;;
810510;unknown;control;2023-12-19 01:45:00+00:00;0.428;;
810510;unknown;control;2023-12-19 02:00:00+00:00;0.566;;
810510;unknown;control;2023-12-19 02:15:00+00:00;0.068;;
810510;unknown;control;2023-12-19 02:30:00+00:00;0.101;;
810510;unknown;control;2023-12-19 02:45:00+00:00;0.608;;
810510;unknown;control;2023-12-19 03:00:00+00:00;0.34;;
810510;unknown;control;2023-12-19 03:15:00+00:00;0.076;;
810510;unknown;control;2023-12-19 03:30:00+00:00;0.372;;
810510;unknown;control;2023-12-19 03:45:00+00:00;0.565;;
810510;unknown;control;2023-12-19 04:00:00+00:00;0.063;;
810510;unknown;control;2023-12-19 04:15:00+00:00;0.23;;
810510;unknown;control;2023-12-19 04:30:00+00:00;0.609;;
810510;unknown;control;2023-12-19 04:45:00+00:00;0.405;;
810510;unknown;control;2023-12-19 05:00:00+00:00;0.071;;
810510;unknown;control;2023-12-19 05:15:00+00:00;0.247;;
810510;unknown;control;2023-12-19 05:30:00+00:00;0.625;;
810510;unknown;control;2023-12-19 05:45:00+00:00;0.273;;
810510;unknown;control;2023-12-19 06:00:00+00:00;0.086;;
810510;unknown;control;2023-12-19 06:15:00+00:00;0.348;;
810510;unknown;control;2023-12-19 06:30:00+00:00;0.645;;
810510;unknown;control;2023-12-19 06:45:00+00:00;0.169;;
810510;unknown;control;2023-12-19 07:00:00+00:00;0.088;;
810510;unknown;control;2023-12-19 07:15:00+00:00;0.47;;
810510;unknown;control;2023-12-19 07:30:00+00:00;0.629;;
810510;unknown;control;2023-12-19 07:45:00+00:00;0.068;;
810510;unknown;control;2023-12-19 08:00:00+00:00;0.059;;
810510;unknown;control;2023-12-19 08:15:00+00:00;0.559;;
810510;unknown;control;2023-12-19 08:30:00+00:00;0.469;;
810510;unknown;control;2023-12-19 08:45:00+00:00;0.022;;
810510;unknown;control;2023-12-19 09:00:00+00:00;0.13;;
810510;unknown;control;2023-12-19 09:15:00+00:00;0.439;;
810510;unknown;control;2023-12-19 09:30:00+00:00;0.174;;
810510;unknown;control;2023-12-19 09:45:00+00:00;0.0;;
810510;unknown;control;2023-12-19 10:00:00+00:00;0.047;;
810510;unknown;control;2023-12-19 10:15:00+00:00;0.136;;
810510;unknown;control;2023-12-19 10:30:00+00:00;0.0;;
810510;unknown;control;2023-12-19 10:45:00+00:00;0.0;;
810510;unknown;control;2023-12-19 11:00:00+00:00;0.036;;
810510;unknown;control;2023-12-19 11:15:00+00:00;0.052;;
810510;unknown;control;2023-12-19 11:30:00+00:00;0.0;;
810510;unknown;control;2023-12-19 11:45:00+00:00;0.0;;
810510;unknown;control;2023-12-19 12:00:00+00:00;0.037;;
810510;unknown;control;2023-12-19 12:15:00+00:00;0.0;;
810510;unknown;control;2023-12-19 12:30:00+00:00;0.0;;
810510;unknown;control;2023-12-19 12:45:00+00:00;0.003;;
810510;unknown;control;2023-12-19 13:00:00+00:00;0.007;;
810510;unknown;control;2023-12-19 13:15:00+00:00;0.0;;
810510;unknown;control;2023-12-19 13:30:00+00:00;0.185;;
810510;unknown;control;2023-12-19 13:45:00+00:00;0.115;;
810510;unknown;control;2023-12-19 14:00:00+00:00;0.0;;
810510;unknown;control;2023-12-19 14:15:00+00:00;0.189;;
810510;unknown;control;2023-12-19 14:30:00+00:00;0.222;;
810510;unknown;control;2023-12-19 14:45:00+00:00;0.007;;
810510;unknown;control;2023-12-19 15:00:00+00:00;0.159;;
810510;unknown;control;2023-12-19 15:15:00+00:00;0.315;;
810510;unknown;control;2023-12-19 15:30:00+00:00;0.003;;
810510;unknown;control;2023-12-19 15:45:00+00:00;0.171;;
810510;unknown;control;2023-12-19 16:00:00+00:00;0.507;;
810510;unknown;control;2023-12-19 16:15:00+00:00;0.078;;
810510;unknown;control;2023-12-19 16:30:00+00:00;0.134;;
810510;unknown;control;2023-12-19 16:45:00+00:00;0.581;;
810510;unknown;control;2023-12-19 17:00:00+00:00;0.077;;
810510;unknown;control;2023-12-19 17:15:00+00:00;0.072;;
810510;unknown;control;2023-12-19 17:30:00+00:00;0.61;;
810510;unknown;control;2023-12-19 17:45:00+00:00;0.159;;
810510;unknown;control;2023-12-19 18:00:00+00:00;0.118;;
810510;unknown;control;2023-12-19 18:15:00+00:00;0.499;;
810510;unknown;control;2023-12-19 18:30:00+00:00;0.274;;
810510;unknown;control;2023-12-19 18:45:00+00:00;0.089;;
810510;unknown;control;2023-12-19 19:00:00+00:00;0.386;;
810510;unknown;control;2023-12-19 19:15:00+00:00;0.413;;
810510;unknown;control;2023-12-19 19:30:00+00:00;0.087;;
810510;unknown;control;2023-12-19 19:45:00+00:00;0.32;;
810510;unknown;control;2023-12-19 20:00:00+00:00;0.805;;
810510;unknown;control;2023-12-19 20:15:00+00:00;0.55;;
810510;unknown;control;2023-12-19 20:30:00+00:00;0.095;;
810510;unknown;control;2023-12-19 20:45:00+00:00;0.131;;
810510;unknown;control;2023-12-19 21:00:00+00:00;0.639;;
810510;unknown;control;2023-12-19 21:15:00+00:00;0.215;;
810510;unknown;control;2023-12-19 21:30:00+00:00;0.104;;
810510;unknown;control;2023-12-19 21:45:00+00:00;0.496;;
810510;unknown;control;2023-12-19 22:00:00+00:00;0.372;;
810510;unknown;control;2023-12-19 22:15:00+00:00;0.104;;
810510;unknown;control;2023-12-19 22:30:00+00:00;0.345;;
810510;unknown;control;2023-12-19 22:45:00+00:00;0.55;;
810510;unknown;control;2023-12-19 23:00:00+00:00;0.1;;
810510;unknown;control;2023-12-19 23:15:00+00:00;0.145;;
810510;unknown;control;2023-12-19 23:30:00+00:00;0.638;;
810510;unknown;control;2023-12-19 23:45:00+00:00;0.175;;
810510;unknown;control;2023-12-20 00:00:00+00:00;0.103;;
810510;unknown;control;2023-12-20 00:15:00+00:00;0.488;;
810510;unknown;control;2023-12-20 00:30:00+00:00;0.347;;
810510;unknown;control;2023-12-20 00:45:00+00:00;0.092;;
810510;unknown;control;2023-12-20 01:00:00+00:00;0.307;;
810510;unknown;control;2023-12-20 01:15:00+00:00;0.527;;
810510;unknown;control;2023-12-20 01:30:00+00:00;0.077;;
810510;unknown;control;2023-12-20 01:45:00+00:00;0.139;;
810510;unknown;control;2023-12-20 02:00:00+00:00;0.61;;
810510;unknown;control;2023-12-20 02:15:00+00:00;0.148;;
810510;unknown;control;2023-12-20 02:30:00+00:00;0.074;;
810510;unknown;control;2023-12-20 02:45:00+00:00;0.491;;
810510;unknown;control;2023-12-20 03:00:00+00:00;0.358;;
810510;unknown;control;2023-12-20 03:15:00+00:00;0.075;;
810510;unknown;control;2023-12-20 03:30:00+00:00;0.317;;
810510;unknown;control;2023-12-20 03:45:00+00:00;0.497;;
810510;unknown;control;2023-12-20 04:00:00+00:00;0.08;;
810510;unknown;control;2023-12-20 04:15:00+00:00;0.139;;
810510;unknown;control;2023-12-20 04:30:00+00:00;0.624;;
810510;unknown;control;2023-12-20 04:45:00+00:00;0.117;;
810510;unknown;control;2023-12-20 05:00:00+00:00;0.075;;
810510;unknown;control;2023-12-20 05:15:00+00:00;0.507;;
810510;unknown;control;2023-12-20 05:30:00+00:00;0.276;;
810510;unknown;control;2023-12-20 05:45:00+00:00;0.076;;
810510;unknown;control;2023-12-20 06:00:00+00:00;0.361;;
810510;unknown;control;2023-12-20 06:15:00+00:00;0.453;;
810510;unknown;control;2023-12-20 06:30:00+00:00;0.072;;
810510;unknown;control;2023-12-20 06:45:00+00:00;0.214;;
810510;unknown;control;2023-12-20 07:00:00+00:00;0.551;;
810510;unknown;control;2023-12-20 07:15:00+00:00;0.089;;
810510;unknown;control;2023-12-20 07:30:00+00:00;0.086;;
810510;unknown;control;2023-12-20 07:45:00+00:00;0.646;;
810510;unknown;control;2023-12-20 08:00:00+00:00;0.174;;
810510;unknown;control;2023-12-20 08:15:00+00:00;0.106;;
810510;unknown;control;2023-12-20 08:30:00+00:00;0.516;;
810510;unknown;control;2023-12-20 08:45:00+00:00;0.282;;
810510;unknown;control;2023-12-20 09:00:00+00:00;0.106;;
810510;unknown;control;2023-12-20 09:15:00+00:00;0.392;;
810510;unknown;control;2023-12-20 09:30:00+00:00;0.425;;
810510;unknown;control;2023-12-20 09:45:00+00:00;0.07;;
810510;unknown;control;2023-12-20 10:00:00+00:00;0.259;;
810510;unknown;control;2023-12-20 10:15:00+00:00;0.362;;
810510;unknown;control;2023-12-20 10:30:00+00:00;0.024;;
810510;unknown;control;2023-12-20 10:45:00+00:00;0.17;;
810510;unknown;control;2023-12-20 11:00:00+00:00;0.462;;
810510;unknown;control;2023-12-20 11:15:00+00:00;0.061;;
810510;unknown;control;2023-12-20 11:30:00+00:00;0.06;;
810510;unknown;control;2023-12-20 11:45:00+00:00;0.407;;
810510;unknown;control;2023-12-20 12:00:00+00:00;0.004;;
810510;unknown;control;2023-12-20 12:15:00+00:00;0.0;;
810510;unknown;control;2023-12-20 12:30:00+00:00;0.422;;
810510;unknown;control;2023-12-20 12:45:00+00:00;0.037;;
810510;unknown;control;2023-12-20 13:00:00+00:00;0.001;;
810510;unknown;control;2023-12-20 13:15:00+00:00;0.426;;
810510;unknown;control;2023-12-20 13:30:00+00:00;0.162;;
810510;unknown;control;2023-12-20 13:45:00+00:00;0.001;;
810510;unknown;control;2023-12-20 14:00:00+00:00;0.26;;
810510;unknown;control;2023-12-20 14:15:00+00:00;0.213;;
810510;unknown;control;2023-12-20 14:30:00+00:00;0.003;;
810510;unknown;control;2023-12-20 14:45:00+00:00;0.208;;
810510;unknown;control;2023-12-20 15:00:00+00:00;0.428;;
810510;unknown;control;2023-12-20 15:15:00+00:00;0.084;;
810510;unknown;control;2023-12-20 15:30:00+00:00;0.226;;
810510;unknown;control;2023-12-20 15:45:00+00:00;0.589;;
810510;unknown;control;2023-12-20 16:00:00+00:00;0.114;;
810510;unknown;control;2023-12-20 16:15:00+00:00;0.11;;
810510;unknown;control;2023-12-20 16:30:00+00:00;0.623;;
810510;unknown;control;2023-12-20 16:45:00+00:00;0.188;;
810510;unknown;control;2023-12-20 17:00:00+00:00;0.102;;
810510;unknown;control;2023-12-20 17:15:00+00:00;0.505;;
810510;unknown;control;2023-12-20 17:30:00+00:00;0.35;;
810510;unknown;control;2023-12-20 17:45:00+00:00;0.107;;
810510;unknown;control;2023-12-20 18:00:00+00:00;0.331;;
810510;unknown;control;2023-12-20 18:15:00+00:00;0.718;;
810510;unknown;control;2023-12-20 18:30:00+00:00;0.468;;
810510;unknown;control;2023-12-20 18:45:00+00:00;0.285;;
810510;unknown;control;2023-12-20 19:00:00+00:00;0.659;;
810510;unknown;control;2023-12-20 19:15:00+00:00;0.2;;
810510;unknown;control;2023-12-20 19:30:00+00:00;0.117;;
810510;unknown;control;2023-12-20 19:45:00+00:00;0.495;;
810510;unknown;control;2023-12-20 20:00:00+00:00;0.425;;
810510;unknown;control;2023-12-20 20:15:00+00:00;0.11;;
810510;unknown;control;2023-12-20 20:30:00+00:00;0.311;;
810510;unknown;control;2023-12-20 20:45:00+00:00;0.598;;
810510;unknown;control;2023-12-20 21:00:00+00:00;0.128;;
810510;unknown;control;2023-12-20 21:15:00+00:00;0.135;;
810510;unknown;control;2023-12-20 21:30:00+00:00;0.643;;
810510;unknown;control;2023-12-20 21:45:00+00:00;0.23;;
810510;unknown;control;2023-12-20 22:00:00+00:00;0.11;;
810510;unknown;control;2023-12-20 22:15:00+00:00;0.44;;
810510;unknown;control;2023-12-20 22:30:00+00:00;0.424;;
810510;unknown;control;2023-12-20 22:45:00+00:00;0.118;;
810510;unknown;control;2023-12-20 23:00:00+00:00;0.238;;
810510;unknown;control;2023-12-20 23:15:00+00:00;0.584;;
810510;unknown;control;2023-12-20 23:30:00+00:00;0.131;;
810510;unknown;control;2023-12-20 23:45:00+00:00;0.16;;
810510;unknown;control;2023-12-21 00:00:00+00:00;0.701;;
810510;unknown;control;2023-12-21 00:15:00+00:00;0.249;;
810510;unknown;control;2023-12-21 00:30:00+00:00;0.15;;
810510;unknown;control;2023-12-21 00:45:00+00:00;0.476;;
810510;unknown;control;2023-12-21 01:00:00+00:00;0.414;;
810510;unknown;control;2023-12-21 01:15:00+00:00;0.146;;
810510;unknown;control;2023-12-21 01:30:00+00:00;0.437;;
810510;unknown;control;2023-12-21 01:45:00+00:00;0.779;;
810510;unknown;control;2023-12-21 02:00:00+00:00;0.17;;
810510;unknown;control;2023-12-21 02:15:00+00:00;0.203;;
810510;unknown;control;2023-12-21 02:30:00+00:00;0.668;;
810510;unknown;control;2023-12-21 02:45:00+00:00;0.262;;
810510;unknown;control;2023-12-21 03:00:00+00:00;0.083;;
810510;unknown;control;2023-12-21 03:15:00+00:00;0.425;;
810510;unknown;control;2023-12-21 03:30:00+00:00;0.445;;
810510;unknown;control;2023-12-21 03:45:00+00:00;0.134;;
810510;unknown;control;2023-12-21 04:00:00+00:00;0.283;;
810510;unknown;control;2023-12-21 04:15:00+00:00;0.615;;
810510;unknown;control;2023-12-21 04:30:00+00:00;0.12;;
810510;unknown;control;2023-12-21 04:45:00+00:00;0.131;;
810510;unknown;control;2023-12-21 05:00:00+00:00;0.681;;
810510;unknown;control;2023-12-21 05:15:00+00:00;0.183;;
810510;unknown;control;2023-12-21 05:30:00+00:00;0.131;;
810510;unknown;control;2023-12-21 05:45:00+00:00;0.548;;
810510;unknown;control;2023-12-21 06:00:00+00:00;0.323;;
810510;unknown;control;2023-12-21 06:15:00+00:00;0.129;;
810510;unknown;control;2023-12-21 06:30:00+00:00;0.444;;
810510;unknown;control;2023-12-21 06:45:00+00:00;0.446;;
810510;unknown;control;2023-12-21 07:00:00+00:00;0.083;;
810510;unknown;control;2023-12-21 07:15:00+00:00;0.255;;
810510;unknown;control;2023-12-21 07:30:00+00:00;0.483;;
810510;unknown;control;2023-12-21 07:45:00+00:00;0.083;;
810510;unknown;control;2023-12-21 08:00:00+00:00;0.138;;
810510;unknown;control;2023-12-21 08:15:00+00:00;0.556;;
810510;unknown;control;2023-12-21 08:30:00+00:00;0.061;;
810510;unknown;control;2023-12-21 08:45:00+00:00;0.1;;
810510;unknown;control;2023-12-21 09:00:00+00:00;0.636;;
810510;unknown;control;2023-12-21 09:15:00+00:00;0.157;;
810510;unknown;control;2023-12-21 09:30:00+00:00;0.11;;
810510;unknown;control;2023-12-21 09:45:00+00:00;0.488;;
810510;unknown;control;2023-12-21 10:00:00+00:00;0.127;;
810510;unknown;control;2023-12-21 10:15:00+00:00;0.005;;
810510;unknown;control;2023-12-21 10:30:00+00:00;0.357;;
810510;unknown;control;2023-12-21 10:45:00+00:00;0.202;;
810510;unknown;control;2023-12-21 11:00:00+00:00;0.038;;
810510;unknown;control;2023-12-21 11:15:00+00:00;0.284;;
810510;unknown;control;2023-12-21 11:30:00+00:00;0.254;;
810510;unknown;control;2023-12-21 11:45:00+00:00;0.001;;
810510;unknown;control;2023-12-21 12:00:00+00:00;0.233;;
810510;unknown;control;2023-12-21 12:15:00+00:00;0.306;;
810510;unknown;control;2023-12-21 12:30:00+00:00;0.044;;
810510;unknown;control;2023-12-21 12:45:00+00:00;0.258;;
810510;unknown;control;2023-12-21 13:00:00+00:00;0.397;;
810510;unknown;control;2023-12-21 13:15:00+00:00;0.085;;
810510;unknown;control;2023-12-21 13:30:00+00:00;0.221;;
810510;unknown;control;2023-12-21 13:45:00+00:00;0.464;;
810510;unknown;control;2023-12-21 14:00:00+00:00;0.101;;
810510;unknown;control;2023-12-21 14:15:00+00:00;0.228;;
810510;unknown;control;2023-12-21 14:30:00+00:00;0.488;;
810510;unknown;control;2023-12-21 14:45:00+00:00;0.102;;
810510;unknown;control;2023-12-21 15:00:00+00:00;0.187;;
810510;unknown;control;2023-12-21 15:15:00+00:00;0.508;;
810510;unknown;control;2023-12-21 15:30:00+00:00;0.133;;
810510;unknown;control;2023-12-21 15:45:00+00:00;0.236;;
810510;unknown;control;2023-12-21 16:00:00+00:00;0.603;;
810510;unknown;control;2023-12-21 16:15:00+00:00;0.165;;
810510;unknown;control;2023-12-21 16:30:00+00:00;0.215;;
810510;unknown;control;2023-12-21 16:45:00+00:00;0.606;;
810510;unknown;control;2023-12-21 17:00:00+00:00;0.165;;
810510;unknown;control;2023-12-21 17:15:00+00:00;0.202;;
810510;unknown;control;2023-12-21 17:30:00+00:00;0.936;;
810510;unknown;control;2023-12-21 17:45:00+00:00;0.178;;
810510;unknown;control;2023-12-21 18:00:00+00:00;0.179;;
810510;unknown;control;2023-12-21 18:15:00+00:00;0.653;;
810510;unknown;control;2023-12-21 18:30:00+00:00;0.277;;
810510;unknown;control;2023-12-21 18:45:00+00:00;0.234;;
810510;unknown;control;2023-12-21 19:00:00+00:00;0.596;;
810510;unknown;control;2023-12-21 19:15:00+00:00;0.275;;
810510;unknown;control;2023-12-21 19:30:00+00:00;0.191;;
810510;unknown;control;2023-12-21 19:45:00+00:00;0.569;;
810510;unknown;control;2023-12-21 20:00:00+00:00;0.259;;
810510;unknown;control;2023-12-21 20:15:00+00:00;0.181;;
810510;unknown;control;2023-12-21 20:30:00+00:00;0.545;;
810510;unknown;control;2023-12-21 20:45:00+00:00;0.284;;
810510;unknown;control;2023-12-21 21:00:00+00:00;0.196;;
810510;unknown;control;2023-12-21 21:15:00+00:00;0.442;;
810510;unknown;control;2023-12-21 21:30:00+00:00;0.383;;
810510;unknown;control;2023-12-21 21:45:00+00:00;0.197;;
810510;unknown;control;2023-12-21 22:00:00+00:00;0.354;;
810510;unknown;control;2023-12-21 22:15:00+00:00;0.485;;
810510;unknown;control;2023-12-21 22:30:00+00:00;0.186;;
810510;unknown;control;2023-12-21 22:45:00+00:00;0.224;;
810510;unknown;control;2023-12-21 23:00:00+00:00;0.558;;
810510;unknown;control;2023-12-21 23:15:00+00:00;0.179;;
810510;unknown;control;2023-12-21 23:30:00+00:00;0.158;;
810510;unknown;control;2023-12-21 23:45:00+00:00;0.584;;
810510;unknown;control;2023-12-22 00:00:00+00:00;0.183;;
810510;unknown;control;2023-12-22 00:15:00+00:00;0.161;;
810510;unknown;control;2023-12-22 00:30:00+00:00;0.464;;
810510;unknown;control;2023-12-22 00:45:00+00:00;0.286;;
810510;unknown;control;2023-12-22 01:00:00+00:00;0.172;;
810510;unknown;control;2023-12-22 01:15:00+00:00;0.362;;
810510;unknown;control;2023-12-22 01:30:00+00:00;0.381;;
810510;unknown;control;2023-12-22 01:45:00+00:00;0.138;;
810510;unknown;control;2023-12-22 02:00:00+00:00;0.279;;
810510;unknown;control;2023-12-22 02:15:00+00:00;0.471;;
810510;unknown;control;2023-12-22 02:30:00+00:00;0.135;;
810510;unknown;control;2023-12-22 02:45:00+00:00;0.176;;
810510;unknown;control;2023-12-22 03:00:00+00:00;0.517;;
810510;unknown;control;2023-12-22 03:15:00+00:00;0.138;;
810510;unknown;control;2023-12-22 03:30:00+00:00;0.169;;
810510;unknown;control;2023-12-22 03:45:00+00:00;0.559;;
810510;unknown;control;2023-12-22 04:00:00+00:00;0.085;;
810510;unknown;control;2023-12-22 04:15:00+00:00;0.171;;
810510;unknown;control;2023-12-22 04:30:00+00:00;0.597;;
810510;unknown;control;2023-12-22 04:45:00+00:00;0.148;;
810510;unknown;control;2023-12-22 05:00:00+00:00;0.14;;
810510;unknown;control;2023-12-22 05:15:00+00:00;0.627;;
810510;unknown;control;2023-12-22 05:30:00+00:00;0.134;;
810510;unknown;control;2023-12-22 05:45:00+00:00;0.175;;
810510;unknown;control;2023-12-22 06:00:00+00:00;0.639;;
810510;unknown;control;2023-12-22 06:15:00+00:00;0.153;;
810510;unknown;control;2023-12-22 06:30:00+00:00;0.145;;
810510;unknown;control;2023-12-22 06:45:00+00:00;0.61;;
810510;unknown;control;2023-12-22 07:00:00+00:00;0.094;;
810510;unknown;control;2023-12-22 07:15:00+00:00;0.084;;
810510;unknown;control;2023-12-22 07:30:00+00:00;0.567;;
810510;unknown;control;2023-12-22 07:45:00+00:00;0.102;;
810510;unknown;control;2023-12-22 08:00:00+00:00;0.098;;
810510;unknown;control;2023-12-22 08:15:00+00:00;0.55;;
810510;unknown;control;2023-12-22 08:30:00+00:00;0.137;;
810510;unknown;control;2023-12-22 08:45:00+00:00;0.136;;
810510;unknown;control;2023-12-22 09:00:00+00:00;0.538;;
810510;unknown;control;2023-12-22 09:15:00+00:00;0.187;;
810510;unknown;control;2023-12-22 09:30:00+00:00;0.085;;
810510;unknown;control;2023-12-22 09:45:00+00:00;0.476;;
810510;unknown;control;2023-12-22 10:00:00+00:00;0.11;;
810510;unknown;control;2023-12-22 10:15:00+00:00;0.045;;
810510;unknown;control;2023-12-22 10:30:00+00:00;0.62;;
810510;unknown;control;2023-12-22 10:45:00+00:00;0.298;;
810510;unknown;control;2023-12-22 11:00:00+00:00;0.036;;
810510;unknown;control;2023-12-22 11:15:00+00:00;0.339;;
810510;unknown;control;2023-12-22 11:30:00+00:00;0.3;;
810510;unknown;control;2023-12-22 11:45:00+00:00;0.054;;
810510;unknown;control;2023-12-22 12:00:00+00:00;0.28;;
810510;unknown;control;2023-12-22 12:15:00+00:00;0.339;;
810510;unknown;control;2023-12-22 12:30:00+00:00;0.049;;
810510;unknown;control;2023-12-22 12:45:00+00:00;0.279;;
810510;unknown;control;2023-12-22 13:00:00+00:00;0.436;;
810510;unknown;control;2023-12-22 13:15:00+00:00;0.091;;
810510;unknown;control;2023-12-22 13:30:00+00:00;0.219;;
810510;unknown;control;2023-12-22 13:45:00+00:00;0.49;;
810510;unknown;control;2023-12-22 14:00:00+00:00;0.098;;
810510;unknown;control;2023-12-22 14:15:00+00:00;0.186;;
810510;unknown;control;2023-12-22 14:30:00+00:00;0.543;;
810510;unknown;control;2023-12-22 14:45:00+00:00;0.107;;
810510;unknown;control;2023-12-22 15:00:00+00:00;0.122;;
810510;unknown;control;2023-12-22 15:15:00+00:00;0.594;;
810510;unknown;control;2023-12-22 15:30:00+00:00;0.106;;
810510;unknown;control;2023-12-22 15:45:00+00:00;0.201;;
810510;unknown;control;2023-12-22 16:00:00+00:00;0.672;;
810510;unknown;control;2023-12-22 16:15:00+00:00;0.176;;
810510;unknown;control;2023-12-22 16:30:00+00:00;0.181;;
810510;unknown;control;2023-12-22 16:45:00+00:00;0.618;;
810510;unknown;control;2023-12-22 17:00:00+00:00;0.185;;
810510;unknown;control;2023-12-22 17:15:00+00:00;0.141;;
810510;unknown;control;2023-12-22 17:30:00+00:00;0.583;;
810510;unknown;control;2023-12-22 17:45:00+00:00;0.203;;
810510;unknown;control;2023-12-22 18:00:00+00:00;0.162;;
810510;unknown;control;2023-12-22 18:15:00+00:00;0.547;;
810510;unknown;control;2023-12-22 18:30:00+00:00;0.284;;
810510;unknown;control;2023-12-22 18:45:00+00:00;0.174;;
810510;unknown;control;2023-12-22 19:00:00+00:00;0.533;;
810510;unknown;control;2023-12-22 19:15:00+00:00;0.328;;
810510;unknown;control;2023-12-22 19:30:00+00:00;0.151;;
810510;unknown;control;2023-12-22 19:45:00+00:00;0.506;;
810510;unknown;control;2023-12-22 20:00:00+00:00;0.324;;
810510;unknown;control;2023-12-22 20:15:00+00:00;0.175;;
810510;unknown;control;2023-12-22 20:30:00+00:00;0.478;;
810510;unknown;control;2023-12-22 20:45:00+00:00;0.366;;
810510;unknown;control;2023-12-22 21:00:00+00:00;0.165;;
810510;unknown;control;2023-12-22 21:15:00+00:00;0.456;;
810510;unknown;control;2023-12-22 21:30:00+00:00;0.406;;
810510;unknown;control;2023-12-22 21:45:00+00:00;0.183;;
810510;unknown;control;2023-12-22 22:00:00+00:00;0.439;;
810510;unknown;control;2023-12-22 22:15:00+00:00;0.429;;
810510;unknown;control;2023-12-22 22:30:00+00:00;0.194;;
810510;unknown;control;2023-12-22 22:45:00+00:00;0.48;;
810510;unknown;control;2023-12-22 23:00:00+00:00;0.518;;
810510;unknown;control;2023-12-22 23:15:00+00:00;0.17;;
810510;unknown;control;2023-12-22 23:30:00+00:00;0.408;;
810510;unknown;control;2023-12-22 23:45:00+00:00;0.513;;
810510;unknown;control;2023-12-23 00:00:00+00:00;0.173;;
810510;unknown;control;2023-12-23 00:15:00+00:00;0.395;;
810510;unknown;control;2023-12-23 00:30:00+00:00;0.213;;
810510;unknown;control;2023-12-23 00:45:00+00:00;0.156;;
810510;unknown;control;2023-12-23 01:00:00+00:00;0.565;;
810510;unknown;control;2023-12-23 01:15:00+00:00;0.322;;
810510;unknown;control;2023-12-23 01:30:00+00:00;0.167;;
810510;unknown;control;2023-12-23 01:45:00+00:00;0.459;;
810510;unknown;control;2023-12-23 02:00:00+00:00;0.407;;
810510;unknown;control;2023-12-23 02:15:00+00:00;0.148;;
810510;unknown;control;2023-12-23 02:30:00+00:00;0.369;;
810510;unknown;control;2023-12-23 02:45:00+00:00;0.451;;
810510;unknown;control;2023-12-23 03:00:00+00:00;0.173;;
810510;unknown;control;2023-12-23 03:15:00+00:00;0.318;;
810510;unknown;control;2023-12-23 03:30:00+00:00;0.449;;
810510;unknown;control;2023-12-23 03:45:00+00:00;0.153;;
810510;unknown;control;2023-12-23 04:00:00+00:00;0.386;;
810510;unknown;control;2023-12-23 04:15:00+00:00;0.503;;
810510;unknown;control;2023-12-23 04:30:00+00:00;0.152;;
810510;unknown;control;2023-12-23 04:45:00+00:00;0.297;;
810510;unknown;control;2023-12-23 05:00:00+00:00;0.555;;
810510;unknown;control;2023-12-23 05:15:00+00:00;0.169;;
810510;unknown;control;2023-12-23 05:30:00+00:00;0.226;;
810510;unknown;control;2023-12-23 05:45:00+00:00;0.645;;
810510;unknown;control;2023-12-23 06:00:00+00:00;0.163;;
810510;unknown;control;2023-12-23 06:15:00+00:00;0.174;;
810510;unknown;control;2023-12-23 06:30:00+00:00;0.679;;
810510;unknown;control;2023-12-23 06:45:00+00:00;0.185;;
810510;unknown;control;2023-12-23 07:00:00+00:00;0.13;;
810510;unknown;control;2023-12-23 07:15:00+00:00;0.514;;
810510;unknown;control;2023-12-23 07:30:00+00:00;0.186;;
810510;unknown;control;2023-12-23 07:45:00+00:00;0.088;;
810510;unknown;control;2023-12-23 08:00:00+00:00;0.465;;
810510;unknown;control;2023-12-23 08:15:00+00:00;0.252;;
810510;unknown;control;2023-12-23 08:30:00+00:00;0.093;;
810510;unknown;control;2023-12-23 08:45:00+00:00;0.491;;
810510;unknown;control;2023-12-23 09:00:00+00:00;0.324;;
810510;unknown;control;2023-12-23 09:15:00+00:00;0.119;;
810510;unknown;control;2023-12-23 09:30:00+00:00;0.333;;
810510;unknown;control;2023-12-23 09:45:00+00:00;0.342;;
810510;unknown;control;2023-12-23 10:00:00+00:00;0.011;;
810510;unknown;control;2023-12-23 10:15:00+00:00;0.412;;
810510;unknown;control;2023-12-23 10:30:00+00:00;1.088;;
810510;unknown;control;2023-12-23 10:45:00+00:00;0.196;;
810510;unknown;control;2023-12-23 11:00:00+00:00;0.197;;
810510;unknown;control;2023-12-23 11:15:00+00:00;0.889;;
810510;unknown;control;2023-12-23 11:30:00+00:00;0.848;;
810510;unknown;control;2023-12-23 11:45:00+00:00;0.647;;
810510;unknown;control;2023-12-23 12:00:00+00:00;0.452;;
810510;unknown;control;2023-12-23 12:15:00+00:00;0.012;;
810510;unknown;control;2023-12-23 12:30:00+00:00;0.086;;
810510;unknown;control;2023-12-23 12:45:00+00:00;0.338;;
810510;unknown;control;2023-12-23 13:00:00+00:00;0.025;;
810510;unknown;control;2023-12-23 13:15:00+00:00;0.05;;
810510;unknown;control;2023-12-23 13:30:00+00:00;0.48;;
810510;unknown;control;2023-12-23 13:45:00+00:00;0.025;;
810510;unknown;control;2023-12-23 14:00:00+00:00;0.026;;
810510;unknown;control;2023-12-23 14:15:00+00:00;0.477;;
810510;unknown;control;2023-12-23 14:30:00+00:00;0.082;;
810510;unknown;control;2023-12-23 14:45:00+00:00;0.076;;
810510;unknown;control;2023-12-23 15:00:00+00:00;0.429;;
810510;unknown;control;2023-12-23 15:15:00+00:00;0.235;;
810510;unknown;control;2023-12-23 15:30:00+00:00;0.122;;
810510;unknown;control;2023-12-23 15:45:00+00:00;0.572;;
810510;unknown;control;2023-12-23 16:00:00+00:00;0.59;;
810510;unknown;control;2023-12-23 16:15:00+00:00;0.168;;
810510;unknown;control;2023-12-23 16:30:00+00:00;0.342;;
810510;unknown;control;2023-12-23 16:45:00+00:00;0.428;;
810510;unknown;control;2023-12-23 17:00:00+00:00;0.094;;
810510;unknown;control;2023-12-23 17:15:00+00:00;0.224;;
810510;unknown;control;2023-12-23 17:30:00+00:00;0.445;;
810510;unknown;control;2023-12-23 17:45:00+00:00;0.083;;
810510;unknown;control;2023-12-23 18:00:00+00:00;0.238;;
810510;unknown;control;2023-12-23 18:15:00+00:00;0.481;;
810510;unknown;control;2023-12-23 18:30:00+00:00;0.118;;
810510;unknown;control;2023-12-23 18:45:00+00:00;0.187;;
810510;unknown;control;2023-12-23 19:00:00+00:00;0.545;;
810510;unknown;control;2023-12-23 19:15:00+00:00;0.139;;
810510;unknown;control;2023-12-23 19:30:00+00:00;0.168;;
810510;unknown;control;2023-12-23 19:45:00+00:00;0.614;;
810510;unknown;control;2023-12-23 20:00:00+00:00;0.152;;
810510;unknown;control;2023-12-23 20:15:00+00:00;0.156;;
810510;unknown;control;2023-12-23 20:30:00+00:00;0.65;;
810510;unknown;control;2023-12-23 20:45:00+00:00;0.17;;
810510;unknown;control;2023-12-23 21:00:00+00:00;0.14;;
810510;unknown;control;2023-12-23 21:15:00+00:00;0.596;;
810510;unknown;control;2023-12-23 21:30:00+00:00;0.233;;
810510;unknown;control;2023-12-23 21:45:00+00:00;0.138;;
810510;unknown;control;2023-12-23 22:00:00+00:00;0.538;;
810510;unknown;control;2023-12-23 22:15:00+00:00;0.321;;
810510;unknown;control;2023-12-23 22:30:00+00:00;0.182;;
810510;unknown;control;2023-12-23 22:45:00+00:00;0.662;;
810510;unknown;control;2023-12-23 23:00:00+00:00;0.269;;
810510;unknown;control;2023-12-23 23:15:00+00:00;0.225;;
810510;unknown;control;2023-12-23 23:30:00+00:00;0.636;;
810510;unknown;control;2023-12-23 23:45:00+00:00;0.39;;
810510;unknown;control;2023-12-24 00:00:00+00:00;0.209;;
810510;unknown;control;2023-12-24 00:15:00+00:00;0.445;;
810510;unknown;control;2023-12-24 00:30:00+00:00;0.468;;
810510;unknown;control;2023-12-24 00:45:00+00:00;0.164;;
810510;unknown;control;2023-12-24 01:00:00+00:00;0.412;;
810510;unknown;control;2023-12-24 01:15:00+00:00;0.308;;
810510;unknown;control;2023-12-24 01:30:00+00:00;0.162;;
810510;unknown;control;2023-12-24 01:45:00+00:00;0.522;;
810510;unknown;control;2023-12-24 02:00:00+00:00;0.454;;
810510;unknown;control;2023-12-24 02:15:00+00:00;0.164;;
810510;unknown;control;2023-12-24 02:30:00+00:00;0.312;;
810510;unknown;control;2023-12-24 02:45:00+00:00;0.576;;
810510;unknown;control;2023-12-24 03:00:00+00:00;0.178;;
810510;unknown;control;2023-12-24 03:15:00+00:00;0.226;;
810510;unknown;control;2023-12-24 03:30:00+00:00;0.678;;
810510;unknown;control;2023-12-24 03:45:00+00:00;0.221;;
810510;unknown;control;2023-12-24 04:00:00+00:00;0.134;;
810510;unknown;control;2023-12-24 04:15:00+00:00;0.515;;
810510;unknown;control;2023-12-24 04:30:00+00:00;0.38;;
810510;unknown;control;2023-12-24 04:45:00+00:00;0.124;;
810510;unknown;control;2023-12-24 05:00:00+00:00;0.389;;
810510;unknown;control;2023-12-24 05:15:00+00:00;0.508;;
810510;unknown;control;2023-12-24 05:30:00+00:00;0.164;;
810510;unknown;control;2023-12-24 05:45:00+00:00;0.255;;
810510;unknown;control;2023-12-24 06:00:00+00:00;0.604;;
810510;unknown;control;2023-12-24 06:15:00+00:00;0.124;;
810510;unknown;control;2023-12-24 06:30:00+00:00;0.149;;
810510;unknown;control;2023-12-24 06:45:00+00:00;0.598;;
810510;unknown;control;2023-12-24 07:00:00+00:00;0.157;;
810510;unknown;control;2023-12-24 07:15:00+00:00;0.09;;
810510;unknown;control;2023-12-24 07:30:00+00:00;0.466;;
810510;unknown;control;2023-12-24 07:45:00+00:00;0.259;;
810510;unknown;control;2023-12-24 08:00:00+00:00;0.036;;
810510;unknown;control;2023-12-24 08:15:00+00:00;0.336;;
810510;unknown;control;2023-12-24 08:30:00+00:00;0.298;;
810510;unknown;control;2023-12-24 08:45:00+00:00;0.024;;
810510;unknown;control;2023-12-24 09:00:00+00:00;0.093;;
810510;unknown;control;2023-12-24 09:15:00+00:00;0.286;;
810510;unknown;control;2023-12-24 09:30:00+00:00;0.0;;
810510;unknown;control;2023-12-24 09:45:00+00:00;0.057;;
810510;unknown;control;2023-12-24 10:00:00+00:00;0.346;;
810510;unknown;control;2023-12-24 10:15:00+00:00;0.0;;
810510;unknown;control;2023-12-24 10:30:00+00:00;0.008;;
810510;unknown;control;2023-12-24 10:45:00+00:00;0.465;;
810510;unknown;control;2023-12-24 11:00:00+00:00;0.421;;
810510;unknown;control;2023-12-24 11:15:00+00:00;0.424;;
810510;unknown;control;2023-12-24 11:30:00+00:00;0.519;;
810510;unknown;control;2023-12-24 11:45:00+00:00;0.012;;
810510;unknown;control;2023-12-24 12:00:00+00:00;0.0;;
810510;unknown;control;2023-12-24 12:15:00+00:00;0.393;;
810510;unknown;control;2023-12-24 12:30:00+00:00;0.026;;
810510;unknown;control;2023-12-24 12:45:00+00:00;0.029;;
810510;unknown;control;2023-12-24 13:00:00+00:00;0.42;;
810510;unknown;control;2023-12-24 13:15:00+00:00;0.142;;
810510;unknown;control;2023-12-24 13:30:00+00:00;0.043;;
810510;unknown;control;2023-12-24 13:45:00+00:00;0.394;;
810510;unknown;control;2023-12-24 14:00:00+00:00;0.203;;
810510;unknown;control;2023-12-24 14:15:00+00:00;0.087;;
810510;unknown;control;2023-12-24 14:30:00+00:00;0.36;;
810510;unknown;control;2023-12-24 14:45:00+00:00;0.264;;
810510;unknown;control;2023-12-24 15:00:00+00:00;0.08;;
810510;unknown;control;2023-12-24 15:15:00+00:00;0.341;;
810510;unknown;control;2023-12-24 15:30:00+00:00;0.337;;
810510;unknown;control;2023-12-24 15:45:00+00:00;0.169;;
810510;unknown;control;2023-12-24 16:00:00+00:00;0.402;;
810510;unknown;control;2023-12-24 16:15:00+00:00;0.879;;
810510;unknown;control;2023-12-24 16:30:00+00:00;1.004;;
810510;unknown;control;2023-12-24 16:45:00+00:00;0.366;;
810510;unknown;control;2023-12-24 17:00:00+00:00;0.303;;
810510;unknown;control;2023-12-24 17:15:00+00:00;0.902;;
810510;unknown;control;2023-12-24 17:30:00+00:00;0.471;;
810510;unknown;control;2023-12-24 17:45:00+00:00;0.086;;
810510;unknown;control;2023-12-24 18:00:00+00:00;0.476;;
810510;unknown;control;2023-12-24 18:15:00+00:00;0.16;;
810510;unknown;control;2023-12-24 18:30:00+00:00;0.072;;
810510;unknown;control;2023-12-24 18:45:00+00:00;0.413;;
810510;unknown;control;2023-12-24 19:00:00+00:00;0.213;;
810510;unknown;control;2023-12-24 19:15:00+00:00;0.092;;
810510;unknown;control;2023-12-24 19:30:00+00:00;0.346;;
810510;unknown;control;2023-12-24 19:45:00+00:00;0.31;;
810510;unknown;control;2023-12-24 20:00:00+00:00;0.089;;
810510;unknown;control;2023-12-24 20:15:00+00:00;0.291;;
810510;unknown;control;2023-12-24 20:30:00+00:00;0.343;;
810510;unknown;control;2023-12-24 20:45:00+00:00;0.1;;
810510;unknown;control;2023-12-24 21:00:00+00:00;0.199;;
810510;unknown;control;2023-12-24 21:15:00+00:00;0.42;;
810510;unknown;control;2023-12-24 21:30:00+00:00;0.085;;
810510;unknown;control;2023-12-24 21:45:00+00:00;0.123;;
810510;unknown;control;2023-12-24 22:00:00+00:00;0.52;;
810510;unknown;control;2023-12-24 22:15:00+00:00;0.075;;
810510;unknown;control;2023-12-24 22:30:00+00:00;0.112;;
810510;unknown;control;2023-12-24 22:45:00+00:00;0.537;;
810510;unknown;control;2023-12-24 23:00:00+00:00;0.084;;
810510;unknown;control;2023-12-24 23:15:00+00:00;0.087;;
810510;unknown;control;2023-12-24 23:30:00+00:00;0.463;;
810510;unknown;control;2023-12-24 23:45:00+00:00;0.145;;
810510;unknown;control;2023-12-25 00:00:00+00:00;0.16;;
810510;unknown;control;2023-12-25 00:15:00+00:00;0.467;;
810510;unknown;control;2023-12-25 00:30:00+00:00;0.304;;
810510;unknown;control;2023-12-25 00:45:00+00:00;0.13;;
810510;unknown;control;2023-12-25 01:00:00+00:00;0.376;;
810510;unknown;control;2023-12-25 01:15:00+00:00;0.32;;
810510;unknown;control;2023-12-25 01:30:00+00:00;0.092;;
810510;unknown;control;2023-12-25 01:45:00+00:00;0.225;;
810510;unknown;control;2023-12-25 02:00:00+00:00;0.44;;
810510;unknown;control;2023-12-25 02:15:00+00:00;0.095;;
810510;unknown;control;2023-12-25 02:30:00+00:00;0.121;;
810510;unknown;control;2023-12-25 02:45:00+00:00;0.518;;
810510;unknown;control;2023-12-25 03:00:00+00:00;0.102;;
810510;unknown;control;2023-12-25 03:15:00+00:00;0.082;;
810510;unknown;control;2023-12-25 03:30:00+00:00;0.552;;
810510;unknown;control;2023-12-25 03:45:00+00:00;0.082;;
810510;unknown;control;2023-12-25 04:00:00+00:00;0.091;;
810510;unknown;control;2023-12-25 04:15:00+00:00;0.512;;
810510;unknown;control;2023-12-25 04:30:00+00:00;0.143;;
810510;unknown;control;2023-12-25 04:45:00+00:00;0.077;;
810510;unknown;control;2023-12-25 05:00:00+00:00;0.439;;
810510;unknown;control;2023-12-25 05:15:00+00:00;0.182;;
810510;unknown;control;2023-12-25 05:30:00+00:00;0.076;;
810510;unknown;control;2023-12-25 05:45:00+00:00;0.43;;
810510;unknown;control;2023-12-25 06:00:00+00:00;0.205;;
810510;unknown;control;2023-12-25 06:15:00+00:00;0.081;;
810510;unknown;control;2023-12-25 06:30:00+00:00;0.519;;
810510;unknown;control;2023-12-25 06:45:00+00:00;0.495;;
810510;unknown;control;2023-12-25 07:00:00+00:00;0.074;;
810510;unknown;control;2023-12-25 07:15:00+00:00;0.278;;
810510;unknown;control;2023-12-25 07:30:00+00:00;0.446;;
810510;unknown;control;2023-12-25 07:45:00+00:00;0.056;;
810510;unknown;control;2023-12-25 08:00:00+00:00;0.104;;
810510;unknown;control;2023-12-25 08:15:00+00:00;0.421;;
810510;unknown;control;2023-12-25 08:30:00+00:00;0.0;;
810510;unknown;control;2023-12-25 08:45:00+00:00;0.003;;
810510;unknown;control;2023-12-25 09:00:00+00:00;0.435;;
810510;unknown;control;2023-12-25 09:15:00+00:00;0.0;;
810510;unknown;control;2023-12-25 09:30:00+00:00;0.01;;
810510;unknown;control;2023-12-25 09:45:00+00:00;0.248;;
810510;unknown;control;2023-12-25 10:00:00+00:00;0.019;;
810510;unknown;control;2023-12-25 10:15:00+00:00;0.0;;
810510;unknown;control;2023-12-25 10:30:00+00:00;0.201;;
810510;unknown;control;2023-12-25 10:45:00+00:00;0.404;;
810510;unknown;control;2023-12-25 11:00:00+00:00;0.107;;
810510;unknown;control;2023-12-25 11:15:00+00:00;0.0;;
810510;unknown;control;2023-12-25 11:30:00+00:00;0.0;;
810510;unknown;control;2023-12-25 11:45:00+00:00;0.0;;
810510;unknown;control;2023-12-25 12:00:00+00:00;0.0;;
810510;unknown;control;2023-12-25 12:15:00+00:00;0.0;;
810510;unknown;control;2023-12-25 12:30:00+00:00;0.0;;
810510;unknown;control;2023-12-25 12:45:00+00:00;0.0;;
810510;unknown;control;2023-12-25 13:00:00+00:00;0.0;;
810510;unknown;control;2023-12-25 13:15:00+00:00;0.051;;
810510;unknown;control;2023-12-25 13:30:00+00:00;0.015;;
810510;unknown;control;2023-12-25 13:45:00+00:00;0.0;;
810510;unknown;control;2023-12-25 14:00:00+00:00;0.0;;
810510;unknown;control;2023-12-25 14:15:00+00:00;0.302;;
810510;unknown;control;2023-12-25 14:30:00+00:00;0.001;;
810510;unknown;control;2023-12-25 14:45:00+00:00;0.0;;
810510;unknown;control;2023-12-25 15:00:00+00:00;0.106;;
810510;unknown;control;2023-12-25 15:15:00+00:00;0.202;;
810510;unknown;control;2023-12-25 15:30:00+00:00;0.011;;
810510;unknown;control;2023-12-25 15:45:00+00:00;0.015;;
810510;unknown;control;2023-12-25 16:00:00+00:00;0.467;;
810510;unknown;control;2023-12-25 16:15:00+00:00;0.02;;
810510;unknown;control;2023-12-25 16:30:00+00:00;0.137;;
810510;unknown;control;2023-12-25 16:45:00+00:00;0.905;;
810510;unknown;control;2023-12-25 17:00:00+00:00;0.442;;
810510;unknown;control;2023-12-25 17:15:00+00:00;0.308;;
810510;unknown;control;2023-12-25 17:30:00+00:00;0.986;;
810510;unknown;control;2023-12-25 17:45:00+00:00;0.896;;
810510;unknown;control;2023-12-25 18:00:00+00:00;0.775;;
810510;unknown;control;2023-12-25 18:15:00+00:00;1.037;;
810510;unknown;control;2023-12-25 18:30:00+00:00;1.132;;
810510;unknown;control;2023-12-25 18:45:00+00:00;0.842;;
810510;unknown;control;2023-12-25 19:00:00+00:00;0.439;;
810510;unknown;control;2023-12-25 19:15:00+00:00;0.879;;
810510;unknown;control;2023-12-25 19:30:00+00:00;0.54;;
810510;unknown;control;2023-12-25 19:45:00+00:00;0.101;;
810510;unknown;control;2023-12-25 20:00:00+00:00;0.186;;
810510;unknown;control;2023-12-25 20:15:00+00:00;0.63;;
810510;unknown;control;2023-12-25 20:30:00+00:00;0.116;;
810510;unknown;control;2023-12-25 20:45:00+00:00;0.541;;
810510;unknown;control;2023-12-25 21:00:00+00:00;0.905;;
810510;unknown;control;2023-12-25 21:15:00+00:00;0.655;;
810510;unknown;control;2023-12-25 21:30:00+00:00;0.238;;
810510;unknown;control;2023-12-25 21:45:00+00:00;0.434;;
810510;unknown;control;2023-12-25 22:00:00+00:00;0.617;;
810510;unknown;control;2023-12-25 22:15:00+00:00;0.149;;
810510;unknown;control;2023-12-25 22:30:00+00:00;0.25;;
810510;unknown;control;2023-12-25 22:45:00+00:00;0.651;;
810510;unknown;control;2023-12-25 23:00:00+00:00;0.115;;
810510;unknown;control;2023-12-25 23:15:00+00:00;0.119;;
810510;unknown;control;2023-12-25 23:30:00+00:00;0.566;;
810510;unknown;control;2023-12-25 23:45:00+00:00;0.359;;
810510;unknown;control;2023-12-26 00:00:00+00:00;0.097;;
810510;unknown;control;2023-12-26 00:15:00+00:00;0.336;;
810510;unknown;control;2023-12-26 00:30:00+00:00;0.608;;
810510;unknown;control;2023-12-26 00:45:00+00:00;0.096;;
810510;unknown;control;2023-12-26 01:00:00+00:00;0.086;;
810510;unknown;control;2023-12-26 01:15:00+00:00;0.761;;
810510;unknown;control;2023-12-26 01:30:00+00:00;0.318;;
810510;unknown;control;2023-12-26 01:45:00+00:00;0.099;;
810510;unknown;control;2023-12-26 02:00:00+00:00;0.399;;
810510;unknown;control;2023-12-26 02:15:00+00:00;0.65;;
810510;unknown;control;2023-12-26 02:30:00+00:00;0.111;;
810510;unknown;control;2023-12-26 02:45:00+00:00;0.085;;
810510;unknown;control;2023-12-26 03:00:00+00:00;0.541;;
810510;unknown;control;2023-12-26 03:15:00+00:00;0.429;;
810510;unknown;control;2023-12-26 03:30:00+00:00;0.075;;
810510;unknown;control;2023-12-26 03:45:00+00:00;0.205;;
810510;unknown;control;2023-12-26 04:00:00+00:00;0.627;;
810510;unknown;control;2023-12-26 04:15:00+00:00;0.154;;
810510;unknown;control;2023-12-26 04:30:00+00:00;0.086;;
810510;unknown;control;2023-12-26 04:45:00+00:00;0.453;;
810510;unknown;control;2023-12-26 05:00:00+00:00;0.442;;
810510;unknown;control;2023-12-26 05:15:00+00:00;0.071;;
810510;unknown;control;2023-12-26 05:30:00+00:00;0.205;;
810510;unknown;control;2023-12-26 05:45:00+00:00;0.631;;
810510;unknown;control;2023-12-26 06:00:00+00:00;0.141;;
810510;unknown;control;2023-12-26 06:15:00+00:00;0.078;;
810510;unknown;control;2023-12-26 06:30:00+00:00;0.475;;
810510;unknown;control;2023-12-26 06:45:00+00:00;0.404;;
810510;unknown;control;2023-12-26 07:00:00+00:00;0.078;;
810510;unknown;control;2023-12-26 07:15:00+00:00;0.256;;
810510;unknown;control;2023-12-26 07:30:00+00:00;0.654;;
810510;unknown;control;2023-12-26 07:45:00+00:00;0.177;;
810510;unknown;control;2023-12-26 08:00:00+00:00;0.185;;
810510;unknown;control;2023-12-26 08:15:00+00:00;0.513;;
810510;unknown;control;2023-12-26 08:30:00+00:00;0.237;;
810510;unknown;control;2023-12-26 08:45:00+00:00;0.045;;
810510;unknown;control;2023-12-26 09:00:00+00:00;0.227;;
810510;unknown;control;2023-12-26 09:15:00+00:00;0.372;;
810510;unknown;control;2023-12-26 09:30:00+00:00;0.001;;
810510;unknown;control;2023-12-26 09:45:00+00:00;0.049;;
810510;unknown;control;2023-12-26 10:00:00+00:00;0.476;;
810510;unknown;control;2023-12-26 10:15:00+00:00;0.036;;
810510;unknown;control;2023-12-26 10:30:00+00:00;0.0;;
810510;unknown;control;2023-12-26 10:45:00+00:00;0.366;;
810510;unknown;control;2023-12-26 11:00:00+00:00;0.151;;
810510;unknown;control;2023-12-26 11:15:00+00:00;0.0;;
810510;unknown;control;2023-12-26 11:30:00+00:00;0.075;;
810510;unknown;control;2023-12-26 11:45:00+00:00;0.054;;
810510;unknown;control;2023-12-26 12:00:00+00:00;0.0;;
810510;unknown;control;2023-12-26 12:15:00+00:00;0.057;;
810510;unknown;control;2023-12-26 12:30:00+00:00;0.032;;
810510;unknown;control;2023-12-26 12:45:00+00:00;0.0;;
810510;unknown;control;2023-12-26 13:00:00+00:00;0.001;;
810510;unknown;control;2023-12-26 13:15:00+00:00;0.056;;
810510;unknown;control;2023-12-26 13:30:00+00:00;0.001;;
810510;unknown;control;2023-12-26 13:45:00+00:00;0.089;;
810510;unknown;control;2023-12-26 14:00:00+00:00;0.565;;
810510;unknown;control;2023-12-26 14:15:00+00:00;0.0;;
810510;unknown;control;2023-12-26 14:30:00+00:00;0.005;;
810510;unknown;control;2023-12-26 14:45:00+00:00;0.345;;
810510;unknown;control;2023-12-26 15:00:00+00:00;0.026;;
810510;unknown;control;2023-12-26 15:15:00+00:00;0.003;;
810510;unknown;control;2023-12-26 15:30:00+00:00;0.412;;
810510;unknown;control;2023-12-26 15:45:00+00:00;0.059;;
810510;unknown;control;2023-12-26 16:00:00+00:00;0.027;;
810510;unknown;control;2023-12-26 16:15:00+00:00;0.523;;
810510;unknown;control;2023-12-26 16:30:00+00:00;0.206;;
810510;unknown;control;2023-12-26 16:45:00+00:00;0.117;;
810510;unknown;control;2023-12-26 17:00:00+00:00;0.479;;
810510;unknown;control;2023-12-26 17:15:00+00:00;0.269;;
810510;unknown;control;2023-12-26 17:30:00+00:00;0.095;;
810510;unknown;control;2023-12-26 17:45:00+00:00;0.421;;
810510;unknown;control;2023-12-26 18:00:00+00:00;0.343;;
810510;unknown;control;2023-12-26 18:15:00+00:00;0.14;;
810510;unknown;control;2023-12-26 18:30:00+00:00;0.352;;
810510;unknown;control;2023-12-26 18:45:00+00:00;0.669;;
810510;unknown;control;2023-12-26 19:00:00+00:00;0.655;;
810510;unknown;control;2023-12-26 19:15:00+00:00;0.392;;
810510;unknown;control;2023-12-26 19:30:00+00:00;0.809;;
810510;unknown;control;2023-12-26 19:45:00+00:00;0.385;;
810510;unknown;control;2023-12-26 20:00:00+00:00;0.121;;
810510;unknown;control;2023-12-26 20:15:00+00:00;0.393;;
810510;unknown;control;2023-12-26 20:30:00+00:00;0.611;;
810510;unknown;control;2023-12-26 20:45:00+00:00;0.343;;
810510;unknown;control;2023-12-26 21:00:00+00:00;0.398;;
810510;unknown;control;2023-12-26 21:15:00+00:00;0.945;;
810510;unknown;control;2023-12-26 21:30:00+00:00;0.481;;
810510;unknown;control;2023-12-26 21:45:00+00:00;0.123;;
810510;unknown;control;2023-12-26 22:00:00+00:00;0.405;;
810510;unknown;control;2023-12-26 22:15:00+00:00;0.594;;
810510;unknown;control;2023-12-26 22:30:00+00:00;0.116;;
810510;unknown;control;2023-12-26 22:45:00+00:00;0.15;;
810510;unknown;control;2023-12-26 23:00:00+00:00;0.653;;
810510;unknown;control;2023-12-26 23:15:00+00:00;0.341;;
810510;unknown;control;2023-12-26 23:30:00+00:00;0.112;;
810510;unknown;control;2023-12-26 23:45:00+00:00;0.38;;
810510;unknown;control;2023-12-27 00:00:00+00:00;0.631;;
810510;unknown;control;2023-12-27 00:15:00+00:00;0.108;;
810510;unknown;control;2023-12-27 00:30:00+00:00;0.106;;
810510;unknown;control;2023-12-27 00:45:00+00:00;0.603;;
810510;unknown;control;2023-12-27 01:00:00+00:00;0.38;;
810510;unknown;control;2023-12-27 01:15:00+00:00;0.085;;
810510;unknown;control;2023-12-27 01:30:00+00:00;0.315;;
810510;unknown;control;2023-12-27 01:45:00+00:00;0.658;;
810510;unknown;control;2023-12-27 02:00:00+00:00;0.144;;
810510;unknown;control;2023-12-27 02:15:00+00:00;0.088;;
810510;unknown;control;2023-12-27 02:30:00+00:00;0.527;;
810510;unknown;control;2023-12-27 02:45:00+00:00;0.49;;
810510;unknown;control;2023-12-27 03:00:00+00:00;0.101;;
810510;unknown;control;2023-12-27 03:15:00+00:00;0.202;;
810510;unknown;control;2023-12-27 03:30:00+00:00;0.623;;
810510;unknown;control;2023-12-27 03:45:00+00:00;0.3;;
810510;unknown;control;2023-12-27 04:00:00+00:00;0.123;;
810510;unknown;control;2023-12-27 04:15:00+00:00;0.429;;
810510;unknown;control;2023-12-27 04:30:00+00:00;0.636;;
810510;unknown;control;2023-12-27 04:45:00+00:00;0.095;;
810510;unknown;control;2023-12-27 05:00:00+00:00;0.088;;
810510;unknown;control;2023-12-27 05:15:00+00:00;0.594;;
810510;unknown;control;2023-12-27 05:30:00+00:00;0.457;;
810510;unknown;control;2023-12-27 05:45:00+00:00;0.095;;
810510;unknown;control;2023-12-27 06:00:00+00:00;0.238;;
810510;unknown;control;2023-12-27 06:15:00+00:00;0.646;;
810510;unknown;control;2023-12-27 06:30:00+00:00;0.272;;
810510;unknown;control;2023-12-27 06:45:00+00:00;0.094;;
810510;unknown;control;2023-12-27 07:00:00+00:00;0.434;;
810510;unknown;control;2023-12-27 07:15:00+00:00;0.685;;
810510;unknown;control;2023-12-27 07:30:00+00:00;0.111;;
810510;unknown;control;2023-12-27 07:45:00+00:00;0.078;;
810510;unknown;control;2023-12-27 08:00:00+00:00;0.514;;
810510;unknown;control;2023-12-27 08:15:00+00:00;0.414;;
810510;unknown;control;2023-12-27 08:30:00+00:00;0.001;;
810510;unknown;control;2023-12-27 08:45:00+00:00;0.464;;
810510;unknown;control;2023-12-27 09:00:00+00:00;0.48;;
810510;unknown;control;2023-12-27 09:15:00+00:00;0.116;;
810510;unknown;control;2023-12-27 09:30:00+00:00;0.001;;
810510;unknown;control;2023-12-27 09:45:00+00:00;0.259;;
810510;unknown;control;2023-12-27 10:00:00+00:00;0.508;;
810510;unknown;control;2023-12-27 10:15:00+00:00;0.266;;
810510;unknown;control;2023-12-27 10:30:00+00:00;0.051;;
810510;unknown;control;2023-12-27 10:45:00+00:00;0.0;;
810510;unknown;control;2023-12-27 11:00:00+00:00;0.011;;
810510;unknown;control;2023-12-27 11:15:00+00:00;0.056;;
810510;unknown;control;2023-12-27 11:30:00+00:00;0.0;;
810510;unknown;control;2023-12-27 11:45:00+00:00;0.01;;
810510;unknown;control;2023-12-27 12:00:00+00:00;1.02;;
810510;unknown;control;2023-12-27 12:15:00+00:00;0.399;;
810510;unknown;control;2023-12-27 12:30:00+00:00;0.146;;
810510;unknown;control;2023-12-27 12:45:00+00:00;0.204;;
810510;unknown;control;2023-12-27 13:00:00+00:00;0.0;;
810510;unknown;control;2023-12-27 13:15:00+00:00;0.0;;
810510;unknown;control;2023-12-27 13:30:00+00:00;0.137;;
810510;unknown;control;2023-12-27 13:45:00+00:00;0.054;;
810510;unknown;control;2023-12-27 14:00:00+00:00;0.0;;
810510;unknown;control;2023-12-27 14:15:00+00:00;0.227;;
810510;unknown;control;2023-12-27 14:30:00+00:00;0.113;;
810510;unknown;control;2023-12-27 14:45:00+00:00;0.427;;
810510;unknown;control;2023-12-27 15:00:00+00:00;1.019;;
810510;unknown;control;2023-12-27 15:15:00+00:00;0.865;;
810510;unknown;control;2023-12-27 15:30:00+00:00;0.231;;
810510;unknown;control;2023-12-27 15:45:00+00:00;0.395;;
810510;unknown;control;2023-12-27 16:00:00+00:00;0.347;;
810510;unknown;control;2023-12-27 16:15:00+00:00;0.128;;
810510;unknown;control;2023-12-27 16:30:00+00:00;0.367;;
810510;unknown;control;2023-12-27 16:45:00+00:00;0.353;;
810510;unknown;control;2023-12-27 17:00:00+00:00;0.075;;
810510;unknown;control;2023-12-27 17:15:00+00:00;0.278;;
810510;unknown;control;2023-12-27 17:30:00+00:00;0.437;;
810510;unknown;control;2023-12-27 17:45:00+00:00;0.073;;
810510;unknown;control;2023-12-27 18:00:00+00:00;0.218;;
810510;unknown;control;2023-12-27 18:15:00+00:00;0.511;;
810510;unknown;control;2023-12-27 18:30:00+00:00;0.081;;
810510;unknown;control;2023-12-27 18:45:00+00:00;0.129;;
810510;unknown;control;2023-12-27 19:00:00+00:00;0.626;;
810510;unknown;control;2023-12-27 19:15:00+00:00;0.1;;
810510;unknown;control;2023-12-27 19:30:00+00:00;0.075;;
810510;unknown;control;2023-12-27 19:45:00+00:00;0.533;;
810510;unknown;control;2023-12-27 20:00:00+00:00;0.267;;
810510;unknown;control;2023-12-27 20:15:00+00:00;0.084;;
810510;unknown;control;2023-12-27 20:30:00+00:00;0.369;;
810510;unknown;control;2023-12-27 20:45:00+00:00;0.45;;
810510;unknown;control;2023-12-27 21:00:00+00:00;0.069;;
810510;unknown;control;2023-12-27 21:15:00+00:00;0.232;;
810510;unknown;control;2023-12-27 21:30:00+00:00;0.64;;
810510;unknown;control;2023-12-27 21:45:00+00:00;0.118;;
810510;unknown;control;2023-12-27 22:00:00+00:00;0.1;;
810510;unknown;control;2023-12-27 22:15:00+00:00;0.566;;
810510;unknown;control;2023-12-27 22:30:00+00:00;0.368;;
810510;unknown;control;2023-12-27 22:45:00+00:00;0.092;;
810510;unknown;control;2023-12-27 23:00:00+00:00;0.333;;
810510;unknown;control;2023-12-27 23:15:00+00:00;0.576;;
810510;unknown;control;2023-12-27 23:30:00+00:00;0.097;;
810510;unknown;control;2023-12-27 23:45:00+00:00;0.102;;
810510;unknown;control;2023-12-28 00:00:00+00:00;0.641;;
810510;unknown;control;2023-12-28 00:15:00+00:00;0.226;;
810510;unknown;control;2023-12-28 00:30:00+00:00;0.077;;
810510;unknown;control;2023-12-28 00:45:00+00:00;0.405;;
810510;unknown;control;2023-12-28 01:00:00+00:00;0.459;;
810510;unknown;control;2023-12-28 01:15:00+00:00;0.076;;
810510;unknown;control;2023-12-28 01:30:00+00:00;0.227;;
810510;unknown;control;2023-12-28 01:45:00+00:00;0.701;;
810510;unknown;control;2023-12-28 02:00:00+00:00;0.073;;
810510;unknown;control;2023-12-28 02:15:00+00:00;0.147;;
810510;unknown;control;2023-12-28 02:30:00+00:00;0.605;;
810510;unknown;control;2023-12-28 02:45:00+00:00;0.322;;
810510;unknown;control;2023-12-28 03:00:00+00:00;0.07;;
810510;unknown;control;2023-12-28 03:15:00+00:00;0.328;;
810510;unknown;control;2023-12-28 03:30:00+00:00;0.604;;
810510;unknown;control;2023-12-28 03:45:00+00:00;0.075;;
810510;unknown;control;2023-12-28 04:00:00+00:00;0.078;;
810510;unknown;control;2023-12-28 04:15:00+00:00;0.59;;
810510;unknown;control;2023-12-28 04:30:00+00:00;0.309;;
810510;unknown;control;2023-12-28 04:45:00+00:00;0.075;;
810510;unknown;control;2023-12-28 05:00:00+00:00;0.337;;
810510;unknown;control;2023-12-28 05:15:00+00:00;0.548;;
810510;unknown;control;2023-12-28 05:30:00+00:00;0.08;;
810510;unknown;control;2023-12-28 05:45:00+00:00;0.098;;
810510;unknown;control;2023-12-28 06:00:00+00:00;0.636;;
810510;unknown;control;2023-12-28 06:15:00+00:00;0.276;;
810510;unknown;control;2023-12-28 06:30:00+00:00;0.085;;
810510;unknown;control;2023-12-28 06:45:00+00:00;0.385;;
810510;unknown;control;2023-12-28 07:00:00+00:00;0.604;;
810510;unknown;control;2023-12-28 07:15:00+00:00;0.101;;
810510;unknown;control;2023-12-28 07:30:00+00:00;0.063;;
810510;unknown;control;2023-12-28 07:45:00+00:00;0.588;;
810510;unknown;control;2023-12-28 08:00:00+00:00;0.234;;
810510;unknown;control;2023-12-28 08:15:00+00:00;0.035;;
810510;unknown;control;2023-12-28 08:30:00+00:00;0.284;;
810510;unknown;control;2023-12-28 08:45:00+00:00;0.476;;
810510;unknown;control;2023-12-28 09:00:00+00:00;0.001;;
810510;unknown;control;2023-12-28 09:15:00+00:00;0.036;;
810510;unknown;control;2023-12-28 09:30:00+00:00;0.549;;
810510;unknown;control;2023-12-28 09:45:00+00:00;0.169;;
810510;unknown;control;2023-12-28 10:00:00+00:00;0.003;;
810510;unknown;control;2023-12-28 10:15:00+00:00;0.337;;
810510;unknown;control;2023-12-28 10:30:00+00:00;0.293;;
810510;unknown;control;2023-12-28 10:45:00+00:00;0.0;;
810510;unknown;control;2023-12-28 11:00:00+00:00;0.148;;
810510;unknown;control;2023-12-28 11:15:00+00:00;0.422;;
810510;unknown;control;2023-12-28 11:30:00+00:00;0.0;;
810510;unknown;control;2023-12-28 11:45:00+00:00;0.004;;
810510;unknown;control;2023-12-28 12:00:00+00:00;0.476;;
810510;unknown;control;2023-12-28 12:15:00+00:00;0.041;;
810510;unknown;control;2023-12-28 12:30:00+00:00;0.02;;
810510;unknown;control;2023-12-28 12:45:00+00:00;0.421;;
810510;unknown;control;2023-12-28 13:00:00+00:00;0.138;;
810510;unknown;control;2023-12-28 13:15:00+00:00;0.027;;
810510;unknown;control;2023-12-28 13:30:00+00:00;0.374;;
810510;unknown;control;2023-12-28 13:45:00+00:00;0.263;;
810510;unknown;control;2023-12-28 14:00:00+00:00;0.039;;
810510;unknown;control;2023-12-28 14:15:00+00:00;0.331;;
810510;unknown;control;2023-12-28 14:30:00+00:00;0.319;;
810510;unknown;control;2023-12-28 14:45:00+00:00;0.072;;
810510;unknown;control;2023-12-28 15:00:00+00:00;0.306;;
810510;unknown;control;2023-12-28 15:15:00+00:00;0.388;;
810510;unknown;control;2023-12-28 15:30:00+00:00;0.101;;
810510;unknown;control;2023-12-28 15:45:00+00:00;0.279;;
810510;unknown;control;2023-12-28 16:00:00+00:00;0.459;;
810510;unknown;control;2023-12-28 16:15:00+00:00;0.106;;
810510;unknown;control;2023-12-28 16:30:00+00:00;0.267;;
810510;unknown;control;2023-12-28 16:45:00+00:00;0.489;;
810510;unknown;control;2023-12-28 17:00:00+00:00;0.079;;
810510;unknown;control;2023-12-28 17:15:00+00:00;0.171;;
810510;unknown;control;2023-12-28 17:30:00+00:00;0.502;;
810510;unknown;control;2023-12-28 17:45:00+00:00;0.075;;
810510;unknown;control;2023-12-28 18:00:00+00:00;0.14;;
810510;unknown;control;2023-12-28 18:15:00+00:00;0.55;;
810510;unknown;control;2023-12-28 18:30:00+00:00;0.072;;
810510;unknown;control;2023-12-28 18:45:00+00:00;0.092;;
810510;unknown;control;2023-12-28 19:00:00+00:00;0.814;;
810510;unknown;control;2023-12-28 19:15:00+00:00;0.09;;
810510;unknown;control;2023-12-28 19:30:00+00:00;0.071;;
810510;unknown;control;2023-12-28 19:45:00+00:00;0.574;;
810510;unknown;control;2023-12-28 20:00:00+00:00;0.17;;
810510;unknown;control;2023-12-28 20:15:00+00:00;0.084;;
810510;unknown;control;2023-12-28 20:30:00+00:00;0.464;;
810510;unknown;control;2023-12-28 20:45:00+00:00;0.242;;
810510;unknown;control;2023-12-28 21:00:00+00:00;0.086;;
810510;unknown;control;2023-12-28 21:15:00+00:00;0.39;;
810510;unknown;control;2023-12-28 21:30:00+00:00;0.334;;
810510;unknown;control;2023-12-28 21:45:00+00:00;0.086;;
810510;unknown;control;2023-12-28 22:00:00+00:00;0.356;;
810510;unknown;control;2023-12-28 22:15:00+00:00;0.402;;
810510;unknown;control;2023-12-28 22:30:00+00:00;0.102;;
810510;unknown;control;2023-12-28 22:45:00+00:00;0.275;;
810510;unknown;control;2023-12-28 23:00:00+00:00;0.484;;
810510;unknown;control;2023-12-28 23:15:00+00:00;0.086;;
810510;unknown;control;2023-12-28 23:30:00+00:00;0.183;;
810510;unknown;control;2023-12-28 23:45:00+00:00;0.561;;
810510;unknown;control;2023-12-29 00:00:00+00:00;0.095;;
810510;unknown;control;2023-12-29 00:15:00+00:00;0.102;;
810510;unknown;control;2023-12-29 00:30:00+00:00;0.588;;
810510;unknown;control;2023-12-29 00:45:00+00:00;0.075;;
810510;unknown;control;2023-12-29 01:00:00+00:00;0.065;;
810510;unknown;control;2023-12-29 01:15:00+00:00;0.582;;
810510;unknown;control;2023-12-29 01:30:00+00:00;0.108;;
810510;unknown;control;2023-12-29 01:45:00+00:00;0.076;;
810510;unknown;control;2023-12-29 02:00:00+00:00;0.511;;
810510;unknown;control;2023-12-29 02:15:00+00:00;0.158;;
810510;unknown;control;2023-12-29 02:30:00+00:00;0.082;;
810510;unknown;control;2023-12-29 02:45:00+00:00;0.463;;
810510;unknown;control;2023-12-29 03:00:00+00:00;0.207;;
810510;unknown;control;2023-12-29 03:15:00+00:00;0.067;;
810510;unknown;control;2023-12-29 03:30:00+00:00;0.422;;
810510;unknown;control;2023-12-29 03:45:00+00:00;0.251;;
810510;unknown;control;2023-12-29 04:00:00+00:00;0.079;;
810510;unknown;control;2023-12-29 04:15:00+00:00;0.365;;
810510;unknown;control;2023-12-29 04:30:00+00:00;0.281;;
810510;unknown;control;2023-12-29 04:45:00+00:00;0.07;;
810510;unknown;control;2023-12-29 05:00:00+00:00;0.353;;
810510;unknown;control;2023-12-29 05:15:00+00:00;0.308;;
810510;unknown;control;2023-12-29 05:30:00+00:00;0.071;;
810510;unknown;control;2023-12-29 05:45:00+00:00;0.313;;
810510;unknown;control;2023-12-29 06:00:00+00:00;0.343;;
810510;unknown;control;2023-12-29 06:15:00+00:00;0.091;;
810510;unknown;control;2023-12-29 06:30:00+00:00;0.276;;
810510;unknown;control;2023-12-29 06:45:00+00:00;0.388;;
810510;unknown;control;2023-12-29 07:00:00+00:00;0.068;;
810510;unknown;control;2023-12-29 07:15:00+00:00;0.264;;
810510;unknown;control;2023-12-29 07:30:00+00:00;0.453;;
810510;unknown;control;2023-12-29 07:45:00+00:00;0.124;;
810510;unknown;control;2023-12-29 08:00:00+00:00;0.272;;
810510;unknown;control;2023-12-29 08:15:00+00:00;0.494;;
810510;unknown;control;2023-12-29 08:30:00+00:00;0.14;;
810510;unknown;control;2023-12-29 08:45:00+00:00;0.371;;
810510;unknown;control;2023-12-29 09:00:00+00:00;0.656;;
810510;unknown;control;2023-12-29 09:15:00+00:00;0.132;;
810510;unknown;control;2023-12-29 09:30:00+00:00;0.178;;
810510;unknown;control;2023-12-29 09:45:00+00:00;0.448;;
810510;unknown;control;2023-12-29 10:00:00+00:00;0.035;;
810510;unknown;control;2023-12-29 10:15:00+00:00;0.003;;
810510;unknown;control;2023-12-29 10:30:00+00:00;0.421;;
810510;unknown;control;2023-12-29 10:45:00+00:00;0.001;;
810510;unknown;control;2023-12-29 11:00:00+00:00;0.0;;
810510;unknown;control;2023-12-29 11:15:00+00:00;0.389;;
810510;unknown;control;2023-12-29 11:30:00+00:00;0.422;;
810510;unknown;control;2023-12-29 11:45:00+00:00;0.011;;
810510;unknown;control;2023-12-29 12:00:00+00:00;0.1;;
810510;unknown;control;2023-12-29 12:15:00+00:00;0.239;;
810510;unknown;control;2023-12-29 12:30:00+00:00;0.0;;
810510;unknown;control;2023-12-29 12:45:00+00:00;0.0;;
810510;unknown;control;2023-12-29 13:00:00+00:00;0.106;;
810510;unknown;control;2023-12-29 13:15:00+00:00;0.01;;
810510;unknown;control;2023-12-29 13:30:00+00:00;0.0;;
810510;unknown;control;2023-12-29 13:45:00+00:00;0.0;;
810510;unknown;control;2023-12-29 14:00:00+00:00;0.283;;
810510;unknown;control;2023-12-29 14:15:00+00:00;0.0;;
810510;unknown;control;2023-12-29 14:30:00+00:00;0.003;;
810510;unknown;control;2023-12-29 14:45:00+00:00;0.01;;
810510;unknown;control;2023-12-29 15:00:00+00:00;0.349;;
810510;unknown;control;2023-12-29 15:15:00+00:00;0.004;;
810510;unknown;control;2023-12-29 15:30:00+00:00;0.003;;
810510;unknown;control;2023-12-29 15:45:00+00:00;0.193;;
810510;unknown;control;2023-12-29 16:00:00+00:00;0.506;;
810510;unknown;control;2023-12-29 16:15:00+00:00;0.141;;
810510;unknown;control;2023-12-29 16:30:00+00:00;0.15;;
810510;unknown;control;2023-12-29 16:45:00+00:00;0.233;;
810510;unknown;control;2023-12-29 17:00:00+00:00;0.443;;
810510;unknown;control;2023-12-29 17:15:00+00:00;0.132;;
810510;unknown;control;2023-12-29 17:30:00+00:00;0.105;;
810510;unknown;control;2023-12-29 17:45:00+00:00;0.313;;
810510;unknown;control;2023-12-29 18:00:00+00:00;0.326;;
810510;unknown;control;2023-12-29 18:15:00+00:00;0.119;;
810510;unknown;control;2023-12-29 18:30:00+00:00;0.112;;
810510;unknown;control;2023-12-29 18:45:00+00:00;0.565;;
810510;unknown;control;2023-12-29 19:00:00+00:00;0.13;;
810510;unknown;control;2023-12-29 19:15:00+00:00;0.105;;
810510;unknown;control;2023-12-29 19:30:00+00:00;0.239;;
810510;unknown;control;2023-12-29 19:45:00+00:00;0.385;;
810510;unknown;control;2023-12-29 20:00:00+00:00;0.108;;
810510;unknown;control;2023-12-29 20:15:00+00:00;0.095;;
810510;unknown;control;2023-12-29 20:30:00+00:00;0.533;;
810510;unknown;control;2023-12-29 20:45:00+00:00;0.106;;
810510;unknown;control;2023-12-29 21:00:00+00:00;0.097;;
810510;unknown;control;2023-12-29 21:15:00+00:00;0.347;;
810510;unknown;control;2023-12-29 21:30:00+00:00;0.293;;
810510;unknown;control;2023-12-29 21:45:00+00:00;0.111;;
810510;unknown;control;2023-12-29 22:00:00+00:00;0.144;;
810510;unknown;control;2023-12-29 22:15:00+00:00;0.504;;
810510;unknown;control;2023-12-29 22:30:00+00:00;0.097;;
810510;unknown;control;2023-12-29 22:45:00+00:00;0.202;;
810510;unknown;control;2023-12-29 23:00:00+00:00;0.641;;
810510;unknown;control;2023-12-29 23:15:00+00:00;0.1;;
810510;unknown;control;2023-12-29 23:30:00+00:00;0.181;;
810510;unknown;control;2023-12-29 23:45:00+00:00;0.463;;
810510;unknown;control;2023-12-30 00:00:00+00:00;0.106;;
810510;unknown;control;2023-12-30 00:15:00+00:00;0.273;;
810510;unknown;control;2023-12-30 00:30:00+00:00;0.215;;
810510;unknown;control;2023-12-30 00:45:00+00:00;0.086;;
810510;unknown;control;2023-12-30 01:00:00+00:00;0.442;;
810510;unknown;control;2023-12-30 01:15:00+00:00;0.179;;
810510;unknown;control;2023-12-30 01:30:00+00:00;0.078;;
810510;unknown;control;2023-12-30 01:45:00+00:00;0.386;;
810510;unknown;control;2023-12-30 02:00:00+00:00;0.217;;
810510;unknown;control;2023-12-30 02:15:00+00:00;0.066;;
810510;unknown;control;2023-12-30 02:30:00+00:00;0.396;;
810510;unknown;control;2023-12-30 02:45:00+00:00;0.224;;
810510;unknown;control;2023-12-30 03:00:00+00:00;0.084;;
810510;unknown;control;2023-12-30 03:15:00+00:00;0.34;;
810510;unknown;control;2023-12-30 03:30:00+00:00;0.058;;
810510;unknown;control;2023-12-30 03:45:00+00:00;0.131;;
810510;unknown;control;2023-12-30 04:00:00+00:00;0.541;;
810510;unknown;control;2023-12-30 04:15:00+00:00;0.088;;
810510;unknown;control;2023-12-30 04:30:00+00:00;0.068;;
810510;unknown;control;2023-12-30 04:45:00+00:00;0.594;;
810510;unknown;control;2023-12-30 05:00:00+00:00;0.065;;
810510;unknown;control;2023-12-30 05:15:00+00:00;0.078;;
810510;unknown;control;2023-12-30 05:30:00+00:00;0.545;;
810510;unknown;control;2023-12-30 05:45:00+00:00;0.135;;
810510;unknown;control;2023-12-30 06:00:00+00:00;0.076;;
810510;unknown;control;2023-12-30 06:15:00+00:00;0.481;;
810510;unknown;control;2023-12-30 06:30:00+00:00;0.22;;
810510;unknown;control;2023-12-30 06:45:00+00:00;0.082;;
810510;unknown;control;2023-12-30 07:00:00+00:00;0.414;;
810510;unknown;control;2023-12-30 07:15:00+00:00;0.301;;
810510;unknown;control;2023-12-30 07:30:00+00:00;0.087;;
810510;unknown;control;2023-12-30 07:45:00+00:00;0.305;;
810510;unknown;control;2023-12-30 08:00:00+00:00;0.403;;
810510;unknown;control;2023-12-30 08:15:00+00:00;0.006;;
810510;unknown;control;2023-12-30 08:30:00+00:00;0.119;;
810510;unknown;control;2023-12-30 08:45:00+00:00;0.4;;
810510;unknown;control;2023-12-30 09:00:00+00:00;0.0;;
810510;unknown;control;2023-12-30 09:15:00+00:00;0.038;;
810510;unknown;control;2023-12-30 09:30:00+00:00;0.379;;
810510;unknown;control;2023-12-30 09:45:00+00:00;0.0;;
810510;unknown;control;2023-12-30 10:00:00+00:00;0.0;;
810510;unknown;control;2023-12-30 10:15:00+00:00;0.157;;
810510;unknown;control;2023-12-30 10:30:00+00:00;0.006;;
810510;unknown;control;2023-12-30 10:45:00+00:00;0.0;;
810510;unknown;control;2023-12-30 11:00:00+00:00;0.055;;
810510;unknown;control;2023-12-30 11:15:00+00:00;0.004;;
810510;unknown;control;2023-12-30 11:30:00+00:00;0.0;;
810510;unknown;control;2023-12-30 11:45:00+00:00;0.051;;
810510;unknown;control;2023-12-30 12:00:00+00:00;0.007;;
810510;unknown;control;2023-12-30 12:15:00+00:00;0.0;;
810510;unknown;control;2023-12-30 12:30:00+00:00;0.029;;
810510;unknown;control;2023-12-30 12:45:00+00:00;0.019;;
810510;unknown;control;2023-12-30 13:00:00+00:00;0.0;;
810510;unknown;control;2023-12-30 13:15:00+00:00;0.0;;
810510;unknown;control;2023-12-30 13:30:00+00:00;0.111;;
810510;unknown;control;2023-12-30 13:45:00+00:00;0.175;;
810510;unknown;control;2023-12-30 14:00:00+00:00;0.189;;
810510;unknown;control;2023-12-30 14:15:00+00:00;0.101;;
810510;unknown;control;2023-12-30 14:30:00+00:00;0.407;;
810510;unknown;control;2023-12-30 14:45:00+00:00;0.437;;
810510;unknown;control;2023-12-30 15:00:00+00:00;0.003;;
810510;unknown;control;2023-12-30 15:15:00+00:00;0.003;;
810510;unknown;control;2023-12-30 15:30:00+00:00;0.38;;
810510;unknown;control;2023-12-30 15:45:00+00:00;0.003;;
810510;unknown;control;2023-12-30 16:00:00+00:00;0.007;;
810510;unknown;control;2023-12-30 16:15:00+00:00;0.258;;
810510;unknown;control;2023-12-30 16:30:00+00:00;0.15;;
810510;unknown;control;2023-12-30 16:45:00+00:00;0.06;;
810510;unknown;control;2023-12-30 17:00:00+00:00;0.336;;
810510;unknown;control;2023-12-30 17:15:00+00:00;0.305;;
810510;unknown;control;2023-12-30 17:30:00+00:00;0.08;;
810510;unknown;control;2023-12-30 17:45:00+00:00;0.35;;
810510;unknown;control;2023-12-30 18:00:00+00:00;0.331;;
810510;unknown;control;2023-12-30 18:15:00+00:00;0.094;;
810510;unknown;control;2023-12-30 18:30:00+00:00;0.311;;
810510;unknown;control;2023-12-30 18:45:00+00:00;0.381;;
810510;unknown;control;2023-12-30 19:00:00+00:00;0.098;;
810510;unknown;control;2023-12-30 19:15:00+00:00;0.275;;
810510;unknown;control;2023-12-30 19:30:00+00:00;0.447;;
810510;unknown;control;2023-12-30 19:45:00+00:00;0.081;;
810510;unknown;control;2023-12-30 20:00:00+00:00;0.218;;
810510;unknown;control;2023-12-30 20:15:00+00:00;0.522;;
810510;unknown;control;2023-12-30 20:30:00+00:00;0.092;;
810510;unknown;control;2023-12-30 20:45:00+00:00;0.146;;
810510;unknown;control;2023-12-30 21:00:00+00:00;0.656;;
810510;unknown;control;2023-12-30 21:15:00+00:00;0.101;;
810510;unknown;control;2023-12-30 21:30:00+00:00;0.102;;
810510;unknown;control;2023-12-30 21:45:00+00:00;0.833;;
810510;unknown;control;2023-12-30 22:00:00+00:00;0.116;;
810510;unknown;control;2023-12-30 22:15:00+00:00;0.081;;
810510;unknown;control;2023-12-30 22:30:00+00:00;0.531;;
810510;unknown;control;2023-12-30 22:45:00+00:00;0.559;;
810510;unknown;control;2023-12-30 23:00:00+00:00;0.083;;
810510;unknown;control;2023-12-30 23:15:00+00:00;0.143;;
810510;unknown;control;2023-12-30 23:30:00+00:00;0.638;;
810510;unknown;control;2023-12-30 23:45:00+00:00;0.134;;
810510;unknown;control;2023-12-31 00:00:00+00:00;0.081;;
810510;unknown;control;2023-12-31 00:15:00+00:00;0.499;;
810510;unknown;control;2023-12-31 00:30:00+00:00;0.339;;
810510;unknown;control;2023-12-31 00:45:00+00:00;0.077;;
810510;unknown;control;2023-12-31 01:00:00+00:00;0.285;;
810510;unknown;control;2023-12-31 01:15:00+00:00;0.575;;
810510;unknown;control;2023-12-31 01:30:00+00:00;0.075;;
810510;unknown;control;2023-12-31 01:45:00+00:00;0.081;;
810510;unknown;control;2023-12-31 02:00:00+00:00;0.664;;
810510;unknown;control;2023-12-31 02:15:00+00:00;0.135;;
810510;unknown;control;2023-12-31 02:30:00+00:00;0.075;;
810510;unknown;control;2023-12-31 02:45:00+00:00;0.479;;
810510;unknown;control;2023-12-31 03:00:00+00:00;0.42;;
810510;unknown;control;2023-12-31 03:15:00+00:00;0.07;;
810510;unknown;control;2023-12-31 03:30:00+00:00;0.219;;
810510;unknown;control;2023-12-31 03:45:00+00:00;0.645;;
810510;unknown;control;2023-12-31 04:00:00+00:00;0.108;;
810510;unknown;control;2023-12-31 04:15:00+00:00;0.08;;
810510;unknown;control;2023-12-31 04:30:00+00:00;0.51;;
810510;unknown;control;2023-12-31 04:45:00+00:00;0.399;;
810510;unknown;control;2023-12-31 05:00:00+00:00;0.079;;
810510;unknown;control;2023-12-31 05:15:00+00:00;0.245;;
810510;unknown;control;2023-12-31 05:30:00+00:00;0.649;;
810510;unknown;control;2023-12-31 05:45:00+00:00;0.103;;
810510;unknown;control;2023-12-31 06:00:00+00:00;0.08;;
810510;unknown;control;2023-12-31 06:15:00+00:00;0.524;;
810510;unknown;control;2023-12-31 06:30:00+00:00;0.42;;
810510;unknown;control;2023-12-31 06:45:00+00:00;0.077;;
810510;unknown;control;2023-12-31 07:00:00+00:00;0.236;;
810510;unknown;control;2023-12-31 07:15:00+00:00;0.649;;
810510;unknown;control;2023-12-31 07:30:00+00:00;0.138;;
810510;unknown;control;2023-12-31 07:45:00+00:00;0.063;;
810510;unknown;control;2023-12-31 08:00:00+00:00;0.466;;
810510;unknown;control;2023-12-31 08:15:00+00:00;0.38;;
810510;unknown;control;2023-12-31 08:30:00+00:00;0.005;;
810510;unknown;control;2023-12-31 08:45:00+00:00;0.132;;
810510;unknown;control;2023-12-31 09:00:00+00:00;0.574;;
810510;unknown;control;2023-12-31 09:15:00+00:00;0.059;;
810510;unknown;control;2023-12-31 09:30:00+00:00;0.0;;
810510;unknown;control;2023-12-31 09:45:00+00:00;0.385;;
810510;unknown;control;2023-12-31 10:00:00+00:00;0.228;;
810510;unknown;control;2023-12-31 10:15:00+00:00;0.24;;
810510;unknown;control;2023-12-31 10:30:00+00:00;0.161;;
810510;unknown;control;2023-12-31 10:45:00+00:00;0.351;;
810510;unknown;control;2023-12-31 11:00:00+00:00;0.001;;
810510;unknown;control;2023-12-31 11:15:00+00:00;0.062;;
810510;unknown;control;2023-12-31 11:30:00+00:00;1.062;;
810510;unknown;control;2023-12-31 11:45:00+00:00;0.383;;
810510;unknown;control;2023-12-31 12:00:00+00:00;0.325;;
810510;unknown;control;2023-12-31 12:15:00+00:00;0.567;;
810510;unknown;control;2023-12-31 12:30:00+00:00;0.068;;
810510;unknown;control;2023-12-31 12:45:00+00:00;0.026;;
810510;unknown;control;2023-12-31 13:00:00+00:00;0.468;;
810510;unknown;control;2023-12-31 13:15:00+00:00;0.15;;
810510;unknown;control;2023-12-31 13:30:00+00:00;0.051;;
810510;unknown;control;2023-12-31 13:45:00+00:00;0.46;;
810510;unknown;control;2023-12-31 14:00:00+00:00;0.236;;
810510;unknown;control;2023-12-31 14:15:00+00:00;0.09;;
810510;unknown;control;2023-12-31 14:30:00+00:00;0.412;;
810510;unknown;control;2023-12-31 14:45:00+00:00;0.29;;
810510;unknown;control;2023-12-31 15:00:00+00:00;0.076;;
810510;unknown;control;2023-12-31 15:15:00+00:00;0.343;;
810510;unknown;control;2023-12-31 15:30:00+00:00;0.375;;
810510;unknown;control;2023-12-31 15:45:00+00:00;0.105;;
810510;unknown;control;2023-12-31 16:00:00+00:00;0.311;;
810510;unknown;control;2023-12-31 16:15:00+00:00;0.449;;
810510;unknown;control;2023-12-31 16:30:00+00:00;0.11;;
810510;unknown;control;2023-12-31 16:45:00+00:00;0.225;;
810510;unknown;control;2023-12-31 17:00:00+00:00;0.528;;
810510;unknown;control;2023-12-31 17:15:00+00:00;0.078;;
810510;unknown;control;2023-12-31 17:30:00+00:00;0.141;;
810510;unknown;control;2023-12-31 17:45:00+00:00;0.591;;
810510;unknown;control;2023-12-31 18:00:00+00:00;0.091;;
810510;unknown;control;2023-12-31 18:15:00+00:00;0.081;;
810510;unknown;control;2023-12-31 18:30:00+00:00;0.606;;
810510;unknown;control;2023-12-31 18:45:00+00:00;0.129;;
810510;unknown;control;2023-12-31 19:00:00+00:00;0.084;;
810510;unknown;control;2023-12-31 19:15:00+00:00;0.522;;
810510;unknown;control;2023-12-31 19:30:00+00:00;0.238;;
810510;unknown;control;2023-12-31 19:45:00+00:00;0.093;;
810510;unknown;control;2023-12-31 20:00:00+00:00;0.421;;
810510;unknown;control;2023-12-31 20:15:00+00:00;0.388;;
810510;unknown;control;2023-12-31 20:30:00+00:00;0.135;;
810510;unknown;control;2023-12-31 20:45:00+00:00;0.382;;
810510;unknown;control;2023-12-31 21:00:00+00:00;0.462;;
810510;unknown;control;2023-12-31 21:15:00+00:00;0.126;;
810510;unknown;control;2023-12-31 21:30:00+00:00;0.275;;
810510;unknown;control;2023-12-31 21:45:00+00:00;0.842;;
810510;unknown;control;2023-12-31 22:00:00+00:00;0.308;;
810510;unknown;control;2023-12-31 22:15:00+00:00;0.14;;
810510;unknown;control;2023-12-31 22:30:00+00:00;0.463;;
810510;unknown;control;2023-12-31 22:45:00+00:00;0.417;;
810510;unknown;control;2023-12-31 23:00:00+00:00;0.127;;
810510;unknown;control;2023-12-31 23:15:00+00:00;0.304;;
810510;unknown;control;2023-12-31 23:30:00+00:00;0.523;;
810510;unknown;control;2023-12-31 23:45:00+00:00;0.121;;
810510;unknown;control;2024-01-01 00:00:00+00:00;0.182;;
810510;unknown;control;2024-01-01 00:15:00+00:00;0.613;;
810510;unknown;control;2024-01-01 00:30:00+00:00;0.112;;
810510;unknown;control;2024-01-01 00:45:00+00:00;0.106;;
810510;unknown;control;2024-01-01 01:00:00+00:00;0.594;;
810510;unknown;control;2024-01-01 01:15:00+00:00;0.182;;
810510;unknown;control;2024-01-01 01:30:00+00:00;0.085;;
810510;unknown;control;2024-01-01 01:45:00+00:00;0.449;;
810510;unknown;control;2024-01-01 02:00:00+00:00;0.339;;
810510;unknown;control;2024-01-01 02:15:00+00:00;0.074;;
810510;unknown;control;2024-01-01 02:30:00+00:00;0.31;;
810510;unknown;control;2024-01-01 02:45:00+00:00;0.502;;
810510;unknown;control;2024-01-01 03:00:00+00:00;0.135;;
810510;unknown;control;2024-01-01 03:15:00+00:00;0.23;;
810510;unknown;control;2024-01-01 03:30:00+00:00;0.677;;
810510;unknown;control;2024-01-01 03:45:00+00:00;0.129;;
810510;unknown;control;2024-01-01 04:00:00+00:00;0.096;;
810510;unknown;control;2024-01-01 04:15:00+00:00;0.616;;
810510;unknown;control;2024-01-01 04:30:00+00:00;0.209;;
810510;unknown;control;2024-01-01 04:45:00+00:00;0.085;;
810510;unknown;control;2024-01-01 05:00:00+00:00;0.434;;
810510;unknown;control;2024-01-01 05:15:00+00:00;0.356;;
810510;unknown;control;2024-01-01 05:30:00+00:00;0.081;;
810510;unknown;control;2024-01-01 05:45:00+00:00;0.321;;
810510;unknown;control;2024-01-01 06:00:00+00:00;0.474;;
810510;unknown;control;2024-01-01 06:15:00+00:00;0.09;;
810510;unknown;control;2024-01-01 06:30:00+00:00;0.173;;
810510;unknown;control;2024-01-01 06:45:00+00:00;0.617;;
810510;unknown;control;2024-01-01 07:00:00+00:00;0.091;;
810510;unknown;control;2024-01-01 07:15:00+00:00;0.09;;
810510;unknown;control;2024-01-01 07:30:00+00:00;0.599;;
810510;unknown;control;2024-01-01 07:45:00+00:00;0.147;;
810510;unknown;control;2024-01-01 08:00:00+00:00;0.059;;
810510;unknown;control;2024-01-01 08:15:00+00:00;0.411;;
810510;unknown;control;2024-01-01 08:30:00+00:00;0.175;;
810510;unknown;control;2024-01-01 08:45:00+00:00;0.013;;
810510;unknown;control;2024-01-01 09:00:00+00:00;0.264;;
810510;unknown;control;2024-01-01 09:15:00+00:00;0.267;;
810510;unknown;control;2024-01-01 09:30:00+00:00;0.0;;
810510;unknown;control;2024-01-01 09:45:00+00:00;0.184;;
810510;unknown;control;2024-01-01 10:00:00+00:00;0.321;;
810510;unknown;control;2024-01-01 10:15:00+00:00;0.0;;
810510;unknown;control;2024-01-01 10:30:00+00:00;0.119;;
810510;unknown;control;2024-01-01 10:45:00+00:00;0.321;;
810510;unknown;control;2024-01-01 11:00:00+00:00;0.0;;
810510;unknown;control;2024-01-01 11:15:00+00:00;0.035;;
810510;unknown;control;2024-01-01 11:30:00+00:00;0.211;;
810510;unknown;control;2024-01-01 11:45:00+00:00;0.0;;
810510;unknown;control;2024-01-01 12:00:00+00:00;0.003;;
810510;unknown;control;2024-01-01 12:15:00+00:00;0.025;;
810510;unknown;control;2024-01-01 12:30:00+00:00;0.0;;
810510;unknown;control;2024-01-01 12:45:00+00:00;0.021;;
810510;unknown;control;2024-01-01 13:00:00+00:00;0.322;;
810510;unknown;control;2024-01-01 13:15:00+00:00;0.001;;
810510;unknown;control;2024-01-01 13:30:00+00:00;0.0;;
810510;unknown;control;2024-01-01 13:45:00+00:00;0.276;;
810510;unknown;control;2024-01-01 14:00:00+00:00;0.0;;
810510;unknown;control;2024-01-01 14:15:00+00:00;0.001;;
810510;unknown;control;2024-01-01 14:30:00+00:00;0.36;;
810510;unknown;control;2024-01-01 14:45:00+00:00;0.002;;
810510;unknown;control;2024-01-01 15:00:00+00:00;0.002;;
810510;unknown;control;2024-01-01 15:15:00+00:00;0.387;;
810510;unknown;control;2024-01-01 15:30:00+00:00;0.06;;
810510;unknown;control;2024-01-01 15:45:00+00:00;0.085;;
810510;unknown;control;2024-01-01 16:00:00+00:00;0.575;;
810510;unknown;control;2024-01-01 16:15:00+00:00;0.083;;
810510;unknown;control;2024-01-01 16:30:00+00:00;0.074;;
810510;unknown;control;2024-01-01 16:45:00+00:00;0.787;;
810510;unknown;control;2024-01-01 17:00:00+00:00;0.103;;
810510;unknown;control;2024-01-01 17:15:00+00:00;0.102;;
810510;unknown;control;2024-01-01 17:30:00+00:00;0.56;;
810510;unknown;control;2024-01-01 17:45:00+00:00;0.278;;
810510;unknown;control;2024-01-01 18:00:00+00:00;0.107;;
810510;unknown;control;2024-01-01 18:15:00+00:00;0.446;;
810510;unknown;control;2024-01-01 18:30:00+00:00;0.365;;
810510;unknown;control;2024-01-01 18:45:00+00:00;0.585;;
810510;unknown;control;2024-01-01 19:00:00+00:00;0.568;;
810510;unknown;control;2024-01-01 19:15:00+00:00;0.728;;
810510;unknown;control;2024-01-01 19:30:00+00:00;0.11;;
810510;unknown;control;2024-01-01 19:45:00+00:00;0.25;;
810510;unknown;control;2024-01-01 20:00:00+00:00;0.565;;
810510;unknown;control;2024-01-01 20:15:00+00:00;0.107;;
810510;unknown;control;2024-01-01 20:30:00+00:00;0.135;;
810510;unknown;control;2024-01-01 20:45:00+00:00;0.644;;
810510;unknown;control;2024-01-01 21:00:00+00:00;0.148;;
810510;unknown;control;2024-01-01 21:15:00+00:00;0.085;;
810510;unknown;control;2024-01-01 21:30:00+00:00;0.536;;
810510;unknown;control;2024-01-01 21:45:00+00:00;0.265;;
810510;unknown;control;2024-01-01 22:00:00+00:00;0.094;;
810510;unknown;control;2024-01-01 22:15:00+00:00;0.411;;
810510;unknown;control;2024-01-01 22:30:00+00:00;0.38;;
810510;unknown;control;2024-01-01 22:45:00+00:00;0.069;;
810510;unknown;control;2024-01-01 23:00:00+00:00;0.248;;
810510;unknown;control;2024-01-01 23:15:00+00:00;0.532;;
810510;unknown;control;2024-01-01 23:30:00+00:00;0.092;;
810510;unknown;control;2024-01-01 23:45:00+00:00;0.092;;
810510;unknown;control;2024-01-02 00:00:00+00:00;0.613;;
810510;unknown;control;2024-01-02 00:15:00+00:00;0.155;;
810510;unknown;control;2024-01-02 00:30:00+00:00;0.058;;
810510;unknown;control;2024-01-02 00:45:00+00:00;0.48;;
810510;unknown;control;2024-01-02 01:00:00+00:00;0.325;;
810510;unknown;control;2024-01-02 01:15:00+00:00;0.064;;
810510;unknown;control;2024-01-02 01:30:00+00:00;0.324;;
810510;unknown;control;2024-01-02 01:45:00+00:00;0.488;;
810510;unknown;control;2024-01-02 02:00:00+00:00;0.08;;
810510;unknown;control;2024-01-02 02:15:00+00:00;0.158;;
810510;unknown;control;2024-01-02 02:30:00+00:00;0.624;;
810510;unknown;control;2024-01-02 02:45:00+00:00;0.093;;
810510;unknown;control;2024-01-02 03:00:00+00:00;0.064;;
810510;unknown;control;2024-01-02 03:15:00+00:00;0.549;;
810510;unknown;control;2024-01-02 03:30:00+00:00;0.264;;
810510;unknown;control;2024-01-02 03:45:00+00:00;0.082;;
810510;unknown;control;2024-01-02 04:00:00+00:00;0.421;;
810510;unknown;control;2024-01-02 04:15:00+00:00;0.375;;
810510;unknown;control;2024-01-02 04:30:00+00:00;0.072;;
810510;unknown;control;2024-01-02 04:45:00+00:00;0.258;;
810510;unknown;control;2024-01-02 05:00:00+00:00;0.496;;
810510;unknown;control;2024-01-02 05:15:00+00:00;0.089;;
810510;unknown;control;2024-01-02 05:30:00+00:00;0.153;;
810510;unknown;control;2024-01-02 05:45:00+00:00;0.588;;
810510;unknown;control;2024-01-02 06:00:00+00:00;0.131;;
810510;unknown;control;2024-01-02 06:15:00+00:00;0.145;;
810510;unknown;control;2024-01-02 06:30:00+00:00;0.636;;
810510;unknown;control;2024-01-02 06:45:00+00:00;0.228;;
810510;unknown;control;2024-01-02 07:00:00+00:00;0.103;;
810510;unknown;control;2024-01-02 07:15:00+00:00;0.494;;
810510;unknown;control;2024-01-02 07:30:00+00:00;0.255;;
810510;unknown;control;2024-01-02 07:45:00+00:00;0.116;;
810510;unknown;control;2024-01-02 08:00:00+00:00;0.443;;
810510;unknown;control;2024-01-02 08:15:00+00:00;0.341;;
810510;unknown;control;2024-01-02 08:30:00+00:00;0.13;;
810510;unknown;control;2024-01-02 08:45:00+00:00;0.384;;
810510;unknown;control;2024-01-02 09:00:00+00:00;0.849;;
810510;unknown;control;2024-01-02 09:15:00+00:00;0.216;;
810510;unknown;control;2024-01-02 09:30:00+00:00;0.078;;
810510;unknown;control;2024-01-02 09:45:00+00:00;0.49;;
810510;unknown;control;2024-01-02 10:00:00+00:00;0.241;;
810510;unknown;control;2024-01-02 10:15:00+00:00;0.014;;
810510;unknown;control;2024-01-02 10:30:00+00:00;0.275;;
810510;unknown;control;2024-01-02 10:45:00+00:00;0.201;;
810510;unknown;control;2024-01-02 11:00:00+00:00;0.026;;
810510;unknown;control;2024-01-02 11:15:00+00:00;0.317;;
810510;unknown;control;2024-01-02 11:30:00+00:00;0.321;;
810510;unknown;control;2024-01-02 11:45:00+00:00;0.052;;
810510;unknown;control;2024-01-02 12:00:00+00:00;0.269;;
810510;unknown;control;2024-01-02 12:15:00+00:00;0.294;;
810510;unknown;control;2024-01-02 12:30:00+00:00;0.071;;
810510;unknown;control;2024-01-02 12:45:00+00:00;0.323;;
810510;unknown;control;2024-01-02 13:00:00+00:00;0.347;;
810510;unknown;control;2024-01-02 13:15:00+00:00;0.104;;
810510;unknown;control;2024-01-02 13:30:00+00:00;0.335;;
810510;unknown;control;2024-01-02 13:45:00+00:00;0.359;;
810510;unknown;control;2024-01-02 14:00:00+00:00;0.125;;
810510;unknown;control;2024-01-02 14:15:00+00:00;0.336;;
810510;unknown;control;2024-01-02 14:30:00+00:00;0.414;;
810510;unknown;control;2024-01-02 14:45:00+00:00;0.153;;
810510;unknown;control;2024-01-02 15:00:00+00:00;0.317;;
810510;unknown;control;2024-01-02 15:15:00+00:00;0.457;;
810510;unknown;control;2024-01-02 15:30:00+00:00;0.155;;
810510;unknown;control;2024-01-02 15:45:00+00:00;0.323;;
810510;unknown;control;2024-01-02 16:00:00+00:00;0.557;;
810510;unknown;control;2024-01-02 16:15:00+00:00;0.246;;
810510;unknown;control;2024-01-02 16:30:00+00:00;0.283;;
810510;unknown;control;2024-01-02 16:45:00+00:00;0.585;;
810510;unknown;control;2024-01-02 17:00:00+00:00;0.232;;
810510;unknown;control;2024-01-02 17:15:00+00:00;0.239;;
810510;unknown;control;2024-01-02 17:30:00+00:00;0.626;;
810510;unknown;control;2024-01-02 17:45:00+00:00;0.212;;
810510;unknown;control;2024-01-02 18:00:00+00:00;0.217;;
810510;unknown;control;2024-01-02 18:15:00+00:00;0.593;;
810510;unknown;control;2024-01-02 18:30:00+00:00;0.203;;
810510;unknown;control;2024-01-02 18:45:00+00:00;0.181;;
810510;unknown;control;2024-01-02 19:00:00+00:00;0.593;;
810510;unknown;control;2024-01-02 19:15:00+00:00;0.174;;
810510;unknown;control;2024-01-02 19:30:00+00:00;0.171;;
810510;unknown;control;2024-01-02 19:45:00+00:00;0.624;;
810510;unknown;control;2024-01-02 20:00:00+00:00;0.183;;
810510;unknown;control;2024-01-02 20:15:00+00:00;0.203;;
810510;unknown;control;2024-01-02 20:30:00+00:00;0.67;;
810510;unknown;control;2024-01-02 20:45:00+00:00;0.16;;
810510;unknown;control;2024-01-02 21:00:00+00:00;0.165;;
810510;unknown;control;2024-01-02 21:15:00+00:00;0.632;;
810510;unknown;control;2024-01-02 21:30:00+00:00;0.18;;
810510;unknown;control;2024-01-02 21:45:00+00:00;0.186;;
810510;unknown;control;2024-01-02 22:00:00+00:00;0.619;;
810510;unknown;control;2024-01-02 22:15:00+00:00;0.181;;
810510;unknown;control;2024-01-02 22:30:00+00:00;0.183;;
810510;unknown;control;2024-01-02 22:45:00+00:00;0.602;;
810510;unknown;control;2024-01-02 23:00:00+00:00;0.21;;
810510;unknown;control;2024-01-02 23:15:00+00:00;0.165;;
810510;unknown;control;2024-01-02 23:30:00+00:00;0.482;;
810510;unknown;control;2024-01-02 23:45:00+00:00;0.254;;
810510;unknown;control;2024-01-03 00:00:00+00:00;0.154;;
810510;unknown;control;2024-01-03 00:15:00+00:00;0.358;;
810510;unknown;control;2024-01-03 00:30:00+00:00;0.384;;
810510;unknown;control;2024-01-03 00:45:00+00:00;0.159;;
810510;unknown;control;2024-01-03 01:00:00+00:00;0.351;;
810510;unknown;control;2024-01-03 01:15:00+00:00;0.748;;
810510;unknown;control;2024-01-03 01:30:00+00:00;0.148;;
810510;unknown;control;2024-01-03 01:45:00+00:00;0.227;;
810510;unknown;control;2024-01-03 02:00:00+00:00;0.547;;
810510;unknown;control;2024-01-03 02:15:00+00:00;0.148;;
810510;unknown;control;2024-01-03 02:30:00+00:00;0.131;;
810510;unknown;control;2024-01-03 02:45:00+00:00;0.563;;
810510;unknown;control;2024-01-03 03:00:00+00:00;0.128;;
810510;unknown;control;2024-01-03 03:15:00+00:00;0.125;;
810510;unknown;control;2024-01-03 03:30:00+00:00;0.56;;
810510;unknown;control;2024-01-03 03:45:00+00:00;0.125;;
810510;unknown;control;2024-01-03 04:00:00+00:00;0.141;;
810510;unknown;control;2024-01-03 04:15:00+00:00;0.518;;
810510;unknown;control;2024-01-03 04:30:00+00:00;0.179;;
810510;unknown;control;2024-01-03 04:45:00+00:00;0.139;;
810510;unknown;control;2024-01-03 05:00:00+00:00;0.418;;
810510;unknown;control;2024-01-03 05:15:00+00:00;0.295;;
810510;unknown;control;2024-01-03 05:30:00+00:00;0.16;;
810510;unknown;control;2024-01-03 05:45:00+00:00;0.27;;
810510;unknown;control;2024-01-03 06:00:00+00:00;0.415;;
810510;unknown;control;2024-01-03 06:15:00+00:00;0.119;;
810510;unknown;control;2024-01-03 06:30:00+00:00;0.246;;
810510;unknown;control;2024-01-03 06:45:00+00:00;0.408;;
810510;unknown;control;2024-01-03 07:00:00+00:00;0.1;;
810510;unknown;control;2024-01-03 07:15:00+00:00;0.119;;
810510;unknown;control;2024-01-03 07:30:00+00:00;0.499;;
810510;unknown;control;2024-01-03 07:45:00+00:00;0.115;;
810510;unknown;control;2024-01-03 08:00:00+00:00;0.282;;
810510;unknown;control;2024-01-03 08:15:00+00:00;0.439;;
810510;unknown;control;2024-01-03 08:30:00+00:00;0.023;;
810510;unknown;control;2024-01-03 08:45:00+00:00;0.014;;
810510;unknown;control;2024-01-03 09:00:00+00:00;0.259;;
810510;unknown;control;2024-01-03 09:15:00+00:00;0.143;;
810510;unknown;control;2024-01-03 09:30:00+00:00;0.0;;
810510;unknown;control;2024-01-03 09:45:00+00:00;0.384;;
810510;unknown;control;2024-01-03 10:00:00+00:00;0.515;;
810510;unknown;control;2024-01-03 10:15:00+00:00;0.0;;
810510;unknown;control;2024-01-03 10:30:00+00:00;0.003;;
810510;unknown;control;2024-01-03 10:45:00+00:00;0.002;;
810510;unknown;control;2024-01-03 11:00:00+00:00;0.0;;
810510;unknown;control;2024-01-03 11:15:00+00:00;0.001;;
810510;unknown;control;2024-01-03 11:30:00+00:00;0.0;;
810510;unknown;control;2024-01-03 11:45:00+00:00;0.217;;
810510;unknown;control;2024-01-03 12:00:00+00:00;0.0;;
810510;unknown;control;2024-01-03 12:15:00+00:00;0.0;;
810510;unknown;control;2024-01-03 12:30:00+00:00;0.0;;
810510;unknown;control;2024-01-03 12:45:00+00:00;0.234;;
810510;unknown;control;2024-01-03 13:00:00+00:00;0.398;;
810510;unknown;control;2024-01-03 13:15:00+00:00;0.041;;
810510;unknown;control;2024-01-03 13:30:00+00:00;0.18;;
810510;unknown;control;2024-01-03 13:45:00+00:00;0.25;;
810510;unknown;control;2024-01-03 14:00:00+00:00;0.001;;
810510;unknown;control;2024-01-03 14:15:00+00:00;0.152;;
810510;unknown;control;2024-01-03 14:30:00+00:00;0.096;;
810510;unknown;control;2024-01-03 14:45:00+00:00;0.024;;
810510;unknown;control;2024-01-03 15:00:00+00:00;0.054;;
810510;unknown;control;2024-01-03 15:15:00+00:00;0.063;;
810510;unknown;control;2024-01-03 15:30:00+00:00;0.201;;
810510;unknown;control;2024-01-03 15:45:00+00:00;0.275;;
810510;unknown;control;2024-01-03 16:00:00+00:00;0.103;;
810510;unknown;control;2024-01-03 16:15:00+00:00;0.165;;
810510;unknown;control;2024-01-03 16:30:00+00:00;0.16;;
810510;unknown;control;2024-01-03 16:45:00+00:00;0.481;;
810510;unknown;control;2024-01-03 17:00:00+00:00;0.169;;
810510;unknown;control;2024-01-03 17:15:00+00:00;0.166;;
810510;unknown;control;2024-01-03 17:30:00+00:00;0.169;;
810510;unknown;control;2024-01-03 17:45:00+00:00;0.437;;
810510;unknown;control;2024-01-03 18:00:00+00:00;0.213;;
810510;unknown;control;2024-01-03 18:15:00+00:00;0.17;;
810510;unknown;control;2024-01-03 18:30:00+00:00;0.156;;
810510;unknown;control;2024-01-03 18:45:00+00:00;0.474;;
810510;unknown;control;2024-01-03 19:00:00+00:00;0.193;;
810510;unknown;control;2024-01-03 19:15:00+00:00;0.108;;
810510;unknown;control;2024-01-03 19:30:00+00:00;0.222;;
810510;unknown;control;2024-01-03 19:45:00+00:00;0.359;;
810510;unknown;control;2024-01-03 20:00:00+00:00;0.146;;
810510;unknown;control;2024-01-03 20:15:00+00:00;0.165;;
810510;unknown;control;2024-01-03 20:30:00+00:00;0.548;;
810510;unknown;control;2024-01-03 20:45:00+00:00;0.166;;
810510;unknown;control;2024-01-03 21:00:00+00:00;0.153;;
810510;unknown;control;2024-01-03 21:15:00+00:00;0.568;;
810510;unknown;control;2024-01-03 21:30:00+00:00;0.185;;
810510;unknown;control;2024-01-03 21:45:00+00:00;0.199;;
810510;unknown;control;2024-01-03 22:00:00+00:00;0.578;;
810510;unknown;control;2024-01-03 22:15:00+00:00;0.18;;
810510;unknown;control;2024-01-03 22:30:00+00:00;0.18;;
810510;unknown;control;2024-01-03 22:45:00+00:00;0.588;;
810510;unknown;control;2024-01-03 23:00:00+00:00;0.163;;
810510;unknown;control;2024-01-03 23:15:00+00:00;0.139;;
810510;unknown;control;2024-01-03 23:30:00+00:00;0.55;;
810510;unknown;control;2024-01-03 23:45:00+00:00;0.158;;
810510;unknown;control;2024-01-04 00:00:00+00:00;0.146;;
810510;unknown;control;2024-01-04 00:15:00+00:00;0.591;;
810510;unknown;control;2024-01-04 00:30:00+00:00;0.16;;
810510;unknown;control;2024-01-04 00:45:00+00:00;0.159;;
810510;unknown;control;2024-01-04 01:00:00+00:00;0.589;;
810510;unknown;control;2024-01-04 01:15:00+00:00;0.153;;
810510;unknown;control;2024-01-04 01:30:00+00:00;0.133;;
810510;unknown;control;2024-01-04 01:45:00+00:00;0.867;;
810510;unknown;control;2024-01-04 02:00:00+00:00;0.185;;
810510;unknown;control;2024-01-04 02:15:00+00:00;0.142;;
810510;unknown;control;2024-01-04 02:30:00+00:00;0.596;;
810510;unknown;control;2024-01-04 02:45:00+00:00;0.251;;
810510;unknown;control;2024-01-04 03:00:00+00:00;0.153;;
810510;unknown;control;2024-01-04 03:15:00+00:00;0.533;;
810510;unknown;control;2024-01-04 03:30:00+00:00;0.289;;
810510;unknown;control;2024-01-04 03:45:00+00:00;0.166;;
810510;unknown;control;2024-01-04 04:00:00+00:00;0.498;;
810510;unknown;control;2024-01-04 04:15:00+00:00;0.294;;
810510;unknown;control;2024-01-04 04:30:00+00:00;0.139;;
810510;unknown;control;2024-01-04 04:45:00+00:00;0.46;;
810510;unknown;control;2024-01-04 05:00:00+00:00;0.317;;
810510;unknown;control;2024-01-04 05:15:00+00:00;0.132;;
810510;unknown;control;2024-01-04 05:30:00+00:00;0.443;;
810510;unknown;control;2024-01-04 05:45:00+00:00;0.345;;
810510;unknown;control;2024-01-04 06:00:00+00:00;0.164;;
810510;unknown;control;2024-01-04 06:15:00+00:00;0.398;;
810510;unknown;control;2024-01-04 06:30:00+00:00;0.403;;
810510;unknown;control;2024-01-04 06:45:00+00:00;0.147;;
810510;unknown;control;2024-01-04 07:00:00+00:00;0.358;;
810510;unknown;control;2024-01-04 07:15:00+00:00;0.39;;
810510;unknown;control;2024-01-04 07:30:00+00:00;0.125;;
810510;unknown;control;2024-01-04 07:45:00+00:00;0.29;;
810510;unknown;control;2024-01-04 08:00:00+00:00;0.324;;
810510;unknown;control;2024-01-04 08:15:00+00:00;0.078;;
810510;unknown;control;2024-01-04 08:30:00+00:00;0.256;;
810510;unknown;control;2024-01-04 08:45:00+00:00;0.403;;
810510;unknown;control;2024-01-04 09:00:00+00:00;0.018;;
810510;unknown;control;2024-01-04 09:15:00+00:00;0.148;;
810510;unknown;control;2024-01-04 09:30:00+00:00;0.423;;
810510;unknown;control;2024-01-04 09:45:00+00:00;0.017;;
810510;unknown;control;2024-01-04 10:00:00+00:00;0.071;;
810510;unknown;control;2024-01-04 10:15:00+00:00;0.299;;
810510;unknown;control;2024-01-04 10:30:00+00:00;0.0;;
810510;unknown;control;2024-01-04 10:45:00+00:00;0.003;;
810510;unknown;control;2024-01-04 11:00:00+00:00;0.052;;
810510;unknown;control;2024-01-04 11:15:00+00:00;0.0;;
810510;unknown;control;2024-01-04 11:30:00+00:00;0.038;;
810510;unknown;control;2024-01-04 11:45:00+00:00;0.083;;
810510;unknown;control;2024-01-04 12:00:00+00:00;0.0;;
810510;unknown;control;2024-01-04 12:15:00+00:00;0.009;;
810510;unknown;control;2024-01-04 12:30:00+00:00;0.044;;
810510;unknown;control;2024-01-04 12:45:00+00:00;0.0;;
810510;unknown;control;2024-01-04 13:00:00+00:00;0.019;;
810510;unknown;control;2024-01-04 13:15:00+00:00;0.016;;
810510;unknown;control;2024-01-04 13:30:00+00:00;0.001;;
810510;unknown;control;2024-01-04 13:45:00+00:00;0.033;;
810510;unknown;control;2024-01-04 14:00:00+00:00;0.204;;
810510;unknown;control;2024-01-04 14:15:00+00:00;0.0;;
810510;unknown;control;2024-01-04 14:30:00+00:00;0.0;;
810510;unknown;control;2024-01-04 14:45:00+00:00;0.299;;
810510;unknown;control;2024-01-04 15:00:00+00:00;0.002;;
810510;unknown;control;2024-01-04 15:15:00+00:00;0.003;;
810510;unknown;control;2024-01-04 15:30:00+00:00;0.356;;
810510;unknown;control;2024-01-04 15:45:00+00:00;0.008;;
810510;unknown;control;2024-01-04 16:00:00+00:00;0.004;;
810510;unknown;control;2024-01-04 16:15:00+00:00;0.37;;
810510;unknown;control;2024-01-04 16:30:00+00:00;0.015;;
810510;unknown;control;2024-01-04 16:45:00+00:00;0.056;;
810510;unknown;control;2024-01-04 17:00:00+00:00;0.531;;
810510;unknown;control;2024-01-04 17:15:00+00:00;0.065;;
810510;unknown;control;2024-01-04 17:30:00+00:00;0.078;;
810510;unknown;control;2024-01-04 17:45:00+00:00;0.761;;
810510;unknown;control;2024-01-04 18:00:00+00:00;0.123;;
810510;unknown;control;2024-01-04 18:15:00+00:00;0.064;;
810510;unknown;control;2024-01-04 18:30:00+00:00;0.469;;
810510;unknown;control;2024-01-04 18:45:00+00:00;0.24;;
810510;unknown;control;2024-01-04 19:00:00+00:00;0.072;;
810510;unknown;control;2024-01-04 19:15:00+00:00;0.384;;
810510;unknown;control;2024-01-04 19:30:00+00:00;0.306;;
810510;unknown;control;2024-01-04 19:45:00+00:00;0.06;;
810510;unknown;control;2024-01-04 20:00:00+00:00;0.322;;
810510;unknown;control;2024-01-04 20:15:00+00:00;0.398;;
810510;unknown;control;2024-01-04 20:30:00+00:00;0.072;;
810510;unknown;control;2024-01-04 20:45:00+00:00;0.227;;
810510;unknown;control;2024-01-04 21:00:00+00:00;0.489;;
810510;unknown;control;2024-01-04 21:15:00+00:00;0.077;;
810510;unknown;control;2024-01-04 21:30:00+00:00;0.13;;
810510;unknown;control;2024-01-04 21:45:00+00:00;0.617;;
810510;unknown;control;2024-01-04 22:00:00+00:00;0.062;;
810510;unknown;control;2024-01-04 22:15:00+00:00;0.071;;
810510;unknown;control;2024-01-04 22:30:00+00:00;0.561;;
810510;unknown;control;2024-01-04 22:45:00+00:00;0.171;;
810510;unknown;control;2024-01-04 23:00:00+00:00;0.079;;
810510;unknown;control;2024-01-04 23:15:00+00:00;0.059;;
810510;unknown;control;2024-01-04 23:30:00+00:00;0.073;;
810510;unknown;control;2024-01-04 23:45:00+00:00;0.057;;
810510;unknown;control;2024-01-05 00:00:00+00:00;0.067;;
810510;unknown;control;2024-01-05 00:15:00+00:00;0.068;;
810510;unknown;control;2024-01-05 00:30:00+00:00;0.071;;
810510;unknown;control;2024-01-05 00:45:00+00:00;0.07;;
810510;unknown;control;2024-01-05 01:00:00+00:00;0.055;;
810510;unknown;control;2024-01-05 01:15:00+00:00;0.073;;
810510;unknown;control;2024-01-05 01:30:00+00:00;0.058;;
810510;unknown;control;2024-01-05 01:45:00+00:00;0.072;;
810510;unknown;control;2024-01-05 02:00:00+00:00;0.073;;
810510;unknown;control;2024-01-05 02:15:00+00:00;0.06;;
810510;unknown;control;2024-01-05 02:30:00+00:00;0.071;;
810510;unknown;control;2024-01-05 02:45:00+00:00;0.055;;
810510;unknown;control;2024-01-05 03:00:00+00:00;0.073;;
810510;unknown;control;2024-01-05 03:15:00+00:00;0.07;;
810510;unknown;control;2024-01-05 03:30:00+00:00;0.068;;
810510;unknown;control;2024-01-05 03:45:00+00:00;0.064;;
810510;unknown;control;2024-01-05 04:00:00+00:00;0.06;;
810510;unknown;control;2024-01-05 04:15:00+00:00;0.071;;
810510;unknown;control;2024-01-05 04:30:00+00:00;0.063;;
810510;unknown;control;2024-01-05 04:45:00+00:00;0.078;;
810510;unknown;control;2024-01-05 05:00:00+00:00;0.062;;
810510;unknown;control;2024-01-05 05:15:00+00:00;0.062;;
810510;unknown;control;2024-01-05 05:30:00+00:00;0.067;;
810510;unknown;control;2024-01-05 05:45:00+00:00;0.063;;
810510;unknown;control;2024-01-05 06:00:00+00:00;0.085;;
810510;unknown;control;2024-01-05 06:15:00+00:00;0.062;;
810510;unknown;control;2024-01-05 06:30:00+00:00;0.074;;
810510;unknown;control;2024-01-05 06:45:00+00:00;0.063;;
810510;unknown;control;2024-01-05 07:00:00+00:00;0.071;;
810510;unknown;control;2024-01-05 07:15:00+00:00;0.082;;
810510;unknown;control;2024-01-05 07:30:00+00:00;0.073;;
810510;unknown;control;2024-01-05 07:45:00+00:00;0.062;;
810510;unknown;control;2024-01-05 08:00:00+00:00;0.024;;
810510;unknown;control;2024-01-05 08:15:00+00:00;0.027;;
810510;unknown;control;2024-01-05 08:30:00+00:00;0.008;;
810510;unknown;control;2024-01-05 08:45:00+00:00;0.0;;
810510;unknown;control;2024-01-05 09:00:00+00:00;0.0;;
810510;unknown;control;2024-01-05 09:15:00+00:00;0.0;;
810510;unknown;control;2024-01-05 09:30:00+00:00;0.007;;
810510;unknown;control;2024-01-05 09:45:00+00:00;0.004;;
810510;unknown;control;2024-01-05 10:00:00+00:00;0.005;;
810510;unknown;control;2024-01-05 10:15:00+00:00;0.014;;
810510;unknown;control;2024-01-05 10:30:00+00:00;0.0;;
810510;unknown;control;2024-01-05 10:45:00+00:00;0.0;;
810510;unknown;control;2024-01-05 11:00:00+00:00;0.0;;
810510;unknown;control;2024-01-05 11:15:00+00:00;0.008;;
810510;unknown;control;2024-01-05 11:30:00+00:00;0.015;;
810510;unknown;control;2024-01-05 11:45:00+00:00;0.003;;
810510;unknown;control;2024-01-05 12:00:00+00:00;0.005;;
810510;unknown;control;2024-01-05 12:15:00+00:00;0.0;;
810510;unknown;control;2024-01-05 12:30:00+00:00;0.001;;
810510;unknown;control;2024-01-05 12:45:00+00:00;0.001;;
810510;unknown;control;2024-01-05 13:00:00+00:00;0.012;;
810510;unknown;control;2024-01-05 13:15:00+00:00;0.003;;
810510;unknown;control;2024-01-05 13:30:00+00:00;0.01;;
810510;unknown;control;2024-01-05 13:45:00+00:00;0.035;;
810510;unknown;control;2024-01-05 14:00:00+00:00;0.029;;
810510;unknown;control;2024-01-05 14:15:00+00:00;0.058;;
810510;unknown;control;2024-01-05 14:30:00+00:00;0.049;;
810510;unknown;control;2024-01-05 14:45:00+00:00;0.057;;
810510;unknown;control;2024-01-05 15:00:00+00:00;0.062;;
810510;unknown;control;2024-01-05 15:15:00+00:00;0.073;;
810510;unknown;control;2024-01-05 15:30:00+00:00;0.074;;
810510;unknown;control;2024-01-05 15:45:00+00:00;0.072;;
810510;unknown;control;2024-01-05 16:00:00+00:00;0.08;;
810510;unknown;control;2024-01-05 16:15:00+00:00;0.06;;
810510;unknown;control;2024-01-05 16:30:00+00:00;0.065;;
810510;unknown;control;2024-01-05 16:45:00+00:00;0.065;;
810510;unknown;control;2024-01-05 17:00:00+00:00;0.059;;
810510;unknown;control;2024-01-05 17:15:00+00:00;0.088;;
810510;unknown;control;2024-01-05 17:30:00+00:00;0.058;;
810510;unknown;control;2024-01-05 17:45:00+00:00;0.068;;
810510;unknown;control;2024-01-05 18:00:00+00:00;0.066;;
810510;unknown;control;2024-01-05 18:15:00+00:00;0.064;;
810510;unknown;control;2024-01-05 18:30:00+00:00;0.079;;
810510;unknown;control;2024-01-05 18:45:00+00:00;0.067;;
810510;unknown;control;2024-01-05 19:00:00+00:00;0.074;;
810510;unknown;control;2024-01-05 19:15:00+00:00;0.065;;
810510;unknown;control;2024-01-05 19:30:00+00:00;0.066;;
810510;unknown;control;2024-01-05 19:45:00+00:00;0.071;;
810510;unknown;control;2024-01-05 20:00:00+00:00;0.068;;
810510;unknown;control;2024-01-05 20:15:00+00:00;0.082;;
810510;unknown;control;2024-01-05 20:30:00+00:00;0.06;;
810510;unknown;control;2024-01-05 20:45:00+00:00;0.074;;
810510;unknown;control;2024-01-05 21:00:00+00:00;0.068;;
810510;unknown;control;2024-01-05 21:15:00+00:00;0.063;;
810510;unknown;control;2024-01-05 21:30:00+00:00;0.086;;
810510;unknown;control;2024-01-05 21:45:00+00:00;0.062;;
810510;unknown;control;2024-01-05 22:00:00+00:00;0.072;;
810510;unknown;control;2024-01-05 22:15:00+00:00;0.065;;
810510;unknown;control;2024-01-05 22:30:00+00:00;0.065;;
810510;unknown;control;2024-01-05 22:45:00+00:00;0.075;;
810510;unknown;control;2024-01-05 23:00:00+00:00;0.069;;
810510;unknown;control;2024-01-05 23:15:00+00:00;0.073;;
810510;unknown;control;2024-01-05 23:30:00+00:00;0.059;;
810510;unknown;control;2024-01-05 23:45:00+00:00;0.066;;
810510;unknown;control;2024-01-06 00:00:00+00:00;0.064;;
810510;unknown;control;2024-01-06 00:15:00+00:00;0.066;;
810510;unknown;control;2024-01-06 00:30:00+00:00;0.078;;
810510;unknown;control;2024-01-06 00:45:00+00:00;0.055;;
810510;unknown;control;2024-01-06 01:00:00+00:00;0.072;;
810510;unknown;control;2024-01-06 01:15:00+00:00;0.059;;
810510;unknown;control;2024-01-06 01:30:00+00:00;0.065;;
810510;unknown;control;2024-01-06 01:45:00+00:00;0.074;;
810510;unknown;control;2024-01-06 02:00:00+00:00;0.065;;
810510;unknown;control;2024-01-06 02:15:00+00:00;0.073;;
810510;unknown;control;2024-01-06 02:30:00+00:00;0.057;;
810510;unknown;control;2024-01-06 02:45:00+00:00;0.071;;
810510;unknown;control;2024-01-06 03:00:00+00:00;0.063;;
810510;unknown;control;2024-01-06 03:15:00+00:00;0.075;;
810510;unknown;control;2024-01-06 03:30:00+00:00;0.067;;
810510;unknown;control;2024-01-06 03:45:00+00:00;0.058;;
810510;unknown;control;2024-01-06 04:00:00+00:00;0.072;;
810510;unknown;control;2024-01-06 04:15:00+00:00;0.054;;
810510;unknown;control;2024-01-06 04:30:00+00:00;0.075;;
810510;unknown;control;2024-01-06 04:45:00+00:00;0.068;;
810510;unknown;control;2024-01-06 05:00:00+00:00;0.065;;
810510;unknown;control;2024-01-06 05:15:00+00:00;0.065;;
810510;unknown;control;2024-01-06 05:30:00+00:00;0.058;;
810510;unknown;control;2024-01-06 05:45:00+00:00;0.072;;
810510;unknown;control;2024-01-06 06:00:00+00:00;0.111;;
810510;unknown;control;2024-01-06 06:15:00+00:00;0.307;;
810510;unknown;control;2024-01-06 06:30:00+00:00;0.062;;
810510;unknown;control;2024-01-06 06:45:00+00:00;0.07;;
810510;unknown;control;2024-01-06 07:00:00+00:00;0.07;;
810510;unknown;control;2024-01-06 07:15:00+00:00;0.067;;
810510;unknown;control;2024-01-06 07:30:00+00:00;0.088;;
810510;unknown;control;2024-01-06 07:45:00+00:00;0.272;;
810510;unknown;control;2024-01-06 08:00:00+00:00;0.123;;
810510;unknown;control;2024-01-06 08:15:00+00:00;0.047;;
810510;unknown;control;2024-01-06 08:30:00+00:00;0.046;;
810510;unknown;control;2024-01-06 08:45:00+00:00;0.058;;
810510;unknown;control;2024-01-06 09:00:00+00:00;0.034;;
810510;unknown;control;2024-01-06 09:15:00+00:00;0.024;;
810510;unknown;control;2024-01-06 09:30:00+00:00;0.0;;
810510;unknown;control;2024-01-06 09:45:00+00:00;0.019;;
810510;unknown;control;2024-01-06 10:00:00+00:00;0.297;;
810510;unknown;control;2024-01-06 10:15:00+00:00;0.026;;
810510;unknown;control;2024-01-06 10:30:00+00:00;0.02;;
810510;unknown;control;2024-01-06 10:45:00+00:00;0.0;;
810510;unknown;control;2024-01-06 11:00:00+00:00;0.001;;
810510;unknown;control;2024-01-06 11:15:00+00:00;0.009;;
810510;unknown;control;2024-01-06 11:30:00+00:00;0.024;;
810510;unknown;control;2024-01-06 11:45:00+00:00;0.002;;
810510;unknown;control;2024-01-06 12:00:00+00:00;0.06;;
810510;unknown;control;2024-01-06 12:15:00+00:00;0.229;;
810510;unknown;control;2024-01-06 12:30:00+00:00;0.0;;
810510;unknown;control;2024-01-06 12:45:00+00:00;0.023;;
810510;unknown;control;2024-01-06 13:00:00+00:00;0.022;;
810510;unknown;control;2024-01-06 13:15:00+00:00;0.037;;
810510;unknown;control;2024-01-06 13:30:00+00:00;0.053;;
810510;unknown;control;2024-01-06 13:45:00+00:00;0.044;;
810510;unknown;control;2024-01-06 14:00:00+00:00;0.065;;
810510;unknown;control;2024-01-06 14:15:00+00:00;0.052;;
810510;unknown;control;2024-01-06 14:30:00+00:00;0.068;;
810510;unknown;control;2024-01-06 14:45:00+00:00;0.34;;
810510;unknown;control;2024-01-06 15:00:00+00:00;0.079;;
810510;unknown;control;2024-01-06 15:15:00+00:00;0.08;;
810510;unknown;control;2024-01-06 15:30:00+00:00;0.072;;
810510;unknown;control;2024-01-06 15:45:00+00:00;0.081;;
810510;unknown;control;2024-01-06 16:00:00+00:00;0.063;;
810510;unknown;control;2024-01-06 16:15:00+00:00;0.065;;
810510;unknown;control;2024-01-06 16:30:00+00:00;0.078;;
810510;unknown;control;2024-01-06 16:45:00+00:00;0.333;;
810510;unknown;control;2024-01-06 17:00:00+00:00;0.079;;
810510;unknown;control;2024-01-06 17:15:00+00:00;0.06;;
810510;unknown;control;2024-01-06 17:30:00+00:00;0.063;;
810510;unknown;control;2024-01-06 17:45:00+00:00;0.069;;
810510;unknown;control;2024-01-06 18:00:00+00:00;0.069;;
810510;unknown;control;2024-01-06 18:15:00+00:00;0.355;;
810510;unknown;control;2024-01-06 18:30:00+00:00;0.062;;
810510;unknown;control;2024-01-06 18:45:00+00:00;0.073;;
810510;unknown;control;2024-01-06 19:00:00+00:00;0.069;;
810510;unknown;control;2024-01-06 19:15:00+00:00;0.062;;
810510;unknown;control;2024-01-06 19:30:00+00:00;0.093;;
810510;unknown;control;2024-01-06 19:45:00+00:00;0.337;;
810510;unknown;control;2024-01-06 20:00:00+00:00;0.071;;
810510;unknown;control;2024-01-06 20:15:00+00:00;0.067;;
810510;unknown;control;2024-01-06 20:30:00+00:00;0.062;;
810510;unknown;control;2024-01-06 20:45:00+00:00;0.076;;
810510;unknown;control;2024-01-06 21:00:00+00:00;0.349;;
810510;unknown;control;2024-01-06 21:15:00+00:00;0.075;;
810510;unknown;control;2024-01-06 21:30:00+00:00;0.066;;
810510;unknown;control;2024-01-06 21:45:00+00:00;0.064;;
810510;unknown;control;2024-01-06 22:00:00+00:00;0.074;;
810510;unknown;control;2024-01-06 22:15:00+00:00;0.332;;
810510;unknown;control;2024-01-06 22:30:00+00:00;0.093;;
810510;unknown;control;2024-01-06 22:45:00+00:00;0.065;;
810510;unknown;control;2024-01-06 23:00:00+00:00;0.064;;
810510;unknown;control;2024-01-06 23:15:00+00:00;0.066;;
810510;unknown;control;2024-01-06 23:30:00+00:00;0.342;;
810510;unknown;control;2024-01-06 23:45:00+00:00;0.073;;
810510;unknown;control;2024-01-07 00:00:00+00:00;0.064;;
810510;unknown;control;2024-01-07 00:15:00+00:00;0.074;;
810510;unknown;control;2024-01-07 00:30:00+00:00;0.063;;
810510;unknown;control;2024-01-07 00:45:00+00:00;0.341;;
810510;unknown;control;2024-01-07 01:00:00+00:00;0.069;;
810510;unknown;control;2024-01-07 01:15:00+00:00;0.055;;
810510;unknown;control;2024-01-07 01:30:00+00:00;0.079;;
810510;unknown;control;2024-01-07 01:45:00+00:00;0.292;;
810510;unknown;control;2024-01-07 02:00:00+00:00;0.127;;
810510;unknown;control;2024-01-07 02:15:00+00:00;0.07;;
810510;unknown;control;2024-01-07 02:30:00+00:00;0.056;;
810510;unknown;control;2024-01-07 02:45:00+00:00;0.12;;
810510;unknown;control;2024-01-07 03:00:00+00:00;0.304;;
810510;unknown;control;2024-01-07 03:15:00+00:00;0.069;;
810510;unknown;control;2024-01-07 03:30:00+00:00;0.065;;
810510;unknown;control;2024-01-07 03:45:00+00:00;0.059;;
810510;unknown;control;2024-01-07 04:00:00+00:00;0.357;;
810510;unknown;control;2024-01-07 04:15:00+00:00;0.056;;
810510;unknown;control;2024-01-07 04:30:00+00:00;0.076;;
810510;unknown;control;2024-01-07 04:45:00+00:00;0.069;;
810510;unknown;control;2024-01-07 05:00:00+00:00;0.346;;
810510;unknown;control;2024-01-07 05:15:00+00:00;0.07;;
810510;unknown;control;2024-01-07 05:30:00+00:00;0.055;;
810510;unknown;control;2024-01-07 05:45:00+00:00;0.103;;
810510;unknown;control;2024-01-07 06:00:00+00:00;0.331;;
810510;unknown;control;2024-01-07 06:15:00+00:00;0.069;;
810510;unknown;control;2024-01-07 06:30:00+00:00;0.071;;
810510;unknown;control;2024-01-07 06:45:00+00:00;0.113;;
810510;unknown;control;2024-01-07 07:00:00+00:00;0.314;;
810510;unknown;control;2024-01-07 07:15:00+00:00;0.066;;
810510;unknown;control;2024-01-07 07:30:00+00:00;0.081;;
810510;unknown;control;2024-01-07 07:45:00+00:00;0.226;;
810510;unknown;control;2024-01-07 08:00:00+00:00;0.18;;
810510;unknown;control;2024-01-07 08:15:00+00:00;0.042;;
810510;unknown;control;2024-01-07 08:30:00+00:00;0.002;;
810510;unknown;control;2024-01-07 08:45:00+00:00;0.197;;
810510;unknown;control;2024-01-07 09:00:00+00:00;0.062;;
810510;unknown;control;2024-01-07 09:15:00+00:00;0.001;;
810510;unknown;control;2024-01-07 09:30:00+00:00;0.0;;
810510;unknown;control;2024-01-07 09:45:00+00:00;0.12;;
810510;unknown;control;2024-01-07 10:00:00+00:00;0.098;;
810510;unknown;control;2024-01-07 10:15:00+00:00;0.0;;
810510;unknown;control;2024-01-07 10:30:00+00:00;0.0;;
810510;unknown;control;2024-01-07 10:45:00+00:00;0.082;;
810510;unknown;control;2024-01-07 11:00:00+00:00;0.121;;
810510;unknown;control;2024-01-07 11:15:00+00:00;0.0;;
810510;unknown;control;2024-01-07 11:30:00+00:00;0.0;;
810510;unknown;control;2024-01-07 11:45:00+00:00;0.0;;
810510;unknown;control;2024-01-07 12:00:00+00:00;0.265;;
810510;unknown;control;2024-01-07 12:15:00+00:00;0.0;;
810510;unknown;control;2024-01-07 12:30:00+00:00;0.0;;
810510;unknown;control;2024-01-07 12:45:00+00:00;0.0;;
810510;unknown;control;2024-01-07 13:00:00+00:00;0.261;;
810510;unknown;control;2024-01-07 13:15:00+00:00;0.004;;
810510;unknown;control;2024-01-07 13:30:00+00:00;0.023;;
810510;unknown;control;2024-01-07 13:45:00+00:00;0.046;;
810510;unknown;control;2024-01-07 14:00:00+00:00;0.235;;
810510;unknown;control;2024-01-07 14:15:00+00:00;0.152;;
810510;unknown;control;2024-01-07 14:30:00+00:00;0.049;;
810510;unknown;control;2024-01-07 14:45:00+00:00;0.055;;
810510;unknown;control;2024-01-07 15:00:00+00:00;0.381;;
810510;unknown;control;2024-01-07 15:15:00+00:00;0.066;;
810510;unknown;control;2024-01-07 15:30:00+00:00;0.073;;
810510;unknown;control;2024-01-07 15:45:00+00:00;0.096;;
810510;unknown;control;2024-01-07 16:00:00+00:00;0.337;;
810510;unknown;control;2024-01-07 16:15:00+00:00;0.073;;
810510;unknown;control;2024-01-07 16:30:00+00:00;0.059;;
810510;unknown;control;2024-01-07 16:45:00+00:00;0.383;;
810510;unknown;control;2024-01-07 17:00:00+00:00;0.06;;
810510;unknown;control;2024-01-07 17:15:00+00:00;0.061;;
810510;unknown;control;2024-01-07 17:30:00+00:00;0.295;;
810510;unknown;control;2024-01-07 17:45:00+00:00;0.14;;
810510;unknown;control;2024-01-07 18:00:00+00:00;0.08;;
810510;unknown;control;2024-01-07 18:15:00+00:00;0.283;;
810510;unknown;control;2024-01-07 18:30:00+00:00;0.182;;
810510;unknown;control;2024-01-07 18:45:00+00:00;0.096;;
810510;unknown;control;2024-01-07 19:00:00+00:00;0.281;;
810510;unknown;control;2024-01-07 19:15:00+00:00;0.187;;
810510;unknown;control;2024-01-07 19:30:00+00:00;0.07;;
810510;unknown;control;2024-01-07 19:45:00+00:00;0.309;;
810510;unknown;control;2024-01-07 20:00:00+00:00;0.168;;
810510;unknown;control;2024-01-07 20:15:00+00:00;0.078;;
810510;unknown;control;2024-01-07 20:30:00+00:00;0.33;;
810510;unknown;control;2024-01-07 20:45:00+00:00;0.143;;
810510;unknown;control;2024-01-07 21:00:00+00:00;0.078;;
810510;unknown;control;2024-01-07 21:15:00+00:00;0.363;;
810510;unknown;control;2024-01-07 21:30:00+00:00;0.106;;
810510;unknown;control;2024-01-07 21:45:00+00:00;0.092;;
810510;unknown;control;2024-01-07 22:00:00+00:00;0.414;;
810510;unknown;control;2024-01-07 22:15:00+00:00;0.082;;
810510;unknown;control;2024-01-07 22:30:00+00:00;0.07;;
810510;unknown;control;2024-01-07 22:45:00+00:00;0.408;;
810510;unknown;control;2024-01-07 23:00:00+00:00;0.086;;
810510;unknown;control;2024-01-07 23:15:00+00:00;0.187;;
810510;unknown;control;2024-01-07 23:30:00+00:00;0.326;;
810510;unknown;control;2024-01-07 23:45:00+00:00;0.078;;
810510;unknown;control;2024-01-08 00:00:00+00:00;0.313;;
810510;unknown;control;2024-01-08 00:15:00+00:00;0.213;;
810510;unknown;control;2024-01-08 00:30:00+00:00;0.106;;
810510;unknown;control;2024-01-08 00:45:00+00:00;0.421;;
810510;unknown;control;2024-01-08 01:00:00+00:00;0.107;;
810510;unknown;control;2024-01-08 01:15:00+00:00;0.098;;
810510;unknown;control;2024-01-08 01:30:00+00:00;0.456;;
810510;unknown;control;2024-01-08 01:45:00+00:00;0.089;;
810510;unknown;control;2024-01-08 02:00:00+00:00;0.093;;
810510;unknown;control;2024-01-08 02:15:00+00:00;0.45;;
810510;unknown;control;2024-01-08 02:30:00+00:00;0.096;;
810510;unknown;control;2024-01-08 02:45:00+00:00;0.172;;
810510;unknown;control;2024-01-08 03:00:00+00:00;0.413;;
810510;unknown;control;2024-01-08 03:15:00+00:00;0.101;;
810510;unknown;control;2024-01-08 03:30:00+00:00;0.204;;
810510;unknown;control;2024-01-08 03:45:00+00:00;0.376;;
810510;unknown;control;2024-01-08 04:00:00+00:00;0.105;;
810510;unknown;control;2024-01-08 04:15:00+00:00;0.268;;
810510;unknown;control;2024-01-08 04:30:00+00:00;0.357;;
810510;unknown;control;2024-01-08 04:45:00+00:00;0.082;;
810510;unknown;control;2024-01-08 05:00:00+00:00;0.286;;
810510;unknown;control;2024-01-08 05:15:00+00:00;0.354;;
810510;unknown;control;2024-01-08 05:30:00+00:00;0.09;;
810510;unknown;control;2024-01-08 05:45:00+00:00;0.293;;
810510;unknown;control;2024-01-08 06:00:00+00:00;0.326;;
810510;unknown;control;2024-01-08 06:15:00+00:00;0.119;;
810510;unknown;control;2024-01-08 06:30:00+00:00;0.291;;
810510;unknown;control;2024-01-08 06:45:00+00:00;0.356;;
810510;unknown;control;2024-01-08 07:00:00+00:00;0.076;;
810510;unknown;control;2024-01-08 07:15:00+00:00;0.25;;
810510;unknown;control;2024-01-08 07:30:00+00:00;0.361;;
810510;unknown;control;2024-01-08 07:45:00+00:00;0.079;;
810510;unknown;control;2024-01-08 08:00:00+00:00;0.238;;
810510;unknown;control;2024-01-08 08:15:00+00:00;0.378;;
810510;unknown;control;2024-01-08 08:30:00+00:00;0.057;;
810510;unknown;control;2024-01-08 08:45:00+00:00;0.226;;
810510;unknown;control;2024-01-08 09:00:00+00:00;0.386;;
810510;unknown;control;2024-01-08 09:15:00+00:00;0.074;;
810510;unknown;control;2024-01-08 09:30:00+00:00;0.214;;
810510;unknown;control;2024-01-08 09:45:00+00:00;0.392;;
810510;unknown;control;2024-01-08 10:00:00+00:00;0.075;;
810510;unknown;control;2024-01-08 10:15:00+00:00;0.19;;
810510;unknown;control;2024-01-08 10:30:00+00:00;0.412;;
810510;unknown;control;2024-01-08 10:45:00+00:00;0.08;;
810510;unknown;control;2024-01-08 11:00:00+00:00;0.177;;
810510;unknown;control;2024-01-08 11:15:00+00:00;0.428;;
810510;unknown;control;2024-01-08 11:30:00+00:00;0.062;;
810510;unknown;control;2024-01-08 11:45:00+00:00;0.178;;
810510;unknown;control;2024-01-08 12:00:00+00:00;0.424;;
810510;unknown;control;2024-01-08 12:15:00+00:00;0.069;;
810510;unknown;control;2024-01-08 12:30:00+00:00;0.181;;
810510;unknown;control;2024-01-08 12:45:00+00:00;0.423;;
810510;unknown;control;2024-01-08 13:00:00+00:00;0.068;;
810510;unknown;control;2024-01-08 13:15:00+00:00;0.163;;
810510;unknown;control;2024-01-08 13:30:00+00:00;0.431;;
810510;unknown;control;2024-01-08 13:45:00+00:00;0.084;;
810510;unknown;control;2024-01-08 14:00:00+00:00;0.154;;
810510;unknown;control;2024-01-08 14:15:00+00:00;0.442;;
810510;unknown;control;2024-01-08 14:30:00+00:00;0.066;;
810510;unknown;control;2024-01-08 14:45:00+00:00;0.15;;
810510;unknown;control;2024-01-08 15:00:00+00:00;0.453;;
810510;unknown;control;2024-01-08 15:15:00+00:00;0.065;;
810510;unknown;control;2024-01-08 15:30:00+00:00;0.163;;
810510;unknown;control;2024-01-08 15:45:00+00:00;0.443;;
810510;unknown;control;2024-01-08 16:00:00+00:00;0.071;;
810510;unknown;control;2024-01-08 16:15:00+00:00;0.158;;
810510;unknown;control;2024-01-08 16:30:00+00:00;0.428;;
810510;unknown;control;2024-01-08 16:45:00+00:00;0.08;;
810510;unknown;control;2024-01-08 17:00:00+00:00;0.172;;
810510;unknown;control;2024-01-08 17:15:00+00:00;0.434;;
810510;unknown;control;2024-01-08 17:30:00+00:00;0.091;;
810510;unknown;control;2024-01-08 17:45:00+00:00;0.156;;
810510;unknown;control;2024-01-08 18:00:00+00:00;0.439;;
810510;unknown;control;2024-01-08 18:15:00+00:00;0.075;;
810510;unknown;control;2024-01-08 18:30:00+00:00;0.19;;
810510;unknown;control;2024-01-08 18:45:00+00:00;0.426;;
810510;unknown;control;2024-01-08 19:00:00+00:00;0.069;;
810510;unknown;control;2024-01-08 19:15:00+00:00;0.197;;
810510;unknown;control;2024-01-08 19:30:00+00:00;0.408;;
810510;unknown;control;2024-01-08 19:45:00+00:00;0.075;;
810510;unknown;control;2024-01-08 20:00:00+00:00;0.198;;
810510;unknown;control;2024-01-08 20:15:00+00:00;0.402;;
810510;unknown;control;2024-01-08 20:30:00+00:00;0.083;;
810510;unknown;control;2024-01-08 20:45:00+00:00;0.183;;
810510;unknown;control;2024-01-08 21:00:00+00:00;0.397;;
810510;unknown;control;2024-01-08 21:15:00+00:00;0.067;;
810510;unknown;control;2024-01-08 21:30:00+00:00;0.22;;
810510;unknown;control;2024-01-08 21:45:00+00:00;0.395;;
810510;unknown;control;2024-01-08 22:00:00+00:00;0.064;;
810510;unknown;control;2024-01-08 22:15:00+00:00;0.238;;
810510;unknown;control;2024-01-08 22:30:00+00:00;0.354;;
810510;unknown;control;2024-01-08 22:45:00+00:00;0.076;;
810510;unknown;control;2024-01-08 23:00:00+00:00;0.253;;
810510;unknown;control;2024-01-08 23:15:00+00:00;0.349;;
810510;unknown;control;2024-01-08 23:30:00+00:00;0.085;;
810510;unknown;control;2024-01-08 23:45:00+00:00;0.242;;
810510;unknown;control;2024-01-09 00:00:00+00:00;0.335;;
810510;unknown;control;2024-01-09 00:15:00+00:00;0.071;;
810510;unknown;control;2024-01-09 00:30:00+00:00;0.274;;
810510;unknown;control;2024-01-09 00:45:00+00:00;0.364;;
810510;unknown;control;2024-01-09 01:00:00+00:00;0.076;;
810510;unknown;control;2024-01-09 01:15:00+00:00;0.289;;
810510;unknown;control;2024-01-09 01:30:00+00:00;0.329;;
810510;unknown;control;2024-01-09 01:45:00+00:00;0.085;;
810510;unknown;control;2024-01-09 02:00:00+00:00;0.318;;
810510;unknown;control;2024-01-09 02:15:00+00:00;0.321;;
810510;unknown;control;2024-01-09 02:30:00+00:00;0.089;;
810510;unknown;control;2024-01-09 02:45:00+00:00;0.308;;
810510;unknown;control;2024-01-09 03:00:00+00:00;0.316;;
810510;unknown;control;2024-01-09 03:15:00+00:00;0.078;;
810510;unknown;control;2024-01-09 03:30:00+00:00;0.297;;
810510;unknown;control;2024-01-09 03:45:00+00:00;0.338;;
810510;unknown;control;2024-01-09 04:00:00+00:00;0.066;;
810510;unknown;control;2024-01-09 04:15:00+00:00;0.292;;
810510;unknown;control;2024-01-09 04:30:00+00:00;0.329;;
810510;unknown;control;2024-01-09 04:45:00+00:00;0.066;;
810510;unknown;control;2024-01-09 05:00:00+00:00;0.298;;
810510;unknown;control;2024-01-09 05:15:00+00:00;0.346;;
810510;unknown;control;2024-01-09 05:30:00+00:00;0.08;;
810510;unknown;control;2024-01-09 05:45:00+00:00;0.26;;
810510;unknown;control;2024-01-09 06:00:00+00:00;0.367;;
810510;unknown;control;2024-01-09 06:15:00+00:00;0.079;;
810510;unknown;control;2024-01-09 06:30:00+00:00;0.235;;
810510;unknown;control;2024-01-09 06:45:00+00:00;0.411;;
810510;unknown;control;2024-01-09 07:00:00+00:00;0.068;;
810510;unknown;control;2024-01-09 07:15:00+00:00;0.212;;
810510;unknown;control;2024-01-09 07:30:00+00:00;0.421;;
810510;unknown;control;2024-01-09 07:45:00+00:00;0.062;;
810510;unknown;control;2024-01-09 08:00:00+00:00;0.189;;
810510;unknown;control;2024-01-09 08:15:00+00:00;0.448;;
810510;unknown;control;2024-01-09 08:30:00+00:00;0.075;;
810510;unknown;control;2024-01-09 08:45:00+00:00;0.15;;
810510;unknown;control;2024-01-09 09:00:00+00:00;0.472;;
810510;unknown;control;2024-01-09 09:15:00+00:00;0.075;;
810510;unknown;control;2024-01-09 09:30:00+00:00;0.112;;
810510;unknown;control;2024-01-09 09:45:00+00:00;0.517;;
810510;unknown;control;2024-01-09 10:00:00+00:00;0.077;;
810510;unknown;control;2024-01-09 10:15:00+00:00;0.085;;
810510;unknown;control;2024-01-09 10:30:00+00:00;0.548;;
810510;unknown;control;2024-01-09 10:45:00+00:00;0.058;;
810510;unknown;control;2024-01-09 11:00:00+00:00;0.075;;
810510;unknown;control;2024-01-09 11:15:00+00:00;0.561;;
810510;unknown;control;2024-01-09 11:30:00+00:00;0.081;;
810510;unknown;control;2024-01-09 11:45:00+00:00;0.084;;
810510;unknown;control;2024-01-09 12:00:00+00:00;0.546;;
810510;unknown;control;2024-01-09 12:15:00+00:00;0.092;;
810510;unknown;control;2024-01-09 12:30:00+00:00;0.073;;
810510;unknown;control;2024-01-09 12:45:00+00:00;0.529;;
810510;unknown;control;2024-01-09 13:00:00+00:00;0.109;;
810510;unknown;control;2024-01-09 13:15:00+00:00;0.068;;
810510;unknown;control;2024-01-09 13:30:00+00:00;0.504;;
810510;unknown;control;2024-01-09 13:45:00+00:00;0.116;;
810510;unknown;control;2024-01-09 14:00:00+00:00;0.071;;
810510;unknown;control;2024-01-09 14:15:00+00:00;0.467;;
810510;unknown;control;2024-01-09 14:30:00+00:00;0.151;;
810510;unknown;control;2024-01-09 14:45:00+00:00;0.079;;
810510;unknown;control;2024-01-09 15:00:00+00:00;0.435;;
810510;unknown;control;2024-01-09 15:15:00+00:00;0.182;;
810510;unknown;control;2024-01-09 15:30:00+00:00;0.062;;
810510;unknown;control;2024-01-09 15:45:00+00:00;0.42;;
810510;unknown;control;2024-01-09 16:00:00+00:00;0.205;;
810510;unknown;control;2024-01-09 16:15:00+00:00;0.074;;
810510;unknown;control;2024-01-09 16:30:00+00:00;0.4;;
810510;unknown;control;2024-01-09 16:45:00+00:00;0.225;;
810510;unknown;control;2024-01-09 17:00:00+00:00;0.074;;
810510;unknown;control;2024-01-09 17:15:00+00:00;0.357;;
810510;unknown;control;2024-01-09 17:30:00+00:00;0.26;;
810510;unknown;control;2024-01-09 17:45:00+00:00;0.083;;
810510;unknown;control;2024-01-09 18:00:00+00:00;0.332;;
810510;unknown;control;2024-01-09 18:15:00+00:00;0.319;;
810510;unknown;control;2024-01-09 18:30:00+00:00;0.062;;
810510;unknown;control;2024-01-09 18:45:00+00:00;0.292;;
810510;unknown;control;2024-01-09 19:00:00+00:00;0.345;;
810510;unknown;control;2024-01-09 19:15:00+00:00;0.066;;
810510;unknown;control;2024-01-09 19:30:00+00:00;0.273;;
810510;unknown;control;2024-01-09 19:45:00+00:00;0.381;;
810510;unknown;control;2024-01-09 20:00:00+00:00;0.068;;
810510;unknown;control;2024-01-09 20:15:00+00:00;0.221;;
810510;unknown;control;2024-01-09 20:30:00+00:00;0.417;;
810510;unknown;control;2024-01-09 20:45:00+00:00;0.079;;
810510;unknown;control;2024-01-09 21:00:00+00:00;0.177;;
810510;unknown;control;2024-01-09 21:15:00+00:00;0.467;;
810510;unknown;control;2024-01-09 21:30:00+00:00;0.065;;
810510;unknown;control;2024-01-09 21:45:00+00:00;0.133;;
810510;unknown;control;2024-01-09 22:00:00+00:00;0.512;;
810510;unknown;control;2024-01-09 22:15:00+00:00;0.059;;
810510;unknown;control;2024-01-09 22:30:00+00:00;0.109;;
810510;unknown;control;2024-01-09 22:45:00+00:00;0.547;;
810510;unknown;control;2024-01-09 23:00:00+00:00;0.062;;
810510;unknown;control;2024-01-09 23:15:00+00:00;0.069;;
810510;unknown;control;2024-01-09 23:30:00+00:00;0.559;;
810510;unknown;control;2024-01-09 23:45:00+00:00;0.072;;
810510;unknown;control;2024-01-10 00:00:00+00:00;0.064;;
810510;unknown;control;2024-01-10 00:15:00+00:00;0.532;;
810510;unknown;control;2024-01-10 00:30:00+00:00;0.102;;
810510;unknown;control;2024-01-10 00:45:00+00:00;0.059;;
810510;unknown;control;2024-01-10 01:00:00+00:00;0.49;;
810510;unknown;control;2024-01-10 01:15:00+00:00;0.132;;
810510;unknown;control;2024-01-10 01:30:00+00:00;0.072;;
810510;unknown;control;2024-01-10 01:45:00+00:00;0.451;;
810510;unknown;control;2024-01-10 02:00:00+00:00;0.188;;
810510;unknown;control;2024-01-10 02:15:00+00:00;0.067;;
810510;unknown;control;2024-01-10 02:30:00+00:00;0.391;;
810510;unknown;control;2024-01-10 02:45:00+00:00;0.249;;
810510;unknown;control;2024-01-10 03:00:00+00:00;0.059;;
810510;unknown;control;2024-01-10 03:15:00+00:00;0.366;;
810510;unknown;control;2024-01-10 03:30:00+00:00;0.276;;
810510;unknown;control;2024-01-10 03:45:00+00:00;0.057;;
810510;unknown;control;2024-01-10 04:00:00+00:00;0.325;;
810510;unknown;control;2024-01-10 04:15:00+00:00;0.303;;
810510;unknown;control;2024-01-10 04:30:00+00:00;0.067;;
810510;unknown;control;2024-01-10 04:45:00+00:00;0.283;;
810510;unknown;control;2024-01-10 05:00:00+00:00;0.349;;
810510;unknown;control;2024-01-10 05:15:00+00:00;0.068;;
810510;unknown;control;2024-01-10 05:30:00+00:00;0.236;;
810510;unknown;control;2024-01-10 05:45:00+00:00;0.393;;
810510;unknown;control;2024-01-10 06:00:00+00:00;0.062;;
810510;unknown;control;2024-01-10 06:15:00+00:00;0.213;;
810510;unknown;control;2024-01-10 06:30:00+00:00;0.439;;
810510;unknown;control;2024-01-10 06:45:00+00:00;0.058;;
810510;unknown;control;2024-01-10 07:00:00+00:00;0.187;;
810510;unknown;control;2024-01-10 07:15:00+00:00;0.455;;
810510;unknown;control;2024-01-10 07:30:00+00:00;0.071;;
810510;unknown;control;2024-01-10 07:45:00+00:00;0.147;;
810510;unknown;control;2024-01-10 08:00:00+00:00;0.488;;
810510;unknown;control;2024-01-10 08:15:00+00:00;0.08;;
810510;unknown;control;2024-01-10 08:30:00+00:00;0.104;;
810510;unknown;control;2024-01-10 08:45:00+00:00;0.512;;
810510;unknown;control;2024-01-10 09:00:00+00:00;0.065;;
810510;unknown;control;2024-01-10 09:15:00+00:00;0.086;;
810510;unknown;control;2024-01-10 09:30:00+00:00;0.524;;
810510;unknown;control;2024-01-10 09:45:00+00:00;0.067;;
810510;unknown;control;2024-01-10 10:00:00+00:00;0.09;;
810510;unknown;control;2024-01-10 10:15:00+00:00;0.496;;
810510;unknown;control;2024-01-10 10:30:00+00:00;0.07;;
810510;unknown;control;2024-01-10 10:45:00+00:00;0.106;;
810510;unknown;control;2024-01-10 11:00:00+00:00;0.467;;
810510;unknown;control;2024-01-10 11:15:00+00:00;0.094;;
810510;unknown;control;2024-01-10 11:30:00+00:00;0.125;;
810510;unknown;control;2024-01-10 11:45:00+00:00;0.42;;
810510;unknown;control;2024-01-10 12:00:00+00:00;0.067;;
810510;unknown;control;2024-01-10 12:15:00+00:00;0.168;;
810510;unknown;control;2024-01-10 12:30:00+00:00;0.366;;
810510;unknown;control;2024-01-10 12:45:00+00:00;0.063;;
810510;unknown;control;2024-01-10 13:00:00+00:00;0.246;;
810510;unknown;control;2024-01-10 13:15:00+00:00;0.309;;
810510;unknown;control;2024-01-10 13:30:00+00:00;0.067;;
810510;unknown;control;2024-01-10 13:45:00+00:00;0.276;;
810510;unknown;control;2024-01-10 14:00:00+00:00;0.264;;
810510;unknown;control;2024-01-10 14:15:00+00:00;0.074;;
810510;unknown;control;2024-01-10 14:30:00+00:00;0.321;;
810510;unknown;control;2024-01-10 14:45:00+00:00;0.209;;
810510;unknown;control;2024-01-10 15:00:00+00:00;0.063;;
810510;unknown;control;2024-01-10 15:15:00+00:00;0.385;;
810510;unknown;control;2024-01-10 15:30:00+00:00;0.151;;
810510;unknown;control;2024-01-10 15:45:00+00:00;0.058;;
810510;unknown;control;2024-01-10 16:00:00+00:00;0.461;;
810510;unknown;control;2024-01-10 16:15:00+00:00;0.09;;
810510;unknown;control;2024-01-10 16:30:00+00:00;0.064;;
810510;unknown;control;2024-01-10 16:45:00+00:00;0.469;;
810510;unknown;control;2024-01-10 17:00:00+00:00;0.056;;
810510;unknown;control;2024-01-10 17:15:00+00:00;0.087;;
810510;unknown;control;2024-01-10 17:30:00+00:00;0.467;;
810510;unknown;control;2024-01-10 17:45:00+00:00;0.076;;
810510;unknown;control;2024-01-10 18:00:00+00:00;0.091;;
810510;unknown;control;2024-01-10 18:15:00+00:00;0.463;;
810510;unknown;control;2024-01-10 18:30:00+00:00;0.072;;
810510;unknown;control;2024-01-10 18:45:00+00:00;0.13;;
810510;unknown;control;2024-01-10 19:00:00+00:00;0.423;;
810510;unknown;control;2024-01-10 19:15:00+00:00;0.077;;
810510;unknown;control;2024-01-10 19:30:00+00:00;0.182;;
810510;unknown;control;2024-01-10 19:45:00+00:00;0.382;;
810510;unknown;control;2024-01-10 20:00:00+00:00;0.065;;
810510;unknown;control;2024-01-10 20:15:00+00:00;0.221;;
810510;unknown;control;2024-01-10 20:30:00+00:00;0.332;;
810510;unknown;control;2024-01-10 20:45:00+00:00;0.076;;
810510;unknown;control;2024-01-10 21:00:00+00:00;0.257;;
810510;unknown;control;2024-01-10 21:15:00+00:00;0.293;;
810510;unknown;control;2024-01-10 21:30:00+00:00;0.075;;
810510;unknown;control;2024-01-10 21:45:00+00:00;0.285;;
810510;unknown;control;2024-01-10 22:00:00+00:00;0.269;;
810510;unknown;control;2024-01-10 22:15:00+00:00;0.071;;
810510;unknown;control;2024-01-10 22:30:00+00:00;0.339;;
810510;unknown;control;2024-01-10 22:45:00+00:00;0.227;;
810510;unknown;control;2024-01-10 23:00:00+00:00;0.055;;
810510;unknown;control;2024-01-10 23:15:00+00:00;0.376;;
810510;unknown;control;2024-01-10 23:30:00+00:00;0.169;;
810510;unknown;control;2024-01-10 23:45:00+00:00;0.065;;
810510;unknown;control;2024-01-11 00:00:00+00:00;0.42;;
810510;unknown;control;2024-01-11 00:15:00+00:00;0.137;;
810510;unknown;control;2024-01-11 00:30:00+00:00;0.069;;
810510;unknown;control;2024-01-11 00:45:00+00:00;0.441;;
810510;unknown;control;2024-01-11 01:00:00+00:00;0.1;;
810510;unknown;control;2024-01-11 01:15:00+00:00;0.059;;
810510;unknown;control;2024-01-11 01:30:00+00:00;0.488;;
810510;unknown;control;2024-01-11 01:45:00+00:00;0.071;;
810510;unknown;control;2024-01-11 02:00:00+00:00;0.056;;
810510;unknown;control;2024-01-11 02:15:00+00:00;0.492;;
810510;unknown;control;2024-01-11 02:30:00+00:00;0.056;;
810510;unknown;control;2024-01-11 02:45:00+00:00;0.068;;
810510;unknown;control;2024-01-11 03:00:00+00:00;0.483;;
810510;unknown;control;2024-01-11 03:15:00+00:00;0.067;;
810510;unknown;control;2024-01-11 03:30:00+00:00;0.1;;
810510;unknown;control;2024-01-11 03:45:00+00:00;0.453;;
810510;unknown;control;2024-01-11 04:00:00+00:00;0.068;;
810510;unknown;control;2024-01-11 04:15:00+00:00;0.122;;
810510;unknown;control;2024-01-11 04:30:00+00:00;0.417;;
810510;unknown;control;2024-01-11 04:45:00+00:00;0.077;;
810510;unknown;control;2024-01-11 05:00:00+00:00;0.154;;
810510;unknown;control;2024-01-11 05:15:00+00:00;0.41;;
810510;unknown;control;2024-01-11 05:30:00+00:00;0.058;;
810510;unknown;control;2024-01-11 05:45:00+00:00;0.18;;
810510;unknown;control;2024-01-11 06:00:00+00:00;0.39;;
810510;unknown;control;2024-01-11 06:15:00+00:00;0.064;;
810510;unknown;control;2024-01-11 06:30:00+00:00;0.221;;
810510;unknown;control;2024-01-11 06:45:00+00:00;0.359;;
810510;unknown;control;2024-01-11 07:00:00+00:00;0.07;;
810510;unknown;control;2024-01-11 07:15:00+00:00;0.229;;
810510;unknown;control;2024-01-11 07:30:00+00:00;0.337;;
810510;unknown;control;2024-01-11 07:45:00+00:00;0.078;;
810510;unknown;control;2024-01-11 08:00:00+00:00;0.253;;
810510;unknown;control;2024-01-11 08:15:00+00:00;0.336;;
810510;unknown;control;2024-01-11 08:30:00+00:00;0.062;;
810510;unknown;control;2024-01-11 08:45:00+00:00;0.26;;
810510;unknown;control;2024-01-11 09:00:00+00:00;0.321;;
810510;unknown;control;2024-01-11 09:15:00+00:00;0.058;;
810510;unknown;control;2024-01-11 09:30:00+00:00;0.29;;
810510;unknown;control;2024-01-11 09:45:00+00:00;0.285;;
810510;unknown;control;2024-01-11 10:00:00+00:00;0.066;;
810510;unknown;control;2024-01-11 10:15:00+00:00;0.31;;
810510;unknown;control;2024-01-11 10:30:00+00:00;0.252;;
810510;unknown;control;2024-01-11 10:45:00+00:00;0.076;;
810510;unknown;control;2024-01-11 11:00:00+00:00;0.331;;
810510;unknown;control;2024-01-11 11:15:00+00:00;0.24;;
810510;unknown;control;2024-01-11 11:30:00+00:00;0.066;;
810510;unknown;control;2024-01-11 11:45:00+00:00;0.361;;
810510;unknown;control;2024-01-11 12:00:00+00:00;0.224;;
810510;unknown;control;2024-01-11 12:15:00+00:00;0.061;;
810510;unknown;control;2024-01-11 12:30:00+00:00;0.384;;
810510;unknown;control;2024-01-11 12:45:00+00:00;0.206;;
810510;unknown;control;2024-01-11 13:00:00+00:00;0.067;;
810510;unknown;control;2024-01-11 13:15:00+00:00;0.397;;
810510;unknown;control;2024-01-11 13:30:00+00:00;0.17;;
810510;unknown;control;2024-01-11 13:45:00+00:00;0.074;;
810510;unknown;control;2024-01-11 14:00:00+00:00;0.409;;
810510;unknown;control;2024-01-11 14:15:00+00:00;0.163;;
810510;unknown;control;2024-01-11 14:30:00+00:00;0.074;;
810510;unknown;control;2024-01-11 14:45:00+00:00;0.43;;
810510;unknown;control;2024-01-11 15:00:00+00:00;0.158;;
810510;unknown;control;2024-01-11 15:15:00+00:00;0.058;;
810510;unknown;control;2024-01-11 15:30:00+00:00;0.448;;
810510;unknown;control;2024-01-11 15:45:00+00:00;0.153;;
810510;unknown;control;2024-01-11 16:00:00+00:00;0.076;;
810510;unknown;control;2024-01-11 16:15:00+00:00;0.457;;
810510;unknown;control;2024-01-11 16:30:00+00:00;0.151;;
810510;unknown;control;2024-01-11 16:45:00+00:00;0.074;;
810510;unknown;control;2024-01-11 17:00:00+00:00;0.437;;
810510;unknown;control;2024-01-11 17:15:00+00:00;0.165;;
810510;unknown;control;2024-01-11 17:30:00+00:00;0.085;;
810510;unknown;control;2024-01-11 17:45:00+00:00;0.434;;
810510;unknown;control;2024-01-11 18:00:00+00:00;0.205;;
810510;unknown;control;2024-01-11 18:15:00+00:00;0.064;;
810510;unknown;control;2024-01-11 18:30:00+00:00;0.425;;
810510;unknown;control;2024-01-11 18:45:00+00:00;0.19;;
810510;unknown;control;2024-01-11 19:00:00+00:00;0.074;;
810510;unknown;control;2024-01-11 19:15:00+00:00;0.42;;
810510;unknown;control;2024-01-11 19:30:00+00:00;0.21;;
810510;unknown;control;2024-01-11 19:45:00+00:00;0.074;;
810510;unknown;control;2024-01-11 20:00:00+00:00;0.382;;
810510;unknown;control;2024-01-11 20:15:00+00:00;0.235;;
810510;unknown;control;2024-01-11 20:30:00+00:00;0.07;;
810510;unknown;control;2024-01-11 20:45:00+00:00;0.371;;
810510;unknown;control;2024-01-11 21:00:00+00:00;0.252;;
810510;unknown;control;2024-01-11 21:15:00+00:00;0.06;;
810510;unknown;control;2024-01-11 21:30:00+00:00;0.363;;
810510;unknown;control;2024-01-11 21:45:00+00:00;0.248;;
810510;unknown;control;2024-01-11 22:00:00+00:00;0.065;;
810510;unknown;control;2024-01-11 22:15:00+00:00;0.363;;
810510;unknown;control;2024-01-11 22:30:00+00:00;0.257;;
810510;unknown;control;2024-01-11 22:45:00+00:00;0.073;;
810510;unknown;control;2024-01-11 23:00:00+00:00;0.333;;
810510;unknown;control;2024-01-11 23:15:00+00:00;0.263;;
810510;unknown;control;2024-01-11 23:30:00+00:00;0.068;;
810510;unknown;control;2024-01-11 23:45:00+00:00;0.323;;
810510;unknown;control;2024-01-12 00:00:00+00:00;0.29;;
810510;unknown;control;2024-01-12 00:15:00+00:00;0.059;;
810510;unknown;control;2024-01-12 00:30:00+00:00;0.325;;
810510;unknown;control;2024-01-12 00:45:00+00:00;0.279;;
810510;unknown;control;2024-01-12 01:00:00+00:00;0.06;;
810510;unknown;control;2024-01-12 01:15:00+00:00;0.32;;
810510;unknown;control;2024-01-12 01:30:00+00:00;0.286;;
810510;unknown;control;2024-01-12 01:45:00+00:00;0.074;;
810510;unknown;control;2024-01-12 02:00:00+00:00;0.302;;
810510;unknown;control;2024-01-12 02:15:00+00:00;0.303;;
810510;unknown;control;2024-01-12 02:30:00+00:00;0.068;;
810510;unknown;control;2024-01-12 02:45:00+00:00;0.282;;
810510;unknown;control;2024-01-12 03:00:00+00:00;0.335;;
810510;unknown;control;2024-01-12 03:15:00+00:00;0.063;;
810510;unknown;control;2024-01-12 03:30:00+00:00;0.279;;
810510;unknown;control;2024-01-12 03:45:00+00:00;0.334;;
810510;unknown;control;2024-01-12 04:00:00+00:00;0.062;;
810510;unknown;control;2024-01-12 04:15:00+00:00;0.268;;
810510;unknown;control;2024-01-12 04:30:00+00:00;0.346;;
810510;unknown;control;2024-01-12 04:45:00+00:00;0.08;;
810510;unknown;control;2024-01-12 05:00:00+00:00;0.244;;
810510;unknown;control;2024-01-12 05:15:00+00:00;0.358;;
810510;unknown;control;2024-01-12 05:30:00+00:00;0.068;;
810510;unknown;control;2024-01-12 05:45:00+00:00;0.226;;
810510;unknown;control;2024-01-12 06:00:00+00:00;0.384;;
810510;unknown;control;2024-01-12 06:15:00+00:00;0.07;;
810510;unknown;control;2024-01-12 06:30:00+00:00;0.23;;
810510;unknown;control;2024-01-12 06:45:00+00:00;0.39;;
810510;unknown;control;2024-01-12 07:00:00+00:00;0.064;;
810510;unknown;control;2024-01-12 07:15:00+00:00;0.221;;
810510;unknown;control;2024-01-12 07:30:00+00:00;0.394;;
810510;unknown;control;2024-01-12 07:45:00+00:00;0.078;;
810510;unknown;control;2024-01-12 08:00:00+00:00;0.212;;
810510;unknown;control;2024-01-12 08:15:00+00:00;0.439;;
810510;unknown;control;2024-01-12 08:30:00+00:00;0.103;;
810510;unknown;control;2024-01-12 08:45:00+00:00;0.218;;
810510;unknown;control;2024-01-12 09:00:00+00:00;0.465;;
810510;unknown;control;2024-01-12 09:15:00+00:00;0.447;;
810510;unknown;control;2024-01-12 09:30:00+00:00;0.29;;
810510;unknown;control;2024-01-12 09:45:00+00:00;0.475;;
810510;unknown;control;2024-01-12 10:00:00+00:00;0.124;;
810510;unknown;control;2024-01-12 10:15:00+00:00;0.318;;
810510;unknown;control;2024-01-12 10:30:00+00:00;0.555;;
810510;unknown;control;2024-01-12 10:45:00+00:00;0.138;;
810510;unknown;control;2024-01-12 11:00:00+00:00;0.265;;
810510;unknown;control;2024-01-12 11:15:00+00:00;0.455;;
810510;unknown;control;2024-01-12 11:30:00+00:00;0.121;;
810510;unknown;control;2024-01-12 11:45:00+00:00;0.209;;
810510;unknown;control;2024-01-12 12:00:00+00:00;0.35;;
810510;unknown;control;2024-01-12 12:15:00+00:00;0.072;;
810510;unknown;control;2024-01-12 12:30:00+00:00;0.272;;
810510;unknown;control;2024-01-12 12:45:00+00:00;0.296;;
810510;unknown;control;2024-01-12 13:00:00+00:00;0.07;;
810510;unknown;control;2024-01-12 13:15:00+00:00;0.337;;
810510;unknown;control;2024-01-12 13:30:00+00:00;0.205;;
810510;unknown;control;2024-01-12 13:45:00+00:00;0.071;;
810510;unknown;control;2024-01-12 14:00:00+00:00;0.399;;
810510;unknown;control;2024-01-12 14:15:00+00:00;0.114;;
810510;unknown;control;2024-01-12 14:30:00+00:00;0.076;;
810510;unknown;control;2024-01-12 14:45:00+00:00;0.439;;
810510;unknown;control;2024-01-12 15:00:00+00:00;0.071;;
810510;unknown;control;2024-01-12 15:15:00+00:00;0.07;;
810510;unknown;control;2024-01-12 15:30:00+00:00;0.445;;
810510;unknown;control;2024-01-12 15:45:00+00:00;0.081;;
810510;unknown;control;2024-01-12 16:00:00+00:00;0.119;;
810510;unknown;control;2024-01-12 16:15:00+00:00;0.43;;
810510;unknown;control;2024-01-12 16:30:00+00:00;0.059;;
810510;unknown;control;2024-01-12 16:45:00+00:00;0.168;;
810510;unknown;control;2024-01-12 17:00:00+00:00;0.372;;
810510;unknown;control;2024-01-12 17:15:00+00:00;0.063;;
810510;unknown;control;2024-01-12 17:30:00+00:00;0.241;;
810510;unknown;control;2024-01-12 17:45:00+00:00;0.303;;
810510;unknown;control;2024-01-12 18:00:00+00:00;0.07;;
810510;unknown;control;2024-01-12 18:15:00+00:00;0.276;;
810510;unknown;control;2024-01-12 18:30:00+00:00;0.26;;
810510;unknown;control;2024-01-12 18:45:00+00:00;0.073;;
810510;unknown;control;2024-01-12 19:00:00+00:00;0.328;;
810510;unknown;control;2024-01-12 19:15:00+00:00;0.224;;
810510;unknown;control;2024-01-12 19:30:00+00:00;0.063;;
810510;unknown;control;2024-01-12 19:45:00+00:00;0.386;;
810510;unknown;control;2024-01-12 20:00:00+00:00;0.155;;
810510;unknown;control;2024-01-12 20:15:00+00:00;0.062;;
810510;unknown;control;2024-01-12 20:30:00+00:00;0.455;;
810510;unknown;control;2024-01-12 20:45:00+00:00;0.126;;
810510;unknown;control;2024-01-12 21:00:00+00:00;0.073;;
810510;unknown;control;2024-01-12 21:15:00+00:00;0.473;;
810510;unknown;control;2024-01-12 21:30:00+00:00;0.085;;
810510;unknown;control;2024-01-12 21:45:00+00:00;0.073;;
810510;unknown;control;2024-01-12 22:00:00+00:00;0.503;;
810510;unknown;control;2024-01-12 22:15:00+00:00;0.094;;
810510;unknown;control;2024-01-12 22:30:00+00:00;0.07;;
810510;unknown;control;2024-01-12 22:45:00+00:00;0.515;;
810510;unknown;control;2024-01-12 23:00:00+00:00;0.083;;
810510;unknown;control;2024-01-12 23:15:00+00:00;0.056;;
810510;unknown;control;2024-01-12 23:30:00+00:00;0.522;;
810510;unknown;control;2024-01-12 23:45:00+00:00;0.079;;
810510;unknown;control;2024-01-13 00:00:00+00:00;0.077;;
810510;unknown;control;2024-01-13 00:15:00+00:00;0.508;;
810510;unknown;control;2024-01-13 00:30:00+00:00;0.096;;
810510;unknown;control;2024-01-13 00:45:00+00:00;0.07;;
810510;unknown;control;2024-01-13 01:00:00+00:00;0.485;;
810510;unknown;control;2024-01-13 01:15:00+00:00;0.12;;
810510;unknown;control;2024-01-13 01:30:00+00:00;0.064;;
810510;unknown;control;2024-01-13 01:45:00+00:00;0.488;;
810510;unknown;control;2024-01-13 02:00:00+00:00;0.125;;
810510;unknown;control;2024-01-13 02:15:00+00:00;0.057;;
810510;unknown;control;2024-01-13 02:30:00+00:00;0.479;;
810510;unknown;control;2024-01-13 02:45:00+00:00;0.125;;
810510;unknown;control;2024-01-13 03:00:00+00:00;0.069;;
810510;unknown;control;2024-01-13 03:15:00+00:00;0.466;;
810510;unknown;control;2024-01-13 03:30:00+00:00;0.151;;
810510;unknown;control;2024-01-13 03:45:00+00:00;0.068;;
810510;unknown;control;2024-01-13 04:00:00+00:00;0.435;;
810510;unknown;control;2024-01-13 04:15:00+00:00;0.172;;
810510;unknown;control;2024-01-13 04:30:00+00:00;0.059;;
810510;unknown;control;2024-01-13 04:45:00+00:00;0.434;;
810510;unknown;control;2024-01-13 05:00:00+00:00;0.177;;
810510;unknown;control;2024-01-13 05:15:00+00:00;0.059;;
810510;unknown;control;2024-01-13 05:30:00+00:00;0.432;;
810510;unknown;control;2024-01-13 05:45:00+00:00;0.165;;
810510;unknown;control;2024-01-13 06:00:00+00:00;0.073;;
810510;unknown;control;2024-01-13 06:15:00+00:00;0.421;;
810510;unknown;control;2024-01-13 06:30:00+00:00;0.187;;
810510;unknown;control;2024-01-13 06:45:00+00:00;0.086;;
810510;unknown;control;2024-01-13 07:00:00+00:00;0.413;;
810510;unknown;control;2024-01-13 07:15:00+00:00;0.193;;
810510;unknown;control;2024-01-13 07:30:00+00:00;0.066;;
810510;unknown;control;2024-01-13 07:45:00+00:00;0.419;;
810510;unknown;control;2024-01-13 08:00:00+00:00;0.179;;
810510;unknown;control;2024-01-13 08:15:00+00:00;0.07;;
810510;unknown;control;2024-01-13 08:30:00+00:00;0.435;;
810510;unknown;control;2024-01-13 08:45:00+00:00;0.157;;
810510;unknown;control;2024-01-13 09:00:00+00:00;0.072;;
810510;unknown;control;2024-01-13 09:15:00+00:00;0.432;;
810510;unknown;control;2024-01-13 09:30:00+00:00;0.144;;
810510;unknown;control;2024-01-13 09:45:00+00:00;0.081;;
810510;unknown;control;2024-01-13 10:00:00+00:00;0.453;;
810510;unknown;control;2024-01-13 10:15:00+00:00;0.118;;
810510;unknown;control;2024-01-13 10:30:00+00:00;0.064;;
810510;unknown;control;2024-01-13 10:45:00+00:00;0.479;;
810510;unknown;control;2024-01-13 11:00:00+00:00;0.071;;
810510;unknown;control;2024-01-13 11:15:00+00:00;0.069;;
810510;unknown;control;2024-01-13 11:30:00+00:00;0.489;;
810510;unknown;control;2024-01-13 11:45:00+00:00;0.067;;
810510;unknown;control;2024-01-13 12:00:00+00:00;0.095;;
810510;unknown;control;2024-01-13 12:15:00+00:00;0.438;;
810510;unknown;control;2024-01-13 12:30:00+00:00;0.073;;
810510;unknown;control;2024-01-13 12:45:00+00:00;0.173;;
810510;unknown;control;2024-01-13 13:00:00+00:00;0.334;;
810510;unknown;control;2024-01-13 13:15:00+00:00;0.092;;
810510;unknown;control;2024-01-13 13:30:00+00:00;0.263;;
810510;unknown;control;2024-01-13 13:45:00+00:00;0.243;;
810510;unknown;control;2024-01-13 14:00:00+00:00;0.08;;
810510;unknown;control;2024-01-13 14:15:00+00:00;0.36;;
810510;unknown;control;2024-01-13 14:30:00+00:00;0.13;;
810510;unknown;control;2024-01-13 14:45:00+00:00;0.068;;
810510;unknown;control;2024-01-13 15:00:00+00:00;0.424;;
810510;unknown;control;2024-01-13 15:15:00+00:00;0.066;;
810510;unknown;control;2024-01-13 15:30:00+00:00;0.07;;
810510;unknown;control;2024-01-13 15:45:00+00:00;0.434;;
810510;unknown;control;2024-01-13 16:00:00+00:00;0.06;;
810510;unknown;control;2024-01-13 16:15:00+00:00;0.173;;
810510;unknown;control;2024-01-13 16:30:00+00:00;0.357;;
810510;unknown;control;2024-01-13 16:45:00+00:00;0.065;;
810510;unknown;control;2024-01-13 17:00:00+00:00;0.228;;
810510;unknown;control;2024-01-13 17:15:00+00:00;0.276;;
810510;unknown;control;2024-01-13 17:30:00+00:00;0.073;;
810510;unknown;control;2024-01-13 17:45:00+00:00;0.313;;
810510;unknown;control;2024-01-13 18:00:00+00:00;0.238;;
810510;unknown;control;2024-01-13 18:15:00+00:00;0.078;;
810510;unknown;control;2024-01-13 18:30:00+00:00;0.369;;
810510;unknown;control;2024-01-13 18:45:00+00:00;0.195;;
810510;unknown;control;2024-01-13 19:00:00+00:00;0.07;;
810510;unknown;control;2024-01-13 19:15:00+00:00;0.434;;
810510;unknown;control;2024-01-13 19:30:00+00:00;0.151;;
810510;unknown;control;2024-01-13 19:45:00+00:00;0.083;;
810510;unknown;control;2024-01-13 20:00:00+00:00;0.486;;
810510;unknown;control;2024-01-13 20:15:00+00:00;0.088;;
810510;unknown;control;2024-01-13 20:30:00+00:00;0.099;;
810510;unknown;control;2024-01-13 20:45:00+00:00;0.502;;
810510;unknown;control;2024-01-13 21:00:00+00:00;0.091;;
810510;unknown;control;2024-01-13 21:15:00+00:00;0.099;;
810510;unknown;control;2024-01-13 21:30:00+00:00;0.528;;
810510;unknown;control;2024-01-13 21:45:00+00:00;0.095;;
810510;unknown;control;2024-01-13 22:00:00+00:00;0.079;;
810510;unknown;control;2024-01-13 22:15:00+00:00;0.501;;
810510;unknown;control;2024-01-13 22:30:00+00:00;0.066;;
810510;unknown;control;2024-01-13 22:45:00+00:00;0.114;;
810510;unknown;control;2024-01-13 23:00:00+00:00;0.458;;
810510;unknown;control;2024-01-13 23:15:00+00:00;0.055;;
810510;unknown;control;2024-01-13 23:30:00+00:00;0.156;;
810510;unknown;control;2024-01-13 23:45:00+00:00;0.401;;
810510;unknown;control;2024-01-14 00:00:00+00:00;0.07;;
810510;unknown;control;2024-01-14 00:15:00+00:00;0.199;;
810510;unknown;control;2024-01-14 00:30:00+00:00;0.385;;
810510;unknown;control;2024-01-14 00:45:00+00:00;0.082;;
810510;unknown;control;2024-01-14 01:00:00+00:00;0.243;;
810510;unknown;control;2024-01-14 01:15:00+00:00;0.351;;
810510;unknown;control;2024-01-14 01:30:00+00:00;0.074;;
810510;unknown;control;2024-01-14 01:45:00+00:00;0.271;;
810510;unknown;control;2024-01-14 02:00:00+00:00;0.351;;
810510;unknown;control;2024-01-14 02:15:00+00:00;0.093;;
810510;unknown;control;2024-01-14 02:30:00+00:00;0.276;;
810510;unknown;control;2024-01-14 02:45:00+00:00;0.298;;
810510;unknown;control;2024-01-14 03:00:00+00:00;0.076;;
810510;unknown;control;2024-01-14 03:15:00+00:00;0.303;;
810510;unknown;control;2024-01-14 03:30:00+00:00;0.259;;
810510;unknown;control;2024-01-14 03:45:00+00:00;0.085;;
810510;unknown;control;2024-01-14 04:00:00+00:00;0.351;;
810510;unknown;control;2024-01-14 04:15:00+00:00;0.257;;
810510;unknown;control;2024-01-14 04:30:00+00:00;0.072;;
810510;unknown;control;2024-01-14 04:45:00+00:00;0.345;;
810510;unknown;control;2024-01-14 05:00:00+00:00;0.253;;
810510;unknown;control;2024-01-14 05:15:00+00:00;0.068;;
810510;unknown;control;2024-01-14 05:30:00+00:00;0.379;;
810510;unknown;control;2024-01-14 05:45:00+00:00;0.239;;
810510;unknown;control;2024-01-14 06:00:00+00:00;0.067;;
810510;unknown;control;2024-01-14 06:15:00+00:00;0.377;;
810510;unknown;control;2024-01-14 06:30:00+00:00;0.223;;
810510;unknown;control;2024-01-14 06:45:00+00:00;0.074;;
810510;unknown;control;2024-01-14 07:00:00+00:00;0.379;;
810510;unknown;control;2024-01-14 07:15:00+00:00;0.23;;
810510;unknown;control;2024-01-14 07:30:00+00:00;0.075;;
810510;unknown;control;2024-01-14 07:45:00+00:00;0.375;;
810510;unknown;control;2024-01-14 08:00:00+00:00;0.225;;
810510;unknown;control;2024-01-14 08:15:00+00:00;0.061;;
810510;unknown;control;2024-01-14 08:30:00+00:00;0.387;;
810510;unknown;control;2024-01-14 08:45:00+00:00;0.222;;
810510;unknown;control;2024-01-14 09:00:00+00:00;0.064;;
810510;unknown;control;2024-01-14 09:15:00+00:00;0.4;;
810510;unknown;control;2024-01-14 09:30:00+00:00;0.189;;
810510;unknown;control;2024-01-14 09:45:00+00:00;0.078;;
810510;unknown;control;2024-01-14 10:00:00+00:00;0.415;;
810510;unknown;control;2024-01-14 10:15:00+00:00;0.123;;
810510;unknown;control;2024-01-14 10:30:00+00:00;0.067;;
810510;unknown;control;2024-01-14 10:45:00+00:00;0.431;;
810510;unknown;control;2024-01-14 11:00:00+00:00;0.058;;
810510;unknown;control;2024-01-14 11:15:00+00:00;0.046;;
810510;unknown;control;2024-01-14 11:30:00+00:00;0.405;;
810510;unknown;control;2024-01-14 11:45:00+00:00;0.048;;
810510;unknown;control;2024-01-14 12:00:00+00:00;0.093;;
810510;unknown;control;2024-01-14 12:15:00+00:00;0.347;;
810510;unknown;control;2024-01-14 12:30:00+00:00;0.029;;
810510;unknown;control;2024-01-14 12:45:00+00:00;0.186;;
810510;unknown;control;2024-01-14 13:00:00+00:00;0.213;;
810510;unknown;control;2024-01-14 13:15:00+00:00;0.016;;
810510;unknown;control;2024-01-14 13:30:00+00:00;0.306;;
810510;unknown;control;2024-01-14 13:45:00+00:00;0.086;;
810510;unknown;control;2024-01-14 14:00:00+00:00;0.037;;
810510;unknown;control;2024-01-14 14:15:00+00:00;0.372;;
810510;unknown;control;2024-01-14 14:30:00+00:00;0.064;;
810510;unknown;control;2024-01-14 14:45:00+00:00;0.106;;
810510;unknown;control;2024-01-14 15:00:00+00:00;0.368;;
810510;unknown;control;2024-01-14 15:15:00+00:00;0.085;;
810510;unknown;control;2024-01-14 15:30:00+00:00;0.22;;
810510;unknown;control;2024-01-14 15:45:00+00:00;0.236;;
810510;unknown;control;2024-01-14 16:00:00+00:00;0.071;;
810510;unknown;control;2024-01-14 16:15:00+00:00;0.358;;
810510;unknown;control;2024-01-14 16:30:00+00:00;0.117;;
810510;unknown;control;2024-01-14 16:45:00+00:00;0.068;;
810510;unknown;control;2024-01-14 17:00:00+00:00;0.464;;
810510;unknown;control;2024-01-14 17:15:00+00:00;0.114;;
810510;unknown;control;2024-01-14 17:30:00+00:00;0.11;;
810510;unknown;control;2024-01-14 17:45:00+00:00;0.429;;
810510;unknown;control;2024-01-14 18:00:00+00:00;0.078;;
810510;unknown;control;2024-01-14 18:15:00+00:00;0.228;;
810510;unknown;control;2024-01-14 18:30:00+00:00;0.267;;
810510;unknown;control;2024-01-14 18:45:00+00:00;0.108;;
810510;unknown;control;2024-01-14 19:00:00+00:00;0.448;;
810510;unknown;control;2024-01-14 19:15:00+00:00;0.167;;
810510;unknown;control;2024-01-14 19:30:00+00:00;0.129;;
810510;unknown;control;2024-01-14 19:45:00+00:00;0.418;;
810510;unknown;control;2024-01-14 20:00:00+00:00;0.078;;
810510;unknown;control;2024-01-14 20:15:00+00:00;0.113;;
810510;unknown;control;2024-01-14 20:30:00+00:00;0.367;;
810510;unknown;control;2024-01-14 20:45:00+00:00;0.087;;
810510;unknown;control;2024-01-14 21:00:00+00:00;0.266;;
810510;unknown;control;2024-01-14 21:15:00+00:00;0.294;;
810510;unknown;control;2024-01-14 21:30:00+00:00;0.103;;
810510;unknown;control;2024-01-14 21:45:00+00:00;0.385;;
810510;unknown;control;2024-01-14 22:00:00+00:00;0.154;;
810510;unknown;control;2024-01-14 22:15:00+00:00;0.076;;
810510;unknown;control;2024-01-14 22:30:00+00:00;0.424;;
810510;unknown;control;2024-01-14 22:45:00+00:00;0.071;;
810510;unknown;control;2024-01-14 23:00:00+00:00;0.071;;
810510;unknown;control;2024-01-14 23:15:00+00:00;0.384;;
810510;unknown;control;2024-01-14 23:30:00+00:00;0.068;;
810510;unknown;control;2024-01-14 23:45:00+00:00;0.204;;
810510;unknown;control;2024-01-15 00:00:00+00:00;0.251;;
810510;unknown;control;2024-01-15 00:15:00+00:00;0.058;;
810510;unknown;control;2024-01-15 00:30:00+00:00;0.338;;
810510;unknown;control;2024-01-15 00:45:00+00:00;0.124;;
810510;unknown;control;2024-01-15 01:00:00+00:00;0.076;;
810510;unknown;control;2024-01-15 01:15:00+00:00;0.391;;
810510;unknown;control;2024-01-15 01:30:00+00:00;0.065;;
810510;unknown;control;2024-01-15 01:45:00+00:00;0.088;;
810510;unknown;control;2024-01-15 02:00:00+00:00;0.367;;
810510;unknown;control;2024-01-15 02:15:00+00:00;0.07;;
810510;unknown;control;2024-01-15 02:30:00+00:00;0.202;;
810510;unknown;control;2024-01-15 02:45:00+00:00;0.258;;
810510;unknown;control;2024-01-15 03:00:00+00:00;0.071;;
810510;unknown;control;2024-01-15 03:15:00+00:00;0.319;;
810510;unknown;control;2024-01-15 03:30:00+00:00;0.135;;
810510;unknown;control;2024-01-15 03:45:00+00:00;0.075;;
810510;unknown;control;2024-01-15 04:00:00+00:00;0.399;;
810510;unknown;control;2024-01-15 04:15:00+00:00;0.071;;
810510;unknown;control;2024-01-15 04:30:00+00:00;0.072;;
810510;unknown;control;2024-01-15 04:45:00+00:00;0.398;;
810510;unknown;control;2024-01-15 05:00:00+00:00;0.06;;
810510;unknown;control;2024-01-15 05:15:00+00:00;0.2;;
810510;unknown;control;2024-01-15 05:30:00+00:00;0.271;;
810510;unknown;control;2024-01-15 05:45:00+00:00;0.059;;
810510;unknown;control;2024-01-15 06:00:00+00:00;0.329;;
810510;unknown;control;2024-01-15 06:15:00+00:00;0.157;;
810510;unknown;control;2024-01-15 06:30:00+00:00;0.073;;
810510;unknown;control;2024-01-15 06:45:00+00:00;0.397;;
810510;unknown;control;2024-01-15 07:00:00+00:00;0.067;;
810510;unknown;control;2024-01-15 07:15:00+00:00;0.079;;
810510;unknown;control;2024-01-15 07:30:00+00:00;0.397;;
810510;unknown;control;2024-01-15 07:45:00+00:00;0.089;;
810510;unknown;control;2024-01-15 08:00:00+00:00;0.156;;
810510;unknown;control;2024-01-15 08:15:00+00:00;0.307;;
810510;unknown;control;2024-01-15 08:30:00+00:00;0.068;;
810510;unknown;control;2024-01-15 08:45:00+00:00;0.274;;
810510;unknown;control;2024-01-15 09:00:00+00:00;0.197;;
810510;unknown;control;2024-01-15 09:15:00+00:00;0.071;;
810510;unknown;control;2024-01-15 09:30:00+00:00;0.42;;
810510;unknown;control;2024-01-15 09:45:00+00:00;0.072;;
810510;unknown;control;2024-01-15 10:00:00+00:00;0.072;;
810510;unknown;control;2024-01-15 10:15:00+00:00;0.403;;
810510;unknown;control;2024-01-15 10:30:00+00:00;0.057;;
810510;unknown;control;2024-01-15 10:45:00+00:00;0.144;;
810510;unknown;control;2024-01-15 11:00:00+00:00;0.314;;
810510;unknown;control;2024-01-15 11:15:00+00:00;0.055;;
810510;unknown;control;2024-01-15 11:30:00+00:00;0.254;;
810510;unknown;control;2024-01-15 11:45:00+00:00;0.168;;
810510;unknown;control;2024-01-15 12:00:00+00:00;0.065;;
810510;unknown;control;2024-01-15 12:15:00+00:00;0.359;;
810510;unknown;control;2024-01-15 12:30:00+00:00;0.057;;
810510;unknown;control;2024-01-15 12:45:00+00:00;0.055;;
810510;unknown;control;2024-01-15 13:00:00+00:00;0.351;;
810510;unknown;control;2024-01-15 13:15:00+00:00;0.056;;
810510;unknown;control;2024-01-15 13:30:00+00:00;0.156;;
810510;unknown;control;2024-01-15 13:45:00+00:00;0.255;;
810510;unknown;control;2024-01-15 14:00:00+00:00;0.056;;
810510;unknown;control;2024-01-15 14:15:00+00:00;0.319;;
810510;unknown;control;2024-01-15 14:30:00+00:00;0.111;;
810510;unknown;control;2024-01-15 14:45:00+00:00;0.05;;
810510;unknown;control;2024-01-15 15:00:00+00:00;0.373;;
810510;unknown;control;2024-01-15 15:15:00+00:00;0.07;;
810510;unknown;control;2024-01-15 15:30:00+00:00;0.12;;
810510;unknown;control;2024-01-15 15:45:00+00:00;0.33;;
810510;unknown;control;2024-01-15 16:00:00+00:00;0.068;;
810510;unknown;control;2024-01-15 16:15:00+00:00;0.28;;
810510;unknown;control;2024-01-15 16:30:00+00:00;0.183;;
810510;unknown;control;2024-01-15 16:45:00+00:00;0.086;;
810510;unknown;control;2024-01-15 17:00:00+00:00;0.383;;
810510;unknown;control;2024-01-15 17:15:00+00:00;0.07;;
810510;unknown;control;2024-01-15 17:30:00+00:00;0.091;;
810510;unknown;control;2024-01-15 17:45:00+00:00;0.391;;
810510;unknown;control;2024-01-15 18:00:00+00:00;0.075;;
810510;unknown;control;2024-01-15 18:15:00+00:00;0.177;;
810510;unknown;control;2024-01-15 18:30:00+00:00;0.294;;
810510;unknown;control;2024-01-15 18:45:00+00:00;0.074;;
810510;unknown;control;2024-01-15 19:00:00+00:00;0.289;;
810510;unknown;control;2024-01-15 19:15:00+00:00;0.193;;
810510;unknown;control;2024-01-15 19:30:00+00:00;0.069;;
810510;unknown;control;2024-01-15 19:45:00+00:00;0.408;;
810510;unknown;control;2024-01-15 20:00:00+00:00;0.071;;
810510;unknown;control;2024-01-15 20:15:00+00:00;0.062;;
810510;unknown;control;2024-01-15 20:30:00+00:00;0.414;;
810510;unknown;control;2024-01-15 20:45:00+00:00;0.073;;
810510;unknown;control;2024-01-15 21:00:00+00:00;0.158;;
810510;unknown;control;2024-01-15 21:15:00+00:00;0.323;;
810510;unknown;control;2024-01-15 21:30:00+00:00;0.061;;
810510;unknown;control;2024-01-15 21:45:00+00:00;0.277;;
810510;unknown;control;2024-01-15 22:00:00+00:00;0.203;;
810510;unknown;control;2024-01-15 22:15:00+00:00;0.07;;
810510;unknown;control;2024-01-15 22:30:00+00:00;0.389;;
810510;unknown;control;2024-01-15 22:45:00+00:00;0.099;;
810510;unknown;control;2024-01-15 23:00:00+00:00;0.072;;
810510;unknown;control;2024-01-15 23:15:00+00:00;0.418;;
810510;unknown;control;2024-01-15 23:30:00+00:00;0.069;;
810510;unknown;control;2024-01-15 23:45:00+00:00;0.068;;
810510;unknown;control;2024-01-16 00:00:00+00:00;0.443;;
810510;unknown;control;2024-01-16 00:15:00+00:00;0.079;;
810510;unknown;control;2024-01-16 00:30:00+00:00;0.134;;
810510;unknown;control;2024-01-16 00:45:00+00:00;0.384;;
810510;unknown;control;2024-01-16 01:00:00+00:00;0.06;;
810510;unknown;control;2024-01-16 01:15:00+00:00;0.208;;
810510;unknown;control;2024-01-16 01:30:00+00:00;0.327;;
810510;unknown;control;2024-01-16 01:45:00+00:00;0.063;;
810510;unknown;control;2024-01-16 02:00:00+00:00;0.277;;
810510;unknown;control;2024-01-16 02:15:00+00:00;0.275;;
810510;unknown;control;2024-01-16 02:30:00+00:00;0.066;;
810510;unknown;control;2024-01-16 02:45:00+00:00;0.309;;
810510;unknown;control;2024-01-16 03:00:00+00:00;0.242;;
810510;unknown;control;2024-01-16 03:15:00+00:00;0.073;;
810510;unknown;control;2024-01-16 03:30:00+00:00;0.347;;
810510;unknown;control;2024-01-16 03:45:00+00:00;0.209;;
810510;unknown;control;2024-01-16 04:00:00+00:00;0.064;;
810510;unknown;control;2024-01-16 04:15:00+00:00;0.391;;
810510;unknown;control;2024-01-16 04:30:00+00:00;0.155;;
810510;unknown;control;2024-01-16 04:45:00+00:00;0.057;;
810510;unknown;control;2024-01-16 05:00:00+00:00;0.456;;
810510;unknown;control;2024-01-16 05:15:00+00:00;0.098;;
810510;unknown;control;2024-01-16 05:30:00+00:00;0.062;;
810510;unknown;control;2024-01-16 05:45:00+00:00;0.477;;
810510;unknown;control;2024-01-16 06:00:00+00:00;0.06;;
810510;unknown;control;2024-01-16 06:15:00+00:00;0.078;;
810510;unknown;control;2024-01-16 06:30:00+00:00;0.465;;
810510;unknown;control;2024-01-16 06:45:00+00:00;0.084;;
810510;unknown;control;2024-01-16 07:00:00+00:00;0.103;;
810510;unknown;control;2024-01-16 07:15:00+00:00;0.443;;
810510;unknown;control;2024-01-16 07:30:00+00:00;0.08;;
810510;unknown;control;2024-01-16 07:45:00+00:00;0.145;;
810510;unknown;control;2024-01-16 08:00:00+00:00;0.408;;
810510;unknown;control;2024-01-16 08:15:00+00:00;0.06;;
810510;unknown;control;2024-01-16 08:30:00+00:00;0.162;;
810510;unknown;control;2024-01-16 08:45:00+00:00;0.312;;
810510;unknown;control;2024-01-16 09:00:00+00:00;0.017;;
810510;unknown;control;2024-01-16 09:15:00+00:00;0.175;;
810510;unknown;control;2024-01-16 09:30:00+00:00;0.227;;
810510;unknown;control;2024-01-16 09:45:00+00:00;0.028;;
810510;unknown;control;2024-01-16 10:00:00+00:00;0.276;;
810510;unknown;control;2024-01-16 10:15:00+00:00;0.171;;
810510;unknown;control;2024-01-16 10:30:00+00:00;0.025;;
810510;unknown;control;2024-01-16 10:45:00+00:00;0.325;;
810510;unknown;control;2024-01-16 11:00:00+00:00;0.03;;
810510;unknown;control;2024-01-16 11:15:00+00:00;0.0;;
810510;unknown;control;2024-01-16 11:30:00+00:00;0.14;;
810510;unknown;control;2024-01-16 11:45:00+00:00;0.002;;
810510;unknown;control;2024-01-16 12:00:00+00:00;0.013;;
810510;unknown;control;2024-01-16 12:15:00+00:00;0.117;;
810510;unknown;control;2024-01-16 12:30:00+00:00;0.001;;
810510;unknown;control;2024-01-16 12:45:00+00:00;0.052;;
810510;unknown;control;2024-01-16 13:00:00+00:00;0.028;;
810510;unknown;control;2024-01-16 13:15:00+00:00;0.001;;
810510;unknown;control;2024-01-16 13:30:00+00:00;0.155;;
810510;unknown;control;2024-01-16 13:45:00+00:00;0.002;;
810510;unknown;control;2024-01-16 14:00:00+00:00;0.002;;
810510;unknown;control;2024-01-16 14:15:00+00:00;0.221;;
810510;unknown;control;2024-01-16 14:30:00+00:00;0.001;;
810510;unknown;control;2024-01-16 14:45:00+00:00;0.073;;
810510;unknown;control;2024-01-16 15:00:00+00:00;0.154;;
810510;unknown;control;2024-01-16 15:15:00+00:00;0.003;;
810510;unknown;control;2024-01-16 15:30:00+00:00;0.206;;
810510;unknown;control;2024-01-16 15:45:00+00:00;0.05;;
810510;unknown;control;2024-01-16 16:00:00+00:00;0.002;;
810510;unknown;control;2024-01-16 16:15:00+00:00;0.267;;
810510;unknown;control;2024-01-16 16:30:00+00:00;0.003;;
810510;unknown;control;2024-01-16 16:45:00+00:00;0.051;;
810510;unknown;control;2024-01-16 17:00:00+00:00;0.346;;
810510;unknown;control;2024-01-16 17:15:00+00:00;0.072;;
810510;unknown;control;2024-01-16 17:30:00+00:00;0.232;;
810510;unknown;control;2024-01-16 17:45:00+00:00;0.22;;
810510;unknown;control;2024-01-16 18:00:00+00:00;0.07;;
810510;unknown;control;2024-01-16 18:15:00+00:00;0.363;;
810510;unknown;control;2024-01-16 18:30:00+00:00;0.116;;
810510;unknown;control;2024-01-16 18:45:00+00:00;0.063;;
810510;unknown;control;2024-01-16 19:00:00+00:00;0.406;;
810510;unknown;control;2024-01-16 19:15:00+00:00;0.068;;
810510;unknown;control;2024-01-16 19:30:00+00:00;0.098;;
810510;unknown;control;2024-01-16 19:45:00+00:00;0.38;;
810510;unknown;control;2024-01-16 20:00:00+00:00;0.062;;
810510;unknown;control;2024-01-16 20:15:00+00:00;0.23;;
810510;unknown;control;2024-01-16 20:30:00+00:00;0.251;;
810510;unknown;control;2024-01-16 20:45:00+00:00;0.063;;
810510;unknown;control;2024-01-16 21:00:00+00:00;0.345;;
810510;unknown;control;2024-01-16 21:15:00+00:00;0.125;;
810510;unknown;control;2024-01-16 21:30:00+00:00;0.072;;
810510;unknown;control;2024-01-16 21:45:00+00:00;0.4;;
810510;unknown;control;2024-01-16 22:00:00+00:00;0.07;;
810510;unknown;control;2024-01-16 22:15:00+00:00;0.084;;
810510;unknown;control;2024-01-16 22:30:00+00:00;0.38;;
810510;unknown;control;2024-01-16 22:45:00+00:00;0.074;;
810510;unknown;control;2024-01-16 23:00:00+00:00;0.193;;
810510;unknown;control;2024-01-16 23:15:00+00:00;0.256;;
810510;unknown;control;2024-01-16 23:30:00+00:00;0.078;;
810510;unknown;control;2024-01-16 23:45:00+00:00;0.32;;
810510;unknown;control;2024-01-17 00:00:00+00:00;0.137;;
810510;unknown;control;2024-01-17 00:15:00+00:00;0.058;;
810510;unknown;control;2024-01-17 00:30:00+00:00;0.392;;
810510;unknown;control;2024-01-17 00:45:00+00:00;0.067;;
810510;unknown;control;2024-01-17 01:00:00+00:00;0.073;;
810510;unknown;control;2024-01-17 01:15:00+00:00;0.396;;
810510;unknown;control;2024-01-17 01:30:00+00:00;0.057;;
810510;unknown;control;2024-01-17 01:45:00+00:00;0.206;;
810510;unknown;control;2024-01-17 02:00:00+00:00;0.252;;
810510;unknown;control;2024-01-17 02:15:00+00:00;0.058;;
810510;unknown;control;2024-01-17 02:30:00+00:00;0.343;;
810510;unknown;control;2024-01-17 02:45:00+00:00;0.123;;
810510;unknown;control;2024-01-17 03:00:00+00:00;0.073;;
810510;unknown;control;2024-01-17 03:15:00+00:00;0.387;;
810510;unknown;control;2024-01-17 03:30:00+00:00;0.059;;
810510;unknown;control;2024-01-17 03:45:00+00:00;0.094;;
810510;unknown;control;2024-01-17 04:00:00+00:00;0.356;;
810510;unknown;control;2024-01-17 04:15:00+00:00;0.069;;
810510;unknown;control;2024-01-17 04:30:00+00:00;0.225;;
810510;unknown;control;2024-01-17 04:45:00+00:00;0.23;;
810510;unknown;control;2024-01-17 05:00:00+00:00;0.07;;
810510;unknown;control;2024-01-17 05:15:00+00:00;0.342;;
810510;unknown;control;2024-01-17 05:30:00+00:00;0.106;;
810510;unknown;control;2024-01-17 05:45:00+00:00;0.065;;
810510;unknown;control;2024-01-17 06:00:00+00:00;0.387;;
810510;unknown;control;2024-01-17 06:15:00+00:00;0.086;;
810510;unknown;control;2024-01-17 06:30:00+00:00;0.106;;
810510;unknown;control;2024-01-17 06:45:00+00:00;0.343;;
810510;unknown;control;2024-01-17 07:00:00+00:00;0.071;;
810510;unknown;control;2024-01-17 07:15:00+00:00;0.257;;
810510;unknown;control;2024-01-17 07:30:00+00:00;0.207;;
810510;unknown;control;2024-01-17 07:45:00+00:00;0.069;;
810510;unknown;control;2024-01-17 08:00:00+00:00;0.393;;
810510;unknown;control;2024-01-17 08:15:00+00:00;0.069;;
810510;unknown;control;2024-01-17 08:30:00+00:00;0.079;;
810510;unknown;control;2024-01-17 08:45:00+00:00;0.381;;
810510;unknown;control;2024-01-17 09:00:00+00:00;0.068;;
810510;unknown;control;2024-01-17 09:15:00+00:00;0.184;;
810510;unknown;control;2024-01-17 09:30:00+00:00;0.275;;
810510;unknown;control;2024-01-17 09:45:00+00:00;0.061;;
810510;unknown;control;2024-01-17 10:00:00+00:00;0.298;;
810510;unknown;control;2024-01-17 10:15:00+00:00;0.102;;
810510;unknown;control;2024-01-17 10:30:00+00:00;0.065;;
810510;unknown;control;2024-01-17 10:45:00+00:00;0.352;;
810510;unknown;control;2024-01-17 11:00:00+00:00;0.052;;
810510;unknown;control;2024-01-17 11:15:00+00:00;0.102;;
810510;unknown;control;2024-01-17 11:30:00+00:00;0.274;;
810510;unknown;control;2024-01-17 11:45:00+00:00;0.055;;
810510;unknown;control;2024-01-17 12:00:00+00:00;0.239;;
810510;unknown;control;2024-01-17 12:15:00+00:00;0.131;;
810510;unknown;control;2024-01-17 12:30:00+00:00;0.04;;
810510;unknown;control;2024-01-17 12:45:00+00:00;0.332;;
810510;unknown;control;2024-01-17 13:00:00+00:00;0.057;;
810510;unknown;control;2024-01-17 13:15:00+00:00;0.048;;
810510;unknown;control;2024-01-17 13:30:00+00:00;0.305;;
810510;unknown;control;2024-01-17 13:45:00+00:00;0.079;;
810510;unknown;control;2024-01-17 14:00:00+00:00;0.053;;
810510;unknown;control;2024-01-17 14:15:00+00:00;0.115;;
810510;unknown;control;2024-01-17 14:30:00+00:00;0.257;;
810510;unknown;control;2024-01-17 14:45:00+00:00;0.069;;
810510;unknown;control;2024-01-17 15:00:00+00:00;0.067;;
810510;unknown;control;2024-01-17 15:15:00+00:00;0.319;;
810510;unknown;control;2024-01-17 15:30:00+00:00;0.107;;
810510;unknown;control;2024-01-17 15:45:00+00:00;0.063;;
810510;unknown;control;2024-01-17 16:00:00+00:00;0.079;;
810510;unknown;control;2024-01-17 16:15:00+00:00;0.344;;
810510;unknown;control;2024-01-17 16:30:00+00:00;0.071;;
810510;unknown;control;2024-01-17 16:45:00+00:00;0.062;;
810510;unknown;control;2024-01-17 17:00:00+00:00;0.061;;
810510;unknown;control;2024-01-17 17:15:00+00:00;0.347;;
810510;unknown;control;2024-01-17 17:30:00+00:00;0.06;;
810510;unknown;control;2024-01-17 17:45:00+00:00;0.073;;
810510;unknown;control;2024-01-17 18:00:00+00:00;0.102;;
810510;unknown;control;2024-01-17 18:15:00+00:00;0.312;;
810510;unknown;control;2024-01-17 18:30:00+00:00;0.072;;
810510;unknown;control;2024-01-17 18:45:00+00:00;0.06;;
810510;unknown;control;2024-01-17 19:00:00+00:00;0.17;;
810510;unknown;control;2024-01-17 19:15:00+00:00;0.24;;
810510;unknown;control;2024-01-17 19:30:00+00:00;0.081;;
810510;unknown;control;2024-01-17 19:45:00+00:00;0.074;;
810510;unknown;control;2024-01-17 20:00:00+00:00;0.075;;
810510;unknown;control;2024-01-17 20:15:00+00:00;0.333;;
810510;unknown;control;2024-01-17 20:30:00+00:00;0.067;;
810510;unknown;control;2024-01-17 20:45:00+00:00;0.078;;
810510;unknown;control;2024-01-17 21:00:00+00:00;0.082;;
810510;unknown;control;2024-01-17 21:15:00+00:00;0.378;;
810510;unknown;control;2024-01-17 21:30:00+00:00;0.14;;
810510;unknown;control;2024-01-17 21:45:00+00:00;0.12;;
810510;unknown;control;2024-01-17 22:00:00+00:00;0.12;;
810510;unknown;control;2024-01-17 22:15:00+00:00;0.131;;
810510;unknown;control;2024-01-17 22:30:00+00:00;0.151;;
810510;unknown;control;2024-01-17 22:45:00+00:00;0.348;;
810510;unknown;control;2024-01-17 23:00:00+00:00;0.19;;
810510;unknown;control;2024-01-17 23:15:00+00:00;0.127;;
810510;unknown;control;2024-01-17 23:30:00+00:00;0.095;;
810510;unknown;control;2024-01-17 23:45:00+00:00;0.073;;
810510;unknown;control;2024-01-18 00:00:00+00:00;0.091;;
810510;unknown;control;2024-01-18 00:15:00+00:00;0.081;;
810510;unknown;control;2024-01-18 00:30:00+00:00;0.388;;
810510;unknown;control;2024-01-18 00:45:00+00:00;0.112;;
810510;unknown;control;2024-01-18 01:00:00+00:00;0.104;;
810510;unknown;control;2024-01-18 01:15:00+00:00;0.072;;
810510;unknown;control;2024-01-18 01:30:00+00:00;0.064;;
810510;unknown;control;2024-01-18 01:45:00+00:00;0.077;;
810510;unknown;control;2024-01-18 02:00:00+00:00;0.104;;
810510;unknown;control;2024-01-18 02:15:00+00:00;0.376;;
810510;unknown;control;2024-01-18 02:30:00+00:00;0.094;;
810510;unknown;control;2024-01-18 02:45:00+00:00;0.086;;
810510;unknown;control;2024-01-18 03:00:00+00:00;0.075;;
810510;unknown;control;2024-01-18 03:15:00+00:00;0.063;;
810510;unknown;control;2024-01-18 03:30:00+00:00;0.066;;
810510;unknown;control;2024-01-18 03:45:00+00:00;0.072;;
810510;unknown;control;2024-01-18 04:00:00+00:00;0.323;;
810510;unknown;control;2024-01-18 04:15:00+00:00;0.073;;
810510;unknown;control;2024-01-18 04:30:00+00:00;0.056;;
810510;unknown;control;2024-01-18 04:45:00+00:00;0.067;;
810510;unknown;control;2024-01-18 05:00:00+00:00;0.063;;
810510;unknown;control;2024-01-18 05:15:00+00:00;0.322;;
810510;unknown;control;2024-01-18 05:30:00+00:00;0.08;;
810510;unknown;control;2024-01-18 05:45:00+00:00;0.058;;
810510;unknown;control;2024-01-18 06:00:00+00:00;0.074;;
810510;unknown;control;2024-01-18 06:15:00+00:00;0.064;;
810510;unknown;control;2024-01-18 06:30:00+00:00;0.332;;
810510;unknown;control;2024-01-18 06:45:00+00:00;0.088;;
810510;unknown;control;2024-01-18 07:00:00+00:00;0.074;;
810510;unknown;control;2024-01-18 07:15:00+00:00;0.087;;
810510;unknown;control;2024-01-18 07:30:00+00:00;0.072;;
810510;unknown;control;2024-01-18 07:45:00+00:00;0.307;;
810510;unknown;control;2024-01-18 08:00:00+00:00;0.046;;
810510;unknown;control;2024-01-18 08:15:00+00:00;0.001;;
810510;unknown;control;2024-01-18 08:30:00+00:00;0.006;;
810510;unknown;control;2024-01-18 08:45:00+00:00;0.0;;
810510;unknown;control;2024-01-18 09:00:00+00:00;0.284;;
810510;unknown;control;2024-01-18 09:15:00+00:00;0.0;;
810510;unknown;control;2024-01-18 09:30:00+00:00;0.019;;
810510;unknown;control;2024-01-18 09:45:00+00:00;0.024;;
810510;unknown;control;2024-01-18 10:00:00+00:00;0.001;;
810510;unknown;control;2024-01-18 10:15:00+00:00;0.018;;
810510;unknown;control;2024-01-18 10:30:00+00:00;0.011;;
810510;unknown;control;2024-01-18 10:45:00+00:00;0.0;;
810510;unknown;control;2024-01-18 11:00:00+00:00;0.0;;
810510;unknown;control;2024-01-18 11:15:00+00:00;0.0;;
810510;unknown;control;2024-01-18 11:30:00+00:00;0.0;;
810510;unknown;control;2024-01-18 11:45:00+00:00;0.0;;
810510;unknown;control;2024-01-18 12:00:00+00:00;0.001;;
810510;unknown;control;2024-01-18 12:15:00+00:00;0.0;;
810510;unknown;control;2024-01-18 12:30:00+00:00;0.014;;
810510;unknown;control;2024-01-18 12:45:00+00:00;0.004;;
810510;unknown;control;2024-01-18 13:00:00+00:00;0.0;;
810510;unknown;control;2024-01-18 13:15:00+00:00;0.001;;
810510;unknown;control;2024-01-18 13:30:00+00:00;0.017;;
810510;unknown;control;2024-01-18 13:45:00+00:00;0.066;;
810510;unknown;control;2024-01-18 14:00:00+00:00;0.05;;
810510;unknown;control;2024-01-18 14:15:00+00:00;0.055;;
810510;unknown;control;2024-01-18 14:30:00+00:00;0.081;;
810510;unknown;control;2024-01-18 14:45:00+00:00;0.063;;
810510;unknown;control;2024-01-18 15:00:00+00:00;0.221;;
810510;unknown;control;2024-01-18 15:15:00+00:00;0.18;;
810510;unknown;control;2024-01-18 15:30:00+00:00;0.078;;
810510;unknown;control;2024-01-18 15:45:00+00:00;0.074;;
810510;unknown;control;2024-01-18 16:00:00+00:00;0.073;;
810510;unknown;control;2024-01-18 16:15:00+00:00;0.324;;
810510;unknown;control;2024-01-18 16:30:00+00:00;0.057;;
810510;unknown;control;2024-01-18 16:45:00+00:00;0.067;;
810510;unknown;control;2024-01-18 17:00:00+00:00;0.241;;
810510;unknown;control;2024-01-18 17:15:00+00:00;0.173;;
810510;unknown;control;2024-01-18 17:30:00+00:00;0.073;;
810510;unknown;control;2024-01-18 17:45:00+00:00;0.108;;
810510;unknown;control;2024-01-18 18:00:00+00:00;0.298;;
810510;unknown;control;2024-01-18 18:15:00+00:00;0.059;;
810510;unknown;control;2024-01-18 18:30:00+00:00;0.177;;
810510;unknown;control;2024-01-18 18:45:00+00:00;0.245;;
810510;unknown;control;2024-01-18 19:00:00+00:00;0.075;;
810510;unknown;control;2024-01-18 19:15:00+00:00;0.342;;
810510;unknown;control;2024-01-18 19:30:00+00:00;0.076;;
810510;unknown;control;2024-01-18 19:45:00+00:00;0.077;;
810510;unknown;control;2024-01-18 20:00:00+00:00;0.35;;
810510;unknown;control;2024-01-18 20:15:00+00:00;0.072;;
810510;unknown;control;2024-01-18 20:30:00+00:00;0.169;;
810510;unknown;control;2024-01-18 20:45:00+00:00;0.268;;
810510;unknown;control;2024-01-18 21:00:00+00:00;0.081;;
810510;unknown;control;2024-01-18 21:15:00+00:00;0.299;;
810510;unknown;control;2024-01-18 21:30:00+00:00;0.135;;
810510;unknown;control;2024-01-18 21:45:00+00:00;0.065;;
810510;unknown;control;2024-01-18 22:00:00+00:00;0.375;;
810510;unknown;control;2024-01-18 22:15:00+00:00;0.082;;
810510;unknown;control;2024-01-18 22:30:00+00:00;0.086;;
810510;unknown;control;2024-01-18 22:45:00+00:00;0.364;;
810510;unknown;control;2024-01-18 23:00:00+00:00;0.059;;
810510;unknown;control;2024-01-18 23:15:00+00:00;0.224;;
810510;unknown;control;2024-01-18 23:30:00+00:00;0.227;;
810510;unknown;control;2024-01-18 23:45:00+00:00;0.069;;
810510;unknown;control;2024-01-19 00:00:00+00:00;0.373;;
810510;unknown;control;2024-01-19 00:15:00+00:00;0.086;;
810510;unknown;control;2024-01-19 00:30:00+00:00;0.067;;
810510;unknown;control;2024-01-19 00:45:00+00:00;0.39;;
810510;unknown;control;2024-01-19 01:00:00+00:00;0.061;;
810510;unknown;control;2024-01-19 01:15:00+00:00;0.114;;
810510;unknown;control;2024-01-19 01:30:00+00:00;0.349;;
810510;unknown;control;2024-01-19 01:45:00+00:00;0.078;;
810510;unknown;control;2024-01-19 02:00:00+00:00;0.224;;
810510;unknown;control;2024-01-19 02:15:00+00:00;0.237;;
810510;unknown;control;2024-01-19 02:30:00+00:00;0.068;;
810510;unknown;control;2024-01-19 02:45:00+00:00;0.343;;
810510;unknown;control;2024-01-19 03:00:00+00:00;0.131;;
810510;unknown;control;2024-01-19 03:15:00+00:00;0.065;;
810510;unknown;control;2024-01-19 03:30:00+00:00;0.415;;
810510;unknown;control;2024-01-19 03:45:00+00:00;0.063;;
810510;unknown;control;2024-01-19 04:00:00+00:00;0.066;;
810510;unknown;control;2024-01-19 04:15:00+00:00;0.405;;
810510;unknown;control;2024-01-19 04:30:00+00:00;0.056;;
810510;unknown;control;2024-01-19 04:45:00+00:00;0.187;;
810510;unknown;control;2024-01-19 05:00:00+00:00;0.305;;
810510;unknown;control;2024-01-19 05:15:00+00:00;0.066;;
810510;unknown;control;2024-01-19 05:30:00+00:00;0.283;;
810510;unknown;control;2024-01-19 05:45:00+00:00;0.198;;
810510;unknown;control;2024-01-19 06:00:00+00:00;0.075;;
810510;unknown;control;2024-01-19 06:15:00+00:00;0.383;;
810510;unknown;control;2024-01-19 06:30:00+00:00;0.11;;
810510;unknown;control;2024-01-19 06:45:00+00:00;0.074;;
810510;unknown;control;2024-01-19 07:00:00+00:00;0.445;;
810510;unknown;control;2024-01-19 07:15:00+00:00;0.073;;
810510;unknown;control;2024-01-19 07:30:00+00:00;0.069;;
810510;unknown;control;2024-01-19 07:45:00+00:00;0.467;;
810510;unknown;control;2024-01-19 08:00:00+00:00;0.06;;
810510;unknown;control;2024-01-19 08:15:00+00:00;0.146;;
810510;unknown;control;2024-01-19 08:30:00+00:00;0.386;;
810510;unknown;control;2024-01-19 08:45:00+00:00;0.065;;
810510;unknown;control;2024-01-19 09:00:00+00:00;0.222;;
810510;unknown;control;2024-01-19 09:15:00+00:00;0.274;;
810510;unknown;control;2024-01-19 09:30:00+00:00;0.076;;
810510;unknown;control;2024-01-19 09:45:00+00:00;0.317;;
810510;unknown;control;2024-01-19 10:00:00+00:00;0.188;;
810510;unknown;control;2024-01-19 10:15:00+00:00;0.077;;
810510;unknown;control;2024-01-19 10:30:00+00:00;0.403;;
810510;unknown;control;2024-01-19 10:45:00+00:00;0.077;;
810510;unknown;control;2024-01-19 11:00:00+00:00;0.062;;
810510;unknown;control;2024-01-19 11:15:00+00:00;0.402;;
810510;unknown;control;2024-01-19 11:30:00+00:00;0.061;;
810510;unknown;control;2024-01-19 11:45:00+00:00;0.151;;
810510;unknown;control;2024-01-19 12:00:00+00:00;0.318;;
810510;unknown;control;2024-01-19 12:15:00+00:00;0.05;;
810510;unknown;control;2024-01-19 12:30:00+00:00;0.268;;
810510;unknown;control;2024-01-19 12:45:00+00:00;0.168;;
810510;unknown;control;2024-01-19 13:00:00+00:00;0.016;;
810510;unknown;control;2024-01-19 13:15:00+00:00;0.341;;
810510;unknown;control;2024-01-19 13:30:00+00:00;0.005;;
810510;unknown;control;2024-01-19 13:45:00+00:00;0.007;;
810510;unknown;control;2024-01-19 14:00:00+00:00;0.165;;
810510;unknown;control;2024-01-19 14:15:00+00:00;0.002;;
810510;unknown;control;2024-01-19 14:30:00+00:00;0.043;;
810510;unknown;control;2024-01-19 14:45:00+00:00;0.116;;
810510;unknown;control;2024-01-19 15:00:00+00:00;0.001;;
810510;unknown;control;2024-01-19 15:15:00+00:00;0.181;;
810510;unknown;control;2024-01-19 15:30:00+00:00;0.061;;
810510;unknown;control;2024-01-19 15:45:00+00:00;0.002;;
810510;unknown;control;2024-01-19 16:00:00+00:00;0.282;;
810510;unknown;control;2024-01-19 16:15:00+00:00;0.003;;
810510;unknown;control;2024-01-19 16:30:00+00:00;0.005;;
810510;unknown;control;2024-01-19 16:45:00+00:00;0.307;;
810510;unknown;control;2024-01-19 17:00:00+00:00;0.05;;
810510;unknown;control;2024-01-19 17:15:00+00:00;0.177;;
810510;unknown;control;2024-01-19 17:30:00+00:00;0.302;;
810510;unknown;control;2024-01-19 17:45:00+00:00;0.057;;
810510;unknown;control;2024-01-19 18:00:00+00:00;0.3;;
810510;unknown;control;2024-01-19 18:15:00+00:00;0.209;;
810510;unknown;control;2024-01-19 18:30:00+00:00;0.076;;
810510;unknown;control;2024-01-19 18:45:00+00:00;0.392;;
810510;unknown;control;2024-01-19 19:00:00+00:00;0.133;;
810510;unknown;control;2024-01-19 19:15:00+00:00;0.075;;
810510;unknown;control;2024-01-19 19:30:00+00:00;0.464;;
810510;unknown;control;2024-01-19 19:45:00+00:00;0.1;;
810510;unknown;control;2024-01-19 20:00:00+00:00;0.075;;
810510;unknown;control;2024-01-19 20:15:00+00:00;0.518;;
810510;unknown;control;2024-01-19 20:30:00+00:00;0.087;;
810510;unknown;control;2024-01-19 20:45:00+00:00;0.059;;
810510;unknown;control;2024-01-19 21:00:00+00:00;0.539;;
810510;unknown;control;2024-01-19 21:15:00+00:00;0.089;;
810510;unknown;control;2024-01-19 21:30:00+00:00;0.073;;
810510;unknown;control;2024-01-19 21:45:00+00:00;0.528;;
810510;unknown;control;2024-01-19 22:00:00+00:00;0.116;;
810510;unknown;control;2024-01-19 22:15:00+00:00;0.076;;
810510;unknown;control;2024-01-19 22:30:00+00:00;0.485;;
810510;unknown;control;2024-01-19 22:45:00+00:00;0.162;;
810510;unknown;control;2024-01-19 23:00:00+00:00;0.063;;
810510;unknown;control;2024-01-19 23:15:00+00:00;0.456;;
810510;unknown;control;2024-01-19 23:30:00+00:00;0.205;;
810510;unknown;control;2024-01-19 23:45:00+00:00;0.057;;
810510;unknown;control;2024-01-20 00:00:00+00:00;0.419;;
810510;unknown;control;2024-01-20 00:15:00+00:00;0.24;;
810510;unknown;control;2024-01-20 00:30:00+00:00;0.063;;
810510;unknown;control;2024-01-20 00:45:00+00:00;0.371;;
810510;unknown;control;2024-01-20 01:00:00+00:00;0.295;;
810510;unknown;control;2024-01-20 01:15:00+00:00;0.073;;
810510;unknown;control;2024-01-20 01:30:00+00:00;0.311;;
810510;unknown;control;2024-01-20 01:45:00+00:00;0.349;;
810510;unknown;control;2024-01-20 02:00:00+00:00;0.065;;
810510;unknown;control;2024-01-20 02:15:00+00:00;0.267;;
810510;unknown;control;2024-01-20 02:30:00+00:00;0.406;;
810510;unknown;control;2024-01-20 02:45:00+00:00;0.072;;
810510;unknown;control;2024-01-20 03:00:00+00:00;0.229;;
810510;unknown;control;2024-01-20 03:15:00+00:00;0.435;;
810510;unknown;control;2024-01-20 03:30:00+00:00;0.062;;
810510;unknown;control;2024-01-20 03:45:00+00:00;0.188;;
810510;unknown;control;2024-01-20 04:00:00+00:00;0.469;;
810510;unknown;control;2024-01-20 04:15:00+00:00;0.078;;
810510;unknown;control;2024-01-20 04:30:00+00:00;0.146;;
810510;unknown;control;2024-01-20 04:45:00+00:00;0.509;;
810510;unknown;control;2024-01-20 05:00:00+00:00;0.076;;
810510;unknown;control;2024-01-20 05:15:00+00:00;0.109;;
810510;unknown;control;2024-01-20 05:30:00+00:00;0.551;;
810510;unknown;control;2024-01-20 05:45:00+00:00;0.06;;
810510;unknown;control;2024-01-20 06:00:00+00:00;0.102;;
810510;unknown;control;2024-01-20 06:15:00+00:00;0.547;;
810510;unknown;control;2024-01-20 06:30:00+00:00;0.064;;
810510;unknown;control;2024-01-20 06:45:00+00:00;0.082;;
810510;unknown;control;2024-01-20 07:00:00+00:00;0.557;;
810510;unknown;control;2024-01-20 07:15:00+00:00;0.078;;
810510;unknown;control;2024-01-20 07:30:00+00:00;0.079;;
810510;unknown;control;2024-01-20 07:45:00+00:00;0.58;;
810510;unknown;control;2024-01-20 08:00:00+00:00;0.046;;
810510;unknown;control;2024-01-20 08:15:00+00:00;0.027;;
810510;unknown;control;2024-01-20 08:30:00+00:00;0.521;;
810510;unknown;control;2024-01-20 08:45:00+00:00;0.021;;
810510;unknown;control;2024-01-20 09:00:00+00:00;0.038;;
810510;unknown;control;2024-01-20 09:15:00+00:00;0.515;;
810510;unknown;control;2024-01-20 09:30:00+00:00;0.036;;
810510;unknown;control;2024-01-20 09:45:00+00:00;0.036;;
810510;unknown;control;2024-01-20 10:00:00+00:00;0.496;;
810510;unknown;control;2024-01-20 10:15:00+00:00;0.027;;
810510;unknown;control;2024-01-20 10:30:00+00:00;0.001;;
810510;unknown;control;2024-01-20 10:45:00+00:00;0.223;;
810510;unknown;control;2024-01-20 11:00:00+00:00;0.002;;
810510;unknown;control;2024-01-20 11:15:00+00:00;0.0;;
810510;unknown;control;2024-01-20 11:30:00+00:00;0.172;;
810510;unknown;control;2024-01-20 11:45:00+00:00;0.0;;
810510;unknown;control;2024-01-20 12:00:00+00:00;0.007;;
810510;unknown;control;2024-01-20 12:15:00+00:00;0.131;;
810510;unknown;control;2024-01-20 12:30:00+00:00;0.001;;
810510;unknown;control;2024-01-20 12:45:00+00:00;0.017;;
810510;unknown;control;2024-01-20 13:00:00+00:00;0.072;;
810510;unknown;control;2024-01-20 13:15:00+00:00;0.0;;
810510;unknown;control;2024-01-20 13:30:00+00:00;0.037;;
810510;unknown;control;2024-01-20 13:45:00+00:00;0.051;;
810510;unknown;control;2024-01-20 14:00:00+00:00;0.0;;
810510;unknown;control;2024-01-20 14:15:00+00:00;0.069;;
810510;unknown;control;2024-01-20 14:30:00+00:00;0.031;;
810510;unknown;control;2024-01-20 14:45:00+00:00;0.0;;
810510;unknown;control;2024-01-20 15:00:00+00:00;0.146;;
810510;unknown;control;2024-01-20 15:15:00+00:00;0.0;;
810510;unknown;control;2024-01-20 15:30:00+00:00;0.001;;
810510;unknown;control;2024-01-20 15:45:00+00:00;0.254;;
810510;unknown;control;2024-01-20 16:00:00+00:00;0.003;;
810510;unknown;control;2024-01-20 16:15:00+00:00;0.076;;
810510;unknown;control;2024-01-20 16:30:00+00:00;0.229;;
810510;unknown;control;2024-01-20 16:45:00+00:00;0.003;;
810510;unknown;control;2024-01-20 17:00:00+00:00;0.171;;
810510;unknown;control;2024-01-20 17:15:00+00:00;0.143;;
810510;unknown;control;2024-01-20 17:30:00+00:00;0.003;;
810510;unknown;control;2024-01-20 17:45:00+00:00;0.26;;
810510;unknown;control;2024-01-20 18:00:00+00:00;0.064;;
810510;unknown;control;2024-01-20 18:15:00+00:00;0.002;;
810510;unknown;control;2024-01-20 18:30:00+00:00;0.334;;
810510;unknown;control;2024-01-20 18:45:00+00:00;0.002;;
810510;unknown;control;2024-01-20 19:00:00+00:00;0.003;;
810510;unknown;control;2024-01-20 19:15:00+00:00;0.379;;
810510;unknown;control;2024-01-20 19:30:00+00:00;0.067;;
810510;unknown;control;2024-01-20 19:45:00+00:00;0.113;;
810510;unknown;control;2024-01-20 20:00:00+00:00;0.446;;
810510;unknown;control;2024-01-20 20:15:00+00:00;0.063;;
810510;unknown;control;2024-01-20 20:30:00+00:00;0.168;;
810510;unknown;control;2024-01-20 20:45:00+00:00;0.415;;
810510;unknown;control;2024-01-20 21:00:00+00:00;0.082;;
810510;unknown;control;2024-01-20 21:15:00+00:00;0.189;;
810510;unknown;control;2024-01-20 21:30:00+00:00;0.426;;
810510;unknown;control;2024-01-20 21:45:00+00:00;0.071;;
810510;unknown;control;2024-01-20 22:00:00+00:00;0.181;;
810510;unknown;control;2024-01-20 22:15:00+00:00;0.45;;
810510;unknown;control;2024-01-20 22:30:00+00:00;0.062;;
810510;unknown;control;2024-01-20 22:45:00+00:00;0.189;;
810510;unknown;control;2024-01-20 23:00:00+00:00;0.468;;
810510;unknown;control;2024-01-20 23:15:00+00:00;0.059;;
810510;unknown;control;2024-01-20 23:30:00+00:00;0.153;;
810510;unknown;control;2024-01-20 23:45:00+00:00;0.499;;
810510;unknown;control;2024-01-21 00:00:00+00:00;0.07;;
810510;unknown;control;2024-01-21 00:15:00+00:00;0.111;;
810510;unknown;control;2024-01-21 00:30:00+00:00;0.554;;
810510;unknown;control;2024-01-21 00:45:00+00:00;0.067;;
810510;unknown;control;2024-01-21 01:00:00+00:00;0.062;;
810510;unknown;control;2024-01-21 01:15:00+00:00;0.607;;
810510;unknown;control;2024-01-21 01:30:00+00:00;0.056;;
810510;unknown;control;2024-01-21 01:45:00+00:00;0.069;;
810510;unknown;control;2024-01-21 02:00:00+00:00;0.569;;
810510;unknown;control;2024-01-21 02:15:00+00:00;0.112;;
810510;unknown;control;2024-01-21 02:30:00+00:00;0.068;;
810510;unknown;control;2024-01-21 02:45:00+00:00;0.498;;
810510;unknown;control;2024-01-21 03:00:00+00:00;0.182;;
810510;unknown;control;2024-01-21 03:15:00+00:00;0.058;;
810510;unknown;control;2024-01-21 03:30:00+00:00;0.446;;
810510;unknown;control;2024-01-21 03:45:00+00:00;0.248;;
810510;unknown;control;2024-01-21 04:00:00+00:00;0.062;;
810510;unknown;control;2024-01-21 04:15:00+00:00;0.38;;
810510;unknown;control;2024-01-21 04:30:00+00:00;0.303;;
810510;unknown;control;2024-01-21 04:45:00+00:00;0.07;;
810510;unknown;control;2024-01-21 05:00:00+00:00;0.304;;
810510;unknown;control;2024-01-21 05:15:00+00:00;0.381;;
810510;unknown;control;2024-01-21 05:30:00+00:00;0.071;;
810510;unknown;control;2024-01-21 05:45:00+00:00;0.243;;
810510;unknown;control;2024-01-21 06:00:00+00:00;0.448;;
810510;unknown;control;2024-01-21 06:15:00+00:00;0.06;;
810510;unknown;control;2024-01-21 06:30:00+00:00;0.199;;
810510;unknown;control;2024-01-21 06:45:00+00:00;0.505;;
810510;unknown;control;2024-01-21 07:00:00+00:00;0.079;;
810510;unknown;control;2024-01-21 07:15:00+00:00;0.135;;
810510;unknown;control;2024-01-21 07:30:00+00:00;0.549;;
810510;unknown;control;2024-01-21 07:45:00+00:00;0.061;;
810510;unknown;control;2024-01-21 08:00:00+00:00;0.04;;
810510;unknown;control;2024-01-21 08:15:00+00:00;0.576;;
810510;unknown;control;2024-01-21 08:30:00+00:00;0.02;;
810510;unknown;control;2024-01-21 08:45:00+00:00;0.015;;
810510;unknown;control;2024-01-21 09:00:00+00:00;0.482;;
810510;unknown;control;2024-01-21 09:15:00+00:00;0.058;;
810510;unknown;control;2024-01-21 09:30:00+00:00;0.016;;
810510;unknown;control;2024-01-21 09:45:00+00:00;0.455;;
810510;unknown;control;2024-01-21 10:00:00+00:00;0.073;;
810510;unknown;control;2024-01-21 10:15:00+00:00;0.023;;
810510;unknown;control;2024-01-21 10:30:00+00:00;0.452;;
810510;unknown;control;2024-01-21 10:45:00+00:00;0.015;;
810510;unknown;control;2024-01-21 11:00:00+00:00;0.001;;
810510;unknown;control;2024-01-21 11:15:00+00:00;0.258;;
810510;unknown;control;2024-01-21 11:30:00+00:00;0.001;;
810510;unknown;control;2024-01-21 11:45:00+00:00;0.011;;
810510;unknown;control;2024-01-21 12:00:00+00:00;0.221;;
810510;unknown;control;2024-01-21 12:15:00+00:00;0.001;;
810510;unknown;control;2024-01-21 12:30:00+00:00;0.077;;
810510;unknown;control;2024-01-21 12:45:00+00:00;0.111;;
810510;unknown;control;2024-01-21 13:00:00+00:00;0.0;;
810510;unknown;control;2024-01-21 13:15:00+00:00;0.036;;
810510;unknown;control;2024-01-21 13:30:00+00:00;0.016;;
810510;unknown;control;2024-01-21 13:45:00+00:00;0.0;;
810510;unknown;control;2024-01-21 14:00:00+00:00;0.074;;
810510;unknown;control;2024-01-21 14:15:00+00:00;0.0;;
810510;unknown;control;2024-01-21 14:30:00+00:00;0.005;;
810510;unknown;control;2024-01-21 14:45:00+00:00;0.115;;
810510;unknown;control;2024-01-21 15:00:00+00:00;0.001;;
810510;unknown;control;2024-01-21 15:15:00+00:00;0.088;;
810510;unknown;control;2024-01-21 15:30:00+00:00;0.079;;
810510;unknown;control;2024-01-21 15:45:00+00:00;0.002;;
810510;unknown;control;2024-01-21 16:00:00+00:00;0.265;;
810510;unknown;control;2024-01-21 16:15:00+00:00;0.003;;
810510;unknown;control;2024-01-21 16:30:00+00:00;0.005;;
810510;unknown;control;2024-01-21 16:45:00+00:00;0.268;;
810510;unknown;control;2024-01-21 17:00:00+00:00;0.004;;
810510;unknown;control;2024-01-21 17:15:00+00:00;0.097;;
810510;unknown;control;2024-01-21 17:30:00+00:00;0.174;;
810510;unknown;control;2024-01-21 17:45:00+00:00;0.003;;
810510;unknown;control;2024-01-21 18:00:00+00:00;0.221;;
810510;unknown;control;2024-01-21 18:15:00+00:00;0.057;;
810510;unknown;control;2024-01-21 18:30:00+00:00;0.003;;
810510;unknown;control;2024-01-21 18:45:00+00:00;0.306;;
810510;unknown;control;2024-01-21 19:00:00+00:00;0.078;;
810510;unknown;control;2024-01-21 19:15:00+00:00;0.077;;
810510;unknown;control;2024-01-21 19:30:00+00:00;0.388;;
810510;unknown;control;2024-01-21 19:45:00+00:00;0.066;;
810510;unknown;control;2024-01-21 20:00:00+00:00;0.21;;
810510;unknown;control;2024-01-21 20:15:00+00:00;0.272;;
810510;unknown;control;2024-01-21 20:30:00+00:00;0.068;;
810510;unknown;control;2024-01-21 20:45:00+00:00;0.343;;
810510;unknown;control;2024-01-21 21:00:00+00:00;0.143;;
810510;unknown;control;2024-01-21 21:15:00+00:00;0.069;;
810510;unknown;control;2024-01-21 21:30:00+00:00;0.422;;
810510;unknown;control;2024-01-21 21:45:00+00:00;0.062;;
810510;unknown;control;2024-01-21 22:00:00+00:00;0.083;;
810510;unknown;control;2024-01-21 22:15:00+00:00;0.431;;
810510;unknown;control;2024-01-21 22:30:00+00:00;0.073;;
810510;unknown;control;2024-01-21 22:45:00+00:00;0.14;;
810510;unknown;control;2024-01-21 23:00:00+00:00;0.359;;
810510;unknown;control;2024-01-21 23:15:00+00:00;0.066;;
810510;unknown;control;2024-01-21 23:30:00+00:00;0.225;;
810510;unknown;control;2024-01-21 23:45:00+00:00;0.296;;
810510;unknown;control;2024-01-22 00:00:00+00:00;0.058;;
810510;unknown;control;2024-01-22 00:15:00+00:00;0.323;;
810510;unknown;control;2024-01-22 00:30:00+00:00;0.197;;
810510;unknown;control;2024-01-22 00:45:00+00:00;0.062;;
810510;unknown;control;2024-01-22 01:00:00+00:00;0.407;;
810510;unknown;control;2024-01-22 01:15:00+00:00;0.104;;
810510;unknown;control;2024-01-22 01:30:00+00:00;0.082;;
810510;unknown;control;2024-01-22 01:45:00+00:00;0.458;;
810510;unknown;control;2024-01-22 02:00:00+00:00;0.066;;
810510;unknown;control;2024-01-22 02:15:00+00:00;0.066;;
810510;unknown;control;2024-01-22 02:30:00+00:00;0.458;;
810510;unknown;control;2024-01-22 02:45:00+00:00;0.071;;
810510;unknown;control;2024-01-22 03:00:00+00:00;0.105;;
810510;unknown;control;2024-01-22 03:15:00+00:00;0.432;;
810510;unknown;control;2024-01-22 03:30:00+00:00;0.06;;
810510;unknown;control;2024-01-22 03:45:00+00:00;0.179;;
810510;unknown;control;2024-01-22 04:00:00+00:00;0.334;;
810510;unknown;control;2024-01-22 04:15:00+00:00;0.058;;
810510;unknown;control;2024-01-22 04:30:00+00:00;0.271;;
810510;unknown;control;2024-01-22 04:45:00+00:00;0.248;;
810510;unknown;control;2024-01-22 05:00:00+00:00;0.074;;
810510;unknown;control;2024-01-22 05:15:00+00:00;0.345;;
810510;unknown;control;2024-01-22 05:30:00+00:00;0.162;;
810510;unknown;control;2024-01-22 05:45:00+00:00;0.068;;
810510;unknown;control;2024-01-22 06:00:00+00:00;0.435;;
810510;unknown;control;2024-01-22 06:15:00+00:00;0.076;;
810510;unknown;control;2024-01-22 06:30:00+00:00;0.07;;
810510;unknown;control;2024-01-22 06:45:00+00:00;0.444;;
810510;unknown;control;2024-01-22 07:00:00+00:00;0.075;;
810510;unknown;control;2024-01-22 07:15:00+00:00;0.113;;
810510;unknown;control;2024-01-22 07:30:00+00:00;0.402;;
810510;unknown;control;2024-01-22 07:45:00+00:00;0.056;;
810510;unknown;control;2024-01-22 08:00:00+00:00;0.21;;
810510;unknown;control;2024-01-22 08:15:00+00:00;0.259;;
810510;unknown;control;2024-01-22 08:30:00+00:00;0.049;;
810510;unknown;control;2024-01-22 08:45:00+00:00;0.31;;
810510;unknown;control;2024-01-22 09:00:00+00:00;0.091;;
810510;unknown;control;2024-01-22 09:15:00+00:00;0.035;;
810510;unknown;control;2024-01-22 09:30:00+00:00;0.321;;
810510;unknown;control;2024-01-22 09:45:00+00:00;0.027;;
810510;unknown;control;2024-01-22 10:00:00+00:00;0.057;;
810510;unknown;control;2024-01-22 10:15:00+00:00;0.26;;
810510;unknown;control;2024-01-22 10:30:00+00:00;0.003;;
810510;unknown;control;2024-01-22 10:45:00+00:00;0.114;;
810510;unknown;control;2024-01-22 11:00:00+00:00;0.091;;
810510;unknown;control;2024-01-22 11:15:00+00:00;0.001;;
810510;unknown;control;2024-01-22 11:30:00+00:00;0.186;;
810510;unknown;control;2024-01-22 11:45:00+00:00;0.001;;
810510;unknown;control;2024-01-22 12:00:00+00:00;0.003;;
810510;unknown;control;2024-01-22 12:15:00+00:00;0.28;;
810510;unknown;control;2024-01-22 12:30:00+00:00;0.002;;
810510;unknown;control;2024-01-22 12:45:00+00:00;0.003;;
810510;unknown;control;2024-01-22 13:00:00+00:00;0.234;;
810510;unknown;control;2024-01-22 13:15:00+00:00;0.1;;
810510;unknown;control;2024-01-22 13:30:00+00:00;0.066;;
810510;unknown;control;2024-01-22 13:45:00+00:00;0.15;;
810510;unknown;control;2024-01-22 14:00:00+00:00;0.258;;
810510;unknown;control;2024-01-22 14:15:00+00:00;0.056;;
810510;unknown;control;2024-01-22 14:30:00+00:00;0.081;;
810510;unknown;control;2024-01-22 14:45:00+00:00;0.346;;
810510;unknown;control;2024-01-22 15:00:00+00:00;0.076;;
810510;unknown;control;2024-01-22 15:15:00+00:00;0.07;;
810510;unknown;control;2024-01-22 15:30:00+00:00;0.341;;
810510;unknown;control;2024-01-22 15:45:00+00:00;0.076;;
810510;unknown;control;2024-01-22 16:00:00+00:00;0.062;;
810510;unknown;control;2024-01-22 16:15:00+00:00;0.203;;
810510;unknown;control;2024-01-22 16:30:00+00:00;0.274;;
810510;unknown;control;2024-01-22 16:45:00+00:00;0.125;;
810510;unknown;control;2024-01-22 17:00:00+00:00;0.15;;
810510;unknown;control;2024-01-22 17:15:00+00:00;0.406;;
810510;unknown;control;2024-01-22 17:30:00+00:00;0.165;;
810510;unknown;control;2024-01-22 17:45:00+00:00;0.107;;
810510;unknown;control;2024-01-22 18:00:00+00:00;0.371;;
810510;unknown;control;2024-01-22 18:15:00+00:00;0.166;;
810510;unknown;control;2024-01-22 18:30:00+00:00;0.118;;
810510;unknown;control;2024-01-22 18:45:00+00:00;0.104;;
810510;unknown;control;2024-01-22 19:00:00+00:00;0.347;;
810510;unknown;control;2024-01-22 19:15:00+00:00;0.12;;
810510;unknown;control;2024-01-22 19:30:00+00:00;0.111;;
810510;unknown;control;2024-01-22 19:45:00+00:00;0.248;;
810510;unknown;control;2024-01-22 20:00:00+00:00;0.225;;
810510;unknown;control;2024-01-22 20:15:00+00:00;0.095;;
810510;unknown;control;2024-01-22 20:30:00+00:00;0.116;;
810510;unknown;control;2024-01-22 20:45:00+00:00;0.301;;
810510;unknown;control;2024-01-22 21:00:00+00:00;0.186;;
810510;unknown;control;2024-01-22 21:15:00+00:00;0.062;;
810510;unknown;control;2024-01-22 21:30:00+00:00;0.105;;
810510;unknown;control;2024-01-22 21:45:00+00:00;0.214;;
810510;unknown;control;2024-01-22 22:00:00+00:00;0.252;;
810510;unknown;control;2024-01-22 22:15:00+00:00;0.082;;
810510;unknown;control;2024-01-22 22:30:00+00:00;0.087;;
810510;unknown;control;2024-01-22 22:45:00+00:00;0.273;;
810510;unknown;control;2024-01-22 23:00:00+00:00;0.204;;
810510;unknown;control;2024-01-22 23:15:00+00:00;0.101;;
810510;unknown;control;2024-01-22 23:30:00+00:00;0.129;;
810510;unknown;control;2024-01-22 23:45:00+00:00;0.24;;
810510;unknown;control;2024-01-23 00:00:00+00:00;0.257;;
810510;unknown;control;2024-01-23 00:15:00+00:00;0.086;;
810510;unknown;control;2024-01-23 00:30:00+00:00;0.102;;
810510;unknown;control;2024-01-23 00:45:00+00:00;0.229;;
810510;unknown;control;2024-01-23 01:00:00+00:00;0.23;;
810510;unknown;control;2024-01-23 01:15:00+00:00;0.072;;
810510;unknown;control;2024-01-23 01:30:00+00:00;0.064;;
810510;unknown;control;2024-01-23 01:45:00+00:00;0.349;;
810510;unknown;control;2024-01-23 02:00:00+00:00;0.102;;
810510;unknown;control;2024-01-23 02:15:00+00:00;0.115;;
810510;unknown;control;2024-01-23 02:30:00+00:00;0.12;;
810510;unknown;control;2024-01-23 02:45:00+00:00;0.371;;
810510;unknown;control;2024-01-23 03:00:00+00:00;0.098;;
810510;unknown;control;2024-01-23 03:15:00+00:00;0.085;;
810510;unknown;control;2024-01-23 03:30:00+00:00;0.26;;
810510;unknown;control;2024-01-23 03:45:00+00:00;0.188;;
810510;unknown;control;2024-01-23 04:00:00+00:00;0.127;;
810510;unknown;control;2024-01-23 04:15:00+00:00;0.12;;
810510;unknown;control;2024-01-23 04:30:00+00:00;0.405;;
810510;unknown;control;2024-01-23 04:45:00+00:00;0.123;;
810510;unknown;control;2024-01-23 05:00:00+00:00;0.114;;
810510;unknown;control;2024-01-23 05:15:00+00:00;0.192;;
810510;unknown;control;2024-01-23 05:30:00+00:00;0.32;;
810510;unknown;control;2024-01-23 05:45:00+00:00;0.071;;
810510;unknown;control;2024-01-23 06:00:00+00:00;0.085;;
810510;unknown;control;2024-01-23 06:15:00+00:00;0.353;;
810510;unknown;control;2024-01-23 06:30:00+00:00;0.074;;
810510;unknown;control;2024-01-23 06:45:00+00:00;0.062;;
810510;unknown;control;2024-01-23 07:00:00+00:00;0.202;;
810510;unknown;control;2024-01-23 07:15:00+00:00;0.218;;
810510;unknown;control;2024-01-23 07:30:00+00:00;0.067;;
810510;unknown;control;2024-01-23 07:45:00+00:00;0.033;;
810510;unknown;control;2024-01-23 08:00:00+00:00;0.242;;
810510;unknown;control;2024-01-23 08:15:00+00:00;0.0;;
810510;unknown;control;2024-01-23 08:30:00+00:00;0.0;;
810510;unknown;control;2024-01-23 08:45:00+00:00;0.25;;
810510;unknown;control;2024-01-23 09:00:00+00:00;0.0;;
810510;unknown;control;2024-01-23 09:15:00+00:00;0.0;;
810510;unknown;control;2024-01-23 09:30:00+00:00;0.0;;
810510;unknown;control;2024-01-23 09:45:00+00:00;0.111;;
810510;unknown;control;2024-01-23 10:00:00+00:00;0.0;;
810510;unknown;control;2024-01-23 10:15:00+00:00;0.0;;
810510;unknown;control;2024-01-23 10:30:00+00:00;0.0;;
810510;unknown;control;2024-01-23 10:45:00+00:00;0.057;;
810510;unknown;control;2024-01-23 11:00:00+00:00;0.004;;
810510;unknown;control;2024-01-23 11:15:00+00:00;0.0;;
810510;unknown;control;2024-01-23 11:30:00+00:00;0.0;;
810510;unknown;control;2024-01-23 11:45:00+00:00;0.0;;
810510;unknown;control;2024-01-23 12:00:00+00:00;0.0;;
810510;unknown;control;2024-01-23 12:15:00+00:00;0.0;;
810510;unknown;control;2024-01-23 12:30:00+00:00;0.0;;
810510;unknown;control;2024-01-23 12:45:00+00:00;0.006;;
810510;unknown;control;2024-01-23 13:00:00+00:00;0.157;;
810510;unknown;control;2024-01-23 13:15:00+00:00;0.0;;
810510;unknown;control;2024-01-23 13:30:00+00:00;0.001;;
810510;unknown;control;2024-01-23 13:45:00+00:00;0.001;;
810510;unknown;control;2024-01-23 14:00:00+00:00;0.003;;
810510;unknown;control;2024-01-23 14:15:00+00:00;0.003;;
810510;unknown;control;2024-01-23 14:30:00+00:00;0.003;;
810510;unknown;control;2024-01-23 14:45:00+00:00;0.209;;
810510;unknown;control;2024-01-23 15:00:00+00:00;0.003;;
810510;unknown;control;2024-01-23 15:15:00+00:00;0.003;;
810510;unknown;control;2024-01-23 15:30:00+00:00;0.002;;
810510;unknown;control;2024-01-23 15:45:00+00:00;0.003;;
810510;unknown;control;2024-01-23 16:00:00+00:00;0.006;;
810510;unknown;control;2024-01-23 16:15:00+00:00;0.244;;
810510;unknown;control;2024-01-23 16:30:00+00:00;0.009;;
810510;unknown;control;2024-01-23 16:45:00+00:00;0.07;;
810510;unknown;control;2024-01-23 17:00:00+00:00;0.092;;
810510;unknown;control;2024-01-23 17:15:00+00:00;0.091;;
810510;unknown;control;2024-01-23 17:30:00+00:00;0.112;;
810510;unknown;control;2024-01-23 17:45:00+00:00;0.364;;
810510;unknown;control;2024-01-23 18:00:00+00:00;0.11;;
810510;unknown;control;2024-01-23 18:15:00+00:00;0.149;;
810510;unknown;control;2024-01-23 18:30:00+00:00;0.142;;
810510;unknown;control;2024-01-23 18:45:00+00:00;0.16;;
810510;unknown;control;2024-01-23 19:00:00+00:00;0.376;;
810510;unknown;control;2024-01-23 19:15:00+00:00;0.135;;
810510;unknown;control;2024-01-23 19:30:00+00:00;0.084;;
810510;unknown;control;2024-01-23 19:45:00+00:00;0.113;;
810510;unknown;control;2024-01-23 20:00:00+00:00;0.285;;
810510;unknown;control;2024-01-23 20:15:00+00:00;0.201;;
810510;unknown;control;2024-01-23 20:30:00+00:00;0.103;;
810510;unknown;control;2024-01-23 20:45:00+00:00;0.063;;
810510;unknown;control;2024-01-23 21:00:00+00:00;0.147;;
810510;unknown;control;2024-01-23 21:15:00+00:00;0.28;;
810510;unknown;control;2024-01-23 21:30:00+00:00;0.101;;
810510;unknown;control;2024-01-23 21:45:00+00:00;0.107;;
810510;unknown;control;2024-01-23 22:00:00+00:00;0.094;;
810510;unknown;control;2024-01-23 22:15:00+00:00;0.355;;
810510;unknown;control;2024-01-23 22:30:00+00:00;0.073;;
810510;unknown;control;2024-01-23 22:45:00+00:00;0.091;;
810510;unknown;control;2024-01-23 23:00:00+00:00;0.087;;
810510;unknown;control;2024-01-23 23:15:00+00:00;0.306;;
810510;unknown;control;2024-01-23 23:30:00+00:00;0.114;;
810510;unknown;control;2024-01-23 23:45:00+00:00;0.075;;
810510;unknown;control;2024-01-24 00:00:00+00:00;0.086;;
810510;unknown;control;2024-01-24 00:15:00+00:00;0.209;;
810510;unknown;control;2024-01-24 00:30:00+00:00;0.221;;
810510;unknown;control;2024-01-24 00:45:00+00:00;0.062;;
810510;unknown;control;2024-01-24 01:00:00+00:00;0.077;;
810510;unknown;control;2024-01-24 01:15:00+00:00;0.064;;
810510;unknown;control;2024-01-24 01:30:00+00:00;0.344;;
810510;unknown;control;2024-01-24 01:45:00+00:00;0.064;;
810510;unknown;control;2024-01-24 02:00:00+00:00;0.066;;
810510;unknown;control;2024-01-24 02:15:00+00:00;0.077;;
810510;unknown;control;2024-01-24 02:30:00+00:00;0.19;;
810510;unknown;control;2024-01-24 02:45:00+00:00;0.215;;
810510;unknown;control;2024-01-24 03:00:00+00:00;0.111;;
810510;unknown;control;2024-01-24 03:15:00+00:00;0.112;;
810510;unknown;control;2024-01-24 03:30:00+00:00;0.135;;
810510;unknown;control;2024-01-24 03:45:00+00:00;0.173;;
810510;unknown;control;2024-01-24 04:00:00+00:00;0.359;;
810510;unknown;control;2024-01-24 04:15:00+00:00;0.135;;
810510;unknown;control;2024-01-24 04:30:00+00:00;0.153;;
810510;unknown;control;2024-01-24 04:45:00+00:00;0.14;;
810510;unknown;control;2024-01-24 05:00:00+00:00;0.156;;
810510;unknown;control;2024-01-24 05:15:00+00:00;0.149;;
810510;unknown;control;2024-01-24 05:30:00+00:00;0.16;;
810510;unknown;control;2024-01-24 05:45:00+00:00;0.161;;
810510;unknown;control;2024-01-24 06:00:00+00:00;0.155;;
810510;unknown;control;2024-01-24 06:15:00+00:00;0.171;;
810510;unknown;control;2024-01-24 06:30:00+00:00;0.146;;
810510;unknown;control;2024-01-24 06:45:00+00:00;0.153;;
810510;unknown;control;2024-01-24 07:00:00+00:00;0.064;;
810510;unknown;control;2024-01-24 07:15:00+00:00;0.086;;
810510;unknown;control;2024-01-24 07:30:00+00:00;0.068;;
810510;unknown;control;2024-01-24 07:45:00+00:00;0.065;;
810510;unknown;control;2024-01-24 08:00:00+00:00;0.05;;
810510;unknown;control;2024-01-24 08:15:00+00:00;0.022;;
810510;unknown;control;2024-01-24 08:30:00+00:00;0.014;;
810510;unknown;control;2024-01-24 08:45:00+00:00;0.0;;
810510;unknown;control;2024-01-24 09:00:00+00:00;0.001;;
810510;unknown;control;2024-01-24 09:15:00+00:00;0.007;;
810510;unknown;control;2024-01-24 09:30:00+00:00;0.039;;
810510;unknown;control;2024-01-24 09:45:00+00:00;0.047;;
810510;unknown;control;2024-01-24 10:00:00+00:00;0.02;;
810510;unknown;control;2024-01-24 10:15:00+00:00;0.019;;
810510;unknown;control;2024-01-24 10:30:00+00:00;0.002;;
810510;unknown;control;2024-01-24 10:45:00+00:00;0.004;;
810510;unknown;control;2024-01-24 11:00:00+00:00;0.003;;
810510;unknown;control;2024-01-24 11:15:00+00:00;0.013;;
810510;unknown;control;2024-01-24 11:30:00+00:00;0.009;;
810510;unknown;control;2024-01-24 11:45:00+00:00;0.015;;
810510;unknown;control;2024-01-24 12:00:00+00:00;0.026;;
810510;unknown;control;2024-01-24 12:15:00+00:00;0.001;;
810510;unknown;control;2024-01-24 12:30:00+00:00;0.001;;
810510;unknown;control;2024-01-24 12:45:00+00:00;0.003;;
810510;unknown;control;2024-01-24 13:00:00+00:00;0.015;;
810510;unknown;control;2024-01-24 13:15:00+00:00;0.016;;
810510;unknown;control;2024-01-24 13:30:00+00:00;0.021;;
810510;unknown;control;2024-01-24 13:45:00+00:00;0.009;;
810510;unknown;control;2024-01-24 14:00:00+00:00;0.013;;
810510;unknown;control;2024-01-24 14:15:00+00:00;0.013;;
810510;unknown;control;2024-01-24 14:30:00+00:00;0.022;;
810510;unknown;control;2024-01-24 14:45:00+00:00;0.045;;
810510;unknown;control;2024-01-24 15:00:00+00:00;0.048;;
810510;unknown;control;2024-01-24 15:15:00+00:00;0.067;;
810510;unknown;control;2024-01-24 15:30:00+00:00;0.081;;
810510;unknown;control;2024-01-24 15:45:00+00:00;0.08;;
810510;unknown;control;2024-01-24 16:00:00+00:00;0.07;;
810510;unknown;control;2024-01-24 16:15:00+00:00;0.111;;
810510;unknown;control;2024-01-24 16:30:00+00:00;0.149;;
810510;unknown;control;2024-01-24 16:45:00+00:00;0.141;;
810510;unknown;control;2024-01-24 17:00:00+00:00;0.157;;
810510;unknown;control;2024-01-24 17:15:00+00:00;0.155;;
810510;unknown;control;2024-01-24 17:30:00+00:00;0.152;;
810510;unknown;control;2024-01-24 17:45:00+00:00;0.142;;
810510;unknown;control;2024-01-24 18:00:00+00:00;0.148;;
810510;unknown;control;2024-01-24 18:15:00+00:00;0.141;;
810510;unknown;control;2024-01-24 18:30:00+00:00;0.077;;
810510;unknown;control;2024-01-24 18:45:00+00:00;0.096;;
810510;unknown;control;2024-01-24 19:00:00+00:00;0.109;;
810510;unknown;control;2024-01-24 19:15:00+00:00;0.089;;
810510;unknown;control;2024-01-24 19:30:00+00:00;0.088;;
810510;unknown;control;2024-01-24 19:45:00+00:00;0.117;;
810510;unknown;control;2024-01-24 20:00:00+00:00;0.119;;
810510;unknown;control;2024-01-24 20:15:00+00:00;0.114;;
810510;unknown;control;2024-01-24 20:30:00+00:00;0.115;;
810510;unknown;control;2024-01-24 20:45:00+00:00;0.098;;
810510;unknown;control;2024-01-24 21:00:00+00:00;0.08;;
810510;unknown;control;2024-01-24 21:15:00+00:00;0.06;;
810510;unknown;control;2024-01-24 21:30:00+00:00;0.108;;
810510;unknown;control;2024-01-24 21:45:00+00:00;0.082;;
810510;unknown;control;2024-01-24 22:00:00+00:00;0.093;;
810510;unknown;control;2024-01-24 22:15:00+00:00;0.073;;
810510;unknown;control;2024-01-24 22:30:00+00:00;0.071;;
810510;unknown;control;2024-01-24 22:45:00+00:00;0.079;;
810510;unknown;control;2024-01-24 23:00:00+00:00;0.079;;
810510;unknown;control;2024-01-24 23:15:00+00:00;0.096;;
810510;unknown;control;2024-01-24 23:30:00+00:00;0.056;;
810510;unknown;control;2024-01-24 23:45:00+00:00;0.09;;
810510;unknown;control;2024-01-25 00:00:00+00:00;0.071;;
810510;unknown;control;2024-01-25 00:15:00+00:00;0.074;;
810510;unknown;control;2024-01-25 00:30:00+00:00;0.07;;
810510;unknown;control;2024-01-25 00:45:00+00:00;0.068;;
810510;unknown;control;2024-01-25 01:00:00+00:00;0.316;;
810510;unknown;control;2024-01-25 01:15:00+00:00;0.067;;
810510;unknown;control;2024-01-25 01:30:00+00:00;0.075;;
810510;unknown;control;2024-01-25 01:45:00+00:00;0.067;;
810510;unknown;control;2024-01-25 02:00:00+00:00;0.075;;
810510;unknown;control;2024-01-25 02:15:00+00:00;0.057;;
810510;unknown;control;2024-01-25 02:30:00+00:00;0.072;;
810510;unknown;control;2024-01-25 02:45:00+00:00;0.061;;
810510;unknown;control;2024-01-25 03:00:00+00:00;0.316;;
810510;unknown;control;2024-01-25 03:15:00+00:00;0.069;;
810510;unknown;control;2024-01-25 03:30:00+00:00;0.068;;
810510;unknown;control;2024-01-25 03:45:00+00:00;0.067;;
810510;unknown;control;2024-01-25 04:00:00+00:00;0.067;;
810510;unknown;control;2024-01-25 04:15:00+00:00;0.07;;
810510;unknown;control;2024-01-25 04:30:00+00:00;0.056;;
810510;unknown;control;2024-01-25 04:45:00+00:00;0.073;;
810510;unknown;control;2024-01-25 05:00:00+00:00;0.064;;
810510;unknown;control;2024-01-25 05:15:00+00:00;0.071;;
810510;unknown;control;2024-01-25 05:30:00+00:00;0.313;;
810510;unknown;control;2024-01-25 05:45:00+00:00;0.07;;
810510;unknown;control;2024-01-25 06:00:00+00:00;0.067;;
810510;unknown;control;2024-01-25 06:15:00+00:00;0.065;;
810510;unknown;control;2024-01-25 06:30:00+00:00;0.071;;
810510;unknown;control;2024-01-25 06:45:00+00:00;0.071;;
810510;unknown;control;2024-01-25 07:00:00+00:00;0.079;;
810510;unknown;control;2024-01-25 07:15:00+00:00;0.063;;
810510;unknown;control;2024-01-25 07:30:00+00:00;0.076;;
810510;unknown;control;2024-01-25 07:45:00+00:00;0.058;;
810510;unknown;control;2024-01-25 08:00:00+00:00;0.056;;
810510;unknown;control;2024-01-25 08:15:00+00:00;0.043;;
810510;unknown;control;2024-01-25 08:30:00+00:00;0.299;;
810510;unknown;control;2024-01-25 08:45:00+00:00;0.027;;
810510;unknown;control;2024-01-25 09:00:00+00:00;0.002;;
810510;unknown;control;2024-01-25 09:15:00+00:00;0.001;;
810510;unknown;control;2024-01-25 09:30:00+00:00;0.001;;
810510;unknown;control;2024-01-25 09:45:00+00:00;0.0;;
810510;unknown;control;2024-01-25 10:00:00+00:00;0.0;;
810510;unknown;control;2024-01-25 10:15:00+00:00;0.001;;
810510;unknown;control;2024-01-25 10:30:00+00:00;0.0;;
810510;unknown;control;2024-01-25 10:45:00+00:00;0.0;;
810510;unknown;control;2024-01-25 11:00:00+00:00;0.0;;
810510;unknown;control;2024-01-25 11:15:00+00:00;0.0;;
810510;unknown;control;2024-01-25 11:30:00+00:00;0.0;;
810510;unknown;control;2024-01-25 11:45:00+00:00;0.0;;
810510;unknown;control;2024-01-25 12:00:00+00:00;0.0;;
810510;unknown;control;2024-01-25 12:15:00+00:00;0.001;;
810510;unknown;control;2024-01-25 12:30:00+00:00;0.0;;
810510;unknown;control;2024-01-25 12:45:00+00:00;0.0;;
810510;unknown;control;2024-01-25 13:00:00+00:00;0.022;;
810510;unknown;control;2024-01-25 13:15:00+00:00;0.0;;
810510;unknown;control;2024-01-25 13:30:00+00:00;0.006;;
810510;unknown;control;2024-01-25 13:45:00+00:00;0.014;;
810510;unknown;control;2024-01-25 14:00:00+00:00;0.001;;
810510;unknown;control;2024-01-25 14:15:00+00:00;0.004;;
810510;unknown;control;2024-01-25 14:30:00+00:00;0.001;;
810510;unknown;control;2024-01-25 14:45:00+00:00;0.0;;
810510;unknown;control;2024-01-25 15:00:00+00:00;0.021;;
810510;unknown;control;2024-01-25 15:15:00+00:00;0.065;;
810510;unknown;control;2024-01-25 15:30:00+00:00;0.044;;
810510;unknown;control;2024-01-25 15:45:00+00:00;0.062;;
810510;unknown;control;2024-01-25 16:00:00+00:00;0.055;;
810510;unknown;control;2024-01-25 16:15:00+00:00;0.063;;
810510;unknown;control;2024-01-25 16:30:00+00:00;0.069;;
810510;unknown;control;2024-01-25 16:45:00+00:00;0.071;;
810510;unknown;control;2024-01-25 17:00:00+00:00;0.075;;
810510;unknown;control;2024-01-25 17:15:00+00:00;0.058;;
810510;unknown;control;2024-01-25 17:30:00+00:00;0.075;;
810510;unknown;control;2024-01-25 17:45:00+00:00;0.055;;
810510;unknown;control;2024-01-25 18:00:00+00:00;0.332;;
810510;unknown;control;2024-01-25 18:15:00+00:00;0.062;;
810510;unknown;control;2024-01-25 18:30:00+00:00;0.082;;
810510;unknown;control;2024-01-25 18:45:00+00:00;0.065;;
810510;unknown;control;2024-01-25 19:00:00+00:00;0.071;;
810510;unknown;control;2024-01-25 19:15:00+00:00;0.067;;
810510;unknown;control;2024-01-25 19:30:00+00:00;0.066;;
810510;unknown;control;2024-01-25 19:45:00+00:00;0.144;;
810510;unknown;control;2024-01-25 20:00:00+00:00;0.246;;
810510;unknown;control;2024-01-25 20:15:00+00:00;0.088;;
810510;unknown;control;2024-01-25 20:30:00+00:00;0.061;;
810510;unknown;control;2024-01-25 20:45:00+00:00;0.076;;
810510;unknown;control;2024-01-25 21:00:00+00:00;0.06;;
810510;unknown;control;2024-01-25 21:15:00+00:00;0.075;;
810510;unknown;control;2024-01-25 21:30:00+00:00;0.065;;
810510;unknown;control;2024-01-25 21:45:00+00:00;0.337;;
810510;unknown;control;2024-01-25 22:00:00+00:00;0.068;;
810510;unknown;control;2024-01-25 22:15:00+00:00;0.071;;
810510;unknown;control;2024-01-25 22:30:00+00:00;0.066;;
810510;unknown;control;2024-01-25 22:45:00+00:00;0.067;;
810510;unknown;control;2024-01-25 23:00:00+00:00;0.066;;
810510;unknown;control;2024-01-25 23:15:00+00:00;0.088;;
810510;unknown;control;2024-01-25 23:30:00+00:00;0.305;;
810510;unknown;control;2024-01-25 23:45:00+00:00;0.06;;
810510;unknown;control;2024-01-26 00:00:00+00:00;0.072;;
810510;unknown;control;2024-01-26 00:15:00+00:00;0.056;;
810510;unknown;control;2024-01-26 00:30:00+00:00;0.071;;
810510;unknown;control;2024-01-26 00:45:00+00:00;0.059;;
810510;unknown;control;2024-01-26 01:00:00+00:00;0.326;;
810510;unknown;control;2024-01-26 01:15:00+00:00;0.072;;
810510;unknown;control;2024-01-26 01:30:00+00:00;0.068;;
810510;unknown;control;2024-01-26 01:45:00+00:00;0.066;;
810510;unknown;control;2024-01-26 02:00:00+00:00;0.063;;
810510;unknown;control;2024-01-26 02:15:00+00:00;0.277;;
810510;unknown;control;2024-01-26 02:30:00+00:00;0.111;;
810510;unknown;control;2024-01-26 02:45:00+00:00;0.076;;
810510;unknown;control;2024-01-26 03:00:00+00:00;0.065;;
810510;unknown;control;2024-01-26 03:15:00+00:00;0.07;;
810510;unknown;control;2024-01-26 03:30:00+00:00;0.214;;
810510;unknown;control;2024-01-26 03:45:00+00:00;0.172;;
810510;unknown;control;2024-01-26 04:00:00+00:00;0.061;;
810510;unknown;control;2024-01-26 04:15:00+00:00;0.065;;
810510;unknown;control;2024-01-26 04:30:00+00:00;0.069;;
810510;unknown;control;2024-01-26 04:45:00+00:00;0.314;;
810510;unknown;control;2024-01-26 05:00:00+00:00;0.083;;
810510;unknown;control;2024-01-26 05:15:00+00:00;0.056;;
810510;unknown;control;2024-01-26 05:30:00+00:00;0.073;;
810510;unknown;control;2024-01-26 05:45:00+00:00;0.061;;
810510;unknown;control;2024-01-26 06:00:00+00:00;0.332;;
810510;unknown;control;2024-01-26 06:15:00+00:00;0.074;;
810510;unknown;control;2024-01-26 06:30:00+00:00;0.075;;
810510;unknown;control;2024-01-26 06:45:00+00:00;0.073;;
810510;unknown;control;2024-01-26 07:00:00+00:00;0.311;;
810510;unknown;control;2024-01-26 07:15:00+00:00;0.079;;
810510;unknown;control;2024-01-26 07:30:00+00:00;0.004;;
810510;unknown;control;2024-01-26 07:45:00+00:00;0.0;;
810510;unknown;control;2024-01-26 08:00:00+00:00;0.017;;
810510;unknown;control;2024-01-26 08:15:00+00:00;0.258;;
810510;unknown;control;2024-01-26 08:30:00+00:00;0.0;;
810510;unknown;control;2024-01-26 08:45:00+00:00;0.0;;
810510;unknown;control;2024-01-26 09:00:00+00:00;0.0;;
810510;unknown;control;2024-01-26 09:15:00+00:00;0.0;;
810510;unknown;control;2024-01-26 09:30:00+00:00;0.0;;
810510;unknown;control;2024-01-26 09:45:00+00:00;0.137;;
810510;unknown;control;2024-01-26 10:00:00+00:00;0.073;;
810510;unknown;control;2024-01-26 10:15:00+00:00;0.001;;
810510;unknown;control;2024-01-26 10:30:00+00:00;0.0;;
810510;unknown;control;2024-01-26 10:45:00+00:00;0.0;;
810510;unknown;control;2024-01-26 11:00:00+00:00;0.0;;
810510;unknown;control;2024-01-26 11:15:00+00:00;0.0;;
810510;unknown;control;2024-01-26 11:30:00+00:00;0.001;;
810510;unknown;control;2024-01-26 11:45:00+00:00;0.0;;
810510;unknown;control;2024-01-26 12:00:00+00:00;0.0;;
810510;unknown;control;2024-01-26 12:15:00+00:00;0.0;;
810510;unknown;control;2024-01-26 12:30:00+00:00;0.002;;
810510;unknown;control;2024-01-26 12:45:00+00:00;0.001;;
810510;unknown;control;2024-01-26 13:00:00+00:00;0.001;;
810510;unknown;control;2024-01-26 13:15:00+00:00;0.003;;
810510;unknown;control;2024-01-26 13:30:00+00:00;0.003;;
810510;unknown;control;2024-01-26 13:45:00+00:00;0.003;;
810510;unknown;control;2024-01-26 14:00:00+00:00;0.002;;
810510;unknown;control;2024-01-26 14:15:00+00:00;0.003;;
810510;unknown;control;2024-01-26 14:30:00+00:00;0.003;;
810510;unknown;control;2024-01-26 14:45:00+00:00;0.056;;
810510;unknown;control;2024-01-26 15:00:00+00:00;0.312;;
810510;unknown;control;2024-01-26 15:15:00+00:00;0.091;;
810510;unknown;control;2024-01-26 15:30:00+00:00;0.063;;
810510;unknown;control;2024-01-26 15:45:00+00:00;0.073;;
810510;unknown;control;2024-01-26 16:00:00+00:00;0.063;;
810510;unknown;control;2024-01-26 16:15:00+00:00;0.077;;
810510;unknown;control;2024-01-26 16:30:00+00:00;0.073;;
810510;unknown;control;2024-01-26 16:45:00+00:00;0.072;;
810510;unknown;control;2024-01-26 17:00:00+00:00;0.335;;
810510;unknown;control;2024-01-26 17:15:00+00:00;0.068;;
810510;unknown;control;2024-01-26 17:30:00+00:00;0.084;;
810510;unknown;control;2024-01-26 17:45:00+00:00;0.061;;
810510;unknown;control;2024-01-26 18:00:00+00:00;0.078;;
810510;unknown;control;2024-01-26 18:15:00+00:00;0.073;;
810510;unknown;control;2024-01-26 18:30:00+00:00;0.086;;
810510;unknown;control;2024-01-26 18:45:00+00:00;0.062;;
810510;unknown;control;2024-01-26 19:00:00+00:00;0.337;;
810510;unknown;control;2024-01-26 19:15:00+00:00;0.069;;
810510;unknown;control;2024-01-26 19:30:00+00:00;0.068;;
810510;unknown;control;2024-01-26 19:45:00+00:00;0.069;;
810510;unknown;control;2024-01-26 20:00:00+00:00;0.074;;
810510;unknown;control;2024-01-26 20:15:00+00:00;0.077;;
810510;unknown;control;2024-01-26 20:30:00+00:00;0.061;;
810510;unknown;control;2024-01-26 20:45:00+00:00;0.206;;
810510;unknown;control;2024-01-26 21:00:00+00:00;0.188;;
810510;unknown;control;2024-01-26 21:15:00+00:00;0.075;;
810510;unknown;control;2024-01-26 21:30:00+00:00;0.063;;
810510;unknown;control;2024-01-26 21:45:00+00:00;0.081;;
810510;unknown;control;2024-01-26 22:00:00+00:00;0.064;;
810510;unknown;control;2024-01-26 22:15:00+00:00;0.332;;
810510;unknown;control;2024-01-26 22:30:00+00:00;0.065;;
810510;unknown;control;2024-01-26 22:45:00+00:00;0.067;;
810510;unknown;control;2024-01-26 23:00:00+00:00;0.065;;
810510;unknown;control;2024-01-26 23:15:00+00:00;0.071;;
810510;unknown;control;2024-01-26 23:30:00+00:00;0.333;;
810510;unknown;control;2024-01-26 23:45:00+00:00;0.058;;
810510;unknown;control;2024-01-27 00:00:00+00:00;0.071;;
810510;unknown;control;2024-01-27 00:15:00+00:00;0.056;;
810510;unknown;control;2024-01-27 00:30:00+00:00;0.275;;
810510;unknown;control;2024-01-27 00:45:00+00:00;0.119;;
810510;unknown;control;2024-01-27 01:00:00+00:00;0.078;;
810510;unknown;control;2024-01-27 01:15:00+00:00;0.062;;
810510;unknown;control;2024-01-27 01:30:00+00:00;0.33;;
810510;unknown;control;2024-01-27 01:45:00+00:00;0.065;;
810510;unknown;control;2024-01-27 02:00:00+00:00;0.065;;
810510;unknown;control;2024-01-27 02:15:00+00:00;0.064;;
810510;unknown;control;2024-01-27 02:30:00+00:00;0.336;;
810510;unknown;control;2024-01-27 02:45:00+00:00;0.076;;
810510;unknown;control;2024-01-27 03:00:00+00:00;0.06;;
810510;unknown;control;2024-01-27 03:15:00+00:00;0.288;;
810510;unknown;control;2024-01-27 03:30:00+00:00;0.112;;
810510;unknown;control;2024-01-27 03:45:00+00:00;0.072;;
810510;unknown;control;2024-01-27 04:00:00+00:00;0.142;;
810510;unknown;control;2024-01-27 04:15:00+00:00;0.262;;
810510;unknown;control;2024-01-27 04:30:00+00:00;0.066;;
810510;unknown;control;2024-01-27 04:45:00+00:00;0.071;;
810510;unknown;control;2024-01-27 05:00:00+00:00;0.336;;
810510;unknown;control;2024-01-27 05:15:00+00:00;0.063;;
810510;unknown;control;2024-01-27 05:30:00+00:00;0.068;;
810510;unknown;control;2024-01-27 05:45:00+00:00;0.338;;
810510;unknown;control;2024-01-27 06:00:00+00:00;0.077;;
810510;unknown;control;2024-01-27 06:15:00+00:00;0.143;;
810510;unknown;control;2024-01-27 06:30:00+00:00;0.281;;
810510;unknown;control;2024-01-27 06:45:00+00:00;0.063;;
810510;unknown;control;2024-01-27 07:00:00+00:00;0.27;;
810510;unknown;control;2024-01-27 07:15:00+00:00;0.138;;
810510;unknown;control;2024-01-27 07:30:00+00:00;0.015;;
810510;unknown;control;2024-01-27 07:45:00+00:00;0.247;;
810510;unknown;control;2024-01-27 08:00:00+00:00;0.0;;
810510;unknown;control;2024-01-27 08:15:00+00:00;0.0;;
810510;unknown;control;2024-01-27 08:30:00+00:00;0.192;;
810510;unknown;control;2024-01-27 08:45:00+00:00;0.0;;
810510;unknown;control;2024-01-27 09:00:00+00:00;0.044;;
810510;unknown;control;2024-01-27 09:15:00+00:00;0.184;;
810510;unknown;control;2024-01-27 09:30:00+00:00;0.0;;
810510;unknown;control;2024-01-27 09:45:00+00:00;0.003;;
810510;unknown;control;2024-01-27 10:00:00+00:00;0.108;;
810510;unknown;control;2024-01-27 10:15:00+00:00;0.0;;
810510;unknown;control;2024-01-27 10:30:00+00:00;0.0;;
810510;unknown;control;2024-01-27 10:45:00+00:00;0.0;;
810510;unknown;control;2024-01-27 11:00:00+00:00;0.0;;
810510;unknown;control;2024-01-27 11:15:00+00:00;0.0;;
810510;unknown;control;2024-01-27 11:30:00+00:00;0.0;;
810510;unknown;control;2024-01-27 11:45:00+00:00;0.0;;
810510;unknown;control;2024-01-27 12:00:00+00:00;0.0;;
810510;unknown;control;2024-01-27 12:15:00+00:00;0.0;;
810510;unknown;control;2024-01-27 12:30:00+00:00;0.0;;
810510;unknown;control;2024-01-27 12:45:00+00:00;0.0;;
810510;unknown;control;2024-01-27 13:00:00+00:00;0.0;;
810510;unknown;control;2024-01-27 13:15:00+00:00;0.0;;
810510;unknown;control;2024-01-27 13:30:00+00:00;0.0;;
810510;unknown;control;2024-01-27 13:45:00+00:00;0.0;;
810510;unknown;control;2024-01-27 14:00:00+00:00;0.0;;
810510;unknown;control;2024-01-27 14:15:00+00:00;0.0;;
810510;unknown;control;2024-01-27 14:30:00+00:00;0.0;;
810510;unknown;control;2024-01-27 14:45:00+00:00;0.0;;
810510;unknown;control;2024-01-27 15:00:00+00:00;0.0;;
810510;unknown;control;2024-01-27 15:15:00+00:00;0.002;;
810510;unknown;control;2024-01-27 15:30:00+00:00;0.188;;
810510;unknown;control;2024-01-27 15:45:00+00:00;0.002;;
810510;unknown;control;2024-01-27 16:00:00+00:00;0.003;;
810510;unknown;control;2024-01-27 16:15:00+00:00;0.003;;
810510;unknown;control;2024-01-27 16:30:00+00:00;0.005;;
810510;unknown;control;2024-01-27 16:45:00+00:00;0.164;;
810510;unknown;control;2024-01-27 17:00:00+00:00;0.069;;
810510;unknown;control;2024-01-27 17:15:00+00:00;0.003;;
810510;unknown;control;2024-01-27 17:30:00+00:00;0.003;;
810510;unknown;control;2024-01-27 17:45:00+00:00;0.003;;
810510;unknown;control;2024-01-27 18:00:00+00:00;0.235;;
810510;unknown;control;2024-01-27 18:15:00+00:00;0.003;;
810510;unknown;control;2024-01-27 18:30:00+00:00;0.002;;
810510;unknown;control;2024-01-27 18:45:00+00:00;0.003;;
810510;unknown;control;2024-01-27 19:00:00+00:00;0.157;;
810510;unknown;control;2024-01-27 19:15:00+00:00;0.082;;
810510;unknown;control;2024-01-27 19:30:00+00:00;0.002;;
810510;unknown;control;2024-01-27 19:45:00+00:00;0.003;;
810510;unknown;control;2024-01-27 20:00:00+00:00;0.097;;
810510;unknown;control;2024-01-27 20:15:00+00:00;0.146;;
810510;unknown;control;2024-01-27 20:30:00+00:00;0.003;;
810510;unknown;control;2024-01-27 20:45:00+00:00;0.002;;
810510;unknown;control;2024-01-27 21:00:00+00:00;0.241;;
810510;unknown;control;2024-01-27 21:15:00+00:00;0.107;;
810510;unknown;control;2024-01-27 21:30:00+00:00;0.059;;
810510;unknown;control;2024-01-27 21:45:00+00:00;0.092;;
810510;unknown;control;2024-01-27 22:00:00+00:00;0.319;;
810510;unknown;control;2024-01-27 22:15:00+00:00;0.072;;
810510;unknown;control;2024-01-27 22:30:00+00:00;0.066;;
810510;unknown;control;2024-01-27 22:45:00+00:00;0.357;;
810510;unknown;control;2024-01-27 23:00:00+00:00;0.066;;
810510;unknown;control;2024-01-27 23:15:00+00:00;0.099;;
810510;unknown;control;2024-01-27 23:30:00+00:00;0.629;;
810510;unknown;control;2024-01-27 23:45:00+00:00;0.769;;
810510;unknown;control;2024-01-28 00:00:00+00:00;0.592;;
810510;unknown;control;2024-01-28 00:15:00+00:00;0.051;;
810510;unknown;control;2024-01-28 00:30:00+00:00;0.268;;
810510;unknown;control;2024-01-28 00:45:00+00:00;0.131;;
810510;unknown;control;2024-01-28 01:00:00+00:00;0.06;;
810510;unknown;control;2024-01-28 01:15:00+00:00;0.443;;
810510;unknown;control;2024-01-28 01:30:00+00:00;0.657;;
810510;unknown;control;2024-01-28 01:45:00+00:00;0.275;;
810510;unknown;control;2024-01-28 02:00:00+00:00;0.071;;
810510;unknown;control;2024-01-28 02:15:00+00:00;0.39;;
810510;unknown;control;2024-01-28 02:30:00+00:00;0.05;;
810510;unknown;control;2024-01-28 02:45:00+00:00;0.063;;
810510;unknown;control;2024-01-28 03:00:00+00:00;0.55;;
810510;unknown;control;2024-01-28 03:15:00+00:00;0.673;;
810510;unknown;control;2024-01-28 03:30:00+00:00;0.322;;
810510;unknown;control;2024-01-28 03:45:00+00:00;0.081;;
810510;unknown;control;2024-01-28 04:00:00+00:00;0.297;;
810510;unknown;control;2024-01-28 04:15:00+00:00;0.648;;
810510;unknown;control;2024-01-28 04:30:00+00:00;0.451;;
810510;unknown;control;2024-01-28 04:45:00+00:00;0.063;;
810510;unknown;control;2024-01-28 05:00:00+00:00;0.204;;
810510;unknown;control;2024-01-28 05:15:00+00:00;0.629;;
810510;unknown;control;2024-01-28 05:30:00+00:00;0.538;;
810510;unknown;control;2024-01-28 05:45:00+00:00;0.055;;
810510;unknown;control;2024-01-28 06:00:00+00:00;0.154;;
810510;unknown;control;2024-01-28 06:15:00+00:00;0.616;;
810510;unknown;control;2024-01-28 06:30:00+00:00;0.526;;
810510;unknown;control;2024-01-28 06:45:00+00:00;0.064;;
810510;unknown;control;2024-01-28 07:00:00+00:00;0.168;;
810510;unknown;control;2024-01-28 07:15:00+00:00;0.63;;
810510;unknown;control;2024-01-28 07:30:00+00:00;0.441;;
810510;unknown;control;2024-01-28 07:45:00+00:00;0.043;;
810510;unknown;control;2024-01-28 08:00:00+00:00;0.162;;
810510;unknown;control;2024-01-28 08:15:00+00:00;0.577;;
810510;unknown;control;2024-01-28 08:30:00+00:00;0.24;;
810510;unknown;control;2024-01-28 08:45:00+00:00;0.005;;
810510;unknown;control;2024-01-28 09:00:00+00:00;0.227;;
810510;unknown;control;2024-01-28 09:15:00+00:00;0.534;;
810510;unknown;control;2024-01-28 09:30:00+00:00;0.073;;
810510;unknown;control;2024-01-28 09:45:00+00:00;0.0;;
810510;unknown;control;2024-01-28 10:00:00+00:00;0.264;;
810510;unknown;control;2024-01-28 10:15:00+00:00;0.352;;
810510;unknown;control;2024-01-28 10:30:00+00:00;0.0;;
810510;unknown;control;2024-01-28 10:45:00+00:00;0.033;;
810510;unknown;control;2024-01-28 11:00:00+00:00;0.266;;
810510;unknown;control;2024-01-28 11:15:00+00:00;0.04;;
810510;unknown;control;2024-01-28 11:30:00+00:00;0.0;;
810510;unknown;control;2024-01-28 11:45:00+00:00;0.0;;
810510;unknown;control;2024-01-28 12:00:00+00:00;0.001;;
810510;unknown;control;2024-01-28 12:15:00+00:00;0.0;;
810510;unknown;control;2024-01-28 12:30:00+00:00;0.0;;
810510;unknown;control;2024-01-28 12:45:00+00:00;0.0;;
810510;unknown;control;2024-01-28 13:00:00+00:00;0.0;;
810510;unknown;control;2024-01-28 13:15:00+00:00;0.0;;
810510;unknown;control;2024-01-28 13:30:00+00:00;0.001;;
810510;unknown;control;2024-01-28 13:45:00+00:00;0.006;;
810510;unknown;control;2024-01-28 14:00:00+00:00;0.0;;
810510;unknown;control;2024-01-28 14:15:00+00:00;0.018;;
810510;unknown;control;2024-01-28 14:30:00+00:00;0.08;;
810510;unknown;control;2024-01-28 14:45:00+00:00;0.0;;
810510;unknown;control;2024-01-28 15:00:00+00:00;0.047;;
810510;unknown;control;2024-01-28 15:15:00+00:00;0.21;;
810510;unknown;control;2024-01-28 15:30:00+00:00;0.0;;
810510;unknown;control;2024-01-28 15:45:00+00:00;0.004;;
810510;unknown;control;2024-01-28 16:00:00+00:00;0.457;;
810510;unknown;control;2024-01-28 16:15:00+00:00;0.054;;
810510;unknown;control;2024-01-28 16:30:00+00:00;0.005;;
810510;unknown;control;2024-01-28 16:45:00+00:00;0.378;;
810510;unknown;control;2024-01-28 17:00:00+00:00;0.188;;
810510;unknown;control;2024-01-28 17:15:00+00:00;0.003;;
810510;unknown;control;2024-01-28 17:30:00+00:00;0.24;;
810510;unknown;control;2024-01-28 17:45:00+00:00;0.336;;
810510;unknown;control;2024-01-28 18:00:00+00:00;0.003;;
810510;unknown;control;2024-01-28 18:15:00+00:00;0.146;;
810510;unknown;control;2024-01-28 18:30:00+00:00;0.655;;
810510;unknown;control;2024-01-28 18:45:00+00:00;0.078;;
810510;unknown;control;2024-01-28 19:00:00+00:00;0.077;;
810510;unknown;control;2024-01-28 19:15:00+00:00;0.734;;
810510;unknown;control;2024-01-28 19:30:00+00:00;0.094;;
810510;unknown;control;2024-01-28 19:45:00+00:00;0.052;;
810510;unknown;control;2024-01-28 20:00:00+00:00;0.517;;
810510;unknown;control;2024-01-28 20:15:00+00:00;0.585;;
810510;unknown;control;2024-01-28 20:30:00+00:00;0.068;;
810510;unknown;control;2024-01-28 20:45:00+00:00;0.094;;
810510;unknown;control;2024-01-28 21:00:00+00:00;0.617;;
810510;unknown;control;2024-01-28 21:15:00+00:00;0.411;;
810510;unknown;control;2024-01-28 21:30:00+00:00;0.062;;
810510;unknown;control;2024-01-28 21:45:00+00:00;0.263;;
810510;unknown;control;2024-01-28 22:00:00+00:00;0.642;;
810510;unknown;control;2024-01-28 22:15:00+00:00;0.242;;
810510;unknown;control;2024-01-28 22:30:00+00:00;0.061;;
810510;unknown;control;2024-01-28 22:45:00+00:00;0.405;;
810510;unknown;control;2024-01-28 23:00:00+00:00;0.666;;
810510;unknown;control;2024-01-28 23:15:00+00:00;0.074;;
810510;unknown;control;2024-01-28 23:30:00+00:00;0.068;;
810510;unknown;control;2024-01-28 23:45:00+00:00;0.554;;
810510;unknown;control;2024-01-29 00:00:00+00:00;0.536;;
810510;unknown;control;2024-01-29 00:15:00+00:00;0.064;;
810510;unknown;control;2024-01-29 00:30:00+00:00;0.133;;
810510;unknown;control;2024-01-29 00:45:00+00:00;0.627;;
810510;unknown;control;2024-01-29 01:00:00+00:00;0.431;;
810510;unknown;control;2024-01-29 01:15:00+00:00;0.058;;
810510;unknown;control;2024-01-29 01:30:00+00:00;0.247;;
810510;unknown;control;2024-01-29 01:45:00+00:00;0.643;;
810510;unknown;control;2024-01-29 02:00:00+00:00;0.325;;
810510;unknown;control;2024-01-29 02:15:00+00:00;0.059;;
810510;unknown;control;2024-01-29 02:30:00+00:00;0.336;;
810510;unknown;control;2024-01-29 02:45:00+00:00;0.67;;
810510;unknown;control;2024-01-29 03:00:00+00:00;0.209;;
810510;unknown;control;2024-01-29 03:15:00+00:00;0.066;;
810510;unknown;control;2024-01-29 03:30:00+00:00;0.418;;
810510;unknown;control;2024-01-29 03:45:00+00:00;0.685;;
810510;unknown;control;2024-01-29 04:00:00+00:00;0.103;;
810510;unknown;control;2024-01-29 04:15:00+00:00;0.081;;
810510;unknown;control;2024-01-29 04:30:00+00:00;0.508;;
810510;unknown;control;2024-01-29 04:45:00+00:00;0.691;;
810510;unknown;control;2024-01-29 05:00:00+00:00;0.06;;
810510;unknown;control;2024-01-29 05:15:00+00:00;0.066;;
810510;unknown;control;2024-01-29 05:30:00+00:00;0.56;;
810510;unknown;control;2024-01-29 05:45:00+00:00;0.657;;
810510;unknown;control;2024-01-29 06:00:00+00:00;0.071;;
810510;unknown;control;2024-01-29 06:15:00+00:00;0.065;;
810510;unknown;control;2024-01-29 06:30:00+00:00;0.608;;
810510;unknown;control;2024-01-29 06:45:00+00:00;0.656;;
810510;unknown;control;2024-01-29 07:00:00+00:00;0.069;;
810510;unknown;control;2024-01-29 07:15:00+00:00;0.036;;
810510;unknown;control;2024-01-29 07:30:00+00:00;0.518;;
810510;unknown;control;2024-01-29 07:45:00+00:00;0.546;;
810510;unknown;control;2024-01-29 08:00:00+00:00;0.001;;
810510;unknown;control;2024-01-29 08:15:00+00:00;0.0;;
810510;unknown;control;2024-01-29 08:30:00+00:00;0.356;;
810510;unknown;control;2024-01-29 08:45:00+00:00;0.313;;
810510;unknown;control;2024-01-29 09:00:00+00:00;0.0;;
810510;unknown;control;2024-01-29 09:15:00+00:00;0.036;;
810510;unknown;control;2024-01-29 09:30:00+00:00;0.284;;
810510;unknown;control;2024-01-29 09:45:00+00:00;0.167;;
810510;unknown;control;2024-01-29 10:00:00+00:00;0.0;;
810510;unknown;control;2024-01-29 10:15:00+00:00;0.001;;
810510;unknown;control;2024-01-29 10:30:00+00:00;0.019;;
810510;unknown;control;2024-01-29 10:45:00+00:00;0.005;;
810510;unknown;control;2024-01-29 11:00:00+00:00;0.0;;
810510;unknown;control;2024-01-29 11:15:00+00:00;0.085;;
810510;unknown;control;2024-01-29 11:30:00+00:00;0.035;;
810510;unknown;control;2024-01-29 11:45:00+00:00;0.0;;
810510;unknown;control;2024-01-29 12:00:00+00:00;0.02;;
810510;unknown;control;2024-01-29 12:15:00+00:00;0.0;;
810510;unknown;control;2024-01-29 12:30:00+00:00;0.0;;
810510;unknown;control;2024-01-29 12:45:00+00:00;0.0;;
810510;unknown;control;2024-01-29 13:00:00+00:00;0.01;;
810510;unknown;control;2024-01-29 13:15:00+00:00;0.005;;
810510;unknown;control;2024-01-29 13:30:00+00:00;0.0;;
810510;unknown;control;2024-01-29 13:45:00+00:00;0.009;;
810510;unknown;control;2024-01-29 14:00:00+00:00;0.039;;
810510;unknown;control;2024-01-29 14:15:00+00:00;0.0;;
810510;unknown;control;2024-01-29 14:30:00+00:00;0.085;;
810510;unknown;control;2024-01-29 14:45:00+00:00;0.252;;
810510;unknown;control;2024-01-29 15:00:00+00:00;0.0;;
810510;unknown;control;2024-01-29 15:15:00+00:00;0.054;;
810510;unknown;control;2024-01-29 15:30:00+00:00;0.382;;
810510;unknown;control;2024-01-29 15:45:00+00:00;0.002;;
810510;unknown;control;2024-01-29 16:00:00+00:00;0.003;;
810510;unknown;control;2024-01-29 16:15:00+00:00;0.455;;
810510;unknown;control;2024-01-29 16:30:00+00:00;0.077;;
810510;unknown;control;2024-01-29 16:45:00+00:00;0.003;;
810510;unknown;control;2024-01-29 17:00:00+00:00;0.352;;
810510;unknown;control;2024-01-29 17:15:00+00:00;0.203;;
810510;unknown;control;2024-01-29 17:30:00+00:00;0.003;;
810510;unknown;control;2024-01-29 17:45:00+00:00;0.282;;
810510;unknown;control;2024-01-29 18:00:00+00:00;0.427;;
810510;unknown;control;2024-01-29 18:15:00+00:00;0.076;;
810510;unknown;control;2024-01-29 18:30:00+00:00;0.218;;
810510;unknown;control;2024-01-29 18:45:00+00:00;0.598;;
810510;unknown;control;2024-01-29 19:00:00+00:00;0.071;;
810510;unknown;control;2024-01-29 19:15:00+00:00;0.066;;
810510;unknown;control;2024-01-29 19:30:00+00:00;0.605;;
810510;unknown;control;2024-01-29 19:45:00+00:00;0.241;;
810510;unknown;control;2024-01-29 20:00:00+00:00;0.082;;
810510;unknown;control;2024-01-29 20:15:00+00:00;0.381;;
810510;unknown;control;2024-01-29 20:30:00+00:00;0.487;;
810510;unknown;control;2024-01-29 20:45:00+00:00;0.065;;
810510;unknown;control;2024-01-29 21:00:00+00:00;0.174;;
810510;unknown;control;2024-01-29 21:15:00+00:00;0.647;;
810510;unknown;control;2024-01-29 21:30:00+00:00;0.16;;
810510;unknown;control;2024-01-29 21:45:00+00:00;0.075;;
810510;unknown;control;2024-01-29 22:00:00+00:00;0.464;;
810510;unknown;control;2024-01-29 22:15:00+00:00;0.465;;
810510;unknown;control;2024-01-29 22:30:00+00:00;0.062;;
810510;unknown;control;2024-01-29 22:45:00+00:00;0.208;;
810510;unknown;control;2024-01-29 23:00:00+00:00;0.647;;
810510;unknown;control;2024-01-29 23:15:00+00:00;0.174;;
810510;unknown;control;2024-01-29 23:30:00+00:00;0.065;;
810510;unknown;control;2024-01-29 23:45:00+00:00;0.451;;
810510;unknown;control;2024-01-30 00:00:00+00:00;0.527;;
810510;unknown;control;2024-01-30 00:15:00+00:00;0.059;;
810510;unknown;control;2024-01-30 00:30:00+00:00;0.158;;
810510;unknown;control;2024-01-30 00:45:00+00:00;0.627;;
810510;unknown;control;2024-01-30 01:00:00+00:00;0.291;;
810510;unknown;control;2024-01-30 01:15:00+00:00;0.058;;
810510;unknown;control;2024-01-30 01:30:00+00:00;0.356;;
810510;unknown;control;2024-01-30 01:45:00+00:00;0.65;;
810510;unknown;control;2024-01-30 02:00:00+00:00;0.076;;
810510;unknown;control;2024-01-30 02:15:00+00:00;0.069;;
810510;unknown;control;2024-01-30 02:30:00+00:00;0.576;;
810510;unknown;control;2024-01-30 02:45:00+00:00;0.44;;
810510;unknown;control;2024-01-30 03:00:00+00:00;0.061;;
810510;unknown;control;2024-01-30 03:15:00+00:00;0.227;;
810510;unknown;control;2024-01-30 03:30:00+00:00;0.654;;
810510;unknown;control;2024-01-30 03:45:00+00:00;0.692;;
810510;unknown;control;2024-01-30 04:00:00+00:00;0.046;;
810510;unknown;control;2024-01-30 04:15:00+00:00;0.114;;
810510;unknown;control;2024-01-30 04:30:00+00:00;0.626;;
810510;unknown;control;2024-01-30 04:45:00+00:00;0.391;;
810510;unknown;control;2024-01-30 05:00:00+00:00;0.071;;
810510;unknown;control;2024-01-30 05:15:00+00:00;0.263;;
810510;unknown;control;2024-01-30 05:30:00+00:00;0.658;;
810510;unknown;control;2024-01-30 05:45:00+00:00;0.212;;
810510;unknown;control;2024-01-30 06:00:00+00:00;0.076;;
810510;unknown;control;2024-01-30 06:15:00+00:00;0.408;;
810510;unknown;control;2024-01-30 06:30:00+00:00;0.701;;
810510;unknown;control;2024-01-30 06:45:00+00:00;0.075;;
810510;unknown;control;2024-01-30 07:00:00+00:00;0.067;;
810510;unknown;control;2024-01-30 07:15:00+00:00;0.532;;
810510;unknown;control;2024-01-30 07:30:00+00:00;0.476;;
810510;unknown;control;2024-01-30 07:45:00+00:00;0.004;;
810510;unknown;control;2024-01-30 08:00:00+00:00;0.065;;
810510;unknown;control;2024-01-30 08:15:00+00:00;0.474;;
810510;unknown;control;2024-01-30 08:30:00+00:00;0.215;;
810510;unknown;control;2024-01-30 08:45:00+00:00;0.0;;
810510;unknown;control;2024-01-30 09:00:00+00:00;0.127;;
810510;unknown;control;2024-01-30 09:15:00+00:00;0.343;;
810510;unknown;control;2024-01-30 09:30:00+00:00;0.021;;
810510;unknown;control;2024-01-30 09:45:00+00:00;0.0;;
810510;unknown;control;2024-01-30 10:00:00+00:00;0.001;;
810510;unknown;control;2024-01-30 10:15:00+00:00;0.036;;
810510;unknown;control;2024-01-30 10:30:00+00:00;0.0;;
810510;unknown;control;2024-01-30 10:45:00+00:00;0.001;;
810510;unknown;control;2024-01-30 11:00:00+00:00;0.007;;
810510;unknown;control;2024-01-30 11:15:00+00:00;0.0;;
810510;unknown;control;2024-01-30 11:30:00+00:00;0.004;;
810510;unknown;control;2024-01-30 11:45:00+00:00;0.204;;
810510;unknown;control;2024-01-30 12:00:00+00:00;0.003;;
810510;unknown;control;2024-01-30 12:15:00+00:00;0.0;;
810510;unknown;control;2024-01-30 12:30:00+00:00;0.0;;
810510;unknown;control;2024-01-30 12:45:00+00:00;0.013;;
810510;unknown;control;2024-01-30 13:00:00+00:00;0.0;;
810510;unknown;control;2024-01-30 13:15:00+00:00;0.06;;
810510;unknown;control;2024-01-30 13:30:00+00:00;0.083;;
810510;unknown;control;2024-01-30 13:45:00+00:00;0.0;;
810510;unknown;control;2024-01-30 14:00:00+00:00;0.145;;
810510;unknown;control;2024-01-30 14:15:00+00:00;0.109;;
810510;unknown;control;2024-01-30 14:30:00+00:00;0.0;;
810510;unknown;control;2024-01-30 14:45:00+00:00;0.161;;
810510;unknown;control;2024-01-30 15:00:00+00:00;0.151;;
810510;unknown;control;2024-01-30 15:15:00+00:00;0.002;;
810510;unknown;control;2024-01-30 15:30:00+00:00;0.226;;
810510;unknown;control;2024-01-30 15:45:00+00:00;0.182;;
810510;unknown;control;2024-01-30 16:00:00+00:00;0.003;;
810510;unknown;control;2024-01-30 16:15:00+00:00;0.235;;
810510;unknown;control;2024-01-30 16:30:00+00:00;0.191;;
810510;unknown;control;2024-01-30 16:45:00+00:00;0.003;;
810510;unknown;control;2024-01-30 17:00:00+00:00;0.243;;
810510;unknown;control;2024-01-30 17:15:00+00:00;0.213;;
810510;unknown;control;2024-01-30 17:30:00+00:00;0.003;;
810510;unknown;control;2024-01-30 17:45:00+00:00;0.236;;
810510;unknown;control;2024-01-30 18:00:00+00:00;0.299;;
810510;unknown;control;2024-01-30 18:15:00+00:00;0.078;;
810510;unknown;control;2024-01-30 18:30:00+00:00;0.313;;
810510;unknown;control;2024-01-30 18:45:00+00:00;0.357;;
810510;unknown;control;2024-01-30 19:00:00+00:00;0.067;;
810510;unknown;control;2024-01-30 19:15:00+00:00;0.28;;
810510;unknown;control;2024-01-30 19:30:00+00:00;0.386;;
810510;unknown;control;2024-01-30 19:45:00+00:00;0.062;;
810510;unknown;control;2024-01-30 20:00:00+00:00;0.265;;
810510;unknown;control;2024-01-30 20:15:00+00:00;0.415;;
810510;unknown;control;2024-01-30 20:30:00+00:00;0.078;;
810510;unknown;control;2024-01-30 20:45:00+00:00;0.248;;
810510;unknown;control;2024-01-30 21:00:00+00:00;0.596;;
810510;unknown;control;2024-01-30 21:15:00+00:00;0.053;;
810510;unknown;control;2024-01-30 21:30:00+00:00;0.188;;
810510;unknown;control;2024-01-30 21:45:00+00:00;0.563;;
810510;unknown;control;2024-01-30 22:00:00+00:00;0.066;;
810510;unknown;control;2024-01-30 22:15:00+00:00;0.078;;
810510;unknown;control;2024-01-30 22:30:00+00:00;0.614;;
810510;unknown;control;2024-01-30 22:45:00+00:00;0.099;;
810510;unknown;control;2024-01-30 23:00:00+00:00;0.066;;
810510;unknown;control;2024-01-30 23:15:00+00:00;0.536;;
810510;unknown;control;2024-01-30 23:30:00+00:00;0.189;;
810510;unknown;control;2024-01-30 23:45:00+00:00;0.07;;
810510;unknown;control;2024-01-31 00:00:00+00:00;0.424;;
810510;unknown;control;2024-01-31 00:15:00+00:00;0.299;;
810510;unknown;control;2024-01-31 00:30:00+00:00;0.073;;
810510;unknown;control;2024-01-31 00:45:00+00:00;0.327;;
810510;unknown;control;2024-01-31 01:00:00+00:00;0.403;;
810510;unknown;control;2024-01-31 01:15:00+00:00;0.062;;
810510;unknown;control;2024-01-31 01:30:00+00:00;0.231;;
810510;unknown;control;2024-01-31 01:45:00+00:00;0.501;;
810510;unknown;control;2024-01-31 02:00:00+00:00;0.08;;
810510;unknown;control;2024-01-31 02:15:00+00:00;0.123;;
810510;unknown;control;2024-01-31 02:30:00+00:00;0.621;;
810510;unknown;control;2024-01-31 02:45:00+00:00;0.059;;
810510;unknown;control;2024-01-31 03:00:00+00:00;0.074;;
810510;unknown;control;2024-01-31 03:15:00+00:00;0.562;;
810510;unknown;control;2024-01-31 03:30:00+00:00;0.186;;
810510;unknown;control;2024-01-31 03:45:00+00:00;0.066;;
810510;unknown;control;2024-01-31 04:00:00+00:00;0.445;;
810510;unknown;control;2024-01-31 04:15:00+00:00;0.313;;
810510;unknown;control;2024-01-31 04:30:00+00:00;0.062;;
810510;unknown;control;2024-01-31 04:45:00+00:00;0.317;;
810510;unknown;control;2024-01-31 05:00:00+00:00;0.461;;
810510;unknown;control;2024-01-31 05:15:00+00:00;0.074;;
810510;unknown;control;2024-01-31 05:30:00+00:00;0.172;;
810510;unknown;control;2024-01-31 05:45:00+00:00;0.609;;
810510;unknown;control;2024-01-31 06:00:00+00:00;0.062;;
810510;unknown;control;2024-01-31 06:15:00+00:00;0.077;;
810510;unknown;control;2024-01-31 06:30:00+00:00;0.6;;
810510;unknown;control;2024-01-31 06:45:00+00:00;0.222;;
810510;unknown;control;2024-01-31 07:00:00+00:00;0.068;;
810510;unknown;control;2024-01-31 07:15:00+00:00;0.395;;
810510;unknown;control;2024-01-31 07:30:00+00:00;0.322;;
810510;unknown;control;2024-01-31 07:45:00+00:00;0.001;;
810510;unknown;control;2024-01-31 08:00:00+00:00;0.138;;
810510;unknown;control;2024-01-31 08:15:00+00:00;0.361;;
810510;unknown;control;2024-01-31 08:30:00+00:00;0.0;;
810510;unknown;control;2024-01-31 08:45:00+00:00;0.034;;
810510;unknown;control;2024-01-31 09:00:00+00:00;0.462;;
810510;unknown;control;2024-01-31 09:15:00+00:00;0.017;;
810510;unknown;control;2024-01-31 09:30:00+00:00;0.0;;
810510;unknown;control;2024-01-31 09:45:00+00:00;0.274;;
810510;unknown;control;2024-01-31 10:00:00+00:00;0.074;;
810510;unknown;control;2024-01-31 10:15:00+00:00;0.0;;
810510;unknown;control;2024-01-31 10:30:00+00:00;0.132;;
810510;unknown;control;2024-01-31 10:45:00+00:00;0.055;;
810510;unknown;control;2024-01-31 11:00:00+00:00;0.0;;
810510;unknown;control;2024-01-31 11:15:00+00:00;0.046;;
810510;unknown;control;2024-01-31 11:30:00+00:00;0.032;;
810510;unknown;control;2024-01-31 11:45:00+00:00;0.0;;
810510;unknown;control;2024-01-31 12:00:00+00:00;0.0;;
810510;unknown;control;2024-01-31 12:15:00+00:00;0.001;;
810510;unknown;control;2024-01-31 12:30:00+00:00;0.0;;
810510;unknown;control;2024-01-31 12:45:00+00:00;0.0;;
810510;unknown;control;2024-01-31 13:00:00+00:00;0.0;;
810510;unknown;control;2024-01-31 13:15:00+00:00;0.0;;
810510;unknown;control;2024-01-31 13:30:00+00:00;0.043;;
810510;unknown;control;2024-01-31 13:45:00+00:00;0.153;;
810510;unknown;control;2024-01-31 14:00:00+00:00;0.0;;
810510;unknown;control;2024-01-31 14:15:00+00:00;0.001;;
810510;unknown;control;2024-01-31 14:30:00+00:00;0.036;;
810510;unknown;control;2024-01-31 14:45:00+00:00;0.0;;
810510;unknown;control;2024-01-31 15:00:00+00:00;0.034;;
810510;unknown;control;2024-01-31 15:15:00+00:00;0.07;;
810510;unknown;control;2024-01-31 15:30:00+00:00;0.001;;
810510;unknown;control;2024-01-31 15:45:00+00:00;0.186;;
810510;unknown;control;2024-01-31 16:00:00+00:00;0.143;;
810510;unknown;control;2024-01-31 16:15:00+00:00;0.002;;
810510;unknown;control;2024-01-31 16:30:00+00:00;0.254;;
810510;unknown;control;2024-01-31 16:45:00+00:00;0.105;;
810510;unknown;control;2024-01-31 17:00:00+00:00;0.003;;
810510;unknown;control;2024-01-31 17:15:00+00:00;0.323;;
810510;unknown;control;2024-01-31 17:30:00+00:00;0.079;;
810510;unknown;control;2024-01-31 17:45:00+00:00;0.002;;
810510;unknown;control;2024-01-31 18:00:00+00:00;0.341;;
810510;unknown;control;2024-01-31 18:15:00+00:00;0.075;;
810510;unknown;control;2024-01-31 18:30:00+00:00;0.002;;
810510;unknown;control;2024-01-31 18:45:00+00:00;0.363;;
810510;unknown;control;2024-01-31 19:00:00+00:00;0.121;;
810510;unknown;control;2024-01-31 19:15:00+00:00;0.068;;
810510;unknown;control;2024-01-31 19:30:00+00:00;0.45;;
810510;unknown;control;2024-01-31 19:45:00+00:00;0.222;;
810510;unknown;control;2024-01-31 20:00:00+00:00;0.073;;
810510;unknown;control;2024-01-31 20:15:00+00:00;0.408;;
810510;unknown;control;2024-01-31 20:30:00+00:00;0.274;;
810510;unknown;control;2024-01-31 20:45:00+00:00;0.061;;
810510;unknown;control;2024-01-31 21:00:00+00:00;0.37;;
810510;unknown;control;2024-01-31 21:15:00+00:00;0.338;;
810510;unknown;control;2024-01-31 21:30:00+00:00;0.075;;
810510;unknown;control;2024-01-31 21:45:00+00:00;0.289;;
810510;unknown;control;2024-01-31 22:00:00+00:00;0.418;;
810510;unknown;control;2024-01-31 22:15:00+00:00;0.064;;
810510;unknown;control;2024-01-31 22:30:00+00:00;0.228;;
810510;unknown;control;2024-01-31 22:45:00+00:00;0.505;;
810510;unknown;control;2024-01-31 23:00:00+00:00;0.064;;
810510;unknown;control;2024-01-31 23:15:00+00:00;0.14;;
810510;unknown;control;2024-01-31 23:30:00+00:00;0.583;;
810510;unknown;control;2024-01-31 23:45:00+00:00;0.071;;
810510;unknown;control;2024-02-01 00:00:00+00:00;0.068;;
810510;unknown;control;2024-02-01 00:15:00+00:00;0.613;;
810510;unknown;control;2024-02-01 00:30:00+00:00;0.114;;
810510;unknown;control;2024-02-01 00:45:00+00:00;0.073;;
810510;unknown;control;2024-02-01 01:00:00+00:00;0.492;;
810510;unknown;control;2024-02-01 01:15:00+00:00;0.225;;
810510;unknown;control;2024-02-01 01:30:00+00:00;0.067;;
810510;unknown;control;2024-02-01 01:45:00+00:00;0.411;;
810510;unknown;control;2024-02-01 02:00:00+00:00;0.312;;
810510;unknown;control;2024-02-01 02:15:00+00:00;0.065;;
810510;unknown;control;2024-02-01 02:30:00+00:00;0.315;;
810510;unknown;control;2024-02-01 02:45:00+00:00;0.399;;
810510;unknown;control;2024-02-01 03:00:00+00:00;0.079;;
810510;unknown;control;2024-02-01 03:15:00+00:00;0.228;;
810510;unknown;control;2024-02-01 03:30:00+00:00;0.488;;
810510;unknown;control;2024-02-01 03:45:00+00:00;0.058;;
810510;unknown;control;2024-02-01 04:00:00+00:00;0.162;;
810510;unknown;control;2024-02-01 04:15:00+00:00;0.557;;
810510;unknown;control;2024-02-01 04:30:00+00:00;0.082;;
810510;unknown;control;2024-02-01 04:45:00+00:00;0.067;;
810510;unknown;control;2024-02-01 05:00:00+00:00;0.63;;
810510;unknown;control;2024-02-01 05:15:00+00:00;0.066;;
810510;unknown;control;2024-02-01 05:30:00+00:00;0.067;;
810510;unknown;control;2024-02-01 05:45:00+00:00;0.56;;
810510;unknown;control;2024-02-01 06:00:00+00:00;0.156;;
810510;unknown;control;2024-02-01 06:15:00+00:00;0.07;;
810510;unknown;control;2024-02-01 06:30:00+00:00;0.639;;
810510;unknown;control;2024-02-01 06:45:00+00:00;0.203;;
810510;unknown;control;2024-02-01 07:00:00+00:00;0.054;;
810510;unknown;control;2024-02-01 07:15:00+00:00;0.467;;
810510;unknown;control;2024-02-01 07:30:00+00:00;0.306;;
810510;unknown;control;2024-02-01 07:45:00+00:00;0.078;;
810510;unknown;control;2024-02-01 08:00:00+00:00;0.322;;
810510;unknown;control;2024-02-01 08:15:00+00:00;0.405;;
810510;unknown;control;2024-02-01 08:30:00+00:00;0.066;;
810510;unknown;control;2024-02-01 08:45:00+00:00;0.237;;
810510;unknown;control;2024-02-01 09:00:00+00:00;0.428;;
810510;unknown;control;2024-02-01 09:15:00+00:00;0.036;;
810510;unknown;control;2024-02-01 09:30:00+00:00;0.154;;
810510;unknown;control;2024-02-01 09:45:00+00:00;0.439;;
810510;unknown;control;2024-02-01 10:00:00+00:00;0.01;;
810510;unknown;control;2024-02-01 10:15:00+00:00;0.092;;
810510;unknown;control;2024-02-01 10:30:00+00:00;0.511;;
810510;unknown;control;2024-02-01 10:45:00+00:00;0.023;;
810510;unknown;control;2024-02-01 11:00:00+00:00;0.039;;
810510;unknown;control;2024-02-01 11:15:00+00:00;0.524;;
810510;unknown;control;2024-02-01 11:30:00+00:00;0.035;;
810510;unknown;control;2024-02-01 11:45:00+00:00;0.009;;
810510;unknown;control;2024-02-01 12:00:00+00:00;0.508;;
810510;unknown;control;2024-02-01 12:15:00+00:00;0.001;;
810510;unknown;control;2024-02-01 12:30:00+00:00;0.026;;
810510;unknown;control;2024-02-01 12:45:00+00:00;0.513;;
810510;unknown;control;2024-02-01 13:00:00+00:00;0.077;;
810510;unknown;control;2024-02-01 13:15:00+00:00;0.039;;
810510;unknown;control;2024-02-01 13:30:00+00:00;0.492;;
810510;unknown;control;2024-02-01 13:45:00+00:00;0.089;;
810510;unknown;control;2024-02-01 14:00:00+00:00;0.045;;
810510;unknown;control;2024-02-01 14:15:00+00:00;0.512;;
810510;unknown;control;2024-02-01 14:30:00+00:00;0.128;;
810510;unknown;control;2024-02-01 14:45:00+00:00;0.082;;
810510;unknown;control;2024-02-01 15:00:00+00:00;0.496;;
810510;unknown;control;2024-02-01 15:15:00+00:00;0.145;;
810510;unknown;control;2024-02-01 15:30:00+00:00;0.063;;
810510;unknown;control;2024-02-01 15:45:00+00:00;0.507;;
810510;unknown;control;2024-02-01 16:00:00+00:00;0.134;;
810510;unknown;control;2024-02-01 16:15:00+00:00;0.075;;
810510;unknown;control;2024-02-01 16:30:00+00:00;0.499;;
810510;unknown;control;2024-02-01 16:45:00+00:00;0.124;;
810510;unknown;control;2024-02-01 17:00:00+00:00;0.066;;
810510;unknown;control;2024-02-01 17:15:00+00:00;0.51;;
810510;unknown;control;2024-02-01 17:30:00+00:00;0.133;;
810510;unknown;control;2024-02-01 17:45:00+00:00;0.061;;
810510;unknown;control;2024-02-01 18:00:00+00:00;0.51;;
810510;unknown;control;2024-02-01 18:15:00+00:00;0.118;;
810510;unknown;control;2024-02-01 18:30:00+00:00;0.074;;
810510;unknown;control;2024-02-01 18:45:00+00:00;0.509;;
810510;unknown;control;2024-02-01 19:00:00+00:00;0.127;;
810510;unknown;control;2024-02-01 19:15:00+00:00;0.059;;
810510;unknown;control;2024-02-01 19:30:00+00:00;0.519;;
810510;unknown;control;2024-02-01 19:45:00+00:00;0.104;;
810510;unknown;control;2024-02-01 20:00:00+00:00;0.077;;
810510;unknown;control;2024-02-01 20:15:00+00:00;0.52;;
810510;unknown;control;2024-02-01 20:30:00+00:00;0.111;;
810510;unknown;control;2024-02-01 20:45:00+00:00;0.065;;
810510;unknown;control;2024-02-01 21:00:00+00:00;0.522;;
810510;unknown;control;2024-02-01 21:15:00+00:00;0.102;;
810510;unknown;control;2024-02-01 21:30:00+00:00;0.072;;
810510;unknown;control;2024-02-01 21:45:00+00:00;0.537;;
810510;unknown;control;2024-02-01 22:00:00+00:00;0.09;;
810510;unknown;control;2024-02-01 22:15:00+00:00;0.076;;
810510;unknown;control;2024-02-01 22:30:00+00:00;0.524;;
810510;unknown;control;2024-02-01 22:45:00+00:00;0.095;;
810510;unknown;control;2024-02-01 23:00:00+00:00;0.066;;
810510;unknown;control;2024-02-01 23:15:00+00:00;0.547;;
810510;unknown;control;2024-02-01 23:30:00+00:00;0.719;;
810510;unknown;control;2024-02-01 23:45:00+00:00;0.058;;
810510;unknown;control;2024-02-02 00:00:00+00:00;0.069;;
810510;unknown;control;2024-02-02 00:15:00+00:00;0.539;;
810510;unknown;control;2024-02-02 00:30:00+00:00;0.074;;
810510;unknown;control;2024-02-02 00:45:00+00:00;0.089;;
810510;unknown;control;2024-02-02 01:00:00+00:00;0.536;;
810510;unknown;control;2024-02-02 01:15:00+00:00;0.062;;
810510;unknown;control;2024-02-02 01:30:00+00:00;0.088;;
810510;unknown;control;2024-02-02 01:45:00+00:00;0.532;;
810510;unknown;control;2024-02-02 02:00:00+00:00;0.079;;
810510;unknown;control;2024-02-02 02:15:00+00:00;0.081;;
810510;unknown;control;2024-02-02 02:30:00+00:00;0.552;;
810510;unknown;control;2024-02-02 02:45:00+00:00;0.058;;
810510;unknown;control;2024-02-02 03:00:00+00:00;0.088;;
810510;unknown;control;2024-02-02 03:15:00+00:00;0.547;;
810510;unknown;control;2024-02-02 03:30:00+00:00;0.079;;
810510;unknown;control;2024-02-02 03:45:00+00:00;0.066;;
810510;unknown;control;2024-02-02 04:00:00+00:00;0.556;;
810510;unknown;control;2024-02-02 04:15:00+00:00;0.066;;
810510;unknown;control;2024-02-02 04:30:00+00:00;0.079;;
810510;unknown;control;2024-02-02 04:45:00+00:00;0.572;;
810510;unknown;control;2024-02-02 05:00:00+00:00;0.07;;
810510;unknown;control;2024-02-02 05:15:00+00:00;0.07;;
810510;unknown;control;2024-02-02 05:30:00+00:00;0.558;;
810510;unknown;control;2024-02-02 05:45:00+00:00;0.068;;
810510;unknown;control;2024-02-02 06:00:00+00:00;0.067;;
810510;unknown;control;2024-02-02 06:15:00+00:00;0.578;;
810510;unknown;control;2024-02-02 06:30:00+00:00;0.065;;
810510;unknown;control;2024-02-02 06:45:00+00:00;0.085;;
810510;unknown;control;2024-02-02 07:00:00+00:00;0.567;;
810510;unknown;control;2024-02-02 07:15:00+00:00;0.071;;
810510;unknown;control;2024-02-02 07:30:00+00:00;0.051;;
810510;unknown;control;2024-02-02 07:45:00+00:00;0.567;;
810510;unknown;control;2024-02-02 08:00:00+00:00;0.035;;
810510;unknown;control;2024-02-02 08:15:00+00:00;0.028;;
810510;unknown;control;2024-02-02 08:30:00+00:00;0.468;;
810510;unknown;control;2024-02-02 08:45:00+00:00;0.002;;
810510;unknown;control;2024-02-02 09:00:00+00:00;0.0;;
810510;unknown;control;2024-02-02 09:15:00+00:00;0.471;;
810510;unknown;control;2024-02-02 09:30:00+00:00;0.001;;
810510;unknown;control;2024-02-02 09:45:00+00:00;0.0;;
810510;unknown;control;2024-02-02 10:00:00+00:00;0.347;;
810510;unknown;control;2024-02-02 10:15:00+00:00;0.0;;
810510;unknown;control;2024-02-02 10:30:00+00:00;0.0;;
810510;unknown;control;2024-02-02 10:45:00+00:00;0.261;;
810510;unknown;control;2024-02-02 11:00:00+00:00;0.0;;
810510;unknown;control;2024-02-02 11:15:00+00:00;0.0;;
810510;unknown;control;2024-02-02 11:30:00+00:00;0.023;;
810510;unknown;control;2024-02-02 11:45:00+00:00;0.0;;
810510;unknown;control;2024-02-02 12:00:00+00:00;0.014;;
810510;unknown;control;2024-02-02 12:15:00+00:00;0.019;;
810510;unknown;control;2024-02-02 12:30:00+00:00;0.0;;
810510;unknown;control;2024-02-02 12:45:00+00:00;0.043;;
810510;unknown;control;2024-02-02 13:00:00+00:00;0.061;;
810510;unknown;control;2024-02-02 13:15:00+00:00;0.0;;
810510;unknown;control;2024-02-02 13:30:00+00:00;0.128;;
810510;unknown;control;2024-02-02 13:45:00+00:00;0.038;;
810510;unknown;control;2024-02-02 14:00:00+00:00;0.0;;
810510;unknown;control;2024-02-02 14:15:00+00:00;0.204;;
810510;unknown;control;2024-02-02 14:30:00+00:00;0.0;;
810510;unknown;control;2024-02-02 14:45:00+00:00;0.003;;
810510;unknown;control;2024-02-02 15:00:00+00:00;0.217;;
810510;unknown;control;2024-02-02 15:15:00+00:00;0.001;;
810510;unknown;control;2024-02-02 15:30:00+00:00;0.104;;
810510;unknown;control;2024-02-02 15:45:00+00:00;0.159;;
810510;unknown;control;2024-02-02 16:00:00+00:00;0.031;;
810510;unknown;control;2024-02-02 16:15:00+00:00;0.352;;
810510;unknown;control;2024-02-02 16:30:00+00:00;0.146;;
810510;unknown;control;2024-02-02 16:45:00+00:00;0.074;;
810510;unknown;control;2024-02-02 17:00:00+00:00;0.659;;
810510;unknown;control;2024-02-02 17:15:00+00:00;0.158;;
810510;unknown;control;2024-02-02 17:30:00+00:00;0.06;;
810510;unknown;control;2024-02-02 17:45:00+00:00;0.458;;
810510;unknown;control;2024-02-02 18:00:00+00:00;0.165;;
810510;unknown;control;2024-02-02 18:15:00+00:00;0.06;;
810510;unknown;control;2024-02-02 18:30:00+00:00;0.479;;
810510;unknown;control;2024-02-02 18:45:00+00:00;0.125;;
810510;unknown;control;2024-02-02 19:00:00+00:00;0.075;;
810510;unknown;control;2024-02-02 19:15:00+00:00;0.497;;
810510;unknown;control;2024-02-02 19:30:00+00:00;0.137;;
810510;unknown;control;2024-02-02 19:45:00+00:00;0.065;;
810510;unknown;control;2024-02-02 20:00:00+00:00;0.495;;
810510;unknown;control;2024-02-02 20:15:00+00:00;0.139;;
810510;unknown;control;2024-02-02 20:30:00+00:00;0.072;;
810510;unknown;control;2024-02-02 20:45:00+00:00;0.493;;
810510;unknown;control;2024-02-02 21:00:00+00:00;0.165;;
810510;unknown;control;2024-02-02 21:15:00+00:00;0.07;;
810510;unknown;control;2024-02-02 21:30:00+00:00;0.458;;
810510;unknown;control;2024-02-02 21:45:00+00:00;0.202;;
810510;unknown;control;2024-02-02 22:00:00+00:00;0.07;;
810510;unknown;control;2024-02-02 22:15:00+00:00;0.442;;
810510;unknown;control;2024-02-02 22:30:00+00:00;0.241;;
810510;unknown;control;2024-02-02 22:45:00+00:00;0.079;;
810510;unknown;control;2024-02-02 23:00:00+00:00;0.466;;
810510;unknown;control;2024-02-02 23:15:00+00:00;0.063;;
810510;unknown;control;2024-02-02 23:30:00+00:00;0.058;;
810510;unknown;control;2024-02-02 23:45:00+00:00;0.586;;
810510;unknown;control;2024-02-03 00:00:00+00:00;0.138;;
810510;unknown;control;2024-02-03 00:15:00+00:00;0.073;;
810510;unknown;control;2024-02-03 00:30:00+00:00;0.313;;
810510;unknown;control;2024-02-03 00:45:00+00:00;0.058;;
810510;unknown;control;2024-02-03 01:00:00+00:00;0.221;;
810510;unknown;control;2024-02-03 01:15:00+00:00;0.546;;
810510;unknown;control;2024-02-03 01:30:00+00:00;0.062;;
810510;unknown;control;2024-02-03 01:45:00+00:00;0.095;;
810510;unknown;control;2024-02-03 02:00:00+00:00;0.623;;
810510;unknown;control;2024-02-03 02:15:00+00:00;0.085;;
810510;unknown;control;2024-02-03 02:30:00+00:00;0.079;;
810510;unknown;control;2024-02-03 02:45:00+00:00;0.538;;
810510;unknown;control;2024-02-03 03:00:00+00:00;0.308;;
810510;unknown;control;2024-02-03 03:15:00+00:00;0.051;;
810510;unknown;control;2024-02-03 03:30:00+00:00;0.356;;
810510;unknown;control;2024-02-03 03:45:00+00:00;0.389;;
810510;unknown;control;2024-02-03 04:00:00+00:00;0.082;;
810510;unknown;control;2024-02-03 04:15:00+00:00;0.238;;
810510;unknown;control;2024-02-03 04:30:00+00:00;0.52;;
810510;unknown;control;2024-02-03 04:45:00+00:00;0.057;;
810510;unknown;control;2024-02-03 05:00:00+00:00;0.133;;
810510;unknown;control;2024-02-03 05:15:00+00:00;0.633;;
810510;unknown;control;2024-02-03 05:30:00+00:00;0.085;;
810510;unknown;control;2024-02-03 05:45:00+00:00;0.061;;
810510;unknown;control;2024-02-03 06:00:00+00:00;0.551;;
810510;unknown;control;2024-02-03 06:15:00+00:00;0.231;;
810510;unknown;control;2024-02-03 06:30:00+00:00;0.071;;
810510;unknown;control;2024-02-03 06:45:00+00:00;0.417;;
810510;unknown;control;2024-02-03 07:00:00+00:00;0.381;;
810510;unknown;control;2024-02-03 07:15:00+00:00;0.013;;
810510;unknown;control;2024-02-03 07:30:00+00:00;0.163;;
810510;unknown;control;2024-02-03 07:45:00+00:00;0.394;;
810510;unknown;control;2024-02-03 08:00:00+00:00;0.0;;
810510;unknown;control;2024-02-03 08:15:00+00:00;0.035;;
810510;unknown;control;2024-02-03 08:30:00+00:00;0.362;;
810510;unknown;control;2024-02-03 08:45:00+00:00;0.0;;
810510;unknown;control;2024-02-03 09:00:00+00:00;0.0;;
810510;unknown;control;2024-02-03 09:15:00+00:00;0.262;;
810510;unknown;control;2024-02-03 09:30:00+00:00;0.056;;
810510;unknown;control;2024-02-03 09:45:00+00:00;0.0;;
810510;unknown;control;2024-02-03 10:00:00+00:00;0.0;;
810510;unknown;control;2024-02-03 10:15:00+00:00;0.002;;
810510;unknown;control;2024-02-03 10:30:00+00:00;0.0;;
810510;unknown;control;2024-02-03 10:45:00+00:00;0.0;;
810510;unknown;control;2024-02-03 11:00:00+00:00;0.0;;
810510;unknown;control;2024-02-03 11:15:00+00:00;0.0;;
810510;unknown;control;2024-02-03 11:30:00+00:00;0.001;;
810510;unknown;control;2024-02-03 11:45:00+00:00;0.0;;
810510;unknown;control;2024-02-03 12:00:00+00:00;0.0;;
810510;unknown;control;2024-02-03 12:15:00+00:00;0.011;;
810510;unknown;control;2024-02-03 12:30:00+00:00;0.003;;
810510;unknown;control;2024-02-03 12:45:00+00:00;0.0;;
810510;unknown;control;2024-02-03 13:00:00+00:00;0.0;;
810510;unknown;control;2024-02-03 13:15:00+00:00;0.0;;
810510;unknown;control;2024-02-03 13:30:00+00:00;0.0;;
810510;unknown;control;2024-02-03 13:45:00+00:00;0.0;;
810510;unknown;control;2024-02-03 14:00:00+00:00;0.0;;
810510;unknown;control;2024-02-03 14:15:00+00:00;0.0;;
810510;unknown;control;2024-02-03 14:30:00+00:00;0.041;;
810510;unknown;control;2024-02-03 14:45:00+00:00;0.0;;
810510;unknown;control;2024-02-03 15:00:00+00:00;0.049;;
810510;unknown;control;2024-02-03 15:15:00+00:00;0.009;;
810510;unknown;control;2024-02-03 15:30:00+00:00;0.0;;
810510;unknown;control;2024-02-03 15:45:00+00:00;0.147;;
810510;unknown;control;2024-02-03 16:00:00+00:00;0.001;;
810510;unknown;control;2024-02-03 16:15:00+00:00;0.052;;
810510;unknown;control;2024-02-03 16:30:00+00:00;0.2;;
810510;unknown;control;2024-02-03 16:45:00+00:00;0.004;;
810510;unknown;control;2024-02-03 17:00:00+00:00;0.18;;
810510;unknown;control;2024-02-03 17:15:00+00:00;0.084;;
810510;unknown;control;2024-02-03 17:30:00+00:00;0.002;;
810510;unknown;control;2024-02-03 17:45:00+00:00;0.292;;
810510;unknown;control;2024-02-03 18:00:00+00:00;0.003;;
810510;unknown;control;2024-02-03 18:15:00+00:00;0.003;;
810510;unknown;control;2024-02-03 18:30:00+00:00;0.309;;
810510;unknown;control;2024-02-03 18:45:00+00:00;0.003;;
810510;unknown;control;2024-02-03 19:00:00+00:00;0.077;;
810510;unknown;control;2024-02-03 19:15:00+00:00;0.248;;
810510;unknown;control;2024-02-03 19:30:00+00:00;0.002;;
810510;unknown;control;2024-02-03 19:45:00+00:00;0.166;;
810510;unknown;control;2024-02-03 20:00:00+00:00;0.229;;
810510;unknown;control;2024-02-03 20:15:00+00:00;0.003;;
810510;unknown;control;2024-02-03 20:30:00+00:00;0.207;;
810510;unknown;control;2024-02-03 20:45:00+00:00;0.217;;
810510;unknown;control;2024-02-03 21:00:00+00:00;0.079;;
810510;unknown;control;2024-02-03 21:15:00+00:00;0.316;;
810510;unknown;control;2024-02-03 21:30:00+00:00;0.317;;
810510;unknown;control;2024-02-03 21:45:00+00:00;0.065;;
810510;unknown;control;2024-02-03 22:00:00+00:00;0.327;;
810510;unknown;control;2024-02-03 22:15:00+00:00;0.338;;
810510;unknown;control;2024-02-03 22:30:00+00:00;0.082;;
810510;unknown;control;2024-02-03 22:45:00+00:00;0.39;;
810510;unknown;control;2024-02-03 23:00:00+00:00;0.423;;
810510;unknown;control;2024-02-03 23:15:00+00:00;0.061;;
810510;unknown;control;2024-02-03 23:30:00+00:00;0.307;;
810510;unknown;control;2024-02-03 23:45:00+00:00;0.066;;
810510;unknown;control;2024-02-04 00:00:00+00:00;0.06;;
810510;unknown;control;2024-02-04 00:15:00+00:00;0.616;;
810510;unknown;control;2024-02-04 00:30:00+00:00;0.115;;
810510;unknown;control;2024-02-04 00:45:00+00:00;0.072;;
810510;unknown;control;2024-02-04 01:00:00+00:00;0.498;;
810510;unknown;control;2024-02-04 01:15:00+00:00;0.207;;
810510;unknown;control;2024-02-04 01:30:00+00:00;0.086;;
810510;unknown;control;2024-02-04 01:45:00+00:00;0.48;;
810510;unknown;control;2024-02-04 02:00:00+00:00;0.292;;
810510;unknown;control;2024-02-04 02:15:00+00:00;0.081;;
810510;unknown;control;2024-02-04 02:30:00+00:00;0.326;;
810510;unknown;control;2024-02-04 02:45:00+00:00;0.084;;
810510;unknown;control;2024-02-04 03:00:00+00:00;0.115;;
810510;unknown;control;2024-02-04 03:15:00+00:00;0.606;;
810510;unknown;control;2024-02-04 03:30:00+00:00;0.1;;
810510;unknown;control;2024-02-04 03:45:00+00:00;0.091;;
810510;unknown;control;2024-02-04 04:00:00+00:00;0.644;;
810510;unknown;control;2024-02-04 04:15:00+00:00;0.179;;
810510;unknown;control;2024-02-04 04:30:00+00:00;0.129;;
810510;unknown;control;2024-02-04 04:45:00+00:00;0.528;;
810510;unknown;control;2024-02-04 05:00:00+00:00;0.204;;
810510;unknown;control;2024-02-04 05:15:00+00:00;0.077;;
810510;unknown;control;2024-02-04 05:30:00+00:00;0.461;;
810510;unknown;control;2024-02-04 05:45:00+00:00;0.251;;
810510;unknown;control;2024-02-04 06:00:00+00:00;0.077;;
810510;unknown;control;2024-02-04 06:15:00+00:00;0.385;;
810510;unknown;control;2024-02-04 06:30:00+00:00;0.313;;
810510;unknown;control;2024-02-04 06:45:00+00:00;0.074;;
810510;unknown;control;2024-02-04 07:00:00+00:00;0.316;;
810510;unknown;control;2024-02-04 07:15:00+00:00;0.316;;
810510;unknown;control;2024-02-04 07:30:00+00:00;0.007;;
810510;unknown;control;2024-02-04 07:45:00+00:00;0.198;;
810510;unknown;control;2024-02-04 08:00:00+00:00;0.323;;
810510;unknown;control;2024-02-04 08:15:00+00:00;0.01;;
810510;unknown;control;2024-02-04 08:30:00+00:00;0.133;;
810510;unknown;control;2024-02-04 08:45:00+00:00;0.342;;
810510;unknown;control;2024-02-04 09:00:00+00:00;0.0;;
810510;unknown;control;2024-02-04 09:15:00+00:00;0.051;;
810510;unknown;control;2024-02-04 09:30:00+00:00;0.239;;
810510;unknown;control;2024-02-04 09:45:00+00:00;0.0;;
810510;unknown;control;2024-02-04 10:00:00+00:00;0.015;;
810510;unknown;control;2024-02-04 10:15:00+00:00;0.077;;
810510;unknown;control;2024-02-04 10:30:00+00:00;0.0;;
810510;unknown;control;2024-02-04 10:45:00+00:00;0.0;;
810510;unknown;control;2024-02-04 11:00:00+00:00;0.017;;
810510;unknown;control;2024-02-04 11:15:00+00:00;0.0;;
810510;unknown;control;2024-02-04 11:30:00+00:00;0.0;;
810510;unknown;control;2024-02-04 11:45:00+00:00;0.0;;
810510;unknown;control;2024-02-04 12:00:00+00:00;0.0;;
810510;unknown;control;2024-02-04 12:15:00+00:00;0.001;;
810510;unknown;control;2024-02-04 12:30:00+00:00;0.009;;
810510;unknown;control;2024-02-04 12:45:00+00:00;0.001;;
810510;unknown;control;2024-02-04 13:00:00+00:00;0.021;;
810510;unknown;control;2024-02-04 13:15:00+00:00;0.0;;
810510;unknown;control;2024-02-04 13:30:00+00:00;0.0;;
810510;unknown;control;2024-02-04 13:45:00+00:00;0.123;;
810510;unknown;control;2024-02-04 14:00:00+00:00;0.022;;
810510;unknown;control;2024-02-04 14:15:00+00:00;0.0;;
810510;unknown;control;2024-02-04 14:30:00+00:00;0.17;;
810510;unknown;control;2024-02-04 14:45:00+00:00;0.0;;
810510;unknown;control;2024-02-04 15:00:00+00:00;0.011;;
810510;unknown;control;2024-02-04 15:15:00+00:00;0.213;;
810510;unknown;control;2024-02-04 15:30:00+00:00;0.003;;
810510;unknown;control;2024-02-04 15:45:00+00:00;0.163;;
810510;unknown;control;2024-02-04 16:00:00+00:00;0.157;;
810510;unknown;control;2024-02-04 16:15:00+00:00;0.003;;
810510;unknown;control;2024-02-04 16:30:00+00:00;0.258;;
810510;unknown;control;2024-02-04 16:45:00+00:00;0.054;;
810510;unknown;control;2024-02-04 17:00:00+00:00;0.004;;
810510;unknown;control;2024-02-04 17:15:00+00:00;0.304;;
810510;unknown;control;2024-02-04 17:30:00+00:00;0.005;;
810510;unknown;control;2024-02-04 17:45:00+00:00;0.017;;
810510;unknown;control;2024-02-04 18:00:00+00:00;0.33;;
810510;unknown;control;2024-02-04 18:15:00+00:00;0.003;;
810510;unknown;control;2024-02-04 18:30:00+00:00;0.107;;
810510;unknown;control;2024-02-04 18:45:00+00:00;0.29;;
810510;unknown;control;2024-02-04 19:00:00+00:00;0.075;;
810510;unknown;control;2024-02-04 19:15:00+00:00;0.328;;
810510;unknown;control;2024-02-04 19:30:00+00:00;0.265;;
810510;unknown;control;2024-02-04 19:45:00+00:00;0.094;;
810510;unknown;control;2024-02-04 20:00:00+00:00;0.395;;
810510;unknown;control;2024-02-04 20:15:00+00:00;0.202;;
810510;unknown;control;2024-02-04 20:30:00+00:00;0.087;;
810510;unknown;control;2024-02-04 20:45:00+00:00;0.454;;
810510;unknown;control;2024-02-04 21:00:00+00:00;0.151;;
810510;unknown;control;2024-02-04 21:15:00+00:00;0.062;;
810510;unknown;control;2024-02-04 21:30:00+00:00;0.488;;
810510;unknown;control;2024-02-04 21:45:00+00:00;0.132;;
810510;unknown;control;2024-02-04 22:00:00+00:00;0.086;;
810510;unknown;control;2024-02-04 22:15:00+00:00;0.504;;
810510;unknown;control;2024-02-04 22:30:00+00:00;0.127;;
810510;unknown;control;2024-02-04 22:45:00+00:00;0.061;;
810510;unknown;control;2024-02-04 23:00:00+00:00;0.686;;
810510;unknown;control;2024-02-04 23:15:00+00:00;0.134;;
810510;unknown;control;2024-02-04 23:30:00+00:00;0.066;;
810510;unknown;control;2024-02-04 23:45:00+00:00;0.476;;
810510;unknown;control;2024-02-05 00:00:00+00:00;0.22;;
810510;unknown;control;2024-02-05 00:15:00+00:00;0.078;;
810510;unknown;control;2024-02-05 00:30:00+00:00;0.413;;
810510;unknown;control;2024-02-05 00:45:00+00:00;0.307;;
810510;unknown;control;2024-02-05 01:00:00+00:00;0.076;;
810510;unknown;control;2024-02-05 01:15:00+00:00;0.357;;
810510;unknown;control;2024-02-05 01:30:00+00:00;0.35;;
810510;unknown;control;2024-02-05 01:45:00+00:00;0.072;;
810510;unknown;control;2024-02-05 02:00:00+00:00;0.324;;
810510;unknown;control;2024-02-05 02:15:00+00:00;0.378;;
810510;unknown;control;2024-02-05 02:30:00+00:00;0.069;;
810510;unknown;control;2024-02-05 02:45:00+00:00;0.262;;
810510;unknown;control;2024-02-05 03:00:00+00:00;0.429;;
810510;unknown;control;2024-02-05 03:15:00+00:00;0.091;;
810510;unknown;control;2024-02-05 03:30:00+00:00;0.231;;
810510;unknown;control;2024-02-05 03:45:00+00:00;0.539;;
810510;unknown;control;2024-02-05 04:00:00+00:00;0.111;;
810510;unknown;control;2024-02-05 04:15:00+00:00;0.213;;
810510;unknown;control;2024-02-05 04:30:00+00:00;0.592;;
810510;unknown;control;2024-02-05 04:45:00+00:00;0.084;;
810510;unknown;control;2024-02-05 05:00:00+00:00;0.105;;
810510;unknown;control;2024-02-05 05:15:00+00:00;0.624;;
810510;unknown;control;2024-02-05 05:30:00+00:00;0.11;;
810510;unknown;control;2024-02-05 05:45:00+00:00;0.077;;
810510;unknown;control;2024-02-05 06:00:00+00:00;0.649;;
810510;unknown;control;2024-02-05 06:15:00+00:00;0.086;;
810510;unknown;control;2024-02-05 06:30:00+00:00;0.086;;
810510;unknown;control;2024-02-05 06:45:00+00:00;0.56;;
810510;unknown;control;2024-02-05 07:00:00+00:00;0.134;;
810510;unknown;control;2024-02-05 07:15:00+00:00;0.073;;
810510;unknown;control;2024-02-05 07:30:00+00:00;0.522;;
810510;unknown;control;2024-02-05 07:45:00+00:00;0.165;;
810510;unknown;control;2024-02-05 08:00:00+00:00;0.079;;
810510;unknown;control;2024-02-05 08:15:00+00:00;0.393;;
810510;unknown;control;2024-02-05 08:30:00+00:00;0.138;;
810510;unknown;control;2024-02-05 08:45:00+00:00;0.0;;
810510;unknown;control;2024-02-05 09:00:00+00:00;0.229;;
810510;unknown;control;2024-02-05 09:15:00+00:00;0.159;;
810510;unknown;control;2024-02-05 09:30:00+00:00;0.001;;
810510;unknown;control;2024-02-05 09:45:00+00:00;0.112;;
810510;unknown;control;2024-02-05 10:00:00+00:00;0.109;;
810510;unknown;control;2024-02-05 10:15:00+00:00;0.0;;
810510;unknown;control;2024-02-05 10:30:00+00:00;0.0;;
810510;unknown;control;2024-02-05 10:45:00+00:00;0.006;;
810510;unknown;control;2024-02-05 11:00:00+00:00;0.0;;
810510;unknown;control;2024-02-05 11:15:00+00:00;0.0;;
810510;unknown;control;2024-02-05 11:30:00+00:00;0.001;;
810510;unknown;control;2024-02-05 11:45:00+00:00;0.003;;
810510;unknown;control;2024-02-05 12:00:00+00:00;0.114;;
810510;unknown;control;2024-02-05 12:15:00+00:00;0.019;;
810510;unknown;control;2024-02-05 12:30:00+00:00;0.0;;
810510;unknown;control;2024-02-05 12:45:00+00:00;0.006;;
810510;unknown;control;2024-02-05 13:00:00+00:00;0.0;;
810510;unknown;control;2024-02-05 13:15:00+00:00;0.0;;
810510;unknown;control;2024-02-05 13:30:00+00:00;0.001;;
810510;unknown;control;2024-02-05 13:45:00+00:00;0.0;;
810510;unknown;control;2024-02-05 14:00:00+00:00;0.007;;
810510;unknown;control;2024-02-05 14:15:00+00:00;0.03;;
810510;unknown;control;2024-02-05 14:30:00+00:00;0.0;;
810510;unknown;control;2024-02-05 14:45:00+00:00;0.051;;
810510;unknown;control;2024-02-05 15:00:00+00:00;0.037;;
810510;unknown;control;2024-02-05 15:15:00+00:00;0.0;;
810510;unknown;control;2024-02-05 15:30:00+00:00;0.301;;
810510;unknown;control;2024-02-05 15:45:00+00:00;0.137;;
810510;unknown;control;2024-02-05 16:00:00+00:00;0.001;;
810510;unknown;control;2024-02-05 16:15:00+00:00;0.269;;
810510;unknown;control;2024-02-05 16:30:00+00:00;0.036;;
810510;unknown;control;2024-02-05 16:45:00+00:00;0.006;;
810510;unknown;control;2024-02-05 17:00:00+00:00;0.321;;
810510;unknown;control;2024-02-05 17:15:00+00:00;0.003;;
810510;unknown;control;2024-02-05 17:30:00+00:00;0.019;;
810510;unknown;control;2024-02-05 17:45:00+00:00;0.371;;
810510;unknown;control;2024-02-05 18:00:00+00:00;0.004;;
810510;unknown;control;2024-02-05 18:15:00+00:00;0.115;;
810510;unknown;control;2024-02-05 18:30:00+00:00;0.303;;
810510;unknown;control;2024-02-05 18:45:00+00:00;0.004;;
810510;unknown;control;2024-02-05 19:00:00+00:00;0.151;;
810510;unknown;control;2024-02-05 19:15:00+00:00;0.287;;
810510;unknown;control;2024-02-05 19:30:00+00:00;0.003;;
810510;unknown;control;2024-02-05 19:45:00+00:00;0.22;;
810510;unknown;control;2024-02-05 20:00:00+00:00;0.414;;
810510;unknown;control;2024-02-05 20:15:00+00:00;0.106;;
810510;unknown;control;2024-02-05 20:30:00+00:00;0.295;;
810510;unknown;control;2024-02-05 20:45:00+00:00;0.418;;
810510;unknown;control;2024-02-05 21:00:00+00:00;0.107;;
810510;unknown;control;2024-02-05 21:15:00+00:00;0.281;;
810510;unknown;control;2024-02-05 21:30:00+00:00;0.468;;
810510;unknown;control;2024-02-05 21:45:00+00:00;0.12;;
810510;unknown;control;2024-02-05 22:00:00+00:00;0.262;;
810510;unknown;control;2024-02-05 22:15:00+00:00;0.464;;
810510;unknown;control;2024-02-05 22:30:00+00:00;0.104;;
810510;unknown;control;2024-02-05 22:45:00+00:00;0.224;;
810510;unknown;control;2024-02-05 23:00:00+00:00;0.509;;
810510;unknown;control;2024-02-05 23:15:00+00:00;0.083;;
810510;unknown;control;2024-02-05 23:30:00+00:00;0.188;;
810510;unknown;control;2024-02-05 23:45:00+00:00;0.545;;
810510;unknown;control;2024-02-06 00:00:00+00:00;0.098;;
810510;unknown;control;2024-02-06 00:15:00+00:00;0.136;;
810510;unknown;control;2024-02-06 00:30:00+00:00;0.596;;
810510;unknown;control;2024-02-06 00:45:00+00:00;0.087;;
810510;unknown;control;2024-02-06 01:00:00+00:00;0.086;;
810510;unknown;control;2024-02-06 01:15:00+00:00;0.637;;
810510;unknown;control;2024-02-06 01:30:00+00:00;0.073;;
810510;unknown;control;2024-02-06 01:45:00+00:00;0.074;;
810510;unknown;control;2024-02-06 02:00:00+00:00;0.555;;
810510;unknown;control;2024-02-06 02:15:00+00:00;0.146;;
810510;unknown;control;2024-02-06 02:30:00+00:00;0.057;;
810510;unknown;control;2024-02-06 02:45:00+00:00;0.507;;
810510;unknown;control;2024-02-06 03:00:00+00:00;0.218;;
810510;unknown;control;2024-02-06 03:15:00+00:00;0.072;;
810510;unknown;control;2024-02-06 03:30:00+00:00;0.411;;
810510;unknown;control;2024-02-06 03:45:00+00:00;0.318;;
810510;unknown;control;2024-02-06 04:00:00+00:00;0.063;;
810510;unknown;control;2024-02-06 04:15:00+00:00;0.349;;
810510;unknown;control;2024-02-06 04:30:00+00:00;0.391;;
810510;unknown;control;2024-02-06 04:45:00+00:00;0.065;;
810510;unknown;control;2024-02-06 05:00:00+00:00;0.257;;
810510;unknown;control;2024-02-06 05:15:00+00:00;0.472;;
810510;unknown;control;2024-02-06 05:30:00+00:00;0.07;;
810510;unknown;control;2024-02-06 05:45:00+00:00;0.178;;
810510;unknown;control;2024-02-06 06:00:00+00:00;0.575;;
810510;unknown;control;2024-02-06 06:15:00+00:00;0.065;;
810510;unknown;control;2024-02-06 06:30:00+00:00;0.095;;
810510;unknown;control;2024-02-06 06:45:00+00:00;0.641;;
810510;unknown;control;2024-02-06 07:00:00+00:00;0.123;;
810510;unknown;control;2024-02-06 07:15:00+00:00;0.088;;
810510;unknown;control;2024-02-06 07:30:00+00:00;0.562;;
810510;unknown;control;2024-02-06 07:45:00+00:00;0.177;;
810510;unknown;control;2024-02-06 08:00:00+00:00;0.063;;
810510;unknown;control;2024-02-06 08:15:00+00:00;0.516;;
810510;unknown;control;2024-02-06 08:30:00+00:00;0.187;;
810510;unknown;control;2024-02-06 08:45:00+00:00;0.144;;
810510;unknown;control;2024-02-06 09:00:00+00:00;0.37;;
810510;unknown;control;2024-02-06 09:15:00+00:00;0.916;;
810510;unknown;control;2024-02-06 09:30:00+00:00;0.789;;
810510;unknown;control;2024-02-06 09:45:00+00:00;0.478;;
810510;unknown;control;2024-02-06 10:00:00+00:00;0.397;;
810510;unknown;control;2024-02-06 10:15:00+00:00;0.002;;
810510;unknown;control;2024-02-06 10:30:00+00:00;0.003;;
810510;unknown;control;2024-02-06 10:45:00+00:00;0.007;;
810510;unknown;control;2024-02-06 11:00:00+00:00;0.0;;
810510;unknown;control;2024-02-06 11:15:00+00:00;0.018;;
810510;unknown;control;2024-02-06 11:30:00+00:00;0.001;;
810510;unknown;control;2024-02-06 11:45:00+00:00;0.0;;
810510;unknown;control;2024-02-06 12:00:00+00:00;0.001;;
810510;unknown;control;2024-02-06 12:15:00+00:00;0.003;;
810510;unknown;control;2024-02-06 12:30:00+00:00;0.0;;
810510;unknown;control;2024-02-06 12:45:00+00:00;0.0;;
810510;unknown;control;2024-02-06 13:00:00+00:00;0.0;;
810510;unknown;control;2024-02-06 13:15:00+00:00;0.0;;
810510;unknown;control;2024-02-06 13:30:00+00:00;0.01;;
810510;unknown;control;2024-02-06 13:45:00+00:00;0.271;;
810510;unknown;control;2024-02-06 14:00:00+00:00;0.11;;
810510;unknown;control;2024-02-06 14:15:00+00:00;0.077;;
810510;unknown;control;2024-02-06 14:30:00+00:00;0.002;;
810510;unknown;control;2024-02-06 14:45:00+00:00;0.002;;
810510;unknown;control;2024-02-06 15:00:00+00:00;0.232;;
810510;unknown;control;2024-02-06 15:15:00+00:00;0.0;;
810510;unknown;control;2024-02-06 15:30:00+00:00;0.037;;
810510;unknown;control;2024-02-06 15:45:00+00:00;0.132;;
810510;unknown;control;2024-02-06 16:00:00+00:00;0.001;;
810510;unknown;control;2024-02-06 16:15:00+00:00;0.171;;
810510;unknown;control;2024-02-06 16:30:00+00:00;0.134;;
810510;unknown;control;2024-02-06 16:45:00+00:00;0.007;;
810510;unknown;control;2024-02-06 17:00:00+00:00;0.287;;
810510;unknown;control;2024-02-06 17:15:00+00:00;0.03;;
810510;unknown;control;2024-02-06 17:30:00+00:00;0.003;;
810510;unknown;control;2024-02-06 17:45:00+00:00;0.567;;
810510;unknown;control;2024-02-06 18:00:00+00:00;0.276;;
810510;unknown;control;2024-02-06 18:15:00+00:00;0.063;;
810510;unknown;control;2024-02-06 18:30:00+00:00;0.374;;
810510;unknown;control;2024-02-06 18:45:00+00:00;0.264;;
810510;unknown;control;2024-02-06 19:00:00+00:00;0.073;;
810510;unknown;control;2024-02-06 19:15:00+00:00;0.368;;
810510;unknown;control;2024-02-06 19:30:00+00:00;0.262;;
810510;unknown;control;2024-02-06 19:45:00+00:00;0.061;;
810510;unknown;control;2024-02-06 20:00:00+00:00;0.408;;
810510;unknown;control;2024-02-06 20:15:00+00:00;0.253;;
810510;unknown;control;2024-02-06 20:30:00+00:00;0.097;;
810510;unknown;control;2024-02-06 20:45:00+00:00;0.41;;
810510;unknown;control;2024-02-06 21:00:00+00:00;0.29;;
810510;unknown;control;2024-02-06 21:15:00+00:00;0.093;;
810510;unknown;control;2024-02-06 21:30:00+00:00;0.419;;
810510;unknown;control;2024-02-06 21:45:00+00:00;0.278;;
810510;unknown;control;2024-02-06 22:00:00+00:00;0.078;;
810510;unknown;control;2024-02-06 22:15:00+00:00;0.395;;
810510;unknown;control;2024-02-06 22:30:00+00:00;0.268;;
810510;unknown;control;2024-02-06 22:45:00+00:00;0.077;;
810510;unknown;control;2024-02-06 23:00:00+00:00;0.356;;
810510;unknown;control;2024-02-06 23:15:00+00:00;0.299;;
810510;unknown;control;2024-02-06 23:30:00+00:00;0.063;;
810510;unknown;control;2024-02-06 23:45:00+00:00;0.371;;
810510;unknown;control;2024-02-07 00:00:00+00:00;0.337;;
810510;unknown;control;2024-02-07 00:15:00+00:00;0.089;;
810510;unknown;control;2024-02-07 00:30:00+00:00;0.326;;
810510;unknown;control;2024-02-07 00:45:00+00:00;0.341;;
810510;unknown;control;2024-02-07 01:00:00+00:00;0.076;;
810510;unknown;control;2024-02-07 01:15:00+00:00;0.323;;
810510;unknown;control;2024-02-07 01:30:00+00:00;0.345;;
810510;unknown;control;2024-02-07 01:45:00+00:00;0.062;;
810510;unknown;control;2024-02-07 02:00:00+00:00;0.301;;
810510;unknown;control;2024-02-07 02:15:00+00:00;0.361;;
810510;unknown;control;2024-02-07 02:30:00+00:00;0.08;;
810510;unknown;control;2024-02-07 02:45:00+00:00;0.266;;
810510;unknown;control;2024-02-07 03:00:00+00:00;0.412;;
810510;unknown;control;2024-02-07 03:15:00+00:00;0.059;;
810510;unknown;control;2024-02-07 03:30:00+00:00;0.241;;
810510;unknown;control;2024-02-07 03:45:00+00:00;0.444;;
810510;unknown;control;2024-02-07 04:00:00+00:00;0.079;;
810510;unknown;control;2024-02-07 04:15:00+00:00;0.193;;
810510;unknown;control;2024-02-07 04:30:00+00:00;0.49;;
810510;unknown;control;2024-02-07 04:45:00+00:00;0.065;;
810510;unknown;control;2024-02-07 05:00:00+00:00;0.151;;
810510;unknown;control;2024-02-07 05:15:00+00:00;0.56;;
810510;unknown;control;2024-02-07 05:30:00+00:00;0.101;;
810510;unknown;control;2024-02-07 05:45:00+00:00;0.137;;
810510;unknown;control;2024-02-07 06:00:00+00:00;0.623;;
810510;unknown;control;2024-02-07 06:15:00+00:00;0.167;;
810510;unknown;control;2024-02-07 06:30:00+00:00;0.086;;
810510;unknown;control;2024-02-07 06:45:00+00:00;0.631;;
810510;unknown;control;2024-02-07 07:00:00+00:00;0.085;;
810510;unknown;control;2024-02-07 07:15:00+00:00;0.069;;
810510;unknown;control;2024-02-07 07:30:00+00:00;0.584;;
810510;unknown;control;2024-02-07 07:45:00+00:00;0.105;;
810510;unknown;control;2024-02-07 08:00:00+00:00;0.061;;
810510;unknown;control;2024-02-07 08:15:00+00:00;0.558;;
810510;unknown;control;2024-02-07 08:30:00+00:00;0.077;;
810510;unknown;control;2024-02-07 08:45:00+00:00;0.011;;
810510;unknown;control;2024-02-07 09:00:00+00:00;0.467;;
810510;unknown;control;2024-02-07 09:15:00+00:00;0.011;;
810510;unknown;control;2024-02-07 09:30:00+00:00;0.001;;
810510;unknown;control;2024-02-07 09:45:00+00:00;0.555;;
810510;unknown;control;2024-02-07 10:00:00+00:00;0.101;;
810510;unknown;control;2024-02-07 10:15:00+00:00;0.0;;
810510;unknown;control;2024-02-07 10:30:00+00:00;0.259;;
810510;unknown;control;2024-02-07 10:45:00+00:00;0.132;;
810510;unknown;control;2024-02-07 11:00:00+00:00;0.0;;
810510;unknown;control;2024-02-07 11:15:00+00:00;0.182;;
810510;unknown;control;2024-02-07 11:30:00+00:00;0.178;;
810510;unknown;control;2024-02-07 11:45:00+00:00;0.0;;
810510;unknown;control;2024-02-07 12:00:00+00:00;0.091;;
810510;unknown;control;2024-02-07 12:15:00+00:00;0.154;;
810510;unknown;control;2024-02-07 12:30:00+00:00;0.0;;
810510;unknown;control;2024-02-07 12:45:00+00:00;0.057;;
810510;unknown;control;2024-02-07 13:00:00+00:00;0.166;;
810510;unknown;control;2024-02-07 13:15:00+00:00;0.0;;
810510;unknown;control;2024-02-07 13:30:00+00:00;0.043;;
810510;unknown;control;2024-02-07 13:45:00+00:00;0.068;;
810510;unknown;control;2024-02-07 14:00:00+00:00;0.0;;
810510;unknown;control;2024-02-07 14:15:00+00:00;0.014;;
810510;unknown;control;2024-02-07 14:30:00+00:00;0.068;;
810510;unknown;control;2024-02-07 14:45:00+00:00;0.0;;
810510;unknown;control;2024-02-07 15:00:00+00:00;0.164;;
810510;unknown;control;2024-02-07 15:15:00+00:00;0.064;;
810510;unknown;control;2024-02-07 15:30:00+00:00;0.001;;
810510;unknown;control;2024-02-07 15:45:00+00:00;0.273;;
810510;unknown;control;2024-02-07 16:00:00+00:00;0.003;;
810510;unknown;control;2024-02-07 16:15:00+00:00;0.016;;
810510;unknown;control;2024-02-07 16:30:00+00:00;0.393;;
810510;unknown;control;2024-02-07 16:45:00+00:00;0.031;;
810510;unknown;control;2024-02-07 17:00:00+00:00;0.194;;
810510;unknown;control;2024-02-07 17:15:00+00:00;0.467;;
810510;unknown;control;2024-02-07 17:30:00+00:00;0.135;;
810510;unknown;control;2024-02-07 17:45:00+00:00;0.32;;
810510;unknown;control;2024-02-07 18:00:00+00:00;0.356;;
810510;unknown;control;2024-02-07 18:15:00+00:00;0.152;;
810510;unknown;control;2024-02-07 18:30:00+00:00;0.391;;
810510;unknown;control;2024-02-07 18:45:00+00:00;0.309;;
810510;unknown;control;2024-02-07 19:00:00+00:00;0.144;;
810510;unknown;control;2024-02-07 19:15:00+00:00;0.531;;
810510;unknown;control;2024-02-07 19:30:00+00:00;0.229;;
810510;unknown;control;2024-02-07 19:45:00+00:00;0.157;;
810510;unknown;control;2024-02-07 20:00:00+00:00;0.572;;
810510;unknown;control;2024-02-07 20:15:00+00:00;0.18;;
810510;unknown;control;2024-02-07 20:30:00+00:00;0.16;;
810510;unknown;control;2024-02-07 20:45:00+00:00;0.631;;
810510;unknown;control;2024-02-07 21:00:00+00:00;0.189;;
810510;unknown;control;2024-02-07 21:15:00+00:00;0.151;;
810510;unknown;control;2024-02-07 21:30:00+00:00;0.64;;
810510;unknown;control;2024-02-07 21:45:00+00:00;0.127;;
810510;unknown;control;2024-02-07 22:00:00+00:00;0.16;;
810510;unknown;control;2024-02-07 22:15:00+00:00;0.628;;
810510;unknown;control;2024-02-07 22:30:00+00:00;0.135;;
810510;unknown;control;2024-02-07 22:45:00+00:00;0.117;;
810510;unknown;control;2024-02-07 23:00:00+00:00;0.574;;
810510;unknown;control;2024-02-07 23:15:00+00:00;0.11;;
810510;unknown;control;2024-02-07 23:30:00+00:00;0.149;;
810510;unknown;control;2024-02-07 23:45:00+00:00;0.556;;
810510;unknown;control;2024-02-08 00:00:00+00:00;0.103;;
810510;unknown;control;2024-02-08 00:15:00+00:00;0.164;;
810510;unknown;control;2024-02-08 00:30:00+00:00;0.521;;
810510;unknown;control;2024-02-08 00:45:00+00:00;0.097;;
810510;unknown;control;2024-02-08 01:00:00+00:00;0.17;;
810510;unknown;control;2024-02-08 01:15:00+00:00;0.737;;
810510;unknown;control;2024-02-08 01:30:00+00:00;0.09;;
810510;unknown;control;2024-02-08 01:45:00+00:00;0.132;;
810510;unknown;control;2024-02-08 02:00:00+00:00;0.619;;
810510;unknown;control;2024-02-08 02:15:00+00:00;0.12;;
810510;unknown;control;2024-02-08 02:30:00+00:00;0.105;;
810510;unknown;control;2024-02-08 02:45:00+00:00;0.596;;
810510;unknown;control;2024-02-08 03:00:00+00:00;0.061;;
810510;unknown;control;2024-02-08 03:15:00+00:00;0.07;;
810510;unknown;control;2024-02-08 03:30:00+00:00;0.593;;
810510;unknown;control;2024-02-08 03:45:00+00:00;0.096;;
810510;unknown;control;2024-02-08 04:00:00+00:00;0.075;;
810510;unknown;control;2024-02-08 04:15:00+00:00;0.577;;
810510;unknown;control;2024-02-08 04:30:00+00:00;0.083;;
810510;unknown;control;2024-02-08 04:45:00+00:00;0.069;;
810510;unknown;control;2024-02-08 05:00:00+00:00;0.599;;
810510;unknown;control;2024-02-08 05:15:00+00:00;0.08;;
810510;unknown;control;2024-02-08 05:30:00+00:00;0.097;;
810510;unknown;control;2024-02-08 05:45:00+00:00;0.584;;
810510;unknown;control;2024-02-08 06:00:00+00:00;0.073;;
810510;unknown;control;2024-02-08 06:15:00+00:00;0.067;;
810510;unknown;control;2024-02-08 06:30:00+00:00;0.576;;
810510;unknown;control;2024-02-08 06:45:00+00:00;0.081;;
810510;unknown;control;2024-02-08 07:00:00+00:00;0.056;;
810510;unknown;control;2024-02-08 07:15:00+00:00;0.541;;
810510;unknown;control;2024-02-08 07:30:00+00:00;0.042;;
810510;unknown;control;2024-02-08 07:45:00+00:00;0.014;;
810510;unknown;control;2024-02-08 08:00:00+00:00;0.55;;
810510;unknown;control;2024-02-08 08:15:00+00:00;0.005;;
810510;unknown;control;2024-02-08 08:30:00+00:00;0.033;;
810510;unknown;control;2024-02-08 08:45:00+00:00;0.526;;
810510;unknown;control;2024-02-08 09:00:00+00:00;0.028;;
810510;unknown;control;2024-02-08 09:15:00+00:00;0.014;;
810510;unknown;control;2024-02-08 09:30:00+00:00;0.461;;
810510;unknown;control;2024-02-08 09:45:00+00:00;0.376;;
810510;unknown;control;2024-02-08 10:00:00+00:00;0.207;;
810510;unknown;control;2024-02-08 10:15:00+00:00;0.619;;
810510;unknown;control;2024-02-08 10:30:00+00:00;0.391;;
810510;unknown;control;2024-02-08 10:45:00+00:00;0.257;;
810510;unknown;control;2024-02-08 11:00:00+00:00;0.469;;
810510;unknown;control;2024-02-08 11:15:00+00:00;0.003;;
810510;unknown;control;2024-02-08 11:30:00+00:00;0.017;;
810510;unknown;control;2024-02-08 11:45:00+00:00;0.356;;
810510;unknown;control;2024-02-08 12:00:00+00:00;0.015;;
810510;unknown;control;2024-02-08 12:15:00+00:00;0.071;;
810510;unknown;control;2024-02-08 12:30:00+00:00;0.277;;
810510;unknown;control;2024-02-08 12:45:00+00:00;0.0;;
810510;unknown;control;2024-02-08 13:00:00+00:00;0.137;;
810510;unknown;control;2024-02-08 13:15:00+00:00;0.16;;
810510;unknown;control;2024-02-08 13:30:00+00:00;0.0;;
810510;unknown;control;2024-02-08 13:45:00+00:00;0.247;;
810510;unknown;control;2024-02-08 14:00:00+00:00;0.072;;
810510;unknown;control;2024-02-08 14:15:00+00:00;0.004;;
810510;unknown;control;2024-02-08 14:30:00+00:00;0.38;;
810510;unknown;control;2024-02-08 14:45:00+00:00;0.032;;
810510;unknown;control;2024-02-08 15:00:00+00:00;0.0;;
810510;unknown;control;2024-02-08 15:15:00+00:00;0.348;;
810510;unknown;control;2024-02-08 15:30:00+00:00;0.027;;
810510;unknown;control;2024-02-08 15:45:00+00:00;0.201;;
810510;unknown;control;2024-02-08 16:00:00+00:00;0.284;;
810510;unknown;control;2024-02-08 16:15:00+00:00;0.067;;
810510;unknown;control;2024-02-08 16:30:00+00:00;0.335;;
810510;unknown;control;2024-02-08 16:45:00+00:00;0.149;;
810510;unknown;control;2024-02-08 17:00:00+00:00;0.079;;
810510;unknown;control;2024-02-08 17:15:00+00:00;0.642;;
810510;unknown;control;2024-02-08 17:30:00+00:00;0.232;;
810510;unknown;control;2024-02-08 17:45:00+00:00;0.05;;
810510;unknown;control;2024-02-08 18:00:00+00:00;0.44;;
810510;unknown;control;2024-02-08 18:15:00+00:00;0.174;;
810510;unknown;control;2024-02-08 18:30:00+00:00;0.09;;
810510;unknown;control;2024-02-08 18:45:00+00:00;0.455;;
810510;unknown;control;2024-02-08 19:00:00+00:00;0.132;;
810510;unknown;control;2024-02-08 19:15:00+00:00;0.084;;
810510;unknown;control;2024-02-08 19:30:00+00:00;0.525;;
810510;unknown;control;2024-02-08 19:45:00+00:00;0.095;;
810510;unknown;control;2024-02-08 20:00:00+00:00;0.085;;
810510;unknown;control;2024-02-08 20:15:00+00:00;0.532;;
810510;unknown;control;2024-02-08 20:30:00+00:00;0.082;;
810510;unknown;control;2024-02-08 20:45:00+00:00;0.1;;
810510;unknown;control;2024-02-08 21:00:00+00:00;0.53;;
810510;unknown;control;2024-02-08 21:15:00+00:00;0.101;;
810510;unknown;control;2024-02-08 21:30:00+00:00;0.13;;
810510;unknown;control;2024-02-08 21:45:00+00:00;0.498;;
810510;unknown;control;2024-02-08 22:00:00+00:00;0.089;;
810510;unknown;control;2024-02-08 22:15:00+00:00;0.188;;
810510;unknown;control;2024-02-08 22:30:00+00:00;0.444;;
810510;unknown;control;2024-02-08 22:45:00+00:00;0.09;;
810510;unknown;control;2024-02-08 23:00:00+00:00;0.219;;
810510;unknown;control;2024-02-08 23:15:00+00:00;0.376;;
810510;unknown;control;2024-02-08 23:30:00+00:00;0.078;;
810510;unknown;control;2024-02-08 23:45:00+00:00;0.247;;
810510;unknown;control;2024-02-09 00:00:00+00:00;0.319;;
810510;unknown;control;2024-02-09 00:15:00+00:00;0.057;;
810510;unknown;control;2024-02-09 00:30:00+00:00;0.318;;
810510;unknown;control;2024-02-09 00:45:00+00:00;0.253;;
810510;unknown;control;2024-02-09 01:00:00+00:00;0.071;;
810510;unknown;control;2024-02-09 01:15:00+00:00;0.366;;
810510;unknown;control;2024-02-09 01:30:00+00:00;0.208;;
810510;unknown;control;2024-02-09 01:45:00+00:00;0.065;;
810510;unknown;control;2024-02-09 02:00:00+00:00;0.43;;
810510;unknown;control;2024-02-09 02:15:00+00:00;0.165;;
810510;unknown;control;2024-02-09 02:30:00+00:00;0.061;;
810510;unknown;control;2024-02-09 02:45:00+00:00;0.466;;
810510;unknown;control;2024-02-09 03:00:00+00:00;0.115;;
810510;unknown;control;2024-02-09 03:15:00+00:00;0.087;;
810510;unknown;control;2024-02-09 03:30:00+00:00;0.486;;
810510;unknown;control;2024-02-09 03:45:00+00:00;0.077;;
810510;unknown;control;2024-02-09 04:00:00+00:00;0.06;;
810510;unknown;control;2024-02-09 04:15:00+00:00;0.498;;
810510;unknown;control;2024-02-09 04:30:00+00:00;0.073;;
810510;unknown;control;2024-02-09 04:45:00+00:00;0.087;;
810510;unknown;control;2024-02-09 05:00:00+00:00;0.482;;
810510;unknown;control;2024-02-09 05:15:00+00:00;0.084;;
810510;unknown;control;2024-02-09 05:30:00+00:00;0.184;;
810510;unknown;control;2024-02-09 05:45:00+00:00;0.409;;
810510;unknown;control;2024-02-09 06:00:00+00:00;0.083;;
810510;unknown;control;2024-02-09 06:15:00+00:00;0.236;;
810510;unknown;control;2024-02-09 06:30:00+00:00;0.317;;
810510;unknown;control;2024-02-09 06:45:00+00:00;0.062;;
810510;unknown;control;2024-02-09 07:00:00+00:00;0.339;;
810510;unknown;control;2024-02-09 07:15:00+00:00;0.215;;
810510;unknown;control;2024-02-09 07:30:00+00:00;0.06;;
810510;unknown;control;2024-02-09 07:45:00+00:00;0.372;;
810510;unknown;control;2024-02-09 08:00:00+00:00;0.111;;
810510;unknown;control;2024-02-09 08:15:00+00:00;0.025;;
810510;unknown;control;2024-02-09 08:30:00+00:00;0.442;;
810510;unknown;control;2024-02-09 08:45:00+00:00;0.07;;
810510;unknown;control;2024-02-09 09:00:00+00:00;0.0;;
810510;unknown;control;2024-02-09 09:15:00+00:00;0.345;;
810510;unknown;control;2024-02-09 09:30:00+00:00;0.007;;
810510;unknown;control;2024-02-09 09:45:00+00:00;0.073;;
810510;unknown;control;2024-02-09 10:00:00+00:00;0.337;;
810510;unknown;control;2024-02-09 10:15:00+00:00;0.003;;
810510;unknown;control;2024-02-09 10:30:00+00:00;0.187;;
810510;unknown;control;2024-02-09 10:45:00+00:00;0.608;;
810510;unknown;control;2024-02-09 11:00:00+00:00;0.001;;
810510;unknown;control;2024-02-09 11:15:00+00:00;0.055;;
810510;unknown;control;2024-02-09 11:30:00+00:00;0.382;;
810510;unknown;control;2024-02-09 11:45:00+00:00;0.084;;
810510;unknown;control;2024-02-09 12:00:00+00:00;0.083;;
810510;unknown;control;2024-02-09 12:15:00+00:00;0.292;;
810510;unknown;control;2024-02-09 12:30:00+00:00;0.0;;
810510;unknown;control;2024-02-09 12:45:00+00:00;0.163;;
810510;unknown;control;2024-02-09 13:00:00+00:00;0.186;;
810510;unknown;control;2024-02-09 13:15:00+00:00;0.007;;
810510;unknown;control;2024-02-09 13:30:00+00:00;0.301;;
810510;unknown;control;2024-02-09 13:45:00+00:00;0.095;;
810510;unknown;control;2024-02-09 14:00:00+00:00;0.011;;
810510;unknown;control;2024-02-09 14:15:00+00:00;0.345;;
810510;unknown;control;2024-02-09 14:30:00+00:00;0.015;;
810510;unknown;control;2024-02-09 14:45:00+00:00;0.026;;
810510;unknown;control;2024-02-09 15:00:00+00:00;0.389;;
810510;unknown;control;2024-02-09 15:15:00+00:00;0.041;;
810510;unknown;control;2024-02-09 15:30:00+00:00;0.187;;
810510;unknown;control;2024-02-09 15:45:00+00:00;0.301;;
810510;unknown;control;2024-02-09 16:00:00+00:00;0.094;;
810510;unknown;control;2024-02-09 16:15:00+00:00;0.326;;
810510;unknown;control;2024-02-09 16:30:00+00:00;0.236;;
810510;unknown;control;2024-02-09 16:45:00+00:00;0.116;;
810510;unknown;control;2024-02-09 17:00:00+00:00;0.489;;
810510;unknown;control;2024-02-09 17:15:00+00:00;0.117;;
810510;unknown;control;2024-02-09 17:30:00+00:00;0.129;;
810510;unknown;control;2024-02-09 17:45:00+00:00;0.81;;
810510;unknown;control;2024-02-09 18:00:00+00:00;0.255;;
810510;unknown;control;2024-02-09 18:15:00+00:00;0.188;;
810510;unknown;control;2024-02-09 18:30:00+00:00;0.446;;
810510;unknown;control;2024-02-09 18:45:00+00:00;0.133;;
810510;unknown;control;2024-02-09 19:00:00+00:00;0.292;;
810510;unknown;control;2024-02-09 19:15:00+00:00;0.369;;
810510;unknown;control;2024-02-09 19:30:00+00:00;0.119;;
810510;unknown;control;2024-02-09 19:45:00+00:00;0.388;;
810510;unknown;control;2024-02-09 20:00:00+00:00;0.249;;
810510;unknown;control;2024-02-09 20:15:00+00:00;0.114;;
810510;unknown;control;2024-02-09 20:30:00+00:00;0.457;;
810510;unknown;control;2024-02-09 20:45:00+00:00;0.162;;
810510;unknown;control;2024-02-09 21:00:00+00:00;0.096;;
810510;unknown;control;2024-02-09 21:15:00+00:00;0.52;;
810510;unknown;control;2024-02-09 21:30:00+00:00;0.104;;
810510;unknown;control;2024-02-09 21:45:00+00:00;0.112;;
810510;unknown;control;2024-02-09 22:00:00+00:00;0.52;;
810510;unknown;control;2024-02-09 22:15:00+00:00;0.095;;
810510;unknown;control;2024-02-09 22:30:00+00:00;0.127;;
810510;unknown;control;2024-02-09 22:45:00+00:00;0.795;;
810510;unknown;control;2024-02-09 23:00:00+00:00;0.06;;
810510;unknown;control;2024-02-09 23:15:00+00:00;0.066;;
810510;unknown;control;2024-02-09 23:30:00+00:00;0.328;;
810510;unknown;control;2024-02-09 23:45:00+00:00;0.049;;
810510;unknown;control;2024-02-10 00:00:00+00:00;0.319;;
810510;unknown;control;2024-02-10 00:15:00+00:00;0.351;;
810510;unknown;control;2024-02-10 00:30:00+00:00;0.072;;
810510;unknown;control;2024-02-10 00:45:00+00:00;0.264;;
810510;unknown;control;2024-02-10 01:00:00+00:00;0.395;;
810510;unknown;control;2024-02-10 01:15:00+00:00;0.063;;
810510;unknown;control;2024-02-10 01:30:00+00:00;0.252;;
810510;unknown;control;2024-02-10 01:45:00+00:00;0.398;;
810510;unknown;control;2024-02-10 02:00:00+00:00;0.069;;
810510;unknown;control;2024-02-10 02:15:00+00:00;0.311;;
810510;unknown;control;2024-02-10 02:30:00+00:00;0.089;;
810510;unknown;control;2024-02-10 02:45:00+00:00;0.059;;
810510;unknown;control;2024-02-10 03:00:00+00:00;0.515;;
810510;unknown;control;2024-02-10 03:15:00+00:00;0.178;;
810510;unknown;control;2024-02-10 03:30:00+00:00;0.058;;
810510;unknown;control;2024-02-10 03:45:00+00:00;0.463;;
810510;unknown;control;2024-02-10 04:00:00+00:00;0.214;;
810510;unknown;control;2024-02-10 04:15:00+00:00;0.077;;
810510;unknown;control;2024-02-10 04:30:00+00:00;0.408;;
810510;unknown;control;2024-02-10 04:45:00+00:00;0.258;;
810510;unknown;control;2024-02-10 05:00:00+00:00;0.06;;
810510;unknown;control;2024-02-10 05:15:00+00:00;0.378;;
810510;unknown;control;2024-02-10 05:30:00+00:00;0.303;;
810510;unknown;control;2024-02-10 05:45:00+00:00;0.093;;
810510;unknown;control;2024-02-10 06:00:00+00:00;0.365;;
810510;unknown;control;2024-02-10 06:15:00+00:00;0.343;;
810510;unknown;control;2024-02-10 06:30:00+00:00;0.094;;
810510;unknown;control;2024-02-10 06:45:00+00:00;0.331;;
810510;unknown;control;2024-02-10 07:00:00+00:00;0.388;;
810510;unknown;control;2024-02-10 07:15:00+00:00;0.079;;
810510;unknown;control;2024-02-10 07:30:00+00:00;0.307;;
810510;unknown;control;2024-02-10 07:45:00+00:00;0.37;;
810510;unknown;control;2024-02-10 08:00:00+00:00;0.067;;
810510;unknown;control;2024-02-10 08:15:00+00:00;0.251;;
810510;unknown;control;2024-02-10 08:30:00+00:00;0.373;;
810510;unknown;control;2024-02-10 08:45:00+00:00;0.09;;
810510;unknown;control;2024-02-10 09:00:00+00:00;0.26;;
810510;unknown;control;2024-02-10 09:15:00+00:00;0.427;;
810510;unknown;control;2024-02-10 09:30:00+00:00;0.061;;
810510;unknown;control;2024-02-10 09:45:00+00:00;0.23;;
810510;unknown;control;2024-02-10 10:00:00+00:00;0.364;;
810510;unknown;control;2024-02-10 10:15:00+00:00;0.001;;
810510;unknown;control;2024-02-10 10:30:00+00:00;0.105;;
810510;unknown;control;2024-02-10 10:45:00+00:00;0.223;;
810510;unknown;control;2024-02-10 11:00:00+00:00;0.0;;
810510;unknown;control;2024-02-10 11:15:00+00:00;0.044;;
810510;unknown;control;2024-02-10 11:30:00+00:00;0.091;;
810510;unknown;control;2024-02-10 11:45:00+00:00;0.0;;
810510;unknown;control;2024-02-10 12:00:00+00:00;0.001;;
810510;unknown;control;2024-02-10 12:15:00+00:00;0.0;;
810510;unknown;control;2024-02-10 12:30:00+00:00;0.0;;
810510;unknown;control;2024-02-10 12:45:00+00:00;0.001;;
810510;unknown;control;2024-02-10 13:00:00+00:00;0.022;;
810510;unknown;control;2024-02-10 13:15:00+00:00;0.0;;
810510;unknown;control;2024-02-10 13:30:00+00:00;0.161;;
810510;unknown;control;2024-02-10 13:45:00+00:00;0.005;;
810510;unknown;control;2024-02-10 14:00:00+00:00;0.0;;
810510;unknown;control;2024-02-10 14:15:00+00:00;0.102;;
810510;unknown;control;2024-02-10 14:30:00+00:00;0.0;;
810510;unknown;control;2024-02-10 14:45:00+00:00;0.032;;
810510;unknown;control;2024-02-10 15:00:00+00:00;0.193;;
810510;unknown;control;2024-02-10 15:15:00+00:00;0.003;;
810510;unknown;control;2024-02-10 15:30:00+00:00;0.155;;
810510;unknown;control;2024-02-10 15:45:00+00:00;0.143;;
810510;unknown;control;2024-02-10 16:00:00+00:00;0.003;;
810510;unknown;control;2024-02-10 16:15:00+00:00;0.294;;
810510;unknown;control;2024-02-10 16:30:00+00:00;0.019;;
810510;unknown;control;2024-02-10 16:45:00+00:00;0.007;;
810510;unknown;control;2024-02-10 17:00:00+00:00;0.35;;
810510;unknown;control;2024-02-10 17:15:00+00:00;0.064;;
810510;unknown;control;2024-02-10 17:30:00+00:00;0.125;;
810510;unknown;control;2024-02-10 17:45:00+00:00;0.36;;
810510;unknown;control;2024-02-10 18:00:00+00:00;0.083;;
810510;unknown;control;2024-02-10 18:15:00+00:00;0.256;;
810510;unknown;control;2024-02-10 18:30:00+00:00;0.266;;
810510;unknown;control;2024-02-10 18:45:00+00:00;0.061;;
810510;unknown;control;2024-02-10 19:00:00+00:00;0.475;;
810510;unknown;control;2024-02-10 19:15:00+00:00;0.434;;
810510;unknown;control;2024-02-10 19:30:00+00:00;0.079;;
810510;unknown;control;2024-02-10 19:45:00+00:00;0.302;;
810510;unknown;control;2024-02-10 20:00:00+00:00;0.351;;
810510;unknown;control;2024-02-10 20:15:00+00:00;0.089;;
810510;unknown;control;2024-02-10 20:30:00+00:00;0.319;;
810510;unknown;control;2024-02-10 20:45:00+00:00;0.276;;
810510;unknown;control;2024-02-10 21:00:00+00:00;0.099;;
810510;unknown;control;2024-02-10 21:15:00+00:00;0.423;;
810510;unknown;control;2024-02-10 21:30:00+00:00;0.182;;
810510;unknown;control;2024-02-10 21:45:00+00:00;0.133;;
810510;unknown;control;2024-02-10 22:00:00+00:00;0.493;;
810510;unknown;control;2024-02-10 22:15:00+00:00;0.125;;
810510;unknown;control;2024-02-10 22:30:00+00:00;0.123;;
810510;unknown;control;2024-02-10 22:45:00+00:00;0.439;;
810510;unknown;control;2024-02-10 23:00:00+00:00;0.082;;
810510;unknown;control;2024-02-10 23:15:00+00:00;0.266;;
810510;unknown;control;2024-02-10 23:30:00+00:00;0.396;;
810510;unknown;control;2024-02-10 23:45:00+00:00;0.087;;
810510;unknown;control;2024-02-11 00:00:00+00:00;0.3;;
810510;unknown;control;2024-02-11 00:15:00+00:00;0.36;;
810510;unknown;control;2024-02-11 00:30:00+00:00;0.147;;
810510;unknown;control;2024-02-11 00:45:00+00:00;0.355;;
810510;unknown;control;2024-02-11 01:00:00+00:00;0.086;;
810510;unknown;control;2024-02-11 01:15:00+00:00;0.103;;
810510;unknown;control;2024-02-11 01:30:00+00:00;0.674;;
810510;unknown;control;2024-02-11 01:45:00+00:00;0.148;;
810510;unknown;control;2024-02-11 02:00:00+00:00;0.146;;
810510;unknown;control;2024-02-11 02:15:00+00:00;0.625;;
810510;unknown;control;2024-02-11 02:30:00+00:00;0.168;;
810510;unknown;control;2024-02-11 02:45:00+00:00;0.171;;
810510;unknown;control;2024-02-11 03:00:00+00:00;0.598;;
810510;unknown;control;2024-02-11 03:15:00+00:00;0.188;;
810510;unknown;control;2024-02-11 03:30:00+00:00;0.101;;
810510;unknown;control;2024-02-11 03:45:00+00:00;0.36;;
810510;unknown;control;2024-02-11 04:00:00+00:00;0.097;;
810510;unknown;control;2024-02-11 04:15:00+00:00;0.289;;
810510;unknown;control;2024-02-11 04:30:00+00:00;0.497;;
810510;unknown;control;2024-02-11 04:45:00+00:00;0.089;;
810510;unknown;control;2024-02-11 05:00:00+00:00;0.21;;
810510;unknown;control;2024-02-11 05:15:00+00:00;0.573;;
810510;unknown;control;2024-02-11 05:30:00+00:00;0.142;;
810510;unknown;control;2024-02-11 05:45:00+00:00;0.14;;
810510;unknown;control;2024-02-11 06:00:00+00:00;0.645;;
810510;unknown;control;2024-02-11 06:15:00+00:00;0.099;;
810510;unknown;control;2024-02-11 06:30:00+00:00;0.106;;
810510;unknown;control;2024-02-11 06:45:00+00:00;0.631;;
810510;unknown;control;2024-02-11 07:00:00+00:00;0.12;;
810510;unknown;control;2024-02-11 07:15:00+00:00;0.074;;
810510;unknown;control;2024-02-11 07:30:00+00:00;0.563;;
810510;unknown;control;2024-02-11 07:45:00+00:00;0.136;;
810510;unknown;control;2024-02-11 08:00:00+00:00;0.079;;
810510;unknown;control;2024-02-11 08:15:00+00:00;0.494;;
810510;unknown;control;2024-02-11 08:30:00+00:00;0.131;;
810510;unknown;control;2024-02-11 08:45:00+00:00;0.0;;
810510;unknown;control;2024-02-11 09:00:00+00:00;0.362;;
810510;unknown;control;2024-02-11 09:15:00+00:00;0.202;;
810510;unknown;control;2024-02-11 09:30:00+00:00;0.001;;
810510;unknown;control;2024-02-11 09:45:00+00:00;0.323;;
810510;unknown;control;2024-02-11 10:00:00+00:00;0.233;;
810510;unknown;control;2024-02-11 10:15:00+00:00;0.0;;
810510;unknown;control;2024-02-11 10:30:00+00:00;0.194;;
810510;unknown;control;2024-02-11 10:45:00+00:00;0.168;;
810510;unknown;control;2024-02-11 11:00:00+00:00;0.0;;
810510;unknown;control;2024-02-11 11:15:00+00:00;0.165;;
810510;unknown;control;2024-02-11 11:30:00+00:00;0.179;;
810510;unknown;control;2024-02-11 11:45:00+00:00;0.006;;
810510;unknown;control;2024-02-11 12:00:00+00:00;0.095;;
810510;unknown;control;2024-02-11 12:15:00+00:00;0.127;;
810510;unknown;control;2024-02-11 12:30:00+00:00;0.0;;
810510;unknown;control;2024-02-11 12:45:00+00:00;0.02;;
810510;unknown;control;2024-02-11 13:00:00+00:00;0.018;;
810510;unknown;control;2024-02-11 13:15:00+00:00;0.0;;
810510;unknown;control;2024-02-11 13:30:00+00:00;0.106;;
810510;unknown;control;2024-02-11 13:45:00+00:00;0.068;;
810510;unknown;control;2024-02-11 14:00:00+00:00;0.0;;
810510;unknown;control;2024-02-11 14:15:00+00:00;0.102;;
810510;unknown;control;2024-02-11 14:30:00+00:00;0.012;;
810510;unknown;control;2024-02-11 14:45:00+00:00;0.0;;
810510;unknown;control;2024-02-11 15:00:00+00:00;0.207;;
810510;unknown;control;2024-02-11 15:15:00+00:00;0.0;;
810510;unknown;control;2024-02-11 15:30:00+00:00;0.0;;
810510;unknown;control;2024-02-11 15:45:00+00:00;0.118;;
810510;unknown;control;2024-02-11 16:00:00+00:00;0.002;;
810510;unknown;control;2024-02-11 16:15:00+00:00;0.104;;
810510;unknown;control;2024-02-11 16:30:00+00:00;0.248;;
810510;unknown;control;2024-02-11 16:45:00+00:00;0.003;;
810510;unknown;control;2024-02-11 17:00:00+00:00;0.225;;
810510;unknown;control;2024-02-11 17:15:00+00:00;0.197;;
810510;unknown;control;2024-02-11 17:30:00+00:00;0.163;;
810510;unknown;control;2024-02-11 17:45:00+00:00;0.454;;
810510;unknown;control;2024-02-11 18:00:00+00:00;0.22;;
810510;unknown;control;2024-02-11 18:15:00+00:00;0.12;;
810510;unknown;control;2024-02-11 18:30:00+00:00;0.532;;
810510;unknown;control;2024-02-11 18:45:00+00:00;0.237;;
810510;unknown;control;2024-02-11 19:00:00+00:00;0.178;;
810510;unknown;control;2024-02-11 19:15:00+00:00;0.598;;
810510;unknown;control;2024-02-11 19:30:00+00:00;0.155;;
810510;unknown;control;2024-02-11 19:45:00+00:00;0.145;;
810510;unknown;control;2024-02-11 20:00:00+00:00;0.569;;
810510;unknown;control;2024-02-11 20:15:00+00:00;0.354;;
810510;unknown;control;2024-02-11 20:30:00+00:00;0.447;;
810510;unknown;control;2024-02-11 20:45:00+00:00;1.055;;
810510;unknown;control;2024-02-11 21:00:00+00:00;0.372;;
810510;unknown;control;2024-02-11 21:15:00+00:00;0.541;;
810510;unknown;control;2024-02-11 21:30:00+00:00;0.623;;
810510;unknown;control;2024-02-11 21:45:00+00:00;0.219;;
810510;unknown;control;2024-02-11 22:00:00+00:00;0.152;;
810510;unknown;control;2024-02-11 22:15:00+00:00;0.525;;
810510;unknown;control;2024-02-11 22:30:00+00:00;0.202;;
810510;unknown;control;2024-02-11 22:45:00+00:00;0.126;;
810510;unknown;control;2024-02-11 23:00:00+00:00;0.548;;
810510;unknown;control;2024-02-11 23:15:00+00:00;0.23;;
810510;unknown;control;2024-02-11 23:30:00+00:00;0.121;;
810510;unknown;control;2024-02-11 23:45:00+00:00;0.534;;
810510;unknown;control;2024-02-12 00:00:00+00:00;0.192;;
810510;unknown;control;2024-02-12 00:15:00+00:00;0.151;;
810510;unknown;control;2024-02-12 00:30:00+00:00;0.523;;
810510;unknown;control;2024-02-12 00:45:00+00:00;0.199;;
810510;unknown;control;2024-02-12 01:00:00+00:00;0.109;;
810510;unknown;control;2024-02-12 01:15:00+00:00;0.538;;
810510;unknown;control;2024-02-12 01:30:00+00:00;0.205;;
810510;unknown;control;2024-02-12 01:45:00+00:00;0.088;;
810510;unknown;control;2024-02-12 02:00:00+00:00;0.475;;
810510;unknown;control;2024-02-12 02:15:00+00:00;0.159;;
810510;unknown;control;2024-02-12 02:30:00+00:00;0.09;;
810510;unknown;control;2024-02-12 02:45:00+00:00;0.474;;
810510;unknown;control;2024-02-12 03:00:00+00:00;0.199;;
810510;unknown;control;2024-02-12 03:15:00+00:00;0.103;;
810510;unknown;control;2024-02-12 03:30:00+00:00;0.485;;
810510;unknown;control;2024-02-12 03:45:00+00:00;0.2;;
810510;unknown;control;2024-02-12 04:00:00+00:00;0.089;;
810510;unknown;control;2024-02-12 04:15:00+00:00;0.488;;
810510;unknown;control;2024-02-12 04:30:00+00:00;0.235;;
810510;unknown;control;2024-02-12 04:45:00+00:00;0.087;;
810510;unknown;control;2024-02-12 05:00:00+00:00;0.456;;
810510;unknown;control;2024-02-12 05:15:00+00:00;0.226;;
810510;unknown;control;2024-02-12 05:30:00+00:00;0.086;;
810510;unknown;control;2024-02-12 05:45:00+00:00;0.492;;
810510;unknown;control;2024-02-12 06:00:00+00:00;0.238;;
810510;unknown;control;2024-02-12 06:15:00+00:00;0.088;;
810510;unknown;control;2024-02-12 06:30:00+00:00;0.462;;
810510;unknown;control;2024-02-12 06:45:00+00:00;0.237;;
810510;unknown;control;2024-02-12 07:00:00+00:00;0.085;;
810510;unknown;control;2024-02-12 07:15:00+00:00;0.409;;
810510;unknown;control;2024-02-12 07:30:00+00:00;0.271;;
810510;unknown;control;2024-02-12 07:45:00+00:00;0.034;;
810510;unknown;control;2024-02-12 08:00:00+00:00;0.399;;
810510;unknown;control;2024-02-12 08:15:00+00:00;0.277;;
810510;unknown;control;2024-02-12 08:30:00+00:00;0.038;;
810510;unknown;control;2024-02-12 08:45:00+00:00;0.363;;
810510;unknown;control;2024-02-12 09:00:00+00:00;0.178;;
810510;unknown;control;2024-02-12 09:15:00+00:00;0.0;;
810510;unknown;control;2024-02-12 09:30:00+00:00;0.259;;
810510;unknown;control;2024-02-12 09:45:00+00:00;0.125;;
810510;unknown;control;2024-02-12 10:00:00+00:00;0.0;;
810510;unknown;control;2024-02-12 10:15:00+00:00;0.356;;
810510;unknown;control;2024-02-12 10:30:00+00:00;0.128;;
810510;unknown;control;2024-02-12 10:45:00+00:00;0.0;;
810510;unknown;control;2024-02-12 11:00:00+00:00;0.198;;
810510;unknown;control;2024-02-12 11:15:00+00:00;0.032;;
810510;unknown;control;2024-02-12 11:30:00+00:00;0.0;;
810510;unknown;control;2024-02-12 11:45:00+00:00;0.125;;
810510;unknown;control;2024-02-12 12:00:00+00:00;0.0;;
810510;unknown;control;2024-02-12 12:15:00+00:00;0.0;;
810510;unknown;control;2024-02-12 12:30:00+00:00;0.101;;
810510;unknown;control;2024-02-12 12:45:00+00:00;0.0;;
810510;unknown;control;2024-02-12 13:00:00+00:00;0.027;;
810510;unknown;control;2024-02-12 13:15:00+00:00;0.431;;
810510;unknown;control;2024-02-12 13:30:00+00:00;0.0;;
810510;unknown;control;2024-02-12 13:45:00+00:00;0.0;;
810510;unknown;control;2024-02-12 14:00:00+00:00;0.296;;
810510;unknown;control;2024-02-12 14:15:00+00:00;0.0;;
810510;unknown;control;2024-02-12 14:30:00+00:00;0.003;;
810510;unknown;control;2024-02-12 14:45:00+00:00;0.213;;
810510;unknown;control;2024-02-12 15:00:00+00:00;0.0;;
810510;unknown;control;2024-02-12 15:15:00+00:00;0.063;;
810510;unknown;control;2024-02-12 15:30:00+00:00;0.206;;
810510;unknown;control;2024-02-12 15:45:00+00:00;0.003;;
810510;unknown;control;2024-02-12 16:00:00+00:00;0.244;;
810510;unknown;control;2024-02-12 16:15:00+00:00;0.301;;
810510;unknown;control;2024-02-12 16:30:00+00:00;0.096;;
810510;unknown;control;2024-02-12 16:45:00+00:00;0.383;;
810510;unknown;control;2024-02-12 17:00:00+00:00;0.223;;
810510;unknown;control;2024-02-12 17:15:00+00:00;0.077;;
810510;unknown;control;2024-02-12 17:30:00+00:00;0.462;;
810510;unknown;control;2024-02-12 17:45:00+00:00;0.131;;
810510;unknown;control;2024-02-12 18:00:00+00:00;0.077;;
810510;unknown;control;2024-02-12 18:15:00+00:00;0.528;;
810510;unknown;control;2024-02-12 18:30:00+00:00;0.085;;
810510;unknown;control;2024-02-12 18:45:00+00:00;0.06;;
810510;unknown;control;2024-02-12 19:00:00+00:00;0.543;;
810510;unknown;control;2024-02-12 19:15:00+00:00;0.067;;
810510;unknown;control;2024-02-12 19:30:00+00:00;0.078;;
810510;unknown;control;2024-02-12 19:45:00+00:00;0.559;;
810510;unknown;control;2024-02-12 20:00:00+00:00;0.064;;
810510;unknown;control;2024-02-12 20:15:00+00:00;0.091;;
810510;unknown;control;2024-02-12 20:30:00+00:00;0.567;;
810510;unknown;control;2024-02-12 20:45:00+00:00;0.074;;
810510;unknown;control;2024-02-12 21:00:00+00:00;0.107;;
810510;unknown;control;2024-02-12 21:15:00+00:00;0.6;;
810510;unknown;control;2024-02-12 21:30:00+00:00;0.098;;
810510;unknown;control;2024-02-12 21:45:00+00:00;0.103;;
810510;unknown;control;2024-02-12 22:00:00+00:00;0.599;;
810510;unknown;control;2024-02-12 22:15:00+00:00;0.095;;
810510;unknown;control;2024-02-12 22:30:00+00:00;0.098;;
810510;unknown;control;2024-02-12 22:45:00+00:00;0.612;;
810510;unknown;control;2024-02-12 23:00:00+00:00;0.097;;
810510;unknown;control;2024-02-12 23:15:00+00:00;0.085;;
810510;unknown;control;2024-02-12 23:30:00+00:00;0.6;;
810510;unknown;control;2024-02-12 23:45:00+00:00;0.074;;
810510;unknown;control;2024-02-13 00:00:00+00:00;0.061;;
810510;unknown;control;2024-02-13 00:15:00+00:00;0.586;;
810510;unknown;control;2024-02-13 00:30:00+00:00;0.102;;
810510;unknown;control;2024-02-13 00:45:00+00:00;0.054;;
810510;unknown;control;2024-02-13 01:00:00+00:00;0.547;;
810510;unknown;control;2024-02-13 01:15:00+00:00;0.127;;
810510;unknown;control;2024-02-13 01:30:00+00:00;0.062;;
810510;unknown;control;2024-02-13 01:45:00+00:00;0.519;;
810510;unknown;control;2024-02-13 02:00:00+00:00;0.169;;
810510;unknown;control;2024-02-13 02:15:00+00:00;0.071;;
810510;unknown;control;2024-02-13 02:30:00+00:00;0.468;;
810510;unknown;control;2024-02-13 02:45:00+00:00;0.197;;
810510;unknown;control;2024-02-13 03:00:00+00:00;0.072;;
810510;unknown;control;2024-02-13 03:15:00+00:00;0.429;;
810510;unknown;control;2024-02-13 03:30:00+00:00;0.265;;
810510;unknown;control;2024-02-13 03:45:00+00:00;0.079;;
810510;unknown;control;2024-02-13 04:00:00+00:00;0.383;;
810510;unknown;control;2024-02-13 04:15:00+00:00;0.297;;
810510;unknown;control;2024-02-13 04:30:00+00:00;0.069;;
810510;unknown;control;2024-02-13 04:45:00+00:00;0.338;;
810510;unknown;control;2024-02-13 05:00:00+00:00;0.356;;
810510;unknown;control;2024-02-13 05:15:00+00:00;0.074;;
810510;unknown;control;2024-02-13 05:30:00+00:00;0.298;;
810510;unknown;control;2024-02-13 05:45:00+00:00;0.401;;
810510;unknown;control;2024-02-13 06:00:00+00:00;0.069;;
810510;unknown;control;2024-02-13 06:15:00+00:00;0.335;;
810510;unknown;control;2024-02-13 06:30:00+00:00;0.565;;
810510;unknown;control;2024-02-13 06:45:00+00:00;0.076;;
810510;unknown;control;2024-02-13 07:00:00+00:00;0.212;;
810510;unknown;control;2024-02-13 07:15:00+00:00;0.419;;
810510;unknown;control;2024-02-13 07:30:00+00:00;0.001;;
810510;unknown;control;2024-02-13 07:45:00+00:00;0.043;;
810510;unknown;control;2024-02-13 08:00:00+00:00;0.369;;
810510;unknown;control;2024-02-13 08:15:00+00:00;0.056;;
810510;unknown;control;2024-02-13 08:30:00+00:00;0.035;;
810510;unknown;control;2024-02-13 08:45:00+00:00;0.275;;
810510;unknown;control;2024-02-13 09:00:00+00:00;0.0;;
810510;unknown;control;2024-02-13 09:15:00+00:00;0.0;;
810510;unknown;control;2024-02-13 09:30:00+00:00;0.165;;
810510;unknown;control;2024-02-13 09:45:00+00:00;0.009;;
810510;unknown;control;2024-02-13 10:00:00+00:00;0.0;;
810510;unknown;control;2024-02-13 10:15:00+00:00;0.064;;
810510;unknown;control;2024-02-13 10:30:00+00:00;0.001;;
810510;unknown;control;2024-02-13 10:45:00+00:00;0.072;;
810510;unknown;control;2024-02-13 11:00:00+00:00;0.212;;
810510;unknown;control;2024-02-13 11:15:00+00:00;0.021;;
810510;unknown;control;2024-02-13 11:30:00+00:00;0.175;;
810510;unknown;control;2024-02-13 11:45:00+00:00;0.249;;
810510;unknown;control;2024-02-13 12:00:00+00:00;0.002;;
810510;unknown;control;2024-02-13 12:15:00+00:00;0.004;;
810510;unknown;control;2024-02-13 12:30:00+00:00;0.004;;
810510;unknown;control;2024-02-13 12:45:00+00:00;0.0;;
810510;unknown;control;2024-02-13 13:00:00+00:00;0.004;;
810510;unknown;control;2024-02-13 13:15:00+00:00;0.0;;
810510;unknown;control;2024-02-13 13:30:00+00:00;0.0;;
810510;unknown;control;2024-02-13 13:45:00+00:00;0.0;;
810510;unknown;control;2024-02-13 14:00:00+00:00;0.0;;
810510;unknown;control;2024-02-13 14:15:00+00:00;0.001;;
810510;unknown;control;2024-02-13 14:30:00+00:00;0.061;;
810510;unknown;control;2024-02-13 14:45:00+00:00;0.223;;
810510;unknown;control;2024-02-13 15:00:00+00:00;0.071;;
810510;unknown;control;2024-02-13 15:15:00+00:00;0.0;;
810510;unknown;control;2024-02-13 15:30:00+00:00;0.11;;
810510;unknown;control;2024-02-13 15:45:00+00:00;0.039;;
810510;unknown;control;2024-02-13 16:00:00+00:00;0.001;;
810510;unknown;control;2024-02-13 16:15:00+00:00;0.324;;
810510;unknown;control;2024-02-13 16:30:00+00:00;0.003;;
810510;unknown;control;2024-02-13 16:45:00+00:00;0.004;;
810510;unknown;control;2024-02-13 17:00:00+00:00;0.362;;
810510;unknown;control;2024-02-13 17:15:00+00:00;0.004;;
810510;unknown;control;2024-02-13 17:30:00+00:00;0.048;;
810510;unknown;control;2024-02-13 17:45:00+00:00;0.385;;
810510;unknown;control;2024-02-13 18:00:00+00:00;0.004;;
810510;unknown;control;2024-02-13 18:15:00+00:00;0.079;;
810510;unknown;control;2024-02-13 18:30:00+00:00;0.392;;
810510;unknown;control;2024-02-13 18:45:00+00:00;0.177;;
810510;unknown;control;2024-02-13 19:00:00+00:00;0.389;;
810510;unknown;control;2024-02-13 19:15:00+00:00;0.608;;
810510;unknown;control;2024-02-13 19:30:00+00:00;0.117;;
810510;unknown;control;2024-02-13 19:45:00+00:00;0.196;;
810510;unknown;control;2024-02-13 20:00:00+00:00;0.569;;
810510;unknown;control;2024-02-13 20:15:00+00:00;0.079;;
810510;unknown;control;2024-02-13 20:30:00+00:00;0.143;;
810510;unknown;control;2024-02-13 20:45:00+00:00;0.605;;
810510;unknown;control;2024-02-13 21:00:00+00:00;0.077;;
810510;unknown;control;2024-02-13 21:15:00+00:00;0.1;;
810510;unknown;control;2024-02-13 21:30:00+00:00;0.655;;
810510;unknown;control;2024-02-13 21:45:00+00:00;0.082;;
810510;unknown;control;2024-02-13 22:00:00+00:00;0.101;;
810510;unknown;control;2024-02-13 22:15:00+00:00;0.61;;
810510;unknown;control;2024-02-13 22:30:00+00:00;0.155;;
810510;unknown;control;2024-02-13 22:45:00+00:00;0.1;;
810510;unknown;control;2024-02-13 23:00:00+00:00;0.506;;
810510;unknown;control;2024-02-13 23:15:00+00:00;0.199;;
810510;unknown;control;2024-02-13 23:30:00+00:00;0.071;;
810510;unknown;control;2024-02-13 23:45:00+00:00;0.435;;
810510;unknown;control;2024-02-14 00:00:00+00:00;0.275;;
810510;unknown;control;2024-02-14 00:15:00+00:00;0.077;;
810510;unknown;control;2024-02-14 00:30:00+00:00;0.444;;
810510;unknown;control;2024-02-14 00:45:00+00:00;0.56;;
810510;unknown;control;2024-02-14 01:00:00+00:00;0.046;;
810510;unknown;control;2024-02-14 01:15:00+00:00;0.213;;
810510;unknown;control;2024-02-14 01:30:00+00:00;0.554;;
810510;unknown;control;2024-02-14 01:45:00+00:00;0.06;;
810510;unknown;control;2024-02-14 02:00:00+00:00;0.115;;
810510;unknown;control;2024-02-14 02:15:00+00:00;0.646;;
810510;unknown;control;2024-02-14 02:30:00+00:00;0.056;;
810510;unknown;control;2024-02-14 02:45:00+00:00;0.074;;
810510;unknown;control;2024-02-14 03:00:00+00:00;0.562;;
810510;unknown;control;2024-02-14 03:15:00+00:00;0.161;;
810510;unknown;control;2024-02-14 03:30:00+00:00;0.075;;
810510;unknown;control;2024-02-14 03:45:00+00:00;0.483;;
810510;unknown;control;2024-02-14 04:00:00+00:00;0.259;;
810510;unknown;control;2024-02-14 04:15:00+00:00;0.069;;
810510;unknown;control;2024-02-14 04:30:00+00:00;0.378;;
810510;unknown;control;2024-02-14 04:45:00+00:00;0.345;;
810510;unknown;control;2024-02-14 05:00:00+00:00;0.067;;
810510;unknown;control;2024-02-14 05:15:00+00:00;0.299;;
810510;unknown;control;2024-02-14 05:30:00+00:00;0.453;;
810510;unknown;control;2024-02-14 05:45:00+00:00;0.076;;
810510;unknown;control;2024-02-14 06:00:00+00:00;0.213;;
810510;unknown;control;2024-02-14 06:15:00+00:00;0.538;;
810510;unknown;control;2024-02-14 06:30:00+00:00;0.091;;
810510;unknown;control;2024-02-14 06:45:00+00:00;0.154;;
810510;unknown;control;2024-02-14 07:00:00+00:00;0.565;;
810510;unknown;control;2024-02-14 07:15:00+00:00;0.004;;
810510;unknown;control;2024-02-14 07:30:00+00:00;0.002;;
810510;unknown;control;2024-02-14 07:45:00+00:00;0.529;;
810510;unknown;control;2024-02-14 08:00:00+00:00;0.015;;
810510;unknown;control;2024-02-14 08:15:00+00:00;0.0;;
810510;unknown;control;2024-02-14 08:30:00+00:00;0.372;;
810510;unknown;control;2024-02-14 08:45:00+00:00;0.051;;
810510;unknown;control;2024-02-14 09:00:00+00:00;0.009;;
810510;unknown;control;2024-02-14 09:15:00+00:00;0.323;;
810510;unknown;control;2024-02-14 09:30:00+00:00;0.068;;
810510;unknown;control;2024-02-14 09:45:00+00:00;0.0;;
810510;unknown;control;2024-02-14 10:00:00+00:00;0.139;;
810510;unknown;control;2024-02-14 10:15:00+00:00;0.009;;
810510;unknown;control;2024-02-14 10:30:00+00:00;0.0;;
810510;unknown;control;2024-02-14 10:45:00+00:00;0.013;;
810510;unknown;control;2024-02-14 11:00:00+00:00;0.0;;
810510;unknown;control;2024-02-14 11:15:00+00:00;0.0;;
810510;unknown;control;2024-02-14 11:30:00+00:00;0.011;;
810510;unknown;control;2024-02-14 11:45:00+00:00;0.0;;
810510;unknown;control;2024-02-14 12:00:00+00:00;0.017;;
810510;unknown;control;2024-02-14 12:15:00+00:00;0.052;;
810510;unknown;control;2024-02-14 12:30:00+00:00;0.0;;
810510;unknown;control;2024-02-14 12:45:00+00:00;0.025;;
810510;unknown;control;2024-02-14 13:00:00+00:00;0.003;;
810510;unknown;control;2024-02-14 13:15:00+00:00;0.0;;
810510;unknown;control;2024-02-14 13:30:00+00:00;0.103;;
810510;unknown;control;2024-02-14 13:45:00+00:00;0.195;;
810510;unknown;control;2024-02-14 14:00:00+00:00;0.0;;
810510;unknown;control;2024-02-14 14:15:00+00:00;0.069;;
810510;unknown;control;2024-02-14 14:30:00+00:00;0.094;;
810510;unknown;control;2024-02-14 14:45:00+00:00;0.0;;
810510;unknown;control;2024-02-14 15:00:00+00:00;0.189;;
810510;unknown;control;2024-02-14 15:15:00+00:00;0.007;;
810510;unknown;control;2024-02-14 15:30:00+00:00;0.008;;
810510;unknown;control;2024-02-14 15:45:00+00:00;0.253;;
810510;unknown;control;2024-02-14 16:00:00+00:00;0.003;;
810510;unknown;control;2024-02-14 16:15:00+00:00;0.091;;
810510;unknown;control;2024-02-14 16:30:00+00:00;0.189;;
810510;unknown;control;2024-02-14 16:45:00+00:00;0.005;;
810510;unknown;control;2024-02-14 17:00:00+00:00;0.236;;
810510;unknown;control;2024-02-14 17:15:00+00:00;0.037;;
810510;unknown;control;2024-02-14 17:30:00+00:00;0.003;;
810510;unknown;control;2024-02-14 17:45:00+00:00;0.327;;
810510;unknown;control;2024-02-14 18:00:00+00:00;0.074;;
810510;unknown;control;2024-02-14 18:15:00+00:00;0.144;;
810510;unknown;control;2024-02-14 18:30:00+00:00;0.33;;
810510;unknown;control;2024-02-14 18:45:00+00:00;0.08;;
810510;unknown;control;2024-02-14 19:00:00+00:00;0.294;;
810510;unknown;control;2024-02-14 19:15:00+00:00;0.173;;
810510;unknown;control;2024-02-14 19:30:00+00:00;0.074;;
810510;unknown;control;2024-02-14 19:45:00+00:00;0.408;;
810510;unknown;control;2024-02-14 20:00:00+00:00;0.07;;
810510;unknown;control;2024-02-14 20:15:00+00:00;0.089;;
810510;unknown;control;2024-02-14 20:30:00+00:00;0.414;;
810510;unknown;control;2024-02-14 20:45:00+00:00;0.063;;
810510;unknown;control;2024-02-14 21:00:00+00:00;0.194;;
810510;unknown;control;2024-02-14 21:15:00+00:00;0.31;;
810510;unknown;control;2024-02-14 21:30:00+00:00;0.067;;
810510;unknown;control;2024-02-14 21:45:00+00:00;0.34;;
810510;unknown;control;2024-02-14 22:00:00+00:00;0.212;;
810510;unknown;control;2024-02-14 22:15:00+00:00;0.105;;
810510;unknown;control;2024-02-14 22:30:00+00:00;0.468;;
810510;unknown;control;2024-02-14 22:45:00+00:00;0.09;;
810510;unknown;control;2024-02-14 23:00:00+00:00;0.092;;
810510;unknown;control;2024-02-14 23:15:00+00:00;0.485;;
810510;unknown;control;2024-02-14 23:30:00+00:00;0.087;;
810510;unknown;control;2024-02-14 23:45:00+00:00;0.117;;
810510;unknown;control;2024-02-15 00:00:00+00:00;0.48;;
810510;unknown;control;2024-02-15 00:15:00+00:00;0.06;;
810510;unknown;control;2024-02-15 00:30:00+00:00;0.153;;
810510;unknown;control;2024-02-15 00:45:00+00:00;0.457;;
810510;unknown;control;2024-02-15 01:00:00+00:00;0.066;;
810510;unknown;control;2024-02-15 01:15:00+00:00;0.183;;
810510;unknown;control;2024-02-15 01:30:00+00:00;0.449;;
810510;unknown;control;2024-02-15 01:45:00+00:00;0.072;;
810510;unknown;control;2024-02-15 02:00:00+00:00;0.18;;
810510;unknown;control;2024-02-15 02:15:00+00:00;0.46;;
810510;unknown;control;2024-02-15 02:30:00+00:00;0.073;;
810510;unknown;control;2024-02-15 02:45:00+00:00;0.177;;
810510;unknown;control;2024-02-15 03:00:00+00:00;0.488;;
810510;unknown;control;2024-02-15 03:15:00+00:00;0.076;;
810510;unknown;control;2024-02-15 03:30:00+00:00;0.15;;
810510;unknown;control;2024-02-15 03:45:00+00:00;0.513;;
810510;unknown;control;2024-02-15 04:00:00+00:00;0.07;;
810510;unknown;control;2024-02-15 04:15:00+00:00;0.119;;
810510;unknown;control;2024-02-15 04:30:00+00:00;0.555;;
810510;unknown;control;2024-02-15 04:45:00+00:00;0.08;;
810510;unknown;control;2024-02-15 05:00:00+00:00;0.082;;
810510;unknown;control;2024-02-15 05:15:00+00:00;0.602;;
810510;unknown;control;2024-02-15 05:30:00+00:00;0.074;;
810510;unknown;control;2024-02-15 05:45:00+00:00;0.065;;
810510;unknown;control;2024-02-15 06:00:00+00:00;0.788;;
810510;unknown;control;2024-02-15 06:15:00+00:00;0.081;;
810510;unknown;control;2024-02-15 06:30:00+00:00;0.055;;
810510;unknown;control;2024-02-15 06:45:00+00:00;0.566;;
810510;unknown;control;2024-02-15 07:00:00+00:00;0.221;;
810510;unknown;control;2024-02-15 07:15:00+00:00;0.001;;
810510;unknown;control;2024-02-15 07:30:00+00:00;0.305;;
810510;unknown;control;2024-02-15 07:45:00+00:00;0.169;;
810510;unknown;control;2024-02-15 08:00:00+00:00;0.0;;
810510;unknown;control;2024-02-15 08:15:00+00:00;0.222;;
810510;unknown;control;2024-02-15 08:30:00+00:00;0.172;;
810510;unknown;control;2024-02-15 08:45:00+00:00;0.0;;
810510;unknown;control;2024-02-15 09:00:00+00:00;0.135;;
810510;unknown;control;2024-02-15 09:15:00+00:00;0.103;;
810510;unknown;control;2024-02-15 09:30:00+00:00;0.0;;
810510;unknown;control;2024-02-15 09:45:00+00:00;0.048;;
810510;unknown;control;2024-02-15 10:00:00+00:00;0.0;;
810510;unknown;control;2024-02-15 10:15:00+00:00;0.0;;
810510;unknown;control;2024-02-15 10:30:00+00:00;0.004;;
810510;unknown;control;2024-02-15 10:45:00+00:00;0.011;;
810510;unknown;control;2024-02-15 11:00:00+00:00;0.0;;
810510;unknown;control;2024-02-15 11:15:00+00:00;0.007;;
810510;unknown;control;2024-02-15 11:30:00+00:00;0.0;;
810510;unknown;control;2024-02-15 11:45:00+00:00;0.0;;
810510;unknown;control;2024-02-15 12:00:00+00:00;0.0;;
810510;unknown;control;2024-02-15 12:15:00+00:00;0.0;;
810510;unknown;control;2024-02-15 12:30:00+00:00;0.001;;
810510;unknown;control;2024-02-15 12:45:00+00:00;0.0;;
810510;unknown;control;2024-02-15 13:00:00+00:00;0.0;;
810510;unknown;control;2024-02-15 13:15:00+00:00;0.04;;
810510;unknown;control;2024-02-15 13:30:00+00:00;0.018;;
810510;unknown;control;2024-02-15 13:45:00+00:00;0.0;;
810510;unknown;control;2024-02-15 14:00:00+00:00;0.009;;
810510;unknown;control;2024-02-15 14:15:00+00:00;0.016;;
810510;unknown;control;2024-02-15 14:30:00+00:00;0.0;;
810510;unknown;control;2024-02-15 14:45:00+00:00;0.001;;
810510;unknown;control;2024-02-15 15:00:00+00:00;0.194;;
810510;unknown;control;2024-02-15 15:15:00+00:00;0.002;;
810510;unknown;control;2024-02-15 15:30:00+00:00;0.01;;
810510;unknown;control;2024-02-15 15:45:00+00:00;0.207;;
810510;unknown;control;2024-02-15 16:00:00+00:00;0.035;;
810510;unknown;control;2024-02-15 16:15:00+00:00;0.003;;
810510;unknown;control;2024-02-15 16:30:00+00:00;0.108;;
810510;unknown;control;2024-02-15 16:45:00+00:00;0.179;;
810510;unknown;control;2024-02-15 17:00:00+00:00;0.003;;
810510;unknown;control;2024-02-15 17:15:00+00:00;0.093;;
810510;unknown;control;2024-02-15 17:30:00+00:00;0.212;;
810510;unknown;control;2024-02-15 17:45:00+00:00;0.005;;
810510;unknown;control;2024-02-15 18:00:00+00:00;0.854;;
810510;unknown;control;2024-02-15 18:15:00+00:00;0.585;;
810510;unknown;control;2024-02-15 18:30:00+00:00;0.027;;
810510;unknown;control;2024-02-15 18:45:00+00:00;0.42;;
810510;unknown;control;2024-02-15 19:00:00+00:00;0.161;;
810510;unknown;control;2024-02-15 19:15:00+00:00;0.165;;
810510;unknown;control;2024-02-15 19:30:00+00:00;0.936;;
810510;unknown;control;2024-02-15 19:45:00+00:00;0.72;;
810510;unknown;control;2024-02-15 20:00:00+00:00;0.293;;
810510;unknown;control;2024-02-15 20:15:00+00:00;0.543;;
810510;unknown;control;2024-02-15 20:30:00+00:00;0.658;;
810510;unknown;control;2024-02-15 20:45:00+00:00;0.133;;
810510;unknown;control;2024-02-15 21:00:00+00:00;0.414;;
810510;unknown;control;2024-02-15 21:15:00+00:00;0.088;;
810510;unknown;control;2024-02-15 21:30:00+00:00;0.218;;
810510;unknown;control;2024-02-15 21:45:00+00:00;0.291;;
810510;unknown;control;2024-02-15 22:00:00+00:00;0.082;;
810510;unknown;control;2024-02-15 22:15:00+00:00;0.339;;
810510;unknown;control;2024-02-15 22:30:00+00:00;0.147;;
810510;unknown;control;2024-02-15 22:45:00+00:00;0.084;;
810510;unknown;control;2024-02-15 23:00:00+00:00;0.422;;
810510;unknown;control;2024-02-15 23:15:00+00:00;0.071;;
810510;unknown;control;2024-02-15 23:30:00+00:00;0.068;;
810510;unknown;control;2024-02-15 23:45:00+00:00;0.424;;
810510;unknown;control;2024-02-16 00:00:00+00:00;0.084;;
810510;unknown;control;2024-02-16 00:15:00+00:00;0.163;;
810510;unknown;control;2024-02-16 00:30:00+00:00;0.336;;
810510;unknown;control;2024-02-16 00:45:00+00:00;0.064;;
810510;unknown;control;2024-02-16 01:00:00+00:00;0.282;;
810510;unknown;control;2024-02-16 01:15:00+00:00;0.242;;
810510;unknown;control;2024-02-16 01:30:00+00:00;0.059;;
810510;unknown;control;2024-02-16 01:45:00+00:00;0.402;;
810510;unknown;control;2024-02-16 02:00:00+00:00;0.12;;
810510;unknown;control;2024-02-16 02:15:00+00:00;0.064;;
810510;unknown;control;2024-02-16 02:30:00+00:00;0.484;;
810510;unknown;control;2024-02-16 02:45:00+00:00;0.059;;
810510;unknown;control;2024-02-16 03:00:00+00:00;0.073;;
810510;unknown;control;2024-02-16 03:15:00+00:00;0.47;;
810510;unknown;control;2024-02-16 03:30:00+00:00;0.068;;
810510;unknown;control;2024-02-16 03:45:00+00:00;0.138;;
810510;unknown;control;2024-02-16 04:00:00+00:00;0.412;;
810510;unknown;control;2024-02-16 04:15:00+00:00;0.069;;
810510;unknown;control;2024-02-16 04:30:00+00:00;0.214;;
810510;unknown;control;2024-02-16 04:45:00+00:00;0.383;;
810510;unknown;control;2024-02-16 05:00:00+00:00;0.093;;
810510;unknown;control;2024-02-16 05:15:00+00:00;0.283;;
810510;unknown;control;2024-02-16 05:30:00+00:00;0.317;;
810510;unknown;control;2024-02-16 05:45:00+00:00;0.087;;
810510;unknown;control;2024-02-16 06:00:00+00:00;0.344;;
810510;unknown;control;2024-02-16 06:15:00+00:00;0.259;;
810510;unknown;control;2024-02-16 06:30:00+00:00;0.09;;
810510;unknown;control;2024-02-16 06:45:00+00:00;0.392;;
810510;unknown;control;2024-02-16 07:00:00+00:00;0.146;;
810510;unknown;control;2024-02-16 07:15:00+00:00;0.024;;
810510;unknown;control;2024-02-16 07:30:00+00:00;0.344;;
810510;unknown;control;2024-02-16 07:45:00+00:00;0.037;;
810510;unknown;control;2024-02-16 08:00:00+00:00;0.0;;
810510;unknown;control;2024-02-16 08:15:00+00:00;0.319;;
810510;unknown;control;2024-02-16 08:30:00+00:00;0.0;;
810510;unknown;control;2024-02-16 08:45:00+00:00;0.049;;
810510;unknown;control;2024-02-16 09:00:00+00:00;0.208;;
810510;unknown;control;2024-02-16 09:15:00+00:00;0.0;;
810510;unknown;control;2024-02-16 09:30:00+00:00;0.148;;
810510;unknown;control;2024-02-16 09:45:00+00:00;0.108;;
810510;unknown;control;2024-02-16 10:00:00+00:00;0.001;;
810510;unknown;control;2024-02-16 10:15:00+00:00;0.245;;
810510;unknown;control;2024-02-16 10:30:00+00:00;0.0;;
810510;unknown;control;2024-02-16 10:45:00+00:00;0.0;;
810510;unknown;control;2024-02-16 11:00:00+00:00;0.161;;
810510;unknown;control;2024-02-16 11:15:00+00:00;0.0;;
810510;unknown;control;2024-02-16 11:30:00+00:00;0.014;;
810510;unknown;control;2024-02-16 11:45:00+00:00;0.355;;
810510;unknown;control;2024-02-16 12:00:00+00:00;0.004;;
810510;unknown;control;2024-02-16 12:15:00+00:00;0.0;;
810510;unknown;control;2024-02-16 12:30:00+00:00;0.097;;
810510;unknown;control;2024-02-16 12:45:00+00:00;0.0;;
810510;unknown;control;2024-02-16 13:00:00+00:00;0.0;;
810510;unknown;control;2024-02-16 13:15:00+00:00;0.041;;
810510;unknown;control;2024-02-16 13:30:00+00:00;0.014;;
810510;unknown;control;2024-02-16 13:45:00+00:00;0.0;;
810510;unknown;control;2024-02-16 14:00:00+00:00;0.0;;
810510;unknown;control;2024-02-16 14:15:00+00:00;0.08;;
810510;unknown;control;2024-02-16 14:30:00+00:00;0.032;;
810510;unknown;control;2024-02-16 14:45:00+00:00;0.0;;
810510;unknown;control;2024-02-16 15:00:00+00:00;0.001;;
810510;unknown;control;2024-02-16 15:15:00+00:00;0.025;;
810510;unknown;control;2024-02-16 15:30:00+00:00;0.175;;
810510;unknown;control;2024-02-16 15:45:00+00:00;0.001;;
810510;unknown;control;2024-02-16 16:00:00+00:00;0.003;;
810510;unknown;control;2024-02-16 16:15:00+00:00;0.003;;
810510;unknown;control;2024-02-16 16:30:00+00:00;0.258;;
810510;unknown;control;2024-02-16 16:45:00+00:00;0.003;;
810510;unknown;control;2024-02-16 17:00:00+00:00;0.007;;
810510;unknown;control;2024-02-16 17:15:00+00:00;0.24;;
810510;unknown;control;2024-02-16 17:30:00+00:00;0.144;;
810510;unknown;control;2024-02-16 17:45:00+00:00;0.104;;
810510;unknown;control;2024-02-16 18:00:00+00:00;0.264;;
810510;unknown;control;2024-02-16 18:15:00+00:00;0.175;;
810510;unknown;control;2024-02-16 18:30:00+00:00;0.08;;
810510;unknown;control;2024-02-16 18:45:00+00:00;0.364;;
810510;unknown;control;2024-02-16 19:00:00+00:00;0.089;;
810510;unknown;control;2024-02-16 19:15:00+00:00;0.088;;
810510;unknown;control;2024-02-16 19:30:00+00:00;0.382;;
810510;unknown;control;2024-02-16 19:45:00+00:00;0.102;;
810510;unknown;control;2024-02-16 20:00:00+00:00;0.226;;
810510;unknown;control;2024-02-16 20:15:00+00:00;0.271;;
810510;unknown;control;2024-02-16 20:30:00+00:00;0.094;;
810510;unknown;control;2024-02-16 20:45:00+00:00;0.387;;
810510;unknown;control;2024-02-16 21:00:00+00:00;0.099;;
810510;unknown;control;2024-02-16 21:15:00+00:00;0.092;;
810510;unknown;control;2024-02-16 21:30:00+00:00;0.401;;
810510;unknown;control;2024-02-16 21:45:00+00:00;0.078;;
810510;unknown;control;2024-02-16 22:00:00+00:00;0.166;;
810510;unknown;control;2024-02-16 22:15:00+00:00;0.285;;
810510;unknown;control;2024-02-16 22:30:00+00:00;0.075;;
810510;unknown;control;2024-02-16 22:45:00+00:00;0.454;;
810510;unknown;control;2024-02-16 23:00:00+00:00;0.276;;
810510;unknown;control;2024-02-16 23:15:00+00:00;0.046;;
810510;unknown;control;2024-02-16 23:30:00+00:00;0.396;;
810510;unknown;control;2024-02-16 23:45:00+00:00;0.081;;
810510;unknown;control;2024-02-17 00:00:00+00:00;0.064;;
810510;unknown;control;2024-02-17 00:15:00+00:00;0.406;;
810510;unknown;control;2024-02-17 00:30:00+00:00;0.063;;
810510;unknown;control;2024-02-17 00:45:00+00:00;0.181;;
810510;unknown;control;2024-02-17 01:00:00+00:00;0.228;;
810510;unknown;control;2024-02-17 01:15:00+00:00;0.05;;
810510;unknown;control;2024-02-17 01:30:00+00:00;0.428;;
810510;unknown;control;2024-02-17 01:45:00+00:00;0.059;;
810510;unknown;control;2024-02-17 02:00:00+00:00;0.068;;
810510;unknown;control;2024-02-17 02:15:00+00:00;0.425;;
810510;unknown;control;2024-02-17 02:30:00+00:00;0.064;;
810510;unknown;control;2024-02-17 02:45:00+00:00;0.153;;
810510;unknown;control;2024-02-17 03:00:00+00:00;0.334;;
810510;unknown;control;2024-02-17 03:15:00+00:00;0.071;;
810510;unknown;control;2024-02-17 03:30:00+00:00;0.28;;
810510;unknown;control;2024-02-17 03:45:00+00:00;0.341;;
810510;unknown;control;2024-02-17 04:00:00+00:00;0.066;;
810510;unknown;control;2024-02-17 04:15:00+00:00;0.285;;
810510;unknown;control;2024-02-17 04:30:00+00:00;0.181;;
810510;unknown;control;2024-02-17 04:45:00+00:00;0.076;;
810510;unknown;control;2024-02-17 05:00:00+00:00;0.402;;
810510;unknown;control;2024-02-17 05:15:00+00:00;0.073;;
810510;unknown;control;2024-02-17 05:30:00+00:00;0.063;;
810510;unknown;control;2024-02-17 05:45:00+00:00;0.413;;
810510;unknown;control;2024-02-17 06:00:00+00:00;0.08;;
810510;unknown;control;2024-02-17 06:15:00+00:00;0.168;;
810510;unknown;control;2024-02-17 06:30:00+00:00;0.318;;
810510;unknown;control;2024-02-17 06:45:00+00:00;0.082;;
810510;unknown;control;2024-02-17 07:00:00+00:00;0.319;;
810510;unknown;control;2024-02-17 07:15:00+00:00;0.201;;
810510;unknown;control;2024-02-17 07:30:00+00:00;0.076;;
810510;unknown;control;2024-02-17 07:45:00+00:00;0.418;;
810510;unknown;control;2024-02-17 08:00:00+00:00;0.064;;
810510;unknown;control;2024-02-17 08:15:00+00:00;0.054;;
810510;unknown;control;2024-02-17 08:30:00+00:00;0.376;;
810510;unknown;control;2024-02-17 08:45:00+00:00;0.005;;
810510;unknown;control;2024-02-17 09:00:00+00:00;0.128;;
810510;unknown;control;2024-02-17 09:15:00+00:00;0.22;;
810510;unknown;control;2024-02-17 09:30:00+00:00;0.032;;
810510;unknown;control;2024-02-17 09:45:00+00:00;0.353;;
810510;unknown;control;2024-02-17 10:00:00+00:00;0.046;;
810510;unknown;control;2024-02-17 10:15:00+00:00;0.0;;
810510;unknown;control;2024-02-17 10:30:00+00:00;0.272;;
810510;unknown;control;2024-02-17 10:45:00+00:00;0.0;;
810510;unknown;control;2024-02-17 11:00:00+00:00;0.041;;
810510;unknown;control;2024-02-17 11:15:00+00:00;0.251;;
810510;unknown;control;2024-02-17 11:30:00+00:00;0.0;;
810510;unknown;control;2024-02-17 11:45:00+00:00;0.172;;
810510;unknown;control;2024-02-17 12:00:00+00:00;0.099;;
810510;unknown;control;2024-02-17 12:15:00+00:00;0.0;;
810510;unknown;control;2024-02-17 12:30:00+00:00;0.186;;
810510;unknown;control;2024-02-17 12:45:00+00:00;0.0;;
810510;unknown;control;2024-02-17 13:00:00+00:00;0.0;;
810510;unknown;control;2024-02-17 13:15:00+00:00;0.262;;
810510;unknown;control;2024-02-17 13:30:00+00:00;0.0;;
810510;unknown;control;2024-02-17 13:45:00+00:00;0.124;;
810510;unknown;control;2024-02-17 14:00:00+00:00;0.155;;
810510;unknown;control;2024-02-17 14:15:00+00:00;0.0;;
810510;unknown;control;2024-02-17 14:30:00+00:00;0.296;;
810510;unknown;control;2024-02-17 14:45:00+00:00;0.0;;
810510;unknown;control;2024-02-17 15:00:00+00:00;0.0;;
810510;unknown;control;2024-02-17 15:15:00+00:00;0.311;;
810510;unknown;control;2024-02-17 15:30:00+00:00;0.052;;
810510;unknown;control;2024-02-17 15:45:00+00:00;0.162;;
810510;unknown;control;2024-02-17 16:00:00+00:00;0.267;;
810510;unknown;control;2024-02-17 16:15:00+00:00;0.083;;
810510;unknown;control;2024-02-17 16:30:00+00:00;0.424;;
810510;unknown;control;2024-02-17 16:45:00+00:00;0.59;;
810510;unknown;control;2024-02-17 17:00:00+00:00;0.102;;
810510;unknown;control;2024-02-17 17:15:00+00:00;0.237;;
810510;unknown;control;2024-02-17 17:30:00+00:00;0.336;;
810510;unknown;control;2024-02-17 17:45:00+00:00;0.094;;
810510;unknown;control;2024-02-17 18:00:00+00:00;0.344;;
810510;unknown;control;2024-02-17 18:15:00+00:00;0.244;;
810510;unknown;control;2024-02-17 18:30:00+00:00;0.108;;
810510;unknown;control;2024-02-17 18:45:00+00:00;0.44;;
810510;unknown;control;2024-02-17 19:00:00+00:00;0.104;;
810510;unknown;control;2024-02-17 19:15:00+00:00;0.093;;
810510;unknown;control;2024-02-17 19:30:00+00:00;0.441;;
810510;unknown;control;2024-02-17 19:45:00+00:00;0.112;;
810510;unknown;control;2024-02-17 20:00:00+00:00;0.207;;
810510;unknown;control;2024-02-17 20:15:00+00:00;0.311;;
810510;unknown;control;2024-02-17 20:30:00+00:00;0.091;;
810510;unknown;control;2024-02-17 20:45:00+00:00;0.363;;
810510;unknown;control;2024-02-17 21:00:00+00:00;0.197;;
810510;unknown;control;2024-02-17 21:15:00+00:00;0.091;;
810510;unknown;control;2024-02-17 21:30:00+00:00;0.437;;
810510;unknown;control;2024-02-17 21:45:00+00:00;0.1;;
810510;unknown;control;2024-02-17 22:00:00+00:00;0.107;;
810510;unknown;control;2024-02-17 22:15:00+00:00;0.421;;
810510;unknown;control;2024-02-17 22:30:00+00:00;0.08;;
810510;unknown;control;2024-02-17 22:45:00+00:00;0.209;;
810510;unknown;control;2024-02-17 23:00:00+00:00;0.58;;
810510;unknown;control;2024-02-17 23:15:00+00:00;0.074;;
810510;unknown;control;2024-02-17 23:30:00+00:00;0.171;;
810510;unknown;control;2024-02-17 23:45:00+00:00;0.425;;
810510;unknown;control;2024-02-18 00:00:00+00:00;0.069;;
810510;unknown;control;2024-02-18 00:15:00+00:00;0.194;;
810510;unknown;control;2024-02-18 00:30:00+00:00;0.361;;
810510;unknown;control;2024-02-18 00:45:00+00:00;0.066;;
810510;unknown;control;2024-02-18 01:00:00+00:00;0.368;;
810510;unknown;control;2024-02-18 01:15:00+00:00;0.066;;
810510;unknown;control;2024-02-18 01:30:00+00:00;0.054;;
810510;unknown;control;2024-02-18 01:45:00+00:00;0.556;;
810510;unknown;control;2024-02-18 02:00:00+00:00;0.102;;
810510;unknown;control;2024-02-18 02:15:00+00:00;0.06;;
810510;unknown;control;2024-02-18 02:30:00+00:00;0.534;;
810510;unknown;control;2024-02-18 02:45:00+00:00;0.085;;
810510;unknown;control;2024-02-18 03:00:00+00:00;0.067;;
810510;unknown;control;2024-02-18 03:15:00+00:00;0.551;;
810510;unknown;control;2024-02-18 03:30:00+00:00;0.087;;
810510;unknown;control;2024-02-18 03:45:00+00:00;0.059;;
810510;unknown;control;2024-02-18 04:00:00+00:00;0.547;;
810510;unknown;control;2024-02-18 04:15:00+00:00;0.11;;
810510;unknown;control;2024-02-18 04:30:00+00:00;0.064;;
810510;unknown;control;2024-02-18 04:45:00+00:00;0.529;;
810510;unknown;control;2024-02-18 05:00:00+00:00;0.119;;
810510;unknown;control;2024-02-18 05:15:00+00:00;0.068;;
810510;unknown;control;2024-02-18 05:30:00+00:00;0.517;;
810510;unknown;control;2024-02-18 05:45:00+00:00;0.136;;
810510;unknown;control;2024-02-18 06:00:00+00:00;0.074;;
810510;unknown;control;2024-02-18 06:15:00+00:00;0.532;;
810510;unknown;control;2024-02-18 06:30:00+00:00;0.206;;
810510;unknown;control;2024-02-18 06:45:00+00:00;0.147;;
810510;unknown;control;2024-02-18 07:00:00+00:00;0.533;;
810510;unknown;control;2024-02-18 07:15:00+00:00;0.197;;
810510;unknown;control;2024-02-18 07:30:00+00:00;0.113;;
810510;unknown;control;2024-02-18 07:45:00+00:00;0.506;;
810510;unknown;control;2024-02-18 08:00:00+00:00;0.11;;
810510;unknown;control;2024-02-18 08:15:00+00:00;0.045;;
810510;unknown;control;2024-02-18 08:30:00+00:00;0.348;;
810510;unknown;control;2024-02-18 08:45:00+00:00;0.064;;
810510;unknown;control;2024-02-18 09:00:00+00:00;0.0;;
810510;unknown;control;2024-02-18 09:15:00+00:00;0.288;;
810510;unknown;control;2024-02-18 09:30:00+00:00;0.021;;
810510;unknown;control;2024-02-18 09:45:00+00:00;0.0;;
810510;unknown;control;2024-02-18 10:00:00+00:00;0.257;;
810510;unknown;control;2024-02-18 10:15:00+00:00;0.0;;
810510;unknown;control;2024-02-18 10:30:00+00:00;0.0;;
810510;unknown;control;2024-02-18 10:45:00+00:00;0.047;;
810510;unknown;control;2024-02-18 11:00:00+00:00;0.0;;
810510;unknown;control;2024-02-18 11:15:00+00:00;0.026;;
810510;unknown;control;2024-02-18 11:30:00+00:00;0.058;;
810510;unknown;control;2024-02-18 11:45:00+00:00;0.0;;
810510;unknown;control;2024-02-18 12:00:00+00:00;0.072;;
810510;unknown;control;2024-02-18 12:15:00+00:00;0.038;;
810510;unknown;control;2024-02-18 12:30:00+00:00;0.0;;
810510;unknown;control;2024-02-18 12:45:00+00:00;0.138;;
810510;unknown;control;2024-02-18 13:00:00+00:00;0.0;;
810510;unknown;control;2024-02-18 13:15:00+00:00;0.005;;
810510;unknown;control;2024-02-18 13:30:00+00:00;0.126;;
810510;unknown;control;2024-02-18 13:45:00+00:00;0.0;;
810510;unknown;control;2024-02-18 14:00:00+00:00;0.071;;
810510;unknown;control;2024-02-18 14:15:00+00:00;0.096;;
810510;unknown;control;2024-02-18 14:30:00+00:00;0.0;;
810510;unknown;control;2024-02-18 14:45:00+00:00;0.124;;
810510;unknown;control;2024-02-18 15:00:00+00:00;0.059;;
810510;unknown;control;2024-02-18 15:15:00+00:00;0.001;;
810510;unknown;control;2024-02-18 15:30:00+00:00;0.189;;
810510;unknown;control;2024-02-18 15:45:00+00:00;0.052;;
810510;unknown;control;2024-02-18 16:00:00+00:00;0.005;;
810510;unknown;control;2024-02-18 16:15:00+00:00;0.302;;
810510;unknown;control;2024-02-18 16:30:00+00:00;0.034;;
810510;unknown;control;2024-02-18 16:45:00+00:00;0.128;;
810510;unknown;control;2024-02-18 17:00:00+00:00;0.459;;
810510;unknown;control;2024-02-18 17:15:00+00:00;0.129;;
810510;unknown;control;2024-02-18 17:30:00+00:00;0.451;;
810510;unknown;control;2024-02-18 17:45:00+00:00;0.704;;
810510;unknown;control;2024-02-18 18:00:00+00:00;0.211;;
810510;unknown;control;2024-02-18 18:15:00+00:00;0.474;;
810510;unknown;control;2024-02-18 18:30:00+00:00;0.607;;
810510;unknown;control;2024-02-18 18:45:00+00:00;0.125;;
810510;unknown;control;2024-02-18 19:00:00+00:00;0.264;;
810510;unknown;control;2024-02-18 19:15:00+00:00;0.356;;
810510;unknown;control;2024-02-18 19:30:00+00:00;0.106;;
810510;unknown;control;2024-02-18 19:45:00+00:00;0.344;;
810510;unknown;control;2024-02-18 20:00:00+00:00;0.282;;
810510;unknown;control;2024-02-18 20:15:00+00:00;0.102;;
810510;unknown;control;2024-02-18 20:30:00+00:00;0.456;;
810510;unknown;control;2024-02-18 20:45:00+00:00;0.136;;
810510;unknown;control;2024-02-18 21:00:00+00:00;0.096;;
810510;unknown;control;2024-02-18 21:15:00+00:00;0.732;;
810510;unknown;control;2024-02-18 21:30:00+00:00;0.455;;
810510;unknown;control;2024-02-18 21:45:00+00:00;0.276;;
810510;unknown;control;2024-02-18 22:00:00+00:00;0.704;;
810510;unknown;control;2024-02-18 22:15:00+00:00;0.564;;
810510;unknown;control;2024-02-18 22:30:00+00:00;0.174;;
810510;unknown;control;2024-02-18 22:45:00+00:00;0.414;;
810510;unknown;control;2024-02-18 23:00:00+00:00;0.102;;
810510;unknown;control;2024-02-18 23:15:00+00:00;0.279;;
810510;unknown;control;2024-02-18 23:30:00+00:00;0.359;;
810510;unknown;control;2024-02-18 23:45:00+00:00;0.085;;
810510;unknown;control;2024-02-19 00:00:00+00:00;0.314;;
810510;unknown;control;2024-02-19 00:15:00+00:00;0.279;;
810510;unknown;control;2024-02-19 00:30:00+00:00;0.1;;
810510;unknown;control;2024-02-19 00:45:00+00:00;0.415;;
810510;unknown;control;2024-02-19 01:00:00+00:00;0.228;;
810510;unknown;control;2024-02-19 01:15:00+00:00;0.103;;
810510;unknown;control;2024-02-19 01:30:00+00:00;0.457;;
810510;unknown;control;2024-02-19 01:45:00+00:00;0.182;;
810510;unknown;control;2024-02-19 02:00:00+00:00;0.084;;
810510;unknown;control;2024-02-19 02:15:00+00:00;0.486;;
810510;unknown;control;2024-02-19 02:30:00+00:00;0.111;;
810510;unknown;control;2024-02-19 02:45:00+00:00;0.085;;
810510;unknown;control;2024-02-19 03:00:00+00:00;0.497;;
810510;unknown;control;2024-02-19 03:15:00+00:00;0.066;;
810510;unknown;control;2024-02-19 03:30:00+00:00;0.093;;
810510;unknown;control;2024-02-19 03:45:00+00:00;0.538;;
810510;unknown;control;2024-02-19 04:00:00+00:00;0.08;;
810510;unknown;control;2024-02-19 04:15:00+00:00;0.135;;
810510;unknown;control;2024-02-19 04:30:00+00:00;0.527;;
810510;unknown;control;2024-02-19 04:45:00+00:00;0.081;;
810510;unknown;control;2024-02-19 05:00:00+00:00;0.161;;
810510;unknown;control;2024-02-19 05:15:00+00:00;0.446;;
810510;unknown;control;2024-02-19 05:30:00+00:00;0.075;;
810510;unknown;control;2024-02-19 05:45:00+00:00;0.204;;
810510;unknown;control;2024-02-19 06:00:00+00:00;0.393;;
810510;unknown;control;2024-02-19 06:15:00+00:00;0.062;;
810510;unknown;control;2024-02-19 06:30:00+00:00;0.252;;
810510;unknown;control;2024-02-19 06:45:00+00:00;0.337;;
810510;unknown;control;2024-02-19 07:00:00+00:00;0.113;;
810510;unknown;control;2024-02-19 07:15:00+00:00;0.397;;
810510;unknown;control;2024-02-19 07:30:00+00:00;0.263;;
810510;unknown;control;2024-02-19 07:45:00+00:00;0.016;;
810510;unknown;control;2024-02-19 08:00:00+00:00;0.284;;
810510;unknown;control;2024-02-19 08:15:00+00:00;0.107;;
810510;unknown;control;2024-02-19 08:30:00+00:00;0.0;;
810510;unknown;control;2024-02-19 08:45:00+00:00;0.201;;
810510;unknown;control;2024-02-19 09:00:00+00:00;0.0;;
810510;unknown;control;2024-02-19 09:15:00+00:00;0.0;;
810510;unknown;control;2024-02-19 09:30:00+00:00;0.267;;
810510;unknown;control;2024-02-19 09:45:00+00:00;0.282;;
810510;unknown;control;2024-02-19 10:00:00+00:00;0.292;;
810510;unknown;control;2024-02-19 10:15:00+00:00;0.0;;
810510;unknown;control;2024-02-19 10:30:00+00:00;0.02;;
810510;unknown;control;2024-02-19 10:45:00+00:00;0.117;;
810510;unknown;control;2024-02-19 11:00:00+00:00;0.0;;
810510;unknown;control;2024-02-19 11:15:00+00:00;0.071;;
810510;unknown;control;2024-02-19 11:30:00+00:00;0.078;;
810510;unknown;control;2024-02-19 11:45:00+00:00;0.0;;
810510;unknown;control;2024-02-19 12:00:00+00:00;0.099;;
810510;unknown;control;2024-02-19 12:15:00+00:00;0.018;;
810510;unknown;control;2024-02-19 12:30:00+00:00;0.0;;
810510;unknown;control;2024-02-19 12:45:00+00:00;0.178;;
810510;unknown;control;2024-02-19 13:00:00+00:00;0.0;;
810510;unknown;control;2024-02-19 13:15:00+00:00;0.011;;
810510;unknown;control;2024-02-19 13:30:00+00:00;0.122;;
810510;unknown;control;2024-02-19 13:45:00+00:00;0.0;;
810510;unknown;control;2024-02-19 14:00:00+00:00;0.13;;
810510;unknown;control;2024-02-19 14:15:00+00:00;0.093;;
810510;unknown;control;2024-02-19 14:30:00+00:00;0.0;;
810510;unknown;control;2024-02-19 14:45:00+00:00;0.16;;
810510;unknown;control;2024-02-19 15:00:00+00:00;0.0;;
810510;unknown;control;2024-02-19 15:15:00+00:00;0.0;;
810510;unknown;control;2024-02-19 15:30:00+00:00;0.189;;
810510;unknown;control;2024-02-19 15:45:00+00:00;0.0;;
810510;unknown;control;2024-02-19 16:00:00+00:00;0.115;;
810510;unknown;control;2024-02-19 16:15:00+00:00;0.293;;
810510;unknown;control;2024-02-19 16:30:00+00:00;0.105;;
810510;unknown;control;2024-02-19 16:45:00+00:00;0.35;;
810510;unknown;control;2024-02-19 17:00:00+00:00;0.188;;
810510;unknown;control;2024-02-19 17:15:00+00:00;0.113;;
810510;unknown;control;2024-02-19 17:30:00+00:00;0.446;;
810510;unknown;control;2024-02-19 17:45:00+00:00;0.113;;
810510;unknown;control;2024-02-19 18:00:00+00:00;0.13;;
810510;unknown;control;2024-02-19 18:15:00+00:00;0.465;;
810510;unknown;control;2024-02-19 18:30:00+00:00;0.134;;
810510;unknown;control;2024-02-19 18:45:00+00:00;0.306;;
810510;unknown;control;2024-02-19 19:00:00+00:00;0.328;;
810510;unknown;control;2024-02-19 19:15:00+00:00;0.112;;
810510;unknown;control;2024-02-19 19:30:00+00:00;0.359;;
810510;unknown;control;2024-02-19 19:45:00+00:00;0.208;;
810510;unknown;control;2024-02-19 20:00:00+00:00;0.104;;
810510;unknown;control;2024-02-19 20:15:00+00:00;0.477;;
810510;unknown;control;2024-02-19 20:30:00+00:00;0.078;;
810510;unknown;control;2024-02-19 20:45:00+00:00;0.092;;
810510;unknown;control;2024-02-19 21:00:00+00:00;0.468;;
810510;unknown;control;2024-02-19 21:15:00+00:00;0.089;;
810510;unknown;control;2024-02-19 21:30:00+00:00;0.148;;
810510;unknown;control;2024-02-19 21:45:00+00:00;0.456;;
810510;unknown;control;2024-02-19 22:00:00+00:00;0.084;;
810510;unknown;control;2024-02-19 22:15:00+00:00;0.229;;
810510;unknown;control;2024-02-19 22:30:00+00:00;0.406;;
810510;unknown;control;2024-02-19 22:45:00+00:00;0.1;;
810510;unknown;control;2024-02-19 23:00:00+00:00;0.302;;
810510;unknown;control;2024-02-19 23:15:00+00:00;0.308;;
810510;unknown;control;2024-02-19 23:30:00+00:00;0.082;;
810510;unknown;control;2024-02-19 23:45:00+00:00;0.369;;
810510;unknown;control;2024-02-20 00:00:00+00:00;0.239;;
810510;unknown;control;2024-02-20 00:15:00+00:00;0.068;;
810510;unknown;control;2024-02-20 00:30:00+00:00;0.428;;
810510;unknown;control;2024-02-20 00:45:00+00:00;0.169;;
810510;unknown;control;2024-02-20 01:00:00+00:00;0.081;;
810510;unknown;control;2024-02-20 01:15:00+00:00;0.631;;
810510;unknown;control;2024-02-20 01:30:00+00:00;0.269;;
810510;unknown;control;2024-02-20 01:45:00+00:00;0.082;;
810510;unknown;control;2024-02-20 02:00:00+00:00;0.437;;
810510;unknown;control;2024-02-20 02:15:00+00:00;0.254;;
810510;unknown;control;2024-02-20 02:30:00+00:00;0.079;;
810510;unknown;control;2024-02-20 02:45:00+00:00;0.429;;
810510;unknown;control;2024-02-20 03:00:00+00:00;0.231;;
810510;unknown;control;2024-02-20 03:15:00+00:00;0.058;;
810510;unknown;control;2024-02-20 03:30:00+00:00;0.406;;
810510;unknown;control;2024-02-20 03:45:00+00:00;0.241;;
810510;unknown;control;2024-02-20 04:00:00+00:00;0.061;;
810510;unknown;control;2024-02-20 04:15:00+00:00;0.431;;
810510;unknown;control;2024-02-20 04:30:00+00:00;0.26;;
810510;unknown;control;2024-02-20 04:45:00+00:00;0.06;;
810510;unknown;control;2024-02-20 05:00:00+00:00;0.4;;
810510;unknown;control;2024-02-20 05:15:00+00:00;0.242;;
810510;unknown;control;2024-02-20 05:30:00+00:00;0.061;;
810510;unknown;control;2024-02-20 05:45:00+00:00;0.404;;
810510;unknown;control;2024-02-20 06:00:00+00:00;0.27;;
810510;unknown;control;2024-02-20 06:15:00+00:00;0.072;;
810510;unknown;control;2024-02-20 06:30:00+00:00;0.39;;
810510;unknown;control;2024-02-20 06:45:00+00:00;0.27;;
810510;unknown;control;2024-02-20 07:00:00+00:00;0.047;;
810510;unknown;control;2024-02-20 07:15:00+00:00;0.307;;
810510;unknown;control;2024-02-20 07:30:00+00:00;0.211;;
810510;unknown;control;2024-02-20 07:45:00+00:00;0.009;;
810510;unknown;control;2024-02-20 08:00:00+00:00;0.222;;
810510;unknown;control;2024-02-20 08:15:00+00:00;0.214;;
810510;unknown;control;2024-02-20 08:30:00+00:00;0.0;;
810510;unknown;control;2024-02-20 08:45:00+00:00;0.156;;
810510;unknown;control;2024-02-20 09:00:00+00:00;0.089;;
810510;unknown;control;2024-02-20 09:15:00+00:00;0.003;;
810510;unknown;control;2024-02-20 09:30:00+00:00;0.258;;
810510;unknown;control;2024-02-20 09:45:00+00:00;0.079;;
810510;unknown;control;2024-02-20 10:00:00+00:00;0.0;;
810510;unknown;control;2024-02-20 10:15:00+00:00;0.001;;
810510;unknown;control;2024-02-20 10:30:00+00:00;0.0;;
810510;unknown;control;2024-02-20 10:45:00+00:00;0.0;;
810510;unknown;control;2024-02-20 11:00:00+00:00;0.14;;
810510;unknown;control;2024-02-20 11:15:00+00:00;0.0;;
810510;unknown;control;2024-02-20 11:30:00+00:00;0.007;;
810510;unknown;control;2024-02-20 11:45:00+00:00;0.053;;
810510;unknown;control;2024-02-20 12:00:00+00:00;0.0;;
810510;unknown;control;2024-02-20 12:15:00+00:00;0.054;;
810510;unknown;control;2024-02-20 12:30:00+00:00;0.074;;
810510;unknown;control;2024-02-20 12:45:00+00:00;0.0;;
810510;unknown;control;2024-02-20 13:00:00+00:00;0.089;;
810510;unknown;control;2024-02-20 13:15:00+00:00;0.014;;
810510;unknown;control;2024-02-20 13:30:00+00:00;0.0;;
810510;unknown;control;2024-02-20 13:45:00+00:00;0.074;;
810510;unknown;control;2024-02-20 14:00:00+00:00;0.0;;
810510;unknown;control;2024-02-20 14:15:00+00:00;0.004;;
810510;unknown;control;2024-02-20 14:30:00+00:00;0.037;;
810510;unknown;control;2024-02-20 14:45:00+00:00;0.0;;
810510;unknown;control;2024-02-20 15:00:00+00:00;0.112;;
810510;unknown;control;2024-02-20 15:15:00+00:00;0.075;;
810510;unknown;control;2024-02-20 15:30:00+00:00;0.0;;
810510;unknown;control;2024-02-20 15:45:00+00:00;0.149;;
810510;unknown;control;2024-02-20 16:00:00+00:00;0.001;;
810510;unknown;control;2024-02-20 16:15:00+00:00;0.002;;
810510;unknown;control;2024-02-20 16:30:00+00:00;0.28;;
810510;unknown;control;2024-02-20 16:45:00+00:00;0.004;;
810510;unknown;control;2024-02-20 17:00:00+00:00;0.151;;
810510;unknown;control;2024-02-20 17:15:00+00:00;0.609;;
810510;unknown;control;2024-02-20 17:30:00+00:00;0.004;;
810510;unknown;control;2024-02-20 17:45:00+00:00;0.047;;
810510;unknown;control;2024-02-20 18:00:00+00:00;0.403;;
810510;unknown;control;2024-02-20 18:15:00+00:00;0.004;;
810510;unknown;control;2024-02-20 18:30:00+00:00;0.111;;
810510;unknown;control;2024-02-20 18:45:00+00:00;0.477;;
810510;unknown;control;2024-02-20 19:00:00+00:00;0.165;;
810510;unknown;control;2024-02-20 19:15:00+00:00;0.221;;
810510;unknown;control;2024-02-20 19:30:00+00:00;0.459;;
810510;unknown;control;2024-02-20 19:45:00+00:00;0.09;;
810510;unknown;control;2024-02-20 20:00:00+00:00;0.243;;
810510;unknown;control;2024-02-20 20:15:00+00:00;0.486;;
810510;unknown;control;2024-02-20 20:30:00+00:00;0.099;;
810510;unknown;control;2024-02-20 20:45:00+00:00;0.234;;
810510;unknown;control;2024-02-20 21:00:00+00:00;0.501;;
810510;unknown;control;2024-02-20 21:15:00+00:00;0.087;;
810510;unknown;control;2024-02-20 21:30:00+00:00;0.195;;
810510;unknown;control;2024-02-20 21:45:00+00:00;0.569;;
810510;unknown;control;2024-02-20 22:00:00+00:00;0.09;;
810510;unknown;control;2024-02-20 22:15:00+00:00;0.134;;
810510;unknown;control;2024-02-20 22:30:00+00:00;0.615;;
810510;unknown;control;2024-02-20 22:45:00+00:00;0.065;;
810510;unknown;control;2024-02-20 23:00:00+00:00;0.078;;
810510;unknown;control;2024-02-20 23:15:00+00:00;0.608;;
810510;unknown;control;2024-02-20 23:30:00+00:00;0.111;;
810510;unknown;control;2024-02-20 23:45:00+00:00;0.08;;
810510;unknown;control;2024-02-21 00:00:00+00:00;0.527;;
810510;unknown;control;2024-02-21 00:15:00+00:00;0.191;;
810510;unknown;control;2024-02-21 00:30:00+00:00;0.075;;
810510;unknown;control;2024-02-21 00:45:00+00:00;0.438;;
810510;unknown;control;2024-02-21 01:00:00+00:00;0.296;;
810510;unknown;control;2024-02-21 01:15:00+00:00;0.086;;
810510;unknown;control;2024-02-21 01:30:00+00:00;0.342;;
810510;unknown;control;2024-02-21 01:45:00+00:00;0.406;;
810510;unknown;control;2024-02-21 02:00:00+00:00;0.077;;
810510;unknown;control;2024-02-21 02:15:00+00:00;0.239;;
810510;unknown;control;2024-02-21 02:30:00+00:00;0.513;;
810510;unknown;control;2024-02-21 02:45:00+00:00;0.084;;
810510;unknown;control;2024-02-21 03:00:00+00:00;0.14;;
810510;unknown;control;2024-02-21 03:15:00+00:00;0.61;;
810510;unknown;control;2024-02-21 03:30:00+00:00;0.077;;
810510;unknown;control;2024-02-21 03:45:00+00:00;0.067;;
810510;unknown;control;2024-02-21 04:00:00+00:00;0.586;;
810510;unknown;control;2024-02-21 04:15:00+00:00;0.168;;
810510;unknown;control;2024-02-21 04:30:00+00:00;0.08;;
810510;unknown;control;2024-02-21 04:45:00+00:00;0.476;;
810510;unknown;control;2024-02-21 05:00:00+00:00;0.276;;
810510;unknown;control;2024-02-21 05:15:00+00:00;0.066;;
810510;unknown;control;2024-02-21 05:30:00+00:00;0.366;;
810510;unknown;control;2024-02-21 05:45:00+00:00;0.409;;
810510;unknown;control;2024-02-21 06:00:00+00:00;0.085;;
810510;unknown;control;2024-02-21 06:15:00+00:00;0.289;;
810510;unknown;control;2024-02-21 06:30:00+00:00;0.514;;
810510;unknown;control;2024-02-21 06:45:00+00:00;0.048;;
810510;unknown;control;2024-02-21 07:00:00+00:00;0.072;;
810510;unknown;control;2024-02-21 07:15:00+00:00;0.441;;
810510;unknown;control;2024-02-21 07:30:00+00:00;0.0;;
810510;unknown;control;2024-02-21 07:45:00+00:00;0.094;;
810510;unknown;control;2024-02-21 08:00:00+00:00;0.568;;
810510;unknown;control;2024-02-21 08:15:00+00:00;0.244;;
810510;unknown;control;2024-02-21 08:30:00+00:00;0.0;;
810510;unknown;control;2024-02-21 08:45:00+00:00;0.137;;
810510;unknown;control;2024-02-21 09:00:00+00:00;0.33;;
810510;unknown;control;2024-02-21 09:15:00+00:00;0.073;;
810510;unknown;control;2024-02-21 09:30:00+00:00;0.053;;
810510;unknown;control;2024-02-21 09:45:00+00:00;0.114;;
810510;unknown;control;2024-02-21 10:00:00+00:00;0.001;;
810510;unknown;control;2024-02-21 10:15:00+00:00;0.0;;
810510;unknown;control;2024-02-21 10:30:00+00:00;0.0;;
810510;unknown;control;2024-02-21 10:45:00+00:00;0.0;;
810510;unknown;control;2024-02-21 11:00:00+00:00;0.0;;
810510;unknown;control;2024-02-21 11:15:00+00:00;0.001;;
810510;unknown;control;2024-02-21 11:30:00+00:00;0.0;;
810510;unknown;control;2024-02-21 11:45:00+00:00;0.0;;
810510;unknown;control;2024-02-21 12:00:00+00:00;0.0;;
810510;unknown;control;2024-02-21 12:15:00+00:00;0.0;;
810510;unknown;control;2024-02-21 12:30:00+00:00;0.004;;
810510;unknown;control;2024-02-21 12:45:00+00:00;0.003;;
810510;unknown;control;2024-02-21 13:00:00+00:00;0.0;;
810510;unknown;control;2024-02-21 13:15:00+00:00;0.026;;
810510;unknown;control;2024-02-21 13:30:00+00:00;0.0;;
810510;unknown;control;2024-02-21 13:45:00+00:00;0.006;;
810510;unknown;control;2024-02-21 14:00:00+00:00;0.082;;
810510;unknown;control;2024-02-21 14:15:00+00:00;0.0;;
810510;unknown;control;2024-02-21 14:30:00+00:00;0.035;;
810510;unknown;control;2024-02-21 14:45:00+00:00;0.074;;
810510;unknown;control;2024-02-21 15:00:00+00:00;0.0;;
810510;unknown;control;2024-02-21 15:15:00+00:00;0.1;;
810510;unknown;control;2024-02-21 15:30:00+00:00;0.112;;
810510;unknown;control;2024-02-21 15:45:00+00:00;0.001;;
810510;unknown;control;2024-02-21 16:00:00+00:00;0.119;;
810510;unknown;control;2024-02-21 16:15:00+00:00;0.161;;
810510;unknown;control;2024-02-21 16:30:00+00:00;0.004;;
810510;unknown;control;2024-02-21 16:45:00+00:00;0.171;;
810510;unknown;control;2024-02-21 17:00:00+00:00;0.114;;
810510;unknown;control;2024-02-21 17:15:00+00:00;0.003;;
810510;unknown;control;2024-02-21 17:30:00+00:00;0.287;;
810510;unknown;control;2024-02-21 17:45:00+00:00;0.004;;
810510;unknown;control;2024-02-21 18:00:00+00:00;0.003;;
810510;unknown;control;2024-02-21 18:15:00+00:00;0.284;;
810510;unknown;control;2024-02-21 18:30:00+00:00;0.004;;
810510;unknown;control;2024-02-21 18:45:00+00:00;0.126;;
810510;unknown;control;2024-02-21 19:00:00+00:00;0.179;;
810510;unknown;control;2024-02-21 19:15:00+00:00;0.002;;
810510;unknown;control;2024-02-21 19:30:00+00:00;0.267;;
810510;unknown;control;2024-02-21 19:45:00+00:00;0.13;;
810510;unknown;control;2024-02-21 20:00:00+00:00;0.08;;
810510;unknown;control;2024-02-21 20:15:00+00:00;0.406;;
810510;unknown;control;2024-02-21 20:30:00+00:00;0.08;;
810510;unknown;control;2024-02-21 20:45:00+00:00;0.105;;
810510;unknown;control;2024-02-21 21:00:00+00:00;0.375;;
810510;unknown;control;2024-02-21 21:15:00+00:00;0.114;;
810510;unknown;control;2024-02-21 21:30:00+00:00;0.301;;
810510;unknown;control;2024-02-21 21:45:00+00:00;0.312;;
810510;unknown;control;2024-02-21 22:00:00+00:00;0.153;;
810510;unknown;control;2024-02-21 22:15:00+00:00;0.454;;
810510;unknown;control;2024-02-21 22:30:00+00:00;0.195;;
810510;unknown;control;2024-02-21 22:45:00+00:00;0.146;;
810510;unknown;control;2024-02-21 23:00:00+00:00;0.497;;
810510;unknown;control;2024-02-21 23:15:00+00:00;0.128;;
810510;unknown;control;2024-02-21 23:30:00+00:00;0.178;;
810510;unknown;control;2024-02-21 23:45:00+00:00;0.48;;
810510;unknown;control;2024-02-22 00:00:00+00:00;0.125;;
810510;unknown;control;2024-02-22 00:15:00+00:00;0.368;;
810510;unknown;control;2024-02-22 00:30:00+00:00;0.638;;
810510;unknown;control;2024-02-22 00:45:00+00:00;0.132;;
810510;unknown;control;2024-02-22 01:00:00+00:00;0.289;;
810510;unknown;control;2024-02-22 01:15:00+00:00;0.412;;
810510;unknown;control;2024-02-22 01:30:00+00:00;0.145;;
810510;unknown;control;2024-02-22 01:45:00+00:00;0.342;;
810510;unknown;control;2024-02-22 02:00:00+00:00;0.308;;
810510;unknown;control;2024-02-22 02:15:00+00:00;0.14;;
810510;unknown;control;2024-02-22 02:30:00+00:00;0.478;;
810510;unknown;control;2024-02-22 02:45:00+00:00;0.18;;
810510;unknown;control;2024-02-22 03:00:00+00:00;0.139;;
810510;unknown;control;2024-02-22 03:15:00+00:00;0.462;;
810510;unknown;control;2024-02-22 03:30:00+00:00;0.112;;
810510;unknown;control;2024-02-22 03:45:00+00:00;0.167;;
810510;unknown;control;2024-02-22 04:00:00+00:00;0.421;;
810510;unknown;control;2024-02-22 04:15:00+00:00;0.147;;
810510;unknown;control;2024-02-22 04:30:00+00:00;0.301;;
810510;unknown;control;2024-02-22 04:45:00+00:00;0.313;;
810510;unknown;control;2024-02-22 05:00:00+00:00;0.136;;
810510;unknown;control;2024-02-22 05:15:00+00:00;0.426;;
810510;unknown;control;2024-02-22 05:30:00+00:00;0.187;;
810510;unknown;control;2024-02-22 05:45:00+00:00;0.128;;
810510;unknown;control;2024-02-22 06:00:00+00:00;0.541;;
810510;unknown;control;2024-02-22 06:15:00+00:00;0.107;;
810510;unknown;control;2024-02-22 06:30:00+00:00;0.075;;
810510;unknown;control;2024-02-22 06:45:00+00:00;0.497;;
810510;unknown;control;2024-02-22 07:00:00+00:00;0.064;;
810510;unknown;control;2024-02-22 07:15:00+00:00;0.083;;
810510;unknown;control;2024-02-22 07:30:00+00:00;0.477;;
810510;unknown;control;2024-02-22 07:45:00+00:00;0.04;;
810510;unknown;control;2024-02-22 08:00:00+00:00;0.148;;
810510;unknown;control;2024-02-22 08:15:00+00:00;0.439;;
810510;unknown;control;2024-02-22 08:30:00+00:00;0.09;;
810510;unknown;control;2024-02-22 08:45:00+00:00;0.291;;
810510;unknown;control;2024-02-22 09:00:00+00:00;0.393;;
810510;unknown;control;2024-02-22 09:15:00+00:00;0.061;;
810510;unknown;control;2024-02-22 09:30:00+00:00;0.295;;
810510;unknown;control;2024-02-22 09:45:00+00:00;0.251;;
810510;unknown;control;2024-02-22 10:00:00+00:00;0.009;;
810510;unknown;control;2024-02-22 10:15:00+00:00;0.286;;
810510;unknown;control;2024-02-22 10:30:00+00:00;0.129;;
810510;unknown;control;2024-02-22 10:45:00+00:00;0.066;;
810510;unknown;control;2024-02-22 11:00:00+00:00;0.484;;
810510;unknown;control;2024-02-22 11:15:00+00:00;0.41;;
810510;unknown;control;2024-02-22 11:30:00+00:00;0.09;;
810510;unknown;control;2024-02-22 11:45:00+00:00;0.446;;
810510;unknown;control;2024-02-22 12:00:00+00:00;0.041;;
810510;unknown;control;2024-02-22 12:15:00+00:00;0.055;;
810510;unknown;control;2024-02-22 12:30:00+00:00;0.434;;
810510;unknown;control;2024-02-22 12:45:00+00:00;0.082;;
810510;unknown;control;2024-02-22 13:00:00+00:00;0.234;;
810510;unknown;control;2024-02-22 13:15:00+00:00;0.346;;
810510;unknown;control;2024-02-22 13:30:00+00:00;0.105;;
810510;unknown;control;2024-02-22 13:45:00+00:00;0.345;;
810510;unknown;control;2024-02-22 14:00:00+00:00;0.245;;
810510;unknown;control;2024-02-22 14:15:00+00:00;0.114;;
810510;unknown;control;2024-02-22 14:30:00+00:00;0.458;;
810510;unknown;control;2024-02-22 14:45:00+00:00;0.154;;
810510;unknown;control;2024-02-22 15:00:00+00:00;0.122;;
810510;unknown;control;2024-02-22 15:15:00+00:00;0.502;;
810510;unknown;control;2024-02-22 15:30:00+00:00;0.597;;
810510;unknown;control;2024-02-22 15:45:00+00:00;0.648;;
810510;unknown;control;2024-02-22 16:00:00+00:00;0.809;;
810510;unknown;control;2024-02-22 16:15:00+00:00;0.176;;
810510;unknown;control;2024-02-22 16:30:00+00:00;0.231;;
810510;unknown;control;2024-02-22 16:45:00+00:00;0.813;;
810510;unknown;control;2024-02-22 17:00:00+00:00;0.289;;
810510;unknown;control;2024-02-22 17:15:00+00:00;0.095;;
810510;unknown;control;2024-02-22 17:30:00+00:00;0.486;;
810510;unknown;control;2024-02-22 17:45:00+00:00;0.15;;
810510;unknown;control;2024-02-22 18:00:00+00:00;0.11;;
810510;unknown;control;2024-02-22 18:15:00+00:00;0.511;;
810510;unknown;control;2024-02-22 18:30:00+00:00;0.126;;
810510;unknown;control;2024-02-22 18:45:00+00:00;0.115;;
810510;unknown;control;2024-02-22 19:00:00+00:00;0.517;;
810510;unknown;control;2024-02-22 19:15:00+00:00;0.124;;
810510;unknown;control;2024-02-22 19:30:00+00:00;0.206;;
810510;unknown;control;2024-02-22 19:45:00+00:00;0.455;;
810510;unknown;control;2024-02-22 20:00:00+00:00;0.158;;
810510;unknown;control;2024-02-22 20:15:00+00:00;0.288;;
810510;unknown;control;2024-02-22 20:30:00+00:00;0.377;;
810510;unknown;control;2024-02-22 20:45:00+00:00;0.132;;
810510;unknown;control;2024-02-22 21:00:00+00:00;0.408;;
810510;unknown;control;2024-02-22 21:15:00+00:00;0.317;;
810510;unknown;control;2024-02-22 21:30:00+00:00;0.148;;
810510;unknown;control;2024-02-22 21:45:00+00:00;0.527;;
810510;unknown;control;2024-02-22 22:00:00+00:00;0.261;;
810510;unknown;control;2024-02-22 22:15:00+00:00;0.2;;
810510;unknown;control;2024-02-22 22:30:00+00:00;0.624;;
810510;unknown;control;2024-02-22 22:45:00+00:00;0.253;;
810510;unknown;control;2024-02-22 23:00:00+00:00;0.156;;
810510;unknown;control;2024-02-22 23:15:00+00:00;0.638;;
810510;unknown;control;2024-02-22 23:30:00+00:00;0.169;;
810510;unknown;control;2024-02-22 23:45:00+00:00;0.165;;
810510;unknown;control;2024-02-23 00:00:00+00:00;0.632;;
810510;unknown;control;2024-02-23 00:15:00+00:00;0.082;;
810510;unknown;control;2024-02-23 00:30:00+00:00;0.103;;
810510;unknown;control;2024-02-23 00:45:00+00:00;0.594;;
810510;unknown;control;2024-02-23 01:00:00+00:00;0.101;;
810510;unknown;control;2024-02-23 01:15:00+00:00;0.069;;
810510;unknown;control;2024-02-23 01:30:00+00:00;0.596;;
810510;unknown;control;2024-02-23 01:45:00+00:00;0.09;;
810510;unknown;control;2024-02-23 02:00:00+00:00;0.093;;
810510;unknown;control;2024-02-23 02:15:00+00:00;0.63;;
810510;unknown;control;2024-02-23 02:30:00+00:00;0.112;;
810510;unknown;control;2024-02-23 02:45:00+00:00;0.058;;
810510;unknown;control;2024-02-23 03:00:00+00:00;0.535;;
810510;unknown;control;2024-02-23 03:15:00+00:00;0.173;;
810510;unknown;control;2024-02-23 03:30:00+00:00;0.073;;
810510;unknown;control;2024-02-23 03:45:00+00:00;0.488;;
810510;unknown;control;2024-02-23 04:00:00+00:00;0.221;;
810510;unknown;control;2024-02-23 04:15:00+00:00;0.056;;
810510;unknown;control;2024-02-23 04:30:00+00:00;0.419;;
810510;unknown;control;2024-02-23 04:45:00+00:00;0.295;;
810510;unknown;control;2024-02-23 05:00:00+00:00;0.069;;
810510;unknown;control;2024-02-23 05:15:00+00:00;0.36;;
810510;unknown;control;2024-02-23 05:30:00+00:00;0.348;;
810510;unknown;control;2024-02-23 05:45:00+00:00;0.06;;
810510;unknown;control;2024-02-23 06:00:00+00:00;0.321;;
810510;unknown;control;2024-02-23 06:15:00+00:00;0.426;;
810510;unknown;control;2024-02-23 06:30:00+00:00;0.071;;
810510;unknown;control;2024-02-23 06:45:00+00:00;0.221;;
810510;unknown;control;2024-02-23 07:00:00+00:00;0.466;;
810510;unknown;control;2024-02-23 07:15:00+00:00;0.07;;
810510;unknown;control;2024-02-23 07:30:00+00:00;0.142;;
810510;unknown;control;2024-02-23 07:45:00+00:00;0.501;;
810510;unknown;control;2024-02-23 08:00:00+00:00;0.006;;
810510;unknown;control;2024-02-23 08:15:00+00:00;0.065;;
810510;unknown;control;2024-02-23 08:30:00+00:00;0.495;;
810510;unknown;control;2024-02-23 08:45:00+00:00;0.0;;
810510;unknown;control;2024-02-23 09:00:00+00:00;0.0;;
810510;unknown;control;2024-02-23 09:15:00+00:00;0.43;;
810510;unknown;control;2024-02-23 09:30:00+00:00;0.033;;
810510;unknown;control;2024-02-23 09:45:00+00:00;0.0;;
810510;unknown;control;2024-02-23 10:00:00+00:00;0.364;;
810510;unknown;control;2024-02-23 10:15:00+00:00;0.083;;
810510;unknown;control;2024-02-23 10:30:00+00:00;0.0;;
810510;unknown;control;2024-02-23 10:45:00+00:00;0.407;;
810510;unknown;control;2024-02-23 11:00:00+00:00;0.156;;
810510;unknown;control;2024-02-23 11:15:00+00:00;0.0;;
810510;unknown;control;2024-02-23 11:30:00+00:00;0.021;;
810510;unknown;control;2024-02-23 11:45:00+00:00;0.017;;
810510;unknown;control;2024-02-23 12:00:00+00:00;0.0;;
810510;unknown;control;2024-02-23 12:15:00+00:00;0.001;;
810510;unknown;control;2024-02-23 12:30:00+00:00;0.031;;
810510;unknown;control;2024-02-23 12:45:00+00:00;0.0;;
810510;unknown;control;2024-02-23 13:00:00+00:00;0.018;;
810510;unknown;control;2024-02-23 13:15:00+00:00;0.101;;
810510;unknown;control;2024-02-23 13:30:00+00:00;0.0;;
810510;unknown;control;2024-02-23 13:45:00+00:00;0.116;;
810510;unknown;control;2024-02-23 14:00:00+00:00;0.186;;
810510;unknown;control;2024-02-23 14:15:00+00:00;0.0;;
810510;unknown;control;2024-02-23 14:30:00+00:00;0.154;;
810510;unknown;control;2024-02-23 14:45:00+00:00;0.138;;
810510;unknown;control;2024-02-23 15:00:00+00:00;0.0;;
810510;unknown;control;2024-02-23 15:15:00+00:00;0.18;;
810510;unknown;control;2024-02-23 15:30:00+00:00;0.134;;
810510;unknown;control;2024-02-23 15:45:00+00:00;0.004;;
810510;unknown;control;2024-02-23 16:00:00+00:00;0.298;;
810510;unknown;control;2024-02-23 16:15:00+00:00;0.114;;
810510;unknown;control;2024-02-23 16:30:00+00:00;0.003;;
810510;unknown;control;2024-02-23 16:45:00+00:00;0.36;;
810510;unknown;control;2024-02-23 17:00:00+00:00;0.18;;
810510;unknown;control;2024-02-23 17:15:00+00:00;0.361;;
810510;unknown;control;2024-02-23 17:30:00+00:00;1.127;;
810510;unknown;control;2024-02-23 17:45:00+00:00;0.641;;
810510;unknown;control;2024-02-23 18:00:00+00:00;0.162;;
810510;unknown;control;2024-02-23 18:15:00+00:00;0.574;;
810510;unknown;control;2024-02-23 18:30:00+00:00;0.154;;
810510;unknown;control;2024-02-23 18:45:00+00:00;0.108;;
810510;unknown;control;2024-02-23 19:00:00+00:00;0.59;;
810510;unknown;control;2024-02-23 19:15:00+00:00;0.174;;
810510;unknown;control;2024-02-23 19:30:00+00:00;0.121;;
810510;unknown;control;2024-02-23 19:45:00+00:00;0.568;;
810510;unknown;control;2024-02-23 20:00:00+00:00;0.19;;
810510;unknown;control;2024-02-23 20:15:00+00:00;0.099;;
810510;unknown;control;2024-02-23 20:30:00+00:00;0.536;;
810510;unknown;control;2024-02-23 20:45:00+00:00;0.243;;
810510;unknown;control;2024-02-23 21:00:00+00:00;0.099;;
810510;unknown;control;2024-02-23 21:15:00+00:00;0.472;;
810510;unknown;control;2024-02-23 21:30:00+00:00;0.305;;
810510;unknown;control;2024-02-23 21:45:00+00:00;0.088;;
810510;unknown;control;2024-02-23 22:00:00+00:00;0.389;;
810510;unknown;control;2024-02-23 22:15:00+00:00;0.35;;
810510;unknown;control;2024-02-23 22:30:00+00:00;0.084;;
810510;unknown;control;2024-02-23 22:45:00+00:00;0.365;;
810510;unknown;control;2024-02-23 23:00:00+00:00;0.684;;
810510;unknown;control;2024-02-23 23:15:00+00:00;0.061;;
810510;unknown;control;2024-02-23 23:30:00+00:00;0.104;;
810510;unknown;control;2024-02-23 23:45:00+00:00;0.632;;
810510;unknown;control;2024-02-24 00:00:00+00:00;0.152;;
810510;unknown;control;2024-02-24 00:15:00+00:00;0.07;;
810510;unknown;control;2024-02-24 00:30:00+00:00;0.495;;
810510;unknown;control;2024-02-24 00:45:00+00:00;0.48;;
810510;unknown;control;2024-02-24 01:00:00+00:00;0.052;;
810510;unknown;control;2024-02-24 01:15:00+00:00;0.216;;
810510;unknown;control;2024-02-24 01:30:00+00:00;0.571;;
810510;unknown;control;2024-02-24 01:45:00+00:00;0.079;;
810510;unknown;control;2024-02-24 02:00:00+00:00;0.091;;
810510;unknown;control;2024-02-24 02:15:00+00:00;0.642;;
810510;unknown;control;2024-02-24 02:30:00+00:00;0.132;;
810510;unknown;control;2024-02-24 02:45:00+00:00;0.056;;
810510;unknown;control;2024-02-24 03:00:00+00:00;0.508;;
810510;unknown;control;2024-02-24 03:15:00+00:00;0.318;;
810510;unknown;control;2024-02-24 03:30:00+00:00;0.069;;
810510;unknown;control;2024-02-24 03:45:00+00:00;0.342;;
810510;unknown;control;2024-02-24 04:00:00+00:00;0.507;;
810510;unknown;control;2024-02-24 04:15:00+00:00;0.064;;
810510;unknown;control;2024-02-24 04:30:00+00:00;0.175;;
810510;unknown;control;2024-02-24 04:45:00+00:00;0.657;;
810510;unknown;control;2024-02-24 05:00:00+00:00;0.101;;
810510;unknown;control;2024-02-24 05:15:00+00:00;0.119;;
810510;unknown;control;2024-02-24 05:30:00+00:00;0.648;;
810510;unknown;control;2024-02-24 05:45:00+00:00;0.252;;
810510;unknown;control;2024-02-24 06:00:00+00:00;0.089;;
810510;unknown;control;2024-02-24 06:15:00+00:00;0.461;;
810510;unknown;control;2024-02-24 06:30:00+00:00;0.343;;
810510;unknown;control;2024-02-24 06:45:00+00:00;0.078;;
810510;unknown;control;2024-02-24 07:00:00+00:00;0.293;;
810510;unknown;control;2024-02-24 07:15:00+00:00;0.425;;
810510;unknown;control;2024-02-24 07:30:00+00:00;0.0;;
810510;unknown;control;2024-02-24 07:45:00+00:00;0.103;;
810510;unknown;control;2024-02-24 08:00:00+00:00;0.385;;
810510;unknown;control;2024-02-24 08:15:00+00:00;0.0;;
810510;unknown;control;2024-02-24 08:30:00+00:00;0.027;;
810510;unknown;control;2024-02-24 08:45:00+00:00;0.19;;
810510;unknown;control;2024-02-24 09:00:00+00:00;0.0;;
810510;unknown;control;2024-02-24 09:15:00+00:00;0.002;;
810510;unknown;control;2024-02-24 09:30:00+00:00;0.067;;
810510;unknown;control;2024-02-24 09:45:00+00:00;0.0;;
810510;unknown;control;2024-02-24 10:00:00+00:00;0.0;;
810510;unknown;control;2024-02-24 10:15:00+00:00;0.001;;
810510;unknown;control;2024-02-24 10:30:00+00:00;0.0;;
810510;unknown;control;2024-02-24 10:45:00+00:00;0.012;;
810510;unknown;control;2024-02-24 11:00:00+00:00;0.027;;
810510;unknown;control;2024-02-24 11:15:00+00:00;0.0;;
810510;unknown;control;2024-02-24 11:30:00+00:00;0.021;;
810510;unknown;control;2024-02-24 11:45:00+00:00;0.041;;
810510;unknown;control;2024-02-24 12:00:00+00:00;0.0;;
810510;unknown;control;2024-02-24 12:15:00+00:00;0.001;;
810510;unknown;control;2024-02-24 12:30:00+00:00;0.0;;
810510;unknown;control;2024-02-24 12:45:00+00:00;0.0;;
810510;unknown;control;2024-02-24 13:00:00+00:00;0.031;;
810510;unknown;control;2024-02-24 13:15:00+00:00;0.0;;
810510;unknown;control;2024-02-24 13:30:00+00:00;0.0;;
810510;unknown;control;2024-02-24 13:45:00+00:00;0.114;;
810510;unknown;control;2024-02-24 14:00:00+00:00;0.0;;
810510;unknown;control;2024-02-24 14:15:00+00:00;0.044;;
810510;unknown;control;2024-02-24 14:30:00+00:00;0.123;;
810510;unknown;control;2024-02-24 14:45:00+00:00;0.0;;
810510;unknown;control;2024-02-24 15:00:00+00:00;0.133;;
810510;unknown;control;2024-02-24 15:15:00+00:00;0.062;;
810510;unknown;control;2024-02-24 15:30:00+00:00;0.002;;
810510;unknown;control;2024-02-24 15:45:00+00:00;0.297;;
810510;unknown;control;2024-02-24 16:00:00+00:00;0.003;;
810510;unknown;control;2024-02-24 16:15:00+00:00;0.005;;
810510;unknown;control;2024-02-24 16:30:00+00:00;0.293;;
810510;unknown;control;2024-02-24 16:45:00+00:00;0.002;;
810510;unknown;control;2024-02-24 17:00:00+00:00;0.092;;
810510;unknown;control;2024-02-24 17:15:00+00:00;0.262;;
810510;unknown;control;2024-02-24 17:30:00+00:00;0.003;;
810510;unknown;control;2024-02-24 17:45:00+00:00;0.171;;
810510;unknown;control;2024-02-24 18:00:00+00:00;0.196;;
810510;unknown;control;2024-02-24 18:15:00+00:00;0.003;;
810510;unknown;control;2024-02-24 18:30:00+00:00;0.253;;
810510;unknown;control;2024-02-24 18:45:00+00:00;0.705;;
810510;unknown;control;2024-02-24 19:00:00+00:00;0.003;;
810510;unknown;control;2024-02-24 19:15:00+00:00;0.003;;
810510;unknown;control;2024-02-24 19:30:00+00:00;0.465;;
810510;unknown;control;2024-02-24 19:45:00+00:00;0.01;;
810510;unknown;control;2024-02-24 20:00:00+00:00;0.057;;
810510;unknown;control;2024-02-24 20:15:00+00:00;0.592;;
810510;unknown;control;2024-02-24 20:30:00+00:00;0.11;;
810510;unknown;control;2024-02-24 20:45:00+00:00;0.096;;
810510;unknown;control;2024-02-24 21:00:00+00:00;0.559;;
810510;unknown;control;2024-02-24 21:15:00+00:00;0.153;;
810510;unknown;control;2024-02-24 21:30:00+00:00;0.105;;
810510;unknown;control;2024-02-24 21:45:00+00:00;0.551;;
810510;unknown;control;2024-02-24 22:00:00+00:00;0.197;;
810510;unknown;control;2024-02-24 22:15:00+00:00;0.099;;
810510;unknown;control;2024-02-24 22:30:00+00:00;0.536;;
810510;unknown;control;2024-02-24 22:45:00+00:00;0.371;;
810510;unknown;control;2024-02-24 23:00:00+00:00;0.073;;
810510;unknown;control;2024-02-24 23:15:00+00:00;0.384;;
810510;unknown;control;2024-02-24 23:30:00+00:00;0.362;;
810510;unknown;control;2024-02-24 23:45:00+00:00;0.071;;
810510;unknown;control;2024-02-25 00:00:00+00:00;0.316;;
810510;unknown;control;2024-02-25 00:15:00+00:00;0.433;;
810510;unknown;control;2024-02-25 00:30:00+00:00;0.064;;
810510;unknown;control;2024-02-25 00:45:00+00:00;0.238;;
810510;unknown;control;2024-02-25 01:00:00+00:00;0.565;;
810510;unknown;control;2024-02-25 01:15:00+00:00;0.053;;
810510;unknown;control;2024-02-25 01:30:00+00:00;0.138;;
810510;unknown;control;2024-02-25 01:45:00+00:00;0.66;;
810510;unknown;control;2024-02-25 02:00:00+00:00;0.075;;
810510;unknown;control;2024-02-25 02:15:00+00:00;0.08;;
810510;unknown;control;2024-02-25 02:30:00+00:00;0.581;;
810510;unknown;control;2024-02-25 02:45:00+00:00;0.225;;
810510;unknown;control;2024-02-25 03:00:00+00:00;0.081;;
810510;unknown;control;2024-02-25 03:15:00+00:00;0.419;;
810510;unknown;control;2024-02-25 03:30:00+00:00;0.406;;
810510;unknown;control;2024-02-25 03:45:00+00:00;0.094;;
810510;unknown;control;2024-02-25 04:00:00+00:00;0.263;;
810510;unknown;control;2024-02-25 04:15:00+00:00;0.592;;
810510;unknown;control;2024-02-25 04:30:00+00:00;0.085;;
810510;unknown;control;2024-02-25 04:45:00+00:00;0.08;;
810510;unknown;control;2024-02-25 05:00:00+00:00;0.636;;
810510;unknown;control;2024-02-25 05:15:00+00:00;0.232;;
810510;unknown;control;2024-02-25 05:30:00+00:00;0.081;;
810510;unknown;control;2024-02-25 05:45:00+00:00;0.435;;
810510;unknown;control;2024-02-25 06:00:00+00:00;0.485;;
810510;unknown;control;2024-02-25 06:15:00+00:00;0.085;;
810510;unknown;control;2024-02-25 06:30:00+00:00;0.195;;
810510;unknown;control;2024-02-25 06:45:00+00:00;0.656;;
810510;unknown;control;2024-02-25 07:00:00+00:00;0.046;;
810510;unknown;control;2024-02-25 07:15:00+00:00;0.0;;
810510;unknown;control;2024-02-25 07:30:00+00:00;0.265;;
810510;unknown;control;2024-02-25 07:45:00+00:00;0.088;;
810510;unknown;control;2024-02-25 08:00:00+00:00;0.0;;
810510;unknown;control;2024-02-25 08:15:00+00:00;0.167;;
810510;unknown;control;2024-02-25 08:30:00+00:00;0.137;;
810510;unknown;control;2024-02-25 08:45:00+00:00;0.007;;
810510;unknown;control;2024-02-25 09:00:00+00:00;0.117;;
810510;unknown;control;2024-02-25 09:15:00+00:00;0.175;;
810510;unknown;control;2024-02-25 09:30:00+00:00;0.0;;
810510;unknown;control;2024-02-25 09:45:00+00:00;0.001;;
810510;unknown;control;2024-02-25 10:00:00+00:00;0.105;;
810510;unknown;control;2024-02-25 10:15:00+00:00;0.001;;
810510;unknown;control;2024-02-25 10:30:00+00:00;0.005;;
810510;unknown;control;2024-02-25 10:45:00+00:00;0.0;;
810510;unknown;control;2024-02-25 11:00:00+00:00;0.0;;
810510;unknown;control;2024-02-25 11:15:00+00:00;0.0;;
810510;unknown;control;2024-02-25 11:30:00+00:00;0.0;;
810510;unknown;control;2024-02-25 11:45:00+00:00;0.0;;
810510;unknown;control;2024-02-25 12:00:00+00:00;0.0;;
810510;unknown;control;2024-02-25 12:15:00+00:00;0.0;;
810510;unknown;control;2024-02-25 12:30:00+00:00;0.0;;
810510;unknown;control;2024-02-25 12:45:00+00:00;0.0;;
810510;unknown;control;2024-02-25 13:00:00+00:00;0.0;;
810510;unknown;control;2024-02-25 13:15:00+00:00;0.0;;
810510;unknown;control;2024-02-25 13:30:00+00:00;0.001;;
810510;unknown;control;2024-02-25 13:45:00+00:00;0.0;;
810510;unknown;control;2024-02-25 14:00:00+00:00;0.0;;
810510;unknown;control;2024-02-25 14:15:00+00:00;0.0;;
810510;unknown;control;2024-02-25 14:30:00+00:00;0.0;;
810510;unknown;control;2024-02-25 14:45:00+00:00;0.013;;
810510;unknown;control;2024-02-25 15:00:00+00:00;0.022;;
810510;unknown;control;2024-02-25 15:15:00+00:00;0.0;;
810510;unknown;control;2024-02-25 15:30:00+00:00;0.131;;
810510;unknown;control;2024-02-25 15:45:00+00:00;0.0;;
810510;unknown;control;2024-02-25 16:00:00+00:00;0.0;;
810510;unknown;control;2024-02-25 16:15:00+00:00;0.173;;
810510;unknown;control;2024-02-25 16:30:00+00:00;0.003;;
810510;unknown;control;2024-02-25 16:45:00+00:00;0.12;;
810510;unknown;control;2024-02-25 17:00:00+00:00;0.173;;
810510;unknown;control;2024-02-25 17:15:00+00:00;0.007;;
810510;unknown;control;2024-02-25 17:30:00+00:00;0.269;;
810510;unknown;control;2024-02-25 17:45:00+00:00;0.04;;
810510;unknown;control;2024-02-25 18:00:00+00:00;0.004;;
810510;unknown;control;2024-02-25 18:15:00+00:00;0.306;;
810510;unknown;control;2024-02-25 18:30:00+00:00;0.003;;
810510;unknown;control;2024-02-25 18:45:00+00:00;0.029;;
810510;unknown;control;2024-02-25 19:00:00+00:00;0.317;;
810510;unknown;control;2024-02-25 19:15:00+00:00;0.003;;
810510;unknown;control;2024-02-25 19:30:00+00:00;0.124;;
810510;unknown;control;2024-02-25 19:45:00+00:00;0.239;;
810510;unknown;control;2024-02-25 20:00:00+00:00;0.003;;
810510;unknown;control;2024-02-25 20:15:00+00:00;0.281;;
810510;unknown;control;2024-02-25 20:30:00+00:00;0.51;;
810510;unknown;control;2024-02-25 20:45:00+00:00;0.105;;
810510;unknown;control;2024-02-25 21:00:00+00:00;0.298;;
810510;unknown;control;2024-02-25 21:15:00+00:00;0.464;;
810510;unknown;control;2024-02-25 21:30:00+00:00;0.091;;
810510;unknown;control;2024-02-25 21:45:00+00:00;0.233;;
810510;unknown;control;2024-02-25 22:00:00+00:00;0.469;;
810510;unknown;control;2024-02-25 22:15:00+00:00;0.09;;
810510;unknown;control;2024-02-25 22:30:00+00:00;0.204;;
810510;unknown;control;2024-02-25 22:45:00+00:00;0.494;;
810510;unknown;control;2024-02-25 23:00:00+00:00;0.102;;
810510;unknown;control;2024-02-25 23:15:00+00:00;0.183;;
810510;unknown;control;2024-02-25 23:30:00+00:00;0.496;;
810510;unknown;control;2024-02-25 23:45:00+00:00;0.09;;
810510;unknown;control;2024-02-26 00:00:00+00:00;0.147;;
810510;unknown;control;2024-02-26 00:15:00+00:00;0.499;;
810510;unknown;control;2024-02-26 00:30:00+00:00;0.074;;
810510;unknown;control;2024-02-26 00:45:00+00:00;0.134;;
810510;unknown;control;2024-02-26 01:00:00+00:00;0.533;;
810510;unknown;control;2024-02-26 01:15:00+00:00;0.071;;
810510;unknown;control;2024-02-26 01:30:00+00:00;0.102;;
810510;unknown;control;2024-02-26 01:45:00+00:00;0.551;;
810510;unknown;control;2024-02-26 02:00:00+00:00;0.068;;
810510;unknown;control;2024-02-26 02:15:00+00:00;0.079;;
810510;unknown;control;2024-02-26 02:30:00+00:00;0.579;;
810510;unknown;control;2024-02-26 02:45:00+00:00;0.076;;
810510;unknown;control;2024-02-26 03:00:00+00:00;0.078;;
810510;unknown;control;2024-02-26 03:15:00+00:00;0.587;;
810510;unknown;control;2024-02-26 03:30:00+00:00;0.06;;
810510;unknown;control;2024-02-26 03:45:00+00:00;0.071;;
810510;unknown;control;2024-02-26 04:00:00+00:00;0.593;;
810510;unknown;control;2024-02-26 04:15:00+00:00;0.057;;
810510;unknown;control;2024-02-26 04:30:00+00:00;0.072;;
810510;unknown;control;2024-02-26 04:45:00+00:00;0.602;;
810510;unknown;control;2024-02-26 05:00:00+00:00;0.064;;
810510;unknown;control;2024-02-26 05:15:00+00:00;0.073;;
810510;unknown;control;2024-02-26 05:30:00+00:00;0.569;;
810510;unknown;control;2024-02-26 05:45:00+00:00;0.085;;
810510;unknown;control;2024-02-26 06:00:00+00:00;0.08;;
810510;unknown;control;2024-02-26 06:15:00+00:00;0.562;;
810510;unknown;control;2024-02-26 06:30:00+00:00;0.106;;
810510;unknown;control;2024-02-26 06:45:00+00:00;0.027;;
810510;unknown;control;2024-02-26 07:00:00+00:00;0.478;;
810510;unknown;control;2024-02-26 07:15:00+00:00;0.083;;
810510;unknown;control;2024-02-26 07:30:00+00:00;0.0;;
810510;unknown;control;2024-02-26 07:45:00+00:00;0.24;;
810510;unknown;control;2024-02-26 08:00:00+00:00;0.032;;
810510;unknown;control;2024-02-26 08:15:00+00:00;0.0;;
810510;unknown;control;2024-02-26 08:30:00+00:00;0.167;;
810510;unknown;control;2024-02-26 08:45:00+00:00;0.021;;
810510;unknown;control;2024-02-26 09:00:00+00:00;0.0;;
810510;unknown;control;2024-02-26 09:15:00+00:00;0.232;;
810510;unknown;control;2024-02-26 09:30:00+00:00;0.0;;
810510;unknown;control;2024-02-26 09:45:00+00:00;0.074;;
810510;unknown;control;2024-02-26 10:00:00+00:00;0.139;;
810510;unknown;control;2024-02-26 10:15:00+00:00;0.0;;
810510;unknown;control;2024-02-26 10:30:00+00:00;0.2;;
810510;unknown;control;2024-02-26 10:45:00+00:00;0.057;;
810510;unknown;control;2024-02-26 11:00:00+00:00;0.0;;
810510;unknown;control;2024-02-26 11:15:00+00:00;0.09;;
810510;unknown;control;2024-02-26 11:30:00+00:00;0.0;;
810510;unknown;control;2024-02-26 11:45:00+00:00;0.001;;
810510;unknown;control;2024-02-26 12:00:00+00:00;0.096;;
810510;unknown;control;2024-02-26 12:15:00+00:00;0.0;;
810510;unknown;control;2024-02-26 12:30:00+00:00;0.002;;
810510;unknown;control;2024-02-26 12:45:00+00:00;0.011;;
810510;unknown;control;2024-02-26 13:00:00+00:00;0.0;;
810510;unknown;control;2024-02-26 13:15:00+00:00;0.115;;
810510;unknown;control;2024-02-26 13:30:00+00:00;0.011;;
810510;unknown;control;2024-02-26 13:45:00+00:00;0.0;;
810510;unknown;control;2024-02-26 14:00:00+00:00;0.475;;
810510;unknown;control;2024-02-26 14:15:00+00:00;0.086;;
810510;unknown;control;2024-02-26 14:30:00+00:00;0.002;;
810510;unknown;control;2024-02-26 14:45:00+00:00;0.289;;
810510;unknown;control;2024-02-26 15:00:00+00:00;0.014;;
810510;unknown;control;2024-02-26 15:15:00+00:00;0.001;;
810510;unknown;control;2024-02-26 15:30:00+00:00;0.265;;
810510;unknown;control;2024-02-26 15:45:00+00:00;0.047;;
810510;unknown;control;2024-02-26 16:00:00+00:00;0.171;;
810510;unknown;control;2024-02-26 16:15:00+00:00;0.299;;
810510;unknown;control;2024-02-26 16:30:00+00:00;0.11;;
810510;unknown;control;2024-02-26 16:45:00+00:00;0.338;;
810510;unknown;control;2024-02-26 17:00:00+00:00;0.155;;
810510;unknown;control;2024-02-26 17:15:00+00:00;0.086;;
810510;unknown;control;2024-02-26 17:30:00+00:00;0.403;;
810510;unknown;control;2024-02-26 17:45:00+00:00;0.071;;
810510;unknown;control;2024-02-26 18:00:00+00:00;0.096;;
810510;unknown;control;2024-02-26 18:15:00+00:00;0.418;;
810510;unknown;control;2024-02-26 18:30:00+00:00;0.087;;
810510;unknown;control;2024-02-26 18:45:00+00:00;0.19;;
810510;unknown;control;2024-02-26 19:00:00+00:00;0.312;;
810510;unknown;control;2024-02-26 19:15:00+00:00;0.079;;
810510;unknown;control;2024-02-26 19:30:00+00:00;0.298;;
810510;unknown;control;2024-02-26 19:45:00+00:00;0.244;;
810510;unknown;control;2024-02-26 20:00:00+00:00;0.097;;
810510;unknown;control;2024-02-26 20:15:00+00:00;0.41;;
810510;unknown;control;2024-02-26 20:30:00+00:00;0.212;;
810510;unknown;control;2024-02-26 20:45:00+00:00;0.084;;
810510;unknown;control;2024-02-26 21:00:00+00:00;0.453;;
810510;unknown;control;2024-02-26 21:15:00+00:00;0.2;;
810510;unknown;control;2024-02-26 21:30:00+00:00;0.092;;
810510;unknown;control;2024-02-26 21:45:00+00:00;0.493;;
810510;unknown;control;2024-02-26 22:00:00+00:00;0.205;;
810510;unknown;control;2024-02-26 22:15:00+00:00;0.092;;
810510;unknown;control;2024-02-26 22:30:00+00:00;0.491;;
810510;unknown;control;2024-02-26 22:45:00+00:00;0.191;;
810510;unknown;control;2024-02-26 23:00:00+00:00;0.072;;
810510;unknown;control;2024-02-26 23:15:00+00:00;0.475;;
810510;unknown;control;2024-02-26 23:30:00+00:00;0.166;;
810510;unknown;control;2024-02-26 23:45:00+00:00;0.066;;
810510;unknown;control;2024-02-27 00:00:00+00:00;0.485;;
810510;unknown;control;2024-02-27 00:15:00+00:00;0.161;;
810510;unknown;control;2024-02-27 00:30:00+00:00;0.057;;
810510;unknown;control;2024-02-27 00:45:00+00:00;0.482;;
810510;unknown;control;2024-02-27 01:00:00+00:00;0.157;;
810510;unknown;control;2024-02-27 01:15:00+00:00;0.064;;
810510;unknown;control;2024-02-27 01:30:00+00:00;0.482;;
810510;unknown;control;2024-02-27 01:45:00+00:00;0.164;;
810510;unknown;control;2024-02-27 02:00:00+00:00;0.077;;
810510;unknown;control;2024-02-27 02:15:00+00:00;0.48;;
810510;unknown;control;2024-02-27 02:30:00+00:00;0.153;;
810510;unknown;control;2024-02-27 02:45:00+00:00;0.082;;
810510;unknown;control;2024-02-27 03:00:00+00:00;0.481;;
810510;unknown;control;2024-02-27 03:15:00+00:00;0.162;;
810510;unknown;control;2024-02-27 03:30:00+00:00;0.081;;
810510;unknown;control;2024-02-27 03:45:00+00:00;0.48;;
810510;unknown;control;2024-02-27 04:00:00+00:00;0.171;;
810510;unknown;control;2024-02-27 04:15:00+00:00;0.072;;
810510;unknown;control;2024-02-27 04:30:00+00:00;0.461;;
810510;unknown;control;2024-02-27 04:45:00+00:00;0.173;;
810510;unknown;control;2024-02-27 05:00:00+00:00;0.072;;
810510;unknown;control;2024-02-27 05:15:00+00:00;0.455;;
810510;unknown;control;2024-02-27 05:30:00+00:00;0.184;;
810510;unknown;control;2024-02-27 05:45:00+00:00;0.076;;
810510;unknown;control;2024-02-27 06:00:00+00:00;0.478;;
810510;unknown;control;2024-02-27 06:15:00+00:00;0.194;;
810510;unknown;control;2024-02-27 06:30:00+00:00;0.068;;
810510;unknown;control;2024-02-27 06:45:00+00:00;0.443;;
810510;unknown;control;2024-02-27 07:00:00+00:00;0.187;;
810510;unknown;control;2024-02-27 07:15:00+00:00;0.034;;
810510;unknown;control;2024-02-27 07:30:00+00:00;0.417;;
810510;unknown;control;2024-02-27 07:45:00+00:00;0.198;;
810510;unknown;control;2024-02-27 08:00:00+00:00;0.026;;
810510;unknown;control;2024-02-27 08:15:00+00:00;0.441;;
810510;unknown;control;2024-02-27 08:30:00+00:00;0.245;;
810510;unknown;control;2024-02-27 08:45:00+00:00;0.0;;
810510;unknown;control;2024-02-27 09:00:00+00:00;0.199;;
810510;unknown;control;2024-02-27 09:15:00+00:00;0.151;;
810510;unknown;control;2024-02-27 09:30:00+00:00;0.0;;
810510;unknown;control;2024-02-27 09:45:00+00:00;0.156;;
810510;unknown;control;2024-02-27 10:00:00+00:00;0.155;;
810510;unknown;control;2024-02-27 10:15:00+00:00;0.0;;
810510;unknown;control;2024-02-27 10:30:00+00:00;0.128;;
810510;unknown;control;2024-02-27 10:45:00+00:00;0.16;;
810510;unknown;control;2024-02-27 11:00:00+00:00;0.0;;
810510;unknown;control;2024-02-27 11:15:00+00:00;0.085;;
810510;unknown;control;2024-02-27 11:30:00+00:00;0.115;;
810510;unknown;control;2024-02-27 11:45:00+00:00;0.0;;
810510;unknown;control;2024-02-27 12:00:00+00:00;0.06;;
810510;unknown;control;2024-02-27 12:15:00+00:00;0.062;;
810510;unknown;control;2024-02-27 12:30:00+00:00;0.0;;
810510;unknown;control;2024-02-27 12:45:00+00:00;0.008;;
810510;unknown;control;2024-02-27 13:00:00+00:00;0.037;;
810510;unknown;control;2024-02-27 13:15:00+00:00;0.0;;
810510;unknown;control;2024-02-27 13:30:00+00:00;0.013;;
810510;unknown;control;2024-02-27 13:45:00+00:00;0.013;;
810510;unknown;control;2024-02-27 14:00:00+00:00;0.0;;
810510;unknown;control;2024-02-27 14:15:00+00:00;0.056;;
810510;unknown;control;2024-02-27 14:30:00+00:00;0.0;;
810510;unknown;control;2024-02-27 14:45:00+00:00;0.003;;
810510;unknown;control;2024-02-27 15:00:00+00:00;0.142;;
810510;unknown;control;2024-02-27 15:15:00+00:00;0.0;;
810510;unknown;control;2024-02-27 15:30:00+00:00;0.099;;
810510;unknown;control;2024-02-27 15:45:00+00:00;0.203;;
810510;unknown;control;2024-02-27 16:00:00+00:00;0.003;;
810510;unknown;control;2024-02-27 16:15:00+00:00;0.205;;
810510;unknown;control;2024-02-27 16:30:00+00:00;0.094;;
810510;unknown;control;2024-02-27 16:45:00+00:00;0.003;;
810510;unknown;control;2024-02-27 17:00:00+00:00;0.339;;
810510;unknown;control;2024-02-27 17:15:00+00:00;0.006;;
810510;unknown;control;2024-02-27 17:30:00+00:00;0.003;;
810510;unknown;control;2024-02-27 17:45:00+00:00;0.441;;
810510;unknown;control;2024-02-27 18:00:00+00:00;0.081;;
810510;unknown;control;2024-02-27 18:15:00+00:00;0.13;;
810510;unknown;control;2024-02-27 18:30:00+00:00;0.424;;
810510;unknown;control;2024-02-27 18:45:00+00:00;0.076;;
810510;unknown;control;2024-02-27 19:00:00+00:00;0.227;;
810510;unknown;control;2024-02-27 19:15:00+00:00;0.336;;
810510;unknown;control;2024-02-27 19:30:00+00:00;0.082;;
810510;unknown;control;2024-02-27 19:45:00+00:00;0.336;;
810510;unknown;control;2024-02-27 20:00:00+00:00;0.243;;
810510;unknown;control;2024-02-27 20:15:00+00:00;0.074;;
810510;unknown;control;2024-02-27 20:30:00+00:00;0.422;;
810510;unknown;control;2024-02-27 20:45:00+00:00;0.154;;
810510;unknown;control;2024-02-27 21:00:00+00:00;0.093;;
810510;unknown;control;2024-02-27 21:15:00+00:00;0.533;;
810510;unknown;control;2024-02-27 21:30:00+00:00;0.097;;
810510;unknown;control;2024-02-27 21:45:00+00:00;0.097;;
810510;unknown;control;2024-02-27 22:00:00+00:00;0.512;;
810510;unknown;control;2024-02-27 22:15:00+00:00;0.084;;
810510;unknown;control;2024-02-27 22:30:00+00:00;0.113;;
810510;unknown;control;2024-02-27 22:45:00+00:00;0.515;;
810510;unknown;control;2024-02-27 23:00:00+00:00;0.097;;
810510;unknown;control;2024-02-27 23:15:00+00:00;0.174;;
810510;unknown;control;2024-02-27 23:30:00+00:00;0.459;;
810510;unknown;control;2024-02-27 23:45:00+00:00;0.09;;
